dataset_a,label_a_id,label_a_name,dataset_b,label_b_id,label_b_name,score_a_to_b,score_b_to_a,relation_score,pass_threshold
MNIST,0,0,EMNIST,0,0,0.7743554711341858,0.48235780000686646,0.6283566355705261,True
MNIST,0,0,EMNIST,1,1,0.0028983724769204855,1.1570142305572517e-05,0.001454971309613029,False
MNIST,0,0,EMNIST,2,2,0.11361317336559296,0.007477355655282736,0.060545264510437846,False
MNIST,0,0,EMNIST,3,3,0.049178410321474075,0.00010869048128370196,0.02464355040137889,False
MNIST,0,0,EMNIST,4,4,0.04672417789697647,0.003897162852808833,0.025310670374892652,False
MNIST,0,0,EMNIST,5,5,0.027859335765242577,0.00022189416631590575,0.014040614965779241,False
MNIST,0,0,EMNIST,6,6,0.19542936980724335,0.0008996765245683491,0.09816452316590585,False
MNIST,0,0,EMNIST,7,7,0.025405023247003555,4.13437737734057e-05,0.01272318351038848,False
MNIST,0,0,EMNIST,8,8,0.13313394784927368,0.0004683053120970726,0.06680112658068538,False
MNIST,0,0,EMNIST,9,9,0.07304446399211884,0.0007477918989025056,0.03689612794551067,False
MNIST,0,0,EMNIST,10,A,0.1533987671136856,0.0005236086435616016,0.0769611878786236,False
MNIST,0,0,EMNIST,11,B,0.2204226553440094,0.0014839072246104479,0.11095328128430992,False
MNIST,0,0,EMNIST,12,C,0.35321012139320374,0.004219823982566595,0.17871497268788517,False
MNIST,0,0,EMNIST,13,D,0.6412898898124695,0.011725492775440216,0.32650769129395485,True
MNIST,0,0,EMNIST,14,E,0.10463432222604752,3.14127973979339e-05,0.052332867511722725,False
MNIST,0,0,EMNIST,15,F,0.02748752571642399,1.0639150787028484e-05,0.013749082433605508,False
MNIST,0,0,EMNIST,16,G,0.2840176224708557,0.0004035610763821751,0.14221059177361894,False
MNIST,0,0,EMNIST,17,H,0.11767377704381943,0.001567272818647325,0.059620524931233376,False
MNIST,0,0,EMNIST,18,I,0.005964644718915224,2.9549933969974518e-05,0.0029970973264425993,False
MNIST,0,0,EMNIST,19,J,0.042557504028081894,7.13788322173059e-05,0.0213144414301496,False
MNIST,0,0,EMNIST,20,K,0.2694324851036072,0.0005432736943475902,0.13498787939897738,False
MNIST,0,0,EMNIST,21,L,0.20064428448677063,0.0001143078989116475,0.10037929619284114,False
MNIST,0,0,EMNIST,22,M,0.08912234008312225,0.004790057428181171,0.04695619875565171,False
MNIST,0,0,EMNIST,23,N,0.2206844836473465,0.004779085051268339,0.11273178434930742,False
MNIST,0,0,EMNIST,24,O,0.7757418751716614,0.33058443665504456,0.553163155913353,True
MNIST,0,0,EMNIST,25,P,0.10335607826709747,6.439887511078268e-05,0.05171023857110413,False
MNIST,0,0,EMNIST,26,Q,0.3481701910495758,0.004880485124886036,0.17652533808723092,False
MNIST,0,0,EMNIST,27,R,0.22333049774169922,8.171811350621283e-05,0.11170610792760272,False
MNIST,0,0,EMNIST,28,S,0.0397283211350441,0.0001480439823353663,0.019938182558689732,False
MNIST,0,0,EMNIST,29,T,0.06216617301106453,4.078766323800664e-06,0.031085125888694165,False
MNIST,0,0,EMNIST,30,U,0.3020992577075958,0.04193001613020897,0.1720146369189024,False
MNIST,0,0,EMNIST,31,V,0.17565444111824036,0.0002819528162945062,0.08796819696726743,False
MNIST,0,0,EMNIST,32,W,0.2186150997877121,0.0008530955528840423,0.10973409767029807,False
MNIST,0,0,EMNIST,33,X,0.13160057365894318,0.0005628763465210795,0.06608172500273213,False
MNIST,0,0,EMNIST,34,Y,0.03477277234196663,4.8248490202240646e-05,0.017410510416084435,False
MNIST,0,0,EMNIST,35,Z,0.05162688344717026,1.8361397451371886e-05,0.025822622422310815,False
MNIST,0,0,EMNIST,36,a,0.2542937397956848,0.020688265562057495,0.13749100267887115,False
MNIST,0,0,EMNIST,37,b,0.10294492542743683,0.00030044966842979193,0.05162268754793331,False
MNIST,0,0,EMNIST,38,c,0.45970258116722107,0.0015642300713807344,0.2306334056193009,False
MNIST,0,0,EMNIST,39,d,0.1003635972738266,0.005850405432283878,0.05310700135305524,False
MNIST,0,0,EMNIST,40,e,0.20015683770179749,0.0007972221937961876,0.10047702994779684,False
MNIST,0,0,EMNIST,41,f,0.08783523738384247,4.729215561383171e-06,0.043919983299701926,False
MNIST,0,0,EMNIST,42,g,0.10742072016000748,0.0009470031363889575,0.05418386164819822,False
MNIST,0,0,EMNIST,43,h,0.08066464215517044,0.0008847519638948143,0.04077469705953263,False
MNIST,0,0,EMNIST,44,i,0.0025040055625140667,4.967992026649881e-06,0.0012544867772703583,False
MNIST,0,0,EMNIST,45,j,0.14096233248710632,6.0466729337349534e-05,0.07051139960822184,False
MNIST,0,0,EMNIST,46,k,0.13099262118339539,8.31087090773508e-05,0.06553786494623637,False
MNIST,0,0,EMNIST,47,l,0.00134054955560714,4.548491779132746e-05,0.0006930172366992338,False
MNIST,0,0,EMNIST,48,m,0.07461999356746674,0.0012992934789508581,0.0379596435232088,False
MNIST,0,0,EMNIST,49,n,0.341237872838974,0.004996253177523613,0.1731170630082488,False
MNIST,0,0,EMNIST,50,o,0.5669575929641724,0.04484008997678757,0.30589884147047997,True
MNIST,0,0,EMNIST,51,p,0.24997353553771973,0.00015357686788775027,0.12506355620280374,False
MNIST,0,0,EMNIST,52,q,0.06853902339935303,0.001461458276025951,0.03500024083768949,False
MNIST,0,0,EMNIST,53,r,0.16892023384571075,0.00032862683292478323,0.08462443033931777,False
MNIST,0,0,EMNIST,54,s,0.029360491782426834,2.5749246560735628e-05,0.014693120514493785,False
MNIST,0,0,EMNIST,55,t,0.03835756704211235,3.451600787229836e-05,0.019196041524992324,False
MNIST,0,0,EMNIST,56,u,0.18445302546024323,0.005743770860135555,0.09509839816018939,False
MNIST,0,0,EMNIST,57,v,0.10405491292476654,0.0004323466564528644,0.0522436297906097,False
MNIST,0,0,EMNIST,58,w,0.19609060883522034,0.00266536814160645,0.0993779884884134,False
MNIST,0,0,EMNIST,59,x,0.1306000053882599,0.0003365665616001934,0.06546828597493004,False
MNIST,0,0,EMNIST,60,y,0.042123597115278244,0.0004365767817944288,0.021280086948536336,False
MNIST,0,0,EMNIST,61,z,0.0903363823890686,3.206302790204063e-05,0.04518422270848532,False
MNIST,1,1,EMNIST,0,0,0.0151097122579813,0.0017530700424686074,0.008431391150224954,False
MNIST,1,1,EMNIST,1,1,0.8744004368782043,0.3871345818042755,0.6307675093412399,True
MNIST,1,1,EMNIST,2,2,0.02557438053190708,0.000985767343081534,0.013280073937494308,False
MNIST,1,1,EMNIST,3,3,0.0016146628186106682,0.00020811634021811187,0.00091138957941439,False
MNIST,1,1,EMNIST,4,4,0.047275252640247345,0.0009450225043110549,0.0241101375722792,False
MNIST,1,1,EMNIST,5,5,0.003892152803018689,0.00909487809985876,0.006493515451438725,False
MNIST,1,1,EMNIST,6,6,0.12793555855751038,0.0008221020107157528,0.06437883028411306,False
MNIST,1,1,EMNIST,7,7,0.16288991272449493,0.014746132306754589,0.08881802251562476,False
MNIST,1,1,EMNIST,8,8,0.022773709148168564,0.00505872443318367,0.013916216790676117,False
MNIST,1,1,EMNIST,9,9,0.037946589291095734,0.0006694745970889926,0.019308031944092363,False
MNIST,1,1,EMNIST,10,A,0.05850483104586601,0.0003805802552960813,0.029442705650581047,False
MNIST,1,1,EMNIST,11,B,0.0037898689042776823,0.0005135104293003678,0.002151689666789025,False
MNIST,1,1,EMNIST,12,C,0.020001407712697983,0.0009671960724517703,0.010484301892574877,False
MNIST,1,1,EMNIST,13,D,0.021479330956935883,0.0012030188227072358,0.01134117488982156,False
MNIST,1,1,EMNIST,14,E,0.005759148392826319,0.001098752487450838,0.0034289504401385784,False
MNIST,1,1,EMNIST,15,F,0.016599198803305626,0.00362832541577518,0.010113762109540403,False
MNIST,1,1,EMNIST,16,G,0.004646996967494488,0.00016516838513780385,0.002406082676316146,False
MNIST,1,1,EMNIST,17,H,0.06778258085250854,8.386596891796216e-05,0.033933223410713254,False
MNIST,1,1,EMNIST,18,I,0.8695672750473022,0.19053466618061066,0.5300509706139565,True
MNIST,1,1,EMNIST,19,J,0.020498063415288925,0.004607861395925283,0.012552962405607104,False
MNIST,1,1,EMNIST,20,K,0.009688282385468483,0.0003862612647935748,0.005037271825131029,False
MNIST,1,1,EMNIST,21,L,0.1654282808303833,0.00226760795339942,0.08384794439189136,False
MNIST,1,1,EMNIST,22,M,0.10198605060577393,0.00023525422147940844,0.05111065241362667,False
MNIST,1,1,EMNIST,23,N,0.10144080966711044,0.0006408811314031482,0.051040845399256796,False
MNIST,1,1,EMNIST,24,O,0.015465369448065758,0.0017911635804921389,0.008628266514278948,False
MNIST,1,1,EMNIST,25,P,0.09357091784477234,0.002001670654863119,0.04778629424981773,False
MNIST,1,1,EMNIST,26,Q,0.0018043722957372665,0.0003727869188878685,0.0010885796073125675,False
MNIST,1,1,EMNIST,27,R,0.012018571607768536,0.0008676364086568356,0.006443104008212686,False
MNIST,1,1,EMNIST,28,S,0.003155705751851201,0.001399689121171832,0.0022776974365115166,False
MNIST,1,1,EMNIST,29,T,0.08270258456468582,0.0025295878294855356,0.04261608619708568,False
MNIST,1,1,EMNIST,30,U,0.06926445662975311,0.0009014603565447032,0.03508295849314891,False
MNIST,1,1,EMNIST,31,V,0.1941058188676834,0.0031094641890376806,0.09860764152836055,False
MNIST,1,1,EMNIST,32,W,0.06849805265665054,7.793826080160215e-05,0.03428799545872607,False
MNIST,1,1,EMNIST,33,X,0.11296186596155167,0.0007920909556560218,0.056876978458603844,False
MNIST,1,1,EMNIST,34,Y,0.2578136622905731,0.0029118857346475124,0.13036277401261032,False
MNIST,1,1,EMNIST,35,Z,0.003110016230493784,0.00018433570221532136,0.0016471759663545527,False
MNIST,1,1,EMNIST,36,a,0.008168132044374943,0.00019421306205913424,0.0041811725532170385,False
MNIST,1,1,EMNIST,37,b,0.057038117200136185,0.0005137322586961091,0.028775924729416147,False
MNIST,1,1,EMNIST,38,c,0.009543917141854763,0.00018063609604723752,0.004862276618951,False
MNIST,1,1,EMNIST,39,d,0.05182529613375664,0.00023818970657885075,0.026031742920167744,False
MNIST,1,1,EMNIST,40,e,0.003208200680091977,0.000350694521330297,0.001779447600711137,False
MNIST,1,1,EMNIST,41,f,0.1053730845451355,0.002005265560001135,0.053689175052568316,False
MNIST,1,1,EMNIST,42,g,0.012685254216194153,0.0003422019653953612,0.006513728090794757,False
MNIST,1,1,EMNIST,43,h,0.12058298289775848,0.002158531453460455,0.06137075717560947,False
MNIST,1,1,EMNIST,44,i,0.875016987323761,0.07575680315494537,0.4753868952393532,True
MNIST,1,1,EMNIST,45,j,0.2462235689163208,0.00493619404733181,0.1255798814818263,False
MNIST,1,1,EMNIST,46,k,0.061628829687833786,0.0002990709035657346,0.03096395029569976,False
MNIST,1,1,EMNIST,47,l,0.9068724513053894,0.22618727385997772,0.5665298625826836,True
MNIST,1,1,EMNIST,48,m,0.032461363822221756,8.245831850217655e-05,0.016271911070361966,False
MNIST,1,1,EMNIST,49,n,0.08329907059669495,0.0010294747771695256,0.042164272686932236,False
MNIST,1,1,EMNIST,50,o,0.0504186749458313,0.0005806508706882596,0.02549966290825978,False
MNIST,1,1,EMNIST,51,p,0.04764509201049805,0.0008427003631368279,0.024243896186817437,False
MNIST,1,1,EMNIST,52,q,0.08058355003595352,0.0005699143512174487,0.040576732193585485,False
MNIST,1,1,EMNIST,53,r,0.12869083881378174,0.01213033776730299,0.07041058829054236,False
MNIST,1,1,EMNIST,54,s,0.006304322741925716,0.0001999111846089363,0.0032521169632673264,False
MNIST,1,1,EMNIST,55,t,0.11303563416004181,0.022042270749807358,0.06753895245492458,False
MNIST,1,1,EMNIST,56,u,0.06257329881191254,8.27206313260831e-05,0.03132800972161931,False
MNIST,1,1,EMNIST,57,v,0.17451629042625427,0.001685701310634613,0.08810099586844444,False
MNIST,1,1,EMNIST,58,w,0.01940949447453022,2.8959280825802125e-05,0.009719226877678011,False
MNIST,1,1,EMNIST,59,x,0.13845407962799072,0.0008612641249783337,0.06965767187648453,False
MNIST,1,1,EMNIST,60,y,0.2709622383117676,0.0011858692159876227,0.1360740537638776,False
MNIST,1,1,EMNIST,61,z,0.003681539325043559,0.0004444415681064129,0.002062990446574986,False
MNIST,2,2,EMNIST,0,0,0.031228482723236084,0.0007119009387679398,0.015970191831002012,False
MNIST,2,2,EMNIST,1,1,0.01933315582573414,0.00035331345861777663,0.009843234642175958,False
MNIST,2,2,EMNIST,2,2,0.5725387334823608,0.8212212324142456,0.6968799829483032,True
MNIST,2,2,EMNIST,3,3,0.13202720880508423,0.034846581518650055,0.08343689516186714,False
MNIST,2,2,EMNIST,4,4,0.04293936491012573,0.01613052748143673,0.02953494619578123,False
MNIST,2,2,EMNIST,5,5,0.09783966839313507,0.0026452706661075354,0.0502424695296213,False
MNIST,2,2,EMNIST,6,6,0.024747950956225395,0.0011198193533346057,0.01293388515478,False
MNIST,2,2,EMNIST,7,7,0.1548641324043274,0.0010550108272582293,0.07795957161579281,False
MNIST,2,2,EMNIST,8,8,0.09247459471225739,0.0009415048407390714,0.04670804977649823,False
MNIST,2,2,EMNIST,9,9,0.04190390184521675,0.00038176687667146325,0.021142834360944107,False
MNIST,2,2,EMNIST,10,A,0.07131137698888779,0.0008831306477077305,0.03609725381829776,False
MNIST,2,2,EMNIST,11,B,0.15313294529914856,0.00017941553960554302,0.07665618041937705,False
MNIST,2,2,EMNIST,12,C,0.26056259870529175,0.0050537483766674995,0.13280817354097962,False
MNIST,2,2,EMNIST,13,D,0.08367747068405151,0.0013976289192214608,0.04253754980163649,False
MNIST,2,2,EMNIST,14,E,0.14765019714832306,0.00028466960065998137,0.07396743337449152,False
MNIST,2,2,EMNIST,15,F,0.1202431321144104,0.0014726140070706606,0.06085787306074053,False
MNIST,2,2,EMNIST,16,G,0.15246541798114777,0.00046412396477535367,0.07646477097296156,False
MNIST,2,2,EMNIST,17,H,0.020775245502591133,0.0010523590026423335,0.010913802252616733,False
MNIST,2,2,EMNIST,18,I,0.01833409257233143,0.0023437393829226494,0.010338915977627039,False
MNIST,2,2,EMNIST,19,J,0.1716025173664093,0.0024233057629317045,0.0870129115646705,False
MNIST,2,2,EMNIST,20,K,0.14660081267356873,0.0005178259452804923,0.07355931930942461,False
MNIST,2,2,EMNIST,21,L,0.11681486666202545,0.004758601542562246,0.06078673410229385,False
MNIST,2,2,EMNIST,22,M,0.027719328179955482,0.007013785187155008,0.017366556683555245,False
MNIST,2,2,EMNIST,23,N,0.02436229959130287,0.0009235214674845338,0.012642910529393703,False
MNIST,2,2,EMNIST,24,O,0.034062907099723816,0.00044136852375231683,0.017252137811738066,False
MNIST,2,2,EMNIST,25,P,0.0667315125465393,0.0006599700427614152,0.03369574129465036,False
MNIST,2,2,EMNIST,26,Q,0.2650185227394104,0.000502822978887707,0.13276067285914905,False
MNIST,2,2,EMNIST,27,R,0.24307353794574738,0.0003849471395369619,0.12172924254264217,False
MNIST,2,2,EMNIST,28,S,0.18872608244419098,0.0006606914103031158,0.09469338692724705,False
MNIST,2,2,EMNIST,29,T,0.0905119851231575,0.0006873178645037115,0.045599651493830606,False
MNIST,2,2,EMNIST,30,U,0.09020186960697174,0.004342225380241871,0.047272047493606806,False
MNIST,2,2,EMNIST,31,V,0.07037234306335449,2.5179917429341003e-05,0.03519876149039192,False
MNIST,2,2,EMNIST,32,W,0.17893880605697632,0.0003049744700547308,0.08962189026351552,False
MNIST,2,2,EMNIST,33,X,0.09246647357940674,0.0003487297799438238,0.04640760167967528,False
MNIST,2,2,EMNIST,34,Y,0.05463926121592522,0.00015050228103064,0.02739488174847793,False
MNIST,2,2,EMNIST,35,Z,0.5177909135818481,0.01672317273914814,0.26725704316049814,False
MNIST,2,2,EMNIST,36,a,0.15444080531597137,0.017897408455610275,0.08616910688579082,False
MNIST,2,2,EMNIST,37,b,0.11646274477243423,0.0004019301850348711,0.05843233747873455,False
MNIST,2,2,EMNIST,38,c,0.1948433220386505,0.000972412177361548,0.09790786710800603,False
MNIST,2,2,EMNIST,39,d,0.17403686046600342,0.0035596913658082485,0.08879827591590583,False
MNIST,2,2,EMNIST,40,e,0.19665639102458954,0.0007921241922304034,0.09872425760840997,False
MNIST,2,2,EMNIST,41,f,0.07201431691646576,0.00046531864791177213,0.036239817782188766,False
MNIST,2,2,EMNIST,42,g,0.08604125678539276,0.0008962752181105316,0.043468766001751646,False
MNIST,2,2,EMNIST,43,h,0.036576997488737106,0.0012000660644844174,0.018888531776610762,False
MNIST,2,2,EMNIST,44,i,0.019705619663000107,0.0009660717332735658,0.010335845698136836,False
MNIST,2,2,EMNIST,45,j,0.11700665950775146,0.0007108631543815136,0.05885876133106649,False
MNIST,2,2,EMNIST,46,k,0.06419084221124649,0.00023387058172374964,0.03221235639648512,False
MNIST,2,2,EMNIST,47,l,0.014012344181537628,0.0004073402378708124,0.00720984220970422,False
MNIST,2,2,EMNIST,48,m,0.02186046913266182,0.0017888897564262152,0.011824679444544017,False
MNIST,2,2,EMNIST,49,n,0.04039786383509636,0.0004981257952749729,0.020447994815185666,False
MNIST,2,2,EMNIST,50,o,0.05396158620715141,0.00011344319500494748,0.02703751470107818,False
MNIST,2,2,EMNIST,51,p,0.10161523520946503,0.00016414333367720246,0.050889689271571115,False
MNIST,2,2,EMNIST,52,q,0.07727926224470139,0.0006827819743193686,0.03898102210951038,False
MNIST,2,2,EMNIST,53,r,0.04373650252819061,0.00029712505056522787,0.02201681378937792,False
MNIST,2,2,EMNIST,54,s,0.1327604204416275,0.0002465840079821646,0.06650350222480483,False
MNIST,2,2,EMNIST,55,t,0.058682192116975784,0.007001010235399008,0.032841601176187396,False
MNIST,2,2,EMNIST,56,u,0.15321649610996246,0.0012674139579758048,0.07724195503396913,False
MNIST,2,2,EMNIST,57,v,0.05851113796234131,1.5757515939185396e-05,0.029263447739140247,False
MNIST,2,2,EMNIST,58,w,0.07047294080257416,0.002692794892936945,0.03658286784775555,False
MNIST,2,2,EMNIST,59,x,0.11052600294351578,0.00040016829734668136,0.05546308562043123,False
MNIST,2,2,EMNIST,60,y,0.03925320506095886,0.0002799132780637592,0.01976655916951131,False
MNIST,2,2,EMNIST,61,z,0.46041280031204224,0.02264118753373623,0.24152699392288923,False
MNIST,3,3,EMNIST,0,0,0.012471342459321022,0.00040399079443886876,0.006437666626879945,False
MNIST,3,3,EMNIST,1,1,0.014419140294194221,0.0006020146538503468,0.007510577474022284,False
MNIST,3,3,EMNIST,2,2,0.04840962216258049,0.05127305909991264,0.04984134063124657,False
MNIST,3,3,EMNIST,3,3,0.5883090496063232,0.8111397624015808,0.699724406003952,True
MNIST,3,3,EMNIST,4,4,0.019724268466234207,0.0033392254263162613,0.011531746946275234,False
MNIST,3,3,EMNIST,5,5,0.17921018600463867,0.011951583437621593,0.09558088472113013,False
MNIST,3,3,EMNIST,6,6,0.005773198790848255,0.00032511926838196814,0.0030491590296151116,False
MNIST,3,3,EMNIST,7,7,0.04370030388236046,0.005852610804140568,0.024776457343250513,False
MNIST,3,3,EMNIST,8,8,0.09346769750118256,0.004540782421827316,0.049004239961504936,False
MNIST,3,3,EMNIST,9,9,0.03294514864683151,0.002390383742749691,0.0176677661947906,False
MNIST,3,3,EMNIST,10,A,0.0295947827398777,0.00020854335161857307,0.014901663045748137,False
MNIST,3,3,EMNIST,11,B,0.11369423568248749,0.004697855561971664,0.059196045622229576,False
MNIST,3,3,EMNIST,12,C,0.027594730257987976,0.0025495346635580063,0.015072132460772991,False
MNIST,3,3,EMNIST,13,D,0.03525477647781372,0.002049913164228201,0.01865234482102096,False
MNIST,3,3,EMNIST,14,E,0.05745657533407211,0.0003445251495577395,0.028900550241814926,False
MNIST,3,3,EMNIST,15,F,0.05443087965250015,0.0022514252923429012,0.028341152472421527,False
MNIST,3,3,EMNIST,16,G,0.026354599744081497,0.0008497099624946713,0.013602154853288084,False
MNIST,3,3,EMNIST,17,H,0.009663568809628487,5.396932829171419e-05,0.0048587690689601,False
MNIST,3,3,EMNIST,18,I,0.012617376632988453,0.0009481225279159844,0.006782749580452219,False
MNIST,3,3,EMNIST,19,J,0.2510092258453369,0.011041991412639618,0.13102560862898827,False
MNIST,3,3,EMNIST,20,K,0.018780896440148354,9.872447844827548e-05,0.009439810459298315,False
MNIST,3,3,EMNIST,21,L,0.018112991005182266,0.0015329474117606878,0.009822969208471477,False
MNIST,3,3,EMNIST,22,M,0.01484567392617464,0.0015833927318453789,0.00821453332901001,False
MNIST,3,3,EMNIST,23,N,0.008145540952682495,0.0001660128909861669,0.004155776921834331,False
MNIST,3,3,EMNIST,24,O,0.00959410984069109,0.0004103353712707758,0.005002222605980933,False
MNIST,3,3,EMNIST,25,P,0.03185517340898514,0.0014335049781948328,0.016644339193589985,False
MNIST,3,3,EMNIST,26,Q,0.022724788635969162,0.00023593695368617773,0.01148036279482767,False
MNIST,3,3,EMNIST,27,R,0.024380801245570183,7.714773528277874e-05,0.01222897449042648,False
MNIST,3,3,EMNIST,28,S,0.2496906816959381,0.02486739680171013,0.13727903924882412,False
MNIST,3,3,EMNIST,29,T,0.050913285464048386,0.002842756686732173,0.02687802107539028,False
MNIST,3,3,EMNIST,30,U,0.013524102978408337,0.0004266147443559021,0.006975358861382119,False
MNIST,3,3,EMNIST,31,V,0.014378011226654053,4.421567609824706e-06,0.007191216397131939,False
MNIST,3,3,EMNIST,32,W,0.05036412551999092,2.0951418264303356e-05,0.025192538469127612,False
MNIST,3,3,EMNIST,33,X,0.07147938013076782,0.00013963019591756165,0.03580950516334269,False
MNIST,3,3,EMNIST,34,Y,0.025185490027070045,0.0016598744550719857,0.013422682241071016,False
MNIST,3,3,EMNIST,35,Z,0.21760936081409454,0.004468807019293308,0.11103908391669393,False
MNIST,3,3,EMNIST,36,a,0.04404531046748161,0.0066155558452010155,0.025330433156341314,False
MNIST,3,3,EMNIST,37,b,0.04820188134908676,0.00026555947260931134,0.024233720410848036,False
MNIST,3,3,EMNIST,38,c,0.034465301781892776,0.0002598643768578768,0.017362583079375327,False
MNIST,3,3,EMNIST,39,d,0.05711036175489426,0.003501407103613019,0.030305884429253638,False
MNIST,3,3,EMNIST,40,e,0.07323603332042694,0.00028605342959053814,0.03676104337500874,False
MNIST,3,3,EMNIST,41,f,0.027546092867851257,0.0006503061740659177,0.014098199520958588,False
MNIST,3,3,EMNIST,42,g,0.13427813351154327,0.0067186420783400536,0.07049838779494166,False
MNIST,3,3,EMNIST,43,h,0.018503526225686073,0.00024075491819530725,0.00937214057194069,False
MNIST,3,3,EMNIST,44,i,0.00831824541091919,0.00018735197954811156,0.0042527986952336505,False
MNIST,3,3,EMNIST,45,j,0.07245942950248718,0.0017598174745216966,0.03710962348850444,False
MNIST,3,3,EMNIST,46,k,0.03623940423130989,4.8815512855071574e-05,0.01814410987208248,False
MNIST,3,3,EMNIST,47,l,0.00910552404820919,0.0003832802758552134,0.004744402162032202,False
MNIST,3,3,EMNIST,48,m,0.01153502892702818,0.0003787651949096471,0.005956897060968913,False
MNIST,3,3,EMNIST,49,n,0.017602914944291115,0.00024977748398669064,0.008926346214138903,False
MNIST,3,3,EMNIST,50,o,0.023727847263216972,4.737414565170184e-05,0.011887610704434337,False
MNIST,3,3,EMNIST,51,p,0.021603506058454514,0.00017150351777672768,0.01088750478811562,False
MNIST,3,3,EMNIST,52,q,0.06014351174235344,0.0010748239001259208,0.03060916782123968,False
MNIST,3,3,EMNIST,53,r,0.01295190118253231,0.00028935569571331143,0.006620628439122811,False
MNIST,3,3,EMNIST,54,s,0.2193799912929535,0.0024055892135947943,0.11089279025327414,False
MNIST,3,3,EMNIST,55,t,0.03666868433356285,0.009750246070325375,0.023209465201944113,False
MNIST,3,3,EMNIST,56,u,0.018052201718091965,0.00013309535279404372,0.009092648535443004,False
MNIST,3,3,EMNIST,57,v,0.015283385291695595,2.8777847091987496e-06,0.007643131538202397,False
MNIST,3,3,EMNIST,58,w,0.03259066864848137,0.00044315183185972273,0.016516910240170546,False
MNIST,3,3,EMNIST,59,x,0.051627952605485916,0.00013043360377196223,0.02587919310462894,False
MNIST,3,3,EMNIST,60,y,0.028050705790519714,0.0008011343888938427,0.014425920089706779,False
MNIST,3,3,EMNIST,61,z,0.1376246213912964,0.006421828176826239,0.07202322478406131,False
MNIST,4,4,EMNIST,0,0,0.022984055802226067,0.0002538625558372587,0.011618959179031663,False
MNIST,4,4,EMNIST,1,1,0.017835693433880806,0.0009090836392715573,0.009372388536576182,False
MNIST,4,4,EMNIST,2,2,0.01849176175892353,9.778483217814937e-05,0.00929477329555084,False
MNIST,4,4,EMNIST,3,3,0.0025992044247686863,1.940389847732149e-05,0.001309304161623004,False
MNIST,4,4,EMNIST,4,4,0.5609320402145386,0.8400522470474243,0.7004921436309814,True
MNIST,4,4,EMNIST,5,5,0.036944326013326645,4.2602561734383926e-05,0.018493464287530514,False
MNIST,4,4,EMNIST,6,6,0.0808161124587059,0.0006291359895840287,0.040722624224144965,False
MNIST,4,4,EMNIST,7,7,0.047133512794971466,0.000424868892878294,0.02377919084392488,False
MNIST,4,4,EMNIST,8,8,0.02406364679336548,9.614528244128451e-05,0.012079896037903382,False
MNIST,4,4,EMNIST,9,9,0.09905575215816498,0.0015513933030888438,0.05030357273062691,False
MNIST,4,4,EMNIST,10,A,0.16475069522857666,0.0019782218150794506,0.08336445852182806,False
MNIST,4,4,EMNIST,11,B,0.024251777678728104,1.3122817108524032e-05,0.012132450247918314,False
MNIST,4,4,EMNIST,12,C,0.033953383564949036,0.00012468159548006952,0.017039032580214553,False
MNIST,4,4,EMNIST,13,D,0.03418705239892006,4.3322932469891384e-05,0.017115187665694975,False
MNIST,4,4,EMNIST,14,E,0.04581933096051216,9.887005035125185e-06,0.022914608982773643,False
MNIST,4,4,EMNIST,15,F,0.11533479392528534,0.00025963125517591834,0.05779721259023063,False
MNIST,4,4,EMNIST,16,G,0.04523501917719841,1.5663403246435337e-05,0.022625341290222423,False
MNIST,4,4,EMNIST,17,H,0.5382348895072937,0.014211165718734264,0.276223027613014,False
MNIST,4,4,EMNIST,18,I,0.023039724677801132,0.00017268014198634773,0.01160620240989374,False
MNIST,4,4,EMNIST,19,J,0.01612384058535099,0.00013403403863776475,0.008128937311994378,False
MNIST,4,4,EMNIST,20,K,0.0725051760673523,0.0008785935933701694,0.03669188483036123,False
MNIST,4,4,EMNIST,21,L,0.057773806154727936,0.0013020167825743556,0.029537911468651146,False
MNIST,4,4,EMNIST,22,M,0.32140928506851196,0.002492058090865612,0.1619506715796888,False
MNIST,4,4,EMNIST,23,N,0.3200511336326599,0.01098132785409689,0.1655162307433784,False
MNIST,4,4,EMNIST,24,O,0.027010450139641762,0.0001228142500622198,0.01356663219485199,False
MNIST,4,4,EMNIST,25,P,0.10000120103359222,0.00016352106467820704,0.050082361049135216,False
MNIST,4,4,EMNIST,26,Q,0.03560436889529228,3.291850953246467e-05,0.017818643702412373,False
MNIST,4,4,EMNIST,27,R,0.03909227252006531,2.8358062991173938e-05,0.01956031529152824,False
MNIST,4,4,EMNIST,28,S,0.006517447531223297,2.2898148017702624e-05,0.0032701728396205,False
MNIST,4,4,EMNIST,29,T,0.028111765161156654,1.5103250916581601e-05,0.014063434206036618,False
MNIST,4,4,EMNIST,30,U,0.2627958357334137,0.03899933397769928,0.1508975848555565,False
MNIST,4,4,EMNIST,31,V,0.2834623157978058,0.009188941679894924,0.14632562873885036,False
MNIST,4,4,EMNIST,32,W,0.1569167524576187,0.002176305977627635,0.07954652921762317,False
MNIST,4,4,EMNIST,33,X,0.12354638427495956,0.00023825551033951342,0.06189231989264954,False
MNIST,4,4,EMNIST,34,Y,0.1593143194913864,0.00688727293163538,0.0831007962115109,False
MNIST,4,4,EMNIST,35,Z,0.004691730253398418,4.086542503500823e-06,0.0023479083979509596,False
MNIST,4,4,EMNIST,36,a,0.10015885531902313,0.0002906703157350421,0.05022476281737909,False
MNIST,4,4,EMNIST,37,b,0.08883315324783325,0.0001721296284813434,0.0445026414381573,False
MNIST,4,4,EMNIST,38,c,0.04029875993728638,7.935015673865564e-06,0.02015334747648012,False
MNIST,4,4,EMNIST,39,d,0.1523934304714203,0.0013256941456347704,0.07685956230852753,False
MNIST,4,4,EMNIST,40,e,0.021158389747142792,9.121080802287906e-05,0.010624800277582835,False
MNIST,4,4,EMNIST,41,f,0.08813045918941498,0.0001587293081684038,0.04414459424879169,False
MNIST,4,4,EMNIST,42,g,0.06387816369533539,0.0004729502834379673,0.03217555698938668,False
MNIST,4,4,EMNIST,43,h,0.2941437363624573,0.012125642970204353,0.15313468966633081,False
MNIST,4,4,EMNIST,44,i,0.021193327382206917,6.990210385993123e-05,0.010631614743033424,False
MNIST,4,4,EMNIST,45,j,0.06933306157588959,6.202181975822896e-05,0.03469754169782391,False
MNIST,4,4,EMNIST,46,k,0.2737153470516205,0.00043757748790085316,0.13707646226976067,False
MNIST,4,4,EMNIST,47,l,0.012524266727268696,0.0009451090591028333,0.0067346878931857646,False
MNIST,4,4,EMNIST,48,m,0.2013632357120514,0.0006497345166280866,0.10100648511433974,False
MNIST,4,4,EMNIST,49,n,0.07121651619672775,0.0015408932231366634,0.03637870470993221,False
MNIST,4,4,EMNIST,50,o,0.05107492208480835,2.3735537979518995e-05,0.025549328811393934,False
MNIST,4,4,EMNIST,51,p,0.10510016977787018,3.722359542734921e-05,0.052568696686648764,False
MNIST,4,4,EMNIST,52,q,0.12146589905023575,0.00032847290276549757,0.06089718597650062,False
MNIST,4,4,EMNIST,53,r,0.07794360816478729,0.0006095788558013737,0.03927659351029433,False
MNIST,4,4,EMNIST,54,s,0.03428424149751663,1.2936126950080507e-05,0.017148588812233356,False
MNIST,4,4,EMNIST,55,t,0.1520344465970993,0.010883580893278122,0.08145901374518871,False
MNIST,4,4,EMNIST,56,u,0.2394476681947708,0.01120218075811863,0.12532492447644472,False
MNIST,4,4,EMNIST,57,v,0.32952895760536194,0.00905454158782959,0.16929174959659576,False
MNIST,4,4,EMNIST,58,w,0.23914532363414764,0.0030029122717678547,0.12107411795295775,False
MNIST,4,4,EMNIST,59,x,0.12575852870941162,0.00046816313988529146,0.06311334592464846,False
MNIST,4,4,EMNIST,60,y,0.2281760275363922,0.011445693671703339,0.11981086060404778,False
MNIST,4,4,EMNIST,61,z,0.013436992652714252,8.026486284506973e-06,0.00672250956949938,False
MNIST,5,5,EMNIST,0,0,0.03634489327669144,0.0006298713851720095,0.018487382330931723,False
MNIST,5,5,EMNIST,1,1,0.01141807995736599,0.0002566598413977772,0.0058373698993818834,False
MNIST,5,5,EMNIST,2,2,0.03486235812306404,0.01214747503399849,0.023504916578531265,False
MNIST,5,5,EMNIST,3,3,0.10027562081813812,0.06301257759332657,0.08164409920573235,False
MNIST,5,5,EMNIST,4,4,0.027526766061782837,0.0018241389188915491,0.014675452490337193,False
MNIST,5,5,EMNIST,5,5,0.45028525590896606,0.4629974961280823,0.45664137601852417,True
MNIST,5,5,EMNIST,6,6,0.02466891147196293,0.012381021864712238,0.018524966668337584,False
MNIST,5,5,EMNIST,7,7,0.013579018414020538,0.0004998175427317619,0.00703941797837615,False
MNIST,5,5,EMNIST,8,8,0.09057092666625977,0.0034467787481844425,0.047008852707222104,False
MNIST,5,5,EMNIST,9,9,0.04060740768909454,0.0004407696833368391,0.02052408868621569,False
MNIST,5,5,EMNIST,10,A,0.06965494155883789,0.00016462743224110454,0.0349097844955395,False
MNIST,5,5,EMNIST,11,B,0.11059240996837616,0.0021091268863528967,0.05635076842736453,False
MNIST,5,5,EMNIST,12,C,0.08742094039916992,0.009786779060959816,0.04860385973006487,False
MNIST,5,5,EMNIST,13,D,0.0329265221953392,0.000680828292388469,0.016803675243863836,False
MNIST,5,5,EMNIST,14,E,0.1994597166776657,0.015643110498785973,0.10755141358822584,False
MNIST,5,5,EMNIST,15,F,0.12225904315710068,0.010177596472203732,0.0662183198146522,False
MNIST,5,5,EMNIST,16,G,0.0665997788310051,0.006898863706737757,0.03674932126887143,False
MNIST,5,5,EMNIST,17,H,0.03176671266555786,8.130771311698481e-05,0.015924010189337423,False
MNIST,5,5,EMNIST,18,I,0.010593033395707607,0.0011029000161215663,0.005847966705914587,False
MNIST,5,5,EMNIST,19,J,0.09094371646642685,0.01799524575471878,0.054469481110572815,False
MNIST,5,5,EMNIST,20,K,0.08132191747426987,0.000639555393718183,0.040980736433994025,False
MNIST,5,5,EMNIST,21,L,0.06954054534435272,0.005776962731033564,0.03765875403769314,False
MNIST,5,5,EMNIST,22,M,0.02527291141450405,0.0029023177921772003,0.014087614603340626,False
MNIST,5,5,EMNIST,23,N,0.051683057099580765,0.000253882200922817,0.02596846965025179,False
MNIST,5,5,EMNIST,24,O,0.01826559193432331,0.0006348820170387626,0.009450236975681037,False
MNIST,5,5,EMNIST,25,P,0.08089203387498856,0.0006330894539132714,0.040762561664450914,False
MNIST,5,5,EMNIST,26,Q,0.027659708634018898,0.00023451024026144296,0.01394710943714017,False
MNIST,5,5,EMNIST,27,R,0.0519266352057457,0.00014334141451399773,0.026034988310129847,False
MNIST,5,5,EMNIST,28,S,0.3470395505428314,0.28817659616470337,0.3176080733537674,True
MNIST,5,5,EMNIST,29,T,0.061144281178712845,0.002932982286438346,0.032038631732575595,False
MNIST,5,5,EMNIST,30,U,0.03545708954334259,0.0003366253222338855,0.017896857432788238,False
MNIST,5,5,EMNIST,31,V,0.03399985656142235,5.61975548407645e-06,0.017002738158453212,False
MNIST,5,5,EMNIST,32,W,0.038326870650053024,0.00020769878756254911,0.019267284718807787,False
MNIST,5,5,EMNIST,33,X,0.05379032343626022,0.00014271584223024547,0.026966519639245234,False
MNIST,5,5,EMNIST,34,Y,0.03177466243505478,0.0002796118496917188,0.01602713714237325,False
MNIST,5,5,EMNIST,35,Z,0.07975362241268158,0.0012983584310859442,0.04052599042188376,False
MNIST,5,5,EMNIST,36,a,0.06997467577457428,0.003981162793934345,0.03697791928425431,False
MNIST,5,5,EMNIST,37,b,0.08163565397262573,0.0013152554165571928,0.04147545469459146,False
MNIST,5,5,EMNIST,38,c,0.08639048784971237,0.001563536236062646,0.04397701204288751,False
MNIST,5,5,EMNIST,39,d,0.04243793338537216,0.0025093110743910074,0.022473622229881585,False
MNIST,5,5,EMNIST,40,e,0.18855993449687958,0.006606132723391056,0.09758303361013532,False
MNIST,5,5,EMNIST,41,f,0.07729349285364151,0.00103257957380265,0.03916303621372208,False
MNIST,5,5,EMNIST,42,g,0.10376252233982086,0.002505401149392128,0.053133961744606495,False
MNIST,5,5,EMNIST,43,h,0.042618997395038605,0.0002062295825453475,0.021412613488791976,False
MNIST,5,5,EMNIST,44,i,0.0074157798662781715,0.00020277241128496826,0.00380927613878157,False
MNIST,5,5,EMNIST,45,j,0.06054062768816948,0.0017153403023257852,0.031127983995247632,False
MNIST,5,5,EMNIST,46,k,0.061005137860774994,0.0001846287923399359,0.030594883326557465,False
MNIST,5,5,EMNIST,47,l,0.007958145812153816,0.00044158747186884284,0.0041998666420113295,False
MNIST,5,5,EMNIST,48,m,0.038259200751781464,0.0009361020056530833,0.019597651378717273,False
MNIST,5,5,EMNIST,49,n,0.04496428370475769,0.00013873548596166074,0.022551509595359676,False
MNIST,5,5,EMNIST,50,o,0.04455718398094177,9.283742838306352e-05,0.022325010704662418,False
MNIST,5,5,EMNIST,51,p,0.04274160414934158,7.861258200136945e-05,0.021410108365671476,False
MNIST,5,5,EMNIST,52,q,0.037676818668842316,0.0005775320460088551,0.019127175357425585,False
MNIST,5,5,EMNIST,53,r,0.08808453381061554,0.0008516660891473293,0.044468099949881434,False
MNIST,5,5,EMNIST,54,s,0.3651370704174042,0.030367964878678322,0.19775251764804125,False
MNIST,5,5,EMNIST,55,t,0.07946023344993591,0.014921973459422588,0.04719110345467925,False
MNIST,5,5,EMNIST,56,u,0.02009529247879982,0.00012513580441009253,0.010110214141604956,False
MNIST,5,5,EMNIST,57,v,0.026074299588799477,4.031510798085947e-06,0.013039165549798781,False
MNIST,5,5,EMNIST,58,w,0.039571862667798996,0.0012187445536255836,0.02039530361071229,False
MNIST,5,5,EMNIST,59,x,0.046108148992061615,8.468818850815296e-05,0.023096418590284884,False
MNIST,5,5,EMNIST,60,y,0.02349453791975975,0.0002631389652378857,0.011878838442498818,False
MNIST,5,5,EMNIST,61,z,0.09992305189371109,0.0011991336941719055,0.0505610927939415,False
MNIST,6,6,EMNIST,0,0,0.05229518562555313,0.006642934866249561,0.029469060245901346,False
MNIST,6,6,EMNIST,1,1,0.008331273682415485,0.00021063823078293353,0.0042709559565992095,False
MNIST,6,6,EMNIST,2,2,0.05824416130781174,0.007920353673398495,0.033082257490605116,False
MNIST,6,6,EMNIST,3,3,0.012976494617760181,0.0002576676197350025,0.006617081118747592,False
MNIST,6,6,EMNIST,4,4,0.05261537432670593,0.04582909122109413,0.04922223277390003,False
MNIST,6,6,EMNIST,5,5,0.0475146509706974,0.002407696796581149,0.024961173883639276,False
MNIST,6,6,EMNIST,6,6,0.46211743354797363,0.6292577385902405,0.5456875860691071,True
MNIST,6,6,EMNIST,7,7,0.03281030431389809,6.874808605061844e-06,0.016408589561251574,False
MNIST,6,6,EMNIST,8,8,0.055220138281583786,0.012735520489513874,0.03397782938554883,False
MNIST,6,6,EMNIST,9,9,0.0595870316028595,0.00043923151679337025,0.030013131559826434,False
MNIST,6,6,EMNIST,10,A,0.13964469730854034,0.00920360442250967,0.07442415086552501,False
MNIST,6,6,EMNIST,11,B,0.05826565623283386,0.0031027384102344513,0.030684197321534157,False
MNIST,6,6,EMNIST,12,C,0.1208144873380661,0.001446013106033206,0.061130250222049654,False
MNIST,6,6,EMNIST,13,D,0.05575312301516533,0.001090560806915164,0.028421841911040246,False
MNIST,6,6,EMNIST,14,E,0.2848643660545349,0.001239655539393425,0.14305201079696417,False
MNIST,6,6,EMNIST,15,F,0.1996302455663681,0.001774724805727601,0.10070248518604785,False
MNIST,6,6,EMNIST,16,G,0.319599986076355,0.01486263144761324,0.1672313087619841,False
MNIST,6,6,EMNIST,17,H,0.09539423882961273,0.003670841921120882,0.04953254037536681,False
MNIST,6,6,EMNIST,18,I,0.012827578000724316,0.00024355764617212117,0.006535567823448218,False
MNIST,6,6,EMNIST,19,J,0.022270921617746353,0.00031224291888065636,0.011291582268313505,False
MNIST,6,6,EMNIST,20,K,0.2906106114387512,0.011370085179805756,0.1509903483092785,False
MNIST,6,6,EMNIST,21,L,0.27714818716049194,0.002292919671162963,0.13972055341582745,False
MNIST,6,6,EMNIST,22,M,0.04401005432009697,0.001460493658669293,0.02273527398938313,False
MNIST,6,6,EMNIST,23,N,0.1268332451581955,0.005001857876777649,0.06591755151748657,False
MNIST,6,6,EMNIST,24,O,0.06374948471784592,0.004663494881242514,0.034206489799544215,False
MNIST,6,6,EMNIST,25,P,0.101743683218956,0.0005772666190750897,0.05116047491901554,False
MNIST,6,6,EMNIST,26,Q,0.21414966881275177,0.0019516590982675552,0.10805066395550966,False
MNIST,6,6,EMNIST,27,R,0.20051309466362,0.0011674768757075071,0.10084028576966375,False
MNIST,6,6,EMNIST,28,S,0.06471191346645355,0.003478697268292308,0.03409530536737293,False
MNIST,6,6,EMNIST,29,T,0.033170733600854874,1.1460668247309513e-05,0.01659109713455109,False
MNIST,6,6,EMNIST,30,U,0.1594380885362625,0.005660998169332743,0.08254954335279763,False
MNIST,6,6,EMNIST,31,V,0.11208266019821167,0.0003519466845318675,0.05621730344137177,False
MNIST,6,6,EMNIST,32,W,0.22013302147388458,0.0033491074573248625,0.11174106446560472,False
MNIST,6,6,EMNIST,33,X,0.07984369248151779,0.002050307346507907,0.04094699991401285,False
MNIST,6,6,EMNIST,34,Y,0.04363573342561722,0.0001693294325377792,0.0219025314290775,False
MNIST,6,6,EMNIST,35,Z,0.020796723663806915,0.00012450166104827076,0.010460612662427593,False
MNIST,6,6,EMNIST,36,a,0.09340690821409225,0.0075098006054759026,0.05045835440978408,False
MNIST,6,6,EMNIST,37,b,0.29332074522972107,0.05028405040502548,0.17180239781737328,False
MNIST,6,6,EMNIST,38,c,0.07765939086675644,0.0006009825738146901,0.039130186720285565,False
MNIST,6,6,EMNIST,39,d,0.15029087662696838,0.060512788593769073,0.10540183261036873,False
MNIST,6,6,EMNIST,40,e,0.08914098888635635,0.004507026635110378,0.046824007760733366,False
MNIST,6,6,EMNIST,41,f,0.3416227698326111,0.0016420524334535003,0.1716324111330323,False
MNIST,6,6,EMNIST,42,g,0.05206642672419548,0.0023201711010187864,0.027193298912607133,False
MNIST,6,6,EMNIST,43,h,0.22194969654083252,0.04613228887319565,0.13404099270701408,False
MNIST,6,6,EMNIST,44,i,0.023800279945135117,0.0005767666734755039,0.01218852330930531,False
MNIST,6,6,EMNIST,45,j,0.07638979703187943,0.000721527321729809,0.03855566217680462,False
MNIST,6,6,EMNIST,46,k,0.13784845173358917,0.0039798482321202755,0.07091414998285472,False
MNIST,6,6,EMNIST,47,l,0.011325657367706299,0.0002726937527768314,0.005799175560241565,False
MNIST,6,6,EMNIST,48,m,0.046731818467378616,0.0007888906402513385,0.023760354553814977,False
MNIST,6,6,EMNIST,49,n,0.0469043105840683,0.0007004699436947703,0.023802390263881534,False
MNIST,6,6,EMNIST,50,o,0.09343674033880234,0.00048139499267563224,0.046959067665738985,False
MNIST,6,6,EMNIST,51,p,0.18018047511577606,0.00025623742840252817,0.0902183562720893,False
MNIST,6,6,EMNIST,52,q,0.06820695102214813,0.004689027555286884,0.03644798928871751,False
MNIST,6,6,EMNIST,53,r,0.04740472882986069,0.00032894007745198905,0.023866834453656338,False
MNIST,6,6,EMNIST,54,s,0.08321364223957062,0.0004682213475462049,0.04184093179355841,False
MNIST,6,6,EMNIST,55,t,0.06672350317239761,0.01702621951699257,0.04187486134469509,False
MNIST,6,6,EMNIST,56,u,0.24851450324058533,0.0020363188814371824,0.12527541106101125,False
MNIST,6,6,EMNIST,57,v,0.131060391664505,0.00036347698187455535,0.06571193432318978,False
MNIST,6,6,EMNIST,58,w,0.3460947871208191,0.005836012307554483,0.1759653997141868,False
MNIST,6,6,EMNIST,59,x,0.10221242904663086,0.0009240997023880482,0.051568264374509454,False
MNIST,6,6,EMNIST,60,y,0.044843826442956924,0.0005527401226572692,0.022698283282807097,False
MNIST,6,6,EMNIST,61,z,0.07006065547466278,0.00015205824456643313,0.03510635685961461,False
MNIST,7,7,EMNIST,0,0,0.003343182150274515,0.005877379793673754,0.0046102809719741344,False
MNIST,7,7,EMNIST,1,1,0.016570623964071274,0.015627611428499222,0.016099117696285248,False
MNIST,7,7,EMNIST,2,2,0.020390283316373825,0.030041787773370743,0.025216035544872284,False
MNIST,7,7,EMNIST,3,3,0.003415095154196024,0.02762724831700325,0.015521171735599637,False
MNIST,7,7,EMNIST,4,4,0.04666842520236969,0.023862017318606377,0.03526522126048803,False
MNIST,7,7,EMNIST,5,5,0.014819237403571606,0.00724670197814703,0.011032969690859318,False
MNIST,7,7,EMNIST,6,6,0.009106320329010487,0.00012385268928483129,0.004615086509147659,False
MNIST,7,7,EMNIST,7,7,0.40212488174438477,0.5725932121276855,0.48735904693603516,True
MNIST,7,7,EMNIST,8,8,0.016107136383652687,0.001800352125428617,0.008953744254540652,False
MNIST,7,7,EMNIST,9,9,0.1503676325082779,0.010556838475167751,0.08046223549172282,False
MNIST,7,7,EMNIST,10,A,0.02379118837416172,0.0008543582516722381,0.01232277331291698,False
MNIST,7,7,EMNIST,11,B,0.008467811159789562,0.00032806239323690534,0.004397936776513234,False
MNIST,7,7,EMNIST,12,C,0.019779251888394356,0.0019147334387525916,0.010846992663573474,False
MNIST,7,7,EMNIST,13,D,0.019041497260332108,0.0035846144892275333,0.01131305587477982,False
MNIST,7,7,EMNIST,14,E,0.009635125286877155,6.629200652241707e-05,0.004850708646699786,False
MNIST,7,7,EMNIST,15,F,0.06478188186883926,0.0020614564418792725,0.03342166915535927,False
MNIST,7,7,EMNIST,16,G,0.004562531132251024,0.00010719698911998421,0.0023348640606855042,False
MNIST,7,7,EMNIST,17,H,0.022913668304681778,0.0006724776467308402,0.011793072975706309,False
MNIST,7,7,EMNIST,18,I,0.01372160017490387,0.010566269978880882,0.012143935076892376,False
MNIST,7,7,EMNIST,19,J,0.24712339043617249,0.019467372447252274,0.13329538144171238,False
MNIST,7,7,EMNIST,20,K,0.009378859773278236,7.630204345332459e-05,0.0047275809083657805,False
MNIST,7,7,EMNIST,21,L,0.026708319783210754,0.016509482637047768,0.02160890121012926,False
MNIST,7,7,EMNIST,22,M,0.14238008856773376,0.0022843233309686184,0.07233220594935119,False
MNIST,7,7,EMNIST,23,N,0.03325573354959488,0.0005423101829364896,0.016899021866265684,False
MNIST,7,7,EMNIST,24,O,0.005017797462642193,0.003085274947807193,0.004051536205224693,False
MNIST,7,7,EMNIST,25,P,0.12717917561531067,0.002509139012545347,0.06484415731392801,False
MNIST,7,7,EMNIST,26,Q,0.0029757844749838114,0.0002503561554476619,0.0016130703152157366,False
MNIST,7,7,EMNIST,27,R,0.004065166227519512,0.00017004644905682653,0.0021176063382881694,False
MNIST,7,7,EMNIST,28,S,0.003943087067455053,0.0018393121426925063,0.00289119960507378,False
MNIST,7,7,EMNIST,29,T,0.47797203063964844,0.07328833639621735,0.2756301835179329,False
MNIST,7,7,EMNIST,30,U,0.011408748105168343,0.0033423076383769512,0.007375527871772647,False
MNIST,7,7,EMNIST,31,V,0.024530624970793724,0.0003610205021686852,0.012445822736481205,False
MNIST,7,7,EMNIST,32,W,0.004808532074093819,3.216958430130035e-05,0.0024203508291975595,False
MNIST,7,7,EMNIST,33,X,0.08728637546300888,0.0005433788173831999,0.04391487714019604,False
MNIST,7,7,EMNIST,34,Y,0.211147740483284,0.018745597451925278,0.11494666896760464,False
MNIST,7,7,EMNIST,35,Z,0.004114418290555477,0.0033785838168114424,0.0037465010536834598,False
MNIST,7,7,EMNIST,36,a,0.024435032159090042,0.0011729776160791516,0.012804004887584597,False
MNIST,7,7,EMNIST,37,b,0.01288981456309557,7.438231114065275e-05,0.006482098437118111,False
MNIST,7,7,EMNIST,38,c,0.013933149166405201,0.00015709818399045616,0.0070451236751978286,False
MNIST,7,7,EMNIST,39,d,0.025880103930830956,0.0005767493858002126,0.013228426658315584,False
MNIST,7,7,EMNIST,40,e,0.0053067896515131,0.0005142613663338125,0.002910525508923456,False
MNIST,7,7,EMNIST,41,f,0.028837699443101883,0.0005604479811154306,0.014699073712108657,False
MNIST,7,7,EMNIST,42,g,0.08136162906885147,0.004619361367076635,0.04299049521796405,False
MNIST,7,7,EMNIST,43,h,0.03394954651594162,0.0023414655588567257,0.018145506037399173,False
MNIST,7,7,EMNIST,44,i,0.01348384190350771,0.013502736575901508,0.013493289239704609,False
MNIST,7,7,EMNIST,45,j,0.1122720018029213,0.004361581988632679,0.05831679189577699,False
MNIST,7,7,EMNIST,46,k,0.02839062735438347,5.17610642418731e-05,0.01422119420931267,False
MNIST,7,7,EMNIST,47,l,0.015234151855111122,0.008277520537376404,0.011755836196243763,False
MNIST,7,7,EMNIST,48,m,0.27477318048477173,0.00034840882290154696,0.13756079465383664,False
MNIST,7,7,EMNIST,49,n,0.2405807226896286,0.016725042834877968,0.12865288276225328,False
MNIST,7,7,EMNIST,50,o,0.023227429017424583,0.0006621227948926389,0.011944775906158611,False
MNIST,7,7,EMNIST,51,p,0.015411525964736938,0.00048304902156814933,0.007947287493152544,False
MNIST,7,7,EMNIST,52,q,0.1258055418729782,0.002663294319063425,0.06423441809602082,False
MNIST,7,7,EMNIST,53,r,0.2956733703613281,0.008085036650300026,0.15187920350581408,False
MNIST,7,7,EMNIST,54,s,0.014410671778023243,0.0004661909770220518,0.007438431377522647,False
MNIST,7,7,EMNIST,55,t,0.21699468791484833,0.05957547575235367,0.138285081833601,False
MNIST,7,7,EMNIST,56,u,0.014508399181067944,0.000326185894664377,0.00741729253786616,False
MNIST,7,7,EMNIST,57,v,0.044805414974689484,0.0002405601553618908,0.022522987565025687,False
MNIST,7,7,EMNIST,58,w,0.00392743619158864,8.319268090417609e-05,0.002005314436246408,False
MNIST,7,7,EMNIST,59,x,0.043976955115795135,0.001196488388814032,0.022586721752304584,False
MNIST,7,7,EMNIST,60,y,0.17928147315979004,0.005867226980626583,0.09257435007020831,False
MNIST,7,7,EMNIST,61,z,0.02245039865374565,0.005129609256982803,0.013790003955364227,False
MNIST,8,8,EMNIST,0,0,0.03881718963384628,0.002523438073694706,0.020670313853770494,False
MNIST,8,8,EMNIST,1,1,0.02653217874467373,0.003825643565505743,0.015178911155089736,False
MNIST,8,8,EMNIST,2,2,0.07151152938604355,0.012283425778150558,0.041897477582097054,False
MNIST,8,8,EMNIST,3,3,0.09255342930555344,0.04425804316997528,0.06840573623776436,False
MNIST,8,8,EMNIST,4,4,0.03704012557864189,0.005918856710195541,0.021479491144418716,False
MNIST,8,8,EMNIST,5,5,0.08443401753902435,0.007443463895469904,0.04593874071724713,False
MNIST,8,8,EMNIST,6,6,0.04570472985506058,0.006697050295770168,0.026200890075415373,False
MNIST,8,8,EMNIST,7,7,0.054836880415678024,0.0007699616253376007,0.027803421020507812,False
MNIST,8,8,EMNIST,8,8,0.41391000151634216,0.6212078332901001,0.5175589174032211,True
MNIST,8,8,EMNIST,9,9,0.07038284093141556,0.011519406922161579,0.04095112392678857,False
MNIST,8,8,EMNIST,10,A,0.06814459711313248,0.004647924564778805,0.03639626083895564,False
MNIST,8,8,EMNIST,11,B,0.24572834372520447,0.05044138431549072,0.1480848640203476,False
MNIST,8,8,EMNIST,12,C,0.04841432720422745,0.0006589973927475512,0.0245366622984875,False
MNIST,8,8,EMNIST,13,D,0.04949413239955902,0.0046293302439153194,0.02706173132173717,False
MNIST,8,8,EMNIST,14,E,0.0946372002363205,0.004667445085942745,0.04965232266113162,False
MNIST,8,8,EMNIST,15,F,0.06881041824817657,0.0031513716094195843,0.03598089492879808,False
MNIST,8,8,EMNIST,16,G,0.0596761517226696,0.002642164472490549,0.031159158097580075,False
MNIST,8,8,EMNIST,17,H,0.023905916139483452,0.0015097677242010832,0.012707841931842268,False
MNIST,8,8,EMNIST,18,I,0.026099812239408493,0.004317110404372215,0.015208461321890354,False
MNIST,8,8,EMNIST,19,J,0.06722621619701385,0.0020432777237147093,0.03463474696036428,False
MNIST,8,8,EMNIST,20,K,0.05989288538694382,0.009490493685007095,0.034691689535975456,False
MNIST,8,8,EMNIST,21,L,0.03569633886218071,0.0006438203854486346,0.018170079623814672,False
MNIST,8,8,EMNIST,22,M,0.044603973627090454,0.0025226089637726545,0.023563291295431554,False
MNIST,8,8,EMNIST,23,N,0.031231094151735306,0.0036404412239789963,0.01743576768785715,False
MNIST,8,8,EMNIST,24,O,0.033515628427267075,0.001269819913432002,0.01739272417034954,False
MNIST,8,8,EMNIST,25,P,0.1079409122467041,0.0028463457711040974,0.0553936290089041,False
MNIST,8,8,EMNIST,26,Q,0.05529984086751938,0.007528559770435095,0.03141420031897724,False
MNIST,8,8,EMNIST,27,R,0.15758351981639862,0.007936635054647923,0.08276007743552327,False
MNIST,8,8,EMNIST,28,S,0.08524729311466217,0.0108336191624403,0.048040456138551235,False
MNIST,8,8,EMNIST,29,T,0.057080574333667755,0.0048701344057917595,0.030975354369729757,False
MNIST,8,8,EMNIST,30,U,0.02226138487458229,0.0012252997839823365,0.011743342329282314,False
MNIST,8,8,EMNIST,31,V,0.04238599166274071,0.00032679300056770444,0.021356392331654206,False
MNIST,8,8,EMNIST,32,W,0.040084317326545715,0.005750078242272139,0.022917197784408927,False
MNIST,8,8,EMNIST,33,X,0.1753375083208084,0.0061269355937838554,0.09073222195729613,False
MNIST,8,8,EMNIST,34,Y,0.0703589916229248,0.0013396319700405002,0.03584931179648265,False
MNIST,8,8,EMNIST,35,Z,0.07450505346059799,0.0022995248436927795,0.038402289152145386,False
MNIST,8,8,EMNIST,36,a,0.08239898830652237,0.007253491785377264,0.04482624004594982,False
MNIST,8,8,EMNIST,37,b,0.1293509602546692,0.00405880156904459,0.06670488091185689,False
MNIST,8,8,EMNIST,38,c,0.04870975390076637,0.00015998410526663065,0.0244348690030165,False
MNIST,8,8,EMNIST,39,d,0.11521563678979874,0.01120369229465723,0.06320966454222798,False
MNIST,8,8,EMNIST,40,e,0.14454355835914612,0.010294086299836636,0.07741882232949138,False
MNIST,8,8,EMNIST,41,f,0.08355267345905304,0.0011888784356415272,0.04237077594734728,False
MNIST,8,8,EMNIST,42,g,0.13869449496269226,0.02686261758208275,0.0827785562723875,False
MNIST,8,8,EMNIST,43,h,0.04268172010779381,0.005937285255640745,0.024309502681717277,False
MNIST,8,8,EMNIST,44,i,0.02161734737455845,0.0021015815436840057,0.011859464459121227,False
MNIST,8,8,EMNIST,45,j,0.05729761719703674,0.0006990758702158928,0.028998346533626318,False
MNIST,8,8,EMNIST,46,k,0.09983114153146744,0.003199885133653879,0.05151551333256066,False
MNIST,8,8,EMNIST,47,l,0.01588483341038227,0.0033478077966719866,0.009616320603527129,False
MNIST,8,8,EMNIST,48,m,0.04243442788720131,0.0009479654836468399,0.021691196685424075,False
MNIST,8,8,EMNIST,49,n,0.04223952814936638,0.0009779005777090788,0.02160871436353773,False
MNIST,8,8,EMNIST,50,o,0.03585955873131752,0.00035081151872873306,0.018105185125023127,False
MNIST,8,8,EMNIST,51,p,0.1163330078125,0.0006992376293055713,0.058516122720902786,False
MNIST,8,8,EMNIST,52,q,0.15050950646400452,0.02514563873410225,0.08782757259905338,False
MNIST,8,8,EMNIST,53,r,0.05171731859445572,0.002419603755697608,0.027068461175076663,False
MNIST,8,8,EMNIST,54,s,0.08440690487623215,0.0018048913916572928,0.04310589813394472,False
MNIST,8,8,EMNIST,55,t,0.09046435356140137,0.014460047706961632,0.0524622006341815,False
MNIST,8,8,EMNIST,56,u,0.024277234449982643,0.0002808612189255655,0.012279047834454104,False
MNIST,8,8,EMNIST,57,v,0.03782777860760689,0.00030581725877709687,0.019066797933191992,False
MNIST,8,8,EMNIST,58,w,0.03176204487681389,0.002643745392560959,0.017202895134687424,False
MNIST,8,8,EMNIST,59,x,0.19363972544670105,0.00520936306566,0.09942454425618052,False
MNIST,8,8,EMNIST,60,y,0.05357638746500015,0.0016259945696219802,0.027601191017311066,False
MNIST,8,8,EMNIST,61,z,0.07220923155546188,0.003014220856130123,0.037611726205796,False
MNIST,9,9,EMNIST,0,0,0.013050502166152,0.009404466487467289,0.011227484326809645,False
MNIST,9,9,EMNIST,1,1,0.008261068724095821,0.0007915734313428402,0.004526321077719331,False
MNIST,9,9,EMNIST,2,2,0.03636396303772926,0.017066190019249916,0.02671507652848959,False
MNIST,9,9,EMNIST,3,3,0.017050789669156075,0.020009620115160942,0.01853020489215851,False
MNIST,9,9,EMNIST,4,4,0.11855419725179672,0.1512022316455841,0.13487821444869041,False
MNIST,9,9,EMNIST,5,5,0.057201169431209564,0.004043250344693661,0.030622209887951612,False
MNIST,9,9,EMNIST,6,6,0.023700419813394547,0.004848572425544262,0.014274496119469404,False
MNIST,9,9,EMNIST,7,7,0.06265603005886078,0.006796256639063358,0.03472614334896207,False
MNIST,9,9,EMNIST,8,8,0.05827821046113968,0.059841327369213104,0.05905976891517639,False
MNIST,9,9,EMNIST,9,9,0.3941592574119568,0.2654159665107727,0.32978761196136475,True
MNIST,9,9,EMNIST,10,A,0.22120413184165955,0.03002176247537136,0.12561294715851545,False
MNIST,9,9,EMNIST,11,B,0.06165427714586258,0.009126453660428524,0.03539036540314555,False
MNIST,9,9,EMNIST,12,C,0.028248712420463562,0.001780402846634388,0.015014557633548975,False
MNIST,9,9,EMNIST,13,D,0.02689615823328495,0.0013327182969078422,0.014114438265096396,False
MNIST,9,9,EMNIST,14,E,0.05008399486541748,0.0014838807983323932,0.025783937831874937,False
MNIST,9,9,EMNIST,15,F,0.21042287349700928,0.006790259387344122,0.1086065664421767,False
MNIST,9,9,EMNIST,16,G,0.03684190660715103,0.001865689060650766,0.0193537978339009,False
MNIST,9,9,EMNIST,17,H,0.07188938558101654,0.007590718567371368,0.039740052074193954,False
MNIST,9,9,EMNIST,18,I,0.007234887685626745,0.0005641855532303452,0.0038995366194285452,False
MNIST,9,9,EMNIST,19,J,0.07064463198184967,0.0006878456333652139,0.03566623880760744,False
MNIST,9,9,EMNIST,20,K,0.04178811237215996,0.0013145779957994819,0.02155134518397972,False
MNIST,9,9,EMNIST,21,L,0.0321323499083519,0.00033548902138136327,0.01623391946486663,False
MNIST,9,9,EMNIST,22,M,0.18865026533603668,0.009546523913741112,0.0990983946248889,False
MNIST,9,9,EMNIST,23,N,0.08231259882450104,0.0022570251021534204,0.04228481196332723,False
MNIST,9,9,EMNIST,24,O,0.01757677271962166,0.007530869450420141,0.0125538210850209,False
MNIST,9,9,EMNIST,25,P,0.1867293119430542,0.012983137741684914,0.09985622484236956,False
MNIST,9,9,EMNIST,26,Q,0.026592766866087914,0.010854066349565983,0.018723416607826948,False
MNIST,9,9,EMNIST,27,R,0.044015876948833466,0.010732121765613556,0.02737399935722351,False
MNIST,9,9,EMNIST,28,S,0.01123995054513216,0.0038814153522253036,0.007560682948678732,False
MNIST,9,9,EMNIST,29,T,0.056226588785648346,0.00043323845602571964,0.028329913620837033,False
MNIST,9,9,EMNIST,30,U,0.03354918211698532,0.005713657941669226,0.019631420029327273,False
MNIST,9,9,EMNIST,31,V,0.0490279458463192,0.0006154965376481414,0.02482172119198367,False
MNIST,9,9,EMNIST,32,W,0.02331440895795822,0.0004746794584207237,0.011894544208189473,False
MNIST,9,9,EMNIST,33,X,0.07168742269277573,0.0009745737770572305,0.03633099823491648,False
MNIST,9,9,EMNIST,34,Y,0.11135734617710114,0.005385067313909531,0.05837120674550533,False
MNIST,9,9,EMNIST,35,Z,0.026001300662755966,0.0005097193643450737,0.01325551001355052,False
MNIST,9,9,EMNIST,36,a,0.16867753863334656,0.03425353765487671,0.10146553814411163,False
MNIST,9,9,EMNIST,37,b,0.06932196766138077,0.0024201548658311367,0.03587106126360595,False
MNIST,9,9,EMNIST,38,c,0.03445332497358322,0.0003279552620369941,0.017390640117810108,False
MNIST,9,9,EMNIST,39,d,0.13044586777687073,0.008930704556405544,0.06968828616663814,False
MNIST,9,9,EMNIST,40,e,0.07803286612033844,0.011197877116501331,0.044615371618419886,False
MNIST,9,9,EMNIST,41,f,0.08779412508010864,0.0038493138272315264,0.045821719453670084,False
MNIST,9,9,EMNIST,42,g,0.21981140971183777,0.1110009104013443,0.16540616005659103,False
MNIST,9,9,EMNIST,43,h,0.10832816362380981,0.005607429891824722,0.05696779675781727,False
MNIST,9,9,EMNIST,44,i,0.006944653578102589,0.0007599150994792581,0.0038522843387909234,False
MNIST,9,9,EMNIST,45,j,0.047514885663986206,0.00047644093865528703,0.023995663301320747,False
MNIST,9,9,EMNIST,46,k,0.106157585978508,0.0009696578490547836,0.05356362191378139,False
MNIST,9,9,EMNIST,47,l,0.005742060486227274,0.0005157358245924115,0.0031288981554098427,False
MNIST,9,9,EMNIST,48,m,0.2559613287448883,0.002203371375799179,0.12908235006034374,False
MNIST,9,9,EMNIST,49,n,0.07155688852071762,0.010353830642998219,0.04095535958185792,False
MNIST,9,9,EMNIST,50,o,0.056778520345687866,0.001646667718887329,0.029212594032287598,False
MNIST,9,9,EMNIST,51,p,0.11939585208892822,0.004616186022758484,0.06200601905584335,False
MNIST,9,9,EMNIST,52,q,0.2097899168729782,0.0946877971291542,0.1522388570010662,False
MNIST,9,9,EMNIST,53,r,0.08487698435783386,0.0019978603813797235,0.04343742236960679,False
MNIST,9,9,EMNIST,54,s,0.030742233619093895,0.0015226597897708416,0.01613244670443237,False
MNIST,9,9,EMNIST,55,t,0.14757868647575378,0.014390161260962486,0.08098442386835814,False
MNIST,9,9,EMNIST,56,u,0.03486187383532524,0.001673304126597941,0.01826758898096159,False
MNIST,9,9,EMNIST,57,v,0.07833746075630188,0.0005260993493720889,0.039431780052836984,False
MNIST,9,9,EMNIST,58,w,0.02093486115336418,0.0009207850089296699,0.010927823081146926,False
MNIST,9,9,EMNIST,59,x,0.05709616094827652,0.0015478188870474696,0.029321989917661995,False
MNIST,9,9,EMNIST,60,y,0.09023801982402802,0.007998376153409481,0.04911819798871875,False
MNIST,9,9,EMNIST,61,z,0.029864326119422913,0.001400410896167159,0.015632368507795036,False
MNIST,0,0,CIFAR10,0,airplane,0.160162091255188,0.05708373710513115,0.10862291418015957,False
MNIST,0,0,CIFAR10,1,automobile,0.14168211817741394,0.17770949006080627,0.1596958041191101,False
MNIST,0,0,CIFAR10,2,bird,0.1656230092048645,0.06321172416210175,0.11441736668348312,False
MNIST,0,0,CIFAR10,3,cat,0.14752161502838135,0.10110332071781158,0.12431246787309647,False
MNIST,0,0,CIFAR10,4,deer,0.13989631831645966,0.05657846853137016,0.09823739342391491,False
MNIST,0,0,CIFAR10,5,dog,0.13990873098373413,0.14464034140110016,0.14227453619241714,False
MNIST,0,0,CIFAR10,6,frog,0.12988176941871643,0.07310135662555695,0.10149156302213669,False
MNIST,0,0,CIFAR10,7,horse,0.16824649274349213,0.13789430260658264,0.15307039767503738,False
MNIST,0,0,CIFAR10,8,ship,0.14840078353881836,0.07152698934078217,0.10996388643980026,False
MNIST,0,0,CIFAR10,9,truck,0.13678330183029175,0.11715026199817657,0.12696678191423416,False
MNIST,1,1,CIFAR10,0,airplane,0.021370451897382736,0.03243950754404068,0.026904979720711708,False
MNIST,1,1,CIFAR10,1,automobile,0.029336532577872276,0.0756378173828125,0.05248717498034239,False
MNIST,1,1,CIFAR10,2,bird,0.07490941137075424,0.07850246131420135,0.0767059363424778,False
MNIST,1,1,CIFAR10,3,cat,0.053515493869781494,0.16684260964393616,0.11017905175685883,False
MNIST,1,1,CIFAR10,4,deer,0.08336477726697922,0.08384700119495392,0.08360588923096657,False
MNIST,1,1,CIFAR10,5,dog,0.023820756003260612,0.20094716548919678,0.1123839607462287,False
MNIST,1,1,CIFAR10,6,frog,0.023995861411094666,0.15627844631671906,0.09013715386390686,False
MNIST,1,1,CIFAR10,7,horse,0.03349223732948303,0.11989333480596542,0.07669278606772423,False
MNIST,1,1,CIFAR10,8,ship,0.014646974392235279,0.022961556911468506,0.018804265651851892,False
MNIST,1,1,CIFAR10,9,truck,0.04141455516219139,0.06265012174844742,0.052032338455319405,False
MNIST,2,2,CIFAR10,0,airplane,0.1345197856426239,0.05478048324584961,0.09465013444423676,False
MNIST,2,2,CIFAR10,1,automobile,0.06711810827255249,0.21361584961414337,0.14036697894334793,False
MNIST,2,2,CIFAR10,2,bird,0.09873668849468231,0.05777706950902939,0.07825687900185585,False
MNIST,2,2,CIFAR10,3,cat,0.15176548063755035,0.09862760454416275,0.12519654259085655,False
MNIST,2,2,CIFAR10,4,deer,0.0697847232222557,0.055230796337127686,0.0625077597796917,False
MNIST,2,2,CIFAR10,5,dog,0.07872879505157471,0.1495663970708847,0.1141475960612297,False
MNIST,2,2,CIFAR10,6,frog,0.11136086285114288,0.08089035749435425,0.09612561017274857,False
MNIST,2,2,CIFAR10,7,horse,0.1261887550354004,0.11294045299291611,0.11956460401415825,False
MNIST,2,2,CIFAR10,8,ship,0.08619557321071625,0.05993812531232834,0.0730668492615223,False
MNIST,2,2,CIFAR10,9,truck,0.07141605764627457,0.1166328564286232,0.09402445703744888,False
MNIST,3,3,CIFAR10,0,airplane,0.0945921540260315,0.0528336837887764,0.07371291890740395,False
MNIST,3,3,CIFAR10,1,automobile,0.11064846813678741,0.23048698902130127,0.17056772857904434,False
MNIST,3,3,CIFAR10,2,bird,0.06444305926561356,0.05861959606409073,0.06153132766485214,False
MNIST,3,3,CIFAR10,3,cat,0.0941367819905281,0.0901123508810997,0.0921245664358139,False
MNIST,3,3,CIFAR10,4,deer,0.05168113857507706,0.053727664053440094,0.052704401314258575,False
MNIST,3,3,CIFAR10,5,dog,0.06830703467130661,0.1385982781648636,0.1034526564180851,False
MNIST,3,3,CIFAR10,6,frog,0.08567115664482117,0.08451829105615616,0.08509472385048866,False
MNIST,3,3,CIFAR10,7,horse,0.07281888276338577,0.11305594444274902,0.0929374136030674,False
MNIST,3,3,CIFAR10,8,ship,0.09065942466259003,0.048333801329135895,0.06949661299586296,False
MNIST,3,3,CIFAR10,9,truck,0.08619789779186249,0.12971341609954834,0.10795565694570541,False
MNIST,4,4,CIFAR10,0,airplane,0.022728050127625465,0.03913296386599541,0.030930506996810436,False
MNIST,4,4,CIFAR10,1,automobile,0.03522535786032677,0.1297709196805954,0.08249813877046108,False
MNIST,4,4,CIFAR10,2,bird,0.03239765018224716,0.06969897449016571,0.051048312336206436,False
MNIST,4,4,CIFAR10,3,cat,0.032144397497177124,0.1388145536184311,0.08547947555780411,False
MNIST,4,4,CIFAR10,4,deer,0.05521812289953232,0.06780792027711868,0.0615130215883255,False
MNIST,4,4,CIFAR10,5,dog,0.05194775015115738,0.1701517105102539,0.11104973033070564,False
MNIST,4,4,CIFAR10,6,frog,0.041071679443120956,0.12920428812503815,0.08513798378407955,False
MNIST,4,4,CIFAR10,7,horse,0.02564467117190361,0.12453992664813995,0.07509229891002178,False
MNIST,4,4,CIFAR10,8,ship,0.056740205734968185,0.0369894802570343,0.046864842996001244,False
MNIST,4,4,CIFAR10,9,truck,0.057247161865234375,0.0938892513513565,0.07556820660829544,False
MNIST,5,5,CIFAR10,0,airplane,0.10401146113872528,0.05585949867963791,0.0799354799091816,False
MNIST,5,5,CIFAR10,1,automobile,0.11102738231420517,0.24216270446777344,0.1765950433909893,False
MNIST,5,5,CIFAR10,2,bird,0.08851559460163116,0.058687724173069,0.07360165938735008,False
MNIST,5,5,CIFAR10,3,cat,0.08833208680152893,0.0848228931427002,0.08657748997211456,False
MNIST,5,5,CIFAR10,4,deer,0.07872890681028366,0.0563257560133934,0.06752733141183853,False
MNIST,5,5,CIFAR10,5,dog,0.08563020825386047,0.11643566936254501,0.10103293880820274,False
MNIST,5,5,CIFAR10,6,frog,0.09352017939090729,0.08638931810855865,0.08995474874973297,False
MNIST,5,5,CIFAR10,7,horse,0.08767374604940414,0.1090177670121193,0.09834575653076172,False
MNIST,5,5,CIFAR10,8,ship,0.08924396336078644,0.05465563014149666,0.07194979675114155,False
MNIST,5,5,CIFAR10,9,truck,0.0742543488740921,0.13564305007457733,0.10494869947433472,False
MNIST,6,6,CIFAR10,0,airplane,0.06590558588504791,0.04438275471329689,0.0551441702991724,False
MNIST,6,6,CIFAR10,1,automobile,0.03386995941400528,0.1487114131450653,0.0912906862795353,False
MNIST,6,6,CIFAR10,2,bird,0.05387856438755989,0.06197396665811539,0.05792626552283764,False
MNIST,6,6,CIFAR10,3,cat,0.05123599246144295,0.1297120749950409,0.09047403372824192,False
MNIST,6,6,CIFAR10,4,deer,0.09000947326421738,0.05924932286143303,0.0746293980628252,False
MNIST,6,6,CIFAR10,5,dog,0.07521221041679382,0.18122947216033936,0.1282208412885666,False
MNIST,6,6,CIFAR10,6,frog,0.10456643998622894,0.09523221105337143,0.09989932551980019,False
MNIST,6,6,CIFAR10,7,horse,0.07503700256347656,0.12098939716815948,0.09801319986581802,False
MNIST,6,6,CIFAR10,8,ship,0.09286351501941681,0.06530346721410751,0.07908349111676216,False
MNIST,6,6,CIFAR10,9,truck,0.03429821878671646,0.09321589767932892,0.06375705823302269,False
MNIST,7,7,CIFAR10,0,airplane,0.04468604549765587,0.04496455937623978,0.04482530243694782,False
MNIST,7,7,CIFAR10,1,automobile,0.05089893192052841,0.12155184894800186,0.08622539043426514,False
MNIST,7,7,CIFAR10,2,bird,0.0548076257109642,0.07231331616640091,0.06356047093868256,False
MNIST,7,7,CIFAR10,3,cat,0.026697952300310135,0.13012591004371643,0.07841193117201328,False
MNIST,7,7,CIFAR10,4,deer,0.04524417966604233,0.07121656835079193,0.05823037400841713,False
MNIST,7,7,CIFAR10,5,dog,0.0437132902443409,0.15735739469528198,0.10053534246981144,False
MNIST,7,7,CIFAR10,6,frog,0.04428071156144142,0.11571338027715683,0.07999704591929913,False
MNIST,7,7,CIFAR10,7,horse,0.03787924349308014,0.14964191615581512,0.09376057982444763,False
MNIST,7,7,CIFAR10,8,ship,0.04898054897785187,0.03359010070562363,0.04128532484173775,False
MNIST,7,7,CIFAR10,9,truck,0.08222095668315887,0.10352502763271332,0.0928729921579361,False
MNIST,8,8,CIFAR10,0,airplane,0.2527405619621277,0.038116853684186935,0.1454287078231573,False
MNIST,8,8,CIFAR10,1,automobile,0.33518728613853455,0.14433424174785614,0.23976076394319534,False
MNIST,8,8,CIFAR10,2,bird,0.26504427194595337,0.06518722325563431,0.16511574760079384,False
MNIST,8,8,CIFAR10,3,cat,0.23890893161296844,0.12584197521209717,0.1823754534125328,False
MNIST,8,8,CIFAR10,4,deer,0.29433807730674744,0.06687727570533752,0.18060767650604248,False
MNIST,8,8,CIFAR10,5,dog,0.3080706000328064,0.17811277508735657,0.24309168756008148,False
MNIST,8,8,CIFAR10,6,frog,0.2890165448188782,0.11804542690515518,0.20353098586201668,False
MNIST,8,8,CIFAR10,7,horse,0.29440972208976746,0.1278628259897232,0.21113627403974533,False
MNIST,8,8,CIFAR10,8,ship,0.2531879246234894,0.03368237242102623,0.1434351485222578,False
MNIST,8,8,CIFAR10,9,truck,0.30600279569625854,0.10193905979394913,0.20397092774510384,False
MNIST,9,9,CIFAR10,0,airplane,0.09928382188081741,0.044115036725997925,0.07169942930340767,False
MNIST,9,9,CIFAR10,1,automobile,0.08500586450099945,0.14508336782455444,0.11504461616277695,False
MNIST,9,9,CIFAR10,2,bird,0.10164417326450348,0.0652739554643631,0.08345906436443329,False
MNIST,9,9,CIFAR10,3,cat,0.11574126780033112,0.12485915422439575,0.12030021101236343,False
MNIST,9,9,CIFAR10,4,deer,0.09173427522182465,0.06199054792523384,0.07686241157352924,False
MNIST,9,9,CIFAR10,5,dog,0.12466065585613251,0.16935212910175323,0.14700639247894287,False
MNIST,9,9,CIFAR10,6,frog,0.07663479447364807,0.11035020649433136,0.09349250048398972,False
MNIST,9,9,CIFAR10,7,horse,0.07860925048589706,0.13334238529205322,0.10597581788897514,False
MNIST,9,9,CIFAR10,8,ship,0.11908111721277237,0.03852449730038643,0.0788028072565794,False
MNIST,9,9,CIFAR10,9,truck,0.11016471683979034,0.10710873454809189,0.10863672569394112,False
EMNIST,0,0,CIFAR10,0,airplane,0.006992557551711798,0.05935367941856384,0.03317311848513782,False
EMNIST,0,0,CIFAR10,1,automobile,0.009289965033531189,0.16580970585346222,0.0875498354434967,False
EMNIST,0,0,CIFAR10,2,bird,0.009757591411471367,0.06884713470935822,0.03930236306041479,False
EMNIST,0,0,CIFAR10,3,cat,0.012826144695281982,0.10750778019428253,0.06016696244478226,False
EMNIST,0,0,CIFAR10,4,deer,0.008565003052353859,0.061340950429439545,0.0349529767408967,False
EMNIST,0,0,CIFAR10,5,dog,0.005281181540340185,0.13889722526073456,0.07208920340053737,False
EMNIST,0,0,CIFAR10,6,frog,0.013386672362685204,0.07199597358703613,0.04269132297486067,False
EMNIST,0,0,CIFAR10,7,horse,0.011346433311700821,0.14250454306602478,0.0769254881888628,False
EMNIST,0,0,CIFAR10,8,ship,0.00763113284483552,0.06946460902690887,0.0385478709358722,False
EMNIST,0,0,CIFAR10,9,truck,0.005809294991195202,0.11427842080593109,0.06004385789856315,False
EMNIST,1,1,CIFAR10,0,airplane,0.002175616566091776,0.028600186109542847,0.015387901337817311,False
EMNIST,1,1,CIFAR10,1,automobile,0.005584786646068096,0.057420771569013596,0.031502779107540846,False
EMNIST,1,1,CIFAR10,2,bird,0.013403820805251598,0.08025388419628143,0.046828852500766516,False
EMNIST,1,1,CIFAR10,3,cat,0.00870190467685461,0.17566721141338348,0.09218455804511905,False
EMNIST,1,1,CIFAR10,4,deer,0.011330186389386654,0.0871795117855072,0.04925484908744693,False
EMNIST,1,1,CIFAR10,5,dog,0.0011654146946966648,0.2333323210477829,0.11724886787123978,False
EMNIST,1,1,CIFAR10,6,frog,0.005836810451000929,0.15175649523735046,0.0787966528441757,False
EMNIST,1,1,CIFAR10,7,horse,0.0061848838813602924,0.11733733117580414,0.061761107528582215,False
EMNIST,1,1,CIFAR10,8,ship,0.0028557386249303818,0.021938670426607132,0.012397204525768757,False
EMNIST,1,1,CIFAR10,9,truck,0.0038704618345946074,0.04651365429162979,0.0251920580631122,False
EMNIST,2,2,CIFAR10,0,airplane,0.024692418053746223,0.052337396889925,0.03851490747183561,False
EMNIST,2,2,CIFAR10,1,automobile,0.010969717055559158,0.1741258203983307,0.09254776872694492,False
EMNIST,2,2,CIFAR10,2,bird,0.014154051430523396,0.05899475887417793,0.036574405152350664,False
EMNIST,2,2,CIFAR10,3,cat,0.011493708938360214,0.12206213176250458,0.0667779203504324,False
EMNIST,2,2,CIFAR10,4,deer,0.010337884537875652,0.05733411759138107,0.03383600106462836,False
EMNIST,2,2,CIFAR10,5,dog,0.008405200205743313,0.17632825672626495,0.09236672846600413,False
EMNIST,2,2,CIFAR10,6,frog,0.013800159096717834,0.07256540656089783,0.04318278282880783,False
EMNIST,2,2,CIFAR10,7,horse,0.020025569945573807,0.12416903674602509,0.07209730334579945,False
EMNIST,2,2,CIFAR10,8,ship,0.013720028102397919,0.053900498896837234,0.03381026349961758,False
EMNIST,2,2,CIFAR10,9,truck,0.0091062281280756,0.10818257182836533,0.05864439997822046,False
EMNIST,3,3,CIFAR10,0,airplane,0.016861308366060257,0.05614473298192024,0.03650302067399025,False
EMNIST,3,3,CIFAR10,1,automobile,0.005064180586487055,0.21113117039203644,0.10809767548926175,False
EMNIST,3,3,CIFAR10,2,bird,0.010470020584762096,0.059674233198165894,0.035072126891463995,False
EMNIST,3,3,CIFAR10,3,cat,0.020777733996510506,0.09525731950998306,0.058017526753246784,False
EMNIST,3,3,CIFAR10,4,deer,0.004336735233664513,0.05339021235704422,0.028863473795354366,False
EMNIST,3,3,CIFAR10,5,dog,0.0028978059999644756,0.1558990180492401,0.0793984120246023,False
EMNIST,3,3,CIFAR10,6,frog,0.0039046364836394787,0.0688837543129921,0.03639419539831579,False
EMNIST,3,3,CIFAR10,7,horse,0.01057715155184269,0.11716599762439728,0.06387157458811998,False
EMNIST,3,3,CIFAR10,8,ship,0.0038172577042132616,0.0544389970600605,0.02912812738213688,False
EMNIST,3,3,CIFAR10,9,truck,0.004936174489557743,0.12801454961299896,0.06647536205127835,False
EMNIST,4,4,CIFAR10,0,airplane,0.01694379933178425,0.037341438233852386,0.027142618782818317,False
EMNIST,4,4,CIFAR10,1,automobile,0.01936996355652809,0.12715721130371094,0.07326358743011951,False
EMNIST,4,4,CIFAR10,2,bird,0.007777758873999119,0.06952023506164551,0.03864899696782231,False
EMNIST,4,4,CIFAR10,3,cat,0.008481035009026527,0.14383888244628906,0.0761599587276578,False
EMNIST,4,4,CIFAR10,4,deer,0.016402876004576683,0.060607146471738815,0.03850501123815775,False
EMNIST,4,4,CIFAR10,5,dog,0.03821614012122154,0.19625435769557953,0.11723524890840054,False
EMNIST,4,4,CIFAR10,6,frog,0.03631151467561722,0.10671786963939667,0.07151469215750694,False
EMNIST,4,4,CIFAR10,7,horse,0.012298175133764744,0.13245074450969696,0.07237445982173085,False
EMNIST,4,4,CIFAR10,8,ship,0.043638117611408234,0.03071676753461361,0.03717744257301092,False
EMNIST,4,4,CIFAR10,9,truck,0.04619308561086655,0.09539536386728287,0.07079422473907471,False
EMNIST,5,5,CIFAR10,0,airplane,0.019052010029554367,0.06193878501653671,0.04049539752304554,False
EMNIST,5,5,CIFAR10,1,automobile,0.007155480794608593,0.2573971152305603,0.13227629801258445,False
EMNIST,5,5,CIFAR10,2,bird,0.014362761750817299,0.057479243725538254,0.035921002738177776,False
EMNIST,5,5,CIFAR10,3,cat,0.00849963165819645,0.08101189881563187,0.04475576523691416,False
EMNIST,5,5,CIFAR10,4,deer,0.005411710124462843,0.051696211099624634,0.02855396061204374,False
EMNIST,5,5,CIFAR10,5,dog,0.003365505952388048,0.1103227511048317,0.05684412852860987,False
EMNIST,5,5,CIFAR10,6,frog,0.008757446892559528,0.07854145765304565,0.04364945227280259,False
EMNIST,5,5,CIFAR10,7,horse,0.01425092201679945,0.09908302128314972,0.056666971649974585,False
EMNIST,5,5,CIFAR10,8,ship,0.008919949643313885,0.06029350310564041,0.03460672637447715,False
EMNIST,5,5,CIFAR10,9,truck,0.003912015818059444,0.14223600924015045,0.07307401252910495,False
EMNIST,6,6,CIFAR10,0,airplane,0.00419293437153101,0.030737776309251785,0.017465355340391397,False
EMNIST,6,6,CIFAR10,1,automobile,0.004950067028403282,0.04807841777801514,0.02651424240320921,False
EMNIST,6,6,CIFAR10,2,bird,0.006044618785381317,0.07408565282821655,0.040065135806798935,False
EMNIST,6,6,CIFAR10,3,cat,0.005458874627947807,0.16549977660179138,0.0854793256148696,False
EMNIST,6,6,CIFAR10,4,deer,0.013498653657734394,0.08676575124263763,0.050132202450186014,False
EMNIST,6,6,CIFAR10,5,dog,0.009431551210582256,0.24408170580863953,0.1267566285096109,False
EMNIST,6,6,CIFAR10,6,frog,0.05247248336672783,0.13891641795635223,0.09569445066154003,False
EMNIST,6,6,CIFAR10,7,horse,0.023459075018763542,0.11164964735507965,0.0675543611869216,False
EMNIST,6,6,CIFAR10,8,ship,0.005401555448770523,0.0551193542778492,0.03026045486330986,False
EMNIST,6,6,CIFAR10,9,truck,0.0026364815421402454,0.04506547376513481,0.02385097765363753,False
EMNIST,7,7,CIFAR10,0,airplane,0.024194568395614624,0.043137118220329285,0.033665843307971954,False
EMNIST,7,7,CIFAR10,1,automobile,0.02713271975517273,0.12052199989557266,0.0738273598253727,False
EMNIST,7,7,CIFAR10,2,bird,0.04069915786385536,0.07330737262964249,0.057003265246748924,False
EMNIST,7,7,CIFAR10,3,cat,0.014871303923428059,0.1274983435869217,0.07118482375517488,False
EMNIST,7,7,CIFAR10,4,deer,0.0100555419921875,0.07095026969909668,0.04050290584564209,False
EMNIST,7,7,CIFAR10,5,dog,0.007825830951333046,0.16424959897994995,0.0860377149656415,False
EMNIST,7,7,CIFAR10,6,frog,0.013635428622364998,0.11111803352832794,0.06237673107534647,False
EMNIST,7,7,CIFAR10,7,horse,0.002141623990610242,0.15089647471904755,0.0765190493548289,False
EMNIST,7,7,CIFAR10,8,ship,0.024688027799129486,0.0338292121887207,0.029258619993925095,False
EMNIST,7,7,CIFAR10,9,truck,0.0412738099694252,0.10449159145355225,0.07288270071148872,False
EMNIST,8,8,CIFAR10,0,airplane,0.16859911382198334,0.045983314514160156,0.10729121416807175,False
EMNIST,8,8,CIFAR10,1,automobile,0.10394153743982315,0.14974717795848846,0.1268443576991558,False
EMNIST,8,8,CIFAR10,2,bird,0.09783507138490677,0.06327474117279053,0.08055490627884865,False
EMNIST,8,8,CIFAR10,3,cat,0.1640130579471588,0.11545982211828232,0.13973644003272057,False
EMNIST,8,8,CIFAR10,4,deer,0.09580336511135101,0.05920097231864929,0.07750216871500015,False
EMNIST,8,8,CIFAR10,5,dog,0.15153896808624268,0.20582649111747742,0.17868272960186005,False
EMNIST,8,8,CIFAR10,6,frog,0.10361826419830322,0.08627060055732727,0.09494443237781525,False
EMNIST,8,8,CIFAR10,7,horse,0.11876027286052704,0.12789447605609894,0.12332737445831299,False
EMNIST,8,8,CIFAR10,8,ship,0.13487547636032104,0.04002993181347847,0.08745270408689976,False
EMNIST,8,8,CIFAR10,9,truck,0.11851869523525238,0.10631246864795685,0.11241558194160461,False
EMNIST,9,9,CIFAR10,0,airplane,0.013086092658340931,0.04351489990949631,0.02830049628391862,False
EMNIST,9,9,CIFAR10,1,automobile,0.011392507702112198,0.16714352369308472,0.08926801569759846,False
EMNIST,9,9,CIFAR10,2,bird,0.004943924956023693,0.06163952499628067,0.03329172497615218,False
EMNIST,9,9,CIFAR10,3,cat,0.006256885826587677,0.11598293483257294,0.06111991032958031,False
EMNIST,9,9,CIFAR10,4,deer,0.013754461891949177,0.053432147949934006,0.03359330492094159,False
EMNIST,9,9,CIFAR10,5,dog,0.027416691184043884,0.1743226945400238,0.10086969286203384,False
EMNIST,9,9,CIFAR10,6,frog,0.003111710073426366,0.07965576648712158,0.041383738280273974,False
EMNIST,9,9,CIFAR10,7,horse,0.00377558427862823,0.13919059932231903,0.07148309180047363,False
EMNIST,9,9,CIFAR10,8,ship,0.050587546080350876,0.03871715068817139,0.04465234838426113,False
EMNIST,9,9,CIFAR10,9,truck,0.042410291731357574,0.12640073895454407,0.08440551534295082,False
EMNIST,10,A,CIFAR10,0,airplane,0.0462324395775795,0.048921138048172,0.04757678881287575,False
EMNIST,10,A,CIFAR10,1,automobile,0.038253240287303925,0.1674491912126541,0.10285121574997902,False
EMNIST,10,A,CIFAR10,2,bird,0.055526815354824066,0.06298061460256577,0.059253714978694916,False
EMNIST,10,A,CIFAR10,3,cat,0.06131816655397415,0.10885082185268402,0.08508449420332909,False
EMNIST,10,A,CIFAR10,4,deer,0.04475700110197067,0.05372389033436775,0.04924044571816921,False
EMNIST,10,A,CIFAR10,5,dog,0.07512962073087692,0.1699107587337494,0.12252018973231316,False
EMNIST,10,A,CIFAR10,6,frog,0.04092123359441757,0.07727246731519699,0.05909685045480728,False
EMNIST,10,A,CIFAR10,7,horse,0.05511464551091194,0.13039755821228027,0.09275610186159611,False
EMNIST,10,A,CIFAR10,8,ship,0.04177648574113846,0.06440062075853348,0.05308855324983597,False
EMNIST,10,A,CIFAR10,9,truck,0.042950455099344254,0.11609293520450592,0.07952169515192509,False
EMNIST,11,B,CIFAR10,0,airplane,0.05782752484083176,0.04784998297691345,0.052838753908872604,False
EMNIST,11,B,CIFAR10,1,automobile,0.060560692101716995,0.18512001633644104,0.12284035421907902,False
EMNIST,11,B,CIFAR10,2,bird,0.06509768217802048,0.06308669596910477,0.06409218907356262,False
EMNIST,11,B,CIFAR10,3,cat,0.06137805059552193,0.10476384311914444,0.08307094685733318,False
EMNIST,11,B,CIFAR10,4,deer,0.051193803548812866,0.055621981620788574,0.05340789258480072,False
EMNIST,11,B,CIFAR10,5,dog,0.06177810952067375,0.1592521369457245,0.11051512323319912,False
EMNIST,11,B,CIFAR10,6,frog,0.081852488219738,0.08058156073093414,0.08121702447533607,False
EMNIST,11,B,CIFAR10,7,horse,0.0659298226237297,0.13886471092700958,0.10239726677536964,False
EMNIST,11,B,CIFAR10,8,ship,0.025288674980401993,0.04086539149284363,0.03307703323662281,False
EMNIST,11,B,CIFAR10,9,truck,0.05868561193346977,0.12399370968341827,0.09133966080844402,False
EMNIST,12,C,CIFAR10,0,airplane,0.002765013836324215,0.05679488927125931,0.02977995155379176,False
EMNIST,12,C,CIFAR10,1,automobile,0.0069860233925282955,0.17696455121040344,0.09197528730146587,False
EMNIST,12,C,CIFAR10,2,bird,0.0034952200949192047,0.06664562225341797,0.03507042117416859,False
EMNIST,12,C,CIFAR10,3,cat,0.006948621477931738,0.11295332759618759,0.059950974537059665,False
EMNIST,12,C,CIFAR10,4,deer,0.004404402803629637,0.06462522596120834,0.03451481438241899,False
EMNIST,12,C,CIFAR10,5,dog,0.002443515695631504,0.15399864315986633,0.07822107942774892,False
EMNIST,12,C,CIFAR10,6,frog,0.00513879070058465,0.08269062638282776,0.043914708541706204,False
EMNIST,12,C,CIFAR10,7,horse,0.004079832229763269,0.11739744991064072,0.06073864107020199,False
EMNIST,12,C,CIFAR10,8,ship,0.0045336829498410225,0.062425266951322556,0.03347947495058179,False
EMNIST,12,C,CIFAR10,9,truck,0.002775923814624548,0.10550440847873688,0.05414016614668071,False
EMNIST,13,D,CIFAR10,0,airplane,0.01612623780965805,0.048097364604473114,0.03211180120706558,False
EMNIST,13,D,CIFAR10,1,automobile,0.01705199107527733,0.11657097190618515,0.06681148149073124,False
EMNIST,13,D,CIFAR10,2,bird,0.012695779092609882,0.06958175450563431,0.041138766799122095,False
EMNIST,13,D,CIFAR10,3,cat,0.022654816508293152,0.13418158888816833,0.07841820269823074,False
EMNIST,13,D,CIFAR10,4,deer,0.011158247478306293,0.06502411514520645,0.03809118131175637,False
EMNIST,13,D,CIFAR10,5,dog,0.005331997759640217,0.20241029560565948,0.10387114668264985,False
EMNIST,13,D,CIFAR10,6,frog,0.012061168439686298,0.08269710838794708,0.04737913841381669,False
EMNIST,13,D,CIFAR10,7,horse,0.015210919082164764,0.13977548480033875,0.07749320194125175,False
EMNIST,13,D,CIFAR10,8,ship,0.009293099865317345,0.0538887158036232,0.03159090783447027,False
EMNIST,13,D,CIFAR10,9,truck,0.007432462181895971,0.08777258545160294,0.047602523816749454,False
EMNIST,14,E,CIFAR10,0,airplane,0.04180755466222763,0.07301460206508636,0.057411078363657,False
EMNIST,14,E,CIFAR10,1,automobile,0.03470112755894661,0.23705048859119415,0.13587580807507038,False
EMNIST,14,E,CIFAR10,2,bird,0.0056168558076024055,0.057855118066072464,0.031735986936837435,False
EMNIST,14,E,CIFAR10,3,cat,0.01411543320864439,0.08104130625724792,0.04757836973294616,False
EMNIST,14,E,CIFAR10,4,deer,0.010347886011004448,0.0495610311627388,0.029954458586871624,False
EMNIST,14,E,CIFAR10,5,dog,0.0068647959269583225,0.1260366141796112,0.06645070505328476,False
EMNIST,14,E,CIFAR10,6,frog,0.018749086186289787,0.064919114112854,0.041834100149571896,False
EMNIST,14,E,CIFAR10,7,horse,0.015681052580475807,0.10299336910247803,0.05933721084147692,False
EMNIST,14,E,CIFAR10,8,ship,0.05577901005744934,0.07938714325428009,0.06758307665586472,False
EMNIST,14,E,CIFAR10,9,truck,0.00697920611128211,0.12814120948314667,0.06756020779721439,False
EMNIST,15,F,CIFAR10,0,airplane,0.01987755484879017,0.05920745059847832,0.03954250272363424,False
EMNIST,15,F,CIFAR10,1,automobile,0.03612199425697327,0.23606467247009277,0.13609333336353302,False
EMNIST,15,F,CIFAR10,2,bird,0.016137663275003433,0.057318173348903656,0.036727918311953545,False
EMNIST,15,F,CIFAR10,3,cat,0.007081798277795315,0.08347676694393158,0.04527928261086345,False
EMNIST,15,F,CIFAR10,4,deer,0.012811032123863697,0.05410527065396309,0.03345815138891339,False
EMNIST,15,F,CIFAR10,5,dog,0.035949546843767166,0.09511842578649521,0.06553398631513119,False
EMNIST,15,F,CIFAR10,6,frog,0.014598268084228039,0.08512191474437714,0.04986009141430259,False
EMNIST,15,F,CIFAR10,7,horse,0.008287424221634865,0.11758675426244736,0.06293708924204111,False
EMNIST,15,F,CIFAR10,8,ship,0.02208668179810047,0.06367582082748413,0.0428812513127923,False
EMNIST,15,F,CIFAR10,9,truck,0.031752847135066986,0.14832472801208496,0.09003878757357597,False
EMNIST,16,G,CIFAR10,0,airplane,0.004098950885236263,0.05667068436741829,0.030384817626327276,False
EMNIST,16,G,CIFAR10,1,automobile,0.005429571028798819,0.20462188124656677,0.1050257261376828,False
EMNIST,16,G,CIFAR10,2,bird,0.003628551959991455,0.0600348599255085,0.03183170594274998,False
EMNIST,16,G,CIFAR10,3,cat,0.0039024134166538715,0.09526567161083221,0.04958404251374304,False
EMNIST,16,G,CIFAR10,4,deer,0.004246089141815901,0.06122882291674614,0.03273745602928102,False
EMNIST,16,G,CIFAR10,5,dog,0.003033142304047942,0.12166782468557358,0.06235048349481076,False
EMNIST,16,G,CIFAR10,6,frog,0.006436827126890421,0.07978181540966034,0.04310932126827538,False
EMNIST,16,G,CIFAR10,7,horse,0.006217097397893667,0.11849355697631836,0.06235532718710601,False
EMNIST,16,G,CIFAR10,8,ship,0.00448257103562355,0.07951165735721588,0.041997114196419716,False
EMNIST,16,G,CIFAR10,9,truck,0.002604001434519887,0.12272323668003082,0.06266361905727535,False
EMNIST,17,H,CIFAR10,0,airplane,0.010153640992939472,0.03964557498693466,0.024899607989937067,False
EMNIST,17,H,CIFAR10,1,automobile,0.004561674781143665,0.11414482444524765,0.05935324961319566,False
EMNIST,17,H,CIFAR10,2,bird,0.015943489968776703,0.0658869594335556,0.04091522470116615,False
EMNIST,17,H,CIFAR10,3,cat,0.016055312007665634,0.13404402136802673,0.07504966668784618,False
EMNIST,17,H,CIFAR10,4,deer,0.024908535182476044,0.05902764946222305,0.04196809232234955,False
EMNIST,17,H,CIFAR10,5,dog,0.02900547906756401,0.22891835868358612,0.12896191887557507,False
EMNIST,17,H,CIFAR10,6,frog,0.008767335675656796,0.0889616459608078,0.0488644908182323,False
EMNIST,17,H,CIFAR10,7,horse,0.016387969255447388,0.1317671239376068,0.0740775465965271,False
EMNIST,17,H,CIFAR10,8,ship,0.008745002560317516,0.05428583547472954,0.03151541901752353,False
EMNIST,17,H,CIFAR10,9,truck,0.0070158494636416435,0.08331798017024994,0.04516691481694579,False
EMNIST,18,I,CIFAR10,0,airplane,0.0062791043892502785,0.02691994234919548,0.01659952336922288,False
EMNIST,18,I,CIFAR10,1,automobile,0.0071567208506166935,0.04991045594215393,0.028533588396385312,False
EMNIST,18,I,CIFAR10,2,bird,0.009985258802771568,0.08018288016319275,0.04508406948298216,False
EMNIST,18,I,CIFAR10,3,cat,0.006362179759889841,0.17844323813915253,0.09240270894952118,False
EMNIST,18,I,CIFAR10,4,deer,0.009474247694015503,0.08830255270004272,0.048888400197029114,False
EMNIST,18,I,CIFAR10,5,dog,0.001048742444254458,0.2486354112625122,0.12484207685338333,False
EMNIST,18,I,CIFAR10,6,frog,0.006300465669482946,0.15145137906074524,0.07887592236511409,False
EMNIST,18,I,CIFAR10,7,horse,0.007283213548362255,0.11403687298297882,0.06066004326567054,False
EMNIST,18,I,CIFAR10,8,ship,0.0034282784909009933,0.021251877769827843,0.012340078130364418,False
EMNIST,18,I,CIFAR10,9,truck,0.0055104889906942844,0.04086538031697273,0.02318793465383351,False
EMNIST,19,J,CIFAR10,0,airplane,0.04382352903485298,0.05162576958537102,0.047724649310112,False
EMNIST,19,J,CIFAR10,1,automobile,0.0029889848083257675,0.18597476184368134,0.09448187332600355,False
EMNIST,19,J,CIFAR10,2,bird,0.01237828005105257,0.06421186774969101,0.03829507390037179,False
EMNIST,19,J,CIFAR10,3,cat,0.01756509207189083,0.10452821105718613,0.06104665156453848,False
EMNIST,19,J,CIFAR10,4,deer,0.005302604287862778,0.06536213308572769,0.035332368686795235,False
EMNIST,19,J,CIFAR10,5,dog,0.0009926341008394957,0.14095358550548553,0.07097310980316252,False
EMNIST,19,J,CIFAR10,6,frog,0.01766643114387989,0.09195730090141296,0.05481186602264643,False
EMNIST,19,J,CIFAR10,7,horse,0.00951559841632843,0.12230928242206573,0.06591244041919708,False
EMNIST,19,J,CIFAR10,8,ship,0.0038677186239510775,0.04448636621236801,0.024177042418159544,False
EMNIST,19,J,CIFAR10,9,truck,0.0036956996191293,0.12859073281288147,0.06614321621600538,False
EMNIST,20,K,CIFAR10,0,airplane,0.014814016409218311,0.047905679792165756,0.031359848100692034,False
EMNIST,20,K,CIFAR10,1,automobile,0.008654764853417873,0.1750761717557907,0.09186546830460429,False
EMNIST,20,K,CIFAR10,2,bird,0.010993869043886662,0.06094247102737427,0.035968170035630465,False
EMNIST,20,K,CIFAR10,3,cat,0.010163736529648304,0.11211822926998138,0.061140982899814844,False
EMNIST,20,K,CIFAR10,4,deer,0.016995636746287346,0.05653327703475952,0.036764456890523434,False
EMNIST,20,K,CIFAR10,5,dog,0.009072767570614815,0.16952969133853912,0.08930122945457697,False
EMNIST,20,K,CIFAR10,6,frog,0.009993793442845345,0.08402945101261139,0.04701162222772837,False
EMNIST,20,K,CIFAR10,7,horse,0.007446770556271076,0.12586410343647003,0.06665543699637055,False
EMNIST,20,K,CIFAR10,8,ship,0.008535982109606266,0.05150138586759567,0.03001868398860097,False
EMNIST,20,K,CIFAR10,9,truck,0.005468062125146389,0.11649952828884125,0.06098379520699382,False
EMNIST,21,L,CIFAR10,0,airplane,0.0019484811928123236,0.04157305508852005,0.021760768140666187,False
EMNIST,21,L,CIFAR10,1,automobile,0.006027062423527241,0.07523663341999054,0.04063184792175889,False
EMNIST,21,L,CIFAR10,2,bird,0.0030851787887513638,0.07267926633358002,0.03788222256116569,False
EMNIST,21,L,CIFAR10,3,cat,0.004131465684622526,0.16848108172416687,0.0863062737043947,False
EMNIST,21,L,CIFAR10,4,deer,0.007953660562634468,0.08197417855262756,0.044963919557631016,False
EMNIST,21,L,CIFAR10,5,dog,0.0020720078609883785,0.22480115294456482,0.1134365804027766,False
EMNIST,21,L,CIFAR10,6,frog,0.017504310235381126,0.11320658773183823,0.06535544898360968,False
EMNIST,21,L,CIFAR10,7,horse,0.0281576719135046,0.12490355968475342,0.07653061579912901,False
EMNIST,21,L,CIFAR10,8,ship,0.0028010427486151457,0.03723374009132385,0.0200173914199695,False
EMNIST,21,L,CIFAR10,9,truck,0.0011395578039810061,0.05991075187921524,0.030525154841598123,False
EMNIST,22,M,CIFAR10,0,airplane,0.008999464102089405,0.034477461129426956,0.02173846261575818,False
EMNIST,22,M,CIFAR10,1,automobile,0.006041938904672861,0.20610812306404114,0.106075030984357,False
EMNIST,22,M,CIFAR10,2,bird,0.014840429648756981,0.06140677258372307,0.038123601116240025,False
EMNIST,22,M,CIFAR10,3,cat,0.02201041392982006,0.11077795922756195,0.066394186578691,False
EMNIST,22,M,CIFAR10,4,deer,0.017511403188109398,0.053972166031599045,0.03574178460985422,False
EMNIST,22,M,CIFAR10,5,dog,0.021124696359038353,0.1680714339017868,0.09459806513041258,False
EMNIST,22,M,CIFAR10,6,frog,0.007405691780149937,0.09340821206569672,0.050406951922923326,False
EMNIST,22,M,CIFAR10,7,horse,0.015520647168159485,0.12488970905542374,0.07020517811179161,False
EMNIST,22,M,CIFAR10,8,ship,0.0058917878195643425,0.03850851207971573,0.022200149949640036,False
EMNIST,22,M,CIFAR10,9,truck,0.009591711685061455,0.10837967693805695,0.0589856943115592,False
EMNIST,23,N,CIFAR10,0,airplane,0.005460066255182028,0.04740877076983452,0.026434418512508273,False
EMNIST,23,N,CIFAR10,1,automobile,0.007227363530546427,0.14862483739852905,0.07792610046453774,False
EMNIST,23,N,CIFAR10,2,bird,0.025366351008415222,0.06521222740411758,0.0452892892062664,False
EMNIST,23,N,CIFAR10,3,cat,0.02100801095366478,0.12165755033493042,0.0713327806442976,False
EMNIST,23,N,CIFAR10,4,deer,0.023775622248649597,0.05784071609377861,0.040808169171214104,False
EMNIST,23,N,CIFAR10,5,dog,0.02628730610013008,0.19221484661102295,0.10925107635557652,False
EMNIST,23,N,CIFAR10,6,frog,0.009315191768109798,0.08755607903003693,0.04843563539907336,False
EMNIST,23,N,CIFAR10,7,horse,0.014074561186134815,0.12387949228286743,0.06897702673450112,False
EMNIST,23,N,CIFAR10,8,ship,0.005415275227278471,0.06451178342103958,0.034963529324159026,False
EMNIST,23,N,CIFAR10,9,truck,0.0028166722040623426,0.09109371900558472,0.04695519560482353,False
EMNIST,24,O,CIFAR10,0,airplane,0.03434886038303375,0.05635293573141098,0.045350898057222366,False
EMNIST,24,O,CIFAR10,1,automobile,0.07590846717357635,0.13808681070804596,0.10699763894081116,False
EMNIST,24,O,CIFAR10,2,bird,0.09815249592065811,0.07060985267162323,0.08438117429614067,False
EMNIST,24,O,CIFAR10,3,cat,0.04162659868597984,0.11431676149368286,0.07797168008983135,False
EMNIST,24,O,CIFAR10,4,deer,0.10463809967041016,0.06618540734052658,0.08541175350546837,False
EMNIST,24,O,CIFAR10,5,dog,0.048326071351766586,0.1601804941892624,0.10425328277051449,False
EMNIST,24,O,CIFAR10,6,frog,0.06317512691020966,0.07875683158636093,0.0709659792482853,False
EMNIST,24,O,CIFAR10,7,horse,0.04469646140933037,0.11228907108306885,0.07849276624619961,False
EMNIST,24,O,CIFAR10,8,ship,0.06091371178627014,0.10460798442363739,0.08276084810495377,False
EMNIST,24,O,CIFAR10,9,truck,0.06352046877145767,0.09861385077238083,0.08106715977191925,False
EMNIST,25,P,CIFAR10,0,airplane,0.017677566036581993,0.04662841558456421,0.0321529908105731,False
EMNIST,25,P,CIFAR10,1,automobile,0.024448378011584282,0.1626412570476532,0.09354481752961874,False
EMNIST,25,P,CIFAR10,2,bird,0.015005974099040031,0.06505559384822845,0.04003078397363424,False
EMNIST,25,P,CIFAR10,3,cat,0.010336330160498619,0.11477049440145493,0.06255341228097677,False
EMNIST,25,P,CIFAR10,4,deer,0.014850107952952385,0.05764485523104668,0.03624748159199953,False
EMNIST,25,P,CIFAR10,5,dog,0.017705976963043213,0.1595943123102188,0.08865014463663101,False
EMNIST,25,P,CIFAR10,6,frog,0.007858866825699806,0.08893026411533356,0.04839456547051668,False
EMNIST,25,P,CIFAR10,7,horse,0.007318885065615177,0.1364573836326599,0.07188813434913754,False
EMNIST,25,P,CIFAR10,8,ship,0.013176058419048786,0.0457456111907959,0.029460834804922342,False
EMNIST,25,P,CIFAR10,9,truck,0.03155781701207161,0.12253183126449585,0.07704482413828373,False
EMNIST,26,Q,CIFAR10,0,airplane,0.013853317126631737,0.04680963605642319,0.030331476591527462,False
EMNIST,26,Q,CIFAR10,1,automobile,0.017112091183662415,0.17887499928474426,0.09799354523420334,False
EMNIST,26,Q,CIFAR10,2,bird,0.008010519668459892,0.05847589299082756,0.033243206329643726,False
EMNIST,26,Q,CIFAR10,3,cat,0.016097920015454292,0.10757923126220703,0.06183857563883066,False
EMNIST,26,Q,CIFAR10,4,deer,0.00415960606187582,0.05647863820195198,0.0303191221319139,False
EMNIST,26,Q,CIFAR10,5,dog,0.005828981753438711,0.15958653390407562,0.08270775782875717,False
EMNIST,26,Q,CIFAR10,6,frog,0.009785030037164688,0.07630153745412827,0.04304328374564648,False
EMNIST,26,Q,CIFAR10,7,horse,0.011660430580377579,0.13190105557441711,0.07178074307739735,False
EMNIST,26,Q,CIFAR10,8,ship,0.00934868399053812,0.06683747470378876,0.03809307934716344,False
EMNIST,26,Q,CIFAR10,9,truck,0.009951893240213394,0.11715497076511383,0.06355343200266361,False
EMNIST,27,R,CIFAR10,0,airplane,0.02942604385316372,0.057144515216350555,0.04328527953475714,False
EMNIST,27,R,CIFAR10,1,automobile,0.02739296853542328,0.2137443572282791,0.1205686628818512,False
EMNIST,27,R,CIFAR10,2,bird,0.03626105561852455,0.056063104420900345,0.04616208001971245,False
EMNIST,27,R,CIFAR10,3,cat,0.03973514959216118,0.09114847332239151,0.06544181145727634,False
EMNIST,27,R,CIFAR10,4,deer,0.020027732476592064,0.045855604112148285,0.032941668294370174,False
EMNIST,27,R,CIFAR10,5,dog,0.030945200473070145,0.13970769941806793,0.08532644994556904,False
EMNIST,27,R,CIFAR10,6,frog,0.01981203816831112,0.06380021572113037,0.041806126944720745,False
EMNIST,27,R,CIFAR10,7,horse,0.016207043081521988,0.12331874668598175,0.06976289488375187,False
EMNIST,27,R,CIFAR10,8,ship,0.01998959109187126,0.07466857135295868,0.04732908122241497,False
EMNIST,27,R,CIFAR10,9,truck,0.0232523325830698,0.13454870879650116,0.07890052068978548,False
EMNIST,28,S,CIFAR10,0,airplane,0.00968863070011139,0.07158591598272324,0.04063727334141731,False
EMNIST,28,S,CIFAR10,1,automobile,0.005508429370820522,0.27146050333976746,0.138484466355294,False
EMNIST,28,S,CIFAR10,2,bird,0.005901341792196035,0.05532423406839371,0.03061278793029487,False
EMNIST,28,S,CIFAR10,3,cat,0.0061570461839437485,0.07747552543878555,0.04181628581136465,False
EMNIST,28,S,CIFAR10,4,deer,0.004676283337175846,0.045763757079839706,0.025220020208507776,False
EMNIST,28,S,CIFAR10,5,dog,0.0029679976869374514,0.1265881359577179,0.06477806682232767,False
EMNIST,28,S,CIFAR10,6,frog,0.008617429062724113,0.055405206978321075,0.032011318020522594,False
EMNIST,28,S,CIFAR10,7,horse,0.004435187671333551,0.08988568931818008,0.04716043849475682,False
EMNIST,28,S,CIFAR10,8,ship,0.0068032098934054375,0.07244177162647247,0.039622490759938955,False
EMNIST,28,S,CIFAR10,9,truck,0.0034723891876637936,0.1340692788362503,0.06877083401195705,False
EMNIST,29,T,CIFAR10,0,airplane,0.016663771122694016,0.052797455340623856,0.034730613231658936,False
EMNIST,29,T,CIFAR10,1,automobile,0.029130857437849045,0.1613595187664032,0.09524518810212612,False
EMNIST,29,T,CIFAR10,2,bird,0.023441394791007042,0.06672155112028122,0.04508147295564413,False
EMNIST,29,T,CIFAR10,3,cat,0.0025983317755162716,0.10395369678735733,0.0532760142814368,False
EMNIST,29,T,CIFAR10,4,deer,0.013906868174672127,0.06214404106140137,0.03802545461803675,False
EMNIST,29,T,CIFAR10,5,dog,0.010028314776718616,0.1276887059211731,0.06885851034894586,False
EMNIST,29,T,CIFAR10,6,frog,0.006540196947753429,0.08766116946935654,0.04710068320855498,False
EMNIST,29,T,CIFAR10,7,horse,0.00183222652412951,0.15347537398338318,0.07765380025375634,False
EMNIST,29,T,CIFAR10,8,ship,0.015579186379909515,0.042379848659038544,0.02897951751947403,False
EMNIST,29,T,CIFAR10,9,truck,0.019032545387744904,0.14181864261627197,0.08042559400200844,False
EMNIST,30,U,CIFAR10,0,airplane,0.00581944826990366,0.04607430472970009,0.025946876499801874,False
EMNIST,30,U,CIFAR10,1,automobile,0.0032591663766652346,0.1172168031334877,0.06023798475507647,False
EMNIST,30,U,CIFAR10,2,bird,0.010082701221108437,0.06530962139368057,0.037696161307394505,False
EMNIST,30,U,CIFAR10,3,cat,0.00979846902191639,0.14495667815208435,0.07737757358700037,False
EMNIST,30,U,CIFAR10,4,deer,0.014702138490974903,0.06569275259971619,0.040197445545345545,False
EMNIST,30,U,CIFAR10,5,dog,0.003344885306432843,0.20557551085948944,0.10446019808296114,False
EMNIST,30,U,CIFAR10,6,frog,0.010389923118054867,0.0912155732512474,0.050802748184651136,False
EMNIST,30,U,CIFAR10,7,horse,0.016348477452993393,0.12613925337791443,0.07124386541545391,False
EMNIST,30,U,CIFAR10,8,ship,0.008504542522132397,0.05566277354955673,0.032083658035844564,False
EMNIST,30,U,CIFAR10,9,truck,0.009454445913434029,0.0821567177772522,0.04580558184534311,False
EMNIST,31,V,CIFAR10,0,airplane,0.004816798958927393,0.03069291077554226,0.017754854867234826,False
EMNIST,31,V,CIFAR10,1,automobile,0.0035355514846742153,0.06906107813119888,0.03629831480793655,False
EMNIST,31,V,CIFAR10,2,bird,0.00609686691313982,0.06846974790096283,0.037283307407051325,False
EMNIST,31,V,CIFAR10,3,cat,0.004777891095727682,0.1707984209060669,0.08778815600089729,False
EMNIST,31,V,CIFAR10,4,deer,0.008630124852061272,0.06954681873321533,0.0390884717926383,False
EMNIST,31,V,CIFAR10,5,dog,0.002961672842502594,0.2811259627342224,0.1420438177883625,False
EMNIST,31,V,CIFAR10,6,frog,0.008306237868964672,0.10490503162145615,0.05660563474521041,False
EMNIST,31,V,CIFAR10,7,horse,0.007370168808847666,0.11892026662826538,0.06314521771855652,False
EMNIST,31,V,CIFAR10,8,ship,0.010167496278882027,0.031390540301799774,0.0207790182903409,False
EMNIST,31,V,CIFAR10,9,truck,0.004434235394001007,0.055089227855205536,0.02976173162460327,False
EMNIST,32,W,CIFAR10,0,airplane,0.002427521627396345,0.0423109345138073,0.02236922807060182,False
EMNIST,32,W,CIFAR10,1,automobile,0.0034227967262268066,0.08200107514858246,0.04271193593740463,False
EMNIST,32,W,CIFAR10,2,bird,0.00900261290371418,0.07138022780418396,0.04019142035394907,False
EMNIST,32,W,CIFAR10,3,cat,0.024518484249711037,0.15293964743614197,0.0887290658429265,False
EMNIST,32,W,CIFAR10,4,deer,0.009314497001469135,0.08425317704677582,0.04678383702412248,False
EMNIST,32,W,CIFAR10,5,dog,0.02035713754594326,0.20561441779136658,0.11298577766865492,False
EMNIST,32,W,CIFAR10,6,frog,0.015279491432011127,0.1274423897266388,0.07136094057932496,False
EMNIST,32,W,CIFAR10,7,horse,0.02286655642092228,0.12023448944091797,0.07155052293092012,False
EMNIST,32,W,CIFAR10,8,ship,0.005216046702116728,0.04398458078503609,0.024600313743576407,False
EMNIST,32,W,CIFAR10,9,truck,0.013193284161388874,0.06983903050422668,0.04151615733280778,False
EMNIST,33,X,CIFAR10,0,airplane,0.0074101584032177925,0.03583092615008354,0.021620542276650667,False
EMNIST,33,X,CIFAR10,1,automobile,0.005967681296169758,0.11726349592208862,0.06161558860912919,False
EMNIST,33,X,CIFAR10,2,bird,0.008293221704661846,0.06415404379367828,0.036223632749170065,False
EMNIST,33,X,CIFAR10,3,cat,0.0054665119387209415,0.139879509806633,0.07267301087267697,False
EMNIST,33,X,CIFAR10,4,deer,0.01430598832666874,0.06296680867671967,0.0386363985016942,False
EMNIST,33,X,CIFAR10,5,dog,0.004970257170498371,0.2351197749376297,0.12004501605406404,False
EMNIST,33,X,CIFAR10,6,frog,0.0034449193626642227,0.10298661887645721,0.05321576911956072,False
EMNIST,33,X,CIFAR10,7,horse,0.005930031184107065,0.12085165083408356,0.06339084100909531,False
EMNIST,33,X,CIFAR10,8,ship,0.003359303344041109,0.030966654419898987,0.017162978881970048,False
EMNIST,33,X,CIFAR10,9,truck,0.004193817265331745,0.08998046815395355,0.04708714270964265,False
EMNIST,34,Y,CIFAR10,0,airplane,0.005246604792773724,0.0327354334294796,0.01899101911112666,False
EMNIST,34,Y,CIFAR10,1,automobile,0.007473858539015055,0.0922236442565918,0.049848751397803426,False
EMNIST,34,Y,CIFAR10,2,bird,0.006779803428798914,0.07487531006336212,0.04082755674608052,False
EMNIST,34,Y,CIFAR10,3,cat,0.004646840039640665,0.16066722571849823,0.08265703287906945,False
EMNIST,34,Y,CIFAR10,4,deer,0.009861047379672527,0.07356812059879303,0.04171458398923278,False
EMNIST,34,Y,CIFAR10,5,dog,0.0032891049049794674,0.2137988805770874,0.10854399274103343,False
EMNIST,34,Y,CIFAR10,6,frog,0.0060702101327478886,0.1290813386440277,0.0675757743883878,False
EMNIST,34,Y,CIFAR10,7,horse,0.003138332860544324,0.12653127312660217,0.06483480299357325,False
EMNIST,34,Y,CIFAR10,8,ship,0.008043082430958748,0.02490570768713951,0.01647439505904913,False
EMNIST,34,Y,CIFAR10,9,truck,0.022796664386987686,0.07161305844783783,0.04720486141741276,False
EMNIST,35,Z,CIFAR10,0,airplane,0.008863629773259163,0.072343610227108,0.04060362000018358,False
EMNIST,35,Z,CIFAR10,1,automobile,0.004835123661905527,0.3035619854927063,0.1541985545773059,False
EMNIST,35,Z,CIFAR10,2,bird,0.005689859390258789,0.052943699061870575,0.029316779226064682,False
EMNIST,35,Z,CIFAR10,3,cat,0.006875978317111731,0.07160021364688873,0.03923809598200023,False
EMNIST,35,Z,CIFAR10,4,deer,0.004539995454251766,0.045139115303754807,0.024839555379003286,False
EMNIST,35,Z,CIFAR10,5,dog,0.0029301061294972897,0.11653914302587509,0.05973462457768619,False
EMNIST,35,Z,CIFAR10,6,frog,0.0035395710729062557,0.05618326738476753,0.029861419228836894,False
EMNIST,35,Z,CIFAR10,7,horse,0.004531601909548044,0.078898586332798,0.041715094121173024,False
EMNIST,35,Z,CIFAR10,8,ship,0.007483136840164661,0.07178391516208649,0.039633526001125574,False
EMNIST,35,Z,CIFAR10,9,truck,0.004865310620516539,0.13100646436214447,0.0679358874913305,False
EMNIST,36,a,CIFAR10,0,airplane,0.020515767857432365,0.06264135986566544,0.0415785638615489,False
EMNIST,36,a,CIFAR10,1,automobile,0.0483064167201519,0.23095326125621796,0.13962983898818493,False
EMNIST,36,a,CIFAR10,2,bird,0.03144087642431259,0.06026754528284073,0.04585421085357666,False
EMNIST,36,a,CIFAR10,3,cat,0.03978356719017029,0.0856974720954895,0.0627405196428299,False
EMNIST,36,a,CIFAR10,4,deer,0.022487366572022438,0.050834767520427704,0.03666106704622507,False
EMNIST,36,a,CIFAR10,5,dog,0.03338546305894852,0.10828693956136703,0.07083620131015778,False
EMNIST,36,a,CIFAR10,6,frog,0.0302149448543787,0.07161784172058105,0.05091639328747988,False
EMNIST,36,a,CIFAR10,7,horse,0.06896597146987915,0.1167311817407608,0.09284857660531998,False
EMNIST,36,a,CIFAR10,8,ship,0.03253373131155968,0.08279832452535629,0.057666027918457985,False
EMNIST,36,a,CIFAR10,9,truck,0.036046627908945084,0.1301712989807129,0.08310896344482899,False
EMNIST,37,b,CIFAR10,0,airplane,0.0027065956965088844,0.0375632606446743,0.020134928170591593,False
EMNIST,37,b,CIFAR10,1,automobile,0.0019931572023779154,0.0884435772895813,0.04521836724597961,False
EMNIST,37,b,CIFAR10,2,bird,0.0030242246575653553,0.06858556717634201,0.03580489591695368,False
EMNIST,37,b,CIFAR10,3,cat,0.003550381865352392,0.1539798527956009,0.07876511733047664,False
EMNIST,37,b,CIFAR10,4,deer,0.006774270441383123,0.07209540903568268,0.0394348397385329,False
EMNIST,37,b,CIFAR10,5,dog,0.005063589662313461,0.2450627088546753,0.12506314925849438,False
EMNIST,37,b,CIFAR10,6,frog,0.020700251683592796,0.10952651500701904,0.06511338334530592,False
EMNIST,37,b,CIFAR10,7,horse,0.012317393906414509,0.1244497150182724,0.06838355446234345,False
EMNIST,37,b,CIFAR10,8,ship,0.00349222868680954,0.032508186995983124,0.018000207841396332,False
EMNIST,37,b,CIFAR10,9,truck,0.0010873384308069944,0.06778520345687866,0.03443627094384283,False
EMNIST,38,c,CIFAR10,0,airplane,0.0011165112955495715,0.05874945968389511,0.02993298548972234,False
EMNIST,38,c,CIFAR10,1,automobile,0.0024603810161352158,0.1797214299440384,0.0910909054800868,False
EMNIST,38,c,CIFAR10,2,bird,0.0016080489149317145,0.0632711797952652,0.032439614355098456,False
EMNIST,38,c,CIFAR10,3,cat,0.0018508059438318014,0.10951733589172363,0.05568407091777772,False
EMNIST,38,c,CIFAR10,4,deer,0.0027526002377271652,0.06055956333875656,0.03165608178824186,False
EMNIST,38,c,CIFAR10,5,dog,0.0009320893441326916,0.15553264319896698,0.07823236627154984,False
EMNIST,38,c,CIFAR10,6,frog,0.0022375411354005337,0.073643758893013,0.03794065001420677,False
EMNIST,38,c,CIFAR10,7,horse,0.001941711874678731,0.12270896136760712,0.062325336621142924,False
EMNIST,38,c,CIFAR10,8,ship,0.002098448108881712,0.06398531049489975,0.03304187930189073,False
EMNIST,38,c,CIFAR10,9,truck,0.0010768180945888162,0.11231033504009247,0.05669357656734064,False
EMNIST,39,d,CIFAR10,0,airplane,0.004090433474630117,0.040611233562231064,0.02235083351843059,False
EMNIST,39,d,CIFAR10,1,automobile,0.0036564834881573915,0.08753883838653564,0.04559766093734652,False
EMNIST,39,d,CIFAR10,2,bird,0.005889836233109236,0.06768005341291428,0.036784944823011756,False
EMNIST,39,d,CIFAR10,3,cat,0.006165076978504658,0.15074576437473297,0.07845542067661881,False
EMNIST,39,d,CIFAR10,4,deer,0.009444987401366234,0.07170169800519943,0.04057334270328283,False
EMNIST,39,d,CIFAR10,5,dog,0.007892010733485222,0.23833028972148895,0.12311115022748709,False
EMNIST,39,d,CIFAR10,6,frog,0.01258021593093872,0.10526971518993378,0.05892496556043625,False
EMNIST,39,d,CIFAR10,7,horse,0.011548290029168129,0.127573162317276,0.06956072617322206,False
EMNIST,39,d,CIFAR10,8,ship,0.00838171225041151,0.03900592401623726,0.023693818133324385,False
EMNIST,39,d,CIFAR10,9,truck,0.0033290316350758076,0.07154332101345062,0.037436176324263215,False
EMNIST,40,e,CIFAR10,0,airplane,0.11916444450616837,0.08121784776449203,0.1001911461353302,False
EMNIST,40,e,CIFAR10,1,automobile,0.153461292386055,0.278153657913208,0.2158074751496315,False
EMNIST,40,e,CIFAR10,2,bird,0.0994165763258934,0.05473720282316208,0.07707688957452774,False
EMNIST,40,e,CIFAR10,3,cat,0.0956944078207016,0.06440718472003937,0.08005079627037048,False
EMNIST,40,e,CIFAR10,4,deer,0.11494598537683487,0.038771070539951324,0.0768585279583931,False
EMNIST,40,e,CIFAR10,5,dog,0.12715333700180054,0.11394608020782471,0.12054970860481262,False
EMNIST,40,e,CIFAR10,6,frog,0.1070982813835144,0.04556059092283249,0.07632943615317345,False
EMNIST,40,e,CIFAR10,7,horse,0.11304625123739243,0.09102007001638412,0.10203316062688828,False
EMNIST,40,e,CIFAR10,8,ship,0.14649203419685364,0.09357903152704239,0.12003553286194801,False
EMNIST,40,e,CIFAR10,9,truck,0.13643762469291687,0.13860726356506348,0.13752244412899017,False
EMNIST,41,f,CIFAR10,0,airplane,0.008657002821564674,0.0422590896487236,0.02545804623514414,False
EMNIST,41,f,CIFAR10,1,automobile,0.012854879721999168,0.12026365101337433,0.06655926536768675,False
EMNIST,41,f,CIFAR10,2,bird,0.005971988197416067,0.06956344842910767,0.03776771831326187,False
EMNIST,41,f,CIFAR10,3,cat,0.003691952209919691,0.1300794780254364,0.06688571511767805,False
EMNIST,41,f,CIFAR10,4,deer,0.006735426373779774,0.07133383303880692,0.039034629706293344,False
EMNIST,41,f,CIFAR10,5,dog,0.01331733725965023,0.1799895018339157,0.09665341954678297,False
EMNIST,41,f,CIFAR10,6,frog,0.00627801101654768,0.1151408776640892,0.06070944434031844,False
EMNIST,41,f,CIFAR10,7,horse,0.004329761955887079,0.1293172836303711,0.06682352279312909,False
EMNIST,41,f,CIFAR10,8,ship,0.011734512634575367,0.04343201965093613,0.027583266142755747,False
EMNIST,41,f,CIFAR10,9,truck,0.013921016827225685,0.09862082451581955,0.05627092067152262,False
EMNIST,42,g,CIFAR10,0,airplane,0.013583553954958916,0.047477222979068756,0.030530388467013836,False
EMNIST,42,g,CIFAR10,1,automobile,0.008576986379921436,0.15097323060035706,0.07977510849013925,False
EMNIST,42,g,CIFAR10,2,bird,0.007561636157333851,0.06846873462200165,0.03801518538966775,False
EMNIST,42,g,CIFAR10,3,cat,0.015143901109695435,0.12238830327987671,0.06876610219478607,False
EMNIST,42,g,CIFAR10,4,deer,0.006091050338000059,0.06484777480363846,0.03546941257081926,False
EMNIST,42,g,CIFAR10,5,dog,0.016774341464042664,0.17039579153060913,0.0935850664973259,False
EMNIST,42,g,CIFAR10,6,frog,0.005829541943967342,0.10058711469173431,0.05320832831785083,False
EMNIST,42,g,CIFAR10,7,horse,0.007956339046359062,0.12564121186733246,0.06679877545684576,False
EMNIST,42,g,CIFAR10,8,ship,0.014728307723999023,0.043189264833927155,0.02895878627896309,False
EMNIST,42,g,CIFAR10,9,truck,0.011690433137118816,0.10603133589029312,0.05886088451370597,False
EMNIST,43,h,CIFAR10,0,airplane,0.005659625865519047,0.03281160444021225,0.01923561515286565,False
EMNIST,43,h,CIFAR10,1,automobile,0.004467458464205265,0.0754682794213295,0.03996786894276738,False
EMNIST,43,h,CIFAR10,2,bird,0.008037262596189976,0.07090087980031967,0.039469071198254824,False
EMNIST,43,h,CIFAR10,3,cat,0.006808703299611807,0.15186777710914612,0.07933824020437896,False
EMNIST,43,h,CIFAR10,4,deer,0.023146430030465126,0.07171877473592758,0.047432602383196354,False
EMNIST,43,h,CIFAR10,5,dog,0.011692937463521957,0.25157302618026733,0.13163298182189465,False
EMNIST,43,h,CIFAR10,6,frog,0.011217102408409119,0.11197733879089355,0.06159722059965134,False
EMNIST,43,h,CIFAR10,7,horse,0.016034100204706192,0.129594087600708,0.0728140939027071,False
EMNIST,43,h,CIFAR10,8,ship,0.009790624491870403,0.03846321254968643,0.024126918520778418,False
EMNIST,43,h,CIFAR10,9,truck,0.002886869478970766,0.06562501937150955,0.03425594442524016,False
EMNIST,44,i,CIFAR10,0,airplane,0.0016767760971561074,0.026040971279144287,0.013858873688150197,False
EMNIST,44,i,CIFAR10,1,automobile,0.0035899230279028416,0.04319269210100174,0.02339130756445229,False
EMNIST,44,i,CIFAR10,2,bird,0.00784922856837511,0.07898908108472824,0.043419154826551676,False
EMNIST,44,i,CIFAR10,3,cat,0.0033973336685448885,0.18054679036140442,0.09197206201497465,False
EMNIST,44,i,CIFAR10,4,deer,0.009842026978731155,0.08980417251586914,0.04982309974730015,False
EMNIST,44,i,CIFAR10,5,dog,0.0010628666495904326,0.2635602355003357,0.13231155107496306,False
EMNIST,44,i,CIFAR10,6,frog,0.005471448414027691,0.14882175624370575,0.07714660232886672,False
EMNIST,44,i,CIFAR10,7,horse,0.012767489068210125,0.11283977329730988,0.06280363118276,False
EMNIST,44,i,CIFAR10,8,ship,0.0017908739391714334,0.01999570056796074,0.010893287253566086,False
EMNIST,44,i,CIFAR10,9,truck,0.0035368152894079685,0.03620879724621773,0.019872806267812848,False
EMNIST,45,j,CIFAR10,0,airplane,0.0033778962679207325,0.03520353138446808,0.019290713826194406,False
EMNIST,45,j,CIFAR10,1,automobile,0.001632239669561386,0.06645722687244415,0.03404473327100277,False
EMNIST,45,j,CIFAR10,2,bird,0.005812398158013821,0.07994048297405243,0.042876440566033125,False
EMNIST,45,j,CIFAR10,3,cat,0.003681390080600977,0.16365699470043182,0.0836691923905164,False
EMNIST,45,j,CIFAR10,4,deer,0.004321551416069269,0.0912000983953476,0.04776082490570843,False
EMNIST,45,j,CIFAR10,5,dog,0.0005919269169680774,0.21138295531272888,0.10598744111484848,False
EMNIST,45,j,CIFAR10,6,frog,0.0070433663204312325,0.13851001858711243,0.07277669245377183,False
EMNIST,45,j,CIFAR10,7,horse,0.008868873119354248,0.12475059181451797,0.06680973246693611,False
EMNIST,45,j,CIFAR10,8,ship,0.001568018225952983,0.0335908904671669,0.017579454346559942,False
EMNIST,45,j,CIFAR10,9,truck,0.0022263689897954464,0.05530722066760063,0.02876679482869804,False
EMNIST,46,k,CIFAR10,0,airplane,0.006912377662956715,0.03900745511054993,0.02295991638675332,False
EMNIST,46,k,CIFAR10,1,automobile,0.00735388183966279,0.12600365281105042,0.0666787673253566,False
EMNIST,46,k,CIFAR10,2,bird,0.00866000633686781,0.0672764852643013,0.037968245800584555,False
EMNIST,46,k,CIFAR10,3,cat,0.00833163969218731,0.12923237681388855,0.06878200825303793,False
EMNIST,46,k,CIFAR10,4,deer,0.019666150212287903,0.0665726363658905,0.0431193932890892,False
EMNIST,46,k,CIFAR10,5,dog,0.010426361113786697,0.19502213597297668,0.10272424854338169,False
EMNIST,46,k,CIFAR10,6,frog,0.01128930039703846,0.11180180311203003,0.061545551754534245,False
EMNIST,46,k,CIFAR10,7,horse,0.008028419688344002,0.13010522723197937,0.06906682346016169,False
EMNIST,46,k,CIFAR10,8,ship,0.007672164589166641,0.03740113973617554,0.02253665216267109,False
EMNIST,46,k,CIFAR10,9,truck,0.004266584292054176,0.09757711738348007,0.050921850837767124,False
EMNIST,47,l,CIFAR10,0,airplane,0.0021804352290928364,0.02420315518975258,0.013191795209422708,False
EMNIST,47,l,CIFAR10,1,automobile,0.005297866649925709,0.04304199293255806,0.024169929791241884,False
EMNIST,47,l,CIFAR10,2,bird,0.01346106082201004,0.0814383253455162,0.04744969308376312,False
EMNIST,47,l,CIFAR10,3,cat,0.007229235954582691,0.18161241710186005,0.09442082652822137,False
EMNIST,47,l,CIFAR10,4,deer,0.011836507357656956,0.09225574135780334,0.05204612435773015,False
EMNIST,47,l,CIFAR10,5,dog,0.0008940029656514525,0.2410639077425003,0.12097895535407588,False
EMNIST,47,l,CIFAR10,6,frog,0.006091662682592869,0.16366487741470337,0.08487827004864812,False
EMNIST,47,l,CIFAR10,7,horse,0.010036132298409939,0.11673784255981445,0.0633869874291122,False
EMNIST,47,l,CIFAR10,8,ship,0.0026287746150046587,0.018511703237891197,0.010570238926447928,False
EMNIST,47,l,CIFAR10,9,truck,0.003113924525678158,0.0374700129032135,0.02029196871444583,False
EMNIST,48,m,CIFAR10,0,airplane,0.0038046527188271284,0.04187828302383423,0.02284146787133068,False
EMNIST,48,m,CIFAR10,1,automobile,0.0024240834172815084,0.20937800407409668,0.1059010437456891,False
EMNIST,48,m,CIFAR10,2,bird,0.004482646938413382,0.060065340250730515,0.03227399359457195,False
EMNIST,48,m,CIFAR10,3,cat,0.008177993819117546,0.10278290510177612,0.055480449460446835,False
EMNIST,48,m,CIFAR10,4,deer,0.007241477724164724,0.05500529333949089,0.031123385531827807,False
EMNIST,48,m,CIFAR10,5,dog,0.007459333632141352,0.14057238399982452,0.07401585881598294,False
EMNIST,48,m,CIFAR10,6,frog,0.0026585140731185675,0.09316927194595337,0.04791389300953597,False
EMNIST,48,m,CIFAR10,7,horse,0.005993054248392582,0.13576242327690125,0.07087773876264691,False
EMNIST,48,m,CIFAR10,8,ship,0.0024654993321746588,0.04164595156908035,0.022055725450627506,False
EMNIST,48,m,CIFAR10,9,truck,0.0028868827503174543,0.11974012851715088,0.06131350563373417,False
EMNIST,49,n,CIFAR10,0,airplane,0.008571341633796692,0.0509909987449646,0.029781170189380646,False
EMNIST,49,n,CIFAR10,1,automobile,0.007916291244328022,0.1379002034664154,0.07290824735537171,False
EMNIST,49,n,CIFAR10,2,bird,0.019634174183011055,0.07192151248455048,0.045777843333780766,False
EMNIST,49,n,CIFAR10,3,cat,0.018373120576143265,0.11629676818847656,0.06733494438230991,False
EMNIST,49,n,CIFAR10,4,deer,0.011999757029116154,0.0642189085483551,0.03810933278873563,False
EMNIST,49,n,CIFAR10,5,dog,0.013221454806625843,0.1712512969970703,0.09223637590184808,False
EMNIST,49,n,CIFAR10,6,frog,0.01822063885629177,0.08376744389533997,0.05099404137581587,False
EMNIST,49,n,CIFAR10,7,horse,0.017998743802309036,0.13476401567459106,0.07638137973845005,False
EMNIST,49,n,CIFAR10,8,ship,0.007735289633274078,0.056462179869413376,0.03209873475134373,False
EMNIST,49,n,CIFAR10,9,truck,0.011091484688222408,0.11242666095495224,0.061759072821587324,False
EMNIST,50,o,CIFAR10,0,airplane,0.002080905716866255,0.05337991565465927,0.027730410685762763,False
EMNIST,50,o,CIFAR10,1,automobile,0.0020460858941078186,0.15397079288959503,0.07800843939185143,False
EMNIST,50,o,CIFAR10,2,bird,0.0033952179364860058,0.06629948318004608,0.034847350558266044,False
EMNIST,50,o,CIFAR10,3,cat,0.00492580933496356,0.11704778671264648,0.06098679802380502,False
EMNIST,50,o,CIFAR10,4,deer,0.002699526259675622,0.05881573632359505,0.030757631291635334,False
EMNIST,50,o,CIFAR10,5,dog,0.0011089901672676206,0.16925187408924103,0.08518043212825432,False
EMNIST,50,o,CIFAR10,6,frog,0.0033657681196928024,0.07615183293819427,0.03975880052894354,False
EMNIST,50,o,CIFAR10,7,horse,0.0020488316658884287,0.1249956488609314,0.06352224026340991,False
EMNIST,50,o,CIFAR10,8,ship,0.0029955662321299314,0.07536177337169647,0.0391786698019132,False
EMNIST,50,o,CIFAR10,9,truck,0.0015395296504721045,0.10472512245178223,0.053132326051127166,False
EMNIST,51,p,CIFAR10,0,airplane,0.006795717868953943,0.04937595874071121,0.028085838304832578,False
EMNIST,51,p,CIFAR10,1,automobile,0.010272721759974957,0.14584486186504364,0.0780587918125093,False
EMNIST,51,p,CIFAR10,2,bird,0.00693131098523736,0.06573879718780518,0.03633505408652127,False
EMNIST,51,p,CIFAR10,3,cat,0.00693424791097641,0.12275968492031097,0.06484696641564369,False
EMNIST,51,p,CIFAR10,4,deer,0.007844656705856323,0.05728693678975105,0.03256579674780369,False
EMNIST,51,p,CIFAR10,5,dog,0.008398694917559624,0.1838163137435913,0.09610750433057547,False
EMNIST,51,p,CIFAR10,6,frog,0.004357616417109966,0.08483905345201492,0.044598334934562445,False
EMNIST,51,p,CIFAR10,7,horse,0.004330987576395273,0.12720201909542084,0.06576650333590806,False
EMNIST,51,p,CIFAR10,8,ship,0.005486577749252319,0.05621790140867233,0.030852239578962326,False
EMNIST,51,p,CIFAR10,9,truck,0.011062504723668098,0.10691843926906586,0.05899047199636698,False
EMNIST,52,q,CIFAR10,0,airplane,0.010597229935228825,0.041267313063144684,0.025932271499186754,False
EMNIST,52,q,CIFAR10,1,automobile,0.00899670459330082,0.13199257850646973,0.07049464154988527,False
EMNIST,52,q,CIFAR10,2,bird,0.006961147300899029,0.06623109430074692,0.03659612080082297,False
EMNIST,52,q,CIFAR10,3,cat,0.010194327682256699,0.12618201971054077,0.06818817369639874,False
EMNIST,52,q,CIFAR10,4,deer,0.005597623996436596,0.0629120022058487,0.034254813101142645,False
EMNIST,52,q,CIFAR10,5,dog,0.014250228181481361,0.21392691135406494,0.11408856976777315,False
EMNIST,52,q,CIFAR10,6,frog,0.0042970431968569756,0.09436402469873428,0.04933053394779563,False
EMNIST,52,q,CIFAR10,7,horse,0.005677186883985996,0.1294793337583542,0.06757826032117009,False
EMNIST,52,q,CIFAR10,8,ship,0.014293286018073559,0.036053452640771866,0.025173369329422712,False
EMNIST,52,q,CIFAR10,9,truck,0.014130724593997002,0.09759125113487244,0.05586098786443472,False
EMNIST,53,r,CIFAR10,0,airplane,0.006907797418534756,0.05786169692873955,0.03238474717363715,False
EMNIST,53,r,CIFAR10,1,automobile,0.009094767272472382,0.16717426478862762,0.08813451603055,False
EMNIST,53,r,CIFAR10,2,bird,0.009736565873026848,0.07073473930358887,0.04023565258830786,False
EMNIST,53,r,CIFAR10,3,cat,0.006506157107651234,0.10596432536840439,0.05623524123802781,False
EMNIST,53,r,CIFAR10,4,deer,0.009781868197023869,0.06479193270206451,0.03728690044954419,False
EMNIST,53,r,CIFAR10,5,dog,0.006290018558502197,0.1326897293329239,0.06948987394571304,False
EMNIST,53,r,CIFAR10,6,frog,0.01524057425558567,0.08721525967121124,0.05122791696339846,False
EMNIST,53,r,CIFAR10,7,horse,0.009988860227167606,0.12830086052417755,0.06914486037567258,False
EMNIST,53,r,CIFAR10,8,ship,0.006087868474423885,0.05595173314213753,0.031019800808280706,False
EMNIST,53,r,CIFAR10,9,truck,0.024647831916809082,0.12931545078754425,0.07698164135217667,False
EMNIST,54,s,CIFAR10,0,airplane,0.005847184918820858,0.06268633902072906,0.03426676196977496,False
EMNIST,54,s,CIFAR10,1,automobile,0.0033753938041627407,0.22989480197429657,0.11663509788922966,False
EMNIST,54,s,CIFAR10,2,bird,0.00348875904455781,0.06195155903697014,0.032720159040763974,False
EMNIST,54,s,CIFAR10,3,cat,0.004853821359574795,0.08970530331134796,0.04727956233546138,False
EMNIST,54,s,CIFAR10,4,deer,0.0035526971332728863,0.05938525125384331,0.0314689741935581,False
EMNIST,54,s,CIFAR10,5,dog,0.0021002849098294973,0.12378402799367905,0.06294215645175427,False
EMNIST,54,s,CIFAR10,6,frog,0.003169646952301264,0.0824439600110054,0.04280680348165333,False
EMNIST,54,s,CIFAR10,7,horse,0.0028819595463573933,0.09861205518245697,0.05074700736440718,False
EMNIST,54,s,CIFAR10,8,ship,0.004369825124740601,0.06834717094898224,0.03635849803686142,False
EMNIST,54,s,CIFAR10,9,truck,0.0024146963842213154,0.1231895461678505,0.0628021212760359,False
EMNIST,55,t,CIFAR10,0,airplane,0.007955286651849747,0.05206800624728203,0.030011646449565887,False
EMNIST,55,t,CIFAR10,1,automobile,0.025803718715906143,0.14583471417427063,0.08581921644508839,False
EMNIST,55,t,CIFAR10,2,bird,0.010609970428049564,0.06823393702507019,0.03942195372655988,False
EMNIST,55,t,CIFAR10,3,cat,0.009390732273459435,0.11907920986413956,0.0642349710687995,False
EMNIST,55,t,CIFAR10,4,deer,0.015054753050208092,0.06331940740346909,0.03918708022683859,False
EMNIST,55,t,CIFAR10,5,dog,0.005343826021999121,0.1632138043642044,0.08427881519310176,False
EMNIST,55,t,CIFAR10,6,frog,0.02014315500855446,0.09837639331817627,0.059259774163365364,False
EMNIST,55,t,CIFAR10,7,horse,0.006457301322370768,0.12808504700660706,0.06727117416448891,False
EMNIST,55,t,CIFAR10,8,ship,0.016912473365664482,0.0447356179356575,0.03082404565066099,False
EMNIST,55,t,CIFAR10,9,truck,0.013616448268294334,0.11705386638641357,0.06533515732735395,False
EMNIST,56,u,CIFAR10,0,airplane,0.0019050309201702476,0.050603024661540985,0.026254027790855616,False
EMNIST,56,u,CIFAR10,1,automobile,0.0017918662633746862,0.1256791353225708,0.06373550079297274,False
EMNIST,56,u,CIFAR10,2,bird,0.002437590854242444,0.06308865547180176,0.0327631231630221,False
EMNIST,56,u,CIFAR10,3,cat,0.0030594337731599808,0.1406722068786621,0.07186582032591105,False
EMNIST,56,u,CIFAR10,4,deer,0.004276403225958347,0.060664527118206024,0.032470465172082186,False
EMNIST,56,u,CIFAR10,5,dog,0.0020886200945824385,0.19604918360710144,0.09906890185084194,False
EMNIST,56,u,CIFAR10,6,frog,0.0074173384346067905,0.08132464438676834,0.044370991410687566,False
EMNIST,56,u,CIFAR10,7,horse,0.006829571910202503,0.12447400391101837,0.06565178791061044,False
EMNIST,56,u,CIFAR10,8,ship,0.003894919529557228,0.06965125352144241,0.03677308652549982,False
EMNIST,56,u,CIFAR10,9,truck,0.0016771532827988267,0.08779338747262955,0.04473527037771419,False
EMNIST,57,v,CIFAR10,0,airplane,0.0023469808511435986,0.03924138471484184,0.02079418278299272,False
EMNIST,57,v,CIFAR10,1,automobile,0.0019154229667037725,0.09855480492115021,0.05023511394392699,False
EMNIST,57,v,CIFAR10,2,bird,0.003608910832554102,0.07072286307811737,0.037165886955335736,False
EMNIST,57,v,CIFAR10,3,cat,0.0028168235439807177,0.15025900304317474,0.07653791329357773,False
EMNIST,57,v,CIFAR10,4,deer,0.004841720685362816,0.06906783580780029,0.036954778246581554,False
EMNIST,57,v,CIFAR10,5,dog,0.0021621533669531345,0.2248317003250122,0.11349692684598267,False
EMNIST,57,v,CIFAR10,6,frog,0.005154994782060385,0.10951609909534454,0.057335546938702464,False
EMNIST,57,v,CIFAR10,7,horse,0.004127237014472485,0.11900899559259415,0.061568116303533316,False
EMNIST,57,v,CIFAR10,8,ship,0.003859712975099683,0.0481935515999794,0.02602663228753954,False
EMNIST,57,v,CIFAR10,9,truck,0.001795042073354125,0.07060375064611435,0.03619939635973424,False
EMNIST,58,w,CIFAR10,0,airplane,0.0014863820979371667,0.04331602528691292,0.022401203692425042,False
EMNIST,58,w,CIFAR10,1,automobile,0.0011846473207697272,0.13252712786197662,0.06685588759137318,False
EMNIST,58,w,CIFAR10,2,bird,0.004408219829201698,0.062218863517045975,0.033313541673123837,False
EMNIST,58,w,CIFAR10,3,cat,0.003213232848793268,0.13587406277656555,0.06954364781267941,False
EMNIST,58,w,CIFAR10,4,deer,0.005959362722933292,0.06436200439929962,0.03516068356111646,False
EMNIST,58,w,CIFAR10,5,dog,0.0035657607950270176,0.1799772083759308,0.0917714845854789,False
EMNIST,58,w,CIFAR10,6,frog,0.0039517818950116634,0.09127737581729889,0.047614578856155276,False
EMNIST,58,w,CIFAR10,7,horse,0.004896637052297592,0.1302792727947235,0.06758795492351055,False
EMNIST,58,w,CIFAR10,8,ship,0.00328499311581254,0.0735563412308693,0.03842066717334092,False
EMNIST,58,w,CIFAR10,9,truck,0.001825042418204248,0.08661172538995743,0.04421838390408084,False
EMNIST,59,x,CIFAR10,0,airplane,0.007705034222453833,0.04352070763707161,0.02561287092976272,False
EMNIST,59,x,CIFAR10,1,automobile,0.006658158265054226,0.11852828413248062,0.06259322119876742,False
EMNIST,59,x,CIFAR10,2,bird,0.008825679309666157,0.06714587658643723,0.03798577794805169,False
EMNIST,59,x,CIFAR10,3,cat,0.007162814028561115,0.1348000317811966,0.07098142290487885,False
EMNIST,59,x,CIFAR10,4,deer,0.014666241593658924,0.062217891216278076,0.0384420664049685,False
EMNIST,59,x,CIFAR10,5,dog,0.007624249905347824,0.23726984858512878,0.1224470492452383,False
EMNIST,59,x,CIFAR10,6,frog,0.00421831663697958,0.09293023496866226,0.04857427580282092,False
EMNIST,59,x,CIFAR10,7,horse,0.006314476020634174,0.11727698147296906,0.061795728746801615,False
EMNIST,59,x,CIFAR10,8,ship,0.005854638293385506,0.04045162349939346,0.023153130896389484,False
EMNIST,59,x,CIFAR10,9,truck,0.006262583192437887,0.08585850894451141,0.04606054606847465,False
EMNIST,60,y,CIFAR10,0,airplane,0.0031302613206207752,0.03193601220846176,0.01753313676454127,False
EMNIST,60,y,CIFAR10,1,automobile,0.003000252414494753,0.09120656549930573,0.04710340895690024,False
EMNIST,60,y,CIFAR10,2,bird,0.0044306805357337,0.07082755863666534,0.03762911958619952,False
EMNIST,60,y,CIFAR10,3,cat,0.004742257762700319,0.16317494213581085,0.08395859994925559,False
EMNIST,60,y,CIFAR10,4,deer,0.005021148826926947,0.0711657702922821,0.038093459559604526,False
EMNIST,60,y,CIFAR10,5,dog,0.004041020758450031,0.2296019047498703,0.11682146275416017,False
EMNIST,60,y,CIFAR10,6,frog,0.0033793977927416563,0.12477071583271027,0.06407505681272596,False
EMNIST,60,y,CIFAR10,7,horse,0.003650953993201256,0.1195104569196701,0.06158070545643568,False
EMNIST,60,y,CIFAR10,8,ship,0.004633464850485325,0.026447748765349388,0.015540606807917356,False
EMNIST,60,y,CIFAR10,9,truck,0.004365288652479649,0.07135828584432602,0.037861787248402834,False
EMNIST,61,z,CIFAR10,0,airplane,0.007978426292538643,0.06918780505657196,0.0385831156745553,False
EMNIST,61,z,CIFAR10,1,automobile,0.007259478326886892,0.2703530490398407,0.1388062636833638,False
EMNIST,61,z,CIFAR10,2,bird,0.005357935093343258,0.05646505206823349,0.030911493580788374,False
EMNIST,61,z,CIFAR10,3,cat,0.005609489977359772,0.07448456436395645,0.04004702717065811,False
EMNIST,61,z,CIFAR10,4,deer,0.005469328258186579,0.04819903522729874,0.026834181742742658,False
EMNIST,61,z,CIFAR10,5,dog,0.003824701067060232,0.12255779653787613,0.06319124880246818,False
EMNIST,61,z,CIFAR10,6,frog,0.004008266143500805,0.059715889394283295,0.03186207776889205,False
EMNIST,61,z,CIFAR10,7,horse,0.004901133012026548,0.09030809253454208,0.047604612773284316,False
EMNIST,61,z,CIFAR10,8,ship,0.008570266887545586,0.07354725897312164,0.041058762930333614,False
EMNIST,61,z,CIFAR10,9,truck,0.006255014333873987,0.1351814568042755,0.07071823556907475,False
