dataset_a,label_a_id,label_a_name,dataset_b,label_b_id,label_b_name,score_a_to_b,score_b_to_a,relation_score,pass_threshold
MNIST,0,0,EMNIST,0,0,0.7415745258331299,0.4744197726249695,0.6079971492290497,True
MNIST,0,0,EMNIST,1,1,0.002080361358821392,1.3575426237366628e-05,0.0010469683925293793,False
MNIST,0,0,EMNIST,2,2,0.1321992725133896,0.018228348344564438,0.07521381042897701,False
MNIST,0,0,EMNIST,3,3,0.021794971078634262,0.0002495019871275872,0.011022236532880925,False
MNIST,0,0,EMNIST,4,4,0.04444577544927597,0.004087486770004034,0.024266631109640002,False
MNIST,0,0,EMNIST,5,5,0.042693398892879486,0.0003033285029232502,0.021498363697901368,False
MNIST,0,0,EMNIST,6,6,0.11169326305389404,0.0018375683575868607,0.05676541570574045,False
MNIST,0,0,EMNIST,7,7,0.018046364188194275,0.00010062585351988673,0.00907349502085708,False
MNIST,0,0,EMNIST,8,8,0.08279247581958771,0.0010768254287540913,0.0419346506241709,False
MNIST,0,0,EMNIST,9,9,0.03971453756093979,0.0016449283575639129,0.02067973295925185,False
MNIST,0,0,EMNIST,10,A,0.14414837956428528,0.00038161600241437554,0.07226499778334983,False
MNIST,0,0,EMNIST,11,B,0.19807347655296326,0.0016428598901256919,0.09985816822154447,False
MNIST,0,0,EMNIST,12,C,0.48111581802368164,0.006040808279067278,0.24357831315137446,True
MNIST,0,0,EMNIST,13,D,0.6995702981948853,0.015281709842383862,0.35742600401863456,True
MNIST,0,0,EMNIST,14,E,0.09138180315494537,3.0444716685451567e-05,0.04570612393581541,False
MNIST,0,0,EMNIST,15,F,0.09310044348239899,2.5185760023305193e-05,0.046562814621211146,False
MNIST,0,0,EMNIST,16,G,0.12608462572097778,0.0005594892427325249,0.06332205748185515,False
MNIST,0,0,EMNIST,17,H,0.07726620137691498,0.0017725437646731734,0.039519372570794076,False
MNIST,0,0,EMNIST,18,I,0.0015112531837075949,3.0857852834742516e-05,0.0007710555182711687,False
MNIST,0,0,EMNIST,19,J,0.0759432315826416,0.00019546097610145807,0.03806934627937153,False
MNIST,0,0,EMNIST,20,K,0.09877809882164001,0.0005909651517868042,0.04968453198671341,False
MNIST,0,0,EMNIST,21,L,0.21850275993347168,0.0007428682874888182,0.10962281411048025,True
MNIST,0,0,EMNIST,22,M,0.11410880088806152,0.006926203612238169,0.060517502250149846,False
MNIST,0,0,EMNIST,23,N,0.17843759059906006,0.00793956033885479,0.09318857546895742,False
MNIST,0,0,EMNIST,24,O,0.7315731048583984,0.3100457787513733,0.5208094418048859,True
MNIST,0,0,EMNIST,25,P,0.08738182485103607,9.533271804684773e-05,0.04373857878454146,False
MNIST,0,0,EMNIST,26,Q,0.39697057008743286,0.00530118215829134,0.2011358761228621,True
MNIST,0,0,EMNIST,27,R,0.15353931486606598,6.977952580200508e-05,0.07680454719593399,False
MNIST,0,0,EMNIST,28,S,0.04786127433180809,0.00019348102796357125,0.02402737767988583,False
MNIST,0,0,EMNIST,29,T,0.09838930517435074,7.108014870027546e-06,0.04919820659461038,False
MNIST,0,0,EMNIST,30,U,0.2694348096847534,0.045275695621967316,0.15735525265336037,True
MNIST,0,0,EMNIST,31,V,0.0699101909995079,0.0003559326287358999,0.0351330618141219,False
MNIST,0,0,EMNIST,32,W,0.2916678488254547,0.002212230348959565,0.14694003958720714,True
MNIST,0,0,EMNIST,33,X,0.08868084847927094,0.0006043242174200714,0.0446425863483455,False
MNIST,0,0,EMNIST,34,Y,0.022207630798220634,9.311226313002408e-05,0.01115037153067533,False
MNIST,0,0,EMNIST,35,Z,0.05626927688717842,5.1362108933972195e-05,0.028160319498056197,False
MNIST,0,0,EMNIST,36,a,0.31545549631118774,0.019640924409031868,0.1675482103601098,True
MNIST,0,0,EMNIST,37,b,0.09134078025817871,0.00035969368764199317,0.04585023697291035,False
MNIST,0,0,EMNIST,38,c,0.3843129575252533,0.0018322588875889778,0.19307260820642114,True
MNIST,0,0,EMNIST,39,d,0.10896147787570953,0.011278903111815453,0.06012019049376249,False
MNIST,0,0,EMNIST,40,e,0.1522963047027588,0.0008424945990554988,0.07656939965090714,False
MNIST,0,0,EMNIST,41,f,0.05096185952425003,1.6413516277680174e-05,0.025489136520263855,False
MNIST,0,0,EMNIST,42,g,0.05468525364995003,0.0014919987879693508,0.02808862621895969,False
MNIST,0,0,EMNIST,43,h,0.03377507999539375,0.0007591714384034276,0.01726712571689859,False
MNIST,0,0,EMNIST,44,i,0.021912358701229095,5.90385479881661e-06,0.010959131278013956,False
MNIST,0,0,EMNIST,45,j,0.15461666882038116,0.00010092349111801013,0.07735879615574959,False
MNIST,0,0,EMNIST,46,k,0.14440830051898956,8.62643209984526e-05,0.07224728241999401,False
MNIST,0,0,EMNIST,47,l,0.0005347296828404069,3.9112237573135644e-05,0.00028692096020677127,False
MNIST,0,0,EMNIST,48,m,0.07817117869853973,0.0013698992552235723,0.03977053897688165,False
MNIST,0,0,EMNIST,49,n,0.3312373757362366,0.0035283167380839586,0.16738284623716027,True
MNIST,0,0,EMNIST,50,o,0.6771150827407837,0.03945988416671753,0.3582874834537506,True
MNIST,0,0,EMNIST,51,p,0.11870286613702774,0.00018937331333290786,0.059446119725180324,False
MNIST,0,0,EMNIST,52,q,0.04224551469087601,0.0020468835718929768,0.022146199131384492,False
MNIST,0,0,EMNIST,53,r,0.22972197830677032,0.0002669993555173278,0.11499448883114383,True
MNIST,0,0,EMNIST,54,s,0.07302121818065643,3.874982940033078e-05,0.03652998400502838,False
MNIST,0,0,EMNIST,55,t,0.02875422313809395,0.0001982092362595722,0.01447621618717676,False
MNIST,0,0,EMNIST,56,u,0.12327077239751816,0.0034853541292250156,0.06337806326337159,False
MNIST,0,0,EMNIST,57,v,0.10955796390771866,0.0003382897120900452,0.05494812680990435,False
MNIST,0,0,EMNIST,58,w,0.08148413896560669,0.0033740017097443342,0.04242907033767551,False
MNIST,0,0,EMNIST,59,x,0.09094945341348648,0.00030535965925082564,0.04562740653636865,False
MNIST,0,0,EMNIST,60,y,0.04416647553443909,0.0004639810067601502,0.02231522827059962,False
MNIST,0,0,EMNIST,61,z,0.09407878667116165,5.2766270528081805e-05,0.04706577647084487,False
MNIST,1,1,EMNIST,0,0,0.0436873733997345,2.9830160201527178e-05,0.021858601779968012,False
MNIST,1,1,EMNIST,1,1,0.9014970064163208,0.4480138421058655,0.6747554242610931,True
MNIST,1,1,EMNIST,2,2,0.010757158510386944,0.0002443843404762447,0.005500771425431594,False
MNIST,1,1,EMNIST,3,3,0.06282742321491241,5.093700747238472e-05,0.0314391801111924,False
MNIST,1,1,EMNIST,4,4,0.10753677785396576,0.0009182578069157898,0.054227517830440775,False
MNIST,1,1,EMNIST,5,5,0.009386192075908184,2.7623860660241917e-05,0.004706907968284213,False
MNIST,1,1,EMNIST,6,6,0.07791899144649506,6.979412864893675e-05,0.038994392787571996,False
MNIST,1,1,EMNIST,7,7,0.14739514887332916,0.007339163683354855,0.07736715627834201,False
MNIST,1,1,EMNIST,8,8,0.02792278490960598,0.00026080626412294805,0.014091795586864464,False
MNIST,1,1,EMNIST,9,9,0.06927172094583511,0.00047284187166951597,0.034872281408752315,False
MNIST,1,1,EMNIST,10,A,0.03630317375063896,3.035983900190331e-05,0.018166766794820433,False
MNIST,1,1,EMNIST,11,B,0.004168864339590073,1.273841689908295e-06,0.0020850690906399905,False
MNIST,1,1,EMNIST,12,C,0.004876055754721165,2.200378366978839e-05,0.0024490297691954765,False
MNIST,1,1,EMNIST,13,D,0.006680344697088003,1.9680350305861793e-05,0.0033500125236969325,False
MNIST,1,1,EMNIST,14,E,0.0025378961581736803,8.741025339986663e-06,0.0012733185917568335,False
MNIST,1,1,EMNIST,15,F,0.06253451853990555,0.00010451445268699899,0.031319516496296274,False
MNIST,1,1,EMNIST,16,G,0.009262457489967346,6.222934416655335e-07,0.004631539891704506,False
MNIST,1,1,EMNIST,17,H,0.1054614782333374,3.734830170287751e-05,0.05274941326752014,False
MNIST,1,1,EMNIST,18,I,0.9108287692070007,0.19113877415657043,0.5509837716817856,True
MNIST,1,1,EMNIST,19,J,0.07092927396297455,0.002152658300474286,0.03654096613172442,False
MNIST,1,1,EMNIST,20,K,0.024681707844138145,5.123165465192869e-05,0.012366469749395037,False
MNIST,1,1,EMNIST,21,L,0.12143196165561676,0.0017003925750032067,0.061566177115309983,False
MNIST,1,1,EMNIST,22,M,0.05506851524114609,7.901207936811261e-06,0.02753820822454145,False
MNIST,1,1,EMNIST,23,N,0.12509411573410034,0.00042066359310410917,0.06275738966360223,False
MNIST,1,1,EMNIST,24,O,0.004474971443414688,2.455381581967231e-05,0.00224976262961718,False
MNIST,1,1,EMNIST,25,P,0.06672744452953339,6.980323087191209e-05,0.03339862388020265,False
MNIST,1,1,EMNIST,26,Q,0.005836477503180504,2.721191549426294e-06,0.002919599347364965,False
MNIST,1,1,EMNIST,27,R,0.037744324654340744,4.070344402862247e-06,0.018874197499371803,False
MNIST,1,1,EMNIST,28,S,0.0025748619809746742,5.113713996252045e-05,0.0013129995604685973,False
MNIST,1,1,EMNIST,29,T,0.10925881564617157,0.0005884396377950907,0.05492362764198333,False
MNIST,1,1,EMNIST,30,U,0.16542644798755646,0.00034091336419805884,0.08288368067587726,False
MNIST,1,1,EMNIST,31,V,0.330051988363266,0.001952697173692286,0.16600234276847914,True
MNIST,1,1,EMNIST,32,W,0.06515984237194061,9.105714525503572e-06,0.03258447404323306,False
MNIST,1,1,EMNIST,33,X,0.11319513618946075,0.00023736021830700338,0.05671624820388388,False
MNIST,1,1,EMNIST,34,Y,0.4541088044643402,0.0024805788416415453,0.22829469165299088,True
MNIST,1,1,EMNIST,35,Z,0.007679256144911051,9.630252316128463e-05,0.0038877793340361677,False
MNIST,1,1,EMNIST,36,a,0.030337845906615257,1.3959363059257157e-05,0.015175902634837257,False
MNIST,1,1,EMNIST,37,b,0.11749482154846191,5.44081449334044e-05,0.05877461484669766,False
MNIST,1,1,EMNIST,38,c,0.011991865001618862,6.770677828171756e-06,0.005999317839723517,False
MNIST,1,1,EMNIST,39,d,0.05454670265316963,0.00016277529357466847,0.02735473897337215,False
MNIST,1,1,EMNIST,40,e,0.004891482647508383,1.1267794434388634e-05,0.0024513752209713857,False
MNIST,1,1,EMNIST,41,f,0.13528427481651306,4.045069726998918e-05,0.06766236275689153,False
MNIST,1,1,EMNIST,42,g,0.06850610673427582,2.3697826691204682e-05,0.03426490228048351,False
MNIST,1,1,EMNIST,43,h,0.23037031292915344,0.0026175968814641237,0.11649395490530878,True
MNIST,1,1,EMNIST,44,i,0.7609643936157227,0.05785731226205826,0.40941085293889046,True
MNIST,1,1,EMNIST,45,j,0.32286056876182556,0.0055603524670004845,0.16421046061441302,True
MNIST,1,1,EMNIST,46,k,0.06432390958070755,0.00018794559582602233,0.032255927588266786,False
MNIST,1,1,EMNIST,47,l,0.9432517290115356,0.2570129334926605,0.6001323312520981,True
MNIST,1,1,EMNIST,48,m,0.04493448883295059,1.8890283399741747e-06,0.022468188930645283,False
MNIST,1,1,EMNIST,49,n,0.20227539539337158,0.00010442751226946712,0.10118991145282052,True
MNIST,1,1,EMNIST,50,o,0.008150664158165455,2.692682073757169e-06,0.004076678420119606,False
MNIST,1,1,EMNIST,51,p,0.04748068377375603,1.045953558787005e-05,0.02374557165467195,False
MNIST,1,1,EMNIST,52,q,0.05265652388334274,4.1214163502445444e-05,0.026348869023422594,False
MNIST,1,1,EMNIST,53,r,0.17052796483039856,0.0006196987815201283,0.08557383180595934,False
MNIST,1,1,EMNIST,54,s,0.006885790731757879,4.263227310730144e-06,0.0034450269795343047,False
MNIST,1,1,EMNIST,55,t,0.37944740056991577,0.014248674735426903,0.19684803765267134,True
MNIST,1,1,EMNIST,56,u,0.12576988339424133,2.0079991372767836e-05,0.06289498169280705,False
MNIST,1,1,EMNIST,57,v,0.26249465346336365,0.0011702176416292787,0.13183243555249646,True
MNIST,1,1,EMNIST,58,w,0.015705019235610962,5.731957571697421e-06,0.00785537559659133,False
MNIST,1,1,EMNIST,59,x,0.10684815794229507,0.00024242835934273899,0.05354529315081891,False
MNIST,1,1,EMNIST,60,y,0.18049028515815735,0.0009685576078481972,0.09072942138300277,False
MNIST,1,1,EMNIST,61,z,0.007856869138777256,2.8887650842079893e-05,0.003942878394809668,False
MNIST,2,2,EMNIST,0,0,0.03376384824514389,0.0003402633883524686,0.01705205581674818,False
MNIST,2,2,EMNIST,1,1,0.021029114723205566,0.00017788128752727062,0.010603498005366419,False
MNIST,2,2,EMNIST,2,2,0.524955153465271,0.754905641078949,0.63993039727211,True
MNIST,2,2,EMNIST,3,3,0.09870319068431854,0.0774594396352768,0.08808131515979767,False
MNIST,2,2,EMNIST,4,4,0.0240947138518095,0.006640869192779064,0.015367791522294283,False
MNIST,2,2,EMNIST,5,5,0.10873639583587646,0.0075671011582016945,0.05815174849703908,False
MNIST,2,2,EMNIST,6,6,0.05600450560450554,0.0004446791426744312,0.028224592373589985,False
MNIST,2,2,EMNIST,7,7,0.16280950605869293,0.009318049997091293,0.08606377802789211,False
MNIST,2,2,EMNIST,8,8,0.12220311164855957,0.00034071048139594495,0.06127191106497776,False
MNIST,2,2,EMNIST,9,9,0.05800000950694084,0.0002986515173688531,0.029149330512154847,False
MNIST,2,2,EMNIST,10,A,0.04363381117582321,0.00039149526855908334,0.022012653222191148,False
MNIST,2,2,EMNIST,11,B,0.16192850470542908,0.0002405625709798187,0.08108453363820445,False
MNIST,2,2,EMNIST,12,C,0.21439239382743835,0.0061558205634355545,0.11027410719543695,True
MNIST,2,2,EMNIST,13,D,0.07887525856494904,0.0009179713088087738,0.039896614936878905,False
MNIST,2,2,EMNIST,14,E,0.18405435979366302,0.0008759057964198291,0.09246513279504143,False
MNIST,2,2,EMNIST,15,F,0.05953419953584671,0.002073290990665555,0.030803745263256133,False
MNIST,2,2,EMNIST,16,G,0.20996275544166565,0.0008156521362252533,0.10538920378894545,True
MNIST,2,2,EMNIST,17,H,0.019551249220967293,0.0004000374465249479,0.00997564333374612,False
MNIST,2,2,EMNIST,18,I,0.01716344989836216,0.000798967550508678,0.008981208724435419,False
MNIST,2,2,EMNIST,19,J,0.15552929043769836,0.0037572761066257954,0.07964328327216208,False
MNIST,2,2,EMNIST,20,K,0.07088285684585571,0.00045967852929607034,0.03567126768757589,False
MNIST,2,2,EMNIST,21,L,0.11578916013240814,0.0031126842368394136,0.05945092218462378,False
MNIST,2,2,EMNIST,22,M,0.024449210613965988,0.0029381881467998028,0.013693699380382895,False
MNIST,2,2,EMNIST,23,N,0.024970320984721184,0.00032874688622541726,0.0126495339354733,False
MNIST,2,2,EMNIST,24,O,0.05068739131093025,0.00013776388368569314,0.025412577597307973,False
MNIST,2,2,EMNIST,25,P,0.0875692218542099,0.0009690566221252084,0.044269139238167554,False
MNIST,2,2,EMNIST,26,Q,0.20449665188789368,0.0006392907234840095,0.10256797130568884,True
MNIST,2,2,EMNIST,27,R,0.14811888337135315,0.0006797835230827332,0.07439933344721794,False
MNIST,2,2,EMNIST,28,S,0.11996480077505112,0.00041719083674252033,0.06019099580589682,False
MNIST,2,2,EMNIST,29,T,0.0792035460472107,0.0030045886524021626,0.04110406734980643,False
MNIST,2,2,EMNIST,30,U,0.03067871555685997,0.0008220886811614037,0.015750402119010687,False
MNIST,2,2,EMNIST,31,V,0.03447101265192032,3.4147201404266525e-06,0.017237213686030373,False
MNIST,2,2,EMNIST,32,W,0.05759415775537491,0.0005995837273076177,0.029096870741341263,False
MNIST,2,2,EMNIST,33,X,0.06662295758724213,0.0001188630485557951,0.03337091031789896,False
MNIST,2,2,EMNIST,34,Y,0.040449224412441254,9.102672629524022e-05,0.020270125569368247,False
MNIST,2,2,EMNIST,35,Z,0.5877893567085266,0.021733736619353294,0.30476154666393995,True
MNIST,2,2,EMNIST,36,a,0.22509226202964783,0.019866807386279106,0.12247953470796347,True
MNIST,2,2,EMNIST,37,b,0.06923642754554749,0.00029819022165611386,0.0347673088836018,False
MNIST,2,2,EMNIST,38,c,0.2027394324541092,0.0012637634063139558,0.10200159793021157,True
MNIST,2,2,EMNIST,39,d,0.09896509349346161,0.0032262280583381653,0.05109566077589989,False
MNIST,2,2,EMNIST,40,e,0.19504745304584503,0.0007568455766886473,0.09790214931126684,False
MNIST,2,2,EMNIST,41,f,0.13050296902656555,0.00040062121115624905,0.0654517951188609,False
MNIST,2,2,EMNIST,42,g,0.054140180349349976,0.0007536424091085792,0.027446911379229277,False
MNIST,2,2,EMNIST,43,h,0.0680031105875969,0.0002547208277974278,0.03412891570769716,False
MNIST,2,2,EMNIST,44,i,0.032882820814847946,0.0003480974701233208,0.016615459142485633,False
MNIST,2,2,EMNIST,45,j,0.11090662330389023,0.0004963544197380543,0.05570148886181414,False
MNIST,2,2,EMNIST,46,k,0.09452998638153076,0.00012619835615623742,0.0473280923688435,False
MNIST,2,2,EMNIST,47,l,0.009209753945469856,0.000213463295949623,0.00471160862070974,False
MNIST,2,2,EMNIST,48,m,0.03866641968488693,0.000760659750085324,0.019713539717486128,False
MNIST,2,2,EMNIST,49,n,0.01892131008207798,0.0004410891269799322,0.009681199604528956,False
MNIST,2,2,EMNIST,50,o,0.08700821548700333,3.029857725778129e-05,0.043519257032130554,False
MNIST,2,2,EMNIST,51,p,0.07137321680784225,0.00012393834185786545,0.03574857757485006,False
MNIST,2,2,EMNIST,52,q,0.05148279666900635,0.00034351329668425024,0.0259131549828453,False
MNIST,2,2,EMNIST,53,r,0.030483076348900795,0.0006064981571398675,0.015544787253020331,False
MNIST,2,2,EMNIST,54,s,0.11921880394220352,0.00012902500748168677,0.059673914474842604,False
MNIST,2,2,EMNIST,55,t,0.03791217505931854,0.010017318651080132,0.023964746855199337,False
MNIST,2,2,EMNIST,56,u,0.12489495426416397,0.00022348982747644186,0.0625592220458202,False
MNIST,2,2,EMNIST,57,v,0.07549413293600082,1.739543904477614e-06,0.03774793623995265,False
MNIST,2,2,EMNIST,58,w,0.07799836248159409,0.0011940591502934694,0.03959621081594378,False
MNIST,2,2,EMNIST,59,x,0.08759120851755142,0.00015373548376373947,0.04387247200065758,False
MNIST,2,2,EMNIST,60,y,0.04127608984708786,0.00021333145559765399,0.020744710651342757,False
MNIST,2,2,EMNIST,61,z,0.47712916135787964,0.047780390828847885,0.26245477609336376,True
MNIST,3,3,EMNIST,0,0,0.010791738517582417,0.0005174061516299844,0.0056545723346062005,False
MNIST,3,3,EMNIST,1,1,0.009536506608128548,0.00023149594198912382,0.004884001275058836,False
MNIST,3,3,EMNIST,2,2,0.0697493925690651,0.04154127091169357,0.055645331740379333,False
MNIST,3,3,EMNIST,3,3,0.5381083488464355,0.7734958529472351,0.6558021008968353,True
MNIST,3,3,EMNIST,4,4,0.009063823148608208,0.0037650237791240215,0.006414423463866115,False
MNIST,3,3,EMNIST,5,5,0.1969175487756729,0.012484632432460785,0.10470109060406685,True
MNIST,3,3,EMNIST,6,6,0.008130901493132114,0.00021067215129733086,0.004170786822214723,False
MNIST,3,3,EMNIST,7,7,0.058409132063388824,0.003834350733086467,0.031121741398237646,False
MNIST,3,3,EMNIST,8,8,0.13710296154022217,0.01347680389881134,0.07528988271951675,False
MNIST,3,3,EMNIST,9,9,0.03911988437175751,0.007738997228443623,0.023429440800100565,False
MNIST,3,3,EMNIST,10,A,0.03018919751048088,0.0005290493136271834,0.015359123412054032,False
MNIST,3,3,EMNIST,11,B,0.14579543471336365,0.014397536404430866,0.08009648555889726,False
MNIST,3,3,EMNIST,12,C,0.045714784413576126,0.0005692876875400543,0.02314203605055809,False
MNIST,3,3,EMNIST,13,D,0.008715381845831871,0.0015117889270186424,0.005113585386425257,False
MNIST,3,3,EMNIST,14,E,0.09912969917058945,0.00012398508260957897,0.04962684212659951,False
MNIST,3,3,EMNIST,15,F,0.027765735983848572,0.0015083743492141366,0.014637055166531354,False
MNIST,3,3,EMNIST,16,G,0.047817084938287735,0.0011114779626950622,0.0244642814504914,False
MNIST,3,3,EMNIST,17,H,0.01789804734289646,3.901419404428452e-05,0.008968530768470373,False
MNIST,3,3,EMNIST,18,I,0.009212329052388668,0.0003711575409397483,0.004791743296664208,False
MNIST,3,3,EMNIST,19,J,0.27284783124923706,0.0114357341080904,0.14214178267866373,True
MNIST,3,3,EMNIST,20,K,0.026667434722185135,4.158024239586666e-05,0.0133545074822905,False
MNIST,3,3,EMNIST,21,L,0.019331637769937515,0.0002798810601234436,0.00980575941503048,False
MNIST,3,3,EMNIST,22,M,0.016993746161460876,0.00023616885300725698,0.008614957507234067,False
MNIST,3,3,EMNIST,23,N,0.010592560283839703,1.394882292515831e-05,0.0053032545533824305,False
MNIST,3,3,EMNIST,24,O,0.009962950833141804,0.0004081553197465837,0.005185553076444194,False
MNIST,3,3,EMNIST,25,P,0.026190683245658875,0.0015331661561504006,0.013861924700904638,False
MNIST,3,3,EMNIST,26,Q,0.021410059183835983,0.00038162904093042016,0.010895844112383202,False
MNIST,3,3,EMNIST,27,R,0.04821344465017319,0.00011118304973933846,0.024162313849956263,False
MNIST,3,3,EMNIST,28,S,0.28270190954208374,0.05355481430888176,0.16812836192548275,True
MNIST,3,3,EMNIST,29,T,0.05134047940373421,0.00459696352481842,0.027968721464276314,False
MNIST,3,3,EMNIST,30,U,0.015741191804409027,5.086139572085813e-05,0.007896026600064943,False
MNIST,3,3,EMNIST,31,V,0.010305145755410194,6.382775609381497e-06,0.005155764265509788,False
MNIST,3,3,EMNIST,32,W,0.019696975126862526,4.237343546265038e-06,0.009850606235204395,False
MNIST,3,3,EMNIST,33,X,0.054470449686050415,0.00012586728553287685,0.027298158485791646,False
MNIST,3,3,EMNIST,34,Y,0.01956881396472454,0.0004709276254288852,0.010019870795076713,False
MNIST,3,3,EMNIST,35,Z,0.15318235754966736,0.0007477799663320184,0.07696506875799969,False
MNIST,3,3,EMNIST,36,a,0.0302257239818573,0.005073080770671368,0.017649402376264334,False
MNIST,3,3,EMNIST,37,b,0.02787049114704132,0.0002295871963724494,0.014050039171706885,False
MNIST,3,3,EMNIST,38,c,0.06115107983350754,6.40134239802137e-05,0.030607546628743876,False
MNIST,3,3,EMNIST,39,d,0.04347413033246994,0.004173171706497669,0.023823651019483805,False
MNIST,3,3,EMNIST,40,e,0.07714970409870148,0.00023534090723842382,0.03869252250296995,False
MNIST,3,3,EMNIST,41,f,0.04300306364893913,0.0006366852321662009,0.021819874440552667,False
MNIST,3,3,EMNIST,42,g,0.05714980512857437,0.016747068613767624,0.036948436871171,False
MNIST,3,3,EMNIST,43,h,0.03001224622130394,3.215442848159e-05,0.015022200324892765,False
MNIST,3,3,EMNIST,44,i,0.016961093991994858,0.00035438797203823924,0.008657740982016549,False
MNIST,3,3,EMNIST,45,j,0.06134231016039848,0.002951189409941435,0.03214674978516996,False
MNIST,3,3,EMNIST,46,k,0.02256595529615879,9.623696314520203e-06,0.011287789496236655,False
MNIST,3,3,EMNIST,47,l,0.0054979482665658,9.975569264497608e-05,0.002798851979605388,False
MNIST,3,3,EMNIST,48,m,0.025336915627121925,2.8415906854206696e-05,0.012682665766988066,False
MNIST,3,3,EMNIST,49,n,0.012455327436327934,7.613449997734278e-05,0.0062657309681526385,False
MNIST,3,3,EMNIST,50,o,0.02970600686967373,5.3846171795157716e-05,0.014879926520734443,False
MNIST,3,3,EMNIST,51,p,0.0313788577914238,0.00016273189976345748,0.015770794845593628,False
MNIST,3,3,EMNIST,52,q,0.03465309366583824,0.0022101160138845444,0.018431604839861393,False
MNIST,3,3,EMNIST,53,r,0.014006564393639565,3.7338282709242776e-05,0.007021951338174404,False
MNIST,3,3,EMNIST,54,s,0.2325693666934967,0.005499078426510096,0.1190342225600034,True
MNIST,3,3,EMNIST,55,t,0.025652840733528137,0.007922112010419369,0.016787476371973753,False
MNIST,3,3,EMNIST,56,u,0.018403321504592896,1.283812707697507e-05,0.009208079815834935,False
MNIST,3,3,EMNIST,57,v,0.014577439054846764,3.2783725600893376e-06,0.0072903587137034265,False
MNIST,3,3,EMNIST,58,w,0.02973831631243229,6.314243364613503e-06,0.014872315277898451,False
MNIST,3,3,EMNIST,59,x,0.030377883464097977,0.0001697404804872349,0.015273811972292606,False
MNIST,3,3,EMNIST,60,y,0.026741471141576767,0.0009924302576109767,0.013866950699593872,False
MNIST,3,3,EMNIST,61,z,0.09715263545513153,0.0007620826945640147,0.04895735907484777,False
MNIST,4,4,EMNIST,0,0,0.036691684275865555,0.0001317107817158103,0.018411697528790683,False
MNIST,4,4,EMNIST,1,1,0.00900588370859623,8.41073488118127e-05,0.004544995528704021,False
MNIST,4,4,EMNIST,2,2,0.012184036895632744,0.0001212727656820789,0.006152654830657411,False
MNIST,4,4,EMNIST,3,3,0.011297624558210373,1.1719332178472541e-05,0.005654671945194423,False
MNIST,4,4,EMNIST,4,4,0.5298666954040527,0.8698477745056152,0.699857234954834,True
MNIST,4,4,EMNIST,5,5,0.022101398557424545,2.3794274966348894e-05,0.011062596416195447,False
MNIST,4,4,EMNIST,6,6,0.08461777120828629,0.0008739180630072951,0.04274584463564679,False
MNIST,4,4,EMNIST,7,7,0.04013127088546753,8.366644760826603e-05,0.020107468666537898,False
MNIST,4,4,EMNIST,8,8,0.01961459405720234,8.378570055356249e-05,0.00984918987887795,False
MNIST,4,4,EMNIST,9,9,0.10018669068813324,0.000898469821549952,0.050542580254841596,False
MNIST,4,4,EMNIST,10,A,0.21804773807525635,0.00935177318751812,0.11369975563138723,True
MNIST,4,4,EMNIST,11,B,0.021672558039426804,1.988221993087791e-05,0.01084622012967884,False
MNIST,4,4,EMNIST,12,C,0.028728511184453964,0.00012305055861361325,0.014425780871533789,False
MNIST,4,4,EMNIST,13,D,0.03273069113492966,6.480254523921758e-05,0.016397746840084437,False
MNIST,4,4,EMNIST,14,E,0.037733294069767,6.675614713458344e-06,0.01886998484224023,False
MNIST,4,4,EMNIST,15,F,0.09079788625240326,0.0002158708666684106,0.045506878559535835,False
MNIST,4,4,EMNIST,16,G,0.03823912888765335,3.5387816751608625e-05,0.01913725835220248,False
MNIST,4,4,EMNIST,17,H,0.5037345886230469,0.02332885190844536,0.2635317202657461,True
MNIST,4,4,EMNIST,18,I,0.010286333039402962,1.8564787751529366e-05,0.0051524489135772455,False
MNIST,4,4,EMNIST,19,J,0.018500402569770813,1.8157010345021263e-05,0.009259279790057917,False
MNIST,4,4,EMNIST,20,K,0.25361162424087524,0.001253131777048111,0.12743237800896168,True
MNIST,4,4,EMNIST,21,L,0.04888717085123062,0.001883883262053132,0.025385527056641877,False
MNIST,4,4,EMNIST,22,M,0.18085186183452606,0.004237792454659939,0.092544827144593,False
MNIST,4,4,EMNIST,23,N,0.2972400188446045,0.004369671456515789,0.15080484515056014,True
MNIST,4,4,EMNIST,24,O,0.03618890792131424,3.77219075744506e-05,0.018113314914444345,False
MNIST,4,4,EMNIST,25,P,0.13195732235908508,0.00021195944282226264,0.06608464090095367,False
MNIST,4,4,EMNIST,26,Q,0.06027110666036606,3.6145072954241186e-05,0.03015362586666015,False
MNIST,4,4,EMNIST,27,R,0.07642846554517746,5.6647964811418205e-05,0.03824255675499444,False
MNIST,4,4,EMNIST,28,S,0.00606994004920125,1.2124633940402418e-05,0.0030410323415708262,False
MNIST,4,4,EMNIST,29,T,0.034241437911987305,1.1705176802934147e-05,0.01712657154439512,False
MNIST,4,4,EMNIST,30,U,0.20623061060905457,0.02813662961125374,0.11718362011015415,True
MNIST,4,4,EMNIST,31,V,0.2890372574329376,0.0014901973772794008,0.1452637274051085,True
MNIST,4,4,EMNIST,32,W,0.18557050824165344,0.002052497351542115,0.09381150279659778,False
MNIST,4,4,EMNIST,33,X,0.2777971029281616,0.001684370799921453,0.13974073686404154,True
MNIST,4,4,EMNIST,34,Y,0.17343315482139587,0.0028277295641601086,0.08813044219277799,False
MNIST,4,4,EMNIST,35,Z,0.007688095327466726,7.174930942710489e-06,0.0038476351292047184,False
MNIST,4,4,EMNIST,36,a,0.08624782413244247,0.0008914608624763787,0.043569642497459427,False
MNIST,4,4,EMNIST,37,b,0.09774892777204514,0.00023052717733662575,0.04898972747469088,False
MNIST,4,4,EMNIST,38,c,0.038017287850379944,1.503000567026902e-05,0.019016158928025106,False
MNIST,4,4,EMNIST,39,d,0.2390546053647995,0.001888951868750155,0.12047177861677483,True
MNIST,4,4,EMNIST,40,e,0.02540442906320095,0.00014518860552925617,0.012774808834365103,False
MNIST,4,4,EMNIST,41,f,0.10009262710809708,0.00045594043331220746,0.05027428377070464,False
MNIST,4,4,EMNIST,42,g,0.10518257319927216,0.00050090451259166,0.05284173885593191,False
MNIST,4,4,EMNIST,43,h,0.2468205988407135,0.008249161764979362,0.12753488030284643,True
MNIST,4,4,EMNIST,44,i,0.02718004584312439,3.569110776879825e-05,0.013607868475446594,False
MNIST,4,4,EMNIST,45,j,0.04105909913778305,1.1140474271087442e-05,0.02053511980602707,False
MNIST,4,4,EMNIST,46,k,0.18822507560253143,0.0007773203542456031,0.09450119797838852,False
MNIST,4,4,EMNIST,47,l,0.006362880580127239,8.811082079773769e-05,0.0032254957004624885,False
MNIST,4,4,EMNIST,48,m,0.15454891324043274,0.0010929031996056437,0.07782090822001919,False
MNIST,4,4,EMNIST,49,n,0.07313189655542374,0.000540446606464684,0.03683617158094421,False
MNIST,4,4,EMNIST,50,o,0.02780851162970066,1.1690062819980085e-05,0.01391010084626032,False
MNIST,4,4,EMNIST,51,p,0.14482775330543518,3.602147626224905e-05,0.07243188739084871,False
MNIST,4,4,EMNIST,52,q,0.13614365458488464,0.0003650925646070391,0.06825437357474584,False
MNIST,4,4,EMNIST,53,r,0.0653654932975769,0.0002662835468072444,0.032815888422192074,False
MNIST,4,4,EMNIST,54,s,0.009848416782915592,7.432428446918493e-06,0.004927924605681255,False
MNIST,4,4,EMNIST,55,t,0.17295381426811218,0.008509241044521332,0.09073152765631676,False
MNIST,4,4,EMNIST,56,u,0.2670157551765442,0.009440400637686253,0.13822807790711522,True
MNIST,4,4,EMNIST,57,v,0.3227331042289734,0.0014609938953071833,0.16209704906214029,True
MNIST,4,4,EMNIST,58,w,0.3498907685279846,0.0042630210518836975,0.17707689478993416,True
MNIST,4,4,EMNIST,59,x,0.2954133152961731,0.0016719193663448095,0.14854261733125895,True
MNIST,4,4,EMNIST,60,y,0.2865520119667053,0.005382949486374855,0.1459674807265401,True
MNIST,4,4,EMNIST,61,z,0.020962314680218697,9.495290214545093e-06,0.01048590498521662,False
MNIST,5,5,EMNIST,0,0,0.028491247445344925,0.0006756383809261024,0.014583442913135514,False
MNIST,5,5,EMNIST,1,1,0.01288082916289568,0.00048795799375511706,0.006684393578325398,False
MNIST,5,5,EMNIST,2,2,0.039399512112140656,0.012264425866305828,0.025831968989223242,False
MNIST,5,5,EMNIST,3,3,0.12121213972568512,0.06783825904130936,0.09452519938349724,False
MNIST,5,5,EMNIST,4,4,0.026499995961785316,0.0025645338464528322,0.014532264904119074,False
MNIST,5,5,EMNIST,5,5,0.45281848311424255,0.4595056474208832,0.45616206526756287,True
MNIST,5,5,EMNIST,6,6,0.02408824861049652,0.005837529897689819,0.01496288925409317,False
MNIST,5,5,EMNIST,7,7,0.024032725021243095,0.0003225411637686193,0.012177633092505857,False
MNIST,5,5,EMNIST,8,8,0.09577300399541855,0.004380632657557726,0.05007681832648814,False
MNIST,5,5,EMNIST,9,9,0.024323811754584312,0.0006084461929276586,0.012466128973755985,False
MNIST,5,5,EMNIST,10,A,0.06701340526342392,0.00016115453036036342,0.03358727989689214,False
MNIST,5,5,EMNIST,11,B,0.1529182344675064,0.0012481221929192543,0.07708317833021283,False
MNIST,5,5,EMNIST,12,C,0.08676811307668686,0.006681367754936218,0.04672474041581154,False
MNIST,5,5,EMNIST,13,D,0.02157093584537506,0.0007889742264524102,0.011179955035913736,False
MNIST,5,5,EMNIST,14,E,0.2919764518737793,0.005242138169705868,0.14860929502174258,True
MNIST,5,5,EMNIST,15,F,0.09095249325037003,0.01080613024532795,0.05087931174784899,False
MNIST,5,5,EMNIST,16,G,0.0942520797252655,0.0033534117974340916,0.0488027457613498,False
MNIST,5,5,EMNIST,17,H,0.04454547166824341,6.146643136162311e-05,0.022303469049802516,False
MNIST,5,5,EMNIST,18,I,0.0071609849110245705,0.00107574590947479,0.00411836541024968,False
MNIST,5,5,EMNIST,19,J,0.09512227028608322,0.009905819781124592,0.05251404503360391,False
MNIST,5,5,EMNIST,20,K,0.07318424433469772,0.0009141511982306838,0.037049197766464204,False
MNIST,5,5,EMNIST,21,L,0.06881319731473923,0.004386173095554113,0.03659968520514667,False
MNIST,5,5,EMNIST,22,M,0.04505791887640953,0.0031524100340902805,0.024105164455249906,False
MNIST,5,5,EMNIST,23,N,0.03424526005983353,0.0006608762196265161,0.01745306813973002,False
MNIST,5,5,EMNIST,24,O,0.03311877325177193,0.0005614744732156396,0.016840123862493783,False
MNIST,5,5,EMNIST,25,P,0.042663995176553726,0.000995940645225346,0.021829967910889536,False
MNIST,5,5,EMNIST,26,Q,0.03387720137834549,0.00013244993169791996,0.017004825655021705,False
MNIST,5,5,EMNIST,27,R,0.06953705847263336,0.00016134101315401495,0.03484919974289369,False
MNIST,5,5,EMNIST,28,S,0.38940462470054626,0.286653608083725,0.3380291163921356,True
MNIST,5,5,EMNIST,29,T,0.10000328719615936,0.003945525269955397,0.05197440623305738,False
MNIST,5,5,EMNIST,30,U,0.03934263437986374,0.0010060124332085252,0.020174323406536132,False
MNIST,5,5,EMNIST,31,V,0.026826390996575356,1.8238843040307984e-05,0.013422314919807832,False
MNIST,5,5,EMNIST,32,W,0.0378570631146431,0.0001644267758820206,0.01901074494526256,False
MNIST,5,5,EMNIST,33,X,0.04045502468943596,0.0004615226644091308,0.020458273676922545,False
MNIST,5,5,EMNIST,34,Y,0.02906428650021553,0.0006578899337910116,0.014861088217003271,False
MNIST,5,5,EMNIST,35,Z,0.05667920783162117,0.0009634597226977348,0.028821333777159452,False
MNIST,5,5,EMNIST,36,a,0.043959133327007294,0.004203216638416052,0.024081174982711673,False
MNIST,5,5,EMNIST,37,b,0.08028207719326019,0.0013950829161331058,0.04083858005469665,False
MNIST,5,5,EMNIST,38,c,0.10099949687719345,0.0007258139085024595,0.050862655392847955,False
MNIST,5,5,EMNIST,39,d,0.06988351047039032,0.004015476908534765,0.03694949368946254,False
MNIST,5,5,EMNIST,40,e,0.24318690598011017,0.005761403124779463,0.12447415455244482,True
MNIST,5,5,EMNIST,41,f,0.0551602840423584,0.0018678335472941399,0.02851405879482627,False
MNIST,5,5,EMNIST,42,g,0.041623495519161224,0.002776334062218666,0.022199914790689945,False
MNIST,5,5,EMNIST,43,h,0.032126810401678085,0.0004748633655253798,0.016300836883601733,False
MNIST,5,5,EMNIST,44,i,0.015286093577742577,0.0002570732031017542,0.007771583390422165,False
MNIST,5,5,EMNIST,45,j,0.05179007723927498,0.001857786439359188,0.026823931839317083,False
MNIST,5,5,EMNIST,46,k,0.05597225949168205,0.0004936221521347761,0.028232940821908414,False
MNIST,5,5,EMNIST,47,l,0.004165283404290676,0.0005623936885967851,0.0023638385464437306,False
MNIST,5,5,EMNIST,48,m,0.04228284955024719,0.0008956138044595718,0.021589231677353382,False
MNIST,5,5,EMNIST,49,n,0.04447007179260254,0.00030616280855610967,0.022388117300579324,False
MNIST,5,5,EMNIST,50,o,0.03268340602517128,0.0001648751349421218,0.0164241405800567,False
MNIST,5,5,EMNIST,51,p,0.07761156558990479,0.00012007787881884724,0.038865821734361816,False
MNIST,5,5,EMNIST,52,q,0.02813238836824894,0.0008405737462453544,0.014486481057247147,False
MNIST,5,5,EMNIST,53,r,0.06903045624494553,0.0016274439403787255,0.035328950092662126,False
MNIST,5,5,EMNIST,54,s,0.3230437934398651,0.033682681620121,0.17836323752999306,True
MNIST,5,5,EMNIST,55,t,0.039929889142513275,0.033280305564403534,0.036605097353458405,False
MNIST,5,5,EMNIST,56,u,0.02340610697865486,0.00026789383264258504,0.011837000405648723,False
MNIST,5,5,EMNIST,57,v,0.025821838527917862,1.9239379980717786e-05,0.01292053895394929,False
MNIST,5,5,EMNIST,58,w,0.03941912576556206,0.0034876607824116945,0.021453393273986876,False
MNIST,5,5,EMNIST,59,x,0.026610935106873512,0.0004422441706992686,0.01352658963878639,False
MNIST,5,5,EMNIST,60,y,0.02753002569079399,0.0003552016569301486,0.01394261367386207,False
MNIST,5,5,EMNIST,61,z,0.09155689179897308,0.001473699463531375,0.04651529563125223,False
MNIST,6,6,EMNIST,0,0,0.04693358391523361,0.0029343029018491507,0.02493394340854138,False
MNIST,6,6,EMNIST,1,1,0.011710592545568943,0.00020834014867432415,0.005959466347121634,False
MNIST,6,6,EMNIST,2,2,0.06408606469631195,0.007028746418654919,0.035557405557483435,False
MNIST,6,6,EMNIST,3,3,0.01912631466984749,0.00021463027223944664,0.009670472471043468,False
MNIST,6,6,EMNIST,4,4,0.07316052168607712,0.09325282275676727,0.0832066722214222,False
MNIST,6,6,EMNIST,5,5,0.03003285825252533,0.0016302613075822592,0.015831559780053794,False
MNIST,6,6,EMNIST,6,6,0.5798940658569336,0.6330810785293579,0.6064875721931458,True
MNIST,6,6,EMNIST,7,7,0.033621646463871,3.27570378431119e-05,0.016827201750857057,False
MNIST,6,6,EMNIST,8,8,0.028440028429031372,0.003969675395637751,0.01620485191233456,False
MNIST,6,6,EMNIST,9,9,0.05196426063776016,0.0008304502116516232,0.026397355424705893,False
MNIST,6,6,EMNIST,10,A,0.11699409782886505,0.0074801696464419365,0.062237133737653494,False
MNIST,6,6,EMNIST,11,B,0.07573521137237549,0.008888056501746178,0.04231163393706083,False
MNIST,6,6,EMNIST,12,C,0.05853348970413208,0.0016581621021032333,0.030095825903117657,False
MNIST,6,6,EMNIST,13,D,0.04881959781050682,0.0009698928333818913,0.024894745321944356,False
MNIST,6,6,EMNIST,14,E,0.16993756592273712,0.0018207468092441559,0.08587915636599064,False
MNIST,6,6,EMNIST,15,F,0.10195948928594589,0.004968276713043451,0.05346388299949467,False
MNIST,6,6,EMNIST,16,G,0.3514052927494049,0.009931987151503563,0.18066863995045424,True
MNIST,6,6,EMNIST,17,H,0.06396711617708206,0.00394623214378953,0.033956674160435796,False
MNIST,6,6,EMNIST,18,I,0.00835973396897316,0.00019312897347845137,0.004276431471225806,False
MNIST,6,6,EMNIST,19,J,0.03414664790034294,0.00023524512653239071,0.017190946513437666,False
MNIST,6,6,EMNIST,20,K,0.31004923582077026,0.006350328214466572,0.15819978201761842,True
MNIST,6,6,EMNIST,21,L,0.31207793951034546,0.004638967104256153,0.1583584533073008,True
MNIST,6,6,EMNIST,22,M,0.04584624618291855,0.0022112068254500628,0.024028726504184306,False
MNIST,6,6,EMNIST,23,N,0.21067623794078827,0.00556147750467062,0.10811885772272944,True
MNIST,6,6,EMNIST,24,O,0.05991753190755844,0.0013299445854499936,0.030623738246504217,False
MNIST,6,6,EMNIST,25,P,0.10879939794540405,0.0013531174045056105,0.05507625767495483,False
MNIST,6,6,EMNIST,26,Q,0.13257314264774323,0.0009446119074709713,0.0667588772776071,False
MNIST,6,6,EMNIST,27,R,0.12418731302022934,0.0005857577780261636,0.06238653539912775,False
MNIST,6,6,EMNIST,28,S,0.02869538590312004,0.0016562541713938117,0.015175820037256926,False
MNIST,6,6,EMNIST,29,T,0.0368897020816803,2.304467125213705e-05,0.018456373376466217,False
MNIST,6,6,EMNIST,30,U,0.1726812869310379,0.008520688861608505,0.0906009878963232,False
MNIST,6,6,EMNIST,31,V,0.08681922405958176,0.0006920088198967278,0.04375561643973924,False
MNIST,6,6,EMNIST,32,W,0.267019659280777,0.0033434561919420958,0.13518155773635954,True
MNIST,6,6,EMNIST,33,X,0.09315915405750275,0.0014896095963194966,0.04732438182691112,False
MNIST,6,6,EMNIST,34,Y,0.04646516591310501,0.00048735219752416015,0.023476259055314586,False
MNIST,6,6,EMNIST,35,Z,0.02115880511701107,0.00022478534083347768,0.010691795228922274,False
MNIST,6,6,EMNIST,36,a,0.13353991508483887,0.0027510880026966333,0.06814550154376775,False
MNIST,6,6,EMNIST,37,b,0.36453771591186523,0.039405982941389084,0.20197184942662716,True
MNIST,6,6,EMNIST,38,c,0.09826090931892395,0.00028897865558974445,0.04927494398725685,False
MNIST,6,6,EMNIST,39,d,0.17082229256629944,0.04473429545760155,0.10777829401195049,True
MNIST,6,6,EMNIST,40,e,0.10020210593938828,0.0014524032594636083,0.05082725459942594,False
MNIST,6,6,EMNIST,41,f,0.2438707798719406,0.0032640632707625628,0.12356742157135159,True
MNIST,6,6,EMNIST,42,g,0.06717546284198761,0.002612955402582884,0.03489420912228525,False
MNIST,6,6,EMNIST,43,h,0.19068333506584167,0.037456758320331573,0.11407004669308662,True
MNIST,6,6,EMNIST,44,i,0.023613445460796356,0.0003068604855798185,0.011960152973188087,False
MNIST,6,6,EMNIST,45,j,0.08080974966287613,0.00038215648964978755,0.04059595307626296,False
MNIST,6,6,EMNIST,46,k,0.2603447437286377,0.0046293907798826694,0.13248706725426018,True
MNIST,6,6,EMNIST,47,l,0.0069619445130229,0.0002903506683651358,0.0036261475906940177,False
MNIST,6,6,EMNIST,48,m,0.03837144747376442,0.0007520487415604293,0.019561748107662424,False
MNIST,6,6,EMNIST,49,n,0.04393154755234718,0.0009358725510537624,0.022433710051700473,False
MNIST,6,6,EMNIST,50,o,0.05293435603380203,0.0001897701295092702,0.02656206308165565,False
MNIST,6,6,EMNIST,51,p,0.09003028273582458,0.0001656706735957414,0.04509797670471016,False
MNIST,6,6,EMNIST,52,q,0.05356495827436447,0.0054206233471632,0.029492790810763836,False
MNIST,6,6,EMNIST,53,r,0.052798766642808914,0.0006652481388300657,0.02673200739081949,False
MNIST,6,6,EMNIST,54,s,0.05564715340733528,0.0005063751013949513,0.028076764254365116,False
MNIST,6,6,EMNIST,55,t,0.07040198147296906,0.022103870287537575,0.046252925880253315,False
MNIST,6,6,EMNIST,56,u,0.21836252510547638,0.003298945026472211,0.1108307350659743,True
MNIST,6,6,EMNIST,57,v,0.09000468254089355,0.000495067797601223,0.04524987516924739,False
MNIST,6,6,EMNIST,58,w,0.2700992226600647,0.0034306738525629044,0.1367649482563138,True
MNIST,6,6,EMNIST,59,x,0.12069576978683472,0.0006325108697637916,0.060664140328299254,False
MNIST,6,6,EMNIST,60,y,0.05738481879234314,0.0009180501219816506,0.029151434457162395,False
MNIST,6,6,EMNIST,61,z,0.06006578356027603,0.00022235477808862925,0.03014406916918233,False
MNIST,7,7,EMNIST,0,0,0.010329371318221092,0.0020675556734204292,0.006198463495820761,False
MNIST,7,7,EMNIST,1,1,0.008236261084675789,0.017708327621221542,0.012972294352948666,False
MNIST,7,7,EMNIST,2,2,0.017736289650201797,0.02535056509077549,0.021543427370488644,False
MNIST,7,7,EMNIST,3,3,0.015471908263862133,0.0208518635481596,0.018161885906010866,False
MNIST,7,7,EMNIST,4,4,0.05862109735608101,0.014095875434577465,0.03635848639532924,False
MNIST,7,7,EMNIST,5,5,0.014305872842669487,0.008857574313879013,0.01158172357827425,False
MNIST,7,7,EMNIST,6,6,0.007577807642519474,9.006192703964189e-05,0.003833934784779558,False
MNIST,7,7,EMNIST,7,7,0.426683247089386,0.4150560796260834,0.4208696633577347,True
MNIST,7,7,EMNIST,8,8,0.019749080762267113,0.0012440680293366313,0.010496574395801872,False
MNIST,7,7,EMNIST,9,9,0.24298396706581116,0.008115535601973534,0.12554975133389235,True
MNIST,7,7,EMNIST,10,A,0.05720273405313492,0.0006132838316261768,0.028908008942380548,False
MNIST,7,7,EMNIST,11,B,0.0054584285244345665,0.00018113080295734107,0.002819779663695954,False
MNIST,7,7,EMNIST,12,C,0.02236754633486271,0.001970592886209488,0.012169069610536098,False
MNIST,7,7,EMNIST,13,D,0.01802200637757778,0.002768744947388768,0.010395375662483275,False
MNIST,7,7,EMNIST,14,E,0.012605516240000725,0.00010979868238791823,0.0063576574611943215,False
MNIST,7,7,EMNIST,15,F,0.11163307726383209,0.003209782065823674,0.05742142966482788,False
MNIST,7,7,EMNIST,16,G,0.009139535948634148,5.879535456188023e-05,0.004599165651598014,False
MNIST,7,7,EMNIST,17,H,0.04367946833372116,0.0004218617978040129,0.022050665065762587,False
MNIST,7,7,EMNIST,18,I,0.011053772643208504,0.021733660250902176,0.01639371644705534,False
MNIST,7,7,EMNIST,19,J,0.16615746915340424,0.024155469611287117,0.09515646938234568,False
MNIST,7,7,EMNIST,20,K,0.027098562568426132,0.00013434785068966448,0.013616455209557898,False
MNIST,7,7,EMNIST,21,L,0.04000040888786316,0.02638116106390953,0.033190784975886345,False
MNIST,7,7,EMNIST,22,M,0.27431127429008484,0.004293866455554962,0.1393025703728199,True
MNIST,7,7,EMNIST,23,N,0.03591721132397652,0.0005834948970004916,0.018250353110488504,False
MNIST,7,7,EMNIST,24,O,0.00758740957826376,0.0008839129586704075,0.004235661268467084,False
MNIST,7,7,EMNIST,25,P,0.08175027370452881,0.0025969180278480053,0.04217359586618841,False
MNIST,7,7,EMNIST,26,Q,0.003535304917022586,0.0003788973262999207,0.0019571011216612533,False
MNIST,7,7,EMNIST,27,R,0.017693158239126205,0.00021035441022831947,0.008951756324677262,False
MNIST,7,7,EMNIST,28,S,0.006020626053214073,0.002249037381261587,0.00413483171723783,False
MNIST,7,7,EMNIST,29,T,0.4099183976650238,0.09229718148708344,0.2511077895760536,True
MNIST,7,7,EMNIST,30,U,0.031499408185482025,0.00173737364821136,0.016618390916846693,False
MNIST,7,7,EMNIST,31,V,0.04347184672951698,0.0005184633191674948,0.02199515502434224,False
MNIST,7,7,EMNIST,32,W,0.013925328850746155,3.265324266976677e-05,0.006978991046707961,False
MNIST,7,7,EMNIST,33,X,0.07409290969371796,0.0021619577892124653,0.03812743374146521,False
MNIST,7,7,EMNIST,34,Y,0.07705052196979523,0.019053172320127487,0.04805184714496136,False
MNIST,7,7,EMNIST,35,Z,0.009157741442322731,0.0032661552540957928,0.006211948348209262,False
MNIST,7,7,EMNIST,36,a,0.01725667342543602,0.0017080374527722597,0.00948235543910414,False
MNIST,7,7,EMNIST,37,b,0.01042209379374981,8.55803518788889e-05,0.005253837072814349,False
MNIST,7,7,EMNIST,38,c,0.037186719477176666,0.00019241563859395683,0.01868956755788531,False
MNIST,7,7,EMNIST,39,d,0.019860446453094482,0.000755761400796473,0.010308103926945478,False
MNIST,7,7,EMNIST,40,e,0.010202627629041672,0.0005550484638661146,0.005378838046453893,False
MNIST,7,7,EMNIST,41,f,0.0406203456223011,0.0009087173966690898,0.020764531509485096,False
MNIST,7,7,EMNIST,42,g,0.10027395188808441,0.004273734986782074,0.05227384343743324,False
MNIST,7,7,EMNIST,43,h,0.04016648605465889,0.003364784177392721,0.021765635116025805,False
MNIST,7,7,EMNIST,44,i,0.03316113352775574,0.03917117044329643,0.036166151985526085,False
MNIST,7,7,EMNIST,45,j,0.1037842258810997,0.0073456354439258575,0.05556493066251278,False
MNIST,7,7,EMNIST,46,k,0.03777536749839783,8.205437916330993e-05,0.01892871093878057,False
MNIST,7,7,EMNIST,47,l,0.008284328505396843,0.012913191691040993,0.010598760098218918,False
MNIST,7,7,EMNIST,48,m,0.27275556325912476,0.0006997273303568363,0.1367276452947408,True
MNIST,7,7,EMNIST,49,n,0.18391786515712738,0.036363959312438965,0.11014091223478317,True
MNIST,7,7,EMNIST,50,o,0.01642470993101597,0.0001816004514694214,0.008303155191242695,False
MNIST,7,7,EMNIST,51,p,0.07890212535858154,0.0005443166592158377,0.03972322100889869,False
MNIST,7,7,EMNIST,52,q,0.18058910965919495,0.0026944142300635576,0.09164176194462925,False
MNIST,7,7,EMNIST,53,r,0.23246431350708008,0.00940687581896782,0.12093559466302395,True
MNIST,7,7,EMNIST,54,s,0.011438317596912384,0.0005783008527942002,0.006008309224853292,False
MNIST,7,7,EMNIST,55,t,0.052659474313259125,0.14128543436527252,0.09697245433926582,False
MNIST,7,7,EMNIST,56,u,0.0288273636251688,0.0002833667676895857,0.014555365196429193,False
MNIST,7,7,EMNIST,57,v,0.025519078597426414,0.00024936837144196033,0.012884223484434187,False
MNIST,7,7,EMNIST,58,w,0.0318647101521492,0.0001686571486061439,0.016016683650377672,False
MNIST,7,7,EMNIST,59,x,0.06710585951805115,0.0009172731079161167,0.03401156631298363,False
MNIST,7,7,EMNIST,60,y,0.12709784507751465,0.0055422093719244,0.06632002722471952,False
MNIST,7,7,EMNIST,61,z,0.033966630697250366,0.004288830328732729,0.019127730512991548,False
MNIST,8,8,EMNIST,0,0,0.028729353100061417,0.0025878953747451305,0.015658624237403274,False
MNIST,8,8,EMNIST,1,1,0.020765528082847595,0.003996926359832287,0.012381227221339941,False
MNIST,8,8,EMNIST,2,2,0.10286891460418701,0.006247469689697027,0.05455819214694202,False
MNIST,8,8,EMNIST,3,3,0.08124393224716187,0.014776667580008507,0.048010299913585186,False
MNIST,8,8,EMNIST,4,4,0.024788450449705124,0.009913305751979351,0.017350878100842237,False
MNIST,8,8,EMNIST,5,5,0.08087234199047089,0.016606979072093964,0.048739660531282425,False
MNIST,8,8,EMNIST,6,6,0.025486087426543236,0.011340098455548286,0.01841309294104576,False
MNIST,8,8,EMNIST,7,7,0.0455436035990715,0.00028025824576616287,0.022911930922418833,False
MNIST,8,8,EMNIST,8,8,0.3736951947212219,0.6489662528038025,0.5113307237625122,True
MNIST,8,8,EMNIST,9,9,0.060213733464479446,0.005504830740392208,0.03285928210243583,False
MNIST,8,8,EMNIST,10,A,0.05608179047703743,0.005907026585191488,0.03099440853111446,False
MNIST,8,8,EMNIST,11,B,0.16799549758434296,0.0490247905254364,0.10851014405488968,True
MNIST,8,8,EMNIST,12,C,0.03615153580904007,0.0008204169571399689,0.01848597638309002,False
MNIST,8,8,EMNIST,13,D,0.05701326206326485,0.0025777951814234257,0.029795528622344136,False
MNIST,8,8,EMNIST,14,E,0.08532710373401642,0.011105227284133434,0.048216165509074926,False
MNIST,8,8,EMNIST,15,F,0.1314026117324829,0.0027478255797177553,0.06707521865610033,False
MNIST,8,8,EMNIST,16,G,0.0852641612291336,0.0036660439800471067,0.044465102604590356,False
MNIST,8,8,EMNIST,17,H,0.032445747405290604,0.0010938893537968397,0.01676981837954372,False
MNIST,8,8,EMNIST,18,I,0.019982922822237015,0.003279657568782568,0.011631290195509791,False
MNIST,8,8,EMNIST,19,J,0.07195000350475311,0.0008867502911016345,0.036418376897927374,False
MNIST,8,8,EMNIST,20,K,0.047985535115003586,0.013672666624188423,0.030829100869596004,False
MNIST,8,8,EMNIST,21,L,0.0270066075026989,0.0006164058577269316,0.013811506680212915,False
MNIST,8,8,EMNIST,22,M,0.050003111362457275,0.0013327135238796473,0.02566791244316846,False
MNIST,8,8,EMNIST,23,N,0.03245968371629715,0.0014656713465228677,0.01696267753141001,False
MNIST,8,8,EMNIST,24,O,0.03946395963430405,0.0014346200041472912,0.02044928981922567,False
MNIST,8,8,EMNIST,25,P,0.09880192577838898,0.006109580397605896,0.052455753087997437,False
MNIST,8,8,EMNIST,26,Q,0.10553791373968124,0.0058626048266887665,0.055700259283185005,False
MNIST,8,8,EMNIST,27,R,0.20182828605175018,0.006347429007291794,0.10408785752952099,True
MNIST,8,8,EMNIST,28,S,0.09676598012447357,0.01923997700214386,0.058002978563308716,False
MNIST,8,8,EMNIST,29,T,0.04220818728208542,0.00038413607398979366,0.021296161678037606,False
MNIST,8,8,EMNIST,30,U,0.030684566125273705,0.0007834126008674502,0.015733989363070577,False
MNIST,8,8,EMNIST,31,V,0.028985491022467613,0.00020109527395106852,0.014593293148209341,False
MNIST,8,8,EMNIST,32,W,0.029463905841112137,0.002201933180913329,0.015832919511012733,False
MNIST,8,8,EMNIST,33,X,0.09890571981668472,0.010200520977377892,0.05455312039703131,False
MNIST,8,8,EMNIST,34,Y,0.05478318780660629,0.001942878239788115,0.028363033023197204,False
MNIST,8,8,EMNIST,35,Z,0.07529651373624802,0.0007316050468944013,0.03801405939157121,False
MNIST,8,8,EMNIST,36,a,0.052603840827941895,0.0068336352705955505,0.029718738049268723,False
MNIST,8,8,EMNIST,37,b,0.09469584375619888,0.007218459155410528,0.050957151455804706,False
MNIST,8,8,EMNIST,38,c,0.03720536082983017,0.0002099895355058834,0.018707675182668027,False
MNIST,8,8,EMNIST,39,d,0.08884382247924805,0.012117674574255943,0.050480748526751995,False
MNIST,8,8,EMNIST,40,e,0.10516190528869629,0.022776659578084946,0.06396928243339062,False
MNIST,8,8,EMNIST,41,f,0.11509214341640472,0.0010524532990530133,0.05807229835772887,False
MNIST,8,8,EMNIST,42,g,0.10036320984363556,0.020163346081972122,0.06026327796280384,False
MNIST,8,8,EMNIST,43,h,0.044944316148757935,0.0026677728164941072,0.02380604448262602,False
MNIST,8,8,EMNIST,44,i,0.05273164063692093,0.0021722973324358463,0.027451968984678388,False
MNIST,8,8,EMNIST,45,j,0.03592151030898094,0.001175690209493041,0.01854860025923699,False
MNIST,8,8,EMNIST,46,k,0.05916370823979378,0.0038437575567513704,0.031503732898272574,False
MNIST,8,8,EMNIST,47,l,0.012899242341518402,0.0034421731252223253,0.008170707733370364,False
MNIST,8,8,EMNIST,48,m,0.06282736361026764,0.0005160231958143413,0.03167169340304099,False
MNIST,8,8,EMNIST,49,n,0.03743516281247139,0.00039892178028821945,0.018917042296379805,False
MNIST,8,8,EMNIST,50,o,0.039871666580438614,0.00042124130413867533,0.020146453942288645,False
MNIST,8,8,EMNIST,51,p,0.06647627055644989,0.0007419275352731347,0.03360909904586151,False
MNIST,8,8,EMNIST,52,q,0.07363398373126984,0.016371631994843483,0.04500280786305666,False
MNIST,8,8,EMNIST,53,r,0.06487641483545303,0.0012568290112540126,0.03306662192335352,False
MNIST,8,8,EMNIST,54,s,0.12122797966003418,0.0031233159825205803,0.06217564782127738,False
MNIST,8,8,EMNIST,55,t,0.09359906613826752,0.009026729501783848,0.05131289782002568,False
MNIST,8,8,EMNIST,56,u,0.029892221093177795,0.00017645298794377595,0.015034337040560786,False
MNIST,8,8,EMNIST,57,v,0.024197407066822052,0.00022116857871878892,0.01220928782277042,False
MNIST,8,8,EMNIST,58,w,0.0357055589556694,0.002367981243878603,0.019036770099774003,False
MNIST,8,8,EMNIST,59,x,0.08759793639183044,0.005020324140787125,0.046309130266308784,False
MNIST,8,8,EMNIST,60,y,0.05803226679563522,0.0013242930872365832,0.029678279941435903,False
MNIST,8,8,EMNIST,61,z,0.06022695451974869,0.0015019343700259924,0.03086444444488734,False
MNIST,9,9,EMNIST,0,0,0.019007297232747078,0.0024132044054567814,0.01071025081910193,False
MNIST,9,9,EMNIST,1,1,0.0032579447142779827,0.0009247070411220193,0.002091325877700001,False
MNIST,9,9,EMNIST,2,2,0.026064228266477585,0.00956410076469183,0.017814164515584707,False
MNIST,9,9,EMNIST,3,3,0.03021411970257759,0.024085210636258125,0.027149665169417858,False
MNIST,9,9,EMNIST,4,4,0.10192211717367172,0.22808127105236053,0.16500169411301613,True
MNIST,9,9,EMNIST,5,5,0.04213545843958855,0.0037392948288470507,0.0229373766342178,False
MNIST,9,9,EMNIST,6,6,0.024588357657194138,0.0009668451966717839,0.01277760142693296,False
MNIST,9,9,EMNIST,7,7,0.04332732409238815,0.004469187464565039,0.023898255778476596,False
MNIST,9,9,EMNIST,8,8,0.09270679950714111,0.02429724670946598,0.05850202310830355,False
MNIST,9,9,EMNIST,9,9,0.31422144174575806,0.31567537784576416,0.3149484097957611,True
MNIST,9,9,EMNIST,10,A,0.2303856611251831,0.02314160205423832,0.1267636315897107,True
MNIST,9,9,EMNIST,11,B,0.06625380367040634,0.002551470883190632,0.03440263727679849,False
MNIST,9,9,EMNIST,12,C,0.021351713687181473,0.0005320561467669904,0.010941884916974232,False
MNIST,9,9,EMNIST,13,D,0.028002217411994934,0.00034064651117660105,0.014171431961585768,False
MNIST,9,9,EMNIST,14,E,0.025316283106803894,0.0007788616348989308,0.013047572370851412,False
MNIST,9,9,EMNIST,15,F,0.230319544672966,0.006179527845233679,0.11824953625909984,True
MNIST,9,9,EMNIST,16,G,0.028572911396622658,0.0009507207432761788,0.014761816069949418,False
MNIST,9,9,EMNIST,17,H,0.09145058691501617,0.007318571209907532,0.04938457906246185,False
MNIST,9,9,EMNIST,18,I,0.00444048410281539,0.0003043787437491119,0.0023724314232822508,False
MNIST,9,9,EMNIST,19,J,0.03887355700135231,0.0002638719161041081,0.01956871445872821,False
MNIST,9,9,EMNIST,20,K,0.06706073135137558,0.001002096338197589,0.034031413844786584,False
MNIST,9,9,EMNIST,21,L,0.028159182518720627,0.0003414754173718393,0.014250328968046233,False
MNIST,9,9,EMNIST,22,M,0.19330930709838867,0.009384026750922203,0.10134666692465544,True
MNIST,9,9,EMNIST,23,N,0.05036699026823044,0.0026729977689683437,0.02651999401859939,False
MNIST,9,9,EMNIST,24,O,0.027024969458580017,0.0018216148018836975,0.014423292130231857,False
MNIST,9,9,EMNIST,25,P,0.2681578993797302,0.006378117948770523,0.13726800866425037,True
MNIST,9,9,EMNIST,26,Q,0.03549160435795784,0.003757006721571088,0.019624305539764464,False
MNIST,9,9,EMNIST,27,R,0.12270975112915039,0.005222114268690348,0.06396593269892037,False
MNIST,9,9,EMNIST,28,S,0.0199405737221241,0.0025373937096446753,0.011238983715884387,False
MNIST,9,9,EMNIST,29,T,0.03854680061340332,0.0005763500812463462,0.019561575347324833,False
MNIST,9,9,EMNIST,30,U,0.038280315697193146,0.0030958373099565506,0.020688076503574848,False
MNIST,9,9,EMNIST,31,V,0.08012143522500992,0.0006270286976359785,0.04037423196132295,False
MNIST,9,9,EMNIST,32,W,0.032044731080532074,0.0007465811213478446,0.01639565610093996,False
MNIST,9,9,EMNIST,33,X,0.09262069314718246,0.0005083928117528558,0.04656454297946766,False
MNIST,9,9,EMNIST,34,Y,0.08286920934915543,0.008796638809144497,0.04583292407914996,False
MNIST,9,9,EMNIST,35,Z,0.025099415332078934,0.00016144293476827443,0.012630429133423604,False
MNIST,9,9,EMNIST,36,a,0.06528128683567047,0.015214374288916588,0.04024783056229353,False
MNIST,9,9,EMNIST,37,b,0.04637081176042557,0.0007315991097129881,0.023551205435069278,False
MNIST,9,9,EMNIST,38,c,0.0281349029392004,0.00011417182395234704,0.014124537381576374,False
MNIST,9,9,EMNIST,39,d,0.10558788478374481,0.004790615756064653,0.05518925026990473,False
MNIST,9,9,EMNIST,40,e,0.08645707368850708,0.005417587235569954,0.04593733046203852,False
MNIST,9,9,EMNIST,41,f,0.08541166037321091,0.0030458427499979734,0.04422875156160444,False
MNIST,9,9,EMNIST,42,g,0.35089999437332153,0.11545131355524063,0.23317565396428108,True
MNIST,9,9,EMNIST,43,h,0.08309768885374069,0.007973317056894302,0.0455355029553175,False
MNIST,9,9,EMNIST,44,i,0.015306999906897545,0.0005045767175033689,0.007905788312200457,False
MNIST,9,9,EMNIST,45,j,0.03690919652581215,0.00017813011072576046,0.018543663318268955,False
MNIST,9,9,EMNIST,46,k,0.0726906880736351,0.0007224894361570477,0.036706588754896075,False
MNIST,9,9,EMNIST,47,l,0.00283217104151845,0.0004505679535213858,0.0016413694975199178,False
MNIST,9,9,EMNIST,48,m,0.24210484325885773,0.001935261650942266,0.1220200524549,True
MNIST,9,9,EMNIST,49,n,0.052224062383174896,0.005598488729447126,0.02891127555631101,False
MNIST,9,9,EMNIST,50,o,0.028297439217567444,0.00034311538911424577,0.014320277303340845,False
MNIST,9,9,EMNIST,51,p,0.2732163965702057,0.0017904028063639998,0.13750339968828484,True
MNIST,9,9,EMNIST,52,q,0.34689798951148987,0.08528842031955719,0.21609320491552353,True
MNIST,9,9,EMNIST,53,r,0.07072500139474869,0.0009539948077872396,0.035839498101267964,False
MNIST,9,9,EMNIST,54,s,0.047099143266677856,0.0011654309928417206,0.02413228712975979,False
MNIST,9,9,EMNIST,55,t,0.09868912398815155,0.028653960675001144,0.06367154233157635,False
MNIST,9,9,EMNIST,56,u,0.040157075971364975,0.0011016835924237967,0.020629379781894386,False
MNIST,9,9,EMNIST,57,v,0.049599722027778625,0.0004979555960744619,0.025048838811926544,False
MNIST,9,9,EMNIST,58,w,0.06809477508068085,0.001004954450763762,0.034549864765722305,False
MNIST,9,9,EMNIST,59,x,0.08680947124958038,0.0013177890796214342,0.04406363016460091,False
MNIST,9,9,EMNIST,60,y,0.1507287174463272,0.011013858951628208,0.08087128819897771,False
MNIST,9,9,EMNIST,61,z,0.057004012167453766,0.0005328637780621648,0.028768437972757965,False
MNIST,0,0,CIFAR10,0,airplane,0.1585416942834854,0.04931848123669624,0.10393008776009083,True
MNIST,0,0,CIFAR10,1,automobile,0.13220840692520142,0.17446312308311462,0.15333576500415802,True
MNIST,0,0,CIFAR10,2,bird,0.20262572169303894,0.06419449299573898,0.13341010734438896,True
MNIST,0,0,CIFAR10,3,cat,0.17478084564208984,0.10758203268051147,0.14118143916130066,True
MNIST,0,0,CIFAR10,4,deer,0.162663072347641,0.06053577736020088,0.11159942485392094,True
MNIST,0,0,CIFAR10,5,dog,0.1623643934726715,0.14837121963500977,0.15536780655384064,True
MNIST,0,0,CIFAR10,6,frog,0.155567929148674,0.08894452452659607,0.12225622683763504,True
MNIST,0,0,CIFAR10,7,horse,0.1527009904384613,0.13164569437503815,0.14217334240674973,True
MNIST,0,0,CIFAR10,8,ship,0.15347635746002197,0.06065978482365608,0.10706807114183903,True
MNIST,0,0,CIFAR10,9,truck,0.17720744013786316,0.11428487300872803,0.1457461565732956,True
MNIST,1,1,CIFAR10,0,airplane,0.08988980203866959,0.02722589299082756,0.05855784751474857,False
MNIST,1,1,CIFAR10,1,automobile,0.020260188728570938,0.05677243322134018,0.03851631097495556,False
MNIST,1,1,CIFAR10,2,bird,0.086454838514328,0.08220458030700684,0.08432970941066742,False
MNIST,1,1,CIFAR10,3,cat,0.08654196560382843,0.17333123087882996,0.1299365982413292,True
MNIST,1,1,CIFAR10,4,deer,0.10632599890232086,0.09095943719148636,0.09864271804690361,False
MNIST,1,1,CIFAR10,5,dog,0.09994819760322571,0.2133595198392868,0.15665385872125626,True
MNIST,1,1,CIFAR10,6,frog,0.07833932340145111,0.1750616878271103,0.1267005056142807,True
MNIST,1,1,CIFAR10,7,horse,0.07307588309049606,0.11639423668384552,0.09473505988717079,False
MNIST,1,1,CIFAR10,8,ship,0.07530154287815094,0.01922963187098503,0.047265587374567986,False
MNIST,1,1,CIFAR10,9,truck,0.04964596778154373,0.045461323112249374,0.04755364544689655,False
MNIST,2,2,CIFAR10,0,airplane,0.11694848537445068,0.05752202123403549,0.08723525330424309,False
MNIST,2,2,CIFAR10,1,automobile,0.0852186530828476,0.25144097208976746,0.16832981258630753,True
MNIST,2,2,CIFAR10,2,bird,0.1077049970626831,0.055392585694789886,0.0815487913787365,False
MNIST,2,2,CIFAR10,3,cat,0.08691824227571487,0.08261028677225113,0.084764264523983,False
MNIST,2,2,CIFAR10,4,deer,0.10218673944473267,0.05153825134038925,0.07686249539256096,False
MNIST,2,2,CIFAR10,5,dog,0.13045641779899597,0.1370408982038498,0.13374865800142288,True
MNIST,2,2,CIFAR10,6,frog,0.08907254040241241,0.06784386187791824,0.07845820114016533,False
MNIST,2,2,CIFAR10,7,horse,0.09873703867197037,0.10330966860055923,0.1010233536362648,True
MNIST,2,2,CIFAR10,8,ship,0.0998421162366867,0.062325917184352875,0.08108401671051979,False
MNIST,2,2,CIFAR10,9,truck,0.1668175458908081,0.13097551465034485,0.14889653027057648,True
MNIST,3,3,CIFAR10,0,airplane,0.06686945259571075,0.05678889900445938,0.06182917580008507,False
MNIST,3,3,CIFAR10,1,automobile,0.07781201601028442,0.24101285636425018,0.1594124361872673,True
MNIST,3,3,CIFAR10,2,bird,0.0696355402469635,0.05681033805012703,0.06322293914854527,False
MNIST,3,3,CIFAR10,3,cat,0.07637673616409302,0.08323439210653305,0.07980556413531303,False
MNIST,3,3,CIFAR10,4,deer,0.0917975902557373,0.04877074807882309,0.0702841691672802,False
MNIST,3,3,CIFAR10,5,dog,0.09888873249292374,0.1316593587398529,0.11527404561638832,True
MNIST,3,3,CIFAR10,6,frog,0.08909324556589127,0.07383604347705841,0.08146464452147484,False
MNIST,3,3,CIFAR10,7,horse,0.08884601294994354,0.11626337468624115,0.10255469381809235,True
MNIST,3,3,CIFAR10,8,ship,0.06149702146649361,0.05525863170623779,0.0583778265863657,False
MNIST,3,3,CIFAR10,9,truck,0.09685605764389038,0.13636533915996552,0.11661069840192795,True
MNIST,4,4,CIFAR10,0,airplane,0.06060903146862984,0.04593262821435928,0.05327082984149456,False
MNIST,4,4,CIFAR10,1,automobile,0.05670234560966492,0.16217967867851257,0.10944101214408875,True
MNIST,4,4,CIFAR10,2,bird,0.03760502487421036,0.064695343375206,0.051150184124708176,False
MNIST,4,4,CIFAR10,3,cat,0.04033581167459488,0.1221417635679245,0.08123878762125969,False
MNIST,4,4,CIFAR10,4,deer,0.03143308311700821,0.05969945341348648,0.045566268265247345,False
MNIST,4,4,CIFAR10,5,dog,0.02376985363662243,0.15625379979610443,0.09001182671636343,False
MNIST,4,4,CIFAR10,6,frog,0.05414137989282608,0.10711745917797089,0.08062941953539848,False
MNIST,4,4,CIFAR10,7,horse,0.030257200822234154,0.12846854329109192,0.07936287205666304,False
MNIST,4,4,CIFAR10,8,ship,0.07263742387294769,0.047531019896268845,0.06008422188460827,False
MNIST,4,4,CIFAR10,9,truck,0.027137750759720802,0.10598032176494598,0.0665590362623334,False
MNIST,5,5,CIFAR10,0,airplane,0.09543795883655548,0.05306345224380493,0.0742507055401802,False
MNIST,5,5,CIFAR10,1,automobile,0.11037621647119522,0.20140919089317322,0.15589270368218422,True
MNIST,5,5,CIFAR10,2,bird,0.11596902459859848,0.06251818686723709,0.08924360573291779,False
MNIST,5,5,CIFAR10,3,cat,0.09631425887346268,0.10059163719415665,0.09845294803380966,False
MNIST,5,5,CIFAR10,4,deer,0.10215519368648529,0.062396250665187836,0.08227572217583656,False
MNIST,5,5,CIFAR10,5,dog,0.08969812095165253,0.12612631916999817,0.10791222006082535,True
MNIST,5,5,CIFAR10,6,frog,0.09448099881410599,0.10183615982532501,0.0981585793197155,False
MNIST,5,5,CIFAR10,7,horse,0.10967658460140228,0.11864373832941055,0.11416016146540642,True
MNIST,5,5,CIFAR10,8,ship,0.1000070795416832,0.04711705818772316,0.07356206886470318,False
MNIST,5,5,CIFAR10,9,truck,0.09144364297389984,0.1262979954481125,0.10887081921100616,True
MNIST,6,6,CIFAR10,0,airplane,0.04494651407003403,0.04633175581693649,0.04563913494348526,False
MNIST,6,6,CIFAR10,1,automobile,0.07815880328416824,0.16613465547561646,0.12214672937989235,True
MNIST,6,6,CIFAR10,2,bird,0.05863043665885925,0.06145622208714485,0.06004332937300205,False
MNIST,6,6,CIFAR10,3,cat,0.07260141521692276,0.11966881901025772,0.09613511711359024,False
MNIST,6,6,CIFAR10,4,deer,0.0604584626853466,0.0600731261074543,0.06026579439640045,False
MNIST,6,6,CIFAR10,5,dog,0.04730161651968956,0.1587265431880951,0.10301407985389233,True
MNIST,6,6,CIFAR10,6,frog,0.06087635084986687,0.10203804820775986,0.08145719952881336,False
MNIST,6,6,CIFAR10,7,horse,0.05251128226518631,0.12191244214773178,0.08721186220645905,False
MNIST,6,6,CIFAR10,8,ship,0.060925424098968506,0.06160944700241089,0.0612674355506897,False
MNIST,6,6,CIFAR10,9,truck,0.06812901049852371,0.10204891115427017,0.08508896082639694,False
MNIST,7,7,CIFAR10,0,airplane,0.04636583477258682,0.04936429113149643,0.047865062952041626,False
MNIST,7,7,CIFAR10,1,automobile,0.03661389276385307,0.12969286739826202,0.08315338008105755,False
MNIST,7,7,CIFAR10,2,bird,0.023435262963175774,0.07512469589710236,0.049279979430139065,False
MNIST,7,7,CIFAR10,3,cat,0.03225867450237274,0.12113445997238159,0.07669656723737717,False
MNIST,7,7,CIFAR10,4,deer,0.027941158041357994,0.07288280874490738,0.05041198339313269,False
MNIST,7,7,CIFAR10,5,dog,0.019115611910820007,0.13185735046863556,0.07548648118972778,False
MNIST,7,7,CIFAR10,6,frog,0.036024145781993866,0.11999170482158661,0.07800792530179024,False
MNIST,7,7,CIFAR10,7,horse,0.03545456379652023,0.15223810076713562,0.09384633228182793,False
MNIST,7,7,CIFAR10,8,ship,0.03794832155108452,0.036832816898822784,0.03739056922495365,False
MNIST,7,7,CIFAR10,9,truck,0.0236569382250309,0.11088089644908905,0.06726891733705997,False
MNIST,8,8,CIFAR10,0,airplane,0.19330452382564545,0.041063033044338226,0.11718377843499184,True
MNIST,8,8,CIFAR10,1,automobile,0.2783397436141968,0.1468328982591629,0.21258632093667984,True
MNIST,8,8,CIFAR10,2,bird,0.2132522612810135,0.06416821479797363,0.13871023803949356,True
MNIST,8,8,CIFAR10,3,cat,0.24605894088745117,0.1241479143500328,0.185103427618742,True
MNIST,8,8,CIFAR10,4,deer,0.20241746306419373,0.0653940737247467,0.13390576839447021,True
MNIST,8,8,CIFAR10,5,dog,0.21621756255626678,0.18293985724449158,0.19957870990037918,True
MNIST,8,8,CIFAR10,6,frog,0.22233104705810547,0.11349058151245117,0.16791081428527832,True
MNIST,8,8,CIFAR10,7,horse,0.26347994804382324,0.12613485753536224,0.19480740278959274,True
MNIST,8,8,CIFAR10,8,ship,0.19792193174362183,0.034087128937244415,0.11600453034043312,True
MNIST,8,8,CIFAR10,9,truck,0.20562097430229187,0.10174141824245453,0.1536811962723732,True
MNIST,9,9,CIFAR10,0,airplane,0.12708671391010284,0.040367938578128815,0.08372732624411583,False
MNIST,9,9,CIFAR10,1,automobile,0.12430974096059799,0.13741657137870789,0.13086315616965294,True
MNIST,9,9,CIFAR10,2,bird,0.08468691259622574,0.0690891444683075,0.07688802853226662,False
MNIST,9,9,CIFAR10,3,cat,0.0878131240606308,0.13111940026283264,0.10946626216173172,True
MNIST,9,9,CIFAR10,4,deer,0.11262122541666031,0.06586982309818268,0.0892455242574215,False
MNIST,9,9,CIFAR10,5,dog,0.11223950237035751,0.16325978934764862,0.13774964585900307,True
MNIST,9,9,CIFAR10,6,frog,0.12007305771112442,0.12147734314203262,0.12077520042657852,True
MNIST,9,9,CIFAR10,7,horse,0.09526048600673676,0.1377214789390564,0.11649098247289658,True
MNIST,9,9,CIFAR10,8,ship,0.14044277369976044,0.032506313174963,0.08647454343736172,False
MNIST,9,9,CIFAR10,9,truck,0.09348463267087936,0.10117220878601074,0.09732842072844505,False
EMNIST,0,0,CIFAR10,0,airplane,0.012281798757612705,0.05826648324728012,0.03527414100244641,False
EMNIST,0,0,CIFAR10,1,automobile,0.005063938442617655,0.15407097339630127,0.07956745591945946,False
EMNIST,0,0,CIFAR10,2,bird,0.014283142983913422,0.06838855892419815,0.041335850954055786,False
EMNIST,0,0,CIFAR10,3,cat,0.009455597959458828,0.11253277212381363,0.06099418504163623,False
EMNIST,0,0,CIFAR10,4,deer,0.011775486171245575,0.060358356684446335,0.036066921427845955,False
EMNIST,0,0,CIFAR10,5,dog,0.0122427549213171,0.15666255354881287,0.08445265423506498,False
EMNIST,0,0,CIFAR10,6,frog,0.009482460096478462,0.07233146578073502,0.04090696293860674,False
EMNIST,0,0,CIFAR10,7,horse,0.010793010704219341,0.13008108735084534,0.07043704902753234,False
EMNIST,0,0,CIFAR10,8,ship,0.008417616598308086,0.0803542286157608,0.044385922607034445,False
EMNIST,0,0,CIFAR10,9,truck,0.017121905460953712,0.10695351660251617,0.06203771103173494,False
EMNIST,1,1,CIFAR10,0,airplane,0.0027044122107326984,0.025485392659902573,0.014094902435317636,False
EMNIST,1,1,CIFAR10,1,automobile,0.0016710900235921144,0.051682449877262115,0.026676769950427115,False
EMNIST,1,1,CIFAR10,2,bird,0.004035938996821642,0.07700704783201218,0.04052149341441691,False
EMNIST,1,1,CIFAR10,3,cat,0.007204920053482056,0.1789957731962204,0.09310034662485123,False
EMNIST,1,1,CIFAR10,4,deer,0.005190641153603792,0.08559232950210571,0.04539148532785475,False
EMNIST,1,1,CIFAR10,5,dog,0.00398924108594656,0.2569332420825958,0.1304612415842712,True
EMNIST,1,1,CIFAR10,6,frog,0.005192331969738007,0.14798429608345032,0.07658831402659416,False
EMNIST,1,1,CIFAR10,7,horse,0.003073285100981593,0.11480794101953506,0.05894061306025833,False
EMNIST,1,1,CIFAR10,8,ship,0.001988510601222515,0.0192502923309803,0.010619401466101408,False
EMNIST,1,1,CIFAR10,9,truck,0.001815936528146267,0.04226122796535492,0.022038582246750593,False
EMNIST,2,2,CIFAR10,0,airplane,0.006901402026414871,0.06075339764356613,0.0338273998349905,False
EMNIST,2,2,CIFAR10,1,automobile,0.006167667452245951,0.19743111729621887,0.10179939237423241,True
EMNIST,2,2,CIFAR10,2,bird,0.012601976282894611,0.0589049756526947,0.03575347596779466,False
EMNIST,2,2,CIFAR10,3,cat,0.013448057696223259,0.10871424525976181,0.061081151477992535,False
EMNIST,2,2,CIFAR10,4,deer,0.010745634324848652,0.052890755236148834,0.03181819478049874,False
EMNIST,2,2,CIFAR10,5,dog,0.02983163855969906,0.1705354005098343,0.10018351953476667,True
EMNIST,2,2,CIFAR10,6,frog,0.011111008934676647,0.0608334057033062,0.03597220731899142,False
EMNIST,2,2,CIFAR10,7,horse,0.008987526409327984,0.11355767399072647,0.06127260020002723,False
EMNIST,2,2,CIFAR10,8,ship,0.005887793842703104,0.06388982385396957,0.03488880884833634,False
EMNIST,2,2,CIFAR10,9,truck,0.013485175557434559,0.11248920112848282,0.06298718834295869,False
EMNIST,3,3,CIFAR10,0,airplane,0.013496046885848045,0.05265885591506958,0.03307745140045881,False
EMNIST,3,3,CIFAR10,1,automobile,0.0031357507687062025,0.20524363219738007,0.10418969148304313,True
EMNIST,3,3,CIFAR10,2,bird,0.0052085439674556255,0.06563805788755417,0.0354233009275049,False
EMNIST,3,3,CIFAR10,3,cat,0.005410947371274233,0.10101975500583649,0.05321535118855536,False
EMNIST,3,3,CIFAR10,4,deer,0.014042817056179047,0.060884684324264526,0.037463750690221786,False
EMNIST,3,3,CIFAR10,5,dog,0.009929224848747253,0.14081357419490814,0.0753713995218277,False
EMNIST,3,3,CIFAR10,6,frog,0.003873981535434723,0.0878308042883873,0.04585239291191101,False
EMNIST,3,3,CIFAR10,7,horse,0.004185573197901249,0.11453530937433243,0.05936044128611684,False
EMNIST,3,3,CIFAR10,8,ship,0.010165942832827568,0.048990216106176376,0.029578079469501972,False
EMNIST,3,3,CIFAR10,9,truck,0.009958692826330662,0.12238512188196182,0.06617190735414624,False
EMNIST,4,4,CIFAR10,0,airplane,0.011634161695837975,0.04034221172332764,0.025988186709582806,False
EMNIST,4,4,CIFAR10,1,automobile,0.033582188189029694,0.15080851316452026,0.09219535067677498,False
EMNIST,4,4,CIFAR10,2,bird,0.008916961029171944,0.06437824666500092,0.03664760384708643,False
EMNIST,4,4,CIFAR10,3,cat,0.027387330308556557,0.13138313591480255,0.07938523311167955,False
EMNIST,4,4,CIFAR10,4,deer,0.024348542094230652,0.05656380206346512,0.040456172078847885,False
EMNIST,4,4,CIFAR10,5,dog,0.008753303438425064,0.18657030165195465,0.09766180254518986,False
EMNIST,4,4,CIFAR10,6,frog,0.02619876340031624,0.09854308515787125,0.06237092427909374,False
EMNIST,4,4,CIFAR10,7,horse,0.009639325551688671,0.12850578129291534,0.06907255342230201,False
EMNIST,4,4,CIFAR10,8,ship,0.026804566383361816,0.03811394423246384,0.03245925530791283,False
EMNIST,4,4,CIFAR10,9,truck,0.019013162702322006,0.10479094833135605,0.06190205551683903,False
EMNIST,5,5,CIFAR10,0,airplane,0.007800249848514795,0.06414715945720673,0.03597370465286076,False
EMNIST,5,5,CIFAR10,1,automobile,0.012668448500335217,0.2510688900947571,0.13186866929754615,True
EMNIST,5,5,CIFAR10,2,bird,0.018573539331555367,0.058394670486450195,0.03848410490900278,False
EMNIST,5,5,CIFAR10,3,cat,0.010419218800961971,0.07942719012498856,0.044923204462975264,False
EMNIST,5,5,CIFAR10,4,deer,0.00573935778811574,0.05219482257962227,0.028967090183869004,False
EMNIST,5,5,CIFAR10,5,dog,0.013637140393257141,0.11527469009160995,0.06445591524243355,False
EMNIST,5,5,CIFAR10,6,frog,0.005010803695768118,0.07337834686040878,0.03919457527808845,False
EMNIST,5,5,CIFAR10,7,horse,0.0234379880130291,0.10096178203821182,0.06219988502562046,False
EMNIST,5,5,CIFAR10,8,ship,0.007974652573466301,0.06929735839366913,0.038636005483567715,False
EMNIST,5,5,CIFAR10,9,truck,0.008631669916212559,0.1358550786972046,0.07224337430670857,False
EMNIST,6,6,CIFAR10,0,airplane,0.0029930612072348595,0.04083194211125374,0.0219125016592443,False
EMNIST,6,6,CIFAR10,1,automobile,0.0086001455783844,0.10250600427389145,0.055553074926137924,False
EMNIST,6,6,CIFAR10,2,bird,0.015325522050261497,0.06145033985376358,0.03838793095201254,False
EMNIST,6,6,CIFAR10,3,cat,0.022631879895925522,0.1556866317987442,0.08915925584733486,False
EMNIST,6,6,CIFAR10,4,deer,0.029080236330628395,0.06503759324550629,0.04705891478806734,False
EMNIST,6,6,CIFAR10,5,dog,0.007927936501801014,0.23358872532844543,0.12075833091512322,True
EMNIST,6,6,CIFAR10,6,frog,0.010123638436198235,0.0872342586517334,0.048678948543965816,False
EMNIST,6,6,CIFAR10,7,horse,0.02156999334692955,0.12301070988178253,0.07229035161435604,False
EMNIST,6,6,CIFAR10,8,ship,0.003013156820088625,0.05623939633369446,0.02962627657689154,False
EMNIST,6,6,CIFAR10,9,truck,0.009371275082230568,0.07441439479589462,0.041892834939062595,False
EMNIST,7,7,CIFAR10,0,airplane,0.027192216366529465,0.045704759657382965,0.036448488011956215,False
EMNIST,7,7,CIFAR10,1,automobile,0.015204837545752525,0.12545335292816162,0.07032909523695707,False
EMNIST,7,7,CIFAR10,2,bird,0.011480553075671196,0.07116366922855377,0.041322111152112484,False
EMNIST,7,7,CIFAR10,3,cat,0.007983453571796417,0.12113809585571289,0.06456077471375465,False
EMNIST,7,7,CIFAR10,4,deer,0.010922201909124851,0.07238738238811493,0.04165479214861989,False
EMNIST,7,7,CIFAR10,5,dog,0.005455373786389828,0.15297988057136536,0.07921762717887759,False
EMNIST,7,7,CIFAR10,6,frog,0.004506128840148449,0.10639467090368271,0.05545039987191558,False
EMNIST,7,7,CIFAR10,7,horse,0.017001062631607056,0.1588328778743744,0.08791697025299072,False
EMNIST,7,7,CIFAR10,8,ship,0.02290172502398491,0.03562607988715172,0.029263902455568314,False
EMNIST,7,7,CIFAR10,9,truck,0.031382352113723755,0.11031923443078995,0.07085079327225685,False
EMNIST,8,8,CIFAR10,0,airplane,0.14417661726474762,0.04568476229906082,0.09493068978190422,False
EMNIST,8,8,CIFAR10,1,automobile,0.14774589240550995,0.17514459788799286,0.1614452451467514,True
EMNIST,8,8,CIFAR10,2,bird,0.1182955652475357,0.060558218508958817,0.08942689187824726,False
EMNIST,8,8,CIFAR10,3,cat,0.11145637184381485,0.10747438669204712,0.10946537926793098,True
EMNIST,8,8,CIFAR10,4,deer,0.11386319249868393,0.055258214473724365,0.08456070348620415,False
EMNIST,8,8,CIFAR10,5,dog,0.13092981278896332,0.18134468793869019,0.15613725036382675,True
EMNIST,8,8,CIFAR10,6,frog,0.11711760610342026,0.0829189270734787,0.10001826658844948,True
EMNIST,8,8,CIFAR10,7,horse,0.12498752027750015,0.12771375477313995,0.12635063752532005,True
EMNIST,8,8,CIFAR10,8,ship,0.14474883675575256,0.040957286953926086,0.09285306185483932,False
EMNIST,8,8,CIFAR10,9,truck,0.15129294991493225,0.12294517457485199,0.13711906224489212,True
EMNIST,9,9,CIFAR10,0,airplane,0.027754569426178932,0.041981130838394165,0.03486785013228655,False
EMNIST,9,9,CIFAR10,1,automobile,0.03692854940891266,0.17192450165748596,0.10442652553319931,True
EMNIST,9,9,CIFAR10,2,bird,0.007772702723741531,0.061734676361083984,0.03475368954241276,False
EMNIST,9,9,CIFAR10,3,cat,0.007956629619002342,0.11428103595972061,0.06111883278936148,False
EMNIST,9,9,CIFAR10,4,deer,0.007160936947911978,0.05425671860575676,0.03070882777683437,False
EMNIST,9,9,CIFAR10,5,dog,0.007302503101527691,0.15394227206707,0.08062238758429885,False
EMNIST,9,9,CIFAR10,6,frog,0.00464438134804368,0.08712362498044968,0.04588400316424668,False
EMNIST,9,9,CIFAR10,7,horse,0.006274753250181675,0.1451665461063385,0.07572064967826009,False
EMNIST,9,9,CIFAR10,8,ship,0.0560876727104187,0.03336333483457565,0.04472550377249718,False
EMNIST,9,9,CIFAR10,9,truck,0.011711030267179012,0.13622617721557617,0.07396860374137759,False
EMNIST,10,A,CIFAR10,0,airplane,0.06050515174865723,0.0521068200469017,0.056305985897779465,False
EMNIST,10,A,CIFAR10,1,automobile,0.07150810211896896,0.20307835936546326,0.1372932307422161,True
EMNIST,10,A,CIFAR10,2,bird,0.034662049263715744,0.06031807139515877,0.047490060329437256,False
EMNIST,10,A,CIFAR10,3,cat,0.03576676547527313,0.09695785492658615,0.06636231020092964,False
EMNIST,10,A,CIFAR10,4,deer,0.021907562389969826,0.05358945578336716,0.03774850908666849,False
EMNIST,10,A,CIFAR10,5,dog,0.029284510761499405,0.12806758284568787,0.07867604680359364,False
EMNIST,10,A,CIFAR10,6,frog,0.03947646915912628,0.07937047630548477,0.05942347273230553,False
EMNIST,10,A,CIFAR10,7,horse,0.03569253534078598,0.12652412056922913,0.08110832795500755,False
EMNIST,10,A,CIFAR10,8,ship,0.04956859350204468,0.06846970319747925,0.05901914834976196,False
EMNIST,10,A,CIFAR10,9,truck,0.038136065006256104,0.13151760399341583,0.08482683449983597,False
EMNIST,11,B,CIFAR10,0,airplane,0.0365196093916893,0.05446866899728775,0.045494139194488525,False
EMNIST,11,B,CIFAR10,1,automobile,0.07090770453214645,0.22336702048778534,0.1471373625099659,True
EMNIST,11,B,CIFAR10,2,bird,0.03645407781004906,0.05770024657249451,0.04707716219127178,False
EMNIST,11,B,CIFAR10,3,cat,0.023771857842803,0.08666183054447174,0.05521684419363737,False
EMNIST,11,B,CIFAR10,4,deer,0.012298990972340107,0.047443658113479614,0.02987132454290986,False
EMNIST,11,B,CIFAR10,5,dog,0.030000533908605576,0.14779064059257507,0.08889558725059032,False
EMNIST,11,B,CIFAR10,6,frog,0.024538371711969376,0.06590702384710312,0.04522269777953625,False
EMNIST,11,B,CIFAR10,7,horse,0.04220110550522804,0.12613056600093842,0.08416583575308323,False
EMNIST,11,B,CIFAR10,8,ship,0.0368095263838768,0.05386144667863846,0.04533548653125763,False
EMNIST,11,B,CIFAR10,9,truck,0.07456094026565552,0.1366688758134842,0.10561490803956985,True
EMNIST,12,C,CIFAR10,0,airplane,0.004365564323961735,0.06617279350757599,0.03526917891576886,False
EMNIST,12,C,CIFAR10,1,automobile,0.004333855118602514,0.21665950119495392,0.11049667815677822,True
EMNIST,12,C,CIFAR10,2,bird,0.012088822200894356,0.06382070481777191,0.037954763509333134,False
EMNIST,12,C,CIFAR10,3,cat,0.0056118108332157135,0.09102596342563629,0.048318887129426,False
EMNIST,12,C,CIFAR10,4,deer,0.00482786213979125,0.05968931317329407,0.03225858765654266,False
EMNIST,12,C,CIFAR10,5,dog,0.004458417650312185,0.12957385182380676,0.06701613473705947,False
EMNIST,12,C,CIFAR10,6,frog,0.0041343048214912415,0.06613558530807495,0.035134945064783096,False
EMNIST,12,C,CIFAR10,7,horse,0.004825693089514971,0.11382883787155151,0.05932726548053324,False
EMNIST,12,C,CIFAR10,8,ship,0.005042664706707001,0.07016699761152267,0.03760483115911484,False
EMNIST,12,C,CIFAR10,9,truck,0.009444467723369598,0.12292645126581192,0.06618545949459076,False
EMNIST,13,D,CIFAR10,0,airplane,0.008821355178952217,0.049452997744083405,0.02913717646151781,False
EMNIST,13,D,CIFAR10,1,automobile,0.0025575156323611736,0.14407463371753693,0.07331607467494905,False
EMNIST,13,D,CIFAR10,2,bird,0.034290775656700134,0.06585310399532318,0.05007193982601166,False
EMNIST,13,D,CIFAR10,3,cat,0.027959436178207397,0.12216007709503174,0.07505975663661957,False
EMNIST,13,D,CIFAR10,4,deer,0.028618697077035904,0.06168395280838013,0.045151324942708015,False
EMNIST,13,D,CIFAR10,5,dog,0.028123309835791588,0.17024117708206177,0.09918224345892668,False
EMNIST,13,D,CIFAR10,6,frog,0.03308533504605293,0.07955236732959747,0.0563188511878252,False
EMNIST,13,D,CIFAR10,7,horse,0.026675501838326454,0.14444918930530548,0.08556234557181597,False
EMNIST,13,D,CIFAR10,8,ship,0.0057749939151108265,0.05478953197598457,0.0302822629455477,False
EMNIST,13,D,CIFAR10,9,truck,0.020779335871338844,0.10774298012256622,0.06426115799695253,False
EMNIST,14,E,CIFAR10,0,airplane,0.035542842000722885,0.06873480975627899,0.05213882587850094,False
EMNIST,14,E,CIFAR10,1,automobile,0.02474835142493248,0.2771264910697937,0.1509374212473631,True
EMNIST,14,E,CIFAR10,2,bird,0.01745748147368431,0.05809161812067032,0.037774549797177315,False
EMNIST,14,E,CIFAR10,3,cat,0.007176406681537628,0.07454853504896164,0.040862470865249634,False
EMNIST,14,E,CIFAR10,4,deer,0.005622514523565769,0.04982325807213783,0.0277228862978518,False
EMNIST,14,E,CIFAR10,5,dog,0.006609474774450064,0.11471284925937653,0.060661162016913295,False
EMNIST,14,E,CIFAR10,6,frog,0.0050031584687530994,0.06682632118463516,0.03591473982669413,False
EMNIST,14,E,CIFAR10,7,horse,0.005076202098280191,0.09020505100488663,0.04764062655158341,False
EMNIST,14,E,CIFAR10,8,ship,0.02690175548195839,0.061209749430418015,0.0440557524561882,False
EMNIST,14,E,CIFAR10,9,truck,0.024470705538988113,0.1387213170528412,0.08159601129591465,False
EMNIST,15,F,CIFAR10,0,airplane,0.012453204952180386,0.04811439290642738,0.030283798929303885,False
EMNIST,15,F,CIFAR10,1,automobile,0.019172681495547295,0.189189150929451,0.10418091621249914,True
EMNIST,15,F,CIFAR10,2,bird,0.009031111374497414,0.06128498166799545,0.03515804652124643,False
EMNIST,15,F,CIFAR10,3,cat,0.013462943956255913,0.10311253368854523,0.05828773882240057,False
EMNIST,15,F,CIFAR10,4,deer,0.007176755461841822,0.05713200569152832,0.03215438057668507,False
EMNIST,15,F,CIFAR10,5,dog,0.0240083746612072,0.1365385502576828,0.080273462459445,False
EMNIST,15,F,CIFAR10,6,frog,0.014705562964081764,0.08933626860380173,0.052020915783941746,False
EMNIST,15,F,CIFAR10,7,horse,0.03060007654130459,0.12822067737579346,0.07941037695854902,False
EMNIST,15,F,CIFAR10,8,ship,0.018336059525609016,0.05163883417844772,0.03498744685202837,False
EMNIST,15,F,CIFAR10,9,truck,0.013065953738987446,0.13543261587619781,0.07424928480759263,False
EMNIST,16,G,CIFAR10,0,airplane,0.004113043192774057,0.05996675044298172,0.03203989681787789,False
EMNIST,16,G,CIFAR10,1,automobile,0.006892481353133917,0.2541621923446655,0.13052733684889972,True
EMNIST,16,G,CIFAR10,2,bird,0.0063913362100720406,0.05556585639715195,0.030978596303611994,False
EMNIST,16,G,CIFAR10,3,cat,0.005429401528090239,0.08524452149868011,0.04533696151338518,False
EMNIST,16,G,CIFAR10,4,deer,0.00791617576032877,0.05037332698702812,0.029144751373678446,False
EMNIST,16,G,CIFAR10,5,dog,0.005713215563446283,0.12552392482757568,0.06561857019551098,False
EMNIST,16,G,CIFAR10,6,frog,0.004270077683031559,0.06475717574357986,0.03451362671330571,False
EMNIST,16,G,CIFAR10,7,horse,0.005234881769865751,0.09959588944911957,0.05241538560949266,False
EMNIST,16,G,CIFAR10,8,ship,0.0035489771980792284,0.06603415310382843,0.03479156515095383,False
EMNIST,16,G,CIFAR10,9,truck,0.00561190489679575,0.13877618312835693,0.07219404401257634,False
EMNIST,17,H,CIFAR10,0,airplane,0.0170997753739357,0.036277759820222855,0.026688767597079277,False
EMNIST,17,H,CIFAR10,1,automobile,0.019986066967248917,0.1120637059211731,0.066024886444211,False
EMNIST,17,H,CIFAR10,2,bird,0.015093835070729256,0.06892256438732147,0.042008199729025364,False
EMNIST,17,H,CIFAR10,3,cat,0.02953730896115303,0.14011457562446594,0.08482594229280949,False
EMNIST,17,H,CIFAR10,4,deer,0.02901316061615944,0.0646921843290329,0.04685267247259617,False
EMNIST,17,H,CIFAR10,5,dog,0.02136286161839962,0.21632826328277588,0.11884556245058775,True
EMNIST,17,H,CIFAR10,6,frog,0.025125011801719666,0.1060858964920044,0.06560545414686203,False
EMNIST,17,H,CIFAR10,7,horse,0.02304944582283497,0.13382181525230408,0.07843563053756952,False
EMNIST,17,H,CIFAR10,8,ship,0.01657485030591488,0.04047142714262009,0.028523138724267483,False
EMNIST,17,H,CIFAR10,9,truck,0.005777985788881779,0.0812217965722084,0.04349989118054509,False
EMNIST,18,I,CIFAR10,0,airplane,0.0023782707285135984,0.026204263791441917,0.014291267259977758,False
EMNIST,18,I,CIFAR10,1,automobile,0.001331328647211194,0.04992920905351639,0.02563026885036379,False
EMNIST,18,I,CIFAR10,2,bird,0.005706688854843378,0.0811513140797615,0.04342900146730244,False
EMNIST,18,I,CIFAR10,3,cat,0.013388718478381634,0.17815573513507843,0.09577222680673003,False
EMNIST,18,I,CIFAR10,4,deer,0.006336004473268986,0.09217429906129837,0.04925515176728368,False
EMNIST,18,I,CIFAR10,5,dog,0.008180481381714344,0.23161152005195618,0.11989600071683526,True
EMNIST,18,I,CIFAR10,6,frog,0.006352951284497976,0.16443762183189392,0.08539528655819595,False
EMNIST,18,I,CIFAR10,7,horse,0.004768724553287029,0.11482419818639755,0.05979646136984229,False
EMNIST,18,I,CIFAR10,8,ship,0.002163922879844904,0.020312756299972534,0.011238339589908719,False
EMNIST,18,I,CIFAR10,9,truck,0.0031511373817920685,0.04119909927248955,0.022175118327140808,False
EMNIST,19,J,CIFAR10,0,airplane,0.007602771278470755,0.04894942790269852,0.028276099590584636,False
EMNIST,19,J,CIFAR10,1,automobile,0.0011300680926069617,0.1867865025997162,0.09395828534616157,False
EMNIST,19,J,CIFAR10,2,bird,0.02951810322701931,0.06105254217982292,0.045285322703421116,False
EMNIST,19,J,CIFAR10,3,cat,0.013554844073951244,0.1013980507850647,0.05747644742950797,False
EMNIST,19,J,CIFAR10,4,deer,0.00767126027494669,0.058611005544662476,0.03314113290980458,False
EMNIST,19,J,CIFAR10,5,dog,0.013590851798653603,0.15262389183044434,0.08310737181454897,False
EMNIST,19,J,CIFAR10,6,frog,0.019237689673900604,0.08475979417562485,0.051998741924762726,False
EMNIST,19,J,CIFAR10,7,horse,0.00704013928771019,0.13241904973983765,0.06972959451377392,False
EMNIST,19,J,CIFAR10,8,ship,0.001886102370917797,0.0409984216094017,0.02144226199015975,False
EMNIST,19,J,CIFAR10,9,truck,0.03608493134379387,0.13240131735801697,0.08424312435090542,False
EMNIST,20,K,CIFAR10,0,airplane,0.020383957773447037,0.04706356301903725,0.03372376039624214,False
EMNIST,20,K,CIFAR10,1,automobile,0.008800049312412739,0.15984417498111725,0.084322112146765,False
EMNIST,20,K,CIFAR10,2,bird,0.014050403609871864,0.06515799462795258,0.03960419911891222,False
EMNIST,20,K,CIFAR10,3,cat,0.014457648620009422,0.12208662182092667,0.06827213522046804,False
EMNIST,20,K,CIFAR10,4,deer,0.012354768812656403,0.0656033307313919,0.038979049772024155,False
EMNIST,20,K,CIFAR10,5,dog,0.007972572930157185,0.1620035469532013,0.08498805994167924,False
EMNIST,20,K,CIFAR10,6,frog,0.013889743015170097,0.10873086750507355,0.06131030526012182,False
EMNIST,20,K,CIFAR10,7,horse,0.009949447587132454,0.11632736027240753,0.06313840392976999,False
EMNIST,20,K,CIFAR10,8,ship,0.01775401085615158,0.04622143134474754,0.03198772110044956,False
EMNIST,20,K,CIFAR10,9,truck,0.008584593422710896,0.10696113109588623,0.05777286225929856,False
EMNIST,21,L,CIFAR10,0,airplane,0.001825845567509532,0.05029603838920593,0.026060941978357732,False
EMNIST,21,L,CIFAR10,1,automobile,0.0013658482348546386,0.12243469059467316,0.0619002694147639,False
EMNIST,21,L,CIFAR10,2,bird,0.005795701406896114,0.06471924483776093,0.03525747312232852,False
EMNIST,21,L,CIFAR10,3,cat,0.010833321139216423,0.1500186026096344,0.08042596187442541,False
EMNIST,21,L,CIFAR10,4,deer,0.006438510026782751,0.07418564707040787,0.04031207854859531,False
EMNIST,21,L,CIFAR10,5,dog,0.0032989433966577053,0.19336363673210144,0.09833129006437957,False
EMNIST,21,L,CIFAR10,6,frog,0.004387767054140568,0.09295384585857391,0.04867080645635724,False
EMNIST,21,L,CIFAR10,7,horse,0.0072838058695197105,0.12168034166097641,0.06448207376524806,False
EMNIST,21,L,CIFAR10,8,ship,0.0014358169864863157,0.04901106655597687,0.02522344177123159,False
EMNIST,21,L,CIFAR10,9,truck,0.0026987704914063215,0.08133689314126968,0.042017831816338,False
EMNIST,22,M,CIFAR10,0,airplane,0.023148130625486374,0.043130062520504,0.033139096572995186,False
EMNIST,22,M,CIFAR10,1,automobile,0.024766752496361732,0.2178991287946701,0.12133294064551592,True
EMNIST,22,M,CIFAR10,2,bird,0.016229040920734406,0.05593198537826538,0.03608051314949989,False
EMNIST,22,M,CIFAR10,3,cat,0.015028422698378563,0.09876803308725357,0.05689822789281607,False
EMNIST,22,M,CIFAR10,4,deer,0.026207853108644485,0.04899503290653229,0.03760144300758839,False
EMNIST,22,M,CIFAR10,5,dog,0.02083846554160118,0.14775465428829193,0.08429655991494656,False
EMNIST,22,M,CIFAR10,6,frog,0.024699943140149117,0.07878067344427109,0.0517403082922101,False
EMNIST,22,M,CIFAR10,7,horse,0.019072284922003746,0.13575586676597595,0.07741407584398985,False
EMNIST,22,M,CIFAR10,8,ship,0.02410731092095375,0.045790594071149826,0.03494895249605179,False
EMNIST,22,M,CIFAR10,9,truck,0.016518639400601387,0.12719395756721497,0.07185629848390818,False
EMNIST,23,N,CIFAR10,0,airplane,0.01967773772776127,0.04274266958236694,0.031210203655064106,False
EMNIST,23,N,CIFAR10,1,automobile,0.009784361347556114,0.09527218341827393,0.05252827238291502,False
EMNIST,23,N,CIFAR10,2,bird,0.03294391185045242,0.06540439277887344,0.04917415231466293,False
EMNIST,23,N,CIFAR10,3,cat,0.02755705453455448,0.14390307664871216,0.08573006559163332,False
EMNIST,23,N,CIFAR10,4,deer,0.045581668615341187,0.06242523714900017,0.05400345288217068,False
EMNIST,23,N,CIFAR10,5,dog,0.03700379282236099,0.2251279652118683,0.13106587901711464,True
EMNIST,23,N,CIFAR10,6,frog,0.03674531728029251,0.10492517799139023,0.07083524763584137,False
EMNIST,23,N,CIFAR10,7,horse,0.030635809525847435,0.1202230304479599,0.07542941998690367,False
EMNIST,23,N,CIFAR10,8,ship,0.014218965545296669,0.06953995674848557,0.04187946114689112,False
EMNIST,23,N,CIFAR10,9,truck,0.013110354542732239,0.07043630629777908,0.04177333042025566,False
EMNIST,24,O,CIFAR10,0,airplane,0.08573205769062042,0.0637611523270607,0.07474660500884056,False
EMNIST,24,O,CIFAR10,1,automobile,0.021115707233548164,0.18204882740974426,0.10158226732164621,True
EMNIST,24,O,CIFAR10,2,bird,0.08875791728496552,0.0667262077331543,0.0777420625090599,False
EMNIST,24,O,CIFAR10,3,cat,0.08525589853525162,0.09902727603912354,0.09214158728718758,False
EMNIST,24,O,CIFAR10,4,deer,0.0931142270565033,0.0569295659661293,0.0750218965113163,False
EMNIST,24,O,CIFAR10,5,dog,0.08467410504817963,0.13030284643173218,0.1074884757399559,True
EMNIST,24,O,CIFAR10,6,frog,0.07117114216089249,0.06636539101600647,0.06876826658844948,False
EMNIST,24,O,CIFAR10,7,horse,0.07149215787649155,0.1251363903284073,0.09831427410244942,False
EMNIST,24,O,CIFAR10,8,ship,0.05407818406820297,0.09179471433162689,0.07293644919991493,False
EMNIST,24,O,CIFAR10,9,truck,0.03658091649413109,0.11790762096643448,0.07724426873028278,False
EMNIST,25,P,CIFAR10,0,airplane,0.023134998977184296,0.047622088342905045,0.03537854366004467,False
EMNIST,25,P,CIFAR10,1,automobile,0.016313130035996437,0.17248807847499847,0.09440060425549746,False
EMNIST,25,P,CIFAR10,2,bird,0.013043412938714027,0.060614265501499176,0.0368288392201066,False
EMNIST,25,P,CIFAR10,3,cat,0.016764897853136063,0.11344406753778458,0.06510448269546032,False
EMNIST,25,P,CIFAR10,4,deer,0.011532934382557869,0.054785825312137604,0.033159379847347736,False
EMNIST,25,P,CIFAR10,5,dog,0.017153602093458176,0.15595534443855286,0.08655447326600552,False
EMNIST,25,P,CIFAR10,6,frog,0.01616106927394867,0.0836501270532608,0.049905598163604736,False
EMNIST,25,P,CIFAR10,7,horse,0.017626827582716942,0.1350289136171341,0.07632787059992552,False
EMNIST,25,P,CIFAR10,8,ship,0.03083246946334839,0.046296365559101105,0.03856441751122475,False
EMNIST,25,P,CIFAR10,9,truck,0.014727962203323841,0.13011491298675537,0.0724214375950396,False
EMNIST,26,Q,CIFAR10,0,airplane,0.010407855734229088,0.045251619070768356,0.027829737402498722,False
EMNIST,26,Q,CIFAR10,1,automobile,0.011983595788478851,0.12804046273231506,0.07001202926039696,False
EMNIST,26,Q,CIFAR10,2,bird,0.011973647400736809,0.06083426997065544,0.036403958685696125,False
EMNIST,26,Q,CIFAR10,3,cat,0.005772837437689304,0.1292673647403717,0.0675201010890305,False
EMNIST,26,Q,CIFAR10,4,deer,0.007516471203416586,0.057304494082927704,0.032410482643172145,False
EMNIST,26,Q,CIFAR10,5,dog,0.009099189192056656,0.2044396698474884,0.10676942951977253,True
EMNIST,26,Q,CIFAR10,6,frog,0.0074326395988464355,0.07370353490114212,0.04056808724999428,False
EMNIST,26,Q,CIFAR10,7,horse,0.006736016366630793,0.14231222867965698,0.07452412252314389,False
EMNIST,26,Q,CIFAR10,8,ship,0.011983166448771954,0.053361766040325165,0.03267246624454856,False
EMNIST,26,Q,CIFAR10,9,truck,0.021153204143047333,0.10548460483551025,0.0633189044892788,False
EMNIST,27,R,CIFAR10,0,airplane,0.031003188341856003,0.04709373787045479,0.039048463106155396,False
EMNIST,27,R,CIFAR10,1,automobile,0.03160605952143669,0.17939816415309906,0.10550211183726788,True
EMNIST,27,R,CIFAR10,2,bird,0.01399973500519991,0.0573108084499836,0.03565527172759175,False
EMNIST,27,R,CIFAR10,3,cat,0.01216079667210579,0.10568712651729584,0.05892396159470081,False
EMNIST,27,R,CIFAR10,4,deer,0.010567234829068184,0.05146370083093643,0.031015467830002308,False
EMNIST,27,R,CIFAR10,5,dog,0.014815539121627808,0.17849941551685333,0.09665747731924057,False
EMNIST,27,R,CIFAR10,6,frog,0.02441687509417534,0.08077992498874664,0.05259840004146099,False
EMNIST,27,R,CIFAR10,7,horse,0.019293639808893204,0.12189024686813354,0.07059194333851337,False
EMNIST,27,R,CIFAR10,8,ship,0.029163118451833725,0.057108551263809204,0.043135834857821465,False
EMNIST,27,R,CIFAR10,9,truck,0.03226755931973457,0.12076833099126816,0.07651794515550137,False
EMNIST,28,S,CIFAR10,0,airplane,0.005729831755161285,0.06959493458271027,0.037662383168935776,False
EMNIST,28,S,CIFAR10,1,automobile,0.004601029679179192,0.24724805355072021,0.1259245416149497,True
EMNIST,28,S,CIFAR10,2,bird,0.006440171506255865,0.0560181550681591,0.031229163287207484,False
EMNIST,28,S,CIFAR10,3,cat,0.0074568577110767365,0.07655109465122223,0.04200397618114948,False
EMNIST,28,S,CIFAR10,4,deer,0.0059201596304774284,0.04643998667597771,0.026180073153227568,False
EMNIST,28,S,CIFAR10,5,dog,0.008466570638120174,0.12946636974811554,0.06896647019311786,False
EMNIST,28,S,CIFAR10,6,frog,0.004667685367166996,0.05421196669340134,0.029439826030284166,False
EMNIST,28,S,CIFAR10,7,horse,0.00485567282885313,0.10043486207723618,0.05264526745304465,False
EMNIST,28,S,CIFAR10,8,ship,0.004664679057896137,0.08602602034807205,0.045345349702984095,False
EMNIST,28,S,CIFAR10,9,truck,0.005840824451297522,0.13400855660438538,0.06992469052784145,False
EMNIST,29,T,CIFAR10,0,airplane,0.0059165749698877335,0.05577406287193298,0.03084531892091036,False
EMNIST,29,T,CIFAR10,1,automobile,0.0011455460917204618,0.18981094658374786,0.09547824633773416,False
EMNIST,29,T,CIFAR10,2,bird,0.013632749207317829,0.06369871646165848,0.03866573283448815,False
EMNIST,29,T,CIFAR10,3,cat,0.006915479898452759,0.09234341979026794,0.04962944984436035,False
EMNIST,29,T,CIFAR10,4,deer,0.003920037765055895,0.06097907945513725,0.032449558610096574,False
EMNIST,29,T,CIFAR10,5,dog,0.009434313513338566,0.1059737578034401,0.05770403565838933,False
EMNIST,29,T,CIFAR10,6,frog,0.006498898379504681,0.0860448032617569,0.04627185082063079,False
EMNIST,29,T,CIFAR10,7,horse,0.028378477320075035,0.14246949553489685,0.08542398642748594,False
EMNIST,29,T,CIFAR10,8,ship,0.0017131359782069921,0.046532291918992996,0.024122713948599994,False
EMNIST,29,T,CIFAR10,9,truck,0.0107555091381073,0.15637342631816864,0.08356446772813797,False
EMNIST,30,U,CIFAR10,0,airplane,0.015614256262779236,0.038551464676856995,0.027082860469818115,False
EMNIST,30,U,CIFAR10,1,automobile,0.0033568583894521,0.08475933969020844,0.04405809903983027,False
EMNIST,30,U,CIFAR10,2,bird,0.022517865523695946,0.06804230064153671,0.04528008308261633,False
EMNIST,30,U,CIFAR10,3,cat,0.025024335831403732,0.15980151295661926,0.0924129243940115,False
EMNIST,30,U,CIFAR10,4,deer,0.0316924974322319,0.07076729834079742,0.051229897886514664,False
EMNIST,30,U,CIFAR10,5,dog,0.018224002793431282,0.23515982925891876,0.12669191602617502,True
EMNIST,30,U,CIFAR10,6,frog,0.01816399022936821,0.106630839407444,0.062397414818406105,False
EMNIST,30,U,CIFAR10,7,horse,0.011692608706653118,0.12404555082321167,0.0678690797649324,False
EMNIST,30,U,CIFAR10,8,ship,0.013987655751407146,0.04401332885026932,0.029000492300838232,False
EMNIST,30,U,CIFAR10,9,truck,0.016881311312317848,0.06822855770587921,0.04255493450909853,False
EMNIST,31,V,CIFAR10,0,airplane,0.0169990137219429,0.030311185866594315,0.023655099794268608,False
EMNIST,31,V,CIFAR10,1,automobile,0.0033934302628040314,0.07872656732797623,0.04105999879539013,False
EMNIST,31,V,CIFAR10,2,bird,0.013334184885025024,0.06849484890699387,0.040914516896009445,False
EMNIST,31,V,CIFAR10,3,cat,0.011709032580256462,0.1624419391155243,0.08707548584789038,False
EMNIST,31,V,CIFAR10,4,deer,0.018299227580428123,0.07149133831262589,0.044895282946527004,False
EMNIST,31,V,CIFAR10,5,dog,0.009954560548067093,0.2611851096153259,0.1355698350816965,True
EMNIST,31,V,CIFAR10,6,frog,0.012388358823955059,0.12385103851556778,0.06811969866976142,False
EMNIST,31,V,CIFAR10,7,horse,0.0074854628182947636,0.11462000757455826,0.06105273519642651,False
EMNIST,31,V,CIFAR10,8,ship,0.008034976199269295,0.029888372868299484,0.01896167453378439,False
EMNIST,31,V,CIFAR10,9,truck,0.00814187340438366,0.058989621698856354,0.03356574755162001,False
EMNIST,32,W,CIFAR10,0,airplane,0.007734981831163168,0.042915187776088715,0.02532508480362594,False
EMNIST,32,W,CIFAR10,1,automobile,0.004564824514091015,0.12015440315008163,0.062359613832086325,False
EMNIST,32,W,CIFAR10,2,bird,0.014447979629039764,0.06421168148517609,0.039329830557107925,False
EMNIST,32,W,CIFAR10,3,cat,0.014536182396113873,0.13336840271949768,0.07395229255780578,False
EMNIST,32,W,CIFAR10,4,deer,0.01648305542767048,0.0655488595366478,0.04101595748215914,False
EMNIST,32,W,CIFAR10,5,dog,0.009865427389740944,0.20089510083198547,0.10538026411086321,True
EMNIST,32,W,CIFAR10,6,frog,0.026588985696434975,0.09937233477830887,0.06298066023737192,False
EMNIST,32,W,CIFAR10,7,horse,0.02168240025639534,0.12787866592407227,0.0747805330902338,False
EMNIST,32,W,CIFAR10,8,ship,0.0040849195793271065,0.05991300195455551,0.03199896076694131,False
EMNIST,32,W,CIFAR10,9,truck,0.006664603017270565,0.08574239909648895,0.04620350105687976,False
EMNIST,33,X,CIFAR10,0,airplane,0.0060091326013207436,0.03138889744877815,0.018699015025049448,False
EMNIST,33,X,CIFAR10,1,automobile,0.002837608801200986,0.11329461634159088,0.058066112571395934,False
EMNIST,33,X,CIFAR10,2,bird,0.006700304336845875,0.065293088555336,0.03599669644609094,False
EMNIST,33,X,CIFAR10,3,cat,0.01053563691675663,0.14808958768844604,0.07931261230260134,False
EMNIST,33,X,CIFAR10,4,deer,0.012326731346547604,0.062273524701595306,0.037300128024071455,False
EMNIST,33,X,CIFAR10,5,dog,0.007652609143406153,0.23028859496116638,0.11897060205228627,True
EMNIST,33,X,CIFAR10,6,frog,0.010057066567242146,0.1094910278916359,0.05977404722943902,False
EMNIST,33,X,CIFAR10,7,horse,0.0059015024453401566,0.12326691299676895,0.06458420772105455,False
EMNIST,33,X,CIFAR10,8,ship,0.0040150904096663,0.027846625074744225,0.015930857742205262,False
EMNIST,33,X,CIFAR10,9,truck,0.0032374330330640078,0.08876711130142212,0.04600227216724306,False
EMNIST,34,Y,CIFAR10,0,airplane,0.005901952739804983,0.028259003534913063,0.017080478137359023,False
EMNIST,34,Y,CIFAR10,1,automobile,0.003735886886715889,0.08525723963975906,0.044496563263237476,False
EMNIST,34,Y,CIFAR10,2,bird,0.0058724405243992805,0.07214739173650742,0.03900991613045335,False
EMNIST,34,Y,CIFAR10,3,cat,0.009798234328627586,0.1702192723751068,0.0900087533518672,False
EMNIST,34,Y,CIFAR10,4,deer,0.010644836351275444,0.07341708987951279,0.042030963115394115,False
EMNIST,34,Y,CIFAR10,5,dog,0.007114227861166,0.22688253223896027,0.11699838005006313,True
EMNIST,34,Y,CIFAR10,6,frog,0.010365367867052555,0.1423051357269287,0.07633525179699063,False
EMNIST,34,Y,CIFAR10,7,horse,0.005450129043310881,0.11705701053142548,0.06125356978736818,False
EMNIST,34,Y,CIFAR10,8,ship,0.005216000135987997,0.022027207538485527,0.013621603837236762,False
EMNIST,34,Y,CIFAR10,9,truck,0.004257861524820328,0.062428124248981476,0.0333429928869009,False
EMNIST,35,Z,CIFAR10,0,airplane,0.0054129548370838165,0.05360390618443489,0.029508430510759354,False
EMNIST,35,Z,CIFAR10,1,automobile,0.003527640597894788,0.2524556815624237,0.12799166108015925,True
EMNIST,35,Z,CIFAR10,2,bird,0.006143919192254543,0.055901508778333664,0.031022713985294104,False
EMNIST,35,Z,CIFAR10,3,cat,0.005489187780767679,0.09235108643770218,0.04892013710923493,False
EMNIST,35,Z,CIFAR10,4,deer,0.005430127959698439,0.05460631847381592,0.03001822321675718,False
EMNIST,35,Z,CIFAR10,5,dog,0.008472840301692486,0.14791344106197357,0.07819314068183303,False
EMNIST,35,Z,CIFAR10,6,frog,0.006243842653930187,0.07095712423324585,0.03860048344358802,False
EMNIST,35,Z,CIFAR10,7,horse,0.005562243517488241,0.09922861307859421,0.052395428298041224,False
EMNIST,35,Z,CIFAR10,8,ship,0.006493488792330027,0.04488857090473175,0.02569102984853089,False
EMNIST,35,Z,CIFAR10,9,truck,0.007217061705887318,0.12809373438358307,0.0676553980447352,False
EMNIST,36,a,CIFAR10,0,airplane,0.016439644619822502,0.04866610839962959,0.03255287650972605,False
EMNIST,36,a,CIFAR10,1,automobile,0.04512977600097656,0.16937129199504852,0.10725053399801254,True
EMNIST,36,a,CIFAR10,2,bird,0.02744339033961296,0.06310717761516571,0.045275283977389336,False
EMNIST,36,a,CIFAR10,3,cat,0.017031926661729813,0.11168458312749863,0.06435825489461422,False
EMNIST,36,a,CIFAR10,4,deer,0.012058130465447903,0.0604216642677784,0.03623989736661315,False
EMNIST,36,a,CIFAR10,5,dog,0.03988644853234291,0.16090691089630127,0.10039667971432209,True
EMNIST,36,a,CIFAR10,6,frog,0.023129843175411224,0.08923943340778351,0.056184638291597366,False
EMNIST,36,a,CIFAR10,7,horse,0.03269978240132332,0.12305812537670135,0.07787895388901234,False
EMNIST,36,a,CIFAR10,8,ship,0.02625296451151371,0.06657689064741135,0.04641492757946253,False
EMNIST,36,a,CIFAR10,9,truck,0.041926346719264984,0.10696782171726227,0.07444708421826363,False
EMNIST,37,b,CIFAR10,0,airplane,0.0023019020445644855,0.03973018378019333,0.021016042912378907,False
EMNIST,37,b,CIFAR10,1,automobile,0.0032395757734775543,0.09658999741077423,0.04991478659212589,False
EMNIST,37,b,CIFAR10,2,bird,0.005585764534771442,0.06662069261074066,0.03610322857275605,False
EMNIST,37,b,CIFAR10,3,cat,0.008749844506382942,0.144456148147583,0.07660299632698298,False
EMNIST,37,b,CIFAR10,4,deer,0.007456321269273758,0.06710194051265717,0.03727913089096546,False
EMNIST,37,b,CIFAR10,5,dog,0.004015608690679073,0.24162797629833221,0.12282179249450564,True
EMNIST,37,b,CIFAR10,6,frog,0.007173420395702124,0.10445855557918549,0.055815987987443805,False
EMNIST,37,b,CIFAR10,7,horse,0.006856995634734631,0.12696614861488342,0.06691157212480903,False
EMNIST,37,b,CIFAR10,8,ship,0.0016465417575091124,0.03597388043999672,0.018810211098752916,False
EMNIST,37,b,CIFAR10,9,truck,0.002860458567738533,0.07647444307804108,0.039667450822889805,False
EMNIST,38,c,CIFAR10,0,airplane,0.0019158560317009687,0.06301552802324295,0.03246569202747196,False
EMNIST,38,c,CIFAR10,1,automobile,0.0019362575840204954,0.2167702168226242,0.10935323720332235,True
EMNIST,38,c,CIFAR10,2,bird,0.004395755473524332,0.06204862520098686,0.0332221903372556,False
EMNIST,38,c,CIFAR10,3,cat,0.003284743521362543,0.10052245855331421,0.051903601037338376,False
EMNIST,38,c,CIFAR10,4,deer,0.003330929670482874,0.062115807086229324,0.0327233683783561,False
EMNIST,38,c,CIFAR10,5,dog,0.002127212705090642,0.12353388220071793,0.06283054745290428,False
EMNIST,38,c,CIFAR10,6,frog,0.0026707800570875406,0.07091521471738815,0.03679299738723785,False
EMNIST,38,c,CIFAR10,7,horse,0.0022369693033397198,0.11192259937524796,0.05707978433929384,False
EMNIST,38,c,CIFAR10,8,ship,0.0021525355987250805,0.06912674754858017,0.035639641573652625,False
EMNIST,38,c,CIFAR10,9,truck,0.003237870056182146,0.12002892792224884,0.06163339898921549,False
EMNIST,39,d,CIFAR10,0,airplane,0.003521949052810669,0.039873138070106506,0.021697543561458588,False
EMNIST,39,d,CIFAR10,1,automobile,0.004009142983704805,0.10712210088968277,0.05556562193669379,False
EMNIST,39,d,CIFAR10,2,bird,0.00694835651665926,0.06483081728219986,0.03588958689942956,False
EMNIST,39,d,CIFAR10,3,cat,0.0089371707290411,0.14523649215698242,0.07708683144301176,False
EMNIST,39,d,CIFAR10,4,deer,0.009909501299262047,0.06627115607261658,0.03809032868593931,False
EMNIST,39,d,CIFAR10,5,dog,0.0078965462744236,0.22670969367027283,0.11730311997234821,True
EMNIST,39,d,CIFAR10,6,frog,0.00907083135098219,0.1029490977525711,0.05600996455177665,False
EMNIST,39,d,CIFAR10,7,horse,0.005991962272673845,0.1250852793455124,0.06553862080909312,False
EMNIST,39,d,CIFAR10,8,ship,0.002863634144887328,0.04277753084897995,0.02282058249693364,False
EMNIST,39,d,CIFAR10,9,truck,0.003089161589741707,0.0791446790099144,0.04111692029982805,False
EMNIST,40,e,CIFAR10,0,airplane,0.0898064598441124,0.0745030865073204,0.0821547731757164,False
EMNIST,40,e,CIFAR10,1,automobile,0.15488138794898987,0.27984291315078735,0.2173621505498886,True
EMNIST,40,e,CIFAR10,2,bird,0.10669882595539093,0.05434926599264145,0.08052404597401619,False
EMNIST,40,e,CIFAR10,3,cat,0.10724033415317535,0.06546696275472641,0.08635364845395088,False
EMNIST,40,e,CIFAR10,4,deer,0.10703335702419281,0.04267352074384689,0.07485343888401985,False
EMNIST,40,e,CIFAR10,5,dog,0.10768642276525497,0.10821013152599335,0.10794827714562416,True
EMNIST,40,e,CIFAR10,6,frog,0.10679575055837631,0.056224919855594635,0.08151033520698547,False
EMNIST,40,e,CIFAR10,7,horse,0.10671979188919067,0.09327805787324905,0.09999892488121986,False
EMNIST,40,e,CIFAR10,8,ship,0.13194487988948822,0.08696751296520233,0.10945619642734528,True
EMNIST,40,e,CIFAR10,9,truck,0.11902867257595062,0.13848361372947693,0.12875614315271378,True
EMNIST,41,f,CIFAR10,0,airplane,0.006669698748737574,0.04612215235829353,0.026395925553515553,False
EMNIST,41,f,CIFAR10,1,automobile,0.010339471511542797,0.15987330675125122,0.08510638913139701,False
EMNIST,41,f,CIFAR10,2,bird,0.004754428286105394,0.06273291260004044,0.033743670443072915,False
EMNIST,41,f,CIFAR10,3,cat,0.006444246973842382,0.11867175251245499,0.06255799974314868,False
EMNIST,41,f,CIFAR10,4,deer,0.004551849327981472,0.05750364810228348,0.031027748715132475,False
EMNIST,41,f,CIFAR10,5,dog,0.007802590727806091,0.17813417315483093,0.09296838194131851,False
EMNIST,41,f,CIFAR10,6,frog,0.006886585149914026,0.09238580614328384,0.049636195646598935,False
EMNIST,41,f,CIFAR10,7,horse,0.009395579807460308,0.12291498482227325,0.06615528231486678,False
EMNIST,41,f,CIFAR10,8,ship,0.009001530706882477,0.0453205481171608,0.027161039412021637,False
EMNIST,41,f,CIFAR10,9,truck,0.005999187007546425,0.11634073406457901,0.06116996053606272,False
EMNIST,42,g,CIFAR10,0,airplane,0.0169654693454504,0.047200895845890045,0.03208318259567022,False
EMNIST,42,g,CIFAR10,1,automobile,0.010550323873758316,0.1486695110797882,0.07960991747677326,False
EMNIST,42,g,CIFAR10,2,bird,0.008213873021304607,0.0654904693365097,0.036852171178907156,False
EMNIST,42,g,CIFAR10,3,cat,0.0066147432662546635,0.12179294973611832,0.06420384650118649,False
EMNIST,42,g,CIFAR10,4,deer,0.010026018135249615,0.06045348569750786,0.035239751916378736,False
EMNIST,42,g,CIFAR10,5,dog,0.01864520274102688,0.17436178028583527,0.09650349151343107,False
EMNIST,42,g,CIFAR10,6,frog,0.006140919867902994,0.10026784241199493,0.053204381139948964,False
EMNIST,42,g,CIFAR10,7,horse,0.0134488670155406,0.12732385098934174,0.07038635900244117,False
EMNIST,42,g,CIFAR10,8,ship,0.021385323256254196,0.04400802403688431,0.03269667364656925,False
EMNIST,42,g,CIFAR10,9,truck,0.011585483327507973,0.11043120920658112,0.061008346267044544,False
EMNIST,43,h,CIFAR10,0,airplane,0.0076464139856398106,0.02845858968794346,0.018052501836791635,False
EMNIST,43,h,CIFAR10,1,automobile,0.00741259241476655,0.07027620077133179,0.03884439659304917,False
EMNIST,43,h,CIFAR10,2,bird,0.00990306120365858,0.06984720379114151,0.039875132497400045,False
EMNIST,43,h,CIFAR10,3,cat,0.016147110611200333,0.1628093719482422,0.08947824127972126,False
EMNIST,43,h,CIFAR10,4,deer,0.01407120656222105,0.07804907113313675,0.0460601388476789,False
EMNIST,43,h,CIFAR10,5,dog,0.009291213005781174,0.24500751495361328,0.12714936397969723,True
EMNIST,43,h,CIFAR10,6,frog,0.01788918301463127,0.13886861503124237,0.07837889902293682,False
EMNIST,43,h,CIFAR10,7,horse,0.010153624229133129,0.11811897903680801,0.06413630163297057,False
EMNIST,43,h,CIFAR10,8,ship,0.0059545100666582584,0.031586457043886185,0.01877048355527222,False
EMNIST,43,h,CIFAR10,9,truck,0.004404538311064243,0.056977998465299606,0.030691268388181925,False
EMNIST,44,i,CIFAR10,0,airplane,0.0013557884376496077,0.02690122090280056,0.014128504670225084,False
EMNIST,44,i,CIFAR10,1,automobile,0.0012415603268891573,0.05120304226875305,0.026222301297821105,False
EMNIST,44,i,CIFAR10,2,bird,0.0037892120890319347,0.08026367425918579,0.04202644317410886,False
EMNIST,44,i,CIFAR10,3,cat,0.008693155832588673,0.1756095290184021,0.09215134242549539,False
EMNIST,44,i,CIFAR10,4,deer,0.004350817296653986,0.08983097970485687,0.04709089850075543,False
EMNIST,44,i,CIFAR10,5,dog,0.005799584556370974,0.24212495982646942,0.1239622721914202,True
EMNIST,44,i,CIFAR10,6,frog,0.004476314410567284,0.1582864671945572,0.08138139080256224,False
EMNIST,44,i,CIFAR10,7,horse,0.003954858984798193,0.11268766224384308,0.058321260614320636,False
EMNIST,44,i,CIFAR10,8,ship,0.0009619503980502486,0.02103438787162304,0.010998169134836644,False
EMNIST,44,i,CIFAR10,9,truck,0.0014378720661625266,0.04205811023712158,0.021747991151642054,False
EMNIST,45,j,CIFAR10,0,airplane,0.0020044706761837006,0.04010719060897827,0.021055830642580986,False
EMNIST,45,j,CIFAR10,1,automobile,0.0005912384949624538,0.07960173487663269,0.04009648668579757,False
EMNIST,45,j,CIFAR10,2,bird,0.004845903255045414,0.07592979818582535,0.04038785072043538,False
EMNIST,45,j,CIFAR10,3,cat,0.00838675070554018,0.16010233759880066,0.08424454415217042,False
EMNIST,45,j,CIFAR10,4,deer,0.005206225905567408,0.08680786937475204,0.046007047640159726,False
EMNIST,45,j,CIFAR10,5,dog,0.005024509504437447,0.20556139945983887,0.10529295448213816,True
EMNIST,45,j,CIFAR10,6,frog,0.0038048054557293653,0.1308830976486206,0.06734395155217499,False
EMNIST,45,j,CIFAR10,7,horse,0.004375656601041555,0.11924374103546143,0.06180969881825149,False
EMNIST,45,j,CIFAR10,8,ship,0.0007722266018390656,0.03751368075609207,0.01914295367896557,False
EMNIST,45,j,CIFAR10,9,truck,0.0019501305650919676,0.06424911320209503,0.0330996218835935,False
EMNIST,46,k,CIFAR10,0,airplane,0.009993959218263626,0.04817134886980057,0.029082654044032097,False
EMNIST,46,k,CIFAR10,1,automobile,0.012667198665440083,0.15170615911483765,0.08218667889013886,False
EMNIST,46,k,CIFAR10,2,bird,0.009526054374873638,0.06482110172510147,0.037173578049987555,False
EMNIST,46,k,CIFAR10,3,cat,0.013372799381613731,0.12770351767539978,0.07053815852850676,False
EMNIST,46,k,CIFAR10,4,deer,0.01271568052470684,0.06074943393468857,0.036732557229697704,False
EMNIST,46,k,CIFAR10,5,dog,0.009255186654627323,0.18878695368766785,0.09902107017114758,False
EMNIST,46,k,CIFAR10,6,frog,0.015282899141311646,0.09507723897695541,0.05518006905913353,False
EMNIST,46,k,CIFAR10,7,horse,0.008757476694881916,0.12021549046039581,0.06448648357763886,False
EMNIST,46,k,CIFAR10,8,ship,0.008590792305767536,0.04368553310632706,0.026138162706047297,False
EMNIST,46,k,CIFAR10,9,truck,0.005490124225616455,0.09908324480056763,0.05228668451309204,False
EMNIST,47,l,CIFAR10,0,airplane,0.002377961063757539,0.02265210449695587,0.012515032780356705,False
EMNIST,47,l,CIFAR10,1,automobile,0.001572843873873353,0.04513854905962944,0.023355696466751397,False
EMNIST,47,l,CIFAR10,2,bird,0.0040368689224123955,0.08039947599172592,0.04221817245706916,False
EMNIST,47,l,CIFAR10,3,cat,0.00918472558259964,0.1807832270860672,0.09498397633433342,False
EMNIST,47,l,CIFAR10,4,deer,0.005451786331832409,0.09198477119207382,0.048718278761953115,False
EMNIST,47,l,CIFAR10,5,dog,0.003748226212337613,0.24156074225902557,0.1226544842356816,True
EMNIST,47,l,CIFAR10,6,frog,0.004624101798981428,0.1673254817724228,0.08597479178570211,False
EMNIST,47,l,CIFAR10,7,horse,0.003441555891185999,0.11556033045053482,0.05950094317086041,False
EMNIST,47,l,CIFAR10,8,ship,0.002011947799474001,0.017521601170301437,0.00976677448488772,False
EMNIST,47,l,CIFAR10,9,truck,0.001985448645427823,0.037073712795972824,0.019529580720700324,False
EMNIST,48,m,CIFAR10,0,airplane,0.00876216683536768,0.04644034057855606,0.02760125370696187,False
EMNIST,48,m,CIFAR10,1,automobile,0.012002896517515182,0.23596858978271484,0.12398574315011501,True
EMNIST,48,m,CIFAR10,2,bird,0.006817512214183807,0.058805860579013824,0.032811686396598816,False
EMNIST,48,m,CIFAR10,3,cat,0.006904034409672022,0.09111301600933075,0.049008525209501386,False
EMNIST,48,m,CIFAR10,4,deer,0.011356852948665619,0.05419929698109627,0.03277807496488094,False
EMNIST,48,m,CIFAR10,5,dog,0.008444606326520443,0.11341079324483871,0.06092769978567958,False
EMNIST,48,m,CIFAR10,6,frog,0.011415927670896053,0.08763183653354645,0.04952388210222125,False
EMNIST,48,m,CIFAR10,7,horse,0.008320862427353859,0.12986314296722412,0.06909200269728899,False
EMNIST,48,m,CIFAR10,8,ship,0.00941501185297966,0.04584905132651329,0.027632031589746475,False
EMNIST,48,m,CIFAR10,9,truck,0.006271746940910816,0.13671807944774628,0.07149491319432855,False
EMNIST,49,n,CIFAR10,0,airplane,0.02041998878121376,0.04458831995725632,0.03250415436923504,False
EMNIST,49,n,CIFAR10,1,automobile,0.010896715335547924,0.1292230188846588,0.07005986711010337,False
EMNIST,49,n,CIFAR10,2,bird,0.012453760951757431,0.07228992879390717,0.0423718448728323,False
EMNIST,49,n,CIFAR10,3,cat,0.011451955884695053,0.11994542926549911,0.06569869257509708,False
EMNIST,49,n,CIFAR10,4,deer,0.013561922125518322,0.06972590833902359,0.041643915232270956,False
EMNIST,49,n,CIFAR10,5,dog,0.01185939647257328,0.172496035695076,0.09217771608382463,False
EMNIST,49,n,CIFAR10,6,frog,0.016071481630206108,0.10269339382648468,0.059382437728345394,False
EMNIST,49,n,CIFAR10,7,horse,0.020055772736668587,0.13521337509155273,0.07763457391411066,False
EMNIST,49,n,CIFAR10,8,ship,0.01684403046965599,0.0500354990363121,0.03343976475298405,False
EMNIST,49,n,CIFAR10,9,truck,0.010777341201901436,0.10378910601139069,0.05728322360664606,False
EMNIST,50,o,CIFAR10,0,airplane,0.004616773221641779,0.06178007647395134,0.03319842484779656,False
EMNIST,50,o,CIFAR10,1,automobile,0.0015784632414579391,0.16332681477069855,0.08245263900607824,False
EMNIST,50,o,CIFAR10,2,bird,0.003750873263925314,0.06810124963521957,0.035926061449572444,False
EMNIST,50,o,CIFAR10,3,cat,0.0030847240705043077,0.10733149200677872,0.05520810803864151,False
EMNIST,50,o,CIFAR10,4,deer,0.003424470778554678,0.0594327449798584,0.03142860787920654,False
EMNIST,50,o,CIFAR10,5,dog,0.0029858597554266453,0.14656448364257812,0.07477517169900239,False
EMNIST,50,o,CIFAR10,6,frog,0.002950760070234537,0.06761011481285095,0.035280437441542745,False
EMNIST,50,o,CIFAR10,7,horse,0.0028235111385583878,0.13374736905097961,0.068285440094769,False
EMNIST,50,o,CIFAR10,8,ship,0.0037852548994123936,0.07814900577068329,0.04096713033504784,False
EMNIST,50,o,CIFAR10,9,truck,0.0039514778181910515,0.11395664513111115,0.0589540614746511,False
EMNIST,51,p,CIFAR10,0,airplane,0.01178493071347475,0.05290474370121956,0.032344837207347155,False
EMNIST,51,p,CIFAR10,1,automobile,0.009030228480696678,0.21700052917003632,0.1130153788253665,True
EMNIST,51,p,CIFAR10,2,bird,0.01028186734765768,0.057864028960466385,0.03407294815406203,False
EMNIST,51,p,CIFAR10,3,cat,0.010434767231345177,0.09487305581569672,0.052653911523520947,False
EMNIST,51,p,CIFAR10,4,deer,0.009297112934291363,0.052758824080228806,0.031027968507260084,False
EMNIST,51,p,CIFAR10,5,dog,0.012928646989166737,0.11523492634296417,0.06408178666606545,False
EMNIST,51,p,CIFAR10,6,frog,0.010893052443861961,0.08348596096038818,0.04718950670212507,False
EMNIST,51,p,CIFAR10,7,horse,0.00994980800896883,0.12255249172449112,0.06625114986672997,False
EMNIST,51,p,CIFAR10,8,ship,0.014150947332382202,0.06279869377613068,0.03847482055425644,False
EMNIST,51,p,CIFAR10,9,truck,0.009702751412987709,0.14052674174308777,0.07511474657803774,False
EMNIST,52,q,CIFAR10,0,airplane,0.012137901037931442,0.04583438113331795,0.028986141085624695,False
EMNIST,52,q,CIFAR10,1,automobile,0.010434726253151894,0.16760346293449402,0.08901909459382296,False
EMNIST,52,q,CIFAR10,2,bird,0.006414712872356176,0.06354846805334091,0.034981590462848544,False
EMNIST,52,q,CIFAR10,3,cat,0.005786878056824207,0.116116464138031,0.06095167109742761,False
EMNIST,52,q,CIFAR10,4,deer,0.007428066339343786,0.057352256029844284,0.032390161184594035,False
EMNIST,52,q,CIFAR10,5,dog,0.010976158082485199,0.1522798091173172,0.0816279835999012,False
EMNIST,52,q,CIFAR10,6,frog,0.005787242669612169,0.09374578297138214,0.049766512820497155,False
EMNIST,52,q,CIFAR10,7,horse,0.00674655893817544,0.13809147477149963,0.07241901685483754,False
EMNIST,52,q,CIFAR10,8,ship,0.011758372187614441,0.040888380259275436,0.02632337622344494,False
EMNIST,52,q,CIFAR10,9,truck,0.008803555741906166,0.12453951686620712,0.06667153630405664,False
EMNIST,53,r,CIFAR10,0,airplane,0.009193416684865952,0.05386263132095337,0.03152802400290966,False
EMNIST,53,r,CIFAR10,1,automobile,0.006850054953247309,0.15083305537700653,0.07884155516512692,False
EMNIST,53,r,CIFAR10,2,bird,0.007352094165980816,0.07016902416944504,0.03876055916771293,False
EMNIST,53,r,CIFAR10,3,cat,0.010921970941126347,0.11643688380718231,0.06367942737415433,False
EMNIST,53,r,CIFAR10,4,deer,0.006691533140838146,0.06263472884893417,0.03466313099488616,False
EMNIST,53,r,CIFAR10,5,dog,0.006562503986060619,0.15824101865291595,0.08240176131948829,False
EMNIST,53,r,CIFAR10,6,frog,0.013951283879578114,0.08251166343688965,0.04823147365823388,False
EMNIST,53,r,CIFAR10,7,horse,0.010395204648375511,0.1287355124950409,0.0695653585717082,False
EMNIST,53,r,CIFAR10,8,ship,0.008970754221081734,0.04993424564599991,0.02945249993354082,False
EMNIST,53,r,CIFAR10,9,truck,0.007066965103149414,0.12664122879505157,0.0668540969491005,False
EMNIST,54,s,CIFAR10,0,airplane,0.004412319511175156,0.059355784207582474,0.031884051859378815,False
EMNIST,54,s,CIFAR10,1,automobile,0.003354594809934497,0.2177213877439499,0.1105379912769422,True
EMNIST,54,s,CIFAR10,2,bird,0.004942618310451508,0.05928358435630798,0.032113101333379745,False
EMNIST,54,s,CIFAR10,3,cat,0.004977117292582989,0.09202809631824493,0.04850260680541396,False
EMNIST,54,s,CIFAR10,4,deer,0.004747847560793161,0.05323242396116257,0.028990135760977864,False
EMNIST,54,s,CIFAR10,5,dog,0.005538418889045715,0.1441817730665207,0.0748600959777832,False
EMNIST,54,s,CIFAR10,6,frog,0.003806009190157056,0.07173501700162888,0.037770513095892966,False
EMNIST,54,s,CIFAR10,7,horse,0.0033082396257668734,0.11035174131393433,0.0568299904698506,False
EMNIST,54,s,CIFAR10,8,ship,0.0033658496104180813,0.06471139937639236,0.03403862449340522,False
EMNIST,54,s,CIFAR10,9,truck,0.004334938712418079,0.1273987740278244,0.06586685637012124,False
EMNIST,55,t,CIFAR10,0,airplane,0.005189613904803991,0.04048020765185356,0.022834910778328776,False
EMNIST,55,t,CIFAR10,1,automobile,0.0224914513528347,0.12290267646312714,0.07269706390798092,False
EMNIST,55,t,CIFAR10,2,bird,0.007677456829696894,0.06929390877485275,0.03848568280227482,False
EMNIST,55,t,CIFAR10,3,cat,0.00906514935195446,0.14151594042778015,0.0752905448898673,False
EMNIST,55,t,CIFAR10,4,deer,0.006971098482608795,0.07004664093255997,0.03850886970758438,False
EMNIST,55,t,CIFAR10,5,dog,0.006265799514949322,0.18482935428619385,0.09554757690057158,False
EMNIST,55,t,CIFAR10,6,frog,0.008342352695763111,0.12206803262233734,0.06520519265905023,False
EMNIST,55,t,CIFAR10,7,horse,0.006675905082374811,0.12056733667850494,0.06362162088043988,False
EMNIST,55,t,CIFAR10,8,ship,0.00402627419680357,0.037372857332229614,0.020699565764516592,False
EMNIST,55,t,CIFAR10,9,truck,0.00623182812705636,0.09092305600643158,0.04857744206674397,False
EMNIST,56,u,CIFAR10,0,airplane,0.003092253115028143,0.0491827018558979,0.026137477485463023,False
EMNIST,56,u,CIFAR10,1,automobile,0.0025756245013326406,0.12237215042114258,0.06247388746123761,False
EMNIST,56,u,CIFAR10,2,bird,0.006773474160581827,0.06702127307653427,0.03689737361855805,False
EMNIST,56,u,CIFAR10,3,cat,0.006950735114514828,0.14090347290039062,0.07392710400745273,False
EMNIST,56,u,CIFAR10,4,deer,0.006610122509300709,0.06850774586200714,0.037558934185653925,False
EMNIST,56,u,CIFAR10,5,dog,0.003585224272683263,0.18686746060848236,0.09522634244058281,False
EMNIST,56,u,CIFAR10,6,frog,0.0056478604674339294,0.09438125789165497,0.05001455917954445,False
EMNIST,56,u,CIFAR10,7,horse,0.004781482275575399,0.12211396545171738,0.06344772386364639,False
EMNIST,56,u,CIFAR10,8,ship,0.0031381610315293074,0.0620398223400116,0.03258899168577045,False
EMNIST,56,u,CIFAR10,9,truck,0.005334368906915188,0.08661015331745148,0.04597226111218333,False
EMNIST,57,v,CIFAR10,0,airplane,0.006885800510644913,0.032984502613544464,0.01993515156209469,False
EMNIST,57,v,CIFAR10,1,automobile,0.0024358886294066906,0.07849409431219101,0.04046499147079885,False
EMNIST,57,v,CIFAR10,2,bird,0.00827106274664402,0.06905104219913483,0.03866105247288942,False
EMNIST,57,v,CIFAR10,3,cat,0.007768217474222183,0.16256892681121826,0.08516857214272022,False
EMNIST,57,v,CIFAR10,4,deer,0.013603270053863525,0.06997929513454437,0.04179128259420395,False
EMNIST,57,v,CIFAR10,5,dog,0.0077941641211509705,0.25672364234924316,0.13225890323519707,True
EMNIST,57,v,CIFAR10,6,frog,0.009856408461928368,0.11245264112949371,0.06115452479571104,False
EMNIST,57,v,CIFAR10,7,horse,0.00461676437407732,0.11796952784061432,0.06129314610734582,False
EMNIST,57,v,CIFAR10,8,ship,0.003831441281363368,0.037282802164554596,0.020557121722958982,False
EMNIST,57,v,CIFAR10,9,truck,0.004235483705997467,0.06249353289604187,0.03336450830101967,False
EMNIST,58,w,CIFAR10,0,airplane,0.00334043987095356,0.05259548872709274,0.02796796429902315,False
EMNIST,58,w,CIFAR10,1,automobile,0.0043932609260082245,0.18189404904842377,0.093143654987216,False
EMNIST,58,w,CIFAR10,2,bird,0.008859029039740562,0.06288932263851166,0.03587417583912611,False
EMNIST,58,w,CIFAR10,3,cat,0.00801004283130169,0.11166371405124664,0.059836878441274166,False
EMNIST,58,w,CIFAR10,4,deer,0.011976681649684906,0.061749882996082306,0.036863282322883606,False
EMNIST,58,w,CIFAR10,5,dog,0.006214552093297243,0.13822850584983826,0.07222152897156775,False
EMNIST,58,w,CIFAR10,6,frog,0.011016237549483776,0.09647233784198761,0.05374428769573569,False
EMNIST,58,w,CIFAR10,7,horse,0.010432017967104912,0.12363032251596451,0.06703117024153471,False
EMNIST,58,w,CIFAR10,8,ship,0.0034044641070067883,0.06185072660446167,0.03262759535573423,False
EMNIST,58,w,CIFAR10,9,truck,0.002823979826644063,0.10902564227581024,0.05592481105122715,False
EMNIST,59,x,CIFAR10,0,airplane,0.008399926126003265,0.038223542273044586,0.023311734199523926,False
EMNIST,59,x,CIFAR10,1,automobile,0.005261298734694719,0.12476705014705658,0.06501417444087565,False
EMNIST,59,x,CIFAR10,2,bird,0.007453626953065395,0.06573885679244995,0.03659624187275767,False
EMNIST,59,x,CIFAR10,3,cat,0.01140422560274601,0.1402781456708908,0.07584118563681841,False
EMNIST,59,x,CIFAR10,4,deer,0.0133126899600029,0.060214124619960785,0.03676340728998184,False
EMNIST,59,x,CIFAR10,5,dog,0.0077010332606732845,0.22442512214183807,0.11606307770125568,True
EMNIST,59,x,CIFAR10,6,frog,0.012127144262194633,0.1009674221277237,0.056547283194959164,False
EMNIST,59,x,CIFAR10,7,horse,0.0070573328994214535,0.11708994209766388,0.062073637498542666,False
EMNIST,59,x,CIFAR10,8,ship,0.007556344382464886,0.040191445499658585,0.023873894941061735,False
EMNIST,59,x,CIFAR10,9,truck,0.004528923891484737,0.08810433000326157,0.04631662694737315,False
EMNIST,60,y,CIFAR10,0,airplane,0.004870946519076824,0.0391143374145031,0.02199264196678996,False
EMNIST,60,y,CIFAR10,1,automobile,0.0035245255567133427,0.1314079314470291,0.06746622850187123,False
EMNIST,60,y,CIFAR10,2,bird,0.004243369214236736,0.06941136717796326,0.0368273681961,False
EMNIST,60,y,CIFAR10,3,cat,0.005612360779196024,0.14306333661079407,0.07433784869499505,False
EMNIST,60,y,CIFAR10,4,deer,0.007396675646305084,0.06432607769966125,0.03586137667298317,False
EMNIST,60,y,CIFAR10,5,dog,0.004971018061041832,0.1873130202293396,0.09614201914519072,False
EMNIST,60,y,CIFAR10,6,frog,0.007072077132761478,0.1118646115064621,0.05946834431961179,False
EMNIST,60,y,CIFAR10,7,horse,0.0035852782893925905,0.12461161613464355,0.06409844721201807,False
EMNIST,60,y,CIFAR10,8,ship,0.003909794148057699,0.03348365053534508,0.01869672234170139,False
EMNIST,60,y,CIFAR10,9,truck,0.0024770465679466724,0.09540404379367828,0.04894054518081248,False
EMNIST,61,z,CIFAR10,0,airplane,0.004925355780869722,0.06601960957050323,0.03547248267568648,False
EMNIST,61,z,CIFAR10,1,automobile,0.005363915115594864,0.26611360907554626,0.13573876209557056,True
EMNIST,61,z,CIFAR10,2,bird,0.005494958721101284,0.05579042434692383,0.030642691534012556,False
EMNIST,61,z,CIFAR10,3,cat,0.005230556707829237,0.07509802281856537,0.0401642897631973,False
EMNIST,61,z,CIFAR10,4,deer,0.005171448923647404,0.047182027250528336,0.02617673808708787,False
EMNIST,61,z,CIFAR10,5,dog,0.007622161414474249,0.12519396841526031,0.06640806491486728,False
EMNIST,61,z,CIFAR10,6,frog,0.00604799622669816,0.06374375522136688,0.03489587572403252,False
EMNIST,61,z,CIFAR10,7,horse,0.005005319137126207,0.09243687987327576,0.04872109950520098,False
EMNIST,61,z,CIFAR10,8,ship,0.005923555698245764,0.08118623495101929,0.043554895324632525,False
EMNIST,61,z,CIFAR10,9,truck,0.006958235986530781,0.12723548710346222,0.0670968615449965,False
