global_round,entropy_ratio,confuse_model_ratio,vote_mode,recall,specificity,precision,average_accuracy,f1_score,mcc,TP,FP,TN,FN
5,0.1,0.1,True,0.0,1.0,0.0,0.5,0.0,0.0,0,0,1330,10
5,0.1,0.1,False,0.0,1.0,0.0,0.5,0.0,0.0,0,0,1330,10
5,0.1,0.2,True,0.0,1.0,0.0,0.5,0.0,0.0,0,0,1330,10
5,0.1,0.2,False,0.0,1.0,0.0,0.5,0.0,0.0,0,0,1330,10
5,0.1,0.3,True,0.0,1.0,0.0,0.5,0.0,0.0,0,0,1330,10
5,0.1,0.3,False,0.0,1.0,0.0,0.5,0.0,0.0,0,0,1330,10
5,0.1,0.4,True,0.0,1.0,0.0,0.5,0.0,0.0,0,0,1330,10
5,0.1,0.4,False,0.0,1.0,0.0,0.5,0.0,0.0,0,0,1330,10
5,0.1,0.5,True,0.1,1.0,1.0,0.55,0.18181818181818182,0.3151632221713219,1,0,1330,9
5,0.1,0.5,False,0.1,1.0,1.0,0.55,0.18181818181818182,0.3151632221713219,1,0,1330,9
5,0.1,0.6,True,0.1,1.0,1.0,0.55,0.18181818181818182,0.3151632221713219,1,0,1330,9
5,0.1,0.6,False,0.1,1.0,1.0,0.55,0.18181818181818182,0.3151632221713219,1,0,1330,9
5,0.1,0.7,True,0.4,1.0,1.0,0.7,0.5714285714285715,0.6310337493465553,4,0,1330,6
5,0.1,0.7,False,0.4,1.0,1.0,0.7,0.5714285714285715,0.6310337493465553,4,0,1330,6
5,0.1,0.8,True,0.5,1.0,1.0,0.75,0.6666666666666666,0.7057813689974891,5,0,1330,5
5,0.1,0.8,False,0.5,1.0,1.0,0.75,0.6666666666666666,0.7057813689974891,5,0,1330,5
5,0.1,0.9,True,0.5,0.9984962406015038,0.7142857142857143,0.7492481203007519,0.588235294117647,0.5951461290535652,5,2,1328,5
5,0.1,0.9,False,0.5,0.9984962406015038,0.7142857142857143,0.7492481203007519,0.588235294117647,0.5951461290535652,5,2,1328,5
5,0.1,1.0,True,0.5,0.9984962406015038,0.7142857142857143,0.7492481203007519,0.588235294117647,0.5951461290535652,5,2,1328,5
5,0.1,1.0,False,0.5,0.9984962406015038,0.7142857142857143,0.7492481203007519,0.588235294117647,0.5951461290535652,5,2,1328,5
5,0.15,0.1,True,0.0,1.0,0.0,0.5,0.0,0.0,0,0,1330,10
5,0.15,0.1,False,0.0,1.0,0.0,0.5,0.0,0.0,0,0,1330,10
5,0.15,0.2,True,0.0,1.0,0.0,0.5,0.0,0.0,0,0,1330,10
5,0.15,0.2,False,0.0,1.0,0.0,0.5,0.0,0.0,0,0,1330,10
5,0.15,0.3,True,0.1,1.0,1.0,0.55,0.18181818181818182,0.3151632221713219,1,0,1330,9
5,0.15,0.3,False,0.1,1.0,1.0,0.55,0.18181818181818182,0.3151632221713219,1,0,1330,9
5,0.15,0.4,True,0.2,1.0,1.0,0.6,0.33333333333333337,0.4458746296340156,2,0,1330,8
5,0.15,0.4,False,0.2,1.0,1.0,0.6,0.33333333333333337,0.4458746296340156,2,0,1330,8
5,0.15,0.5,True,0.3,1.0,1.0,0.65,0.4615384615384615,0.5462868471524166,3,0,1330,7
5,0.15,0.5,False,0.3,1.0,1.0,0.65,0.4615384615384615,0.5462868471524166,3,0,1330,7
5,0.15,0.6,True,0.3,1.0,1.0,0.65,0.4615384615384615,0.5462868471524166,3,0,1330,7
5,0.15,0.6,False,0.3,1.0,1.0,0.65,0.4615384615384615,0.5462868471524166,3,0,1330,7
5,0.15,0.7,True,0.5,1.0,1.0,0.75,0.6666666666666666,0.7057813689974891,5,0,1330,5
5,0.15,0.7,False,0.5,1.0,1.0,0.75,0.6666666666666666,0.7057813689974891,5,0,1330,5
5,0.15,0.8,True,0.5,1.0,1.0,0.75,0.6666666666666666,0.7057813689974891,5,0,1330,5
5,0.15,0.8,False,0.5,1.0,1.0,0.75,0.6666666666666666,0.7057813689974891,5,0,1330,5
5,0.15,0.9,True,0.7,0.9984962406015038,0.7777777777777778,0.8492481203007518,0.7368421052631577,0.7360030449049484,7,2,1328,3
5,0.15,0.9,False,0.7,0.9984962406015038,0.7777777777777778,0.8492481203007518,0.7368421052631577,0.7360030449049484,7,2,1328,3
5,0.15,1.0,True,0.7,0.9984962406015038,0.7777777777777778,0.8492481203007518,0.7368421052631577,0.7360030449049484,7,2,1328,3
5,0.15,1.0,False,0.7,0.9984962406015038,0.7777777777777778,0.8492481203007518,0.7368421052631577,0.7360030449049484,7,2,1328,3
5,0.2,0.1,True,0.0,1.0,0.0,0.5,0.0,0.0,0,0,1330,10
5,0.2,0.1,False,0.0,1.0,0.0,0.5,0.0,0.0,0,0,1330,10
5,0.2,0.2,True,0.1,1.0,1.0,0.55,0.18181818181818182,0.3151632221713219,1,0,1330,9
5,0.2,0.2,False,0.1,1.0,1.0,0.55,0.18181818181818182,0.3151632221713219,1,0,1330,9
5,0.2,0.3,True,0.2,1.0,1.0,0.6,0.33333333333333337,0.4458746296340156,2,0,1330,8
5,0.2,0.3,False,0.2,1.0,1.0,0.6,0.33333333333333337,0.4458746296340156,2,0,1330,8
5,0.2,0.4,True,0.3,1.0,1.0,0.65,0.4615384615384615,0.5462868471524166,3,0,1330,7
5,0.2,0.4,False,0.3,1.0,1.0,0.65,0.4615384615384615,0.5462868471524166,3,0,1330,7
5,0.2,0.5,True,0.5,1.0,1.0,0.75,0.6666666666666666,0.7057813689974891,5,0,1330,5
5,0.2,0.5,False,0.5,1.0,1.0,0.75,0.6666666666666666,0.7057813689974891,5,0,1330,5
5,0.2,0.6,True,0.5,1.0,1.0,0.75,0.6666666666666666,0.7057813689974891,5,0,1330,5
5,0.2,0.6,False,0.5,1.0,1.0,0.75,0.6666666666666666,0.7057813689974891,5,0,1330,5
5,0.2,0.7,True,0.6,1.0,1.0,0.8,0.7499999999999999,0.7734344830366855,6,0,1330,4
5,0.2,0.7,False,0.6,1.0,1.0,0.8,0.7499999999999999,0.7734344830366855,6,0,1330,4
5,0.2,0.8,True,0.7,1.0,1.0,0.85,0.8235294117647058,0.8357180183240863,7,0,1330,3
5,0.2,0.8,False,0.7,1.0,1.0,0.85,0.8235294117647058,0.8357180183240863,7,0,1330,3
5,0.2,0.9,True,0.8,0.9984962406015038,0.8,0.8992481203007519,0.8000000000000002,0.7984962406015037,8,2,1328,2
5,0.2,0.9,False,0.8,0.9984962406015038,0.8,0.8992481203007519,0.8000000000000002,0.7984962406015037,8,2,1328,2
5,0.2,1.0,True,0.8,0.9984962406015038,0.8,0.8992481203007519,0.8000000000000002,0.7984962406015037,8,2,1328,2
5,0.2,1.0,False,0.8,0.9984962406015038,0.8,0.8992481203007519,0.8000000000000002,0.7984962406015037,8,2,1328,2
5,0.25,0.1,True,0.2,1.0,1.0,0.6,0.33333333333333337,0.4458746296340156,2,0,1330,8
5,0.25,0.1,False,0.2,1.0,1.0,0.6,0.33333333333333337,0.4458746296340156,2,0,1330,8
5,0.25,0.2,True,0.3,1.0,1.0,0.65,0.4615384615384615,0.5462868471524166,3,0,1330,7
5,0.25,0.2,False,0.3,1.0,1.0,0.65,0.4615384615384615,0.5462868471524166,3,0,1330,7
5,0.25,0.3,True,0.4,1.0,1.0,0.7,0.5714285714285715,0.6310337493465553,4,0,1330,6
5,0.25,0.3,False,0.4,1.0,1.0,0.7,0.5714285714285715,0.6310337493465553,4,0,1330,6
5,0.25,0.4,True,0.5,1.0,1.0,0.75,0.6666666666666666,0.7057813689974891,5,0,1330,5
5,0.25,0.4,False,0.5,1.0,1.0,0.75,0.6666666666666666,0.7057813689974891,5,0,1330,5
5,0.25,0.5,True,0.6,1.0,1.0,0.8,0.7499999999999999,0.7734344830366855,6,0,1330,4
5,0.25,0.5,False,0.6,1.0,1.0,0.8,0.7499999999999999,0.7734344830366855,6,0,1330,4
5,0.25,0.6,True,0.7,1.0,1.0,0.85,0.8235294117647058,0.8357180183240863,7,0,1330,3
5,0.25,0.6,False,0.7,1.0,1.0,0.85,0.8235294117647058,0.8357180183240863,7,0,1330,3
5,0.25,0.7,True,0.7,1.0,1.0,0.85,0.8235294117647058,0.8357180183240863,7,0,1330,3
5,0.25,0.7,False,0.7,1.0,1.0,0.85,0.8235294117647058,0.8357180183240863,7,0,1330,3
5,0.25,0.8,True,0.7,1.0,1.0,0.85,0.8235294117647058,0.8357180183240863,7,0,1330,3
5,0.25,0.8,False,0.7,1.0,1.0,0.85,0.8235294117647058,0.8357180183240863,7,0,1330,3
5,0.25,0.9,True,0.8,0.9984962406015038,0.8,0.8992481203007519,0.8000000000000002,0.7984962406015037,8,2,1328,2
5,0.25,0.9,False,0.8,0.9984962406015038,0.8,0.8992481203007519,0.8000000000000002,0.7984962406015037,8,2,1328,2
5,0.25,1.0,True,0.8,0.9984962406015038,0.8,0.8992481203007519,0.8000000000000002,0.7984962406015037,8,2,1328,2
5,0.25,1.0,False,0.8,0.9984962406015038,0.8,0.8992481203007519,0.8000000000000002,0.7984962406015037,8,2,1328,2
5,0.3,0.1,True,0.2,1.0,1.0,0.6,0.33333333333333337,0.4458746296340156,2,0,1330,8
5,0.3,0.1,False,0.2,1.0,1.0,0.6,0.33333333333333337,0.4458746296340156,2,0,1330,8
5,0.3,0.2,True,0.4,1.0,1.0,0.7,0.5714285714285715,0.6310337493465553,4,0,1330,6
5,0.3,0.2,False,0.4,1.0,1.0,0.7,0.5714285714285715,0.6310337493465553,4,0,1330,6
5,0.3,0.3,True,0.5,1.0,1.0,0.75,0.6666666666666666,0.7057813689974891,5,0,1330,5
5,0.3,0.3,False,0.5,1.0,1.0,0.75,0.6666666666666666,0.7057813689974891,5,0,1330,5
5,0.3,0.4,True,0.6,1.0,1.0,0.8,0.7499999999999999,0.7734344830366855,6,0,1330,4
5,0.3,0.4,False,0.6,1.0,1.0,0.8,0.7499999999999999,0.7734344830366855,6,0,1330,4
5,0.3,0.5,True,0.7,1.0,1.0,0.85,0.8235294117647058,0.8357180183240863,7,0,1330,3
5,0.3,0.5,False,0.7,1.0,1.0,0.85,0.8235294117647058,0.8357180183240863,7,0,1330,3
5,0.3,0.6,True,0.7,1.0,1.0,0.85,0.8235294117647058,0.8357180183240863,7,0,1330,3
5,0.3,0.6,False,0.7,1.0,1.0,0.85,0.8235294117647058,0.8357180183240863,7,0,1330,3
5,0.3,0.7,True,0.7,1.0,1.0,0.85,0.8235294117647058,0.8357180183240863,7,0,1330,3
5,0.3,0.7,False,0.7,1.0,1.0,0.85,0.8235294117647058,0.8357180183240863,7,0,1330,3
5,0.3,0.8,True,0.8,1.0,1.0,0.9,0.888888888888889,0.8937554468638492,8,0,1330,2
5,0.3,0.8,False,0.8,1.0,1.0,0.9,0.888888888888889,0.8937554468638492,8,0,1330,2
5,0.3,0.9,True,0.9,1.0,1.0,0.95,0.9473684210526316,0.9483268511853856,9,0,1330,1
5,0.3,0.9,False,0.9,1.0,1.0,0.95,0.9473684210526316,0.9483268511853856,9,0,1330,1
5,0.3,1.0,True,0.9,1.0,1.0,0.95,0.9473684210526316,0.9483268511853856,9,0,1330,1
5,0.3,1.0,False,0.9,1.0,1.0,0.95,0.9473684210526316,0.9483268511853856,9,0,1330,1
5,0.35,0.1,True,0.4,1.0,1.0,0.7,0.5714285714285715,0.6310337493465553,4,0,1330,6
5,0.35,0.1,False,0.4,1.0,1.0,0.7,0.5714285714285715,0.6310337493465553,4,0,1330,6
5,0.35,0.2,True,0.5,1.0,1.0,0.75,0.6666666666666666,0.7057813689974891,5,0,1330,5
5,0.35,0.2,False,0.5,1.0,1.0,0.75,0.6666666666666666,0.7057813689974891,5,0,1330,5
5,0.35,0.3,True,0.6,1.0,1.0,0.8,0.7499999999999999,0.7734344830366855,6,0,1330,4
5,0.35,0.3,False,0.6,1.0,1.0,0.8,0.7499999999999999,0.7734344830366855,6,0,1330,4
5,0.35,0.4,True,0.7,1.0,1.0,0.85,0.8235294117647058,0.8357180183240863,7,0,1330,3
5,0.35,0.4,False,0.7,1.0,1.0,0.85,0.8235294117647058,0.8357180183240863,7,0,1330,3
5,0.35,0.5,True,0.7,1.0,1.0,0.85,0.8235294117647058,0.8357180183240863,7,0,1330,3
5,0.35,0.5,False,0.7,1.0,1.0,0.85,0.8235294117647058,0.8357180183240863,7,0,1330,3
5,0.35,0.6,True,0.7,1.0,1.0,0.85,0.8235294117647058,0.8357180183240863,7,0,1330,3
5,0.35,0.6,False,0.7,1.0,1.0,0.85,0.8235294117647058,0.8357180183240863,7,0,1330,3
5,0.35,0.7,True,0.8,1.0,1.0,0.9,0.888888888888889,0.8937554468638492,8,0,1330,2
5,0.35,0.7,False,0.8,1.0,1.0,0.9,0.888888888888889,0.8937554468638492,8,0,1330,2
5,0.35,0.8,True,0.9,1.0,1.0,0.95,0.9473684210526316,0.9483268511853856,9,0,1330,1
5,0.35,0.8,False,0.9,1.0,1.0,0.95,0.9473684210526316,0.9483268511853856,9,0,1330,1
5,0.35,0.9,True,0.9,1.0,1.0,0.95,0.9473684210526316,0.9483268511853856,9,0,1330,1
5,0.35,0.9,False,0.9,1.0,1.0,0.95,0.9473684210526316,0.9483268511853856,9,0,1330,1
5,0.35,1.0,True,0.9,1.0,1.0,0.95,0.9473684210526316,0.9483268511853856,9,0,1330,1
5,0.35,1.0,False,0.9,1.0,1.0,0.95,0.9473684210526316,0.9483268511853856,9,0,1330,1
5,0.4,0.1,True,0.5,1.0,1.0,0.75,0.6666666666666666,0.7057813689974891,5,0,1330,5
5,0.4,0.1,False,0.5,1.0,1.0,0.75,0.6666666666666666,0.7057813689974891,5,0,1330,5
5,0.4,0.2,True,0.5,1.0,1.0,0.75,0.6666666666666666,0.7057813689974891,5,0,1330,5
5,0.4,0.2,False,0.5,1.0,1.0,0.75,0.6666666666666666,0.7057813689974891,5,0,1330,5
5,0.4,0.3,True,0.6,1.0,1.0,0.8,0.7499999999999999,0.7734344830366855,6,0,1330,4
5,0.4,0.3,False,0.6,1.0,1.0,0.8,0.7499999999999999,0.7734344830366855,6,0,1330,4
5,0.4,0.4,True,0.7,1.0,1.0,0.85,0.8235294117647058,0.8357180183240863,7,0,1330,3
5,0.4,0.4,False,0.7,1.0,1.0,0.85,0.8235294117647058,0.8357180183240863,7,0,1330,3
5,0.4,0.5,True,0.7,1.0,1.0,0.85,0.8235294117647058,0.8357180183240863,7,0,1330,3
5,0.4,0.5,False,0.7,1.0,1.0,0.85,0.8235294117647058,0.8357180183240863,7,0,1330,3
5,0.4,0.6,True,0.8,1.0,1.0,0.9,0.888888888888889,0.8937554468638492,8,0,1330,2
5,0.4,0.6,False,0.8,1.0,1.0,0.9,0.888888888888889,0.8937554468638492,8,0,1330,2
5,0.4,0.7,True,0.9,1.0,1.0,0.95,0.9473684210526316,0.9483268511853856,9,0,1330,1
5,0.4,0.7,False,0.9,1.0,1.0,0.95,0.9473684210526316,0.9483268511853856,9,0,1330,1
5,0.4,0.8,True,0.9,1.0,1.0,0.95,0.9473684210526316,0.9483268511853856,9,0,1330,1
5,0.4,0.8,False,0.9,1.0,1.0,0.95,0.9473684210526316,0.9483268511853856,9,0,1330,1
5,0.4,0.9,True,0.9,1.0,1.0,0.95,0.9473684210526316,0.9483268511853856,9,0,1330,1
5,0.4,0.9,False,0.9,1.0,1.0,0.95,0.9473684210526316,0.9483268511853856,9,0,1330,1
5,0.4,1.0,True,0.9,1.0,1.0,0.95,0.9473684210526316,0.9483268511853856,9,0,1330,1
5,0.4,1.0,False,0.9,1.0,1.0,0.95,0.9473684210526316,0.9483268511853856,9,0,1330,1
5,0.45,0.1,True,0.5,1.0,1.0,0.75,0.6666666666666666,0.7057813689974891,5,0,1330,5
5,0.45,0.1,False,0.5,1.0,1.0,0.75,0.6666666666666666,0.7057813689974891,5,0,1330,5
5,0.45,0.2,True,0.6,1.0,1.0,0.8,0.7499999999999999,0.7734344830366855,6,0,1330,4
5,0.45,0.2,False,0.6,1.0,1.0,0.8,0.7499999999999999,0.7734344830366855,6,0,1330,4
5,0.45,0.3,True,0.6,1.0,1.0,0.8,0.7499999999999999,0.7734344830366855,6,0,1330,4
5,0.45,0.3,False,0.6,1.0,1.0,0.8,0.7499999999999999,0.7734344830366855,6,0,1330,4
5,0.45,0.4,True,0.7,1.0,1.0,0.85,0.8235294117647058,0.8357180183240863,7,0,1330,3
5,0.45,0.4,False,0.7,1.0,1.0,0.85,0.8235294117647058,0.8357180183240863,7,0,1330,3
5,0.45,0.5,True,0.8,1.0,1.0,0.9,0.888888888888889,0.8937554468638492,8,0,1330,2
5,0.45,0.5,False,0.8,1.0,1.0,0.9,0.888888888888889,0.8937554468638492,8,0,1330,2
5,0.45,0.6,True,0.9,1.0,1.0,0.95,0.9473684210526316,0.9483268511853856,9,0,1330,1
5,0.45,0.6,False,0.9,1.0,1.0,0.95,0.9473684210526316,0.9483268511853856,9,0,1330,1
5,0.45,0.7,True,0.9,1.0,1.0,0.95,0.9473684210526316,0.9483268511853856,9,0,1330,1
5,0.45,0.7,False,0.9,1.0,1.0,0.95,0.9473684210526316,0.9483268511853856,9,0,1330,1
5,0.45,0.8,True,0.9,1.0,1.0,0.95,0.9473684210526316,0.9483268511853856,9,0,1330,1
5,0.45,0.8,False,0.9,1.0,1.0,0.95,0.9473684210526316,0.9483268511853856,9,0,1330,1
5,0.45,0.9,True,0.9,1.0,1.0,0.95,0.9473684210526316,0.9483268511853856,9,0,1330,1
5,0.45,0.9,False,0.9,1.0,1.0,0.95,0.9473684210526316,0.9483268511853856,9,0,1330,1
5,0.45,1.0,True,0.9,1.0,1.0,0.95,0.9473684210526316,0.9483268511853856,9,0,1330,1
5,0.45,1.0,False,0.9,1.0,1.0,0.95,0.9473684210526316,0.9483268511853856,9,0,1330,1
5,0.5,0.1,True,0.5,1.0,1.0,0.75,0.6666666666666666,0.7057813689974891,5,0,1330,5
5,0.5,0.1,False,0.5,1.0,1.0,0.75,0.6666666666666666,0.7057813689974891,5,0,1330,5
5,0.5,0.2,True,0.6,1.0,1.0,0.8,0.7499999999999999,0.7734344830366855,6,0,1330,4
5,0.5,0.2,False,0.6,1.0,1.0,0.8,0.7499999999999999,0.7734344830366855,6,0,1330,4
5,0.5,0.3,True,0.7,1.0,1.0,0.85,0.8235294117647058,0.8357180183240863,7,0,1330,3
5,0.5,0.3,False,0.7,1.0,1.0,0.85,0.8235294117647058,0.8357180183240863,7,0,1330,3
5,0.5,0.4,True,0.9,1.0,1.0,0.95,0.9473684210526316,0.9483268511853856,9,0,1330,1
5,0.5,0.4,False,0.9,1.0,1.0,0.95,0.9473684210526316,0.9483268511853856,9,0,1330,1
5,0.5,0.5,True,0.9,1.0,1.0,0.95,0.9473684210526316,0.9483268511853856,9,0,1330,1
5,0.5,0.5,False,0.9,1.0,1.0,0.95,0.9473684210526316,0.9483268511853856,9,0,1330,1
5,0.5,0.6,True,0.9,1.0,1.0,0.95,0.9473684210526316,0.9483268511853856,9,0,1330,1
5,0.5,0.6,False,0.9,1.0,1.0,0.95,0.9473684210526316,0.9483268511853856,9,0,1330,1
5,0.5,0.7,True,0.9,1.0,1.0,0.95,0.9473684210526316,0.9483268511853856,9,0,1330,1
5,0.5,0.7,False,0.9,1.0,1.0,0.95,0.9473684210526316,0.9483268511853856,9,0,1330,1
5,0.5,0.8,True,0.9,1.0,1.0,0.95,0.9473684210526316,0.9483268511853856,9,0,1330,1
5,0.5,0.8,False,0.9,1.0,1.0,0.95,0.9473684210526316,0.9483268511853856,9,0,1330,1
5,0.5,0.9,True,0.9,0.9984962406015038,0.8181818181818182,0.9492481203007519,0.8571428571428572,0.8570047948283871,9,2,1328,1
5,0.5,0.9,False,0.9,0.9984962406015038,0.8181818181818182,0.9492481203007519,0.8571428571428572,0.8570047948283871,9,2,1328,1
5,0.5,1.0,True,0.9,0.9984962406015038,0.8181818181818182,0.9492481203007519,0.8571428571428572,0.8570047948283871,9,2,1328,1
5,0.5,1.0,False,0.9,0.9984962406015038,0.8181818181818182,0.9492481203007519,0.8571428571428572,0.8570047948283871,9,2,1328,1
5,0.55,0.1,True,0.6,1.0,1.0,0.8,0.7499999999999999,0.7734344830366855,6,0,1330,4
5,0.55,0.1,False,0.6,1.0,1.0,0.8,0.7499999999999999,0.7734344830366855,6,0,1330,4
5,0.55,0.2,True,1.0,1.0,1.0,1.0,1.0,1.0,10,0,1330,0
5,0.55,0.2,False,1.0,1.0,1.0,1.0,1.0,1.0,10,0,1330,0
5,0.55,0.3,True,1.0,1.0,1.0,1.0,1.0,1.0,10,0,1330,0
5,0.55,0.3,False,1.0,1.0,1.0,1.0,1.0,1.0,10,0,1330,0
5,0.55,0.4,True,1.0,1.0,1.0,1.0,1.0,1.0,10,0,1330,0
5,0.55,0.4,False,1.0,1.0,1.0,1.0,1.0,1.0,10,0,1330,0
5,0.55,0.5,True,1.0,1.0,1.0,1.0,1.0,1.0,10,0,1330,0
5,0.55,0.5,False,1.0,1.0,1.0,1.0,1.0,1.0,10,0,1330,0
5,0.55,0.6,True,1.0,1.0,1.0,1.0,1.0,1.0,10,0,1330,0
5,0.55,0.6,False,1.0,1.0,1.0,1.0,1.0,1.0,10,0,1330,0
5,0.55,0.7,True,1.0,1.0,1.0,1.0,1.0,1.0,10,0,1330,0
5,0.55,0.7,False,1.0,1.0,1.0,1.0,1.0,1.0,10,0,1330,0
5,0.55,0.8,True,1.0,1.0,1.0,1.0,1.0,1.0,10,0,1330,0
5,0.55,0.8,False,1.0,1.0,1.0,1.0,1.0,1.0,10,0,1330,0
5,0.55,0.9,True,1.0,0.9969924812030075,0.7142857142857143,0.9984962406015038,0.8333333333333333,0.8438823890647184,10,4,1326,0
5,0.55,0.9,False,1.0,0.9969924812030075,0.7142857142857143,0.9984962406015038,0.8333333333333333,0.8438823890647184,10,4,1326,0
5,0.55,1.0,True,1.0,0.9969924812030075,0.7142857142857143,0.9984962406015038,0.8333333333333333,0.8438823890647184,10,4,1326,0
5,0.55,1.0,False,1.0,0.9969924812030075,0.7142857142857143,0.9984962406015038,0.8333333333333333,0.8438823890647184,10,4,1326,0
5,0.6,0.1,True,0.7,1.0,1.0,0.85,0.8235294117647058,0.8357180183240863,7,0,1330,3
5,0.6,0.1,False,0.8,1.0,1.0,0.9,0.888888888888889,0.8937554468638492,8,0,1330,2
5,0.6,0.2,True,0.9,1.0,1.0,0.95,0.9473684210526316,0.9483268511853856,9,0,1330,1
5,0.6,0.2,False,1.0,1.0,1.0,1.0,1.0,1.0,10,0,1330,0
5,0.6,0.3,True,0.9,1.0,1.0,0.95,0.9473684210526316,0.9483268511853856,9,0,1330,1
5,0.6,0.3,False,1.0,1.0,1.0,1.0,1.0,1.0,10,0,1330,0
5,0.6,0.4,True,0.9,1.0,1.0,0.95,0.9473684210526316,0.9483268511853856,9,0,1330,1
5,0.6,0.4,False,1.0,1.0,1.0,1.0,1.0,1.0,10,0,1330,0
5,0.6,0.5,True,0.9,1.0,1.0,0.95,0.9473684210526316,0.9483268511853856,9,0,1330,1
5,0.6,0.5,False,1.0,1.0,1.0,1.0,1.0,1.0,10,0,1330,0
5,0.6,0.6,True,0.9,1.0,1.0,0.95,0.9473684210526316,0.9483268511853856,9,0,1330,1
5,0.6,0.6,False,1.0,1.0,1.0,1.0,1.0,1.0,10,0,1330,0
5,0.6,0.7,True,0.9,1.0,1.0,0.95,0.9473684210526316,0.9483268511853856,9,0,1330,1
5,0.6,0.7,False,1.0,1.0,1.0,1.0,1.0,1.0,10,0,1330,0
5,0.6,0.8,True,0.9,0.9984962406015038,0.8181818181818182,0.9492481203007519,0.8571428571428572,0.8570047948283871,9,2,1328,1
5,0.6,0.8,False,1.0,0.9984962406015038,0.8333333333333334,0.9992481203007519,0.9090909090909091,0.9121843018278999,10,2,1328,0
5,0.6,0.9,True,0.9,0.9969924812030075,0.6923076923076923,0.9484962406015038,0.7826086956521738,0.7876032246830574,9,4,1326,1
5,0.6,0.9,False,1.0,0.9969924812030075,0.7142857142857143,0.9984962406015038,0.8333333333333333,0.8438823890647184,10,4,1326,0
5,0.6,1.0,True,0.9,0.9969924812030075,0.6923076923076923,0.9484962406015038,0.7826086956521738,0.7876032246830574,9,4,1326,1
5,0.6,1.0,False,1.0,0.9969924812030075,0.7142857142857143,0.9984962406015038,0.8333333333333333,0.8438823890647184,10,4,1326,0
5,0.65,0.1,True,0.8,1.0,1.0,0.9,0.888888888888889,0.8937554468638492,8,0,1330,2
5,0.65,0.1,False,0.9,1.0,1.0,0.95,0.9473684210526316,0.9483268511853856,9,0,1330,1
5,0.65,0.2,True,0.9,1.0,1.0,0.95,0.9473684210526316,0.9483268511853856,9,0,1330,1
5,0.65,0.2,False,1.0,1.0,1.0,1.0,1.0,1.0,10,0,1330,0
5,0.65,0.3,True,0.9,1.0,1.0,0.95,0.9473684210526316,0.9483268511853856,9,0,1330,1
5,0.65,0.3,False,1.0,1.0,1.0,1.0,1.0,1.0,10,0,1330,0
5,0.65,0.4,True,0.9,1.0,1.0,0.95,0.9473684210526316,0.9483268511853856,9,0,1330,1
5,0.65,0.4,False,1.0,1.0,1.0,1.0,1.0,1.0,10,0,1330,0
5,0.65,0.5,True,0.9,1.0,1.0,0.95,0.9473684210526316,0.9483268511853856,9,0,1330,1
5,0.65,0.5,False,1.0,1.0,1.0,1.0,1.0,1.0,10,0,1330,0
5,0.65,0.6,True,0.9,1.0,1.0,0.95,0.9473684210526316,0.9483268511853856,9,0,1330,1
5,0.65,0.6,False,1.0,1.0,1.0,1.0,1.0,1.0,10,0,1330,0
5,0.65,0.7,True,0.9,0.9984962406015038,0.8181818181818182,0.9492481203007519,0.8571428571428572,0.8570047948283871,9,2,1328,1
5,0.65,0.7,False,1.0,0.9984962406015038,0.8333333333333334,0.9992481203007519,0.9090909090909091,0.9121843018278999,10,2,1328,0
5,0.65,0.8,True,0.9,0.9984962406015038,0.8181818181818182,0.9492481203007519,0.8571428571428572,0.8570047948283871,9,2,1328,1
5,0.65,0.8,False,1.0,0.9984962406015038,0.8333333333333334,0.9992481203007519,0.9090909090909091,0.9121843018278999,10,2,1328,0
5,0.65,0.9,True,0.9,0.9969924812030075,0.6923076923076923,0.9484962406015038,0.7826086956521738,0.7876032246830574,9,4,1326,1
5,0.65,0.9,False,1.0,0.9969924812030075,0.7142857142857143,0.9984962406015038,0.8333333333333333,0.8438823890647184,10,4,1326,0
5,0.65,1.0,True,0.9,0.9969924812030075,0.6923076923076923,0.9484962406015038,0.7826086956521738,0.7876032246830574,9,4,1326,1
5,0.65,1.0,False,1.0,0.9969924812030075,0.7142857142857143,0.9984962406015038,0.8333333333333333,0.8438823890647184,10,4,1326,0
5,0.7,0.1,True,0.8,1.0,1.0,0.9,0.888888888888889,0.8937554468638492,8,0,1330,2
5,0.7,0.1,False,1.0,1.0,1.0,1.0,1.0,1.0,10,0,1330,0
5,0.7,0.2,True,0.8,1.0,1.0,0.9,0.888888888888889,0.8937554468638492,8,0,1330,2
5,0.7,0.2,False,1.0,1.0,1.0,1.0,1.0,1.0,10,0,1330,0
5,0.7,0.3,True,0.8,1.0,1.0,0.9,0.888888888888889,0.8937554468638492,8,0,1330,2
5,0.7,0.3,False,1.0,1.0,1.0,1.0,1.0,1.0,10,0,1330,0
5,0.7,0.4,True,0.8,1.0,1.0,0.9,0.888888888888889,0.8937554468638492,8,0,1330,2
5,0.7,0.4,False,1.0,1.0,1.0,1.0,1.0,1.0,10,0,1330,0
5,0.7,0.5,True,0.8,1.0,1.0,0.9,0.888888888888889,0.8937554468638492,8,0,1330,2
5,0.7,0.5,False,1.0,1.0,1.0,1.0,1.0,1.0,10,0,1330,0
5,0.7,0.6,True,0.8,0.9984962406015038,0.8,0.8992481203007519,0.8000000000000002,0.7984962406015037,8,2,1328,2
5,0.7,0.6,False,1.0,0.9984962406015038,0.8333333333333334,0.9992481203007519,0.9090909090909091,0.9121843018278999,10,2,1328,0
5,0.7,0.7,True,0.8,0.9984962406015038,0.8,0.8992481203007519,0.8000000000000002,0.7984962406015037,8,2,1328,2
5,0.7,0.7,False,1.0,0.9984962406015038,0.8333333333333334,0.9992481203007519,0.9090909090909091,0.9121843018278999,10,2,1328,0
5,0.7,0.8,True,0.8,0.9984962406015038,0.8,0.8992481203007519,0.8000000000000002,0.7984962406015037,8,2,1328,2
5,0.7,0.8,False,1.0,0.9984962406015038,0.8333333333333334,0.9992481203007519,0.9090909090909091,0.9121843018278999,10,2,1328,0
5,0.7,0.9,True,0.8,0.9977443609022556,0.7272727272727273,0.8988721804511278,0.761904761904762,0.7609055123957479,8,3,1327,2
5,0.7,0.9,False,1.0,0.9969924812030075,0.7142857142857143,0.9984962406015038,0.8333333333333333,0.8438823890647184,10,4,1326,0
5,0.7,1.0,True,0.8,0.9977443609022556,0.7272727272727273,0.8988721804511278,0.761904761904762,0.7609055123957479,8,3,1327,2
5,0.7,1.0,False,1.0,0.9969924812030075,0.7142857142857143,0.9984962406015038,0.8333333333333333,0.8438823890647184,10,4,1326,0
5,0.75,0.1,True,0.8,1.0,1.0,0.9,0.888888888888889,0.8937554468638492,8,0,1330,2
5,0.75,0.1,False,1.0,1.0,1.0,1.0,1.0,1.0,10,0,1330,0
5,0.75,0.2,True,0.8,1.0,1.0,0.9,0.888888888888889,0.8937554468638492,8,0,1330,2
5,0.75,0.2,False,1.0,1.0,1.0,1.0,1.0,1.0,10,0,1330,0
5,0.75,0.3,True,0.8,1.0,1.0,0.9,0.888888888888889,0.8937554468638492,8,0,1330,2
5,0.75,0.3,False,1.0,0.9992481203007518,0.9090909090909091,0.9996240601503759,0.9523809523809523,0.9531040772610264,10,1,1329,0
5,0.75,0.4,True,0.8,1.0,1.0,0.9,0.888888888888889,0.8937554468638492,8,0,1330,2
5,0.75,0.4,False,1.0,0.9992481203007518,0.9090909090909091,0.9996240601503759,0.9523809523809523,0.9531040772610264,10,1,1329,0
5,0.75,0.5,True,0.8,1.0,1.0,0.9,0.888888888888889,0.8937554468638492,8,0,1330,2
5,0.75,0.5,False,1.0,0.9992481203007518,0.9090909090909091,0.9996240601503759,0.9523809523809523,0.9531040772610264,10,1,1329,0
5,0.75,0.6,True,0.8,0.9984962406015038,0.8,0.8992481203007519,0.8000000000000002,0.7984962406015037,8,2,1328,2
5,0.75,0.6,False,1.0,0.9977443609022556,0.7692307692307693,0.9988721804511278,0.8695652173913044,0.8760682976985895,10,3,1327,0
5,0.75,0.7,True,0.8,0.9984962406015038,0.8,0.8992481203007519,0.8000000000000002,0.7984962406015037,8,2,1328,2
5,0.75,0.7,False,1.0,0.9977443609022556,0.7692307692307693,0.9988721804511278,0.8695652173913044,0.8760682976985895,10,3,1327,0
5,0.75,0.8,True,0.8,0.9969924812030075,0.6666666666666666,0.8984962406015038,0.7272727272727272,0.728098915615643,8,4,1326,2
5,0.75,0.8,False,1.0,0.9962406015037594,0.6666666666666666,0.9981203007518797,0.8,0.814960367749565,10,5,1325,0
5,0.75,0.9,True,0.8,0.9962406015037594,0.6153846153846154,0.8981203007518797,0.6956521739130435,0.6991381516675255,8,5,1325,2
5,0.75,0.9,False,1.0,0.9947368421052631,0.5882352941176471,0.9973684210526316,0.7407407407407407,0.7649439972216586,10,7,1323,0
5,0.75,1.0,True,0.8,0.9962406015037594,0.6153846153846154,0.8981203007518797,0.6956521739130435,0.6991381516675255,8,5,1325,2
5,0.75,1.0,False,1.0,0.9947368421052631,0.5882352941176471,0.9973684210526316,0.7407407407407407,0.7649439972216586,10,7,1323,0
5,0.8,0.1,True,0.8,1.0,1.0,0.9,0.888888888888889,0.8937554468638492,8,0,1330,2
5,0.8,0.1,False,1.0,1.0,1.0,1.0,1.0,1.0,10,0,1330,0
5,0.8,0.2,True,0.8,1.0,1.0,0.9,0.888888888888889,0.8937554468638492,8,0,1330,2
5,0.8,0.2,False,1.0,1.0,1.0,1.0,1.0,1.0,10,0,1330,0
5,0.8,0.3,True,0.8,1.0,1.0,0.9,0.888888888888889,0.8937554468638492,8,0,1330,2
5,0.8,0.3,False,1.0,0.9992481203007518,0.9090909090909091,0.9996240601503759,0.9523809523809523,0.9531040772610264,10,1,1329,0
5,0.8,0.4,True,0.8,1.0,1.0,0.9,0.888888888888889,0.8937554468638492,8,0,1330,2
5,0.8,0.4,False,1.0,0.9992481203007518,0.9090909090909091,0.9996240601503759,0.9523809523809523,0.9531040772610264,10,1,1329,0
5,0.8,0.5,True,0.8,1.0,1.0,0.9,0.888888888888889,0.8937554468638492,8,0,1330,2
5,0.8,0.5,False,1.0,0.9992481203007518,0.9090909090909091,0.9996240601503759,0.9523809523809523,0.9531040772610264,10,1,1329,0
5,0.8,0.6,True,0.8,0.9984962406015038,0.8,0.8992481203007519,0.8000000000000002,0.7984962406015037,8,2,1328,2
5,0.8,0.6,False,1.0,0.9977443609022556,0.7692307692307693,0.9988721804511278,0.8695652173913044,0.8760682976985895,10,3,1327,0
5,0.8,0.7,True,0.8,0.9962406015037594,0.6153846153846154,0.8981203007518797,0.6956521739130435,0.6991381516675255,8,5,1325,2
5,0.8,0.7,False,1.0,0.9954887218045113,0.625,0.9977443609022556,0.7692307692307693,0.7887841600386126,10,6,1324,0
5,0.8,0.8,True,0.8,0.9962406015037594,0.6153846153846154,0.8981203007518797,0.6956521739130435,0.6991381516675255,8,5,1325,2
5,0.8,0.8,False,1.0,0.9954887218045113,0.625,0.9977443609022556,0.7692307692307693,0.7887841600386126,10,6,1324,0
5,0.8,0.9,True,0.8,0.9962406015037594,0.6153846153846154,0.8981203007518797,0.6956521739130435,0.6991381516675255,8,5,1325,2
5,0.8,0.9,False,1.0,0.9954887218045113,0.625,0.9977443609022556,0.7692307692307693,0.7887841600386126,10,6,1324,0
5,0.8,1.0,True,0.8,0.9962406015037594,0.6153846153846154,0.8981203007518797,0.6956521739130435,0.6991381516675255,8,5,1325,2
5,0.8,1.0,False,1.0,0.9954887218045113,0.625,0.9977443609022556,0.7692307692307693,0.7887841600386126,10,6,1324,0
5,0.85,0.1,True,0.8,1.0,1.0,0.9,0.888888888888889,0.8937554468638492,8,0,1330,2
5,0.85,0.1,False,1.0,1.0,1.0,1.0,1.0,1.0,10,0,1330,0
5,0.85,0.2,True,0.8,1.0,1.0,0.9,0.888888888888889,0.8937554468638492,8,0,1330,2
5,0.85,0.2,False,1.0,0.9984962406015038,0.8333333333333334,0.9992481203007519,0.9090909090909091,0.9121843018278999,10,2,1328,0
5,0.85,0.3,True,0.8,1.0,1.0,0.9,0.888888888888889,0.8937554468638492,8,0,1330,2
5,0.85,0.3,False,1.0,0.9962406015037594,0.6666666666666666,0.9981203007518797,0.8,0.814960367749565,10,5,1325,0
5,0.85,0.4,True,0.8,1.0,1.0,0.9,0.888888888888889,0.8937554468638492,8,0,1330,2
5,0.85,0.4,False,1.0,0.9962406015037594,0.6666666666666666,0.9981203007518797,0.8,0.814960367749565,10,5,1325,0
5,0.85,0.5,True,0.8,0.9984962406015038,0.8,0.8992481203007519,0.8000000000000002,0.7984962406015037,8,2,1328,2
5,0.85,0.5,False,1.0,0.9947368421052631,0.5882352941176471,0.9973684210526316,0.7407407407407407,0.7649439972216586,10,7,1323,0
5,0.85,0.6,True,0.8,0.9984962406015038,0.8,0.8992481203007519,0.8000000000000002,0.7984962406015037,8,2,1328,2
5,0.85,0.6,False,1.0,0.9932330827067669,0.5263157894736842,0.9966165413533834,0.6896551724137931,0.7230174645582174,10,9,1321,0
5,0.85,0.7,True,0.8,0.9984962406015038,0.8,0.8992481203007519,0.8000000000000002,0.7984962406015037,8,2,1328,2
5,0.85,0.7,False,1.0,0.9932330827067669,0.5263157894736842,0.9966165413533834,0.6896551724137931,0.7230174645582174,10,9,1321,0
5,0.85,0.8,True,0.8,0.9984962406015038,0.8,0.8992481203007519,0.8000000000000002,0.7984962406015037,8,2,1328,2
5,0.85,0.8,False,1.0,0.9932330827067669,0.5263157894736842,0.9966165413533834,0.6896551724137931,0.7230174645582174,10,9,1321,0
5,0.85,0.9,True,0.8,0.9984962406015038,0.8,0.8992481203007519,0.8000000000000002,0.7984962406015037,8,2,1328,2
5,0.85,0.9,False,1.0,0.9932330827067669,0.5263157894736842,0.9966165413533834,0.6896551724137931,0.7230174645582174,10,9,1321,0
5,0.85,1.0,True,0.8,0.9984962406015038,0.8,0.8992481203007519,0.8000000000000002,0.7984962406015037,8,2,1328,2
5,0.85,1.0,False,1.0,0.9932330827067669,0.5263157894736842,0.9966165413533834,0.6896551724137931,0.7230174645582174,10,9,1321,0
5,0.9,0.1,True,0.8,1.0,1.0,0.9,0.888888888888889,0.8937554468638492,8,0,1330,2
5,0.9,0.1,False,1.0,1.0,1.0,1.0,1.0,1.0,10,0,1330,0
5,0.9,0.2,True,0.8,1.0,1.0,0.9,0.888888888888889,0.8937554468638492,8,0,1330,2
5,0.9,0.2,False,1.0,0.9977443609022556,0.7692307692307693,0.9988721804511278,0.8695652173913044,0.8760682976985895,10,3,1327,0
5,0.9,0.3,True,0.8,1.0,1.0,0.9,0.888888888888889,0.8937554468638492,8,0,1330,2
5,0.9,0.3,False,1.0,0.9977443609022556,0.7692307692307693,0.9988721804511278,0.8695652173913044,0.8760682976985895,10,3,1327,0
5,0.9,0.4,True,0.8,1.0,1.0,0.9,0.888888888888889,0.8937554468638492,8,0,1330,2
5,0.9,0.4,False,1.0,0.9962406015037594,0.6666666666666666,0.9981203007518797,0.8,0.814960367749565,10,5,1325,0
5,0.9,0.5,True,0.8,0.9969924812030075,0.6666666666666666,0.8984962406015038,0.7272727272727272,0.728098915615643,8,4,1326,2
5,0.9,0.5,False,1.0,0.9947368421052631,0.5882352941176471,0.9973684210526316,0.7407407407407407,0.7649439972216586,10,7,1323,0
5,0.9,0.6,True,0.8,0.9969924812030075,0.6666666666666666,0.8984962406015038,0.7272727272727272,0.728098915615643,8,4,1326,2
5,0.9,0.6,False,1.0,0.9947368421052631,0.5882352941176471,0.9973684210526316,0.7407407407407407,0.7649439972216586,10,7,1323,0
5,0.9,0.7,True,0.8,0.9969924812030075,0.6666666666666666,0.8984962406015038,0.7272727272727272,0.728098915615643,8,4,1326,2
5,0.9,0.7,False,1.0,0.9947368421052631,0.5882352941176471,0.9973684210526316,0.7407407407407407,0.7649439972216586,10,7,1323,0
5,0.9,0.8,True,0.8,0.9969924812030075,0.6666666666666666,0.8984962406015038,0.7272727272727272,0.728098915615643,8,4,1326,2
5,0.9,0.8,False,1.0,0.9947368421052631,0.5882352941176471,0.9973684210526316,0.7407407407407407,0.7649439972216586,10,7,1323,0
5,0.9,0.9,True,0.8,0.9969924812030075,0.6666666666666666,0.8984962406015038,0.7272727272727272,0.728098915615643,8,4,1326,2
5,0.9,0.9,False,1.0,0.9947368421052631,0.5882352941176471,0.9973684210526316,0.7407407407407407,0.7649439972216586,10,7,1323,0
5,0.9,1.0,True,0.8,0.9969924812030075,0.6666666666666666,0.8984962406015038,0.7272727272727272,0.728098915615643,8,4,1326,2
5,0.9,1.0,False,1.0,0.9947368421052631,0.5882352941176471,0.9973684210526316,0.7407407407407407,0.7649439972216586,10,7,1323,0
5,0.95,0.1,True,0.8,1.0,1.0,0.9,0.888888888888889,0.8937554468638492,8,0,1330,2
5,0.95,0.1,False,1.0,0.9969924812030075,0.7142857142857143,0.9984962406015038,0.8333333333333333,0.8438823890647184,10,4,1326,0
5,0.95,0.2,True,0.8,1.0,1.0,0.9,0.888888888888889,0.8937554468638492,8,0,1330,2
5,0.95,0.2,False,1.0,0.9954887218045113,0.625,0.9977443609022556,0.7692307692307693,0.7887841600386126,10,6,1324,0
5,0.95,0.3,True,0.8,1.0,1.0,0.9,0.888888888888889,0.8937554468638492,8,0,1330,2
5,0.95,0.3,False,1.0,0.9939849624060151,0.5555555555555556,0.9969924812030075,0.7142857142857143,0.7431109392300329,10,8,1322,0
5,0.95,0.4,True,0.8,1.0,1.0,0.9,0.888888888888889,0.8937554468638492,8,0,1330,2
5,0.95,0.4,False,1.0,0.9939849624060151,0.5555555555555556,0.9969924812030075,0.7142857142857143,0.7431109392300329,10,8,1322,0
5,0.95,0.5,True,0.8,1.0,1.0,0.9,0.888888888888889,0.8937554468638492,8,0,1330,2
5,0.95,0.5,False,1.0,0.9939849624060151,0.5555555555555556,0.9969924812030075,0.7142857142857143,0.7431109392300329,10,8,1322,0
5,0.95,0.6,True,0.8,1.0,1.0,0.9,0.888888888888889,0.8937554468638492,8,0,1330,2
5,0.95,0.6,False,1.0,0.9939849624060151,0.5555555555555556,0.9969924812030075,0.7142857142857143,0.7431109392300329,10,8,1322,0
5,0.95,0.7,True,0.8,1.0,1.0,0.9,0.888888888888889,0.8937554468638492,8,0,1330,2
5,0.95,0.7,False,1.0,0.9939849624060151,0.5555555555555556,0.9969924812030075,0.7142857142857143,0.7431109392300329,10,8,1322,0
5,0.95,0.8,True,0.8,1.0,1.0,0.9,0.888888888888889,0.8937554468638492,8,0,1330,2
5,0.95,0.8,False,1.0,0.9939849624060151,0.5555555555555556,0.9969924812030075,0.7142857142857143,0.7431109392300329,10,8,1322,0
5,0.95,0.9,True,0.8,1.0,1.0,0.9,0.888888888888889,0.8937554468638492,8,0,1330,2
5,0.95,0.9,False,1.0,0.9939849624060151,0.5555555555555556,0.9969924812030075,0.7142857142857143,0.7431109392300329,10,8,1322,0
5,0.95,1.0,True,0.8,1.0,1.0,0.9,0.888888888888889,0.8937554468638492,8,0,1330,2
5,0.95,1.0,False,1.0,0.9939849624060151,0.5555555555555556,0.9969924812030075,0.7142857142857143,0.7431109392300329,10,8,1322,0
5,1.0,0.1,True,0.8,1.0,1.0,0.9,0.888888888888889,0.8937554468638492,8,0,1330,2
5,1.0,0.1,False,1.0,0.9917293233082707,0.47619047619047616,0.9958646616541353,0.6451612903225806,0.6872059798329931,10,11,1319,0
5,1.0,0.2,True,0.8,1.0,1.0,0.9,0.888888888888889,0.8937554468638492,8,0,1330,2
5,1.0,0.2,False,1.0,0.9917293233082707,0.47619047619047616,0.9958646616541353,0.6451612903225806,0.6872059798329931,10,11,1319,0
5,1.0,0.3,True,0.8,1.0,1.0,0.9,0.888888888888889,0.8937554468638492,8,0,1330,2
5,1.0,0.3,False,1.0,0.9917293233082707,0.47619047619047616,0.9958646616541353,0.6451612903225806,0.6872059798329931,10,11,1319,0
5,1.0,0.4,True,0.8,1.0,1.0,0.9,0.888888888888889,0.8937554468638492,8,0,1330,2
5,1.0,0.4,False,1.0,0.9917293233082707,0.47619047619047616,0.9958646616541353,0.6451612903225806,0.6872059798329931,10,11,1319,0
5,1.0,0.5,True,0.8,1.0,1.0,0.9,0.888888888888889,0.8937554468638492,8,0,1330,2
5,1.0,0.5,False,1.0,0.9917293233082707,0.47619047619047616,0.9958646616541353,0.6451612903225806,0.6872059798329931,10,11,1319,0
5,1.0,0.6,True,0.8,1.0,1.0,0.9,0.888888888888889,0.8937554468638492,8,0,1330,2
5,1.0,0.6,False,1.0,0.9917293233082707,0.47619047619047616,0.9958646616541353,0.6451612903225806,0.6872059798329931,10,11,1319,0
5,1.0,0.7,True,0.8,1.0,1.0,0.9,0.888888888888889,0.8937554468638492,8,0,1330,2
5,1.0,0.7,False,1.0,0.9917293233082707,0.47619047619047616,0.9958646616541353,0.6451612903225806,0.6872059798329931,10,11,1319,0
5,1.0,0.8,True,0.8,1.0,1.0,0.9,0.888888888888889,0.8937554468638492,8,0,1330,2
5,1.0,0.8,False,1.0,0.9917293233082707,0.47619047619047616,0.9958646616541353,0.6451612903225806,0.6872059798329931,10,11,1319,0
5,1.0,0.9,True,0.8,1.0,1.0,0.9,0.888888888888889,0.8937554468638492,8,0,1330,2
5,1.0,0.9,False,1.0,0.9917293233082707,0.47619047619047616,0.9958646616541353,0.6451612903225806,0.6872059798329931,10,11,1319,0
5,1.0,1.0,True,0.8,1.0,1.0,0.9,0.888888888888889,0.8937554468638492,8,0,1330,2
5,1.0,1.0,False,1.0,0.9917293233082707,0.47619047619047616,0.9958646616541353,0.6451612903225806,0.6872059798329931,10,11,1319,0
10,0.1,0.1,True,0.0,1.0,0.0,0.5,0.0,0.0,0,0,1330,10
10,0.1,0.1,False,0.0,1.0,0.0,0.5,0.0,0.0,0,0,1330,10
10,0.1,0.2,True,0.0,1.0,0.0,0.5,0.0,0.0,0,0,1330,10
10,0.1,0.2,False,0.0,1.0,0.0,0.5,0.0,0.0,0,0,1330,10
10,0.1,0.3,True,0.0,1.0,0.0,0.5,0.0,0.0,0,0,1330,10
10,0.1,0.3,False,0.0,1.0,0.0,0.5,0.0,0.0,0,0,1330,10
10,0.1,0.4,True,0.0,1.0,0.0,0.5,0.0,0.0,0,0,1330,10
10,0.1,0.4,False,0.0,1.0,0.0,0.5,0.0,0.0,0,0,1330,10
10,0.1,0.5,True,0.0,1.0,0.0,0.5,0.0,0.0,0,0,1330,10
10,0.1,0.5,False,0.0,1.0,0.0,0.5,0.0,0.0,0,0,1330,10
10,0.1,0.6,True,0.0,1.0,0.0,0.5,0.0,0.0,0,0,1330,10
10,0.1,0.6,False,0.0,1.0,0.0,0.5,0.0,0.0,0,0,1330,10
10,0.1,0.7,True,0.4,1.0,1.0,0.7,0.5714285714285715,0.6310337493465553,4,0,1330,6
10,0.1,0.7,False,0.4,1.0,1.0,0.7,0.5714285714285715,0.6310337493465553,4,0,1330,6
10,0.1,0.8,True,0.5,1.0,1.0,0.75,0.6666666666666666,0.7057813689974891,5,0,1330,5
10,0.1,0.8,False,0.5,1.0,1.0,0.75,0.6666666666666666,0.7057813689974891,5,0,1330,5
10,0.1,0.9,True,0.5,0.9977443609022556,0.625,0.7488721804511278,0.5555555555555556,0.5560771671276957,5,3,1327,5
10,0.1,0.9,False,0.5,0.9977443609022556,0.625,0.7488721804511278,0.5555555555555556,0.5560771671276957,5,3,1327,5
10,0.1,1.0,True,0.5,0.9977443609022556,0.625,0.7488721804511278,0.5555555555555556,0.5560771671276957,5,3,1327,5
10,0.1,1.0,False,0.5,0.9977443609022556,0.625,0.7488721804511278,0.5555555555555556,0.5560771671276957,5,3,1327,5
10,0.15,0.1,True,0.0,1.0,0.0,0.5,0.0,0.0,0,0,1330,10
10,0.15,0.1,False,0.0,1.0,0.0,0.5,0.0,0.0,0,0,1330,10
10,0.15,0.2,True,0.0,1.0,0.0,0.5,0.0,0.0,0,0,1330,10
10,0.15,0.2,False,0.0,1.0,0.0,0.5,0.0,0.0,0,0,1330,10
10,0.15,0.3,True,0.0,1.0,0.0,0.5,0.0,0.0,0,0,1330,10
10,0.15,0.3,False,0.0,1.0,0.0,0.5,0.0,0.0,0,0,1330,10
10,0.15,0.4,True,0.2,1.0,1.0,0.6,0.33333333333333337,0.4458746296340156,2,0,1330,8
10,0.15,0.4,False,0.2,1.0,1.0,0.6,0.33333333333333337,0.4458746296340156,2,0,1330,8
10,0.15,0.5,True,0.2,1.0,1.0,0.6,0.33333333333333337,0.4458746296340156,2,0,1330,8
10,0.15,0.5,False,0.2,1.0,1.0,0.6,0.33333333333333337,0.4458746296340156,2,0,1330,8
10,0.15,0.6,True,0.3,1.0,1.0,0.65,0.4615384615384615,0.5462868471524166,3,0,1330,7
10,0.15,0.6,False,0.3,1.0,1.0,0.65,0.4615384615384615,0.5462868471524166,3,0,1330,7
10,0.15,0.7,True,0.5,1.0,1.0,0.75,0.6666666666666666,0.7057813689974891,5,0,1330,5
10,0.15,0.7,False,0.5,1.0,1.0,0.75,0.6666666666666666,0.7057813689974891,5,0,1330,5
10,0.15,0.8,True,0.5,1.0,1.0,0.75,0.6666666666666666,0.7057813689974891,5,0,1330,5
10,0.15,0.8,False,0.5,1.0,1.0,0.75,0.6666666666666666,0.7057813689974891,5,0,1330,5
10,0.15,0.9,True,0.5,0.9977443609022556,0.625,0.7488721804511278,0.5555555555555556,0.5560771671276957,5,3,1327,5
10,0.15,0.9,False,0.5,0.9977443609022556,0.625,0.7488721804511278,0.5555555555555556,0.5560771671276957,5,3,1327,5
10,0.15,1.0,True,0.5,0.9977443609022556,0.625,0.7488721804511278,0.5555555555555556,0.5560771671276957,5,3,1327,5
10,0.15,1.0,False,0.5,0.9977443609022556,0.625,0.7488721804511278,0.5555555555555556,0.5560771671276957,5,3,1327,5
10,0.2,0.1,True,0.0,1.0,0.0,0.5,0.0,0.0,0,0,1330,10
10,0.2,0.1,False,0.0,1.0,0.0,0.5,0.0,0.0,0,0,1330,10
10,0.2,0.2,True,0.1,1.0,1.0,0.55,0.18181818181818182,0.3151632221713219,1,0,1330,9
10,0.2,0.2,False,0.1,1.0,1.0,0.55,0.18181818181818182,0.3151632221713219,1,0,1330,9
10,0.2,0.3,True,0.2,1.0,1.0,0.6,0.33333333333333337,0.4458746296340156,2,0,1330,8
10,0.2,0.3,False,0.2,1.0,1.0,0.6,0.33333333333333337,0.4458746296340156,2,0,1330,8
10,0.2,0.4,True,0.2,1.0,1.0,0.6,0.33333333333333337,0.4458746296340156,2,0,1330,8
10,0.2,0.4,False,0.2,1.0,1.0,0.6,0.33333333333333337,0.4458746296340156,2,0,1330,8
10,0.2,0.5,True,0.3,1.0,1.0,0.65,0.4615384615384615,0.5462868471524166,3,0,1330,7
10,0.2,0.5,False,0.3,1.0,1.0,0.65,0.4615384615384615,0.5462868471524166,3,0,1330,7
10,0.2,0.6,True,0.3,1.0,1.0,0.65,0.4615384615384615,0.5462868471524166,3,0,1330,7
10,0.2,0.6,False,0.3,1.0,1.0,0.65,0.4615384615384615,0.5462868471524166,3,0,1330,7
10,0.2,0.7,True,0.5,1.0,1.0,0.75,0.6666666666666666,0.7057813689974891,5,0,1330,5
10,0.2,0.7,False,0.5,1.0,1.0,0.75,0.6666666666666666,0.7057813689974891,5,0,1330,5
10,0.2,0.8,True,0.5,1.0,1.0,0.75,0.6666666666666666,0.7057813689974891,5,0,1330,5
10,0.2,0.8,False,0.5,1.0,1.0,0.75,0.6666666666666666,0.7057813689974891,5,0,1330,5
10,0.2,0.9,True,0.6,0.9977443609022556,0.6666666666666666,0.7988721804511278,0.631578947368421,0.6298411417647298,6,3,1327,4
10,0.2,0.9,False,0.6,0.9977443609022556,0.6666666666666666,0.7988721804511278,0.631578947368421,0.6298411417647298,6,3,1327,4
10,0.2,1.0,True,0.6,0.9977443609022556,0.6666666666666666,0.7988721804511278,0.631578947368421,0.6298411417647298,6,3,1327,4
10,0.2,1.0,False,0.6,0.9977443609022556,0.6666666666666666,0.7988721804511278,0.631578947368421,0.6298411417647298,6,3,1327,4
10,0.25,0.1,True,0.1,1.0,1.0,0.55,0.18181818181818182,0.3151632221713219,1,0,1330,9
10,0.25,0.1,False,0.1,1.0,1.0,0.55,0.18181818181818182,0.3151632221713219,1,0,1330,9
10,0.25,0.2,True,0.2,1.0,1.0,0.6,0.33333333333333337,0.4458746296340156,2,0,1330,8
10,0.25,0.2,False,0.2,1.0,1.0,0.6,0.33333333333333337,0.4458746296340156,2,0,1330,8
10,0.25,0.3,True,0.2,1.0,1.0,0.6,0.33333333333333337,0.4458746296340156,2,0,1330,8
10,0.25,0.3,False,0.2,1.0,1.0,0.6,0.33333333333333337,0.4458746296340156,2,0,1330,8
10,0.25,0.4,True,0.2,1.0,1.0,0.6,0.33333333333333337,0.4458746296340156,2,0,1330,8
10,0.25,0.4,False,0.2,1.0,1.0,0.6,0.33333333333333337,0.4458746296340156,2,0,1330,8
10,0.25,0.5,True,0.3,1.0,1.0,0.65,0.4615384615384615,0.5462868471524166,3,0,1330,7
10,0.25,0.5,False,0.3,1.0,1.0,0.65,0.4615384615384615,0.5462868471524166,3,0,1330,7
10,0.25,0.6,True,0.5,1.0,1.0,0.75,0.6666666666666666,0.7057813689974891,5,0,1330,5
10,0.25,0.6,False,0.5,1.0,1.0,0.75,0.6666666666666666,0.7057813689974891,5,0,1330,5
10,0.25,0.7,True,0.6,1.0,1.0,0.8,0.7499999999999999,0.7734344830366855,6,0,1330,4
10,0.25,0.7,False,0.6,1.0,1.0,0.8,0.7499999999999999,0.7734344830366855,6,0,1330,4
10,0.25,0.8,True,0.7,1.0,1.0,0.85,0.8235294117647058,0.8357180183240863,7,0,1330,3
10,0.25,0.8,False,0.7,1.0,1.0,0.85,0.8235294117647058,0.8357180183240863,7,0,1330,3
10,0.25,0.9,True,0.7,0.9984962406015038,0.7777777777777778,0.8492481203007518,0.7368421052631577,0.7360030449049484,7,2,1328,3
10,0.25,0.9,False,0.7,0.9984962406015038,0.7777777777777778,0.8492481203007518,0.7368421052631577,0.7360030449049484,7,2,1328,3
10,0.25,1.0,True,0.7,0.9984962406015038,0.7777777777777778,0.8492481203007518,0.7368421052631577,0.7360030449049484,7,2,1328,3
10,0.25,1.0,False,0.7,0.9984962406015038,0.7777777777777778,0.8492481203007518,0.7368421052631577,0.7360030449049484,7,2,1328,3
10,0.3,0.1,True,0.2,1.0,1.0,0.6,0.33333333333333337,0.4458746296340156,2,0,1330,8
10,0.3,0.1,False,0.2,1.0,1.0,0.6,0.33333333333333337,0.4458746296340156,2,0,1330,8
10,0.3,0.2,True,0.2,1.0,1.0,0.6,0.33333333333333337,0.4458746296340156,2,0,1330,8
10,0.3,0.2,False,0.2,1.0,1.0,0.6,0.33333333333333337,0.4458746296340156,2,0,1330,8
10,0.3,0.3,True,0.2,1.0,1.0,0.6,0.33333333333333337,0.4458746296340156,2,0,1330,8
10,0.3,0.3,False,0.2,1.0,1.0,0.6,0.33333333333333337,0.4458746296340156,2,0,1330,8
10,0.3,0.4,True,0.4,1.0,1.0,0.7,0.5714285714285715,0.6310337493465553,4,0,1330,6
10,0.3,0.4,False,0.4,1.0,1.0,0.7,0.5714285714285715,0.6310337493465553,4,0,1330,6
10,0.3,0.5,True,0.6,1.0,1.0,0.8,0.7499999999999999,0.7734344830366855,6,0,1330,4
10,0.3,0.5,False,0.6,1.0,1.0,0.8,0.7499999999999999,0.7734344830366855,6,0,1330,4
10,0.3,0.6,True,0.7,1.0,1.0,0.85,0.8235294117647058,0.8357180183240863,7,0,1330,3
10,0.3,0.6,False,0.7,1.0,1.0,0.85,0.8235294117647058,0.8357180183240863,7,0,1330,3
10,0.3,0.7,True,0.7,1.0,1.0,0.85,0.8235294117647058,0.8357180183240863,7,0,1330,3
10,0.3,0.7,False,0.7,1.0,1.0,0.85,0.8235294117647058,0.8357180183240863,7,0,1330,3
10,0.3,0.8,True,0.8,1.0,1.0,0.9,0.888888888888889,0.8937554468638492,8,0,1330,2
10,0.3,0.8,False,0.8,1.0,1.0,0.9,0.888888888888889,0.8937554468638492,8,0,1330,2
10,0.3,0.9,True,0.9,1.0,1.0,0.95,0.9473684210526316,0.9483268511853856,9,0,1330,1
10,0.3,0.9,False,0.9,1.0,1.0,0.95,0.9473684210526316,0.9483268511853856,9,0,1330,1
10,0.3,1.0,True,0.9,1.0,1.0,0.95,0.9473684210526316,0.9483268511853856,9,0,1330,1
10,0.3,1.0,False,0.9,1.0,1.0,0.95,0.9473684210526316,0.9483268511853856,9,0,1330,1
10,0.35,0.1,True,0.2,1.0,1.0,0.6,0.33333333333333337,0.4458746296340156,2,0,1330,8
10,0.35,0.1,False,0.2,1.0,1.0,0.6,0.33333333333333337,0.4458746296340156,2,0,1330,8
10,0.35,0.2,True,0.4,1.0,1.0,0.7,0.5714285714285715,0.6310337493465553,4,0,1330,6
10,0.35,0.2,False,0.4,1.0,1.0,0.7,0.5714285714285715,0.6310337493465553,4,0,1330,6
10,0.35,0.3,True,0.4,1.0,1.0,0.7,0.5714285714285715,0.6310337493465553,4,0,1330,6
10,0.35,0.3,False,0.4,1.0,1.0,0.7,0.5714285714285715,0.6310337493465553,4,0,1330,6
10,0.35,0.4,True,0.7,1.0,1.0,0.85,0.8235294117647058,0.8357180183240863,7,0,1330,3
10,0.35,0.4,False,0.7,1.0,1.0,0.85,0.8235294117647058,0.8357180183240863,7,0,1330,3
10,0.35,0.5,True,0.7,1.0,1.0,0.85,0.8235294117647058,0.8357180183240863,7,0,1330,3
10,0.35,0.5,False,0.7,1.0,1.0,0.85,0.8235294117647058,0.8357180183240863,7,0,1330,3
10,0.35,0.6,True,0.7,1.0,1.0,0.85,0.8235294117647058,0.8357180183240863,7,0,1330,3
10,0.35,0.6,False,0.7,1.0,1.0,0.85,0.8235294117647058,0.8357180183240863,7,0,1330,3
10,0.35,0.7,True,0.7,1.0,1.0,0.85,0.8235294117647058,0.8357180183240863,7,0,1330,3
10,0.35,0.7,False,0.7,1.0,1.0,0.85,0.8235294117647058,0.8357180183240863,7,0,1330,3
10,0.35,0.8,True,0.9,1.0,1.0,0.95,0.9473684210526316,0.9483268511853856,9,0,1330,1
10,0.35,0.8,False,0.9,1.0,1.0,0.95,0.9473684210526316,0.9483268511853856,9,0,1330,1
10,0.35,0.9,True,0.9,1.0,1.0,0.95,0.9473684210526316,0.9483268511853856,9,0,1330,1
10,0.35,0.9,False,0.9,1.0,1.0,0.95,0.9473684210526316,0.9483268511853856,9,0,1330,1
10,0.35,1.0,True,0.9,1.0,1.0,0.95,0.9473684210526316,0.9483268511853856,9,0,1330,1
10,0.35,1.0,False,0.9,1.0,1.0,0.95,0.9473684210526316,0.9483268511853856,9,0,1330,1
10,0.4,0.1,True,0.4,1.0,1.0,0.7,0.5714285714285715,0.6310337493465553,4,0,1330,6
10,0.4,0.1,False,0.4,1.0,1.0,0.7,0.5714285714285715,0.6310337493465553,4,0,1330,6
10,0.4,0.2,True,0.5,1.0,1.0,0.75,0.6666666666666666,0.7057813689974891,5,0,1330,5
10,0.4,0.2,False,0.5,1.0,1.0,0.75,0.6666666666666666,0.7057813689974891,5,0,1330,5
10,0.4,0.3,True,0.6,1.0,1.0,0.8,0.7499999999999999,0.7734344830366855,6,0,1330,4
10,0.4,0.3,False,0.6,1.0,1.0,0.8,0.7499999999999999,0.7734344830366855,6,0,1330,4
10,0.4,0.4,True,0.7,1.0,1.0,0.85,0.8235294117647058,0.8357180183240863,7,0,1330,3
10,0.4,0.4,False,0.7,1.0,1.0,0.85,0.8235294117647058,0.8357180183240863,7,0,1330,3
10,0.4,0.5,True,0.7,1.0,1.0,0.85,0.8235294117647058,0.8357180183240863,7,0,1330,3
10,0.4,0.5,False,0.7,1.0,1.0,0.85,0.8235294117647058,0.8357180183240863,7,0,1330,3
10,0.4,0.6,True,0.9,1.0,1.0,0.95,0.9473684210526316,0.9483268511853856,9,0,1330,1
10,0.4,0.6,False,0.9,1.0,1.0,0.95,0.9473684210526316,0.9483268511853856,9,0,1330,1
10,0.4,0.7,True,0.9,1.0,1.0,0.95,0.9473684210526316,0.9483268511853856,9,0,1330,1
10,0.4,0.7,False,0.9,1.0,1.0,0.95,0.9473684210526316,0.9483268511853856,9,0,1330,1
10,0.4,0.8,True,0.9,1.0,1.0,0.95,0.9473684210526316,0.9483268511853856,9,0,1330,1
10,0.4,0.8,False,0.9,1.0,1.0,0.95,0.9473684210526316,0.9483268511853856,9,0,1330,1
10,0.4,0.9,True,0.9,1.0,1.0,0.95,0.9473684210526316,0.9483268511853856,9,0,1330,1
10,0.4,0.9,False,0.9,1.0,1.0,0.95,0.9473684210526316,0.9483268511853856,9,0,1330,1
10,0.4,1.0,True,0.9,1.0,1.0,0.95,0.9473684210526316,0.9483268511853856,9,0,1330,1
10,0.4,1.0,False,0.9,1.0,1.0,0.95,0.9473684210526316,0.9483268511853856,9,0,1330,1
10,0.45,0.1,True,0.4,1.0,1.0,0.7,0.5714285714285715,0.6310337493465553,4,0,1330,6
10,0.45,0.1,False,0.4,1.0,1.0,0.7,0.5714285714285715,0.6310337493465553,4,0,1330,6
10,0.45,0.2,True,0.5,1.0,1.0,0.75,0.6666666666666666,0.7057813689974891,5,0,1330,5
10,0.45,0.2,False,0.5,1.0,1.0,0.75,0.6666666666666666,0.7057813689974891,5,0,1330,5
10,0.45,0.3,True,0.6,1.0,1.0,0.8,0.7499999999999999,0.7734344830366855,6,0,1330,4
10,0.45,0.3,False,0.6,1.0,1.0,0.8,0.7499999999999999,0.7734344830366855,6,0,1330,4
10,0.45,0.4,True,0.7,1.0,1.0,0.85,0.8235294117647058,0.8357180183240863,7,0,1330,3
10,0.45,0.4,False,0.7,1.0,1.0,0.85,0.8235294117647058,0.8357180183240863,7,0,1330,3
10,0.45,0.5,True,0.8,1.0,1.0,0.9,0.888888888888889,0.8937554468638492,8,0,1330,2
10,0.45,0.5,False,0.8,1.0,1.0,0.9,0.888888888888889,0.8937554468638492,8,0,1330,2
10,0.45,0.6,True,0.9,1.0,1.0,0.95,0.9473684210526316,0.9483268511853856,9,0,1330,1
10,0.45,0.6,False,0.9,1.0,1.0,0.95,0.9473684210526316,0.9483268511853856,9,0,1330,1
10,0.45,0.7,True,0.9,1.0,1.0,0.95,0.9473684210526316,0.9483268511853856,9,0,1330,1
10,0.45,0.7,False,0.9,1.0,1.0,0.95,0.9473684210526316,0.9483268511853856,9,0,1330,1
10,0.45,0.8,True,0.9,1.0,1.0,0.95,0.9473684210526316,0.9483268511853856,9,0,1330,1
10,0.45,0.8,False,0.9,1.0,1.0,0.95,0.9473684210526316,0.9483268511853856,9,0,1330,1
10,0.45,0.9,True,0.9,1.0,1.0,0.95,0.9473684210526316,0.9483268511853856,9,0,1330,1
10,0.45,0.9,False,0.9,1.0,1.0,0.95,0.9473684210526316,0.9483268511853856,9,0,1330,1
10,0.45,1.0,True,0.9,1.0,1.0,0.95,0.9473684210526316,0.9483268511853856,9,0,1330,1
10,0.45,1.0,False,0.9,1.0,1.0,0.95,0.9473684210526316,0.9483268511853856,9,0,1330,1
10,0.5,0.1,True,0.4,1.0,1.0,0.7,0.5714285714285715,0.6310337493465553,4,0,1330,6
10,0.5,0.1,False,0.4,1.0,1.0,0.7,0.5714285714285715,0.6310337493465553,4,0,1330,6
10,0.5,0.2,True,0.6,1.0,1.0,0.8,0.7499999999999999,0.7734344830366855,6,0,1330,4
10,0.5,0.2,False,0.7,1.0,1.0,0.85,0.8235294117647058,0.8357180183240863,7,0,1330,3
10,0.5,0.3,True,0.7,1.0,1.0,0.85,0.8235294117647058,0.8357180183240863,7,0,1330,3
10,0.5,0.3,False,0.8,1.0,1.0,0.9,0.888888888888889,0.8937554468638492,8,0,1330,2
10,0.5,0.4,True,0.8,1.0,1.0,0.9,0.888888888888889,0.8937554468638492,8,0,1330,2
10,0.5,0.4,False,0.9,1.0,1.0,0.95,0.9473684210526316,0.9483268511853856,9,0,1330,1
10,0.5,0.5,True,0.9,1.0,1.0,0.95,0.9473684210526316,0.9483268511853856,9,0,1330,1
10,0.5,0.5,False,1.0,1.0,1.0,1.0,1.0,1.0,10,0,1330,0
10,0.5,0.6,True,0.9,1.0,1.0,0.95,0.9473684210526316,0.9483268511853856,9,0,1330,1
10,0.5,0.6,False,1.0,1.0,1.0,1.0,1.0,1.0,10,0,1330,0
10,0.5,0.7,True,0.9,1.0,1.0,0.95,0.9473684210526316,0.9483268511853856,9,0,1330,1
10,0.5,0.7,False,1.0,1.0,1.0,1.0,1.0,1.0,10,0,1330,0
10,0.5,0.8,True,0.9,1.0,1.0,0.95,0.9473684210526316,0.9483268511853856,9,0,1330,1
10,0.5,0.8,False,1.0,1.0,1.0,1.0,1.0,1.0,10,0,1330,0
10,0.5,0.9,True,0.9,0.9984962406015038,0.8181818181818182,0.9492481203007519,0.8571428571428572,0.8570047948283871,9,2,1328,1
10,0.5,0.9,False,1.0,0.9984962406015038,0.8333333333333334,0.9992481203007519,0.9090909090909091,0.9121843018278999,10,2,1328,0
10,0.5,1.0,True,0.9,0.9984962406015038,0.8181818181818182,0.9492481203007519,0.8571428571428572,0.8570047948283871,9,2,1328,1
10,0.5,1.0,False,1.0,0.9984962406015038,0.8333333333333334,0.9992481203007519,0.9090909090909091,0.9121843018278999,10,2,1328,0
10,0.55,0.1,True,0.5,1.0,1.0,0.75,0.6666666666666666,0.7057813689974891,5,0,1330,5
10,0.55,0.1,False,0.5,1.0,1.0,0.75,0.6666666666666666,0.7057813689974891,5,0,1330,5
10,0.55,0.2,True,0.6,1.0,1.0,0.8,0.7499999999999999,0.7734344830366855,6,0,1330,4
10,0.55,0.2,False,0.7,1.0,1.0,0.85,0.8235294117647058,0.8357180183240863,7,0,1330,3
10,0.55,0.3,True,0.7,1.0,1.0,0.85,0.8235294117647058,0.8357180183240863,7,0,1330,3
10,0.55,0.3,False,0.8,1.0,1.0,0.9,0.888888888888889,0.8937554468638492,8,0,1330,2
10,0.55,0.4,True,0.9,1.0,1.0,0.95,0.9473684210526316,0.9483268511853856,9,0,1330,1
10,0.55,0.4,False,1.0,1.0,1.0,1.0,1.0,1.0,10,0,1330,0
10,0.55,0.5,True,0.9,1.0,1.0,0.95,0.9473684210526316,0.9483268511853856,9,0,1330,1
10,0.55,0.5,False,1.0,1.0,1.0,1.0,1.0,1.0,10,0,1330,0
10,0.55,0.6,True,0.9,1.0,1.0,0.95,0.9473684210526316,0.9483268511853856,9,0,1330,1
10,0.55,0.6,False,1.0,1.0,1.0,1.0,1.0,1.0,10,0,1330,0
10,0.55,0.7,True,0.9,1.0,1.0,0.95,0.9473684210526316,0.9483268511853856,9,0,1330,1
10,0.55,0.7,False,1.0,1.0,1.0,1.0,1.0,1.0,10,0,1330,0
10,0.55,0.8,True,0.9,1.0,1.0,0.95,0.9473684210526316,0.9483268511853856,9,0,1330,1
10,0.55,0.8,False,1.0,1.0,1.0,1.0,1.0,1.0,10,0,1330,0
10,0.55,0.9,True,0.9,0.9984962406015038,0.8181818181818182,0.9492481203007519,0.8571428571428572,0.8570047948283871,9,2,1328,1
10,0.55,0.9,False,1.0,0.9984962406015038,0.8333333333333334,0.9992481203007519,0.9090909090909091,0.9121843018278999,10,2,1328,0
10,0.55,1.0,True,0.9,0.9984962406015038,0.8181818181818182,0.9492481203007519,0.8571428571428572,0.8570047948283871,9,2,1328,1
10,0.55,1.0,False,1.0,0.9984962406015038,0.8333333333333334,0.9992481203007519,0.9090909090909091,0.9121843018278999,10,2,1328,0
10,0.6,0.1,True,0.7,1.0,1.0,0.85,0.8235294117647058,0.8357180183240863,7,0,1330,3
10,0.6,0.1,False,0.7,1.0,1.0,0.85,0.8235294117647058,0.8357180183240863,7,0,1330,3
10,0.6,0.2,True,1.0,1.0,1.0,1.0,1.0,1.0,10,0,1330,0
10,0.6,0.2,False,1.0,1.0,1.0,1.0,1.0,1.0,10,0,1330,0
10,0.6,0.3,True,1.0,1.0,1.0,1.0,1.0,1.0,10,0,1330,0
10,0.6,0.3,False,1.0,1.0,1.0,1.0,1.0,1.0,10,0,1330,0
10,0.6,0.4,True,1.0,1.0,1.0,1.0,1.0,1.0,10,0,1330,0
10,0.6,0.4,False,1.0,1.0,1.0,1.0,1.0,1.0,10,0,1330,0
10,0.6,0.5,True,1.0,1.0,1.0,1.0,1.0,1.0,10,0,1330,0
10,0.6,0.5,False,1.0,1.0,1.0,1.0,1.0,1.0,10,0,1330,0
10,0.6,0.6,True,1.0,1.0,1.0,1.0,1.0,1.0,10,0,1330,0
10,0.6,0.6,False,1.0,1.0,1.0,1.0,1.0,1.0,10,0,1330,0
10,0.6,0.7,True,1.0,1.0,1.0,1.0,1.0,1.0,10,0,1330,0
10,0.6,0.7,False,1.0,1.0,1.0,1.0,1.0,1.0,10,0,1330,0
10,0.6,0.8,True,1.0,1.0,1.0,1.0,1.0,1.0,10,0,1330,0
10,0.6,0.8,False,1.0,1.0,1.0,1.0,1.0,1.0,10,0,1330,0
10,0.6,0.9,True,1.0,0.9969924812030075,0.7142857142857143,0.9984962406015038,0.8333333333333333,0.8438823890647184,10,4,1326,0
10,0.6,0.9,False,1.0,0.9969924812030075,0.7142857142857143,0.9984962406015038,0.8333333333333333,0.8438823890647184,10,4,1326,0
10,0.6,1.0,True,1.0,0.9969924812030075,0.7142857142857143,0.9984962406015038,0.8333333333333333,0.8438823890647184,10,4,1326,0
10,0.6,1.0,False,1.0,0.9969924812030075,0.7142857142857143,0.9984962406015038,0.8333333333333333,0.8438823890647184,10,4,1326,0
10,0.65,0.1,True,0.9,1.0,1.0,0.95,0.9473684210526316,0.9483268511853856,9,0,1330,1
10,0.65,0.1,False,0.9,1.0,1.0,0.95,0.9473684210526316,0.9483268511853856,9,0,1330,1
10,0.65,0.2,True,1.0,1.0,1.0,1.0,1.0,1.0,10,0,1330,0
10,0.65,0.2,False,1.0,1.0,1.0,1.0,1.0,1.0,10,0,1330,0
10,0.65,0.3,True,1.0,1.0,1.0,1.0,1.0,1.0,10,0,1330,0
10,0.65,0.3,False,1.0,1.0,1.0,1.0,1.0,1.0,10,0,1330,0
10,0.65,0.4,True,1.0,1.0,1.0,1.0,1.0,1.0,10,0,1330,0
10,0.65,0.4,False,1.0,1.0,1.0,1.0,1.0,1.0,10,0,1330,0
10,0.65,0.5,True,1.0,1.0,1.0,1.0,1.0,1.0,10,0,1330,0
10,0.65,0.5,False,1.0,1.0,1.0,1.0,1.0,1.0,10,0,1330,0
10,0.65,0.6,True,1.0,1.0,1.0,1.0,1.0,1.0,10,0,1330,0
10,0.65,0.6,False,1.0,1.0,1.0,1.0,1.0,1.0,10,0,1330,0
10,0.65,0.7,True,1.0,1.0,1.0,1.0,1.0,1.0,10,0,1330,0
10,0.65,0.7,False,1.0,1.0,1.0,1.0,1.0,1.0,10,0,1330,0
10,0.65,0.8,True,1.0,0.9984962406015038,0.8333333333333334,0.9992481203007519,0.9090909090909091,0.9121843018278999,10,2,1328,0
10,0.65,0.8,False,1.0,0.9984962406015038,0.8333333333333334,0.9992481203007519,0.9090909090909091,0.9121843018278999,10,2,1328,0
10,0.65,0.9,True,1.0,0.9969924812030075,0.7142857142857143,0.9984962406015038,0.8333333333333333,0.8438823890647184,10,4,1326,0
10,0.65,0.9,False,1.0,0.9969924812030075,0.7142857142857143,0.9984962406015038,0.8333333333333333,0.8438823890647184,10,4,1326,0
10,0.65,1.0,True,1.0,0.9969924812030075,0.7142857142857143,0.9984962406015038,0.8333333333333333,0.8438823890647184,10,4,1326,0
10,0.65,1.0,False,1.0,0.9969924812030075,0.7142857142857143,0.9984962406015038,0.8333333333333333,0.8438823890647184,10,4,1326,0
10,0.7,0.1,True,0.9,1.0,1.0,0.95,0.9473684210526316,0.9483268511853856,9,0,1330,1
10,0.7,0.1,False,0.9,1.0,1.0,0.95,0.9473684210526316,0.9483268511853856,9,0,1330,1
10,0.7,0.2,True,1.0,1.0,1.0,1.0,1.0,1.0,10,0,1330,0
10,0.7,0.2,False,1.0,1.0,1.0,1.0,1.0,1.0,10,0,1330,0
10,0.7,0.3,True,1.0,1.0,1.0,1.0,1.0,1.0,10,0,1330,0
10,0.7,0.3,False,1.0,1.0,1.0,1.0,1.0,1.0,10,0,1330,0
10,0.7,0.4,True,1.0,1.0,1.0,1.0,1.0,1.0,10,0,1330,0
10,0.7,0.4,False,1.0,1.0,1.0,1.0,1.0,1.0,10,0,1330,0
10,0.7,0.5,True,1.0,1.0,1.0,1.0,1.0,1.0,10,0,1330,0
10,0.7,0.5,False,1.0,1.0,1.0,1.0,1.0,1.0,10,0,1330,0
10,0.7,0.6,True,1.0,1.0,1.0,1.0,1.0,1.0,10,0,1330,0
10,0.7,0.6,False,1.0,1.0,1.0,1.0,1.0,1.0,10,0,1330,0
10,0.7,0.7,True,1.0,0.9984962406015038,0.8333333333333334,0.9992481203007519,0.9090909090909091,0.9121843018278999,10,2,1328,0
10,0.7,0.7,False,1.0,0.9984962406015038,0.8333333333333334,0.9992481203007519,0.9090909090909091,0.9121843018278999,10,2,1328,0
10,0.7,0.8,True,1.0,0.9984962406015038,0.8333333333333334,0.9992481203007519,0.9090909090909091,0.9121843018278999,10,2,1328,0
10,0.7,0.8,False,1.0,0.9984962406015038,0.8333333333333334,0.9992481203007519,0.9090909090909091,0.9121843018278999,10,2,1328,0
10,0.7,0.9,True,1.0,0.9969924812030075,0.7142857142857143,0.9984962406015038,0.8333333333333333,0.8438823890647184,10,4,1326,0
10,0.7,0.9,False,1.0,0.9969924812030075,0.7142857142857143,0.9984962406015038,0.8333333333333333,0.8438823890647184,10,4,1326,0
10,0.7,1.0,True,1.0,0.9969924812030075,0.7142857142857143,0.9984962406015038,0.8333333333333333,0.8438823890647184,10,4,1326,0
10,0.7,1.0,False,1.0,0.9969924812030075,0.7142857142857143,0.9984962406015038,0.8333333333333333,0.8438823890647184,10,4,1326,0
10,0.75,0.1,True,1.0,1.0,1.0,1.0,1.0,1.0,10,0,1330,0
10,0.75,0.1,False,1.0,1.0,1.0,1.0,1.0,1.0,10,0,1330,0
10,0.75,0.2,True,1.0,1.0,1.0,1.0,1.0,1.0,10,0,1330,0
10,0.75,0.2,False,1.0,1.0,1.0,1.0,1.0,1.0,10,0,1330,0
10,0.75,0.3,True,1.0,1.0,1.0,1.0,1.0,1.0,10,0,1330,0
10,0.75,0.3,False,1.0,1.0,1.0,1.0,1.0,1.0,10,0,1330,0
10,0.75,0.4,True,1.0,1.0,1.0,1.0,1.0,1.0,10,0,1330,0
10,0.75,0.4,False,1.0,1.0,1.0,1.0,1.0,1.0,10,0,1330,0
10,0.75,0.5,True,1.0,1.0,1.0,1.0,1.0,1.0,10,0,1330,0
10,0.75,0.5,False,1.0,1.0,1.0,1.0,1.0,1.0,10,0,1330,0
10,0.75,0.6,True,1.0,0.9984962406015038,0.8333333333333334,0.9992481203007519,0.9090909090909091,0.9121843018278999,10,2,1328,0
10,0.75,0.6,False,1.0,0.9969924812030075,0.7142857142857143,0.9984962406015038,0.8333333333333333,0.8438823890647184,10,4,1326,0
10,0.75,0.7,True,1.0,0.9984962406015038,0.8333333333333334,0.9992481203007519,0.9090909090909091,0.9121843018278999,10,2,1328,0
10,0.75,0.7,False,1.0,0.9969924812030075,0.7142857142857143,0.9984962406015038,0.8333333333333333,0.8438823890647184,10,4,1326,0
10,0.75,0.8,True,1.0,0.9969924812030075,0.7142857142857143,0.9984962406015038,0.8333333333333333,0.8438823890647184,10,4,1326,0
10,0.75,0.8,False,1.0,0.9954887218045113,0.625,0.9977443609022556,0.7692307692307693,0.7887841600386126,10,6,1324,0
10,0.75,0.9,True,1.0,0.9954887218045113,0.625,0.9977443609022556,0.7692307692307693,0.7887841600386126,10,6,1324,0
10,0.75,0.9,False,1.0,0.9939849624060151,0.5555555555555556,0.9969924812030075,0.7142857142857143,0.7431109392300329,10,8,1322,0
10,0.75,1.0,True,1.0,0.9954887218045113,0.625,0.9977443609022556,0.7692307692307693,0.7887841600386126,10,6,1324,0
10,0.75,1.0,False,1.0,0.9939849624060151,0.5555555555555556,0.9969924812030075,0.7142857142857143,0.7431109392300329,10,8,1322,0
10,0.8,0.1,True,1.0,1.0,1.0,1.0,1.0,1.0,10,0,1330,0
10,0.8,0.1,False,1.0,1.0,1.0,1.0,1.0,1.0,10,0,1330,0
10,0.8,0.2,True,1.0,1.0,1.0,1.0,1.0,1.0,10,0,1330,0
10,0.8,0.2,False,1.0,1.0,1.0,1.0,1.0,1.0,10,0,1330,0
10,0.8,0.3,True,1.0,1.0,1.0,1.0,1.0,1.0,10,0,1330,0
10,0.8,0.3,False,1.0,0.9984962406015038,0.8333333333333334,0.9992481203007519,0.9090909090909091,0.9121843018278999,10,2,1328,0
10,0.8,0.4,True,1.0,1.0,1.0,1.0,1.0,1.0,10,0,1330,0
10,0.8,0.4,False,1.0,0.9984962406015038,0.8333333333333334,0.9992481203007519,0.9090909090909091,0.9121843018278999,10,2,1328,0
10,0.8,0.5,True,1.0,1.0,1.0,1.0,1.0,1.0,10,0,1330,0
10,0.8,0.5,False,1.0,0.9984962406015038,0.8333333333333334,0.9992481203007519,0.9090909090909091,0.9121843018278999,10,2,1328,0
10,0.8,0.6,True,1.0,0.9984962406015038,0.8333333333333334,0.9992481203007519,0.9090909090909091,0.9121843018278999,10,2,1328,0
10,0.8,0.6,False,1.0,0.9939849624060151,0.5555555555555556,0.9969924812030075,0.7142857142857143,0.7431109392300329,10,8,1322,0
10,0.8,0.7,True,1.0,0.9969924812030075,0.7142857142857143,0.9984962406015038,0.8333333333333333,0.8438823890647184,10,4,1326,0
10,0.8,0.7,False,1.0,0.9954887218045113,0.625,0.9977443609022556,0.7692307692307693,0.7887841600386126,10,6,1324,0
10,0.8,0.8,True,1.0,0.9969924812030075,0.7142857142857143,0.9984962406015038,0.8333333333333333,0.8438823890647184,10,4,1326,0
10,0.8,0.8,False,1.0,0.9939849624060151,0.5555555555555556,0.9969924812030075,0.7142857142857143,0.7431109392300329,10,8,1322,0
10,0.8,0.9,True,1.0,0.9969924812030075,0.7142857142857143,0.9984962406015038,0.8333333333333333,0.8438823890647184,10,4,1326,0
10,0.8,0.9,False,1.0,0.9939849624060151,0.5555555555555556,0.9969924812030075,0.7142857142857143,0.7431109392300329,10,8,1322,0
10,0.8,1.0,True,1.0,0.9969924812030075,0.7142857142857143,0.9984962406015038,0.8333333333333333,0.8438823890647184,10,4,1326,0
10,0.8,1.0,False,1.0,0.9939849624060151,0.5555555555555556,0.9969924812030075,0.7142857142857143,0.7431109392300329,10,8,1322,0
10,0.85,0.1,True,1.0,1.0,1.0,1.0,1.0,1.0,10,0,1330,0
10,0.85,0.1,False,1.0,1.0,1.0,1.0,1.0,1.0,10,0,1330,0
10,0.85,0.2,True,1.0,1.0,1.0,1.0,1.0,1.0,10,0,1330,0
10,0.85,0.2,False,1.0,0.9992481203007518,0.9090909090909091,0.9996240601503759,0.9523809523809523,0.9531040772610264,10,1,1329,0
10,0.85,0.3,True,1.0,1.0,1.0,1.0,1.0,1.0,10,0,1330,0
10,0.85,0.3,False,1.0,0.9962406015037594,0.6666666666666666,0.9981203007518797,0.8,0.814960367749565,10,5,1325,0
10,0.85,0.4,True,1.0,1.0,1.0,1.0,1.0,1.0,10,0,1330,0
10,0.85,0.4,False,1.0,0.9962406015037594,0.6666666666666666,0.9981203007518797,0.8,0.814960367749565,10,5,1325,0
10,0.85,0.5,True,1.0,0.9984962406015038,0.8333333333333334,0.9992481203007519,0.9090909090909091,0.9121843018278999,10,2,1328,0
10,0.85,0.5,False,1.0,0.9917293233082707,0.47619047619047616,0.9958646616541353,0.6451612903225806,0.6872059798329931,10,11,1319,0
10,0.85,0.6,True,1.0,0.9984962406015038,0.8333333333333334,0.9992481203007519,0.9090909090909091,0.9121843018278999,10,2,1328,0
10,0.85,0.6,False,1.0,0.9917293233082707,0.47619047619047616,0.9958646616541353,0.6451612903225806,0.6872059798329931,10,11,1319,0
10,0.85,0.7,True,1.0,0.9984962406015038,0.8333333333333334,0.9992481203007519,0.9090909090909091,0.9121843018278999,10,2,1328,0
10,0.85,0.7,False,1.0,0.9917293233082707,0.47619047619047616,0.9958646616541353,0.6451612903225806,0.6872059798329931,10,11,1319,0
10,0.85,0.8,True,1.0,0.9984962406015038,0.8333333333333334,0.9992481203007519,0.9090909090909091,0.9121843018278999,10,2,1328,0
10,0.85,0.8,False,1.0,0.9917293233082707,0.47619047619047616,0.9958646616541353,0.6451612903225806,0.6872059798329931,10,11,1319,0
10,0.85,0.9,True,1.0,0.9984962406015038,0.8333333333333334,0.9992481203007519,0.9090909090909091,0.9121843018278999,10,2,1328,0
10,0.85,0.9,False,1.0,0.9917293233082707,0.47619047619047616,0.9958646616541353,0.6451612903225806,0.6872059798329931,10,11,1319,0
10,0.85,1.0,True,1.0,0.9984962406015038,0.8333333333333334,0.9992481203007519,0.9090909090909091,0.9121843018278999,10,2,1328,0
10,0.85,1.0,False,1.0,0.9917293233082707,0.47619047619047616,0.9958646616541353,0.6451612903225806,0.6872059798329931,10,11,1319,0
10,0.9,0.1,True,1.0,1.0,1.0,1.0,1.0,1.0,10,0,1330,0
10,0.9,0.1,False,1.0,0.9992481203007518,0.9090909090909091,0.9996240601503759,0.9523809523809523,0.9531040772610264,10,1,1329,0
10,0.9,0.2,True,1.0,1.0,1.0,1.0,1.0,1.0,10,0,1330,0
10,0.9,0.2,False,1.0,0.9992481203007518,0.9090909090909091,0.9996240601503759,0.9523809523809523,0.9531040772610264,10,1,1329,0
10,0.9,0.3,True,1.0,1.0,1.0,1.0,1.0,1.0,10,0,1330,0
10,0.9,0.3,False,1.0,0.9969924812030075,0.7142857142857143,0.9984962406015038,0.8333333333333333,0.8438823890647184,10,4,1326,0
10,0.9,0.4,True,1.0,1.0,1.0,1.0,1.0,1.0,10,0,1330,0
10,0.9,0.4,False,1.0,0.9954887218045113,0.625,0.9977443609022556,0.7692307692307693,0.7887841600386126,10,6,1324,0
10,0.9,0.5,True,1.0,0.9984962406015038,0.8333333333333334,0.9992481203007519,0.9090909090909091,0.9121843018278999,10,2,1328,0
10,0.9,0.5,False,1.0,0.9924812030075187,0.5,0.9962406015037594,0.6666666666666666,0.7044434693456667,10,10,1320,0
10,0.9,0.6,True,1.0,0.9984962406015038,0.8333333333333334,0.9992481203007519,0.9090909090909091,0.9121843018278999,10,2,1328,0
10,0.9,0.6,False,1.0,0.9924812030075187,0.5,0.9962406015037594,0.6666666666666666,0.7044434693456667,10,10,1320,0
10,0.9,0.7,True,1.0,0.9984962406015038,0.8333333333333334,0.9992481203007519,0.9090909090909091,0.9121843018278999,10,2,1328,0
10,0.9,0.7,False,1.0,0.9924812030075187,0.5,0.9962406015037594,0.6666666666666666,0.7044434693456667,10,10,1320,0
10,0.9,0.8,True,1.0,0.9984962406015038,0.8333333333333334,0.9992481203007519,0.9090909090909091,0.9121843018278999,10,2,1328,0
10,0.9,0.8,False,1.0,0.9924812030075187,0.5,0.9962406015037594,0.6666666666666666,0.7044434693456667,10,10,1320,0
10,0.9,0.9,True,1.0,0.9984962406015038,0.8333333333333334,0.9992481203007519,0.9090909090909091,0.9121843018278999,10,2,1328,0
10,0.9,0.9,False,1.0,0.9924812030075187,0.5,0.9962406015037594,0.6666666666666666,0.7044434693456667,10,10,1320,0
10,0.9,1.0,True,1.0,0.9984962406015038,0.8333333333333334,0.9992481203007519,0.9090909090909091,0.9121843018278999,10,2,1328,0
10,0.9,1.0,False,1.0,0.9924812030075187,0.5,0.9962406015037594,0.6666666666666666,0.7044434693456667,10,10,1320,0
10,0.95,0.1,True,1.0,1.0,1.0,1.0,1.0,1.0,10,0,1330,0
10,0.95,0.1,False,1.0,0.9969924812030075,0.7142857142857143,0.9984962406015038,0.8333333333333333,0.8438823890647184,10,4,1326,0
10,0.95,0.2,True,1.0,1.0,1.0,1.0,1.0,1.0,10,0,1330,0
10,0.95,0.2,False,1.0,0.9969924812030075,0.7142857142857143,0.9984962406015038,0.8333333333333333,0.8438823890647184,10,4,1326,0
10,0.95,0.3,True,1.0,0.9984962406015038,0.8333333333333334,0.9992481203007519,0.9090909090909091,0.9121843018278999,10,2,1328,0
10,0.95,0.3,False,1.0,0.9939849624060151,0.5555555555555556,0.9969924812030075,0.7142857142857143,0.7431109392300329,10,8,1322,0
10,0.95,0.4,True,1.0,0.9984962406015038,0.8333333333333334,0.9992481203007519,0.9090909090909091,0.9121843018278999,10,2,1328,0
10,0.95,0.4,False,1.0,0.9924812030075187,0.5,0.9962406015037594,0.6666666666666666,0.7044434693456667,10,10,1320,0
10,0.95,0.5,True,1.0,0.9984962406015038,0.8333333333333334,0.9992481203007519,0.9090909090909091,0.9121843018278999,10,2,1328,0
10,0.95,0.5,False,1.0,0.9924812030075187,0.5,0.9962406015037594,0.6666666666666666,0.7044434693456667,10,10,1320,0
10,0.95,0.6,True,1.0,0.9984962406015038,0.8333333333333334,0.9992481203007519,0.9090909090909091,0.9121843018278999,10,2,1328,0
10,0.95,0.6,False,1.0,0.9924812030075187,0.5,0.9962406015037594,0.6666666666666666,0.7044434693456667,10,10,1320,0
10,0.95,0.7,True,1.0,0.9984962406015038,0.8333333333333334,0.9992481203007519,0.9090909090909091,0.9121843018278999,10,2,1328,0
10,0.95,0.7,False,1.0,0.9924812030075187,0.5,0.9962406015037594,0.6666666666666666,0.7044434693456667,10,10,1320,0
10,0.95,0.8,True,1.0,0.9984962406015038,0.8333333333333334,0.9992481203007519,0.9090909090909091,0.9121843018278999,10,2,1328,0
10,0.95,0.8,False,1.0,0.9924812030075187,0.5,0.9962406015037594,0.6666666666666666,0.7044434693456667,10,10,1320,0
10,0.95,0.9,True,1.0,0.9984962406015038,0.8333333333333334,0.9992481203007519,0.9090909090909091,0.9121843018278999,10,2,1328,0
10,0.95,0.9,False,1.0,0.9924812030075187,0.5,0.9962406015037594,0.6666666666666666,0.7044434693456667,10,10,1320,0
10,0.95,1.0,True,1.0,0.9984962406015038,0.8333333333333334,0.9992481203007519,0.9090909090909091,0.9121843018278999,10,2,1328,0
10,0.95,1.0,False,1.0,0.9924812030075187,0.5,0.9962406015037594,0.6666666666666666,0.7044434693456667,10,10,1320,0
10,1.0,0.1,True,1.0,1.0,1.0,1.0,1.0,1.0,10,0,1330,0
10,1.0,0.1,False,1.0,0.9909774436090225,0.45454545454545453,0.9954887218045112,0.625,0.6711514676655008,10,12,1318,0
10,1.0,0.2,True,1.0,1.0,1.0,1.0,1.0,1.0,10,0,1330,0
10,1.0,0.2,False,1.0,0.9909774436090225,0.45454545454545453,0.9954887218045112,0.625,0.6711514676655008,10,12,1318,0
10,1.0,0.3,True,1.0,1.0,1.0,1.0,1.0,1.0,10,0,1330,0
10,1.0,0.3,False,1.0,0.9909774436090225,0.45454545454545453,0.9954887218045112,0.625,0.6711514676655008,10,12,1318,0
10,1.0,0.4,True,1.0,1.0,1.0,1.0,1.0,1.0,10,0,1330,0
10,1.0,0.4,False,1.0,0.9909774436090225,0.45454545454545453,0.9954887218045112,0.625,0.6711514676655008,10,12,1318,0
10,1.0,0.5,True,1.0,1.0,1.0,1.0,1.0,1.0,10,0,1330,0
10,1.0,0.5,False,1.0,0.9909774436090225,0.45454545454545453,0.9954887218045112,0.625,0.6711514676655008,10,12,1318,0
10,1.0,0.6,True,1.0,1.0,1.0,1.0,1.0,1.0,10,0,1330,0
10,1.0,0.6,False,1.0,0.9909774436090225,0.45454545454545453,0.9954887218045112,0.625,0.6711514676655008,10,12,1318,0
10,1.0,0.7,True,1.0,1.0,1.0,1.0,1.0,1.0,10,0,1330,0
10,1.0,0.7,False,1.0,0.9909774436090225,0.45454545454545453,0.9954887218045112,0.625,0.6711514676655008,10,12,1318,0
10,1.0,0.8,True,1.0,1.0,1.0,1.0,1.0,1.0,10,0,1330,0
10,1.0,0.8,False,1.0,0.9909774436090225,0.45454545454545453,0.9954887218045112,0.625,0.6711514676655008,10,12,1318,0
10,1.0,0.9,True,1.0,1.0,1.0,1.0,1.0,1.0,10,0,1330,0
10,1.0,0.9,False,1.0,0.9909774436090225,0.45454545454545453,0.9954887218045112,0.625,0.6711514676655008,10,12,1318,0
10,1.0,1.0,True,1.0,1.0,1.0,1.0,1.0,1.0,10,0,1330,0
10,1.0,1.0,False,1.0,0.9909774436090225,0.45454545454545453,0.9954887218045112,0.625,0.6711514676655008,10,12,1318,0
15,0.1,0.1,True,0.0,1.0,0.0,0.5,0.0,0.0,0,0,1330,10
15,0.1,0.1,False,0.0,1.0,0.0,0.5,0.0,0.0,0,0,1330,10
15,0.1,0.2,True,0.0,1.0,0.0,0.5,0.0,0.0,0,0,1330,10
15,0.1,0.2,False,0.0,1.0,0.0,0.5,0.0,0.0,0,0,1330,10
15,0.1,0.3,True,0.0,1.0,0.0,0.5,0.0,0.0,0,0,1330,10
15,0.1,0.3,False,0.0,1.0,0.0,0.5,0.0,0.0,0,0,1330,10
15,0.1,0.4,True,0.0,1.0,0.0,0.5,0.0,0.0,0,0,1330,10
15,0.1,0.4,False,0.0,1.0,0.0,0.5,0.0,0.0,0,0,1330,10
15,0.1,0.5,True,0.0,1.0,0.0,0.5,0.0,0.0,0,0,1330,10
15,0.1,0.5,False,0.0,1.0,0.0,0.5,0.0,0.0,0,0,1330,10
15,0.1,0.6,True,0.0,1.0,0.0,0.5,0.0,0.0,0,0,1330,10
15,0.1,0.6,False,0.0,1.0,0.0,0.5,0.0,0.0,0,0,1330,10
15,0.1,0.7,True,0.3,1.0,1.0,0.65,0.4615384615384615,0.5462868471524166,3,0,1330,7
15,0.1,0.7,False,0.3,1.0,1.0,0.65,0.4615384615384615,0.5462868471524166,3,0,1330,7
15,0.1,0.8,True,0.3,1.0,1.0,0.65,0.4615384615384615,0.5462868471524166,3,0,1330,7
15,0.1,0.8,False,0.3,1.0,1.0,0.65,0.4615384615384615,0.5462868471524166,3,0,1330,7
15,0.1,0.9,True,0.4,0.9977443609022556,0.5714285714285714,0.6988721804511278,0.47058823529411764,0.47486018441830463,4,3,1327,6
15,0.1,0.9,False,0.4,0.9977443609022556,0.5714285714285714,0.6988721804511278,0.47058823529411764,0.47486018441830463,4,3,1327,6
15,0.1,1.0,True,0.4,0.9977443609022556,0.5714285714285714,0.6988721804511278,0.47058823529411764,0.47486018441830463,4,3,1327,6
15,0.1,1.0,False,0.4,0.9977443609022556,0.5714285714285714,0.6988721804511278,0.47058823529411764,0.47486018441830463,4,3,1327,6
15,0.15,0.1,True,0.0,1.0,0.0,0.5,0.0,0.0,0,0,1330,10
15,0.15,0.1,False,0.0,1.0,0.0,0.5,0.0,0.0,0,0,1330,10
15,0.15,0.2,True,0.0,1.0,0.0,0.5,0.0,0.0,0,0,1330,10
15,0.15,0.2,False,0.0,1.0,0.0,0.5,0.0,0.0,0,0,1330,10
15,0.15,0.3,True,0.0,1.0,0.0,0.5,0.0,0.0,0,0,1330,10
15,0.15,0.3,False,0.0,1.0,0.0,0.5,0.0,0.0,0,0,1330,10
15,0.15,0.4,True,0.0,1.0,0.0,0.5,0.0,0.0,0,0,1330,10
15,0.15,0.4,False,0.0,1.0,0.0,0.5,0.0,0.0,0,0,1330,10
15,0.15,0.5,True,0.1,1.0,1.0,0.55,0.18181818181818182,0.3151632221713219,1,0,1330,9
15,0.15,0.5,False,0.1,1.0,1.0,0.55,0.18181818181818182,0.3151632221713219,1,0,1330,9
15,0.15,0.6,True,0.1,1.0,1.0,0.55,0.18181818181818182,0.3151632221713219,1,0,1330,9
15,0.15,0.6,False,0.1,1.0,1.0,0.55,0.18181818181818182,0.3151632221713219,1,0,1330,9
15,0.15,0.7,True,0.4,1.0,1.0,0.7,0.5714285714285715,0.6310337493465553,4,0,1330,6
15,0.15,0.7,False,0.4,1.0,1.0,0.7,0.5714285714285715,0.6310337493465553,4,0,1330,6
15,0.15,0.8,True,0.4,1.0,1.0,0.7,0.5714285714285715,0.6310337493465553,4,0,1330,6
15,0.15,0.8,False,0.4,1.0,1.0,0.7,0.5714285714285715,0.6310337493465553,4,0,1330,6
15,0.15,0.9,True,0.5,0.9977443609022556,0.625,0.7488721804511278,0.5555555555555556,0.5560771671276957,5,3,1327,5
15,0.15,0.9,False,0.5,0.9977443609022556,0.625,0.7488721804511278,0.5555555555555556,0.5560771671276957,5,3,1327,5
15,0.15,1.0,True,0.5,0.9977443609022556,0.625,0.7488721804511278,0.5555555555555556,0.5560771671276957,5,3,1327,5
15,0.15,1.0,False,0.5,0.9977443609022556,0.625,0.7488721804511278,0.5555555555555556,0.5560771671276957,5,3,1327,5
15,0.2,0.1,True,0.0,1.0,0.0,0.5,0.0,0.0,0,0,1330,10
15,0.2,0.1,False,0.0,1.0,0.0,0.5,0.0,0.0,0,0,1330,10
15,0.2,0.2,True,0.0,1.0,0.0,0.5,0.0,0.0,0,0,1330,10
15,0.2,0.2,False,0.0,1.0,0.0,0.5,0.0,0.0,0,0,1330,10
15,0.2,0.3,True,0.0,1.0,0.0,0.5,0.0,0.0,0,0,1330,10
15,0.2,0.3,False,0.0,1.0,0.0,0.5,0.0,0.0,0,0,1330,10
15,0.2,0.4,True,0.1,1.0,1.0,0.55,0.18181818181818182,0.3151632221713219,1,0,1330,9
15,0.2,0.4,False,0.1,1.0,1.0,0.55,0.18181818181818182,0.3151632221713219,1,0,1330,9
15,0.2,0.5,True,0.2,1.0,1.0,0.6,0.33333333333333337,0.4458746296340156,2,0,1330,8
15,0.2,0.5,False,0.2,1.0,1.0,0.6,0.33333333333333337,0.4458746296340156,2,0,1330,8
15,0.2,0.6,True,0.3,1.0,1.0,0.65,0.4615384615384615,0.5462868471524166,3,0,1330,7
15,0.2,0.6,False,0.3,1.0,1.0,0.65,0.4615384615384615,0.5462868471524166,3,0,1330,7
15,0.2,0.7,True,0.4,1.0,1.0,0.7,0.5714285714285715,0.6310337493465553,4,0,1330,6
15,0.2,0.7,False,0.4,1.0,1.0,0.7,0.5714285714285715,0.6310337493465553,4,0,1330,6
15,0.2,0.8,True,0.5,1.0,1.0,0.75,0.6666666666666666,0.7057813689974891,5,0,1330,5
15,0.2,0.8,False,0.5,1.0,1.0,0.75,0.6666666666666666,0.7057813689974891,5,0,1330,5
15,0.2,0.9,True,0.7,0.9984962406015038,0.7777777777777778,0.8492481203007518,0.7368421052631577,0.7360030449049484,7,2,1328,3
15,0.2,0.9,False,0.7,0.9984962406015038,0.7777777777777778,0.8492481203007518,0.7368421052631577,0.7360030449049484,7,2,1328,3
15,0.2,1.0,True,0.7,0.9984962406015038,0.7777777777777778,0.8492481203007518,0.7368421052631577,0.7360030449049484,7,2,1328,3
15,0.2,1.0,False,0.7,0.9984962406015038,0.7777777777777778,0.8492481203007518,0.7368421052631577,0.7360030449049484,7,2,1328,3
15,0.25,0.1,True,0.0,1.0,0.0,0.5,0.0,0.0,0,0,1330,10
15,0.25,0.1,False,0.0,1.0,0.0,0.5,0.0,0.0,0,0,1330,10
15,0.25,0.2,True,0.0,1.0,0.0,0.5,0.0,0.0,0,0,1330,10
15,0.25,0.2,False,0.0,1.0,0.0,0.5,0.0,0.0,0,0,1330,10
15,0.25,0.3,True,0.0,1.0,0.0,0.5,0.0,0.0,0,0,1330,10
15,0.25,0.3,False,0.0,1.0,0.0,0.5,0.0,0.0,0,0,1330,10
15,0.25,0.4,True,0.2,1.0,1.0,0.6,0.33333333333333337,0.4458746296340156,2,0,1330,8
15,0.25,0.4,False,0.2,1.0,1.0,0.6,0.33333333333333337,0.4458746296340156,2,0,1330,8
15,0.25,0.5,True,0.3,1.0,1.0,0.65,0.4615384615384615,0.5462868471524166,3,0,1330,7
15,0.25,0.5,False,0.3,1.0,1.0,0.65,0.4615384615384615,0.5462868471524166,3,0,1330,7
15,0.25,0.6,True,0.5,1.0,1.0,0.75,0.6666666666666666,0.7057813689974891,5,0,1330,5
15,0.25,0.6,False,0.5,1.0,1.0,0.75,0.6666666666666666,0.7057813689974891,5,0,1330,5
15,0.25,0.7,True,0.7,1.0,1.0,0.85,0.8235294117647058,0.8357180183240863,7,0,1330,3
15,0.25,0.7,False,0.7,1.0,1.0,0.85,0.8235294117647058,0.8357180183240863,7,0,1330,3
15,0.25,0.8,True,0.7,1.0,1.0,0.85,0.8235294117647058,0.8357180183240863,7,0,1330,3
15,0.25,0.8,False,0.7,1.0,1.0,0.85,0.8235294117647058,0.8357180183240863,7,0,1330,3
15,0.25,0.9,True,0.8,1.0,1.0,0.9,0.888888888888889,0.8937554468638492,8,0,1330,2
15,0.25,0.9,False,0.8,1.0,1.0,0.9,0.888888888888889,0.8937554468638492,8,0,1330,2
15,0.25,1.0,True,0.8,1.0,1.0,0.9,0.888888888888889,0.8937554468638492,8,0,1330,2
15,0.25,1.0,False,0.8,1.0,1.0,0.9,0.888888888888889,0.8937554468638492,8,0,1330,2
15,0.3,0.1,True,0.0,1.0,0.0,0.5,0.0,0.0,0,0,1330,10
15,0.3,0.1,False,0.0,1.0,0.0,0.5,0.0,0.0,0,0,1330,10
15,0.3,0.2,True,0.1,1.0,1.0,0.55,0.18181818181818182,0.3151632221713219,1,0,1330,9
15,0.3,0.2,False,0.1,1.0,1.0,0.55,0.18181818181818182,0.3151632221713219,1,0,1330,9
15,0.3,0.3,True,0.2,1.0,1.0,0.6,0.33333333333333337,0.4458746296340156,2,0,1330,8
15,0.3,0.3,False,0.2,1.0,1.0,0.6,0.33333333333333337,0.4458746296340156,2,0,1330,8
15,0.3,0.4,True,0.2,1.0,1.0,0.6,0.33333333333333337,0.4458746296340156,2,0,1330,8
15,0.3,0.4,False,0.2,1.0,1.0,0.6,0.33333333333333337,0.4458746296340156,2,0,1330,8
15,0.3,0.5,True,0.6,1.0,1.0,0.8,0.7499999999999999,0.7734344830366855,6,0,1330,4
15,0.3,0.5,False,0.6,1.0,1.0,0.8,0.7499999999999999,0.7734344830366855,6,0,1330,4
15,0.3,0.6,True,0.7,1.0,1.0,0.85,0.8235294117647058,0.8357180183240863,7,0,1330,3
15,0.3,0.6,False,0.7,1.0,1.0,0.85,0.8235294117647058,0.8357180183240863,7,0,1330,3
15,0.3,0.7,True,0.8,0.9984962406015038,0.8,0.8992481203007519,0.8000000000000002,0.7984962406015037,8,2,1328,2
15,0.3,0.7,False,0.8,0.9984962406015038,0.8,0.8992481203007519,0.8000000000000002,0.7984962406015037,8,2,1328,2
15,0.3,0.8,True,0.9,0.9984962406015038,0.8181818181818182,0.9492481203007519,0.8571428571428572,0.8570047948283871,9,2,1328,1
15,0.3,0.8,False,0.9,0.9984962406015038,0.8181818181818182,0.9492481203007519,0.8571428571428572,0.8570047948283871,9,2,1328,1
15,0.3,0.9,True,0.9,0.9984962406015038,0.8181818181818182,0.9492481203007519,0.8571428571428572,0.8570047948283871,9,2,1328,1
15,0.3,0.9,False,0.9,0.9984962406015038,0.8181818181818182,0.9492481203007519,0.8571428571428572,0.8570047948283871,9,2,1328,1
15,0.3,1.0,True,0.9,0.9984962406015038,0.8181818181818182,0.9492481203007519,0.8571428571428572,0.8570047948283871,9,2,1328,1
15,0.3,1.0,False,0.9,0.9984962406015038,0.8181818181818182,0.9492481203007519,0.8571428571428572,0.8570047948283871,9,2,1328,1
15,0.35,0.1,True,0.0,1.0,0.0,0.5,0.0,0.0,0,0,1330,10
15,0.35,0.1,False,0.0,1.0,0.0,0.5,0.0,0.0,0,0,1330,10
15,0.35,0.2,True,0.1,1.0,1.0,0.55,0.18181818181818182,0.3151632221713219,1,0,1330,9
15,0.35,0.2,False,0.1,1.0,1.0,0.55,0.18181818181818182,0.3151632221713219,1,0,1330,9
15,0.35,0.3,True,0.4,1.0,1.0,0.7,0.5714285714285715,0.6310337493465553,4,0,1330,6
15,0.35,0.3,False,0.4,1.0,1.0,0.7,0.5714285714285715,0.6310337493465553,4,0,1330,6
15,0.35,0.4,True,0.7,1.0,1.0,0.85,0.8235294117647058,0.8357180183240863,7,0,1330,3
15,0.35,0.4,False,0.7,1.0,1.0,0.85,0.8235294117647058,0.8357180183240863,7,0,1330,3
15,0.35,0.5,True,0.7,1.0,1.0,0.85,0.8235294117647058,0.8357180183240863,7,0,1330,3
15,0.35,0.5,False,0.7,1.0,1.0,0.85,0.8235294117647058,0.8357180183240863,7,0,1330,3
15,0.35,0.6,True,0.7,1.0,1.0,0.85,0.8235294117647058,0.8357180183240863,7,0,1330,3
15,0.35,0.6,False,0.7,0.9984962406015038,0.7777777777777778,0.8492481203007518,0.7368421052631577,0.7360030449049484,7,2,1328,3
15,0.35,0.7,True,0.8,0.9984962406015038,0.8,0.8992481203007519,0.8000000000000002,0.7984962406015037,8,2,1328,2
15,0.35,0.7,False,0.8,0.9984962406015038,0.8,0.8992481203007519,0.8000000000000002,0.7984962406015037,8,2,1328,2
15,0.35,0.8,True,0.9,0.9984962406015038,0.8181818181818182,0.9492481203007519,0.8571428571428572,0.8570047948283871,9,2,1328,1
15,0.35,0.8,False,0.9,0.9984962406015038,0.8181818181818182,0.9492481203007519,0.8571428571428572,0.8570047948283871,9,2,1328,1
15,0.35,0.9,True,0.9,0.9984962406015038,0.8181818181818182,0.9492481203007519,0.8571428571428572,0.8570047948283871,9,2,1328,1
15,0.35,0.9,False,0.9,0.9984962406015038,0.8181818181818182,0.9492481203007519,0.8571428571428572,0.8570047948283871,9,2,1328,1
15,0.35,1.0,True,0.9,0.9984962406015038,0.8181818181818182,0.9492481203007519,0.8571428571428572,0.8570047948283871,9,2,1328,1
15,0.35,1.0,False,0.9,0.9984962406015038,0.8181818181818182,0.9492481203007519,0.8571428571428572,0.8570047948283871,9,2,1328,1
15,0.4,0.1,True,0.1,1.0,1.0,0.55,0.18181818181818182,0.3151632221713219,1,0,1330,9
15,0.4,0.1,False,0.1,1.0,1.0,0.55,0.18181818181818182,0.3151632221713219,1,0,1330,9
15,0.4,0.2,True,0.3,1.0,1.0,0.65,0.4615384615384615,0.5462868471524166,3,0,1330,7
15,0.4,0.2,False,0.4,1.0,1.0,0.7,0.5714285714285715,0.6310337493465553,4,0,1330,6
15,0.4,0.3,True,0.5,1.0,1.0,0.75,0.6666666666666666,0.7057813689974891,5,0,1330,5
15,0.4,0.3,False,0.6,1.0,1.0,0.8,0.7499999999999999,0.7734344830366855,6,0,1330,4
15,0.4,0.4,True,0.7,1.0,1.0,0.85,0.8235294117647058,0.8357180183240863,7,0,1330,3
15,0.4,0.4,False,0.8,1.0,1.0,0.9,0.888888888888889,0.8937554468638492,8,0,1330,2
15,0.4,0.5,True,0.7,1.0,1.0,0.85,0.8235294117647058,0.8357180183240863,7,0,1330,3
15,0.4,0.5,False,0.8,1.0,1.0,0.9,0.888888888888889,0.8937554468638492,8,0,1330,2
15,0.4,0.6,True,0.9,1.0,1.0,0.95,0.9473684210526316,0.9483268511853856,9,0,1330,1
15,0.4,0.6,False,1.0,0.9984962406015038,0.8333333333333334,0.9992481203007519,0.9090909090909091,0.9121843018278999,10,2,1328,0
15,0.4,0.7,True,0.9,0.9984962406015038,0.8181818181818182,0.9492481203007519,0.8571428571428572,0.8570047948283871,9,2,1328,1
15,0.4,0.7,False,1.0,0.9984962406015038,0.8333333333333334,0.9992481203007519,0.9090909090909091,0.9121843018278999,10,2,1328,0
15,0.4,0.8,True,0.9,0.9984962406015038,0.8181818181818182,0.9492481203007519,0.8571428571428572,0.8570047948283871,9,2,1328,1
15,0.4,0.8,False,1.0,0.9984962406015038,0.8333333333333334,0.9992481203007519,0.9090909090909091,0.9121843018278999,10,2,1328,0
15,0.4,0.9,True,0.9,0.9984962406015038,0.8181818181818182,0.9492481203007519,0.8571428571428572,0.8570047948283871,9,2,1328,1
15,0.4,0.9,False,1.0,0.9984962406015038,0.8333333333333334,0.9992481203007519,0.9090909090909091,0.9121843018278999,10,2,1328,0
15,0.4,1.0,True,0.9,0.9984962406015038,0.8181818181818182,0.9492481203007519,0.8571428571428572,0.8570047948283871,9,2,1328,1
15,0.4,1.0,False,1.0,0.9984962406015038,0.8333333333333334,0.9992481203007519,0.9090909090909091,0.9121843018278999,10,2,1328,0
15,0.45,0.1,True,0.2,1.0,1.0,0.6,0.33333333333333337,0.4458746296340156,2,0,1330,8
15,0.45,0.1,False,0.2,1.0,1.0,0.6,0.33333333333333337,0.4458746296340156,2,0,1330,8
15,0.45,0.2,True,0.5,1.0,1.0,0.75,0.6666666666666666,0.7057813689974891,5,0,1330,5
15,0.45,0.2,False,0.6,1.0,1.0,0.8,0.7499999999999999,0.7734344830366855,6,0,1330,4
15,0.45,0.3,True,0.7,1.0,1.0,0.85,0.8235294117647058,0.8357180183240863,7,0,1330,3
15,0.45,0.3,False,0.8,1.0,1.0,0.9,0.888888888888889,0.8937554468638492,8,0,1330,2
15,0.45,0.4,True,0.7,1.0,1.0,0.85,0.8235294117647058,0.8357180183240863,7,0,1330,3
15,0.45,0.4,False,0.8,1.0,1.0,0.9,0.888888888888889,0.8937554468638492,8,0,1330,2
15,0.45,0.5,True,0.9,1.0,1.0,0.95,0.9473684210526316,0.9483268511853856,9,0,1330,1
15,0.45,0.5,False,1.0,1.0,1.0,1.0,1.0,1.0,10,0,1330,0
15,0.45,0.6,True,0.9,1.0,1.0,0.95,0.9473684210526316,0.9483268511853856,9,0,1330,1
15,0.45,0.6,False,1.0,0.9984962406015038,0.8333333333333334,0.9992481203007519,0.9090909090909091,0.9121843018278999,10,2,1328,0
15,0.45,0.7,True,0.9,0.9984962406015038,0.8181818181818182,0.9492481203007519,0.8571428571428572,0.8570047948283871,9,2,1328,1
15,0.45,0.7,False,1.0,0.9984962406015038,0.8333333333333334,0.9992481203007519,0.9090909090909091,0.9121843018278999,10,2,1328,0
15,0.45,0.8,True,0.9,0.9984962406015038,0.8181818181818182,0.9492481203007519,0.8571428571428572,0.8570047948283871,9,2,1328,1
15,0.45,0.8,False,1.0,0.9984962406015038,0.8333333333333334,0.9992481203007519,0.9090909090909091,0.9121843018278999,10,2,1328,0
15,0.45,0.9,True,0.9,0.9984962406015038,0.8181818181818182,0.9492481203007519,0.8571428571428572,0.8570047948283871,9,2,1328,1
15,0.45,0.9,False,1.0,0.9984962406015038,0.8333333333333334,0.9992481203007519,0.9090909090909091,0.9121843018278999,10,2,1328,0
15,0.45,1.0,True,0.9,0.9984962406015038,0.8181818181818182,0.9492481203007519,0.8571428571428572,0.8570047948283871,9,2,1328,1
15,0.45,1.0,False,1.0,0.9984962406015038,0.8333333333333334,0.9992481203007519,0.9090909090909091,0.9121843018278999,10,2,1328,0
15,0.5,0.1,True,0.4,1.0,1.0,0.7,0.5714285714285715,0.6310337493465553,4,0,1330,6
15,0.5,0.1,False,0.4,1.0,1.0,0.7,0.5714285714285715,0.6310337493465553,4,0,1330,6
15,0.5,0.2,True,0.9,1.0,1.0,0.95,0.9473684210526316,0.9483268511853856,9,0,1330,1
15,0.5,0.2,False,0.9,1.0,1.0,0.95,0.9473684210526316,0.9483268511853856,9,0,1330,1
15,0.5,0.3,True,0.9,1.0,1.0,0.95,0.9473684210526316,0.9483268511853856,9,0,1330,1
15,0.5,0.3,False,0.9,1.0,1.0,0.95,0.9473684210526316,0.9483268511853856,9,0,1330,1
15,0.5,0.4,True,1.0,1.0,1.0,1.0,1.0,1.0,10,0,1330,0
15,0.5,0.4,False,1.0,1.0,1.0,1.0,1.0,1.0,10,0,1330,0
15,0.5,0.5,True,1.0,1.0,1.0,1.0,1.0,1.0,10,0,1330,0
15,0.5,0.5,False,1.0,1.0,1.0,1.0,1.0,1.0,10,0,1330,0
15,0.5,0.6,True,1.0,1.0,1.0,1.0,1.0,1.0,10,0,1330,0
15,0.5,0.6,False,1.0,0.9984962406015038,0.8333333333333334,0.9992481203007519,0.9090909090909091,0.9121843018278999,10,2,1328,0
15,0.5,0.7,True,1.0,1.0,1.0,1.0,1.0,1.0,10,0,1330,0
15,0.5,0.7,False,1.0,0.9984962406015038,0.8333333333333334,0.9992481203007519,0.9090909090909091,0.9121843018278999,10,2,1328,0
15,0.5,0.8,True,1.0,1.0,1.0,1.0,1.0,1.0,10,0,1330,0
15,0.5,0.8,False,1.0,0.9984962406015038,0.8333333333333334,0.9992481203007519,0.9090909090909091,0.9121843018278999,10,2,1328,0
15,0.5,0.9,True,1.0,0.9984962406015038,0.8333333333333334,0.9992481203007519,0.9090909090909091,0.9121843018278999,10,2,1328,0
15,0.5,0.9,False,1.0,0.9984962406015038,0.8333333333333334,0.9992481203007519,0.9090909090909091,0.9121843018278999,10,2,1328,0
15,0.5,1.0,True,1.0,0.9984962406015038,0.8333333333333334,0.9992481203007519,0.9090909090909091,0.9121843018278999,10,2,1328,0
15,0.5,1.0,False,1.0,0.9984962406015038,0.8333333333333334,0.9992481203007519,0.9090909090909091,0.9121843018278999,10,2,1328,0
15,0.55,0.1,True,0.8,1.0,1.0,0.9,0.888888888888889,0.8937554468638492,8,0,1330,2
15,0.55,0.1,False,0.8,1.0,1.0,0.9,0.888888888888889,0.8937554468638492,8,0,1330,2
15,0.55,0.2,True,0.9,1.0,1.0,0.95,0.9473684210526316,0.9483268511853856,9,0,1330,1
15,0.55,0.2,False,0.9,1.0,1.0,0.95,0.9473684210526316,0.9483268511853856,9,0,1330,1
15,0.55,0.3,True,0.9,1.0,1.0,0.95,0.9473684210526316,0.9483268511853856,9,0,1330,1
15,0.55,0.3,False,0.9,1.0,1.0,0.95,0.9473684210526316,0.9483268511853856,9,0,1330,1
15,0.55,0.4,True,1.0,1.0,1.0,1.0,1.0,1.0,10,0,1330,0
15,0.55,0.4,False,1.0,1.0,1.0,1.0,1.0,1.0,10,0,1330,0
15,0.55,0.5,True,1.0,1.0,1.0,1.0,1.0,1.0,10,0,1330,0
15,0.55,0.5,False,1.0,0.9984962406015038,0.8333333333333334,0.9992481203007519,0.9090909090909091,0.9121843018278999,10,2,1328,0
15,0.55,0.6,True,1.0,1.0,1.0,1.0,1.0,1.0,10,0,1330,0
15,0.55,0.6,False,1.0,0.9984962406015038,0.8333333333333334,0.9992481203007519,0.9090909090909091,0.9121843018278999,10,2,1328,0
15,0.55,0.7,True,1.0,1.0,1.0,1.0,1.0,1.0,10,0,1330,0
15,0.55,0.7,False,1.0,0.9984962406015038,0.8333333333333334,0.9992481203007519,0.9090909090909091,0.9121843018278999,10,2,1328,0
15,0.55,0.8,True,1.0,1.0,1.0,1.0,1.0,1.0,10,0,1330,0
15,0.55,0.8,False,1.0,0.9984962406015038,0.8333333333333334,0.9992481203007519,0.9090909090909091,0.9121843018278999,10,2,1328,0
15,0.55,0.9,True,1.0,0.9984962406015038,0.8333333333333334,0.9992481203007519,0.9090909090909091,0.9121843018278999,10,2,1328,0
15,0.55,0.9,False,1.0,0.9969924812030075,0.7142857142857143,0.9984962406015038,0.8333333333333333,0.8438823890647184,10,4,1326,0
15,0.55,1.0,True,1.0,0.9984962406015038,0.8333333333333334,0.9992481203007519,0.9090909090909091,0.9121843018278999,10,2,1328,0
15,0.55,1.0,False,1.0,0.9969924812030075,0.7142857142857143,0.9984962406015038,0.8333333333333333,0.8438823890647184,10,4,1326,0
15,0.6,0.1,True,0.8,1.0,1.0,0.9,0.888888888888889,0.8937554468638492,8,0,1330,2
15,0.6,0.1,False,0.8,1.0,1.0,0.9,0.888888888888889,0.8937554468638492,8,0,1330,2
15,0.6,0.2,True,0.9,1.0,1.0,0.95,0.9473684210526316,0.9483268511853856,9,0,1330,1
15,0.6,0.2,False,0.9,1.0,1.0,0.95,0.9473684210526316,0.9483268511853856,9,0,1330,1
15,0.6,0.3,True,0.9,1.0,1.0,0.95,0.9473684210526316,0.9483268511853856,9,0,1330,1
15,0.6,0.3,False,0.9,1.0,1.0,0.95,0.9473684210526316,0.9483268511853856,9,0,1330,1
15,0.6,0.4,True,1.0,1.0,1.0,1.0,1.0,1.0,10,0,1330,0
15,0.6,0.4,False,1.0,1.0,1.0,1.0,1.0,1.0,10,0,1330,0
15,0.6,0.5,True,1.0,1.0,1.0,1.0,1.0,1.0,10,0,1330,0
15,0.6,0.5,False,1.0,0.9984962406015038,0.8333333333333334,0.9992481203007519,0.9090909090909091,0.9121843018278999,10,2,1328,0
15,0.6,0.6,True,1.0,1.0,1.0,1.0,1.0,1.0,10,0,1330,0
15,0.6,0.6,False,1.0,0.9984962406015038,0.8333333333333334,0.9992481203007519,0.9090909090909091,0.9121843018278999,10,2,1328,0
15,0.6,0.7,True,1.0,1.0,1.0,1.0,1.0,1.0,10,0,1330,0
15,0.6,0.7,False,1.0,0.9984962406015038,0.8333333333333334,0.9992481203007519,0.9090909090909091,0.9121843018278999,10,2,1328,0
15,0.6,0.8,True,1.0,1.0,1.0,1.0,1.0,1.0,10,0,1330,0
15,0.6,0.8,False,1.0,0.9984962406015038,0.8333333333333334,0.9992481203007519,0.9090909090909091,0.9121843018278999,10,2,1328,0
15,0.6,0.9,True,1.0,0.9969924812030075,0.7142857142857143,0.9984962406015038,0.8333333333333333,0.8438823890647184,10,4,1326,0
15,0.6,0.9,False,1.0,0.9954887218045113,0.625,0.9977443609022556,0.7692307692307693,0.7887841600386126,10,6,1324,0
15,0.6,1.0,True,1.0,0.9969924812030075,0.7142857142857143,0.9984962406015038,0.8333333333333333,0.8438823890647184,10,4,1326,0
15,0.6,1.0,False,1.0,0.9954887218045113,0.625,0.9977443609022556,0.7692307692307693,0.7887841600386126,10,6,1324,0
15,0.65,0.1,True,0.9,1.0,1.0,0.95,0.9473684210526316,0.9483268511853856,9,0,1330,1
15,0.65,0.1,False,0.9,1.0,1.0,0.95,0.9473684210526316,0.9483268511853856,9,0,1330,1
15,0.65,0.2,True,1.0,1.0,1.0,1.0,1.0,1.0,10,0,1330,0
15,0.65,0.2,False,1.0,1.0,1.0,1.0,1.0,1.0,10,0,1330,0
15,0.65,0.3,True,1.0,1.0,1.0,1.0,1.0,1.0,10,0,1330,0
15,0.65,0.3,False,1.0,1.0,1.0,1.0,1.0,1.0,10,0,1330,0
15,0.65,0.4,True,1.0,1.0,1.0,1.0,1.0,1.0,10,0,1330,0
15,0.65,0.4,False,1.0,1.0,1.0,1.0,1.0,1.0,10,0,1330,0
15,0.65,0.5,True,1.0,1.0,1.0,1.0,1.0,1.0,10,0,1330,0
15,0.65,0.5,False,1.0,0.9984962406015038,0.8333333333333334,0.9992481203007519,0.9090909090909091,0.9121843018278999,10,2,1328,0
15,0.65,0.6,True,1.0,1.0,1.0,1.0,1.0,1.0,10,0,1330,0
15,0.65,0.6,False,1.0,0.9984962406015038,0.8333333333333334,0.9992481203007519,0.9090909090909091,0.9121843018278999,10,2,1328,0
15,0.65,0.7,True,1.0,0.9984962406015038,0.8333333333333334,0.9992481203007519,0.9090909090909091,0.9121843018278999,10,2,1328,0
15,0.65,0.7,False,1.0,0.9969924812030075,0.7142857142857143,0.9984962406015038,0.8333333333333333,0.8438823890647184,10,4,1326,0
15,0.65,0.8,True,1.0,0.9984962406015038,0.8333333333333334,0.9992481203007519,0.9090909090909091,0.9121843018278999,10,2,1328,0
15,0.65,0.8,False,1.0,0.9969924812030075,0.7142857142857143,0.9984962406015038,0.8333333333333333,0.8438823890647184,10,4,1326,0
15,0.65,0.9,True,1.0,0.9969924812030075,0.7142857142857143,0.9984962406015038,0.8333333333333333,0.8438823890647184,10,4,1326,0
15,0.65,0.9,False,1.0,0.9954887218045113,0.625,0.9977443609022556,0.7692307692307693,0.7887841600386126,10,6,1324,0
15,0.65,1.0,True,1.0,0.9969924812030075,0.7142857142857143,0.9984962406015038,0.8333333333333333,0.8438823890647184,10,4,1326,0
15,0.65,1.0,False,1.0,0.9954887218045113,0.625,0.9977443609022556,0.7692307692307693,0.7887841600386126,10,6,1324,0
15,0.7,0.1,True,0.8,1.0,1.0,0.9,0.888888888888889,0.8937554468638492,8,0,1330,2
15,0.7,0.1,False,0.9,1.0,1.0,0.95,0.9473684210526316,0.9483268511853856,9,0,1330,1
15,0.7,0.2,True,0.9,1.0,1.0,0.95,0.9473684210526316,0.9483268511853856,9,0,1330,1
15,0.7,0.2,False,1.0,1.0,1.0,1.0,1.0,1.0,10,0,1330,0
15,0.7,0.3,True,0.9,1.0,1.0,0.95,0.9473684210526316,0.9483268511853856,9,0,1330,1
15,0.7,0.3,False,1.0,1.0,1.0,1.0,1.0,1.0,10,0,1330,0
15,0.7,0.4,True,0.9,1.0,1.0,0.95,0.9473684210526316,0.9483268511853856,9,0,1330,1
15,0.7,0.4,False,1.0,0.9984962406015038,0.8333333333333334,0.9992481203007519,0.9090909090909091,0.9121843018278999,10,2,1328,0
15,0.7,0.5,True,0.9,1.0,1.0,0.95,0.9473684210526316,0.9483268511853856,9,0,1330,1
15,0.7,0.5,False,1.0,0.9984962406015038,0.8333333333333334,0.9992481203007519,0.9090909090909091,0.9121843018278999,10,2,1328,0
15,0.7,0.6,True,0.9,1.0,1.0,0.95,0.9473684210526316,0.9483268511853856,9,0,1330,1
15,0.7,0.6,False,1.0,0.9984962406015038,0.8333333333333334,0.9992481203007519,0.9090909090909091,0.9121843018278999,10,2,1328,0
15,0.7,0.7,True,0.9,0.9984962406015038,0.8181818181818182,0.9492481203007519,0.8571428571428572,0.8570047948283871,9,2,1328,1
15,0.7,0.7,False,1.0,0.9969924812030075,0.7142857142857143,0.9984962406015038,0.8333333333333333,0.8438823890647184,10,4,1326,0
15,0.7,0.8,True,0.9,0.9984962406015038,0.8181818181818182,0.9492481203007519,0.8571428571428572,0.8570047948283871,9,2,1328,1
15,0.7,0.8,False,1.0,0.9969924812030075,0.7142857142857143,0.9984962406015038,0.8333333333333333,0.8438823890647184,10,4,1326,0
15,0.7,0.9,True,0.9,0.9969924812030075,0.6923076923076923,0.9484962406015038,0.7826086956521738,0.7876032246830574,9,4,1326,1
15,0.7,0.9,False,1.0,0.9969924812030075,0.7142857142857143,0.9984962406015038,0.8333333333333333,0.8438823890647184,10,4,1326,0
15,0.7,1.0,True,0.9,0.9969924812030075,0.6923076923076923,0.9484962406015038,0.7826086956521738,0.7876032246830574,9,4,1326,1
15,0.7,1.0,False,1.0,0.9969924812030075,0.7142857142857143,0.9984962406015038,0.8333333333333333,0.8438823890647184,10,4,1326,0
15,0.75,0.1,True,0.9,1.0,1.0,0.95,0.9473684210526316,0.9483268511853856,9,0,1330,1
15,0.75,0.1,False,1.0,1.0,1.0,1.0,1.0,1.0,10,0,1330,0
15,0.75,0.2,True,0.9,1.0,1.0,0.95,0.9473684210526316,0.9483268511853856,9,0,1330,1
15,0.75,0.2,False,1.0,1.0,1.0,1.0,1.0,1.0,10,0,1330,0
15,0.75,0.3,True,0.9,1.0,1.0,0.95,0.9473684210526316,0.9483268511853856,9,0,1330,1
15,0.75,0.3,False,1.0,1.0,1.0,1.0,1.0,1.0,10,0,1330,0
15,0.75,0.4,True,0.9,1.0,1.0,0.95,0.9473684210526316,0.9483268511853856,9,0,1330,1
15,0.75,0.4,False,1.0,0.9984962406015038,0.8333333333333334,0.9992481203007519,0.9090909090909091,0.9121843018278999,10,2,1328,0
15,0.75,0.5,True,0.9,1.0,1.0,0.95,0.9473684210526316,0.9483268511853856,9,0,1330,1
15,0.75,0.5,False,1.0,0.9984962406015038,0.8333333333333334,0.9992481203007519,0.9090909090909091,0.9121843018278999,10,2,1328,0
15,0.75,0.6,True,0.9,0.9984962406015038,0.8181818181818182,0.9492481203007519,0.8571428571428572,0.8570047948283871,9,2,1328,1
15,0.75,0.6,False,1.0,0.9969924812030075,0.7142857142857143,0.9984962406015038,0.8333333333333333,0.8438823890647184,10,4,1326,0
15,0.75,0.7,True,0.9,0.9984962406015038,0.8181818181818182,0.9492481203007519,0.8571428571428572,0.8570047948283871,9,2,1328,1
15,0.75,0.7,False,1.0,0.9969924812030075,0.7142857142857143,0.9984962406015038,0.8333333333333333,0.8438823890647184,10,4,1326,0
15,0.75,0.8,True,0.9,0.9977443609022556,0.75,0.9488721804511278,0.8181818181818182,0.8201416087217714,9,3,1327,1
15,0.75,0.8,False,1.0,0.9954887218045113,0.625,0.9977443609022556,0.7692307692307693,0.7887841600386126,10,6,1324,0
15,0.75,0.9,True,0.9,0.9954887218045113,0.6,0.9477443609022557,0.7200000000000001,0.7325417343318732,9,6,1324,1
15,0.75,0.9,False,1.0,0.9939849624060151,0.5555555555555556,0.9969924812030075,0.7142857142857143,0.7431109392300329,10,8,1322,0
15,0.75,1.0,True,0.9,0.9954887218045113,0.6,0.9477443609022557,0.7200000000000001,0.7325417343318732,9,6,1324,1
15,0.75,1.0,False,1.0,0.9939849624060151,0.5555555555555556,0.9969924812030075,0.7142857142857143,0.7431109392300329,10,8,1322,0
15,0.8,0.1,True,0.9,1.0,1.0,0.95,0.9473684210526316,0.9483268511853856,9,0,1330,1
15,0.8,0.1,False,1.0,1.0,1.0,1.0,1.0,1.0,10,0,1330,0
15,0.8,0.2,True,0.9,1.0,1.0,0.95,0.9473684210526316,0.9483268511853856,9,0,1330,1
15,0.8,0.2,False,1.0,1.0,1.0,1.0,1.0,1.0,10,0,1330,0
15,0.8,0.3,True,0.9,1.0,1.0,0.95,0.9473684210526316,0.9483268511853856,9,0,1330,1
15,0.8,0.3,False,1.0,1.0,1.0,1.0,1.0,1.0,10,0,1330,0
15,0.8,0.4,True,0.9,1.0,1.0,0.95,0.9473684210526316,0.9483268511853856,9,0,1330,1
15,0.8,0.4,False,1.0,0.9984962406015038,0.8333333333333334,0.9992481203007519,0.9090909090909091,0.9121843018278999,10,2,1328,0
15,0.8,0.5,True,0.9,1.0,1.0,0.95,0.9473684210526316,0.9483268511853856,9,0,1330,1
15,0.8,0.5,False,1.0,0.9984962406015038,0.8333333333333334,0.9992481203007519,0.9090909090909091,0.9121843018278999,10,2,1328,0
15,0.8,0.6,True,0.9,0.9984962406015038,0.8181818181818182,0.9492481203007519,0.8571428571428572,0.8570047948283871,9,2,1328,1
15,0.8,0.6,False,1.0,0.9939849624060151,0.5555555555555556,0.9969924812030075,0.7142857142857143,0.7431109392300329,10,8,1322,0
15,0.8,0.7,True,0.9,0.9969924812030075,0.6923076923076923,0.9484962406015038,0.7826086956521738,0.7876032246830574,9,4,1326,1
15,0.8,0.7,False,1.0,0.9939849624060151,0.5555555555555556,0.9969924812030075,0.7142857142857143,0.7431109392300329,10,8,1322,0
15,0.8,0.8,True,0.9,0.9969924812030075,0.6923076923076923,0.9484962406015038,0.7826086956521738,0.7876032246830574,9,4,1326,1
15,0.8,0.8,False,1.0,0.9939849624060151,0.5555555555555556,0.9969924812030075,0.7142857142857143,0.7431109392300329,10,8,1322,0
15,0.8,0.9,True,0.9,0.9969924812030075,0.6923076923076923,0.9484962406015038,0.7826086956521738,0.7876032246830574,9,4,1326,1
15,0.8,0.9,False,1.0,0.9939849624060151,0.5555555555555556,0.9969924812030075,0.7142857142857143,0.7431109392300329,10,8,1322,0
15,0.8,1.0,True,0.9,0.9969924812030075,0.6923076923076923,0.9484962406015038,0.7826086956521738,0.7876032246830574,9,4,1326,1
15,0.8,1.0,False,1.0,0.9939849624060151,0.5555555555555556,0.9969924812030075,0.7142857142857143,0.7431109392300329,10,8,1322,0
15,0.85,0.1,True,0.9,1.0,1.0,0.95,0.9473684210526316,0.9483268511853856,9,0,1330,1
15,0.85,0.1,False,1.0,1.0,1.0,1.0,1.0,1.0,10,0,1330,0
15,0.85,0.2,True,0.9,1.0,1.0,0.95,0.9473684210526316,0.9483268511853856,9,0,1330,1
15,0.85,0.2,False,1.0,0.9977443609022556,0.7692307692307693,0.9988721804511278,0.8695652173913044,0.8760682976985895,10,3,1327,0
15,0.85,0.3,True,0.9,1.0,1.0,0.95,0.9473684210526316,0.9483268511853856,9,0,1330,1
15,0.85,0.3,False,1.0,0.9962406015037594,0.6666666666666666,0.9981203007518797,0.8,0.814960367749565,10,5,1325,0
15,0.85,0.4,True,0.9,1.0,1.0,0.95,0.9473684210526316,0.9483268511853856,9,0,1330,1
15,0.85,0.4,False,1.0,0.9962406015037594,0.6666666666666666,0.9981203007518797,0.8,0.814960367749565,10,5,1325,0
15,0.85,0.5,True,0.9,0.9984962406015038,0.8181818181818182,0.9492481203007519,0.8571428571428572,0.8570047948283871,9,2,1328,1
15,0.85,0.5,False,1.0,0.9947368421052631,0.5882352941176471,0.9973684210526316,0.7407407407407407,0.7649439972216586,10,7,1323,0
15,0.85,0.6,True,0.9,0.9984962406015038,0.8181818181818182,0.9492481203007519,0.8571428571428572,0.8570047948283871,9,2,1328,1
15,0.85,0.6,False,1.0,0.9932330827067669,0.5263157894736842,0.9966165413533834,0.6896551724137931,0.7230174645582174,10,9,1321,0
15,0.85,0.7,True,0.9,0.9984962406015038,0.8181818181818182,0.9492481203007519,0.8571428571428572,0.8570047948283871,9,2,1328,1
15,0.85,0.7,False,1.0,0.9932330827067669,0.5263157894736842,0.9966165413533834,0.6896551724137931,0.7230174645582174,10,9,1321,0
15,0.85,0.8,True,0.9,0.9984962406015038,0.8181818181818182,0.9492481203007519,0.8571428571428572,0.8570047948283871,9,2,1328,1
15,0.85,0.8,False,1.0,0.9932330827067669,0.5263157894736842,0.9966165413533834,0.6896551724137931,0.7230174645582174,10,9,1321,0
15,0.85,0.9,True,0.9,0.9984962406015038,0.8181818181818182,0.9492481203007519,0.8571428571428572,0.8570047948283871,9,2,1328,1
15,0.85,0.9,False,1.0,0.9932330827067669,0.5263157894736842,0.9966165413533834,0.6896551724137931,0.7230174645582174,10,9,1321,0
15,0.85,1.0,True,0.9,0.9984962406015038,0.8181818181818182,0.9492481203007519,0.8571428571428572,0.8570047948283871,9,2,1328,1
15,0.85,1.0,False,1.0,0.9932330827067669,0.5263157894736842,0.9966165413533834,0.6896551724137931,0.7230174645582174,10,9,1321,0
15,0.9,0.1,True,0.9,1.0,1.0,0.95,0.9473684210526316,0.9483268511853856,9,0,1330,1
15,0.9,0.1,False,1.0,0.9977443609022556,0.7692307692307693,0.9988721804511278,0.8695652173913044,0.8760682976985895,10,3,1327,0
15,0.9,0.2,True,0.9,1.0,1.0,0.95,0.9473684210526316,0.9483268511853856,9,0,1330,1
15,0.9,0.2,False,1.0,0.9977443609022556,0.7692307692307693,0.9988721804511278,0.8695652173913044,0.8760682976985895,10,3,1327,0
15,0.9,0.3,True,0.9,1.0,1.0,0.95,0.9473684210526316,0.9483268511853856,9,0,1330,1
15,0.9,0.3,False,1.0,0.9962406015037594,0.6666666666666666,0.9981203007518797,0.8,0.814960367749565,10,5,1325,0
15,0.9,0.4,True,0.9,1.0,1.0,0.95,0.9473684210526316,0.9483268511853856,9,0,1330,1
15,0.9,0.4,False,1.0,0.9947368421052631,0.5882352941176471,0.9973684210526316,0.7407407407407407,0.7649439972216586,10,7,1323,0
15,0.9,0.5,True,0.9,0.9984962406015038,0.8181818181818182,0.9492481203007519,0.8571428571428572,0.8570047948283871,9,2,1328,1
15,0.9,0.5,False,1.0,0.9947368421052631,0.5882352941176471,0.9973684210526316,0.7407407407407407,0.7649439972216586,10,7,1323,0
15,0.9,0.6,True,0.9,0.9984962406015038,0.8181818181818182,0.9492481203007519,0.8571428571428572,0.8570047948283871,9,2,1328,1
15,0.9,0.6,False,1.0,0.9947368421052631,0.5882352941176471,0.9973684210526316,0.7407407407407407,0.7649439972216586,10,7,1323,0
15,0.9,0.7,True,0.9,0.9984962406015038,0.8181818181818182,0.9492481203007519,0.8571428571428572,0.8570047948283871,9,2,1328,1
15,0.9,0.7,False,1.0,0.9947368421052631,0.5882352941176471,0.9973684210526316,0.7407407407407407,0.7649439972216586,10,7,1323,0
15,0.9,0.8,True,0.9,0.9984962406015038,0.8181818181818182,0.9492481203007519,0.8571428571428572,0.8570047948283871,9,2,1328,1
15,0.9,0.8,False,1.0,0.9947368421052631,0.5882352941176471,0.9973684210526316,0.7407407407407407,0.7649439972216586,10,7,1323,0
15,0.9,0.9,True,0.9,0.9984962406015038,0.8181818181818182,0.9492481203007519,0.8571428571428572,0.8570047948283871,9,2,1328,1
15,0.9,0.9,False,1.0,0.9947368421052631,0.5882352941176471,0.9973684210526316,0.7407407407407407,0.7649439972216586,10,7,1323,0
15,0.9,1.0,True,0.9,0.9984962406015038,0.8181818181818182,0.9492481203007519,0.8571428571428572,0.8570047948283871,9,2,1328,1
15,0.9,1.0,False,1.0,0.9947368421052631,0.5882352941176471,0.9973684210526316,0.7407407407407407,0.7649439972216586,10,7,1323,0
15,0.95,0.1,True,0.9,1.0,1.0,0.95,0.9473684210526316,0.9483268511853856,9,0,1330,1
15,0.95,0.1,False,1.0,0.9977443609022556,0.7692307692307693,0.9988721804511278,0.8695652173913044,0.8760682976985895,10,3,1327,0
15,0.95,0.2,True,0.9,1.0,1.0,0.95,0.9473684210526316,0.9483268511853856,9,0,1330,1
15,0.95,0.2,False,1.0,0.9977443609022556,0.7692307692307693,0.9988721804511278,0.8695652173913044,0.8760682976985895,10,3,1327,0
15,0.95,0.3,True,0.9,1.0,1.0,0.95,0.9473684210526316,0.9483268511853856,9,0,1330,1
15,0.95,0.3,False,1.0,0.9932330827067669,0.5263157894736842,0.9966165413533834,0.6896551724137931,0.7230174645582174,10,9,1321,0
15,0.95,0.4,True,0.9,1.0,1.0,0.95,0.9473684210526316,0.9483268511853856,9,0,1330,1
15,0.95,0.4,False,1.0,0.9932330827067669,0.5263157894736842,0.9966165413533834,0.6896551724137931,0.7230174645582174,10,9,1321,0
15,0.95,0.5,True,0.9,1.0,1.0,0.95,0.9473684210526316,0.9483268511853856,9,0,1330,1
15,0.95,0.5,False,1.0,0.9932330827067669,0.5263157894736842,0.9966165413533834,0.6896551724137931,0.7230174645582174,10,9,1321,0
15,0.95,0.6,True,0.9,1.0,1.0,0.95,0.9473684210526316,0.9483268511853856,9,0,1330,1
15,0.95,0.6,False,1.0,0.9932330827067669,0.5263157894736842,0.9966165413533834,0.6896551724137931,0.7230174645582174,10,9,1321,0
15,0.95,0.7,True,0.9,1.0,1.0,0.95,0.9473684210526316,0.9483268511853856,9,0,1330,1
15,0.95,0.7,False,1.0,0.9932330827067669,0.5263157894736842,0.9966165413533834,0.6896551724137931,0.7230174645582174,10,9,1321,0
15,0.95,0.8,True,0.9,1.0,1.0,0.95,0.9473684210526316,0.9483268511853856,9,0,1330,1
15,0.95,0.8,False,1.0,0.9932330827067669,0.5263157894736842,0.9966165413533834,0.6896551724137931,0.7230174645582174,10,9,1321,0
15,0.95,0.9,True,0.9,1.0,1.0,0.95,0.9473684210526316,0.9483268511853856,9,0,1330,1
15,0.95,0.9,False,1.0,0.9932330827067669,0.5263157894736842,0.9966165413533834,0.6896551724137931,0.7230174645582174,10,9,1321,0
15,0.95,1.0,True,0.9,1.0,1.0,0.95,0.9473684210526316,0.9483268511853856,9,0,1330,1
15,0.95,1.0,False,1.0,0.9932330827067669,0.5263157894736842,0.9966165413533834,0.6896551724137931,0.7230174645582174,10,9,1321,0
15,1.0,0.1,True,0.9,1.0,1.0,0.95,0.9473684210526316,0.9483268511853856,9,0,1330,1
15,1.0,0.1,False,1.0,0.9917293233082707,0.47619047619047616,0.9958646616541353,0.6451612903225806,0.6872059798329931,10,11,1319,0
15,1.0,0.2,True,0.9,1.0,1.0,0.95,0.9473684210526316,0.9483268511853856,9,0,1330,1
15,1.0,0.2,False,1.0,0.9917293233082707,0.47619047619047616,0.9958646616541353,0.6451612903225806,0.6872059798329931,10,11,1319,0
15,1.0,0.3,True,0.9,1.0,1.0,0.95,0.9473684210526316,0.9483268511853856,9,0,1330,1
15,1.0,0.3,False,1.0,0.9917293233082707,0.47619047619047616,0.9958646616541353,0.6451612903225806,0.6872059798329931,10,11,1319,0
15,1.0,0.4,True,0.9,1.0,1.0,0.95,0.9473684210526316,0.9483268511853856,9,0,1330,1
15,1.0,0.4,False,1.0,0.9917293233082707,0.47619047619047616,0.9958646616541353,0.6451612903225806,0.6872059798329931,10,11,1319,0
15,1.0,0.5,True,0.9,1.0,1.0,0.95,0.9473684210526316,0.9483268511853856,9,0,1330,1
15,1.0,0.5,False,1.0,0.9917293233082707,0.47619047619047616,0.9958646616541353,0.6451612903225806,0.6872059798329931,10,11,1319,0
15,1.0,0.6,True,0.9,1.0,1.0,0.95,0.9473684210526316,0.9483268511853856,9,0,1330,1
15,1.0,0.6,False,1.0,0.9917293233082707,0.47619047619047616,0.9958646616541353,0.6451612903225806,0.6872059798329931,10,11,1319,0
15,1.0,0.7,True,0.9,1.0,1.0,0.95,0.9473684210526316,0.9483268511853856,9,0,1330,1
15,1.0,0.7,False,1.0,0.9917293233082707,0.47619047619047616,0.9958646616541353,0.6451612903225806,0.6872059798329931,10,11,1319,0
15,1.0,0.8,True,0.9,1.0,1.0,0.95,0.9473684210526316,0.9483268511853856,9,0,1330,1
15,1.0,0.8,False,1.0,0.9917293233082707,0.47619047619047616,0.9958646616541353,0.6451612903225806,0.6872059798329931,10,11,1319,0
15,1.0,0.9,True,0.9,1.0,1.0,0.95,0.9473684210526316,0.9483268511853856,9,0,1330,1
15,1.0,0.9,False,1.0,0.9917293233082707,0.47619047619047616,0.9958646616541353,0.6451612903225806,0.6872059798329931,10,11,1319,0
15,1.0,1.0,True,0.9,1.0,1.0,0.95,0.9473684210526316,0.9483268511853856,9,0,1330,1
15,1.0,1.0,False,1.0,0.9917293233082707,0.47619047619047616,0.9958646616541353,0.6451612903225806,0.6872059798329931,10,11,1319,0
20,0.1,0.1,True,0.0,1.0,0.0,0.5,0.0,0.0,0,0,1330,10
20,0.1,0.1,False,0.0,1.0,0.0,0.5,0.0,0.0,0,0,1330,10
20,0.1,0.2,True,0.0,1.0,0.0,0.5,0.0,0.0,0,0,1330,10
20,0.1,0.2,False,0.0,1.0,0.0,0.5,0.0,0.0,0,0,1330,10
20,0.1,0.3,True,0.0,1.0,0.0,0.5,0.0,0.0,0,0,1330,10
20,0.1,0.3,False,0.0,1.0,0.0,0.5,0.0,0.0,0,0,1330,10
20,0.1,0.4,True,0.0,1.0,0.0,0.5,0.0,0.0,0,0,1330,10
20,0.1,0.4,False,0.0,1.0,0.0,0.5,0.0,0.0,0,0,1330,10
20,0.1,0.5,True,0.0,1.0,0.0,0.5,0.0,0.0,0,0,1330,10
20,0.1,0.5,False,0.0,1.0,0.0,0.5,0.0,0.0,0,0,1330,10
20,0.1,0.6,True,0.1,1.0,1.0,0.55,0.18181818181818182,0.3151632221713219,1,0,1330,9
20,0.1,0.6,False,0.1,1.0,1.0,0.55,0.18181818181818182,0.3151632221713219,1,0,1330,9
20,0.1,0.7,True,0.2,1.0,1.0,0.6,0.33333333333333337,0.4458746296340156,2,0,1330,8
20,0.1,0.7,False,0.2,1.0,1.0,0.6,0.33333333333333337,0.4458746296340156,2,0,1330,8
20,0.1,0.8,True,0.3,1.0,1.0,0.65,0.4615384615384615,0.5462868471524166,3,0,1330,7
20,0.1,0.8,False,0.3,1.0,1.0,0.65,0.4615384615384615,0.5462868471524166,3,0,1330,7
20,0.1,0.9,True,0.3,0.9992481203007518,0.75,0.6496240601503759,0.4285714285714285,0.47208915834573123,3,1,1329,7
20,0.1,0.9,False,0.3,0.9992481203007518,0.75,0.6496240601503759,0.4285714285714285,0.47208915834573123,3,1,1329,7
20,0.1,1.0,True,0.3,0.9992481203007518,0.75,0.6496240601503759,0.4285714285714285,0.47208915834573123,3,1,1329,7
20,0.1,1.0,False,0.3,0.9992481203007518,0.75,0.6496240601503759,0.4285714285714285,0.47208915834573123,3,1,1329,7
20,0.15,0.1,True,0.0,1.0,0.0,0.5,0.0,0.0,0,0,1330,10
20,0.15,0.1,False,0.0,1.0,0.0,0.5,0.0,0.0,0,0,1330,10
20,0.15,0.2,True,0.0,1.0,0.0,0.5,0.0,0.0,0,0,1330,10
20,0.15,0.2,False,0.0,1.0,0.0,0.5,0.0,0.0,0,0,1330,10
20,0.15,0.3,True,0.0,1.0,0.0,0.5,0.0,0.0,0,0,1330,10
20,0.15,0.3,False,0.0,1.0,0.0,0.5,0.0,0.0,0,0,1330,10
20,0.15,0.4,True,0.0,1.0,0.0,0.5,0.0,0.0,0,0,1330,10
20,0.15,0.4,False,0.0,1.0,0.0,0.5,0.0,0.0,0,0,1330,10
20,0.15,0.5,True,0.2,1.0,1.0,0.6,0.33333333333333337,0.4458746296340156,2,0,1330,8
20,0.15,0.5,False,0.2,1.0,1.0,0.6,0.33333333333333337,0.4458746296340156,2,0,1330,8
20,0.15,0.6,True,0.2,1.0,1.0,0.6,0.33333333333333337,0.4458746296340156,2,0,1330,8
20,0.15,0.6,False,0.2,1.0,1.0,0.6,0.33333333333333337,0.4458746296340156,2,0,1330,8
20,0.15,0.7,True,0.3,1.0,1.0,0.65,0.4615384615384615,0.5462868471524166,3,0,1330,7
20,0.15,0.7,False,0.3,1.0,1.0,0.65,0.4615384615384615,0.5462868471524166,3,0,1330,7
20,0.15,0.8,True,0.5,1.0,1.0,0.75,0.6666666666666666,0.7057813689974891,5,0,1330,5
20,0.15,0.8,False,0.5,1.0,1.0,0.75,0.6666666666666666,0.7057813689974891,5,0,1330,5
20,0.15,0.9,True,0.6,0.9977443609022556,0.6666666666666666,0.7988721804511278,0.631578947368421,0.6298411417647298,6,3,1327,4
20,0.15,0.9,False,0.6,0.9977443609022556,0.6666666666666666,0.7988721804511278,0.631578947368421,0.6298411417647298,6,3,1327,4
20,0.15,1.0,True,0.6,0.9977443609022556,0.6666666666666666,0.7988721804511278,0.631578947368421,0.6298411417647298,6,3,1327,4
20,0.15,1.0,False,0.6,0.9977443609022556,0.6666666666666666,0.7988721804511278,0.631578947368421,0.6298411417647298,6,3,1327,4
20,0.2,0.1,True,0.0,1.0,0.0,0.5,0.0,0.0,0,0,1330,10
20,0.2,0.1,False,0.0,1.0,0.0,0.5,0.0,0.0,0,0,1330,10
20,0.2,0.2,True,0.0,1.0,0.0,0.5,0.0,0.0,0,0,1330,10
20,0.2,0.2,False,0.0,1.0,0.0,0.5,0.0,0.0,0,0,1330,10
20,0.2,0.3,True,0.0,1.0,0.0,0.5,0.0,0.0,0,0,1330,10
20,0.2,0.3,False,0.0,1.0,0.0,0.5,0.0,0.0,0,0,1330,10
20,0.2,0.4,True,0.1,1.0,1.0,0.55,0.18181818181818182,0.3151632221713219,1,0,1330,9
20,0.2,0.4,False,0.1,1.0,1.0,0.55,0.18181818181818182,0.3151632221713219,1,0,1330,9
20,0.2,0.5,True,0.2,1.0,1.0,0.6,0.33333333333333337,0.4458746296340156,2,0,1330,8
20,0.2,0.5,False,0.2,1.0,1.0,0.6,0.33333333333333337,0.4458746296340156,2,0,1330,8
20,0.2,0.6,True,0.2,1.0,1.0,0.6,0.33333333333333337,0.4458746296340156,2,0,1330,8
20,0.2,0.6,False,0.2,1.0,1.0,0.6,0.33333333333333337,0.4458746296340156,2,0,1330,8
20,0.2,0.7,True,0.6,1.0,1.0,0.8,0.7499999999999999,0.7734344830366855,6,0,1330,4
20,0.2,0.7,False,0.6,1.0,1.0,0.8,0.7499999999999999,0.7734344830366855,6,0,1330,4
20,0.2,0.8,True,0.6,1.0,1.0,0.8,0.7499999999999999,0.7734344830366855,6,0,1330,4
20,0.2,0.8,False,0.6,1.0,1.0,0.8,0.7499999999999999,0.7734344830366855,6,0,1330,4
20,0.2,0.9,True,0.6,0.9977443609022556,0.6666666666666666,0.7988721804511278,0.631578947368421,0.6298411417647298,6,3,1327,4
20,0.2,0.9,False,0.6,0.9977443609022556,0.6666666666666666,0.7988721804511278,0.631578947368421,0.6298411417647298,6,3,1327,4
20,0.2,1.0,True,0.6,0.9977443609022556,0.6666666666666666,0.7988721804511278,0.631578947368421,0.6298411417647298,6,3,1327,4
20,0.2,1.0,False,0.6,0.9977443609022556,0.6666666666666666,0.7988721804511278,0.631578947368421,0.6298411417647298,6,3,1327,4
20,0.25,0.1,True,0.0,1.0,0.0,0.5,0.0,0.0,0,0,1330,10
20,0.25,0.1,False,0.0,1.0,0.0,0.5,0.0,0.0,0,0,1330,10
20,0.25,0.2,True,0.0,1.0,0.0,0.5,0.0,0.0,0,0,1330,10
20,0.25,0.2,False,0.0,1.0,0.0,0.5,0.0,0.0,0,0,1330,10
20,0.25,0.3,True,0.0,1.0,0.0,0.5,0.0,0.0,0,0,1330,10
20,0.25,0.3,False,0.0,1.0,0.0,0.5,0.0,0.0,0,0,1330,10
20,0.25,0.4,True,0.3,1.0,1.0,0.65,0.4615384615384615,0.5462868471524166,3,0,1330,7
20,0.25,0.4,False,0.3,1.0,1.0,0.65,0.4615384615384615,0.5462868471524166,3,0,1330,7
20,0.25,0.5,True,0.3,1.0,1.0,0.65,0.4615384615384615,0.5462868471524166,3,0,1330,7
20,0.25,0.5,False,0.3,1.0,1.0,0.65,0.4615384615384615,0.5462868471524166,3,0,1330,7
20,0.25,0.6,True,0.5,1.0,1.0,0.75,0.6666666666666666,0.7057813689974891,5,0,1330,5
20,0.25,0.6,False,0.5,1.0,1.0,0.75,0.6666666666666666,0.7057813689974891,5,0,1330,5
20,0.25,0.7,True,0.6,1.0,1.0,0.8,0.7499999999999999,0.7734344830366855,6,0,1330,4
20,0.25,0.7,False,0.6,1.0,1.0,0.8,0.7499999999999999,0.7734344830366855,6,0,1330,4
20,0.25,0.8,True,0.6,1.0,1.0,0.8,0.7499999999999999,0.7734344830366855,6,0,1330,4
20,0.25,0.8,False,0.6,1.0,1.0,0.8,0.7499999999999999,0.7734344830366855,6,0,1330,4
20,0.25,0.9,True,0.8,0.9984962406015038,0.8,0.8992481203007519,0.8000000000000002,0.7984962406015037,8,2,1328,2
20,0.25,0.9,False,0.8,0.9984962406015038,0.8,0.8992481203007519,0.8000000000000002,0.7984962406015037,8,2,1328,2
20,0.25,1.0,True,0.8,0.9984962406015038,0.8,0.8992481203007519,0.8000000000000002,0.7984962406015037,8,2,1328,2
20,0.25,1.0,False,0.8,0.9984962406015038,0.8,0.8992481203007519,0.8000000000000002,0.7984962406015037,8,2,1328,2
20,0.3,0.1,True,0.0,1.0,0.0,0.5,0.0,0.0,0,0,1330,10
20,0.3,0.1,False,0.0,1.0,0.0,0.5,0.0,0.0,0,0,1330,10
20,0.3,0.2,True,0.1,1.0,1.0,0.55,0.18181818181818182,0.3151632221713219,1,0,1330,9
20,0.3,0.2,False,0.1,1.0,1.0,0.55,0.18181818181818182,0.3151632221713219,1,0,1330,9
20,0.3,0.3,True,0.2,1.0,1.0,0.6,0.33333333333333337,0.4458746296340156,2,0,1330,8
20,0.3,0.3,False,0.2,1.0,1.0,0.6,0.33333333333333337,0.4458746296340156,2,0,1330,8
20,0.3,0.4,True,0.4,1.0,1.0,0.7,0.5714285714285715,0.6310337493465553,4,0,1330,6
20,0.3,0.4,False,0.4,1.0,1.0,0.7,0.5714285714285715,0.6310337493465553,4,0,1330,6
20,0.3,0.5,True,0.4,1.0,1.0,0.7,0.5714285714285715,0.6310337493465553,4,0,1330,6
20,0.3,0.5,False,0.4,1.0,1.0,0.7,0.5714285714285715,0.6310337493465553,4,0,1330,6
20,0.3,0.6,True,0.7,1.0,1.0,0.85,0.8235294117647058,0.8357180183240863,7,0,1330,3
20,0.3,0.6,False,0.7,0.9992481203007518,0.875,0.849624060150376,0.7777777777777777,0.7811960202851314,7,1,1329,3
20,0.3,0.7,True,0.7,1.0,1.0,0.85,0.8235294117647058,0.8357180183240863,7,0,1330,3
20,0.3,0.7,False,0.7,0.9992481203007518,0.875,0.849624060150376,0.7777777777777777,0.7811960202851314,7,1,1329,3
20,0.3,0.8,True,0.7,1.0,1.0,0.85,0.8235294117647058,0.8357180183240863,7,0,1330,3
20,0.3,0.8,False,0.7,0.9992481203007518,0.875,0.849624060150376,0.7777777777777777,0.7811960202851314,7,1,1329,3
20,0.3,0.9,True,0.9,1.0,1.0,0.95,0.9473684210526316,0.9483268511853856,9,0,1330,1
20,0.3,0.9,False,0.9,0.9992481203007518,0.9,0.9496240601503759,0.9,0.8992481203007519,9,1,1329,1
20,0.3,1.0,True,0.9,1.0,1.0,0.95,0.9473684210526316,0.9483268511853856,9,0,1330,1
20,0.3,1.0,False,0.9,0.9992481203007518,0.9,0.9496240601503759,0.9,0.8992481203007519,9,1,1329,1
20,0.35,0.1,True,0.1,1.0,1.0,0.55,0.18181818181818182,0.3151632221713219,1,0,1330,9
20,0.35,0.1,False,0.1,1.0,1.0,0.55,0.18181818181818182,0.3151632221713219,1,0,1330,9
20,0.35,0.2,True,0.3,1.0,1.0,0.65,0.4615384615384615,0.5462868471524166,3,0,1330,7
20,0.35,0.2,False,0.3,1.0,1.0,0.65,0.4615384615384615,0.5462868471524166,3,0,1330,7
20,0.35,0.3,True,0.5,1.0,1.0,0.75,0.6666666666666666,0.7057813689974891,5,0,1330,5
20,0.35,0.3,False,0.5,1.0,1.0,0.75,0.6666666666666666,0.7057813689974891,5,0,1330,5
20,0.35,0.4,True,0.6,1.0,1.0,0.8,0.7499999999999999,0.7734344830366855,6,0,1330,4
20,0.35,0.4,False,0.7,1.0,1.0,0.85,0.8235294117647058,0.8357180183240863,7,0,1330,3
20,0.35,0.5,True,0.6,1.0,1.0,0.8,0.7499999999999999,0.7734344830366855,6,0,1330,4
20,0.35,0.5,False,0.7,1.0,1.0,0.85,0.8235294117647058,0.8357180183240863,7,0,1330,3
20,0.35,0.6,True,0.7,1.0,1.0,0.85,0.8235294117647058,0.8357180183240863,7,0,1330,3
20,0.35,0.6,False,0.8,1.0,1.0,0.9,0.888888888888889,0.8937554468638492,8,0,1330,2
20,0.35,0.7,True,0.7,0.9984962406015038,0.7777777777777778,0.8492481203007518,0.7368421052631577,0.7360030449049484,7,2,1328,3
20,0.35,0.7,False,0.8,0.9984962406015038,0.8,0.8992481203007519,0.8000000000000002,0.7984962406015037,8,2,1328,2
20,0.35,0.8,True,0.7,0.9984962406015038,0.7777777777777778,0.8492481203007518,0.7368421052631577,0.7360030449049484,7,2,1328,3
20,0.35,0.8,False,0.8,0.9984962406015038,0.8,0.8992481203007519,0.8000000000000002,0.7984962406015037,8,2,1328,2
20,0.35,0.9,True,0.9,0.9984962406015038,0.8181818181818182,0.9492481203007519,0.8571428571428572,0.8570047948283871,9,2,1328,1
20,0.35,0.9,False,1.0,0.9984962406015038,0.8333333333333334,0.9992481203007519,0.9090909090909091,0.9121843018278999,10,2,1328,0
20,0.35,1.0,True,0.9,0.9984962406015038,0.8181818181818182,0.9492481203007519,0.8571428571428572,0.8570047948283871,9,2,1328,1
20,0.35,1.0,False,1.0,0.9984962406015038,0.8333333333333334,0.9992481203007519,0.9090909090909091,0.9121843018278999,10,2,1328,0
20,0.4,0.1,True,0.3,1.0,1.0,0.65,0.4615384615384615,0.5462868471524166,3,0,1330,7
20,0.4,0.1,False,0.3,1.0,1.0,0.65,0.4615384615384615,0.5462868471524166,3,0,1330,7
20,0.4,0.2,True,0.5,1.0,1.0,0.75,0.6666666666666666,0.7057813689974891,5,0,1330,5
20,0.4,0.2,False,0.5,1.0,1.0,0.75,0.6666666666666666,0.7057813689974891,5,0,1330,5
20,0.4,0.3,True,0.7,1.0,1.0,0.85,0.8235294117647058,0.8357180183240863,7,0,1330,3
20,0.4,0.3,False,0.7,1.0,1.0,0.85,0.8235294117647058,0.8357180183240863,7,0,1330,3
20,0.4,0.4,True,0.7,1.0,1.0,0.85,0.8235294117647058,0.8357180183240863,7,0,1330,3
20,0.4,0.4,False,0.7,1.0,1.0,0.85,0.8235294117647058,0.8357180183240863,7,0,1330,3
20,0.4,0.5,True,0.7,1.0,1.0,0.85,0.8235294117647058,0.8357180183240863,7,0,1330,3
20,0.4,0.5,False,0.7,1.0,1.0,0.85,0.8235294117647058,0.8357180183240863,7,0,1330,3
20,0.4,0.6,True,0.9,1.0,1.0,0.95,0.9473684210526316,0.9483268511853856,9,0,1330,1
20,0.4,0.6,False,0.9,1.0,1.0,0.95,0.9473684210526316,0.9483268511853856,9,0,1330,1
20,0.4,0.7,True,0.9,0.9984962406015038,0.8181818181818182,0.9492481203007519,0.8571428571428572,0.8570047948283871,9,2,1328,1
20,0.4,0.7,False,0.9,0.9984962406015038,0.8181818181818182,0.9492481203007519,0.8571428571428572,0.8570047948283871,9,2,1328,1
20,0.4,0.8,True,1.0,0.9984962406015038,0.8333333333333334,0.9992481203007519,0.9090909090909091,0.9121843018278999,10,2,1328,0
20,0.4,0.8,False,1.0,0.9984962406015038,0.8333333333333334,0.9992481203007519,0.9090909090909091,0.9121843018278999,10,2,1328,0
20,0.4,0.9,True,1.0,0.9984962406015038,0.8333333333333334,0.9992481203007519,0.9090909090909091,0.9121843018278999,10,2,1328,0
20,0.4,0.9,False,1.0,0.9984962406015038,0.8333333333333334,0.9992481203007519,0.9090909090909091,0.9121843018278999,10,2,1328,0
20,0.4,1.0,True,1.0,0.9984962406015038,0.8333333333333334,0.9992481203007519,0.9090909090909091,0.9121843018278999,10,2,1328,0
20,0.4,1.0,False,1.0,0.9984962406015038,0.8333333333333334,0.9992481203007519,0.9090909090909091,0.9121843018278999,10,2,1328,0
20,0.45,0.1,True,0.4,1.0,1.0,0.7,0.5714285714285715,0.6310337493465553,4,0,1330,6
20,0.45,0.1,False,0.4,1.0,1.0,0.7,0.5714285714285715,0.6310337493465553,4,0,1330,6
20,0.45,0.2,True,0.6,1.0,1.0,0.8,0.7499999999999999,0.7734344830366855,6,0,1330,4
20,0.45,0.2,False,0.6,1.0,1.0,0.8,0.7499999999999999,0.7734344830366855,6,0,1330,4
20,0.45,0.3,True,0.8,1.0,1.0,0.9,0.888888888888889,0.8937554468638492,8,0,1330,2
20,0.45,0.3,False,0.8,1.0,1.0,0.9,0.888888888888889,0.8937554468638492,8,0,1330,2
20,0.45,0.4,True,0.9,1.0,1.0,0.95,0.9473684210526316,0.9483268511853856,9,0,1330,1
20,0.45,0.4,False,0.9,1.0,1.0,0.95,0.9473684210526316,0.9483268511853856,9,0,1330,1
20,0.45,0.5,True,0.9,1.0,1.0,0.95,0.9473684210526316,0.9483268511853856,9,0,1330,1
20,0.45,0.5,False,0.9,1.0,1.0,0.95,0.9473684210526316,0.9483268511853856,9,0,1330,1
20,0.45,0.6,True,0.9,1.0,1.0,0.95,0.9473684210526316,0.9483268511853856,9,0,1330,1
20,0.45,0.6,False,0.9,1.0,1.0,0.95,0.9473684210526316,0.9483268511853856,9,0,1330,1
20,0.45,0.7,True,1.0,0.9984962406015038,0.8333333333333334,0.9992481203007519,0.9090909090909091,0.9121843018278999,10,2,1328,0
20,0.45,0.7,False,1.0,0.9984962406015038,0.8333333333333334,0.9992481203007519,0.9090909090909091,0.9121843018278999,10,2,1328,0
20,0.45,0.8,True,1.0,0.9984962406015038,0.8333333333333334,0.9992481203007519,0.9090909090909091,0.9121843018278999,10,2,1328,0
20,0.45,0.8,False,1.0,0.9984962406015038,0.8333333333333334,0.9992481203007519,0.9090909090909091,0.9121843018278999,10,2,1328,0
20,0.45,0.9,True,1.0,0.9984962406015038,0.8333333333333334,0.9992481203007519,0.9090909090909091,0.9121843018278999,10,2,1328,0
20,0.45,0.9,False,1.0,0.9984962406015038,0.8333333333333334,0.9992481203007519,0.9090909090909091,0.9121843018278999,10,2,1328,0
20,0.45,1.0,True,1.0,0.9984962406015038,0.8333333333333334,0.9992481203007519,0.9090909090909091,0.9121843018278999,10,2,1328,0
20,0.45,1.0,False,1.0,0.9984962406015038,0.8333333333333334,0.9992481203007519,0.9090909090909091,0.9121843018278999,10,2,1328,0
20,0.5,0.1,True,0.4,1.0,1.0,0.7,0.5714285714285715,0.6310337493465553,4,0,1330,6
20,0.5,0.1,False,0.4,1.0,1.0,0.7,0.5714285714285715,0.6310337493465553,4,0,1330,6
20,0.5,0.2,True,0.7,1.0,1.0,0.85,0.8235294117647058,0.8357180183240863,7,0,1330,3
20,0.5,0.2,False,0.7,1.0,1.0,0.85,0.8235294117647058,0.8357180183240863,7,0,1330,3
20,0.5,0.3,True,0.9,1.0,1.0,0.95,0.9473684210526316,0.9483268511853856,9,0,1330,1
20,0.5,0.3,False,0.9,1.0,1.0,0.95,0.9473684210526316,0.9483268511853856,9,0,1330,1
20,0.5,0.4,True,0.9,1.0,1.0,0.95,0.9473684210526316,0.9483268511853856,9,0,1330,1
20,0.5,0.4,False,0.9,1.0,1.0,0.95,0.9473684210526316,0.9483268511853856,9,0,1330,1
20,0.5,0.5,True,0.9,1.0,1.0,0.95,0.9473684210526316,0.9483268511853856,9,0,1330,1
20,0.5,0.5,False,0.9,1.0,1.0,0.95,0.9473684210526316,0.9483268511853856,9,0,1330,1
20,0.5,0.6,True,0.9,1.0,1.0,0.95,0.9473684210526316,0.9483268511853856,9,0,1330,1
20,0.5,0.6,False,0.9,0.9984962406015038,0.8181818181818182,0.9492481203007519,0.8571428571428572,0.8570047948283871,9,2,1328,1
20,0.5,0.7,True,1.0,0.9984962406015038,0.8333333333333334,0.9992481203007519,0.9090909090909091,0.9121843018278999,10,2,1328,0
20,0.5,0.7,False,1.0,0.9984962406015038,0.8333333333333334,0.9992481203007519,0.9090909090909091,0.9121843018278999,10,2,1328,0
20,0.5,0.8,True,1.0,0.9984962406015038,0.8333333333333334,0.9992481203007519,0.9090909090909091,0.9121843018278999,10,2,1328,0
20,0.5,0.8,False,1.0,0.9984962406015038,0.8333333333333334,0.9992481203007519,0.9090909090909091,0.9121843018278999,10,2,1328,0
20,0.5,0.9,True,1.0,0.9969924812030075,0.7142857142857143,0.9984962406015038,0.8333333333333333,0.8438823890647184,10,4,1326,0
20,0.5,0.9,False,1.0,0.9969924812030075,0.7142857142857143,0.9984962406015038,0.8333333333333333,0.8438823890647184,10,4,1326,0
20,0.5,1.0,True,1.0,0.9969924812030075,0.7142857142857143,0.9984962406015038,0.8333333333333333,0.8438823890647184,10,4,1326,0
20,0.5,1.0,False,1.0,0.9969924812030075,0.7142857142857143,0.9984962406015038,0.8333333333333333,0.8438823890647184,10,4,1326,0
20,0.55,0.1,True,0.6,1.0,1.0,0.8,0.7499999999999999,0.7734344830366855,6,0,1330,4
20,0.55,0.1,False,0.6,1.0,1.0,0.8,0.7499999999999999,0.7734344830366855,6,0,1330,4
20,0.55,0.2,True,0.7,1.0,1.0,0.85,0.8235294117647058,0.8357180183240863,7,0,1330,3
20,0.55,0.2,False,0.7,1.0,1.0,0.85,0.8235294117647058,0.8357180183240863,7,0,1330,3
20,0.55,0.3,True,0.9,1.0,1.0,0.95,0.9473684210526316,0.9483268511853856,9,0,1330,1
20,0.55,0.3,False,0.9,1.0,1.0,0.95,0.9473684210526316,0.9483268511853856,9,0,1330,1
20,0.55,0.4,True,0.9,1.0,1.0,0.95,0.9473684210526316,0.9483268511853856,9,0,1330,1
20,0.55,0.4,False,0.9,1.0,1.0,0.95,0.9473684210526316,0.9483268511853856,9,0,1330,1
20,0.55,0.5,True,0.9,1.0,1.0,0.95,0.9473684210526316,0.9483268511853856,9,0,1330,1
20,0.55,0.5,False,0.9,0.9984962406015038,0.8181818181818182,0.9492481203007519,0.8571428571428572,0.8570047948283871,9,2,1328,1
20,0.55,0.6,True,0.9,1.0,1.0,0.95,0.9473684210526316,0.9483268511853856,9,0,1330,1
20,0.55,0.6,False,0.9,0.9984962406015038,0.8181818181818182,0.9492481203007519,0.8571428571428572,0.8570047948283871,9,2,1328,1
20,0.55,0.7,True,1.0,1.0,1.0,1.0,1.0,1.0,10,0,1330,0
20,0.55,0.7,False,1.0,0.9984962406015038,0.8333333333333334,0.9992481203007519,0.9090909090909091,0.9121843018278999,10,2,1328,0
20,0.55,0.8,True,1.0,1.0,1.0,1.0,1.0,1.0,10,0,1330,0
20,0.55,0.8,False,1.0,0.9984962406015038,0.8333333333333334,0.9992481203007519,0.9090909090909091,0.9121843018278999,10,2,1328,0
20,0.55,0.9,True,1.0,0.9984962406015038,0.8333333333333334,0.9992481203007519,0.9090909090909091,0.9121843018278999,10,2,1328,0
20,0.55,0.9,False,1.0,0.9969924812030075,0.7142857142857143,0.9984962406015038,0.8333333333333333,0.8438823890647184,10,4,1326,0
20,0.55,1.0,True,1.0,0.9984962406015038,0.8333333333333334,0.9992481203007519,0.9090909090909091,0.9121843018278999,10,2,1328,0
20,0.55,1.0,False,1.0,0.9969924812030075,0.7142857142857143,0.9984962406015038,0.8333333333333333,0.8438823890647184,10,4,1326,0
20,0.6,0.1,True,0.6,1.0,1.0,0.8,0.7499999999999999,0.7734344830366855,6,0,1330,4
20,0.6,0.1,False,0.6,1.0,1.0,0.8,0.7499999999999999,0.7734344830366855,6,0,1330,4
20,0.6,0.2,True,0.8,1.0,1.0,0.9,0.888888888888889,0.8937554468638492,8,0,1330,2
20,0.6,0.2,False,0.8,1.0,1.0,0.9,0.888888888888889,0.8937554468638492,8,0,1330,2
20,0.6,0.3,True,0.9,1.0,1.0,0.95,0.9473684210526316,0.9483268511853856,9,0,1330,1
20,0.6,0.3,False,0.9,1.0,1.0,0.95,0.9473684210526316,0.9483268511853856,9,0,1330,1
20,0.6,0.4,True,1.0,1.0,1.0,1.0,1.0,1.0,10,0,1330,0
20,0.6,0.4,False,1.0,1.0,1.0,1.0,1.0,1.0,10,0,1330,0
20,0.6,0.5,True,1.0,1.0,1.0,1.0,1.0,1.0,10,0,1330,0
20,0.6,0.5,False,1.0,0.9984962406015038,0.8333333333333334,0.9992481203007519,0.9090909090909091,0.9121843018278999,10,2,1328,0
20,0.6,0.6,True,1.0,1.0,1.0,1.0,1.0,1.0,10,0,1330,0
20,0.6,0.6,False,1.0,0.9984962406015038,0.8333333333333334,0.9992481203007519,0.9090909090909091,0.9121843018278999,10,2,1328,0
20,0.6,0.7,True,1.0,1.0,1.0,1.0,1.0,1.0,10,0,1330,0
20,0.6,0.7,False,1.0,0.9984962406015038,0.8333333333333334,0.9992481203007519,0.9090909090909091,0.9121843018278999,10,2,1328,0
20,0.6,0.8,True,1.0,0.9984962406015038,0.8333333333333334,0.9992481203007519,0.9090909090909091,0.9121843018278999,10,2,1328,0
20,0.6,0.8,False,1.0,0.9969924812030075,0.7142857142857143,0.9984962406015038,0.8333333333333333,0.8438823890647184,10,4,1326,0
20,0.6,0.9,True,1.0,0.9969924812030075,0.7142857142857143,0.9984962406015038,0.8333333333333333,0.8438823890647184,10,4,1326,0
20,0.6,0.9,False,1.0,0.9969924812030075,0.7142857142857143,0.9984962406015038,0.8333333333333333,0.8438823890647184,10,4,1326,0
20,0.6,1.0,True,1.0,0.9969924812030075,0.7142857142857143,0.9984962406015038,0.8333333333333333,0.8438823890647184,10,4,1326,0
20,0.6,1.0,False,1.0,0.9969924812030075,0.7142857142857143,0.9984962406015038,0.8333333333333333,0.8438823890647184,10,4,1326,0
20,0.65,0.1,True,0.7,1.0,1.0,0.85,0.8235294117647058,0.8357180183240863,7,0,1330,3
20,0.65,0.1,False,0.7,1.0,1.0,0.85,0.8235294117647058,0.8357180183240863,7,0,1330,3
20,0.65,0.2,True,0.9,1.0,1.0,0.95,0.9473684210526316,0.9483268511853856,9,0,1330,1
20,0.65,0.2,False,0.9,1.0,1.0,0.95,0.9473684210526316,0.9483268511853856,9,0,1330,1
20,0.65,0.3,True,0.9,1.0,1.0,0.95,0.9473684210526316,0.9483268511853856,9,0,1330,1
20,0.65,0.3,False,0.9,1.0,1.0,0.95,0.9473684210526316,0.9483268511853856,9,0,1330,1
20,0.65,0.4,True,1.0,1.0,1.0,1.0,1.0,1.0,10,0,1330,0
20,0.65,0.4,False,1.0,1.0,1.0,1.0,1.0,1.0,10,0,1330,0
20,0.65,0.5,True,1.0,1.0,1.0,1.0,1.0,1.0,10,0,1330,0
20,0.65,0.5,False,1.0,0.9984962406015038,0.8333333333333334,0.9992481203007519,0.9090909090909091,0.9121843018278999,10,2,1328,0
20,0.65,0.6,True,1.0,1.0,1.0,1.0,1.0,1.0,10,0,1330,0
20,0.65,0.6,False,1.0,0.9984962406015038,0.8333333333333334,0.9992481203007519,0.9090909090909091,0.9121843018278999,10,2,1328,0
20,0.65,0.7,True,1.0,1.0,1.0,1.0,1.0,1.0,10,0,1330,0
20,0.65,0.7,False,1.0,0.9984962406015038,0.8333333333333334,0.9992481203007519,0.9090909090909091,0.9121843018278999,10,2,1328,0
20,0.65,0.8,True,1.0,0.9984962406015038,0.8333333333333334,0.9992481203007519,0.9090909090909091,0.9121843018278999,10,2,1328,0
20,0.65,0.8,False,1.0,0.9969924812030075,0.7142857142857143,0.9984962406015038,0.8333333333333333,0.8438823890647184,10,4,1326,0
20,0.65,0.9,True,1.0,0.9969924812030075,0.7142857142857143,0.9984962406015038,0.8333333333333333,0.8438823890647184,10,4,1326,0
20,0.65,0.9,False,1.0,0.9969924812030075,0.7142857142857143,0.9984962406015038,0.8333333333333333,0.8438823890647184,10,4,1326,0
20,0.65,1.0,True,1.0,0.9969924812030075,0.7142857142857143,0.9984962406015038,0.8333333333333333,0.8438823890647184,10,4,1326,0
20,0.65,1.0,False,1.0,0.9969924812030075,0.7142857142857143,0.9984962406015038,0.8333333333333333,0.8438823890647184,10,4,1326,0
20,0.7,0.1,True,0.8,1.0,1.0,0.9,0.888888888888889,0.8937554468638492,8,0,1330,2
20,0.7,0.1,False,0.8,1.0,1.0,0.9,0.888888888888889,0.8937554468638492,8,0,1330,2
20,0.7,0.2,True,1.0,1.0,1.0,1.0,1.0,1.0,10,0,1330,0
20,0.7,0.2,False,1.0,1.0,1.0,1.0,1.0,1.0,10,0,1330,0
20,0.7,0.3,True,1.0,1.0,1.0,1.0,1.0,1.0,10,0,1330,0
20,0.7,0.3,False,1.0,1.0,1.0,1.0,1.0,1.0,10,0,1330,0
20,0.7,0.4,True,1.0,1.0,1.0,1.0,1.0,1.0,10,0,1330,0
20,0.7,0.4,False,1.0,0.9984962406015038,0.8333333333333334,0.9992481203007519,0.9090909090909091,0.9121843018278999,10,2,1328,0
20,0.7,0.5,True,1.0,1.0,1.0,1.0,1.0,1.0,10,0,1330,0
20,0.7,0.5,False,1.0,0.9984962406015038,0.8333333333333334,0.9992481203007519,0.9090909090909091,0.9121843018278999,10,2,1328,0
20,0.7,0.6,True,1.0,1.0,1.0,1.0,1.0,1.0,10,0,1330,0
20,0.7,0.6,False,1.0,0.9984962406015038,0.8333333333333334,0.9992481203007519,0.9090909090909091,0.9121843018278999,10,2,1328,0
20,0.7,0.7,True,1.0,0.9984962406015038,0.8333333333333334,0.9992481203007519,0.9090909090909091,0.9121843018278999,10,2,1328,0
20,0.7,0.7,False,1.0,0.9969924812030075,0.7142857142857143,0.9984962406015038,0.8333333333333333,0.8438823890647184,10,4,1326,0
20,0.7,0.8,True,1.0,0.9984962406015038,0.8333333333333334,0.9992481203007519,0.9090909090909091,0.9121843018278999,10,2,1328,0
20,0.7,0.8,False,1.0,0.9969924812030075,0.7142857142857143,0.9984962406015038,0.8333333333333333,0.8438823890647184,10,4,1326,0
20,0.7,0.9,True,1.0,0.9969924812030075,0.7142857142857143,0.9984962406015038,0.8333333333333333,0.8438823890647184,10,4,1326,0
20,0.7,0.9,False,1.0,0.9969924812030075,0.7142857142857143,0.9984962406015038,0.8333333333333333,0.8438823890647184,10,4,1326,0
20,0.7,1.0,True,1.0,0.9969924812030075,0.7142857142857143,0.9984962406015038,0.8333333333333333,0.8438823890647184,10,4,1326,0
20,0.7,1.0,False,1.0,0.9969924812030075,0.7142857142857143,0.9984962406015038,0.8333333333333333,0.8438823890647184,10,4,1326,0
20,0.75,0.1,True,0.9,1.0,1.0,0.95,0.9473684210526316,0.9483268511853856,9,0,1330,1
20,0.75,0.1,False,0.9,1.0,1.0,0.95,0.9473684210526316,0.9483268511853856,9,0,1330,1
20,0.75,0.2,True,1.0,1.0,1.0,1.0,1.0,1.0,10,0,1330,0
20,0.75,0.2,False,1.0,1.0,1.0,1.0,1.0,1.0,10,0,1330,0
20,0.75,0.3,True,1.0,1.0,1.0,1.0,1.0,1.0,10,0,1330,0
20,0.75,0.3,False,1.0,1.0,1.0,1.0,1.0,1.0,10,0,1330,0
20,0.75,0.4,True,1.0,1.0,1.0,1.0,1.0,1.0,10,0,1330,0
20,0.75,0.4,False,1.0,0.9984962406015038,0.8333333333333334,0.9992481203007519,0.9090909090909091,0.9121843018278999,10,2,1328,0
20,0.75,0.5,True,1.0,1.0,1.0,1.0,1.0,1.0,10,0,1330,0
20,0.75,0.5,False,1.0,0.9984962406015038,0.8333333333333334,0.9992481203007519,0.9090909090909091,0.9121843018278999,10,2,1328,0
20,0.75,0.6,True,1.0,0.9984962406015038,0.8333333333333334,0.9992481203007519,0.9090909090909091,0.9121843018278999,10,2,1328,0
20,0.75,0.6,False,1.0,0.9969924812030075,0.7142857142857143,0.9984962406015038,0.8333333333333333,0.8438823890647184,10,4,1326,0
20,0.75,0.7,True,1.0,0.9984962406015038,0.8333333333333334,0.9992481203007519,0.9090909090909091,0.9121843018278999,10,2,1328,0
20,0.75,0.7,False,1.0,0.9969924812030075,0.7142857142857143,0.9984962406015038,0.8333333333333333,0.8438823890647184,10,4,1326,0
20,0.75,0.8,True,1.0,0.9984962406015038,0.8333333333333334,0.9992481203007519,0.9090909090909091,0.9121843018278999,10,2,1328,0
20,0.75,0.8,False,1.0,0.9969924812030075,0.7142857142857143,0.9984962406015038,0.8333333333333333,0.8438823890647184,10,4,1326,0
20,0.75,0.9,True,1.0,0.9969924812030075,0.7142857142857143,0.9984962406015038,0.8333333333333333,0.8438823890647184,10,4,1326,0
20,0.75,0.9,False,1.0,0.9954887218045113,0.625,0.9977443609022556,0.7692307692307693,0.7887841600386126,10,6,1324,0
20,0.75,1.0,True,1.0,0.9969924812030075,0.7142857142857143,0.9984962406015038,0.8333333333333333,0.8438823890647184,10,4,1326,0
20,0.75,1.0,False,1.0,0.9954887218045113,0.625,0.9977443609022556,0.7692307692307693,0.7887841600386126,10,6,1324,0
20,0.8,0.1,True,1.0,1.0,1.0,1.0,1.0,1.0,10,0,1330,0
20,0.8,0.1,False,1.0,1.0,1.0,1.0,1.0,1.0,10,0,1330,0
20,0.8,0.2,True,1.0,1.0,1.0,1.0,1.0,1.0,10,0,1330,0
20,0.8,0.2,False,1.0,1.0,1.0,1.0,1.0,1.0,10,0,1330,0
20,0.8,0.3,True,1.0,1.0,1.0,1.0,1.0,1.0,10,0,1330,0
20,0.8,0.3,False,1.0,0.9984962406015038,0.8333333333333334,0.9992481203007519,0.9090909090909091,0.9121843018278999,10,2,1328,0
20,0.8,0.4,True,1.0,1.0,1.0,1.0,1.0,1.0,10,0,1330,0
20,0.8,0.4,False,1.0,0.9969924812030075,0.7142857142857143,0.9984962406015038,0.8333333333333333,0.8438823890647184,10,4,1326,0
20,0.8,0.5,True,1.0,1.0,1.0,1.0,1.0,1.0,10,0,1330,0
20,0.8,0.5,False,1.0,0.9969924812030075,0.7142857142857143,0.9984962406015038,0.8333333333333333,0.8438823890647184,10,4,1326,0
20,0.8,0.6,True,1.0,0.9984962406015038,0.8333333333333334,0.9992481203007519,0.9090909090909091,0.9121843018278999,10,2,1328,0
20,0.8,0.6,False,1.0,0.9939849624060151,0.5555555555555556,0.9969924812030075,0.7142857142857143,0.7431109392300329,10,8,1322,0
20,0.8,0.7,True,1.0,0.9984962406015038,0.8333333333333334,0.9992481203007519,0.9090909090909091,0.9121843018278999,10,2,1328,0
20,0.8,0.7,False,1.0,0.9939849624060151,0.5555555555555556,0.9969924812030075,0.7142857142857143,0.7431109392300329,10,8,1322,0
20,0.8,0.8,True,1.0,0.9969924812030075,0.7142857142857143,0.9984962406015038,0.8333333333333333,0.8438823890647184,10,4,1326,0
20,0.8,0.8,False,1.0,0.9939849624060151,0.5555555555555556,0.9969924812030075,0.7142857142857143,0.7431109392300329,10,8,1322,0
20,0.8,0.9,True,1.0,0.9969924812030075,0.7142857142857143,0.9984962406015038,0.8333333333333333,0.8438823890647184,10,4,1326,0
20,0.8,0.9,False,1.0,0.9939849624060151,0.5555555555555556,0.9969924812030075,0.7142857142857143,0.7431109392300329,10,8,1322,0
20,0.8,1.0,True,1.0,0.9969924812030075,0.7142857142857143,0.9984962406015038,0.8333333333333333,0.8438823890647184,10,4,1326,0
20,0.8,1.0,False,1.0,0.9939849624060151,0.5555555555555556,0.9969924812030075,0.7142857142857143,0.7431109392300329,10,8,1322,0
20,0.85,0.1,True,1.0,1.0,1.0,1.0,1.0,1.0,10,0,1330,0
20,0.85,0.1,False,1.0,1.0,1.0,1.0,1.0,1.0,10,0,1330,0
20,0.85,0.2,True,1.0,1.0,1.0,1.0,1.0,1.0,10,0,1330,0
20,0.85,0.2,False,1.0,0.9992481203007518,0.9090909090909091,0.9996240601503759,0.9523809523809523,0.9531040772610264,10,1,1329,0
20,0.85,0.3,True,1.0,1.0,1.0,1.0,1.0,1.0,10,0,1330,0
20,0.85,0.3,False,1.0,0.9962406015037594,0.6666666666666666,0.9981203007518797,0.8,0.814960367749565,10,5,1325,0
20,0.85,0.4,True,1.0,1.0,1.0,1.0,1.0,1.0,10,0,1330,0
20,0.85,0.4,False,1.0,0.9954887218045113,0.625,0.9977443609022556,0.7692307692307693,0.7887841600386126,10,6,1324,0
20,0.85,0.5,True,1.0,1.0,1.0,1.0,1.0,1.0,10,0,1330,0
20,0.85,0.5,False,1.0,0.9939849624060151,0.5555555555555556,0.9969924812030075,0.7142857142857143,0.7431109392300329,10,8,1322,0
20,0.85,0.6,True,1.0,0.9984962406015038,0.8333333333333334,0.9992481203007519,0.9090909090909091,0.9121843018278999,10,2,1328,0
20,0.85,0.6,False,1.0,0.9939849624060151,0.5555555555555556,0.9969924812030075,0.7142857142857143,0.7431109392300329,10,8,1322,0
20,0.85,0.7,True,1.0,0.9984962406015038,0.8333333333333334,0.9992481203007519,0.9090909090909091,0.9121843018278999,10,2,1328,0
20,0.85,0.7,False,1.0,0.9939849624060151,0.5555555555555556,0.9969924812030075,0.7142857142857143,0.7431109392300329,10,8,1322,0
20,0.85,0.8,True,1.0,0.9984962406015038,0.8333333333333334,0.9992481203007519,0.9090909090909091,0.9121843018278999,10,2,1328,0
20,0.85,0.8,False,1.0,0.9939849624060151,0.5555555555555556,0.9969924812030075,0.7142857142857143,0.7431109392300329,10,8,1322,0
20,0.85,0.9,True,1.0,0.9984962406015038,0.8333333333333334,0.9992481203007519,0.9090909090909091,0.9121843018278999,10,2,1328,0
20,0.85,0.9,False,1.0,0.9939849624060151,0.5555555555555556,0.9969924812030075,0.7142857142857143,0.7431109392300329,10,8,1322,0
20,0.85,1.0,True,1.0,0.9984962406015038,0.8333333333333334,0.9992481203007519,0.9090909090909091,0.9121843018278999,10,2,1328,0
20,0.85,1.0,False,1.0,0.9939849624060151,0.5555555555555556,0.9969924812030075,0.7142857142857143,0.7431109392300329,10,8,1322,0
20,0.9,0.1,True,1.0,1.0,1.0,1.0,1.0,1.0,10,0,1330,0
20,0.9,0.1,False,1.0,0.9977443609022556,0.7692307692307693,0.9988721804511278,0.8695652173913044,0.8760682976985895,10,3,1327,0
20,0.9,0.2,True,1.0,1.0,1.0,1.0,1.0,1.0,10,0,1330,0
20,0.9,0.2,False,1.0,0.9977443609022556,0.7692307692307693,0.9988721804511278,0.8695652173913044,0.8760682976985895,10,3,1327,0
20,0.9,0.3,True,1.0,1.0,1.0,1.0,1.0,1.0,10,0,1330,0
20,0.9,0.3,False,1.0,0.9962406015037594,0.6666666666666666,0.9981203007518797,0.8,0.814960367749565,10,5,1325,0
20,0.9,0.4,True,1.0,1.0,1.0,1.0,1.0,1.0,10,0,1330,0
20,0.9,0.4,False,1.0,0.9954887218045113,0.625,0.9977443609022556,0.7692307692307693,0.7887841600386126,10,6,1324,0
20,0.9,0.5,True,1.0,1.0,1.0,1.0,1.0,1.0,10,0,1330,0
20,0.9,0.5,False,1.0,0.9939849624060151,0.5555555555555556,0.9969924812030075,0.7142857142857143,0.7431109392300329,10,8,1322,0
20,0.9,0.6,True,1.0,1.0,1.0,1.0,1.0,1.0,10,0,1330,0
20,0.9,0.6,False,1.0,0.9939849624060151,0.5555555555555556,0.9969924812030075,0.7142857142857143,0.7431109392300329,10,8,1322,0
20,0.9,0.7,True,1.0,1.0,1.0,1.0,1.0,1.0,10,0,1330,0
20,0.9,0.7,False,1.0,0.9939849624060151,0.5555555555555556,0.9969924812030075,0.7142857142857143,0.7431109392300329,10,8,1322,0
20,0.9,0.8,True,1.0,1.0,1.0,1.0,1.0,1.0,10,0,1330,0
20,0.9,0.8,False,1.0,0.9939849624060151,0.5555555555555556,0.9969924812030075,0.7142857142857143,0.7431109392300329,10,8,1322,0
20,0.9,0.9,True,1.0,1.0,1.0,1.0,1.0,1.0,10,0,1330,0
20,0.9,0.9,False,1.0,0.9939849624060151,0.5555555555555556,0.9969924812030075,0.7142857142857143,0.7431109392300329,10,8,1322,0
20,0.9,1.0,True,1.0,1.0,1.0,1.0,1.0,1.0,10,0,1330,0
20,0.9,1.0,False,1.0,0.9939849624060151,0.5555555555555556,0.9969924812030075,0.7142857142857143,0.7431109392300329,10,8,1322,0
20,0.95,0.1,True,1.0,1.0,1.0,1.0,1.0,1.0,10,0,1330,0
20,0.95,0.1,False,1.0,0.9977443609022556,0.7692307692307693,0.9988721804511278,0.8695652173913044,0.8760682976985895,10,3,1327,0
20,0.95,0.2,True,1.0,1.0,1.0,1.0,1.0,1.0,10,0,1330,0
20,0.95,0.2,False,1.0,0.9954887218045113,0.625,0.9977443609022556,0.7692307692307693,0.7887841600386126,10,6,1324,0
20,0.95,0.3,True,1.0,0.9984962406015038,0.8333333333333334,0.9992481203007519,0.9090909090909091,0.9121843018278999,10,2,1328,0
20,0.95,0.3,False,1.0,0.9947368421052631,0.5882352941176471,0.9973684210526316,0.7407407407407407,0.7649439972216586,10,7,1323,0
20,0.95,0.4,True,1.0,0.9984962406015038,0.8333333333333334,0.9992481203007519,0.9090909090909091,0.9121843018278999,10,2,1328,0
20,0.95,0.4,False,1.0,0.9932330827067669,0.5263157894736842,0.9966165413533834,0.6896551724137931,0.7230174645582174,10,9,1321,0
20,0.95,0.5,True,1.0,0.9984962406015038,0.8333333333333334,0.9992481203007519,0.9090909090909091,0.9121843018278999,10,2,1328,0
20,0.95,0.5,False,1.0,0.9932330827067669,0.5263157894736842,0.9966165413533834,0.6896551724137931,0.7230174645582174,10,9,1321,0
20,0.95,0.6,True,1.0,0.9984962406015038,0.8333333333333334,0.9992481203007519,0.9090909090909091,0.9121843018278999,10,2,1328,0
20,0.95,0.6,False,1.0,0.9932330827067669,0.5263157894736842,0.9966165413533834,0.6896551724137931,0.7230174645582174,10,9,1321,0
20,0.95,0.7,True,1.0,0.9984962406015038,0.8333333333333334,0.9992481203007519,0.9090909090909091,0.9121843018278999,10,2,1328,0
20,0.95,0.7,False,1.0,0.9932330827067669,0.5263157894736842,0.9966165413533834,0.6896551724137931,0.7230174645582174,10,9,1321,0
20,0.95,0.8,True,1.0,0.9984962406015038,0.8333333333333334,0.9992481203007519,0.9090909090909091,0.9121843018278999,10,2,1328,0
20,0.95,0.8,False,1.0,0.9932330827067669,0.5263157894736842,0.9966165413533834,0.6896551724137931,0.7230174645582174,10,9,1321,0
20,0.95,0.9,True,1.0,0.9984962406015038,0.8333333333333334,0.9992481203007519,0.9090909090909091,0.9121843018278999,10,2,1328,0
20,0.95,0.9,False,1.0,0.9932330827067669,0.5263157894736842,0.9966165413533834,0.6896551724137931,0.7230174645582174,10,9,1321,0
20,0.95,1.0,True,1.0,0.9984962406015038,0.8333333333333334,0.9992481203007519,0.9090909090909091,0.9121843018278999,10,2,1328,0
20,0.95,1.0,False,1.0,0.9932330827067669,0.5263157894736842,0.9966165413533834,0.6896551724137931,0.7230174645582174,10,9,1321,0
20,1.0,0.1,True,1.0,1.0,1.0,1.0,1.0,1.0,10,0,1330,0
20,1.0,0.1,False,1.0,0.9954887218045113,0.625,0.9977443609022556,0.7692307692307693,0.7887841600386126,10,6,1324,0
20,1.0,0.2,True,1.0,1.0,1.0,1.0,1.0,1.0,10,0,1330,0
20,1.0,0.2,False,1.0,0.9954887218045113,0.625,0.9977443609022556,0.7692307692307693,0.7887841600386126,10,6,1324,0
20,1.0,0.3,True,1.0,1.0,1.0,1.0,1.0,1.0,10,0,1330,0
20,1.0,0.3,False,1.0,0.9954887218045113,0.625,0.9977443609022556,0.7692307692307693,0.7887841600386126,10,6,1324,0
20,1.0,0.4,True,1.0,1.0,1.0,1.0,1.0,1.0,10,0,1330,0
20,1.0,0.4,False,1.0,0.9954887218045113,0.625,0.9977443609022556,0.7692307692307693,0.7887841600386126,10,6,1324,0
20,1.0,0.5,True,1.0,1.0,1.0,1.0,1.0,1.0,10,0,1330,0
20,1.0,0.5,False,1.0,0.9954887218045113,0.625,0.9977443609022556,0.7692307692307693,0.7887841600386126,10,6,1324,0
20,1.0,0.6,True,1.0,1.0,1.0,1.0,1.0,1.0,10,0,1330,0
20,1.0,0.6,False,1.0,0.9954887218045113,0.625,0.9977443609022556,0.7692307692307693,0.7887841600386126,10,6,1324,0
20,1.0,0.7,True,1.0,1.0,1.0,1.0,1.0,1.0,10,0,1330,0
20,1.0,0.7,False,1.0,0.9954887218045113,0.625,0.9977443609022556,0.7692307692307693,0.7887841600386126,10,6,1324,0
20,1.0,0.8,True,1.0,1.0,1.0,1.0,1.0,1.0,10,0,1330,0
20,1.0,0.8,False,1.0,0.9954887218045113,0.625,0.9977443609022556,0.7692307692307693,0.7887841600386126,10,6,1324,0
20,1.0,0.9,True,1.0,1.0,1.0,1.0,1.0,1.0,10,0,1330,0
20,1.0,0.9,False,1.0,0.9954887218045113,0.625,0.9977443609022556,0.7692307692307693,0.7887841600386126,10,6,1324,0
20,1.0,1.0,True,1.0,1.0,1.0,1.0,1.0,1.0,10,0,1330,0
20,1.0,1.0,False,1.0,0.9954887218045113,0.625,0.9977443609022556,0.7692307692307693,0.7887841600386126,10,6,1324,0
25,0.1,0.1,True,0.0,1.0,0.0,0.5,0.0,0.0,0,0,1330,10
25,0.1,0.1,False,0.0,1.0,0.0,0.5,0.0,0.0,0,0,1330,10
25,0.1,0.2,True,0.0,1.0,0.0,0.5,0.0,0.0,0,0,1330,10
25,0.1,0.2,False,0.0,1.0,0.0,0.5,0.0,0.0,0,0,1330,10
25,0.1,0.3,True,0.0,1.0,0.0,0.5,0.0,0.0,0,0,1330,10
25,0.1,0.3,False,0.0,1.0,0.0,0.5,0.0,0.0,0,0,1330,10
25,0.1,0.4,True,0.0,1.0,0.0,0.5,0.0,0.0,0,0,1330,10
25,0.1,0.4,False,0.0,1.0,0.0,0.5,0.0,0.0,0,0,1330,10
25,0.1,0.5,True,0.0,1.0,0.0,0.5,0.0,0.0,0,0,1330,10
25,0.1,0.5,False,0.0,1.0,0.0,0.5,0.0,0.0,0,0,1330,10
25,0.1,0.6,True,0.1,1.0,1.0,0.55,0.18181818181818182,0.3151632221713219,1,0,1330,9
25,0.1,0.6,False,0.1,1.0,1.0,0.55,0.18181818181818182,0.3151632221713219,1,0,1330,9
25,0.1,0.7,True,0.2,1.0,1.0,0.6,0.33333333333333337,0.4458746296340156,2,0,1330,8
25,0.1,0.7,False,0.2,1.0,1.0,0.6,0.33333333333333337,0.4458746296340156,2,0,1330,8
25,0.1,0.8,True,0.4,1.0,1.0,0.7,0.5714285714285715,0.6310337493465553,4,0,1330,6
25,0.1,0.8,False,0.4,1.0,1.0,0.7,0.5714285714285715,0.6310337493465553,4,0,1330,6
25,0.1,0.9,True,0.5,0.9977443609022556,0.625,0.7488721804511278,0.5555555555555556,0.5560771671276957,5,3,1327,5
25,0.1,0.9,False,0.5,0.9977443609022556,0.625,0.7488721804511278,0.5555555555555556,0.5560771671276957,5,3,1327,5
25,0.1,1.0,True,0.5,0.9977443609022556,0.625,0.7488721804511278,0.5555555555555556,0.5560771671276957,5,3,1327,5
25,0.1,1.0,False,0.5,0.9977443609022556,0.625,0.7488721804511278,0.5555555555555556,0.5560771671276957,5,3,1327,5
25,0.15,0.1,True,0.0,1.0,0.0,0.5,0.0,0.0,0,0,1330,10
25,0.15,0.1,False,0.0,1.0,0.0,0.5,0.0,0.0,0,0,1330,10
25,0.15,0.2,True,0.0,1.0,0.0,0.5,0.0,0.0,0,0,1330,10
25,0.15,0.2,False,0.0,1.0,0.0,0.5,0.0,0.0,0,0,1330,10
25,0.15,0.3,True,0.0,1.0,0.0,0.5,0.0,0.0,0,0,1330,10
25,0.15,0.3,False,0.0,1.0,0.0,0.5,0.0,0.0,0,0,1330,10
25,0.15,0.4,True,0.1,1.0,1.0,0.55,0.18181818181818182,0.3151632221713219,1,0,1330,9
25,0.15,0.4,False,0.1,1.0,1.0,0.55,0.18181818181818182,0.3151632221713219,1,0,1330,9
25,0.15,0.5,True,0.2,1.0,1.0,0.6,0.33333333333333337,0.4458746296340156,2,0,1330,8
25,0.15,0.5,False,0.2,1.0,1.0,0.6,0.33333333333333337,0.4458746296340156,2,0,1330,8
25,0.15,0.6,True,0.3,1.0,1.0,0.65,0.4615384615384615,0.5462868471524166,3,0,1330,7
25,0.15,0.6,False,0.3,1.0,1.0,0.65,0.4615384615384615,0.5462868471524166,3,0,1330,7
25,0.15,0.7,True,0.5,1.0,1.0,0.75,0.6666666666666666,0.7057813689974891,5,0,1330,5
25,0.15,0.7,False,0.5,1.0,1.0,0.75,0.6666666666666666,0.7057813689974891,5,0,1330,5
25,0.15,0.8,True,0.5,1.0,1.0,0.75,0.6666666666666666,0.7057813689974891,5,0,1330,5
25,0.15,0.8,False,0.5,1.0,1.0,0.75,0.6666666666666666,0.7057813689974891,5,0,1330,5
25,0.15,0.9,True,0.5,0.9992481203007518,0.8333333333333334,0.7496240601503759,0.625,0.6435595197197483,5,1,1329,5
25,0.15,0.9,False,0.5,0.9992481203007518,0.8333333333333334,0.7496240601503759,0.625,0.6435595197197483,5,1,1329,5
25,0.15,1.0,True,0.5,0.9992481203007518,0.8333333333333334,0.7496240601503759,0.625,0.6435595197197483,5,1,1329,5
25,0.15,1.0,False,0.5,0.9992481203007518,0.8333333333333334,0.7496240601503759,0.625,0.6435595197197483,5,1,1329,5
25,0.2,0.1,True,0.0,1.0,0.0,0.5,0.0,0.0,0,0,1330,10
25,0.2,0.1,False,0.0,1.0,0.0,0.5,0.0,0.0,0,0,1330,10
25,0.2,0.2,True,0.0,1.0,0.0,0.5,0.0,0.0,0,0,1330,10
25,0.2,0.2,False,0.0,1.0,0.0,0.5,0.0,0.0,0,0,1330,10
25,0.2,0.3,True,0.1,1.0,1.0,0.55,0.18181818181818182,0.3151632221713219,1,0,1330,9
25,0.2,0.3,False,0.1,1.0,1.0,0.55,0.18181818181818182,0.3151632221713219,1,0,1330,9
25,0.2,0.4,True,0.1,1.0,1.0,0.55,0.18181818181818182,0.3151632221713219,1,0,1330,9
25,0.2,0.4,False,0.1,1.0,1.0,0.55,0.18181818181818182,0.3151632221713219,1,0,1330,9
25,0.2,0.5,True,0.3,1.0,1.0,0.65,0.4615384615384615,0.5462868471524166,3,0,1330,7
25,0.2,0.5,False,0.3,1.0,1.0,0.65,0.4615384615384615,0.5462868471524166,3,0,1330,7
25,0.2,0.6,True,0.3,1.0,1.0,0.65,0.4615384615384615,0.5462868471524166,3,0,1330,7
25,0.2,0.6,False,0.3,1.0,1.0,0.65,0.4615384615384615,0.5462868471524166,3,0,1330,7
25,0.2,0.7,True,0.5,1.0,1.0,0.75,0.6666666666666666,0.7057813689974891,5,0,1330,5
25,0.2,0.7,False,0.5,1.0,1.0,0.75,0.6666666666666666,0.7057813689974891,5,0,1330,5
25,0.2,0.8,True,0.6,1.0,1.0,0.8,0.7499999999999999,0.7734344830366855,6,0,1330,4
25,0.2,0.8,False,0.6,1.0,1.0,0.8,0.7499999999999999,0.7734344830366855,6,0,1330,4
25,0.2,0.9,True,0.7,0.9977443609022556,0.7,0.8488721804511278,0.7,0.6977443609022557,7,3,1327,3
25,0.2,0.9,False,0.7,0.9977443609022556,0.7,0.8488721804511278,0.7,0.6977443609022557,7,3,1327,3
25,0.2,1.0,True,0.7,0.9977443609022556,0.7,0.8488721804511278,0.7,0.6977443609022557,7,3,1327,3
25,0.2,1.0,False,0.7,0.9977443609022556,0.7,0.8488721804511278,0.7,0.6977443609022557,7,3,1327,3
25,0.25,0.1,True,0.0,1.0,0.0,0.5,0.0,0.0,0,0,1330,10
25,0.25,0.1,False,0.0,1.0,0.0,0.5,0.0,0.0,0,0,1330,10
25,0.25,0.2,True,0.0,1.0,0.0,0.5,0.0,0.0,0,0,1330,10
25,0.25,0.2,False,0.0,1.0,0.0,0.5,0.0,0.0,0,0,1330,10
25,0.25,0.3,True,0.2,1.0,1.0,0.6,0.33333333333333337,0.4458746296340156,2,0,1330,8
25,0.25,0.3,False,0.2,1.0,1.0,0.6,0.33333333333333337,0.4458746296340156,2,0,1330,8
25,0.25,0.4,True,0.2,1.0,1.0,0.6,0.33333333333333337,0.4458746296340156,2,0,1330,8
25,0.25,0.4,False,0.2,1.0,1.0,0.6,0.33333333333333337,0.4458746296340156,2,0,1330,8
25,0.25,0.5,True,0.4,1.0,1.0,0.7,0.5714285714285715,0.6310337493465553,4,0,1330,6
25,0.25,0.5,False,0.4,1.0,1.0,0.7,0.5714285714285715,0.6310337493465553,4,0,1330,6
25,0.25,0.6,True,0.5,1.0,1.0,0.75,0.6666666666666666,0.7057813689974891,5,0,1330,5
25,0.25,0.6,False,0.5,1.0,1.0,0.75,0.6666666666666666,0.7057813689974891,5,0,1330,5
25,0.25,0.7,True,0.6,0.9984962406015038,0.75,0.7992481203007519,0.6666666666666665,0.6686365937064135,6,2,1328,4
25,0.25,0.7,False,0.6,0.9984962406015038,0.75,0.7992481203007519,0.6666666666666665,0.6686365937064135,6,2,1328,4
25,0.25,0.8,True,0.6,0.9984962406015038,0.75,0.7992481203007519,0.6666666666666665,0.6686365937064135,6,2,1328,4
25,0.25,0.8,False,0.6,0.9984962406015038,0.75,0.7992481203007519,0.6666666666666665,0.6686365937064135,6,2,1328,4
25,0.25,0.9,True,0.8,0.9984962406015038,0.8,0.8992481203007519,0.8000000000000002,0.7984962406015037,8,2,1328,2
25,0.25,0.9,False,0.8,0.9984962406015038,0.8,0.8992481203007519,0.8000000000000002,0.7984962406015037,8,2,1328,2
25,0.25,1.0,True,0.8,0.9984962406015038,0.8,0.8992481203007519,0.8000000000000002,0.7984962406015037,8,2,1328,2
25,0.25,1.0,False,0.8,0.9984962406015038,0.8,0.8992481203007519,0.8000000000000002,0.7984962406015037,8,2,1328,2
25,0.3,0.1,True,0.1,1.0,1.0,0.55,0.18181818181818182,0.3151632221713219,1,0,1330,9
25,0.3,0.1,False,0.1,1.0,1.0,0.55,0.18181818181818182,0.3151632221713219,1,0,1330,9
25,0.3,0.2,True,0.1,1.0,1.0,0.55,0.18181818181818182,0.3151632221713219,1,0,1330,9
25,0.3,0.2,False,0.1,1.0,1.0,0.55,0.18181818181818182,0.3151632221713219,1,0,1330,9
25,0.3,0.3,True,0.3,1.0,1.0,0.65,0.4615384615384615,0.5462868471524166,3,0,1330,7
25,0.3,0.3,False,0.3,1.0,1.0,0.65,0.4615384615384615,0.5462868471524166,3,0,1330,7
25,0.3,0.4,True,0.4,1.0,1.0,0.7,0.5714285714285715,0.6310337493465553,4,0,1330,6
25,0.3,0.4,False,0.4,1.0,1.0,0.7,0.5714285714285715,0.6310337493465553,4,0,1330,6
25,0.3,0.5,True,0.5,1.0,1.0,0.75,0.6666666666666666,0.7057813689974891,5,0,1330,5
25,0.3,0.5,False,0.5,1.0,1.0,0.75,0.6666666666666666,0.7057813689974891,5,0,1330,5
25,0.3,0.6,True,0.7,1.0,1.0,0.85,0.8235294117647058,0.8357180183240863,7,0,1330,3
25,0.3,0.6,False,0.7,1.0,1.0,0.85,0.8235294117647058,0.8357180183240863,7,0,1330,3
25,0.3,0.7,True,0.7,0.9984962406015038,0.7777777777777778,0.8492481203007518,0.7368421052631577,0.7360030449049484,7,2,1328,3
25,0.3,0.7,False,0.7,0.9984962406015038,0.7777777777777778,0.8492481203007518,0.7368421052631577,0.7360030449049484,7,2,1328,3
25,0.3,0.8,True,0.8,0.9984962406015038,0.8,0.8992481203007519,0.8000000000000002,0.7984962406015037,8,2,1328,2
25,0.3,0.8,False,0.8,0.9984962406015038,0.8,0.8992481203007519,0.8000000000000002,0.7984962406015037,8,2,1328,2
25,0.3,0.9,True,0.9,0.9984962406015038,0.8181818181818182,0.9492481203007519,0.8571428571428572,0.8570047948283871,9,2,1328,1
25,0.3,0.9,False,0.9,0.9984962406015038,0.8181818181818182,0.9492481203007519,0.8571428571428572,0.8570047948283871,9,2,1328,1
25,0.3,1.0,True,0.9,0.9984962406015038,0.8181818181818182,0.9492481203007519,0.8571428571428572,0.8570047948283871,9,2,1328,1
25,0.3,1.0,False,0.9,0.9984962406015038,0.8181818181818182,0.9492481203007519,0.8571428571428572,0.8570047948283871,9,2,1328,1
25,0.35,0.1,True,0.1,1.0,1.0,0.55,0.18181818181818182,0.3151632221713219,1,0,1330,9
25,0.35,0.1,False,0.1,1.0,1.0,0.55,0.18181818181818182,0.3151632221713219,1,0,1330,9
25,0.35,0.2,True,0.4,1.0,1.0,0.7,0.5714285714285715,0.6310337493465553,4,0,1330,6
25,0.35,0.2,False,0.4,1.0,1.0,0.7,0.5714285714285715,0.6310337493465553,4,0,1330,6
25,0.35,0.3,True,0.5,1.0,1.0,0.75,0.6666666666666666,0.7057813689974891,5,0,1330,5
25,0.35,0.3,False,0.5,1.0,1.0,0.75,0.6666666666666666,0.7057813689974891,5,0,1330,5
25,0.35,0.4,True,0.6,1.0,1.0,0.8,0.7499999999999999,0.7734344830366855,6,0,1330,4
25,0.35,0.4,False,0.7,1.0,1.0,0.85,0.8235294117647058,0.8357180183240863,7,0,1330,3
25,0.35,0.5,True,0.7,1.0,1.0,0.85,0.8235294117647058,0.8357180183240863,7,0,1330,3
25,0.35,0.5,False,0.8,1.0,1.0,0.9,0.888888888888889,0.8937554468638492,8,0,1330,2
25,0.35,0.6,True,0.8,1.0,1.0,0.9,0.888888888888889,0.8937554468638492,8,0,1330,2
25,0.35,0.6,False,0.9,0.9984962406015038,0.8181818181818182,0.9492481203007519,0.8571428571428572,0.8570047948283871,9,2,1328,1
25,0.35,0.7,True,0.8,0.9984962406015038,0.8,0.8992481203007519,0.8000000000000002,0.7984962406015037,8,2,1328,2
25,0.35,0.7,False,0.9,0.9984962406015038,0.8181818181818182,0.9492481203007519,0.8571428571428572,0.8570047948283871,9,2,1328,1
25,0.35,0.8,True,0.9,0.9984962406015038,0.8181818181818182,0.9492481203007519,0.8571428571428572,0.8570047948283871,9,2,1328,1
25,0.35,0.8,False,1.0,0.9984962406015038,0.8333333333333334,0.9992481203007519,0.9090909090909091,0.9121843018278999,10,2,1328,0
25,0.35,0.9,True,0.9,0.9984962406015038,0.8181818181818182,0.9492481203007519,0.8571428571428572,0.8570047948283871,9,2,1328,1
25,0.35,0.9,False,1.0,0.9984962406015038,0.8333333333333334,0.9992481203007519,0.9090909090909091,0.9121843018278999,10,2,1328,0
25,0.35,1.0,True,0.9,0.9984962406015038,0.8181818181818182,0.9492481203007519,0.8571428571428572,0.8570047948283871,9,2,1328,1
25,0.35,1.0,False,1.0,0.9984962406015038,0.8333333333333334,0.9992481203007519,0.9090909090909091,0.9121843018278999,10,2,1328,0
25,0.4,0.1,True,0.3,1.0,1.0,0.65,0.4615384615384615,0.5462868471524166,3,0,1330,7
25,0.4,0.1,False,0.3,1.0,1.0,0.65,0.4615384615384615,0.5462868471524166,3,0,1330,7
25,0.4,0.2,True,0.6,1.0,1.0,0.8,0.7499999999999999,0.7734344830366855,6,0,1330,4
25,0.4,0.2,False,0.6,1.0,1.0,0.8,0.7499999999999999,0.7734344830366855,6,0,1330,4
25,0.4,0.3,True,0.7,1.0,1.0,0.85,0.8235294117647058,0.8357180183240863,7,0,1330,3
25,0.4,0.3,False,0.7,1.0,1.0,0.85,0.8235294117647058,0.8357180183240863,7,0,1330,3
25,0.4,0.4,True,0.8,1.0,1.0,0.9,0.888888888888889,0.8937554468638492,8,0,1330,2
25,0.4,0.4,False,0.8,1.0,1.0,0.9,0.888888888888889,0.8937554468638492,8,0,1330,2
25,0.4,0.5,True,0.9,1.0,1.0,0.95,0.9473684210526316,0.9483268511853856,9,0,1330,1
25,0.4,0.5,False,0.9,1.0,1.0,0.95,0.9473684210526316,0.9483268511853856,9,0,1330,1
25,0.4,0.6,True,1.0,1.0,1.0,1.0,1.0,1.0,10,0,1330,0
25,0.4,0.6,False,1.0,0.9984962406015038,0.8333333333333334,0.9992481203007519,0.9090909090909091,0.9121843018278999,10,2,1328,0
25,0.4,0.7,True,1.0,0.9984962406015038,0.8333333333333334,0.9992481203007519,0.9090909090909091,0.9121843018278999,10,2,1328,0
25,0.4,0.7,False,1.0,0.9984962406015038,0.8333333333333334,0.9992481203007519,0.9090909090909091,0.9121843018278999,10,2,1328,0
25,0.4,0.8,True,1.0,0.9984962406015038,0.8333333333333334,0.9992481203007519,0.9090909090909091,0.9121843018278999,10,2,1328,0
25,0.4,0.8,False,1.0,0.9984962406015038,0.8333333333333334,0.9992481203007519,0.9090909090909091,0.9121843018278999,10,2,1328,0
25,0.4,0.9,True,1.0,0.9984962406015038,0.8333333333333334,0.9992481203007519,0.9090909090909091,0.9121843018278999,10,2,1328,0
25,0.4,0.9,False,1.0,0.9984962406015038,0.8333333333333334,0.9992481203007519,0.9090909090909091,0.9121843018278999,10,2,1328,0
25,0.4,1.0,True,1.0,0.9984962406015038,0.8333333333333334,0.9992481203007519,0.9090909090909091,0.9121843018278999,10,2,1328,0
25,0.4,1.0,False,1.0,0.9984962406015038,0.8333333333333334,0.9992481203007519,0.9090909090909091,0.9121843018278999,10,2,1328,0
25,0.45,0.1,True,0.3,1.0,1.0,0.65,0.4615384615384615,0.5462868471524166,3,0,1330,7
25,0.45,0.1,False,0.3,1.0,1.0,0.65,0.4615384615384615,0.5462868471524166,3,0,1330,7
25,0.45,0.2,True,0.6,1.0,1.0,0.8,0.7499999999999999,0.7734344830366855,6,0,1330,4
25,0.45,0.2,False,0.6,1.0,1.0,0.8,0.7499999999999999,0.7734344830366855,6,0,1330,4
25,0.45,0.3,True,0.8,1.0,1.0,0.9,0.888888888888889,0.8937554468638492,8,0,1330,2
25,0.45,0.3,False,0.8,1.0,1.0,0.9,0.888888888888889,0.8937554468638492,8,0,1330,2
25,0.45,0.4,True,0.9,1.0,1.0,0.95,0.9473684210526316,0.9483268511853856,9,0,1330,1
25,0.45,0.4,False,0.9,1.0,1.0,0.95,0.9473684210526316,0.9483268511853856,9,0,1330,1
25,0.45,0.5,True,1.0,1.0,1.0,1.0,1.0,1.0,10,0,1330,0
25,0.45,0.5,False,1.0,0.9984962406015038,0.8333333333333334,0.9992481203007519,0.9090909090909091,0.9121843018278999,10,2,1328,0
25,0.45,0.6,True,1.0,1.0,1.0,1.0,1.0,1.0,10,0,1330,0
25,0.45,0.6,False,1.0,0.9984962406015038,0.8333333333333334,0.9992481203007519,0.9090909090909091,0.9121843018278999,10,2,1328,0
25,0.45,0.7,True,1.0,0.9984962406015038,0.8333333333333334,0.9992481203007519,0.9090909090909091,0.9121843018278999,10,2,1328,0
25,0.45,0.7,False,1.0,0.9984962406015038,0.8333333333333334,0.9992481203007519,0.9090909090909091,0.9121843018278999,10,2,1328,0
25,0.45,0.8,True,1.0,0.9984962406015038,0.8333333333333334,0.9992481203007519,0.9090909090909091,0.9121843018278999,10,2,1328,0
25,0.45,0.8,False,1.0,0.9984962406015038,0.8333333333333334,0.9992481203007519,0.9090909090909091,0.9121843018278999,10,2,1328,0
25,0.45,0.9,True,1.0,0.9984962406015038,0.8333333333333334,0.9992481203007519,0.9090909090909091,0.9121843018278999,10,2,1328,0
25,0.45,0.9,False,1.0,0.9984962406015038,0.8333333333333334,0.9992481203007519,0.9090909090909091,0.9121843018278999,10,2,1328,0
25,0.45,1.0,True,1.0,0.9984962406015038,0.8333333333333334,0.9992481203007519,0.9090909090909091,0.9121843018278999,10,2,1328,0
25,0.45,1.0,False,1.0,0.9984962406015038,0.8333333333333334,0.9992481203007519,0.9090909090909091,0.9121843018278999,10,2,1328,0
25,0.5,0.1,True,0.5,1.0,1.0,0.75,0.6666666666666666,0.7057813689974891,5,0,1330,5
25,0.5,0.1,False,0.5,1.0,1.0,0.75,0.6666666666666666,0.7057813689974891,5,0,1330,5
25,0.5,0.2,True,0.7,1.0,1.0,0.85,0.8235294117647058,0.8357180183240863,7,0,1330,3
25,0.5,0.2,False,0.7,1.0,1.0,0.85,0.8235294117647058,0.8357180183240863,7,0,1330,3
25,0.5,0.3,True,0.9,1.0,1.0,0.95,0.9473684210526316,0.9483268511853856,9,0,1330,1
25,0.5,0.3,False,0.9,1.0,1.0,0.95,0.9473684210526316,0.9483268511853856,9,0,1330,1
25,0.5,0.4,True,0.9,1.0,1.0,0.95,0.9473684210526316,0.9483268511853856,9,0,1330,1
25,0.5,0.4,False,0.9,1.0,1.0,0.95,0.9473684210526316,0.9483268511853856,9,0,1330,1
25,0.5,0.5,True,1.0,1.0,1.0,1.0,1.0,1.0,10,0,1330,0
25,0.5,0.5,False,1.0,0.9984962406015038,0.8333333333333334,0.9992481203007519,0.9090909090909091,0.9121843018278999,10,2,1328,0
25,0.5,0.6,True,1.0,1.0,1.0,1.0,1.0,1.0,10,0,1330,0
25,0.5,0.6,False,1.0,0.9984962406015038,0.8333333333333334,0.9992481203007519,0.9090909090909091,0.9121843018278999,10,2,1328,0
25,0.5,0.7,True,1.0,0.9984962406015038,0.8333333333333334,0.9992481203007519,0.9090909090909091,0.9121843018278999,10,2,1328,0
25,0.5,0.7,False,1.0,0.9984962406015038,0.8333333333333334,0.9992481203007519,0.9090909090909091,0.9121843018278999,10,2,1328,0
25,0.5,0.8,True,1.0,0.9984962406015038,0.8333333333333334,0.9992481203007519,0.9090909090909091,0.9121843018278999,10,2,1328,0
25,0.5,0.8,False,1.0,0.9984962406015038,0.8333333333333334,0.9992481203007519,0.9090909090909091,0.9121843018278999,10,2,1328,0
25,0.5,0.9,True,1.0,0.9984962406015038,0.8333333333333334,0.9992481203007519,0.9090909090909091,0.9121843018278999,10,2,1328,0
25,0.5,0.9,False,1.0,0.9984962406015038,0.8333333333333334,0.9992481203007519,0.9090909090909091,0.9121843018278999,10,2,1328,0
25,0.5,1.0,True,1.0,0.9984962406015038,0.8333333333333334,0.9992481203007519,0.9090909090909091,0.9121843018278999,10,2,1328,0
25,0.5,1.0,False,1.0,0.9984962406015038,0.8333333333333334,0.9992481203007519,0.9090909090909091,0.9121843018278999,10,2,1328,0
25,0.55,0.1,True,0.6,1.0,1.0,0.8,0.7499999999999999,0.7734344830366855,6,0,1330,4
25,0.55,0.1,False,0.6,1.0,1.0,0.8,0.7499999999999999,0.7734344830366855,6,0,1330,4
25,0.55,0.2,True,0.8,1.0,1.0,0.9,0.888888888888889,0.8937554468638492,8,0,1330,2
25,0.55,0.2,False,0.8,1.0,1.0,0.9,0.888888888888889,0.8937554468638492,8,0,1330,2
25,0.55,0.3,True,0.9,1.0,1.0,0.95,0.9473684210526316,0.9483268511853856,9,0,1330,1
25,0.55,0.3,False,0.9,1.0,1.0,0.95,0.9473684210526316,0.9483268511853856,9,0,1330,1
25,0.55,0.4,True,0.9,1.0,1.0,0.95,0.9473684210526316,0.9483268511853856,9,0,1330,1
25,0.55,0.4,False,0.9,1.0,1.0,0.95,0.9473684210526316,0.9483268511853856,9,0,1330,1
25,0.55,0.5,True,1.0,1.0,1.0,1.0,1.0,1.0,10,0,1330,0
25,0.55,0.5,False,1.0,0.9984962406015038,0.8333333333333334,0.9992481203007519,0.9090909090909091,0.9121843018278999,10,2,1328,0
25,0.55,0.6,True,1.0,1.0,1.0,1.0,1.0,1.0,10,0,1330,0
25,0.55,0.6,False,1.0,0.9984962406015038,0.8333333333333334,0.9992481203007519,0.9090909090909091,0.9121843018278999,10,2,1328,0
25,0.55,0.7,True,1.0,1.0,1.0,1.0,1.0,1.0,10,0,1330,0
25,0.55,0.7,False,1.0,0.9984962406015038,0.8333333333333334,0.9992481203007519,0.9090909090909091,0.9121843018278999,10,2,1328,0
25,0.55,0.8,True,1.0,1.0,1.0,1.0,1.0,1.0,10,0,1330,0
25,0.55,0.8,False,1.0,0.9984962406015038,0.8333333333333334,0.9992481203007519,0.9090909090909091,0.9121843018278999,10,2,1328,0
25,0.55,0.9,True,1.0,0.9984962406015038,0.8333333333333334,0.9992481203007519,0.9090909090909091,0.9121843018278999,10,2,1328,0
25,0.55,0.9,False,1.0,0.9969924812030075,0.7142857142857143,0.9984962406015038,0.8333333333333333,0.8438823890647184,10,4,1326,0
25,0.55,1.0,True,1.0,0.9984962406015038,0.8333333333333334,0.9992481203007519,0.9090909090909091,0.9121843018278999,10,2,1328,0
25,0.55,1.0,False,1.0,0.9969924812030075,0.7142857142857143,0.9984962406015038,0.8333333333333333,0.8438823890647184,10,4,1326,0
25,0.6,0.1,True,0.7,1.0,1.0,0.85,0.8235294117647058,0.8357180183240863,7,0,1330,3
25,0.6,0.1,False,0.7,1.0,1.0,0.85,0.8235294117647058,0.8357180183240863,7,0,1330,3
25,0.6,0.2,True,0.8,1.0,1.0,0.9,0.888888888888889,0.8937554468638492,8,0,1330,2
25,0.6,0.2,False,0.8,1.0,1.0,0.9,0.888888888888889,0.8937554468638492,8,0,1330,2
25,0.6,0.3,True,0.9,1.0,1.0,0.95,0.9473684210526316,0.9483268511853856,9,0,1330,1
25,0.6,0.3,False,0.9,1.0,1.0,0.95,0.9473684210526316,0.9483268511853856,9,0,1330,1
25,0.6,0.4,True,1.0,1.0,1.0,1.0,1.0,1.0,10,0,1330,0
25,0.6,0.4,False,1.0,1.0,1.0,1.0,1.0,1.0,10,0,1330,0
25,0.6,0.5,True,1.0,1.0,1.0,1.0,1.0,1.0,10,0,1330,0
25,0.6,0.5,False,1.0,0.9984962406015038,0.8333333333333334,0.9992481203007519,0.9090909090909091,0.9121843018278999,10,2,1328,0
25,0.6,0.6,True,1.0,1.0,1.0,1.0,1.0,1.0,10,0,1330,0
25,0.6,0.6,False,1.0,0.9984962406015038,0.8333333333333334,0.9992481203007519,0.9090909090909091,0.9121843018278999,10,2,1328,0
25,0.6,0.7,True,1.0,1.0,1.0,1.0,1.0,1.0,10,0,1330,0
25,0.6,0.7,False,1.0,0.9984962406015038,0.8333333333333334,0.9992481203007519,0.9090909090909091,0.9121843018278999,10,2,1328,0
25,0.6,0.8,True,1.0,1.0,1.0,1.0,1.0,1.0,10,0,1330,0
25,0.6,0.8,False,1.0,0.9984962406015038,0.8333333333333334,0.9992481203007519,0.9090909090909091,0.9121843018278999,10,2,1328,0
25,0.6,0.9,True,1.0,0.9969924812030075,0.7142857142857143,0.9984962406015038,0.8333333333333333,0.8438823890647184,10,4,1326,0
25,0.6,0.9,False,1.0,0.9954887218045113,0.625,0.9977443609022556,0.7692307692307693,0.7887841600386126,10,6,1324,0
25,0.6,1.0,True,1.0,0.9969924812030075,0.7142857142857143,0.9984962406015038,0.8333333333333333,0.8438823890647184,10,4,1326,0
25,0.6,1.0,False,1.0,0.9954887218045113,0.625,0.9977443609022556,0.7692307692307693,0.7887841600386126,10,6,1324,0
25,0.65,0.1,True,0.9,1.0,1.0,0.95,0.9473684210526316,0.9483268511853856,9,0,1330,1
25,0.65,0.1,False,0.9,1.0,1.0,0.95,0.9473684210526316,0.9483268511853856,9,0,1330,1
25,0.65,0.2,True,1.0,1.0,1.0,1.0,1.0,1.0,10,0,1330,0
25,0.65,0.2,False,1.0,1.0,1.0,1.0,1.0,1.0,10,0,1330,0
25,0.65,0.3,True,1.0,1.0,1.0,1.0,1.0,1.0,10,0,1330,0
25,0.65,0.3,False,1.0,1.0,1.0,1.0,1.0,1.0,10,0,1330,0
25,0.65,0.4,True,1.0,1.0,1.0,1.0,1.0,1.0,10,0,1330,0
25,0.65,0.4,False,1.0,0.9969924812030075,0.7142857142857143,0.9984962406015038,0.8333333333333333,0.8438823890647184,10,4,1326,0
25,0.65,0.5,True,1.0,1.0,1.0,1.0,1.0,1.0,10,0,1330,0
25,0.65,0.5,False,1.0,0.9969924812030075,0.7142857142857143,0.9984962406015038,0.8333333333333333,0.8438823890647184,10,4,1326,0
25,0.65,0.6,True,1.0,1.0,1.0,1.0,1.0,1.0,10,0,1330,0
25,0.65,0.6,False,1.0,0.9969924812030075,0.7142857142857143,0.9984962406015038,0.8333333333333333,0.8438823890647184,10,4,1326,0
25,0.65,0.7,True,1.0,1.0,1.0,1.0,1.0,1.0,10,0,1330,0
25,0.65,0.7,False,1.0,0.9969924812030075,0.7142857142857143,0.9984962406015038,0.8333333333333333,0.8438823890647184,10,4,1326,0
25,0.65,0.8,True,1.0,1.0,1.0,1.0,1.0,1.0,10,0,1330,0
25,0.65,0.8,False,1.0,0.9969924812030075,0.7142857142857143,0.9984962406015038,0.8333333333333333,0.8438823890647184,10,4,1326,0
25,0.65,0.9,True,1.0,0.9984962406015038,0.8333333333333334,0.9992481203007519,0.9090909090909091,0.9121843018278999,10,2,1328,0
25,0.65,0.9,False,1.0,0.9954887218045113,0.625,0.9977443609022556,0.7692307692307693,0.7887841600386126,10,6,1324,0
25,0.65,1.0,True,1.0,0.9984962406015038,0.8333333333333334,0.9992481203007519,0.9090909090909091,0.9121843018278999,10,2,1328,0
25,0.65,1.0,False,1.0,0.9954887218045113,0.625,0.9977443609022556,0.7692307692307693,0.7887841600386126,10,6,1324,0
25,0.7,0.1,True,0.9,1.0,1.0,0.95,0.9473684210526316,0.9483268511853856,9,0,1330,1
25,0.7,0.1,False,0.9,1.0,1.0,0.95,0.9473684210526316,0.9483268511853856,9,0,1330,1
25,0.7,0.2,True,1.0,1.0,1.0,1.0,1.0,1.0,10,0,1330,0
25,0.7,0.2,False,1.0,1.0,1.0,1.0,1.0,1.0,10,0,1330,0
25,0.7,0.3,True,1.0,1.0,1.0,1.0,1.0,1.0,10,0,1330,0
25,0.7,0.3,False,1.0,1.0,1.0,1.0,1.0,1.0,10,0,1330,0
25,0.7,0.4,True,1.0,1.0,1.0,1.0,1.0,1.0,10,0,1330,0
25,0.7,0.4,False,1.0,0.9969924812030075,0.7142857142857143,0.9984962406015038,0.8333333333333333,0.8438823890647184,10,4,1326,0
25,0.7,0.5,True,1.0,1.0,1.0,1.0,1.0,1.0,10,0,1330,0
25,0.7,0.5,False,1.0,0.9969924812030075,0.7142857142857143,0.9984962406015038,0.8333333333333333,0.8438823890647184,10,4,1326,0
25,0.7,0.6,True,1.0,1.0,1.0,1.0,1.0,1.0,10,0,1330,0
25,0.7,0.6,False,1.0,0.9969924812030075,0.7142857142857143,0.9984962406015038,0.8333333333333333,0.8438823890647184,10,4,1326,0
25,0.7,0.7,True,1.0,0.9984962406015038,0.8333333333333334,0.9992481203007519,0.9090909090909091,0.9121843018278999,10,2,1328,0
25,0.7,0.7,False,1.0,0.9954887218045113,0.625,0.9977443609022556,0.7692307692307693,0.7887841600386126,10,6,1324,0
25,0.7,0.8,True,1.0,0.9984962406015038,0.8333333333333334,0.9992481203007519,0.9090909090909091,0.9121843018278999,10,2,1328,0
25,0.7,0.8,False,1.0,0.9954887218045113,0.625,0.9977443609022556,0.7692307692307693,0.7887841600386126,10,6,1324,0
25,0.7,0.9,True,1.0,0.9969924812030075,0.7142857142857143,0.9984962406015038,0.8333333333333333,0.8438823890647184,10,4,1326,0
25,0.7,0.9,False,1.0,0.9954887218045113,0.625,0.9977443609022556,0.7692307692307693,0.7887841600386126,10,6,1324,0
25,0.7,1.0,True,1.0,0.9969924812030075,0.7142857142857143,0.9984962406015038,0.8333333333333333,0.8438823890647184,10,4,1326,0
25,0.7,1.0,False,1.0,0.9954887218045113,0.625,0.9977443609022556,0.7692307692307693,0.7887841600386126,10,6,1324,0
25,0.75,0.1,True,0.9,1.0,1.0,0.95,0.9473684210526316,0.9483268511853856,9,0,1330,1
25,0.75,0.1,False,0.9,1.0,1.0,0.95,0.9473684210526316,0.9483268511853856,9,0,1330,1
25,0.75,0.2,True,1.0,1.0,1.0,1.0,1.0,1.0,10,0,1330,0
25,0.75,0.2,False,1.0,1.0,1.0,1.0,1.0,1.0,10,0,1330,0
25,0.75,0.3,True,1.0,1.0,1.0,1.0,1.0,1.0,10,0,1330,0
25,0.75,0.3,False,1.0,0.9984962406015038,0.8333333333333334,0.9992481203007519,0.9090909090909091,0.9121843018278999,10,2,1328,0
25,0.75,0.4,True,1.0,1.0,1.0,1.0,1.0,1.0,10,0,1330,0
25,0.75,0.4,False,1.0,0.9969924812030075,0.7142857142857143,0.9984962406015038,0.8333333333333333,0.8438823890647184,10,4,1326,0
25,0.75,0.5,True,1.0,1.0,1.0,1.0,1.0,1.0,10,0,1330,0
25,0.75,0.5,False,1.0,0.9969924812030075,0.7142857142857143,0.9984962406015038,0.8333333333333333,0.8438823890647184,10,4,1326,0
25,0.75,0.6,True,1.0,0.9984962406015038,0.8333333333333334,0.9992481203007519,0.9090909090909091,0.9121843018278999,10,2,1328,0
25,0.75,0.6,False,1.0,0.9939849624060151,0.5555555555555556,0.9969924812030075,0.7142857142857143,0.7431109392300329,10,8,1322,0
25,0.75,0.7,True,1.0,0.9984962406015038,0.8333333333333334,0.9992481203007519,0.9090909090909091,0.9121843018278999,10,2,1328,0
25,0.75,0.7,False,1.0,0.9939849624060151,0.5555555555555556,0.9969924812030075,0.7142857142857143,0.7431109392300329,10,8,1322,0
25,0.75,0.8,True,1.0,0.9984962406015038,0.8333333333333334,0.9992481203007519,0.9090909090909091,0.9121843018278999,10,2,1328,0
25,0.75,0.8,False,1.0,0.9939849624060151,0.5555555555555556,0.9969924812030075,0.7142857142857143,0.7431109392300329,10,8,1322,0
25,0.75,0.9,True,1.0,0.9969924812030075,0.7142857142857143,0.9984962406015038,0.8333333333333333,0.8438823890647184,10,4,1326,0
25,0.75,0.9,False,1.0,0.9939849624060151,0.5555555555555556,0.9969924812030075,0.7142857142857143,0.7431109392300329,10,8,1322,0
25,0.75,1.0,True,1.0,0.9969924812030075,0.7142857142857143,0.9984962406015038,0.8333333333333333,0.8438823890647184,10,4,1326,0
25,0.75,1.0,False,1.0,0.9939849624060151,0.5555555555555556,0.9969924812030075,0.7142857142857143,0.7431109392300329,10,8,1322,0
25,0.8,0.1,True,1.0,1.0,1.0,1.0,1.0,1.0,10,0,1330,0
25,0.8,0.1,False,1.0,1.0,1.0,1.0,1.0,1.0,10,0,1330,0
25,0.8,0.2,True,1.0,1.0,1.0,1.0,1.0,1.0,10,0,1330,0
25,0.8,0.2,False,1.0,1.0,1.0,1.0,1.0,1.0,10,0,1330,0
25,0.8,0.3,True,1.0,1.0,1.0,1.0,1.0,1.0,10,0,1330,0
25,0.8,0.3,False,1.0,0.9969924812030075,0.7142857142857143,0.9984962406015038,0.8333333333333333,0.8438823890647184,10,4,1326,0
25,0.8,0.4,True,1.0,1.0,1.0,1.0,1.0,1.0,10,0,1330,0
25,0.8,0.4,False,1.0,0.9954887218045113,0.625,0.9977443609022556,0.7692307692307693,0.7887841600386126,10,6,1324,0
25,0.8,0.5,True,1.0,1.0,1.0,1.0,1.0,1.0,10,0,1330,0
25,0.8,0.5,False,1.0,0.9954887218045113,0.625,0.9977443609022556,0.7692307692307693,0.7887841600386126,10,6,1324,0
25,0.8,0.6,True,1.0,0.9984962406015038,0.8333333333333334,0.9992481203007519,0.9090909090909091,0.9121843018278999,10,2,1328,0
25,0.8,0.6,False,1.0,0.9924812030075187,0.5,0.9962406015037594,0.6666666666666666,0.7044434693456667,10,10,1320,0
25,0.8,0.7,True,1.0,0.9984962406015038,0.8333333333333334,0.9992481203007519,0.9090909090909091,0.9121843018278999,10,2,1328,0
25,0.8,0.7,False,1.0,0.9924812030075187,0.5,0.9962406015037594,0.6666666666666666,0.7044434693456667,10,10,1320,0
25,0.8,0.8,True,1.0,0.9984962406015038,0.8333333333333334,0.9992481203007519,0.9090909090909091,0.9121843018278999,10,2,1328,0
25,0.8,0.8,False,1.0,0.9924812030075187,0.5,0.9962406015037594,0.6666666666666666,0.7044434693456667,10,10,1320,0
25,0.8,0.9,True,1.0,0.9984962406015038,0.8333333333333334,0.9992481203007519,0.9090909090909091,0.9121843018278999,10,2,1328,0
25,0.8,0.9,False,1.0,0.9924812030075187,0.5,0.9962406015037594,0.6666666666666666,0.7044434693456667,10,10,1320,0
25,0.8,1.0,True,1.0,0.9984962406015038,0.8333333333333334,0.9992481203007519,0.9090909090909091,0.9121843018278999,10,2,1328,0
25,0.8,1.0,False,1.0,0.9924812030075187,0.5,0.9962406015037594,0.6666666666666666,0.7044434693456667,10,10,1320,0
25,0.85,0.1,True,1.0,1.0,1.0,1.0,1.0,1.0,10,0,1330,0
25,0.85,0.1,False,1.0,1.0,1.0,1.0,1.0,1.0,10,0,1330,0
25,0.85,0.2,True,1.0,1.0,1.0,1.0,1.0,1.0,10,0,1330,0
25,0.85,0.2,False,1.0,0.9969924812030075,0.7142857142857143,0.9984962406015038,0.8333333333333333,0.8438823890647184,10,4,1326,0
25,0.85,0.3,True,1.0,1.0,1.0,1.0,1.0,1.0,10,0,1330,0
25,0.85,0.3,False,1.0,0.9947368421052631,0.5882352941176471,0.9973684210526316,0.7407407407407407,0.7649439972216586,10,7,1323,0
25,0.85,0.4,True,1.0,1.0,1.0,1.0,1.0,1.0,10,0,1330,0
25,0.85,0.4,False,1.0,0.9947368421052631,0.5882352941176471,0.9973684210526316,0.7407407407407407,0.7649439972216586,10,7,1323,0
25,0.85,0.5,True,1.0,0.9984962406015038,0.8333333333333334,0.9992481203007519,0.9090909090909091,0.9121843018278999,10,2,1328,0
25,0.85,0.5,False,1.0,0.9932330827067669,0.5263157894736842,0.9966165413533834,0.6896551724137931,0.7230174645582174,10,9,1321,0
25,0.85,0.6,True,1.0,0.9984962406015038,0.8333333333333334,0.9992481203007519,0.9090909090909091,0.9121843018278999,10,2,1328,0
25,0.85,0.6,False,1.0,0.9932330827067669,0.5263157894736842,0.9966165413533834,0.6896551724137931,0.7230174645582174,10,9,1321,0
25,0.85,0.7,True,1.0,0.9984962406015038,0.8333333333333334,0.9992481203007519,0.9090909090909091,0.9121843018278999,10,2,1328,0
25,0.85,0.7,False,1.0,0.9932330827067669,0.5263157894736842,0.9966165413533834,0.6896551724137931,0.7230174645582174,10,9,1321,0
25,0.85,0.8,True,1.0,0.9984962406015038,0.8333333333333334,0.9992481203007519,0.9090909090909091,0.9121843018278999,10,2,1328,0
25,0.85,0.8,False,1.0,0.9932330827067669,0.5263157894736842,0.9966165413533834,0.6896551724137931,0.7230174645582174,10,9,1321,0
25,0.85,0.9,True,1.0,0.9984962406015038,0.8333333333333334,0.9992481203007519,0.9090909090909091,0.9121843018278999,10,2,1328,0
25,0.85,0.9,False,1.0,0.9932330827067669,0.5263157894736842,0.9966165413533834,0.6896551724137931,0.7230174645582174,10,9,1321,0
25,0.85,1.0,True,1.0,0.9984962406015038,0.8333333333333334,0.9992481203007519,0.9090909090909091,0.9121843018278999,10,2,1328,0
25,0.85,1.0,False,1.0,0.9932330827067669,0.5263157894736842,0.9966165413533834,0.6896551724137931,0.7230174645582174,10,9,1321,0
25,0.9,0.1,True,1.0,1.0,1.0,1.0,1.0,1.0,10,0,1330,0
25,0.9,0.1,False,1.0,0.9984962406015038,0.8333333333333334,0.9992481203007519,0.9090909090909091,0.9121843018278999,10,2,1328,0
25,0.9,0.2,True,1.0,1.0,1.0,1.0,1.0,1.0,10,0,1330,0
25,0.9,0.2,False,1.0,0.9969924812030075,0.7142857142857143,0.9984962406015038,0.8333333333333333,0.8438823890647184,10,4,1326,0
25,0.9,0.3,True,1.0,1.0,1.0,1.0,1.0,1.0,10,0,1330,0
25,0.9,0.3,False,1.0,0.9947368421052631,0.5882352941176471,0.9973684210526316,0.7407407407407407,0.7649439972216586,10,7,1323,0
25,0.9,0.4,True,1.0,0.9984962406015038,0.8333333333333334,0.9992481203007519,0.9090909090909091,0.9121843018278999,10,2,1328,0
25,0.9,0.4,False,1.0,0.9932330827067669,0.5263157894736842,0.9966165413533834,0.6896551724137931,0.7230174645582174,10,9,1321,0
25,0.9,0.5,True,1.0,0.9969924812030075,0.7142857142857143,0.9984962406015038,0.8333333333333333,0.8438823890647184,10,4,1326,0
25,0.9,0.5,False,1.0,0.9932330827067669,0.5263157894736842,0.9966165413533834,0.6896551724137931,0.7230174645582174,10,9,1321,0
25,0.9,0.6,True,1.0,0.9969924812030075,0.7142857142857143,0.9984962406015038,0.8333333333333333,0.8438823890647184,10,4,1326,0
25,0.9,0.6,False,1.0,0.9932330827067669,0.5263157894736842,0.9966165413533834,0.6896551724137931,0.7230174645582174,10,9,1321,0
25,0.9,0.7,True,1.0,0.9969924812030075,0.7142857142857143,0.9984962406015038,0.8333333333333333,0.8438823890647184,10,4,1326,0
25,0.9,0.7,False,1.0,0.9932330827067669,0.5263157894736842,0.9966165413533834,0.6896551724137931,0.7230174645582174,10,9,1321,0
25,0.9,0.8,True,1.0,0.9969924812030075,0.7142857142857143,0.9984962406015038,0.8333333333333333,0.8438823890647184,10,4,1326,0
25,0.9,0.8,False,1.0,0.9932330827067669,0.5263157894736842,0.9966165413533834,0.6896551724137931,0.7230174645582174,10,9,1321,0
25,0.9,0.9,True,1.0,0.9969924812030075,0.7142857142857143,0.9984962406015038,0.8333333333333333,0.8438823890647184,10,4,1326,0
25,0.9,0.9,False,1.0,0.9932330827067669,0.5263157894736842,0.9966165413533834,0.6896551724137931,0.7230174645582174,10,9,1321,0
25,0.9,1.0,True,1.0,0.9969924812030075,0.7142857142857143,0.9984962406015038,0.8333333333333333,0.8438823890647184,10,4,1326,0
25,0.9,1.0,False,1.0,0.9932330827067669,0.5263157894736842,0.9966165413533834,0.6896551724137931,0.7230174645582174,10,9,1321,0
25,0.95,0.1,True,1.0,1.0,1.0,1.0,1.0,1.0,10,0,1330,0
25,0.95,0.1,False,1.0,0.9969924812030075,0.7142857142857143,0.9984962406015038,0.8333333333333333,0.8438823890647184,10,4,1326,0
25,0.95,0.2,True,1.0,1.0,1.0,1.0,1.0,1.0,10,0,1330,0
25,0.95,0.2,False,1.0,0.9947368421052631,0.5882352941176471,0.9973684210526316,0.7407407407407407,0.7649439972216586,10,7,1323,0
25,0.95,0.3,True,1.0,1.0,1.0,1.0,1.0,1.0,10,0,1330,0
25,0.95,0.3,False,1.0,0.9947368421052631,0.5882352941176471,0.9973684210526316,0.7407407407407407,0.7649439972216586,10,7,1323,0
25,0.95,0.4,True,1.0,0.9984962406015038,0.8333333333333334,0.9992481203007519,0.9090909090909091,0.9121843018278999,10,2,1328,0
25,0.95,0.4,False,1.0,0.9947368421052631,0.5882352941176471,0.9973684210526316,0.7407407407407407,0.7649439972216586,10,7,1323,0
25,0.95,0.5,True,1.0,0.9984962406015038,0.8333333333333334,0.9992481203007519,0.9090909090909091,0.9121843018278999,10,2,1328,0
25,0.95,0.5,False,1.0,0.9947368421052631,0.5882352941176471,0.9973684210526316,0.7407407407407407,0.7649439972216586,10,7,1323,0
25,0.95,0.6,True,1.0,0.9984962406015038,0.8333333333333334,0.9992481203007519,0.9090909090909091,0.9121843018278999,10,2,1328,0
25,0.95,0.6,False,1.0,0.9947368421052631,0.5882352941176471,0.9973684210526316,0.7407407407407407,0.7649439972216586,10,7,1323,0
25,0.95,0.7,True,1.0,0.9984962406015038,0.8333333333333334,0.9992481203007519,0.9090909090909091,0.9121843018278999,10,2,1328,0
25,0.95,0.7,False,1.0,0.9947368421052631,0.5882352941176471,0.9973684210526316,0.7407407407407407,0.7649439972216586,10,7,1323,0
25,0.95,0.8,True,1.0,0.9984962406015038,0.8333333333333334,0.9992481203007519,0.9090909090909091,0.9121843018278999,10,2,1328,0
25,0.95,0.8,False,1.0,0.9947368421052631,0.5882352941176471,0.9973684210526316,0.7407407407407407,0.7649439972216586,10,7,1323,0
25,0.95,0.9,True,1.0,0.9984962406015038,0.8333333333333334,0.9992481203007519,0.9090909090909091,0.9121843018278999,10,2,1328,0
25,0.95,0.9,False,1.0,0.9947368421052631,0.5882352941176471,0.9973684210526316,0.7407407407407407,0.7649439972216586,10,7,1323,0
25,0.95,1.0,True,1.0,0.9984962406015038,0.8333333333333334,0.9992481203007519,0.9090909090909091,0.9121843018278999,10,2,1328,0
25,0.95,1.0,False,1.0,0.9947368421052631,0.5882352941176471,0.9973684210526316,0.7407407407407407,0.7649439972216586,10,7,1323,0
25,1.0,0.1,True,1.0,0.9984962406015038,0.8333333333333334,0.9992481203007519,0.9090909090909091,0.9121843018278999,10,2,1328,0
25,1.0,0.1,False,1.0,0.9939849624060151,0.5555555555555556,0.9969924812030075,0.7142857142857143,0.7431109392300329,10,8,1322,0
25,1.0,0.2,True,1.0,0.9984962406015038,0.8333333333333334,0.9992481203007519,0.9090909090909091,0.9121843018278999,10,2,1328,0
25,1.0,0.2,False,1.0,0.9939849624060151,0.5555555555555556,0.9969924812030075,0.7142857142857143,0.7431109392300329,10,8,1322,0
25,1.0,0.3,True,1.0,0.9984962406015038,0.8333333333333334,0.9992481203007519,0.9090909090909091,0.9121843018278999,10,2,1328,0
25,1.0,0.3,False,1.0,0.9939849624060151,0.5555555555555556,0.9969924812030075,0.7142857142857143,0.7431109392300329,10,8,1322,0
25,1.0,0.4,True,1.0,0.9984962406015038,0.8333333333333334,0.9992481203007519,0.9090909090909091,0.9121843018278999,10,2,1328,0
25,1.0,0.4,False,1.0,0.9939849624060151,0.5555555555555556,0.9969924812030075,0.7142857142857143,0.7431109392300329,10,8,1322,0
25,1.0,0.5,True,1.0,0.9984962406015038,0.8333333333333334,0.9992481203007519,0.9090909090909091,0.9121843018278999,10,2,1328,0
25,1.0,0.5,False,1.0,0.9939849624060151,0.5555555555555556,0.9969924812030075,0.7142857142857143,0.7431109392300329,10,8,1322,0
25,1.0,0.6,True,1.0,0.9984962406015038,0.8333333333333334,0.9992481203007519,0.9090909090909091,0.9121843018278999,10,2,1328,0
25,1.0,0.6,False,1.0,0.9939849624060151,0.5555555555555556,0.9969924812030075,0.7142857142857143,0.7431109392300329,10,8,1322,0
25,1.0,0.7,True,1.0,0.9984962406015038,0.8333333333333334,0.9992481203007519,0.9090909090909091,0.9121843018278999,10,2,1328,0
25,1.0,0.7,False,1.0,0.9939849624060151,0.5555555555555556,0.9969924812030075,0.7142857142857143,0.7431109392300329,10,8,1322,0
25,1.0,0.8,True,1.0,0.9984962406015038,0.8333333333333334,0.9992481203007519,0.9090909090909091,0.9121843018278999,10,2,1328,0
25,1.0,0.8,False,1.0,0.9939849624060151,0.5555555555555556,0.9969924812030075,0.7142857142857143,0.7431109392300329,10,8,1322,0
25,1.0,0.9,True,1.0,0.9984962406015038,0.8333333333333334,0.9992481203007519,0.9090909090909091,0.9121843018278999,10,2,1328,0
25,1.0,0.9,False,1.0,0.9939849624060151,0.5555555555555556,0.9969924812030075,0.7142857142857143,0.7431109392300329,10,8,1322,0
25,1.0,1.0,True,1.0,0.9984962406015038,0.8333333333333334,0.9992481203007519,0.9090909090909091,0.9121843018278999,10,2,1328,0
25,1.0,1.0,False,1.0,0.9939849624060151,0.5555555555555556,0.9969924812030075,0.7142857142857143,0.7431109392300329,10,8,1322,0
