Time: 2026-05-12 23:15:25
Log Dir: logs/2026-05-12_23-15-25/Ours_GeFL
================================================================================

==============================        Args        ==============================
  exp_timestamp: None
  exp_conf: ./configs/het-iid-exp.yaml
  device: cuda:1
  seed: 15698
  algorithm: Ours_GeFL
  num_new_clients: 1
  num_train_mnist: 10
  num_train_emnist: 10
  num_train_fashionmnist: 0
  num_train_cifar10: 10
  num_train_cifar100: 0
  num_train_usps: 0
================================================================================
==============================    Exp Configs     ==============================
exp_name: model-heterogeneity
heterogeneous: true
dirichlet_alpha: 100
global_rounds: 55
local_epochs: 1
local_loss_fn: CrossEntropyLoss
local_optim: Adam
local_lr: 0.001
batch_size: 64
sample_frac: 1.0
test_interval: 1
metric_type: accuracy
global_feature_dim: 256
optim: Adam
optim_lr: 0.001
global_gen_epochs: 10
gen_noise_dim: 128
gen_optim: Adam
gen_optim_lr: 0.001
global_feat_gen_epochs: 10
feat_gen_noise_dim: 128
feat_gen_optim: Adam
feat_gen_optim_lr: 0.001
feat_gen_div_beta: 1.0
public_data_ratio: 0.05
start_mapping_epoch: 25
gen_observer_weight: 1.0
index_matching: gan
aggregate_method: dataset_name
use_new_entropy_method: true
entropy_ratio: 0.85
global_model_epochs: 5
global_model_optim: Adam
global_model_optim_lr: 0.0001
global_samples_per_class: 64

================================================================================

==================================================
Start 55 rounds training by Ours_GeFL
Selected client ids: [0, 1, 2, 3, 4, 5, 6, 7, 8, 9, 10, 11, 12, 13, 14, 15, 16, 17, 18, 19, 20, 21, 22, 23, 24, 25, 26, 27, 28, 29]
--- Round 1 ---
Client 0 (MNIST) | Target Loss: 0.9820 | G Loss: 2.3939 | D Loss: 0.3262
Client 1 (MNIST) | Target Loss: 1.4843 | G Loss: 2.8133 | D Loss: 0.2860
Client 2 (MNIST) | Target Loss: 0.8274 | G Loss: 2.9106 | D Loss: 0.2799
Client 3 (MNIST) | Target Loss: 0.4776 | G Loss: 2.8606 | D Loss: 0.2983
Client 4 (MNIST) | Target Loss: 1.6307 | G Loss: 2.7323 | D Loss: 0.3001
Client 5 (MNIST) | Target Loss: 1.7751 | G Loss: 2.7044 | D Loss: 0.3070
Client 6 (MNIST) | Target Loss: 1.2701 | G Loss: 2.4829 | D Loss: 0.3143
Client 7 (MNIST) | Target Loss: 1.3376 | G Loss: 2.4542 | D Loss: 0.3244
Client 8 (MNIST) | Target Loss: 1.7548 | G Loss: 2.5057 | D Loss: 0.3213
Client 9 (MNIST) | Target Loss: 1.7184 | G Loss: 2.6232 | D Loss: 0.3028
Client 11 (EMNIST) | Target Loss: 1.2249 | G Loss: 2.1093 | D Loss: 0.3110
Client 12 (EMNIST) | Target Loss: 1.3411 | G Loss: 2.1565 | D Loss: 0.3119
Client 13 (EMNIST) | Target Loss: 0.9339 | G Loss: 2.1010 | D Loss: 0.3135
Client 14 (EMNIST) | Target Loss: 0.7370 | G Loss: 2.1188 | D Loss: 0.3124
Client 15 (EMNIST) | Target Loss: 1.4854 | G Loss: 2.0804 | D Loss: 0.3201
Client 16 (EMNIST) | Target Loss: 2.0702 | G Loss: 2.0462 | D Loss: 0.3221
Client 17 (EMNIST) | Target Loss: 1.1904 | G Loss: 2.0663 | D Loss: 0.3221
Client 18 (EMNIST) | Target Loss: 1.3099 | G Loss: 2.0715 | D Loss: 0.3230
Client 19 (EMNIST) | Target Loss: 1.7236 | G Loss: 2.0248 | D Loss: 0.3324
Client 20 (EMNIST) | Target Loss: 1.6384 | G Loss: 2.1085 | D Loss: 0.3099
Client 22 (CIFAR10) | Target Loss: 2.0153 | G Loss: 2.4481 | D Loss: 0.3842
Client 23 (CIFAR10) | Target Loss: 1.9288 | G Loss: 2.4671 | D Loss: 0.3790
Client 24 (CIFAR10) | Target Loss: 1.8610 | G Loss: 2.4070 | D Loss: 0.3806
Client 25 (CIFAR10) | Target Loss: 1.9161 | G Loss: 2.8303 | D Loss: 0.3360
Client 26 (CIFAR10) | Target Loss: 2.1891 | G Loss: 2.6876 | D Loss: 0.3609
Client 27 (CIFAR10) | Target Loss: 1.9885 | G Loss: 2.7193 | D Loss: 0.3531
Client 28 (CIFAR10) | Target Loss: 2.1837 | G Loss: 2.6292 | D Loss: 0.3562
Client 29 (CIFAR10) | Target Loss: 2.1353 | G Loss: 2.6117 | D Loss: 0.3748
Client 30 (CIFAR10) | Target Loss: 2.2405 | G Loss: 3.3434 | D Loss: 0.2893
Client 31 (CIFAR10) | Target Loss: 2.1661 | G Loss: 2.3861 | D Loss: 0.3727
Round 1 | Client 0 | Model: (MLP) | Acc: 82.99%
Round 1 | Client 1 | Model: (CNN) | Acc: 68.00%
Round 1 | Client 2 | Model: (ResNet8) | Acc: 77.24%
Round 1 | Client 3 | Model: (ResNet18) | Acc: 94.00%
Round 1 | Client 4 | Model: (MobileNetV2) | Acc: 65.52%
Round 1 | Client 5 | Model: (MobileNetV3) | Acc: 51.84%
Round 1 | Client 6 | Model: (LeNet) | Acc: 85.67%
Round 1 | Client 7 | Model: (AlexNet) | Acc: 82.32%
Round 1 | Client 8 | Model: (ShuffleNet) | Acc: 59.80%
Round 1 | Client 9 | Model: (SqueezeNet) | Acc: 67.98%
Round 1 | Client 11 | Model: (MLP) | Acc: 74.47%
Round 1 | Client 12 | Model: (CNN) | Acc: 54.78%
Round 1 | Client 13 | Model: (ResNet8) | Acc: 79.05%
Round 1 | Client 14 | Model: (ResNet18) | Acc: 79.89%
Round 1 | Client 15 | Model: (MobileNetV2) | Acc: 73.23%
Round 1 | Client 16 | Model: (MobileNetV3) | Acc: 43.99%
Round 1 | Client 17 | Model: (LeNet) | Acc: 77.88%
Round 1 | Client 18 | Model: (AlexNet) | Acc: 81.49%
Round 1 | Client 19 | Model: (ShuffleNet) | Acc: 71.36%
Round 1 | Client 20 | Model: (SqueezeNet) | Acc: 69.37%
Round 1 | Client 22 | Model: (MLP) | Acc: 34.41%
Round 1 | Client 23 | Model: (CNN) | Acc: 32.31%
Round 1 | Client 24 | Model: (ResNet8) | Acc: 33.83%
Round 1 | Client 25 | Model: (ResNet18) | Acc: 32.30%
Round 1 | Client 26 | Model: (MobileNetV2) | Acc: 19.52%
Round 1 | Client 27 | Model: (MobileNetV3) | Acc: 32.08%
Round 1 | Client 28 | Model: (LeNet) | Acc: 22.66%
Round 1 | Client 29 | Model: (AlexNet) | Acc: 23.78%
Round 1 | Client 30 | Model: (ShuffleNet) | Acc: 19.08%
Round 1 | Client 31 | Model: (SqueezeNet) | Acc: 22.47%
Selected client ids: [0, 1, 2, 3, 4, 5, 6, 7, 8, 9, 10, 11, 12, 13, 14, 15, 16, 17, 18, 19, 20, 21, 22, 23, 24, 25, 26, 27, 28, 29]
--- Round 2 ---
Client 0 (MNIST) | Target Loss: 0.4192 | G Loss: 2.1267 | D Loss: 0.4245
Client 1 (MNIST) | Target Loss: 0.4474 | G Loss: 2.0281 | D Loss: 0.4281
Client 2 (MNIST) | Target Loss: 0.2077 | G Loss: 2.0969 | D Loss: 0.4373
Client 3 (MNIST) | Target Loss: 0.1252 | G Loss: 2.1895 | D Loss: 0.4236
Client 4 (MNIST) | Target Loss: 0.6922 | G Loss: 1.9809 | D Loss: 0.4486
Client 5 (MNIST) | Target Loss: 1.2198 | G Loss: 2.0789 | D Loss: 0.4371
Client 6 (MNIST) | Target Loss: 0.3661 | G Loss: 2.1601 | D Loss: 0.4179
Client 7 (MNIST) | Target Loss: 0.3778 | G Loss: 2.0045 | D Loss: 0.4410
Client 8 (MNIST) | Target Loss: 1.0177 | G Loss: 1.9925 | D Loss: 0.4445
Client 9 (MNIST) | Target Loss: 0.7544 | G Loss: 2.1449 | D Loss: 0.4221
Client 11 (EMNIST) | Target Loss: 0.7435 | G Loss: 2.5120 | D Loss: 0.2849
Client 12 (EMNIST) | Target Loss: 0.6788 | G Loss: 2.3601 | D Loss: 0.3093
Client 13 (EMNIST) | Target Loss: 0.5058 | G Loss: 2.3493 | D Loss: 0.3067
Client 14 (EMNIST) | Target Loss: 0.4628 | G Loss: 2.4638 | D Loss: 0.2982
Client 15 (EMNIST) | Target Loss: 0.7510 | G Loss: 2.3216 | D Loss: 0.3230
Client 16 (EMNIST) | Target Loss: 1.2293 | G Loss: 2.3685 | D Loss: 0.3043
Client 17 (EMNIST) | Target Loss: 0.5997 | G Loss: 2.4804 | D Loss: 0.2901
Client 18 (EMNIST) | Target Loss: 0.4966 | G Loss: 2.2824 | D Loss: 0.3227
Client 19 (EMNIST) | Target Loss: 0.8217 | G Loss: 2.4402 | D Loss: 0.2922
Client 20 (EMNIST) | Target Loss: 0.8100 | G Loss: 2.4340 | D Loss: 0.2944
Client 22 (CIFAR10) | Target Loss: 1.7907 | G Loss: 2.9587 | D Loss: 0.3778
Client 23 (CIFAR10) | Target Loss: 1.6225 | G Loss: 3.2212 | D Loss: 0.3448
Client 24 (CIFAR10) | Target Loss: 1.5934 | G Loss: 2.8666 | D Loss: 0.3923
Client 25 (CIFAR10) | Target Loss: 1.6596 | G Loss: 3.0698 | D Loss: 0.3704
Client 26 (CIFAR10) | Target Loss: 1.9636 | G Loss: 2.9587 | D Loss: 0.3811
Client 27 (CIFAR10) | Target Loss: 1.7527 | G Loss: 3.0210 | D Loss: 0.3745
Client 28 (CIFAR10) | Target Loss: 1.9450 | G Loss: 2.9032 | D Loss: 0.3788
Client 29 (CIFAR10) | Target Loss: 1.8725 | G Loss: 2.9812 | D Loss: 0.3875
Client 30 (CIFAR10) | Target Loss: 2.0948 | G Loss: 2.9386 | D Loss: 0.3818
Client 31 (CIFAR10) | Target Loss: 1.9961 | G Loss: 2.9122 | D Loss: 0.3853
Round 2 | Client 0 | Model: (MLP) | Acc: 88.22%
Round 2 | Client 1 | Model: (CNN) | Acc: 84.50%
Round 2 | Client 2 | Model: (ResNet8) | Acc: 88.00%
Round 2 | Client 3 | Model: (ResNet18) | Acc: 96.04%
Round 2 | Client 4 | Model: (MobileNetV2) | Acc: 84.48%
Round 2 | Client 5 | Model: (MobileNetV3) | Acc: 63.99%
Round 2 | Client 6 | Model: (LeNet) | Acc: 92.01%
Round 2 | Client 7 | Model: (AlexNet) | Acc: 91.79%
Round 2 | Client 8 | Model: (ShuffleNet) | Acc: 74.28%
Round 2 | Client 9 | Model: (SqueezeNet) | Acc: 83.17%
Round 2 | Client 11 | Model: (MLP) | Acc: 76.05%
Round 2 | Client 12 | Model: (CNN) | Acc: 76.23%
Round 2 | Client 13 | Model: (ResNet8) | Acc: 83.06%
Round 2 | Client 14 | Model: (ResNet18) | Acc: 83.57%
Round 2 | Client 15 | Model: (MobileNetV2) | Acc: 78.99%
Round 2 | Client 16 | Model: (MobileNetV3) | Acc: 46.22%
Round 2 | Client 17 | Model: (LeNet) | Acc: 81.50%
Round 2 | Client 18 | Model: (AlexNet) | Acc: 83.74%
Round 2 | Client 19 | Model: (ShuffleNet) | Acc: 77.28%
Round 2 | Client 20 | Model: (SqueezeNet) | Acc: 76.23%
Round 2 | Client 22 | Model: (MLP) | Acc: 38.73%
Round 2 | Client 23 | Model: (CNN) | Acc: 30.88%
Round 2 | Client 24 | Model: (ResNet8) | Acc: 35.87%
Round 2 | Client 25 | Model: (ResNet18) | Acc: 39.29%
Round 2 | Client 26 | Model: (MobileNetV2) | Acc: 25.81%
Round 2 | Client 27 | Model: (MobileNetV3) | Acc: 33.80%
Round 2 | Client 28 | Model: (LeNet) | Acc: 32.56%
Round 2 | Client 29 | Model: (AlexNet) | Acc: 32.43%
Round 2 | Client 30 | Model: (ShuffleNet) | Acc: 23.03%
Round 2 | Client 31 | Model: (SqueezeNet) | Acc: 23.26%
Selected client ids: [0, 1, 2, 3, 4, 5, 6, 7, 8, 9, 10, 11, 12, 13, 14, 15, 16, 17, 18, 19, 20, 21, 22, 23, 24, 25, 26, 27, 28, 29]
--- Round 3 ---
Client 0 (MNIST) | Target Loss: 0.3186 | G Loss: 1.4749 | D Loss: 0.5057
Client 1 (MNIST) | Target Loss: 0.2164 | G Loss: 1.4681 | D Loss: 0.5001
Client 2 (MNIST) | Target Loss: 0.1258 | G Loss: 1.4697 | D Loss: 0.5058
Client 3 (MNIST) | Target Loss: 0.1055 | G Loss: 1.4803 | D Loss: 0.5048
Client 4 (MNIST) | Target Loss: 0.4175 | G Loss: 1.4607 | D Loss: 0.4995
Client 5 (MNIST) | Target Loss: 0.9570 | G Loss: 1.4326 | D Loss: 0.5088
Client 6 (MNIST) | Target Loss: 0.2302 | G Loss: 1.4738 | D Loss: 0.5056
Client 7 (MNIST) | Target Loss: 0.2057 | G Loss: 1.4563 | D Loss: 0.5060
Client 8 (MNIST) | Target Loss: 0.8013 | G Loss: 1.4006 | D Loss: 0.5261
Client 9 (MNIST) | Target Loss: 0.4853 | G Loss: 1.4738 | D Loss: 0.5011
Client 11 (EMNIST) | Target Loss: 0.6450 | G Loss: 3.2681 | D Loss: 0.2265
Client 12 (EMNIST) | Target Loss: 0.5794 | G Loss: 3.3282 | D Loss: 0.2248
Client 13 (EMNIST) | Target Loss: 0.4461 | G Loss: 3.4481 | D Loss: 0.2071
Client 14 (EMNIST) | Target Loss: 0.4200 | G Loss: 3.3967 | D Loss: 0.2243
Client 15 (EMNIST) | Target Loss: 0.6396 | G Loss: 3.2502 | D Loss: 0.2377
Client 16 (EMNIST) | Target Loss: 0.9849 | G Loss: 3.2886 | D Loss: 0.2285
Client 17 (EMNIST) | Target Loss: 0.5138 | G Loss: 3.3258 | D Loss: 0.2176
Client 18 (EMNIST) | Target Loss: 0.4389 | G Loss: 3.3091 | D Loss: 0.2225
Client 19 (EMNIST) | Target Loss: 0.6751 | G Loss: 3.3736 | D Loss: 0.2159
Client 20 (EMNIST) | Target Loss: 0.6749 | G Loss: 3.4233 | D Loss: 0.2197
Client 22 (CIFAR10) | Target Loss: 1.6373 | G Loss: 2.8943 | D Loss: 0.4056
Client 23 (CIFAR10) | Target Loss: 1.4748 | G Loss: 2.9519 | D Loss: 0.3977
Client 24 (CIFAR10) | Target Loss: 1.4491 | G Loss: 2.9009 | D Loss: 0.4000
Client 25 (CIFAR10) | Target Loss: 1.5388 | G Loss: 2.9511 | D Loss: 0.3951
Client 26 (CIFAR10) | Target Loss: 1.8097 | G Loss: 2.8458 | D Loss: 0.4080
Client 27 (CIFAR10) | Target Loss: 1.6836 | G Loss: 2.8448 | D Loss: 0.4101
Client 28 (CIFAR10) | Target Loss: 1.7910 | G Loss: 2.8270 | D Loss: 0.4012
Client 29 (CIFAR10) | Target Loss: 1.6806 | G Loss: 2.8799 | D Loss: 0.4012
Client 30 (CIFAR10) | Target Loss: 1.9657 | G Loss: 2.9136 | D Loss: 0.4032
Client 31 (CIFAR10) | Target Loss: 1.9321 | G Loss: 2.8494 | D Loss: 0.4019
Round 3 | Client 0 | Model: (MLP) | Acc: 89.20%
Round 3 | Client 1 | Model: (CNN) | Acc: 80.51%
Round 3 | Client 2 | Model: (ResNet8) | Acc: 95.58%
Round 3 | Client 3 | Model: (ResNet18) | Acc: 96.38%
Round 3 | Client 4 | Model: (MobileNetV2) | Acc: 88.97%
Round 3 | Client 5 | Model: (MobileNetV3) | Acc: 72.58%
Round 3 | Client 6 | Model: (LeNet) | Acc: 94.42%
Round 3 | Client 7 | Model: (AlexNet) | Acc: 95.47%
Round 3 | Client 8 | Model: (ShuffleNet) | Acc: 81.07%
Round 3 | Client 9 | Model: (SqueezeNet) | Acc: 83.83%
Round 3 | Client 11 | Model: (MLP) | Acc: 78.74%
Round 3 | Client 12 | Model: (CNN) | Acc: 73.00%
Round 3 | Client 13 | Model: (ResNet8) | Acc: 83.47%
Round 3 | Client 14 | Model: (ResNet18) | Acc: 84.60%
Round 3 | Client 15 | Model: (MobileNetV2) | Acc: 79.22%
Round 3 | Client 16 | Model: (MobileNetV3) | Acc: 61.97%
Round 3 | Client 17 | Model: (LeNet) | Acc: 83.35%
Round 3 | Client 18 | Model: (AlexNet) | Acc: 84.36%
Round 3 | Client 19 | Model: (ShuffleNet) | Acc: 78.88%
Round 3 | Client 20 | Model: (SqueezeNet) | Acc: 79.55%
Round 3 | Client 22 | Model: (MLP) | Acc: 36.57%
Round 3 | Client 23 | Model: (CNN) | Acc: 38.02%
Round 3 | Client 24 | Model: (ResNet8) | Acc: 42.51%
Round 3 | Client 25 | Model: (ResNet18) | Acc: 33.63%
Round 3 | Client 26 | Model: (MobileNetV2) | Acc: 29.70%
Round 3 | Client 27 | Model: (MobileNetV3) | Acc: 37.55%
Round 3 | Client 28 | Model: (LeNet) | Acc: 34.87%
Round 3 | Client 29 | Model: (AlexNet) | Acc: 37.30%
Round 3 | Client 30 | Model: (ShuffleNet) | Acc: 25.55%
Round 3 | Client 31 | Model: (SqueezeNet) | Acc: 25.51%
Selected client ids: [0, 1, 2, 3, 4, 5, 6, 7, 8, 9, 10, 11, 12, 13, 14, 15, 16, 17, 18, 19, 20, 21, 22, 23, 24, 25, 26, 27, 28, 29]
--- Round 4 ---
Client 0 (MNIST) | Target Loss: 0.2568 | G Loss: 1.3930 | D Loss: 0.5058
Client 1 (MNIST) | Target Loss: 0.1554 | G Loss: 1.4115 | D Loss: 0.5038
Client 2 (MNIST) | Target Loss: 0.0827 | G Loss: 1.5138 | D Loss: 0.4639
Client 3 (MNIST) | Target Loss: 0.0734 | G Loss: 1.4785 | D Loss: 0.4822
Client 4 (MNIST) | Target Loss: 0.3236 | G Loss: 1.4640 | D Loss: 0.4833
Client 5 (MNIST) | Target Loss: 0.7739 | G Loss: 1.4229 | D Loss: 0.4990
Client 6 (MNIST) | Target Loss: 0.1719 | G Loss: 1.4535 | D Loss: 0.4866
Client 7 (MNIST) | Target Loss: 0.1360 | G Loss: 1.5025 | D Loss: 0.4740
Client 8 (MNIST) | Target Loss: 0.5295 | G Loss: 1.4719 | D Loss: 0.4876
Client 9 (MNIST) | Target Loss: 0.4087 | G Loss: 1.4621 | D Loss: 0.4867
Client 11 (EMNIST) | Target Loss: 0.5902 | G Loss: 4.5978 | D Loss: 0.1244
Client 12 (EMNIST) | Target Loss: 0.5301 | G Loss: 4.7074 | D Loss: 0.1161
Client 13 (EMNIST) | Target Loss: 0.4175 | G Loss: 4.7220 | D Loss: 0.1208
Client 14 (EMNIST) | Target Loss: 0.3937 | G Loss: 4.7573 | D Loss: 0.1084
Client 15 (EMNIST) | Target Loss: 0.5825 | G Loss: 4.3796 | D Loss: 0.1452
Client 16 (EMNIST) | Target Loss: 0.8749 | G Loss: 4.4728 | D Loss: 0.1411
Client 17 (EMNIST) | Target Loss: 0.4738 | G Loss: 4.4840 | D Loss: 0.1325
Client 18 (EMNIST) | Target Loss: 0.4063 | G Loss: 4.3259 | D Loss: 0.1419
Client 19 (EMNIST) | Target Loss: 0.6126 | G Loss: 4.5228 | D Loss: 0.1267
Client 20 (EMNIST) | Target Loss: 0.6075 | G Loss: 4.4441 | D Loss: 0.1290
Client 22 (CIFAR10) | Target Loss: 1.5234 | G Loss: 2.8476 | D Loss: 0.3631
Client 23 (CIFAR10) | Target Loss: 1.4076 | G Loss: 2.8762 | D Loss: 0.3489
Client 24 (CIFAR10) | Target Loss: 1.3077 | G Loss: 2.8587 | D Loss: 0.3729
Client 25 (CIFAR10) | Target Loss: 1.4348 | G Loss: 2.8779 | D Loss: 0.3576
Client 26 (CIFAR10) | Target Loss: 1.7088 | G Loss: 2.8476 | D Loss: 0.3583
Client 27 (CIFAR10) | Target Loss: 1.6291 | G Loss: 2.8898 | D Loss: 0.3579
Client 28 (CIFAR10) | Target Loss: 1.6796 | G Loss: 2.7922 | D Loss: 0.3831
Client 29 (CIFAR10) | Target Loss: 1.5604 | G Loss: 2.8766 | D Loss: 0.3683
Client 30 (CIFAR10) | Target Loss: 1.8676 | G Loss: 2.8875 | D Loss: 0.3660
Client 31 (CIFAR10) | Target Loss: 1.8577 | G Loss: 2.7777 | D Loss: 0.3707
Round 4 | Client 0 | Model: (MLP) | Acc: 91.93%
Round 4 | Client 1 | Model: (CNN) | Acc: 94.68%
Round 4 | Client 2 | Model: (ResNet8) | Acc: 92.53%
Round 4 | Client 3 | Model: (ResNet18) | Acc: 67.53%
Round 4 | Client 4 | Model: (MobileNetV2) | Acc: 91.43%
Round 4 | Client 5 | Model: (MobileNetV3) | Acc: 72.13%
Round 4 | Client 6 | Model: (LeNet) | Acc: 95.73%
Round 4 | Client 7 | Model: (AlexNet) | Acc: 96.11%
Round 4 | Client 8 | Model: (ShuffleNet) | Acc: 82.63%
Round 4 | Client 9 | Model: (SqueezeNet) | Acc: 85.79%
Round 4 | Client 11 | Model: (MLP) | Acc: 78.88%
Round 4 | Client 12 | Model: (CNN) | Acc: 80.27%
Round 4 | Client 13 | Model: (ResNet8) | Acc: 83.92%
Round 4 | Client 14 | Model: (ResNet18) | Acc: 85.12%
Round 4 | Client 15 | Model: (MobileNetV2) | Acc: 80.25%
Round 4 | Client 16 | Model: (MobileNetV3) | Acc: 71.20%
Round 4 | Client 17 | Model: (LeNet) | Acc: 83.17%
Round 4 | Client 18 | Model: (AlexNet) | Acc: 83.99%
Round 4 | Client 19 | Model: (ShuffleNet) | Acc: 79.71%
Round 4 | Client 20 | Model: (SqueezeNet) | Acc: 79.65%
Round 4 | Client 22 | Model: (MLP) | Acc: 39.81%
Round 4 | Client 23 | Model: (CNN) | Acc: 43.41%
Round 4 | Client 24 | Model: (ResNet8) | Acc: 35.33%
Round 4 | Client 25 | Model: (ResNet18) | Acc: 40.95%
Round 4 | Client 26 | Model: (MobileNetV2) | Acc: 34.00%
Round 4 | Client 27 | Model: (MobileNetV3) | Acc: 36.80%
Round 4 | Client 28 | Model: (LeNet) | Acc: 37.18%
Round 4 | Client 29 | Model: (AlexNet) | Acc: 42.59%
Round 4 | Client 30 | Model: (ShuffleNet) | Acc: 27.63%
Round 4 | Client 31 | Model: (SqueezeNet) | Acc: 27.75%
Selected client ids: [0, 1, 2, 3, 4, 5, 6, 7, 8, 9, 10, 11, 12, 13, 14, 15, 16, 17, 18, 19, 20, 21, 22, 23, 24, 25, 26, 27, 28, 29]
--- Round 5 ---
Client 0 (MNIST) | Target Loss: 0.2294 | G Loss: 1.5416 | D Loss: 0.4798
Client 1 (MNIST) | Target Loss: 0.1082 | G Loss: 1.5575 | D Loss: 0.4776
Client 2 (MNIST) | Target Loss: 0.0831 | G Loss: 1.5209 | D Loss: 0.4846
Client 3 (MNIST) | Target Loss: 0.0732 | G Loss: 1.5706 | D Loss: 0.4743
Client 4 (MNIST) | Target Loss: 0.2586 | G Loss: 1.5331 | D Loss: 0.4794
Client 5 (MNIST) | Target Loss: 0.6541 | G Loss: 1.5280 | D Loss: 0.4841
Client 6 (MNIST) | Target Loss: 0.1295 | G Loss: 1.5752 | D Loss: 0.4660
Client 7 (MNIST) | Target Loss: 0.0905 | G Loss: 1.4949 | D Loss: 0.4921
Client 8 (MNIST) | Target Loss: 0.3706 | G Loss: 1.4822 | D Loss: 0.4958
Client 9 (MNIST) | Target Loss: 0.2858 | G Loss: 1.5406 | D Loss: 0.4804
Client 11 (EMNIST) | Target Loss: 0.5475 | G Loss: 5.4863 | D Loss: 0.0820
Client 12 (EMNIST) | Target Loss: 0.5016 | G Loss: 5.4711 | D Loss: 0.0753
Client 13 (EMNIST) | Target Loss: 0.3959 | G Loss: 5.2520 | D Loss: 0.0812
Client 14 (EMNIST) | Target Loss: 0.3728 | G Loss: 5.2282 | D Loss: 0.0962
Client 15 (EMNIST) | Target Loss: 0.5468 | G Loss: 5.4186 | D Loss: 0.0876
Client 16 (EMNIST) | Target Loss: 0.8064 | G Loss: 5.2898 | D Loss: 0.0948
Client 17 (EMNIST) | Target Loss: 0.4506 | G Loss: 5.3569 | D Loss: 0.0772
Client 18 (EMNIST) | Target Loss: 0.3787 | G Loss: 5.2141 | D Loss: 0.0891
Client 19 (EMNIST) | Target Loss: 0.5640 | G Loss: 5.3349 | D Loss: 0.0845
Client 20 (EMNIST) | Target Loss: 0.5771 | G Loss: 5.3627 | D Loss: 0.0863
Client 22 (CIFAR10) | Target Loss: 1.3773 | G Loss: 2.6545 | D Loss: 0.3931
Client 23 (CIFAR10) | Target Loss: 1.3049 | G Loss: 2.7746 | D Loss: 0.3837
Client 24 (CIFAR10) | Target Loss: 1.2119 | G Loss: 2.7118 | D Loss: 0.3901
Client 25 (CIFAR10) | Target Loss: 1.3145 | G Loss: 2.7036 | D Loss: 0.3982
Client 26 (CIFAR10) | Target Loss: 1.6026 | G Loss: 2.6132 | D Loss: 0.4044
Client 27 (CIFAR10) | Target Loss: 1.5792 | G Loss: 2.7211 | D Loss: 0.3951
Client 28 (CIFAR10) | Target Loss: 1.6156 | G Loss: 2.6966 | D Loss: 0.4060
Client 29 (CIFAR10) | Target Loss: 1.4412 | G Loss: 2.6522 | D Loss: 0.4060
Client 30 (CIFAR10) | Target Loss: 1.7807 | G Loss: 2.7099 | D Loss: 0.3877
Client 31 (CIFAR10) | Target Loss: 1.7930 | G Loss: 2.7038 | D Loss: 0.4019
Round 5 | Client 0 | Model: (MLP) | Acc: 93.46%
Round 5 | Client 1 | Model: (CNN) | Acc: 85.60%
Round 5 | Client 2 | Model: (ResNet8) | Acc: 92.87%
Round 5 | Client 3 | Model: (ResNet18) | Acc: 95.25%
Round 5 | Client 4 | Model: (MobileNetV2) | Acc: 92.40%
Round 5 | Client 5 | Model: (MobileNetV3) | Acc: 82.61%
Round 5 | Client 6 | Model: (LeNet) | Acc: 96.17%
Round 5 | Client 7 | Model: (AlexNet) | Acc: 98.11%
Round 5 | Client 8 | Model: (ShuffleNet) | Acc: 85.75%
Round 5 | Client 9 | Model: (SqueezeNet) | Acc: 93.55%
Round 5 | Client 11 | Model: (MLP) | Acc: 78.77%
Round 5 | Client 12 | Model: (CNN) | Acc: 83.25%
Round 5 | Client 13 | Model: (ResNet8) | Acc: 84.56%
Round 5 | Client 14 | Model: (ResNet18) | Acc: 85.26%
Round 5 | Client 15 | Model: (MobileNetV2) | Acc: 80.58%
Round 5 | Client 16 | Model: (MobileNetV3) | Acc: 67.35%
Round 5 | Client 17 | Model: (LeNet) | Acc: 83.67%
Round 5 | Client 18 | Model: (AlexNet) | Acc: 84.75%
Round 5 | Client 19 | Model: (ShuffleNet) | Acc: 80.09%
Round 5 | Client 20 | Model: (SqueezeNet) | Acc: 81.00%
Round 5 | Client 22 | Model: (MLP) | Acc: 39.09%
Round 5 | Client 23 | Model: (CNN) | Acc: 45.60%
Round 5 | Client 24 | Model: (ResNet8) | Acc: 40.58%
Round 5 | Client 25 | Model: (ResNet18) | Acc: 42.62%
Round 5 | Client 26 | Model: (MobileNetV2) | Acc: 37.57%
Round 5 | Client 27 | Model: (MobileNetV3) | Acc: 40.45%
Round 5 | Client 28 | Model: (LeNet) | Acc: 41.69%
Round 5 | Client 29 | Model: (AlexNet) | Acc: 44.86%
Round 5 | Client 30 | Model: (ShuffleNet) | Acc: 27.63%
Round 5 | Client 31 | Model: (SqueezeNet) | Acc: 28.54%
Selected client ids: [0, 1, 2, 3, 4, 5, 6, 7, 8, 9, 10, 11, 12, 13, 14, 15, 16, 17, 18, 19, 20, 21, 22, 23, 24, 25, 26, 27, 28, 29]
--- Round 6 ---
Client 0 (MNIST) | Target Loss: 0.1925 | G Loss: 1.9504 | D Loss: 0.4045
Client 1 (MNIST) | Target Loss: 0.0826 | G Loss: 1.9188 | D Loss: 0.4023
Client 2 (MNIST) | Target Loss: 0.0565 | G Loss: 2.0031 | D Loss: 0.3851
Client 3 (MNIST) | Target Loss: 0.0612 | G Loss: 1.9115 | D Loss: 0.4118
Client 4 (MNIST) | Target Loss: 0.1962 | G Loss: 1.9946 | D Loss: 0.3881
Client 5 (MNIST) | Target Loss: 0.5698 | G Loss: 1.9955 | D Loss: 0.3849
Client 6 (MNIST) | Target Loss: 0.1136 | G Loss: 1.9656 | D Loss: 0.4023
Client 7 (MNIST) | Target Loss: 0.0758 | G Loss: 1.9667 | D Loss: 0.3972
Client 8 (MNIST) | Target Loss: 0.3092 | G Loss: 1.8738 | D Loss: 0.4174
Client 9 (MNIST) | Target Loss: 0.2138 | G Loss: 1.9283 | D Loss: 0.4056
Client 11 (EMNIST) | Target Loss: 0.5186 | G Loss: 5.3227 | D Loss: 0.0915
Client 12 (EMNIST) | Target Loss: 0.4768 | G Loss: 5.4374 | D Loss: 0.0856
Client 13 (EMNIST) | Target Loss: 0.3767 | G Loss: 5.6012 | D Loss: 0.0761
Client 14 (EMNIST) | Target Loss: 0.3573 | G Loss: 5.9980 | D Loss: 0.0667
Client 15 (EMNIST) | Target Loss: 0.5329 | G Loss: 5.5713 | D Loss: 0.0774
Client 16 (EMNIST) | Target Loss: 0.7583 | G Loss: 5.5126 | D Loss: 0.0794
Client 17 (EMNIST) | Target Loss: 0.4267 | G Loss: 5.5687 | D Loss: 0.0812
Client 18 (EMNIST) | Target Loss: 0.3578 | G Loss: 5.6035 | D Loss: 0.0752
Client 19 (EMNIST) | Target Loss: 0.5353 | G Loss: 5.4528 | D Loss: 0.0762
Client 20 (EMNIST) | Target Loss: 0.5515 | G Loss: 5.6572 | D Loss: 0.0696
Client 22 (CIFAR10) | Target Loss: 1.2603 | G Loss: 2.3758 | D Loss: 0.4282
Client 23 (CIFAR10) | Target Loss: 1.2351 | G Loss: 2.3547 | D Loss: 0.4205
Client 24 (CIFAR10) | Target Loss: 1.1292 | G Loss: 2.3935 | D Loss: 0.4189
Client 25 (CIFAR10) | Target Loss: 1.2341 | G Loss: 2.3792 | D Loss: 0.4279
Client 26 (CIFAR10) | Target Loss: 1.5233 | G Loss: 2.3038 | D Loss: 0.4256
Client 27 (CIFAR10) | Target Loss: 1.5585 | G Loss: 2.3564 | D Loss: 0.4242
Client 28 (CIFAR10) | Target Loss: 1.5676 | G Loss: 2.4086 | D Loss: 0.4162
Client 29 (CIFAR10) | Target Loss: 1.3590 | G Loss: 2.3512 | D Loss: 0.4244
Client 30 (CIFAR10) | Target Loss: 1.6966 | G Loss: 2.2772 | D Loss: 0.4301
Client 31 (CIFAR10) | Target Loss: 1.7895 | G Loss: 2.4021 | D Loss: 0.4260
Round 6 | Client 0 | Model: (MLP) | Acc: 90.62%
Round 6 | Client 1 | Model: (CNN) | Acc: 96.01%
Round 6 | Client 2 | Model: (ResNet8) | Acc: 86.75%
Round 6 | Client 3 | Model: (ResNet18) | Acc: 94.91%
Round 6 | Client 4 | Model: (MobileNetV2) | Acc: 91.54%
Round 6 | Client 5 | Model: (MobileNetV3) | Acc: 80.60%
Round 6 | Client 6 | Model: (LeNet) | Acc: 96.94%
Round 6 | Client 7 | Model: (AlexNet) | Acc: 97.05%
Round 6 | Client 8 | Model: (ShuffleNet) | Acc: 86.64%
Round 6 | Client 9 | Model: (SqueezeNet) | Acc: 94.54%
Round 6 | Client 11 | Model: (MLP) | Acc: 80.03%
Round 6 | Client 12 | Model: (CNN) | Acc: 83.91%
Round 6 | Client 13 | Model: (ResNet8) | Acc: 84.81%
Round 6 | Client 14 | Model: (ResNet18) | Acc: 85.06%
Round 6 | Client 15 | Model: (MobileNetV2) | Acc: 82.00%
Round 6 | Client 16 | Model: (MobileNetV3) | Acc: 75.58%
Round 6 | Client 17 | Model: (LeNet) | Acc: 84.15%
Round 6 | Client 18 | Model: (AlexNet) | Acc: 84.91%
Round 6 | Client 19 | Model: (ShuffleNet) | Acc: 80.53%
Round 6 | Client 20 | Model: (SqueezeNet) | Acc: 80.17%
Round 6 | Client 22 | Model: (MLP) | Acc: 39.57%
Round 6 | Client 23 | Model: (CNN) | Acc: 46.37%
Round 6 | Client 24 | Model: (ResNet8) | Acc: 48.82%
Round 6 | Client 25 | Model: (ResNet18) | Acc: 50.61%
Round 6 | Client 26 | Model: (MobileNetV2) | Acc: 36.41%
Round 6 | Client 27 | Model: (MobileNetV3) | Acc: 37.88%
Round 6 | Client 28 | Model: (LeNet) | Acc: 42.46%
Round 6 | Client 29 | Model: (AlexNet) | Acc: 48.32%
Round 6 | Client 30 | Model: (ShuffleNet) | Acc: 30.59%
Round 6 | Client 31 | Model: (SqueezeNet) | Acc: 32.70%
Selected client ids: [0, 1, 2, 3, 4, 5, 6, 7, 8, 9, 10, 11, 12, 13, 14, 15, 16, 17, 18, 19, 20, 21, 22, 23, 24, 25, 26, 27, 28, 29]
--- Round 7 ---
Client 0 (MNIST) | Target Loss: 0.1650 | G Loss: 2.5312 | D Loss: 0.3022
Client 1 (MNIST) | Target Loss: 0.0682 | G Loss: 2.5324 | D Loss: 0.2978
Client 2 (MNIST) | Target Loss: 0.0385 | G Loss: 2.6617 | D Loss: 0.2611
Client 3 (MNIST) | Target Loss: 0.1074 | G Loss: 2.4775 | D Loss: 0.3178
Client 4 (MNIST) | Target Loss: 0.1597 | G Loss: 2.6368 | D Loss: 0.2839
Client 5 (MNIST) | Target Loss: 0.5084 | G Loss: 2.3874 | D Loss: 0.3321
Client 6 (MNIST) | Target Loss: 0.0986 | G Loss: 2.4845 | D Loss: 0.3035
Client 7 (MNIST) | Target Loss: 0.0588 | G Loss: 2.6254 | D Loss: 0.2887
Client 8 (MNIST) | Target Loss: 0.3920 | G Loss: 2.4780 | D Loss: 0.3164
Client 9 (MNIST) | Target Loss: 0.1866 | G Loss: 2.7507 | D Loss: 0.2607
Client 11 (EMNIST) | Target Loss: 0.4988 | G Loss: 5.6873 | D Loss: 0.0681
Client 12 (EMNIST) | Target Loss: 0.4550 | G Loss: 6.1148 | D Loss: 0.0549
Client 13 (EMNIST) | Target Loss: 0.3615 | G Loss: 5.7692 | D Loss: 0.0668
Client 14 (EMNIST) | Target Loss: 0.3393 | G Loss: 5.7367 | D Loss: 0.0675
Client 15 (EMNIST) | Target Loss: 0.5020 | G Loss: 6.1535 | D Loss: 0.0486
Client 16 (EMNIST) | Target Loss: 0.7243 | G Loss: 5.6117 | D Loss: 0.0683
Client 17 (EMNIST) | Target Loss: 0.4115 | G Loss: 5.7780 | D Loss: 0.0653
Client 18 (EMNIST) | Target Loss: 0.3390 | G Loss: 5.8260 | D Loss: 0.0628
Client 19 (EMNIST) | Target Loss: 0.5120 | G Loss: 5.7340 | D Loss: 0.0697
Client 20 (EMNIST) | Target Loss: 0.5235 | G Loss: 6.3167 | D Loss: 0.0405
Client 22 (CIFAR10) | Target Loss: 1.1263 | G Loss: 2.0609 | D Loss: 0.4515
Client 23 (CIFAR10) | Target Loss: 1.1936 | G Loss: 2.1085 | D Loss: 0.4414
Client 24 (CIFAR10) | Target Loss: 1.0501 | G Loss: 2.0706 | D Loss: 0.4431
Client 25 (CIFAR10) | Target Loss: 1.1231 | G Loss: 2.0379 | D Loss: 0.4452
Client 26 (CIFAR10) | Target Loss: 1.4933 | G Loss: 2.0884 | D Loss: 0.4372
Client 27 (CIFAR10) | Target Loss: 1.5078 | G Loss: 2.0782 | D Loss: 0.4432
Client 28 (CIFAR10) | Target Loss: 1.4961 | G Loss: 2.0900 | D Loss: 0.4497
Client 29 (CIFAR10) | Target Loss: 1.2491 | G Loss: 2.0992 | D Loss: 0.4416
Client 30 (CIFAR10) | Target Loss: 1.6559 | G Loss: 2.1489 | D Loss: 0.4401
Client 31 (CIFAR10) | Target Loss: 1.7914 | G Loss: 2.0636 | D Loss: 0.4541
Round 7 | Client 0 | Model: (MLP) | Acc: 91.49%
Round 7 | Client 1 | Model: (CNN) | Acc: 86.38%
Round 7 | Client 2 | Model: (ResNet8) | Acc: 94.34%
Round 7 | Client 3 | Model: (ResNet18) | Acc: 94.46%
Round 7 | Client 4 | Model: (MobileNetV2) | Acc: 92.93%
Round 7 | Client 5 | Model: (MobileNetV3) | Acc: 68.78%
Round 7 | Client 6 | Model: (LeNet) | Acc: 96.06%
Round 7 | Client 7 | Model: (AlexNet) | Acc: 97.26%
Round 7 | Client 8 | Model: (ShuffleNet) | Acc: 85.63%
Round 7 | Client 9 | Model: (SqueezeNet) | Acc: 95.96%
Round 7 | Client 11 | Model: (MLP) | Acc: 80.59%
Round 7 | Client 12 | Model: (CNN) | Acc: 84.01%
Round 7 | Client 13 | Model: (ResNet8) | Acc: 85.07%
Round 7 | Client 14 | Model: (ResNet18) | Acc: 86.15%
Round 7 | Client 15 | Model: (MobileNetV2) | Acc: 81.83%
Round 7 | Client 16 | Model: (MobileNetV3) | Acc: 69.01%
Round 7 | Client 17 | Model: (LeNet) | Acc: 84.39%
Round 7 | Client 18 | Model: (AlexNet) | Acc: 84.64%
Round 7 | Client 19 | Model: (ShuffleNet) | Acc: 81.35%
Round 7 | Client 20 | Model: (SqueezeNet) | Acc: 81.79%
Round 7 | Client 22 | Model: (MLP) | Acc: 38.61%
Round 7 | Client 23 | Model: (CNN) | Acc: 42.31%
Round 7 | Client 24 | Model: (ResNet8) | Acc: 54.50%
Round 7 | Client 25 | Model: (ResNet18) | Acc: 49.28%
Round 7 | Client 26 | Model: (MobileNetV2) | Acc: 38.30%
Round 7 | Client 27 | Model: (MobileNetV3) | Acc: 38.95%
Round 7 | Client 28 | Model: (LeNet) | Acc: 42.90%
Round 7 | Client 29 | Model: (AlexNet) | Acc: 49.62%
Round 7 | Client 30 | Model: (ShuffleNet) | Acc: 32.89%
Round 7 | Client 31 | Model: (SqueezeNet) | Acc: 31.24%
Selected client ids: [0, 1, 2, 3, 4, 5, 6, 7, 8, 9, 10, 11, 12, 13, 14, 15, 16, 17, 18, 19, 20, 21, 22, 23, 24, 25, 26, 27, 28, 29]
--- Round 8 ---
Client 0 (MNIST) | Target Loss: 0.1515 | G Loss: 2.9004 | D Loss: 0.2515
Client 1 (MNIST) | Target Loss: 0.0539 | G Loss: 2.8189 | D Loss: 0.2425
Client 2 (MNIST) | Target Loss: 0.0306 | G Loss: 2.8370 | D Loss: 0.2437
Client 3 (MNIST) | Target Loss: 0.0388 | G Loss: 2.6962 | D Loss: 0.2801
Client 4 (MNIST) | Target Loss: 0.1503 | G Loss: 2.9330 | D Loss: 0.2250
Client 5 (MNIST) | Target Loss: 0.4636 | G Loss: 2.7643 | D Loss: 0.2671
Client 6 (MNIST) | Target Loss: 0.0845 | G Loss: 2.9528 | D Loss: 0.2262
Client 7 (MNIST) | Target Loss: 0.0547 | G Loss: 3.0466 | D Loss: 0.2081
Client 8 (MNIST) | Target Loss: 0.3144 | G Loss: 2.8157 | D Loss: 0.2464
Client 9 (MNIST) | Target Loss: 0.1648 | G Loss: 2.7727 | D Loss: 0.2719
Client 11 (EMNIST) | Target Loss: 0.4757 | G Loss: 6.2172 | D Loss: 0.0487
Client 12 (EMNIST) | Target Loss: 0.4409 | G Loss: 5.5808 | D Loss: 0.0664
Client 13 (EMNIST) | Target Loss: 0.3493 | G Loss: 5.9186 | D Loss: 0.0521
Client 14 (EMNIST) | Target Loss: 0.3281 | G Loss: 5.9437 | D Loss: 0.0466
Client 15 (EMNIST) | Target Loss: 0.4876 | G Loss: 5.7573 | D Loss: 0.0561
Client 16 (EMNIST) | Target Loss: 0.6917 | G Loss: 5.5674 | D Loss: 0.0548
Client 17 (EMNIST) | Target Loss: 0.3989 | G Loss: 6.1233 | D Loss: 0.0498
Client 18 (EMNIST) | Target Loss: 0.3212 | G Loss: 6.0394 | D Loss: 0.0468
Client 19 (EMNIST) | Target Loss: 0.4943 | G Loss: 6.1389 | D Loss: 0.0434
Client 20 (EMNIST) | Target Loss: 0.5126 | G Loss: 5.6095 | D Loss: 0.0634
Client 22 (CIFAR10) | Target Loss: 1.0079 | G Loss: 2.1335 | D Loss: 0.4101
Client 23 (CIFAR10) | Target Loss: 1.1504 | G Loss: 2.2032 | D Loss: 0.4191
Client 24 (CIFAR10) | Target Loss: 0.9682 | G Loss: 2.1374 | D Loss: 0.4174
Client 25 (CIFAR10) | Target Loss: 1.0391 | G Loss: 2.1060 | D Loss: 0.4253
Client 26 (CIFAR10) | Target Loss: 1.4029 | G Loss: 2.1270 | D Loss: 0.4181
Client 27 (CIFAR10) | Target Loss: 1.4851 | G Loss: 2.1420 | D Loss: 0.4214
Client 28 (CIFAR10) | Target Loss: 1.4532 | G Loss: 2.1345 | D Loss: 0.4164
Client 29 (CIFAR10) | Target Loss: 1.1486 | G Loss: 2.1740 | D Loss: 0.4164
Client 30 (CIFAR10) | Target Loss: 1.5707 | G Loss: 2.1294 | D Loss: 0.4203
Client 31 (CIFAR10) | Target Loss: 1.7160 | G Loss: 2.0997 | D Loss: 0.4376
Round 8 | Client 0 | Model: (MLP) | Acc: 94.87%
Round 8 | Client 1 | Model: (CNN) | Acc: 83.94%
Round 8 | Client 2 | Model: (ResNet8) | Acc: 93.54%
Round 8 | Client 3 | Model: (ResNet18) | Acc: 97.29%
Round 8 | Client 4 | Model: (MobileNetV2) | Acc: 94.86%
Round 8 | Client 5 | Model: (MobileNetV3) | Acc: 86.06%
Round 8 | Client 6 | Model: (LeNet) | Acc: 97.26%
Round 8 | Client 7 | Model: (AlexNet) | Acc: 96.95%
Round 8 | Client 8 | Model: (ShuffleNet) | Acc: 86.97%
Round 8 | Client 9 | Model: (SqueezeNet) | Acc: 95.41%
Round 8 | Client 11 | Model: (MLP) | Acc: 80.50%
Round 8 | Client 12 | Model: (CNN) | Acc: 82.91%
Round 8 | Client 13 | Model: (ResNet8) | Acc: 84.46%
Round 8 | Client 14 | Model: (ResNet18) | Acc: 86.24%
Round 8 | Client 15 | Model: (MobileNetV2) | Acc: 82.80%
Round 8 | Client 16 | Model: (MobileNetV3) | Acc: 74.45%
Round 8 | Client 17 | Model: (LeNet) | Acc: 84.49%
Round 8 | Client 18 | Model: (AlexNet) | Acc: 84.59%
Round 8 | Client 19 | Model: (ShuffleNet) | Acc: 80.95%
Round 8 | Client 20 | Model: (SqueezeNet) | Acc: 81.22%
Round 8 | Client 22 | Model: (MLP) | Acc: 41.13%
Round 8 | Client 23 | Model: (CNN) | Acc: 53.85%
Round 8 | Client 24 | Model: (ResNet8) | Acc: 52.68%
Round 8 | Client 25 | Model: (ResNet18) | Acc: 43.73%
Round 8 | Client 26 | Model: (MobileNetV2) | Acc: 37.67%
Round 8 | Client 27 | Model: (MobileNetV3) | Acc: 40.88%
Round 8 | Client 28 | Model: (LeNet) | Acc: 45.54%
Round 8 | Client 29 | Model: (AlexNet) | Acc: 53.19%
Round 8 | Client 30 | Model: (ShuffleNet) | Acc: 32.79%
Round 8 | Client 31 | Model: (SqueezeNet) | Acc: 34.04%
Selected client ids: [0, 1, 2, 3, 4, 5, 6, 7, 8, 9, 10, 11, 12, 13, 14, 15, 16, 17, 18, 19, 20, 21, 22, 23, 24, 25, 26, 27, 28, 29]
--- Round 9 ---
Client 0 (MNIST) | Target Loss: 0.1258 | G Loss: 2.8936 | D Loss: 0.2673
Client 1 (MNIST) | Target Loss: 0.0553 | G Loss: 3.1519 | D Loss: 0.2138
Client 2 (MNIST) | Target Loss: 0.0298 | G Loss: 3.2997 | D Loss: 0.1931
Client 3 (MNIST) | Target Loss: 0.0480 | G Loss: 3.7259 | D Loss: 0.1289
Client 4 (MNIST) | Target Loss: 0.1298 | G Loss: 3.2398 | D Loss: 0.2002
Client 5 (MNIST) | Target Loss: 0.4118 | G Loss: 3.7459 | D Loss: 0.1254
Client 6 (MNIST) | Target Loss: 0.0670 | G Loss: 3.0648 | D Loss: 0.2229
Client 7 (MNIST) | Target Loss: 0.0417 | G Loss: 3.1222 | D Loss: 0.2157
Client 8 (MNIST) | Target Loss: 0.8321 | G Loss: 2.8619 | D Loss: 0.2666
Client 9 (MNIST) | Target Loss: 0.1572 | G Loss: 3.3005 | D Loss: 0.1858
Client 11 (EMNIST) | Target Loss: 0.4573 | G Loss: 6.2343 | D Loss: 0.0451
Client 12 (EMNIST) | Target Loss: 0.4296 | G Loss: 6.4569 | D Loss: 0.0354
Client 13 (EMNIST) | Target Loss: 0.3350 | G Loss: 6.0421 | D Loss: 0.0506
Client 14 (EMNIST) | Target Loss: 0.3109 | G Loss: 5.9837 | D Loss: 0.0524
Client 15 (EMNIST) | Target Loss: 0.4709 | G Loss: 5.9627 | D Loss: 0.0528
Client 16 (EMNIST) | Target Loss: 0.6714 | G Loss: 5.8888 | D Loss: 0.0525
Client 17 (EMNIST) | Target Loss: 0.3884 | G Loss: 5.7273 | D Loss: 0.0588
Client 18 (EMNIST) | Target Loss: 0.3070 | G Loss: 6.5598 | D Loss: 0.0387
Client 19 (EMNIST) | Target Loss: 0.4810 | G Loss: 6.0777 | D Loss: 0.0513
Client 20 (EMNIST) | Target Loss: 0.5046 | G Loss: 6.0449 | D Loss: 0.0502
Client 22 (CIFAR10) | Target Loss: 0.8697 | G Loss: 2.2154 | D Loss: 0.3993
Client 23 (CIFAR10) | Target Loss: 1.1113 | G Loss: 2.2698 | D Loss: 0.3934
Client 24 (CIFAR10) | Target Loss: 0.8885 | G Loss: 2.2365 | D Loss: 0.3990
Client 25 (CIFAR10) | Target Loss: 0.9206 | G Loss: 2.1990 | D Loss: 0.4002
Client 26 (CIFAR10) | Target Loss: 1.3495 | G Loss: 2.2517 | D Loss: 0.3841
Client 27 (CIFAR10) | Target Loss: 1.4612 | G Loss: 2.2266 | D Loss: 0.3916
Client 28 (CIFAR10) | Target Loss: 1.4168 | G Loss: 2.1751 | D Loss: 0.3950
Client 29 (CIFAR10) | Target Loss: 1.0699 | G Loss: 2.2195 | D Loss: 0.3938
Client 30 (CIFAR10) | Target Loss: 1.5208 | G Loss: 2.2513 | D Loss: 0.3843
Client 31 (CIFAR10) | Target Loss: 1.6389 | G Loss: 2.2246 | D Loss: 0.3976
Round 9 | Client 0 | Model: (MLP) | Acc: 94.44%
Round 9 | Client 1 | Model: (CNN) | Acc: 72.98%
Round 9 | Client 2 | Model: (ResNet8) | Acc: 93.66%
Round 9 | Client 3 | Model: (ResNet18) | Acc: 98.30%
Round 9 | Client 4 | Model: (MobileNetV2) | Acc: 92.61%
Round 9 | Client 5 | Model: (MobileNetV3) | Acc: 87.29%
Round 9 | Client 6 | Model: (LeNet) | Acc: 96.83%
Round 9 | Client 7 | Model: (AlexNet) | Acc: 97.79%
Round 9 | Client 8 | Model: (ShuffleNet) | Acc: 78.62%
Round 9 | Client 9 | Model: (SqueezeNet) | Acc: 95.41%
Round 9 | Client 11 | Model: (MLP) | Acc: 80.58%
Round 9 | Client 12 | Model: (CNN) | Acc: 85.01%
Round 9 | Client 13 | Model: (ResNet8) | Acc: 85.21%
Round 9 | Client 14 | Model: (ResNet18) | Acc: 85.91%
Round 9 | Client 15 | Model: (MobileNetV2) | Acc: 82.82%
Round 9 | Client 16 | Model: (MobileNetV3) | Acc: 70.93%
Round 9 | Client 17 | Model: (LeNet) | Acc: 84.08%
Round 9 | Client 18 | Model: (AlexNet) | Acc: 84.58%
Round 9 | Client 19 | Model: (ShuffleNet) | Acc: 82.18%
Round 9 | Client 20 | Model: (SqueezeNet) | Acc: 82.48%
Round 9 | Client 22 | Model: (MLP) | Acc: 36.21%
Round 9 | Client 23 | Model: (CNN) | Acc: 47.25%
Round 9 | Client 24 | Model: (ResNet8) | Acc: 49.36%
Round 9 | Client 25 | Model: (ResNet18) | Acc: 53.94%
Round 9 | Client 26 | Model: (MobileNetV2) | Acc: 39.35%
Round 9 | Client 27 | Model: (MobileNetV3) | Acc: 41.42%
Round 9 | Client 28 | Model: (LeNet) | Acc: 47.30%
Round 9 | Client 29 | Model: (AlexNet) | Acc: 53.62%
Round 9 | Client 30 | Model: (ShuffleNet) | Acc: 34.87%
Round 9 | Client 31 | Model: (SqueezeNet) | Acc: 35.06%
Selected client ids: [0, 1, 2, 3, 4, 5, 6, 7, 8, 9, 10, 11, 12, 13, 14, 15, 16, 17, 18, 19, 20, 21, 22, 23, 24, 25, 26, 27, 28, 29]
--- Round 10 ---
Client 0 (MNIST) | Target Loss: 0.1306 | G Loss: 3.8444 | D Loss: 0.1357
Client 1 (MNIST) | Target Loss: 0.0502 | G Loss: 3.1063 | D Loss: 0.2345
Client 2 (MNIST) | Target Loss: 0.0210 | G Loss: 3.0570 | D Loss: 0.2394
Client 3 (MNIST) | Target Loss: 0.0962 | G Loss: 2.6084 | D Loss: 0.3117
Client 4 (MNIST) | Target Loss: 0.1217 | G Loss: 3.4331 | D Loss: 0.2107
Client 5 (MNIST) | Target Loss: 0.4059 | G Loss: 2.7199 | D Loss: 0.2923
Client 6 (MNIST) | Target Loss: 0.0592 | G Loss: 3.6371 | D Loss: 0.1527
Client 7 (MNIST) | Target Loss: 0.0203 | G Loss: 3.5089 | D Loss: 0.1819
Client 8 (MNIST) | Target Loss: 0.6224 | G Loss: 3.3106 | D Loss: 0.2101
Client 9 (MNIST) | Target Loss: 0.1415 | G Loss: 3.3884 | D Loss: 0.1896
Client 11 (EMNIST) | Target Loss: 0.4481 | G Loss: 6.7056 | D Loss: 0.0263
Client 12 (EMNIST) | Target Loss: 0.4169 | G Loss: 5.9874 | D Loss: 0.0514
Client 13 (EMNIST) | Target Loss: 0.3205 | G Loss: 6.9827 | D Loss: 0.0206
Client 14 (EMNIST) | Target Loss: 0.2974 | G Loss: 6.2607 | D Loss: 0.0427
Client 15 (EMNIST) | Target Loss: 0.4571 | G Loss: 5.9732 | D Loss: 0.0471
Client 16 (EMNIST) | Target Loss: 0.6508 | G Loss: 6.5473 | D Loss: 0.0324
Client 17 (EMNIST) | Target Loss: 0.3761 | G Loss: 6.5328 | D Loss: 0.0346
Client 18 (EMNIST) | Target Loss: 0.2872 | G Loss: 6.1158 | D Loss: 0.0401
Client 19 (EMNIST) | Target Loss: 0.4643 | G Loss: 6.1709 | D Loss: 0.0459
Client 20 (EMNIST) | Target Loss: 0.4902 | G Loss: 6.0895 | D Loss: 0.0463
Client 22 (CIFAR10) | Target Loss: 0.8182 | G Loss: 2.1791 | D Loss: 0.3834
Client 23 (CIFAR10) | Target Loss: 1.0642 | G Loss: 2.1564 | D Loss: 0.3799
Client 24 (CIFAR10) | Target Loss: 0.7996 | G Loss: 2.2341 | D Loss: 0.3860
Client 25 (CIFAR10) | Target Loss: 0.7803 | G Loss: 2.1567 | D Loss: 0.3871
Client 26 (CIFAR10) | Target Loss: 1.2931 | G Loss: 2.1560 | D Loss: 0.3804
Client 27 (CIFAR10) | Target Loss: 1.4460 | G Loss: 2.1920 | D Loss: 0.3811
Client 28 (CIFAR10) | Target Loss: 1.3467 | G Loss: 2.2287 | D Loss: 0.3813
Client 29 (CIFAR10) | Target Loss: 1.0023 | G Loss: 2.2130 | D Loss: 0.3815
Client 30 (CIFAR10) | Target Loss: 1.4473 | G Loss: 2.1778 | D Loss: 0.3839
Client 31 (CIFAR10) | Target Loss: 1.5769 | G Loss: 2.1498 | D Loss: 0.3836
Round 10 | Client 0 | Model: (MLP) | Acc: 93.68%
Round 10 | Client 1 | Model: (CNN) | Acc: 92.80%
Round 10 | Client 2 | Model: (ResNet8) | Acc: 95.81%
Round 10 | Client 3 | Model: (ResNet18) | Acc: 98.08%
Round 10 | Client 4 | Model: (MobileNetV2) | Acc: 94.65%
Round 10 | Client 5 | Model: (MobileNetV3) | Acc: 74.92%
Round 10 | Client 6 | Model: (LeNet) | Acc: 97.48%
Round 10 | Client 7 | Model: (AlexNet) | Acc: 98.11%
Round 10 | Client 8 | Model: (ShuffleNet) | Acc: 81.63%
Round 10 | Client 9 | Model: (SqueezeNet) | Acc: 94.64%
Round 10 | Client 11 | Model: (MLP) | Acc: 79.77%
Round 10 | Client 12 | Model: (CNN) | Acc: 82.88%
Round 10 | Client 13 | Model: (ResNet8) | Acc: 85.33%
Round 10 | Client 14 | Model: (ResNet18) | Acc: 86.41%
Round 10 | Client 15 | Model: (MobileNetV2) | Acc: 82.59%
Round 10 | Client 16 | Model: (MobileNetV3) | Acc: 65.37%
Round 10 | Client 17 | Model: (LeNet) | Acc: 83.41%
Round 10 | Client 18 | Model: (AlexNet) | Acc: 84.68%
Round 10 | Client 19 | Model: (ShuffleNet) | Acc: 81.77%
Round 10 | Client 20 | Model: (SqueezeNet) | Acc: 81.61%
Round 10 | Client 22 | Model: (MLP) | Acc: 38.37%
Round 10 | Client 23 | Model: (CNN) | Acc: 54.29%
Round 10 | Client 24 | Model: (ResNet8) | Acc: 52.36%
Round 10 | Client 25 | Model: (ResNet18) | Acc: 56.27%
Round 10 | Client 26 | Model: (MobileNetV2) | Acc: 40.71%
Round 10 | Client 27 | Model: (MobileNetV3) | Acc: 39.70%
Round 10 | Client 28 | Model: (LeNet) | Acc: 47.41%
Round 10 | Client 29 | Model: (AlexNet) | Acc: 52.00%
Round 10 | Client 30 | Model: (ShuffleNet) | Acc: 33.22%
Round 10 | Client 31 | Model: (SqueezeNet) | Acc: 32.25%
Selected client ids: [0, 1, 2, 3, 4, 5, 6, 7, 8, 9, 10, 11, 12, 13, 14, 15, 16, 17, 18, 19, 20, 21, 22, 23, 24, 25, 26, 27, 28, 29]
--- Round 11 ---
Client 0 (MNIST) | Target Loss: 0.1001 | G Loss: 3.1500 | D Loss: 0.2371
Client 1 (MNIST) | Target Loss: 0.0394 | G Loss: 2.8216 | D Loss: 0.2822
Client 2 (MNIST) | Target Loss: 0.0402 | G Loss: 2.8908 | D Loss: 0.2691
Client 3 (MNIST) | Target Loss: 0.0553 | G Loss: 3.1619 | D Loss: 0.2373
Client 4 (MNIST) | Target Loss: 0.1398 | G Loss: 3.4168 | D Loss: 0.1959
Client 5 (MNIST) | Target Loss: 0.3957 | G Loss: 3.6497 | D Loss: 0.1636
Client 6 (MNIST) | Target Loss: 0.0596 | G Loss: 2.8700 | D Loss: 0.2723
Client 7 (MNIST) | Target Loss: 0.0297 | G Loss: 3.3446 | D Loss: 0.2040
Client 8 (MNIST) | Target Loss: 0.5897 | G Loss: 2.9887 | D Loss: 0.2539
Client 9 (MNIST) | Target Loss: 0.1156 | G Loss: 2.7689 | D Loss: 0.2919
Client 11 (EMNIST) | Target Loss: 0.4366 | G Loss: 5.9689 | D Loss: 0.0533
Client 12 (EMNIST) | Target Loss: 0.4096 | G Loss: 6.5675 | D Loss: 0.0362
Client 13 (EMNIST) | Target Loss: 0.3068 | G Loss: 6.2052 | D Loss: 0.0470
Client 14 (EMNIST) | Target Loss: 0.2858 | G Loss: 6.3809 | D Loss: 0.0382
Client 15 (EMNIST) | Target Loss: 0.4427 | G Loss: 6.9828 | D Loss: 0.0237
Client 16 (EMNIST) | Target Loss: 0.6357 | G Loss: 5.7933 | D Loss: 0.0557
Client 17 (EMNIST) | Target Loss: 0.3682 | G Loss: 6.4838 | D Loss: 0.0393
Client 18 (EMNIST) | Target Loss: 0.2746 | G Loss: 6.3283 | D Loss: 0.0391
Client 19 (EMNIST) | Target Loss: 0.4517 | G Loss: 5.9534 | D Loss: 0.0497
Client 20 (EMNIST) | Target Loss: 0.4786 | G Loss: 6.7375 | D Loss: 0.0366
Client 22 (CIFAR10) | Target Loss: 0.6984 | G Loss: 2.1324 | D Loss: 0.3917
Client 23 (CIFAR10) | Target Loss: 1.0199 | G Loss: 2.0704 | D Loss: 0.4096
Client 24 (CIFAR10) | Target Loss: 0.7084 | G Loss: 2.1336 | D Loss: 0.3920
Client 25 (CIFAR10) | Target Loss: 0.6239 | G Loss: 2.1259 | D Loss: 0.3984
Client 26 (CIFAR10) | Target Loss: 1.2083 | G Loss: 2.1543 | D Loss: 0.4027
Client 27 (CIFAR10) | Target Loss: 1.4134 | G Loss: 2.1498 | D Loss: 0.3805
Client 28 (CIFAR10) | Target Loss: 1.3208 | G Loss: 2.1525 | D Loss: 0.3788
Client 29 (CIFAR10) | Target Loss: 0.9030 | G Loss: 2.1451 | D Loss: 0.3855
Client 30 (CIFAR10) | Target Loss: 1.4286 | G Loss: 2.0891 | D Loss: 0.4095
Client 31 (CIFAR10) | Target Loss: 1.5629 | G Loss: 2.1001 | D Loss: 0.4024
Round 11 | Client 0 | Model: (MLP) | Acc: 95.09%
Round 11 | Client 1 | Model: (CNN) | Acc: 89.48%
Round 11 | Client 2 | Model: (ResNet8) | Acc: 90.15%
Round 11 | Client 3 | Model: (ResNet18) | Acc: 97.96%
Round 11 | Client 4 | Model: (MobileNetV2) | Acc: 94.33%
Round 11 | Client 5 | Model: (MobileNetV3) | Acc: 84.95%
Round 11 | Client 6 | Model: (LeNet) | Acc: 96.50%
Round 11 | Client 7 | Model: (AlexNet) | Acc: 97.16%
Round 11 | Client 8 | Model: (ShuffleNet) | Acc: 85.30%
Round 11 | Client 9 | Model: (SqueezeNet) | Acc: 96.61%
Round 11 | Client 11 | Model: (MLP) | Acc: 80.66%
Round 11 | Client 12 | Model: (CNN) | Acc: 82.69%
Round 11 | Client 13 | Model: (ResNet8) | Acc: 85.18%
Round 11 | Client 14 | Model: (ResNet18) | Acc: 86.04%
Round 11 | Client 15 | Model: (MobileNetV2) | Acc: 82.96%
Round 11 | Client 16 | Model: (MobileNetV3) | Acc: 77.68%
Round 11 | Client 17 | Model: (LeNet) | Acc: 84.68%
Round 11 | Client 18 | Model: (AlexNet) | Acc: 83.92%
Round 11 | Client 19 | Model: (ShuffleNet) | Acc: 81.81%
Round 11 | Client 20 | Model: (SqueezeNet) | Acc: 83.00%
Round 11 | Client 22 | Model: (MLP) | Acc: 41.85%
Round 11 | Client 23 | Model: (CNN) | Acc: 52.75%
Round 11 | Client 24 | Model: (ResNet8) | Acc: 50.21%
Round 11 | Client 25 | Model: (ResNet18) | Acc: 62.49%
Round 11 | Client 26 | Model: (MobileNetV2) | Acc: 38.93%
Round 11 | Client 27 | Model: (MobileNetV3) | Acc: 42.27%
Round 11 | Client 28 | Model: (LeNet) | Acc: 48.18%
Round 11 | Client 29 | Model: (AlexNet) | Acc: 54.05%
Round 11 | Client 30 | Model: (ShuffleNet) | Acc: 34.10%
Round 11 | Client 31 | Model: (SqueezeNet) | Acc: 33.37%
Selected client ids: [0, 1, 2, 3, 4, 5, 6, 7, 8, 9, 10, 11, 12, 13, 14, 15, 16, 17, 18, 19, 20, 21, 22, 23, 24, 25, 26, 27, 28, 29]
--- Round 12 ---
Client 0 (MNIST) | Target Loss: 0.1162 | G Loss: 3.3979 | D Loss: 0.2117
Client 1 (MNIST) | Target Loss: 0.0300 | G Loss: 4.2789 | D Loss: 0.0889
Client 2 (MNIST) | Target Loss: 0.0242 | G Loss: 3.6575 | D Loss: 0.1684
Client 3 (MNIST) | Target Loss: 0.0186 | G Loss: 3.5797 | D Loss: 0.1775
Client 4 (MNIST) | Target Loss: 0.1076 | G Loss: 3.0322 | D Loss: 0.2664
Client 5 (MNIST) | Target Loss: 0.3615 | G Loss: 2.8499 | D Loss: 0.2792
Client 6 (MNIST) | Target Loss: 0.0491 | G Loss: 4.0253 | D Loss: 0.1194
Client 7 (MNIST) | Target Loss: 0.0320 | G Loss: 3.0976 | D Loss: 0.2487
Client 8 (MNIST) | Target Loss: 0.4189 | G Loss: 2.6979 | D Loss: 0.3094
Client 9 (MNIST) | Target Loss: 0.1058 | G Loss: 3.6822 | D Loss: 0.1630
Client 11 (EMNIST) | Target Loss: 0.4260 | G Loss: 6.3228 | D Loss: 0.0403
Client 12 (EMNIST) | Target Loss: 0.4009 | G Loss: 6.5187 | D Loss: 0.0308
Client 13 (EMNIST) | Target Loss: 0.2945 | G Loss: 6.5577 | D Loss: 0.0370
Client 14 (EMNIST) | Target Loss: 0.2696 | G Loss: 6.1614 | D Loss: 0.0488
Client 15 (EMNIST) | Target Loss: 0.4330 | G Loss: 6.1023 | D Loss: 0.0532
Client 16 (EMNIST) | Target Loss: 0.6197 | G Loss: 6.8915 | D Loss: 0.0328
Client 17 (EMNIST) | Target Loss: 0.3575 | G Loss: 6.4932 | D Loss: 0.0378
Client 18 (EMNIST) | Target Loss: 0.2590 | G Loss: 6.8519 | D Loss: 0.0328
Client 19 (EMNIST) | Target Loss: 0.4402 | G Loss: 6.8709 | D Loss: 0.0282
Client 20 (EMNIST) | Target Loss: 0.4699 | G Loss: 7.1145 | D Loss: 0.0241
Client 22 (CIFAR10) | Target Loss: 0.5630 | G Loss: 2.1140 | D Loss: 0.3760
Client 23 (CIFAR10) | Target Loss: 1.0151 | G Loss: 2.0959 | D Loss: 0.3757
Client 24 (CIFAR10) | Target Loss: 0.6231 | G Loss: 2.1233 | D Loss: 0.3858
Client 25 (CIFAR10) | Target Loss: 0.5570 | G Loss: 2.1207 | D Loss: 0.3829
Client 26 (CIFAR10) | Target Loss: 1.1803 | G Loss: 2.1142 | D Loss: 0.3802
Client 27 (CIFAR10) | Target Loss: 1.3932 | G Loss: 2.0890 | D Loss: 0.3859
Client 28 (CIFAR10) | Target Loss: 1.2806 | G Loss: 2.0836 | D Loss: 0.3875
Client 29 (CIFAR10) | Target Loss: 0.8030 | G Loss: 2.0865 | D Loss: 0.3930
Client 30 (CIFAR10) | Target Loss: 1.3793 | G Loss: 2.1060 | D Loss: 0.3962
Client 31 (CIFAR10) | Target Loss: 1.5168 | G Loss: 2.0926 | D Loss: 0.3791
Round 12 | Client 0 | Model: (MLP) | Acc: 92.04%
Round 12 | Client 1 | Model: (CNN) | Acc: 95.46%
Round 12 | Client 2 | Model: (ResNet8) | Acc: 96.49%
Round 12 | Client 3 | Model: (ResNet18) | Acc: 98.19%
Round 12 | Client 4 | Model: (MobileNetV2) | Acc: 95.40%
Round 12 | Client 5 | Model: (MobileNetV3) | Acc: 83.84%
Round 12 | Client 6 | Model: (LeNet) | Acc: 97.48%
Round 12 | Client 7 | Model: (AlexNet) | Acc: 96.84%
Round 12 | Client 8 | Model: (ShuffleNet) | Acc: 86.86%
Round 12 | Client 9 | Model: (SqueezeNet) | Acc: 96.50%
Round 12 | Client 11 | Model: (MLP) | Acc: 81.00%
Round 12 | Client 12 | Model: (CNN) | Acc: 85.05%
Round 12 | Client 13 | Model: (ResNet8) | Acc: 84.68%
Round 12 | Client 14 | Model: (ResNet18) | Acc: 85.76%
Round 12 | Client 15 | Model: (MobileNetV2) | Acc: 83.41%
Round 12 | Client 16 | Model: (MobileNetV3) | Acc: 77.87%
Round 12 | Client 17 | Model: (LeNet) | Acc: 84.67%
Round 12 | Client 18 | Model: (AlexNet) | Acc: 84.81%
Round 12 | Client 19 | Model: (ShuffleNet) | Acc: 82.38%
Round 12 | Client 20 | Model: (SqueezeNet) | Acc: 82.85%
Round 12 | Client 22 | Model: (MLP) | Acc: 43.05%
Round 12 | Client 23 | Model: (CNN) | Acc: 54.29%
Round 12 | Client 24 | Model: (ResNet8) | Acc: 59.96%
Round 12 | Client 25 | Model: (ResNet18) | Acc: 53.27%
Round 12 | Client 26 | Model: (MobileNetV2) | Acc: 39.66%
Round 12 | Client 27 | Model: (MobileNetV3) | Acc: 41.95%
Round 12 | Client 28 | Model: (LeNet) | Acc: 48.18%
Round 12 | Client 29 | Model: (AlexNet) | Acc: 53.08%
Round 12 | Client 30 | Model: (ShuffleNet) | Acc: 35.86%
Round 12 | Client 31 | Model: (SqueezeNet) | Acc: 33.93%
Selected client ids: [0, 1, 2, 3, 4, 5, 6, 7, 8, 9, 10, 11, 12, 13, 14, 15, 16, 17, 18, 19, 20, 21, 22, 23, 24, 25, 26, 27, 28, 29]
--- Round 13 ---
Client 0 (MNIST) | Target Loss: 0.0960 | G Loss: 3.6437 | D Loss: 0.1713
Client 1 (MNIST) | Target Loss: 0.0405 | G Loss: 2.4100 | D Loss: 0.3497
Client 2 (MNIST) | Target Loss: 0.0085 | G Loss: 2.7234 | D Loss: 0.3027
Client 3 (MNIST) | Target Loss: 0.0121 | G Loss: 3.3853 | D Loss: 0.2052
Client 4 (MNIST) | Target Loss: 0.0891 | G Loss: 2.3615 | D Loss: 0.3664
Client 5 (MNIST) | Target Loss: 0.3310 | G Loss: 3.3093 | D Loss: 0.2170
Client 6 (MNIST) | Target Loss: 0.0459 | G Loss: 2.6420 | D Loss: 0.3217
Client 7 (MNIST) | Target Loss: 0.0214 | G Loss: 2.3449 | D Loss: 0.3561
Client 8 (MNIST) | Target Loss: 0.3438 | G Loss: 2.5985 | D Loss: 0.3208
Client 9 (MNIST) | Target Loss: 0.0932 | G Loss: 2.6802 | D Loss: 0.3110
Client 11 (EMNIST) | Target Loss: 0.4183 | G Loss: 6.8208 | D Loss: 0.0338
Client 12 (EMNIST) | Target Loss: 0.3902 | G Loss: 6.3064 | D Loss: 0.0403
Client 13 (EMNIST) | Target Loss: 0.2792 | G Loss: 6.8019 | D Loss: 0.0320
Client 14 (EMNIST) | Target Loss: 0.2576 | G Loss: 6.4544 | D Loss: 0.0346
Client 15 (EMNIST) | Target Loss: 0.4260 | G Loss: 6.6713 | D Loss: 0.0323
Client 16 (EMNIST) | Target Loss: 0.6054 | G Loss: 6.4387 | D Loss: 0.0396
Client 17 (EMNIST) | Target Loss: 0.3526 | G Loss: 7.2829 | D Loss: 0.0204
Client 18 (EMNIST) | Target Loss: 0.2434 | G Loss: 6.2671 | D Loss: 0.0390
Client 19 (EMNIST) | Target Loss: 0.4312 | G Loss: 6.4247 | D Loss: 0.0406
Client 20 (EMNIST) | Target Loss: 0.4619 | G Loss: 6.6113 | D Loss: 0.0346
Client 22 (CIFAR10) | Target Loss: 0.5296 | G Loss: 2.0597 | D Loss: 0.3737
Client 23 (CIFAR10) | Target Loss: 0.9528 | G Loss: 1.9975 | D Loss: 0.3839
Client 24 (CIFAR10) | Target Loss: 0.5142 | G Loss: 1.9937 | D Loss: 0.3858
Client 25 (CIFAR10) | Target Loss: 0.3782 | G Loss: 2.0440 | D Loss: 0.3968
Client 26 (CIFAR10) | Target Loss: 1.1074 | G Loss: 2.0802 | D Loss: 0.3786
Client 27 (CIFAR10) | Target Loss: 1.3713 | G Loss: 2.0087 | D Loss: 0.3863
Client 28 (CIFAR10) | Target Loss: 1.2363 | G Loss: 2.0730 | D Loss: 0.3841
Client 29 (CIFAR10) | Target Loss: 0.6973 | G Loss: 2.0384 | D Loss: 0.3889
Client 30 (CIFAR10) | Target Loss: 1.3324 | G Loss: 2.0190 | D Loss: 0.3921
Client 31 (CIFAR10) | Target Loss: 1.4688 | G Loss: 1.9927 | D Loss: 0.4129
Round 13 | Client 0 | Model: (MLP) | Acc: 92.91%
Round 13 | Client 1 | Model: (CNN) | Acc: 93.02%
Round 13 | Client 2 | Model: (ResNet8) | Acc: 97.85%
Round 13 | Client 3 | Model: (ResNet18) | Acc: 98.64%
Round 13 | Client 4 | Model: (MobileNetV2) | Acc: 96.25%
Round 13 | Client 5 | Model: (MobileNetV3) | Acc: 80.16%
Round 13 | Client 6 | Model: (LeNet) | Acc: 97.59%
Round 13 | Client 7 | Model: (AlexNet) | Acc: 96.84%
Round 13 | Client 8 | Model: (ShuffleNet) | Acc: 82.96%
Round 13 | Client 9 | Model: (SqueezeNet) | Acc: 96.83%
Round 13 | Client 11 | Model: (MLP) | Acc: 80.14%
Round 13 | Client 12 | Model: (CNN) | Acc: 84.36%
Round 13 | Client 13 | Model: (ResNet8) | Acc: 85.44%
Round 13 | Client 14 | Model: (ResNet18) | Acc: 85.80%
Round 13 | Client 15 | Model: (MobileNetV2) | Acc: 83.52%
Round 13 | Client 16 | Model: (MobileNetV3) | Acc: 78.59%
Round 13 | Client 17 | Model: (LeNet) | Acc: 84.37%
Round 13 | Client 18 | Model: (AlexNet) | Acc: 83.72%
Round 13 | Client 19 | Model: (ShuffleNet) | Acc: 82.59%
Round 13 | Client 20 | Model: (SqueezeNet) | Acc: 82.80%
Round 13 | Client 22 | Model: (MLP) | Acc: 40.05%
Round 13 | Client 23 | Model: (CNN) | Acc: 47.47%
Round 13 | Client 24 | Model: (ResNet8) | Acc: 52.03%
Round 13 | Client 25 | Model: (ResNet18) | Acc: 59.60%
Round 13 | Client 26 | Model: (MobileNetV2) | Acc: 39.14%
Round 13 | Client 27 | Model: (MobileNetV3) | Acc: 40.67%
Round 13 | Client 28 | Model: (LeNet) | Acc: 48.62%
Round 13 | Client 29 | Model: (AlexNet) | Acc: 52.86%
Round 13 | Client 30 | Model: (ShuffleNet) | Acc: 33.33%
Round 13 | Client 31 | Model: (SqueezeNet) | Acc: 33.93%
Selected client ids: [0, 1, 2, 3, 4, 5, 6, 7, 8, 9, 10, 11, 12, 13, 14, 15, 16, 17, 18, 19, 20, 21, 22, 23, 24, 25, 26, 27, 28, 29]
--- Round 14 ---
Client 0 (MNIST) | Target Loss: 0.0735 | G Loss: 2.9878 | D Loss: 0.2586
Client 1 (MNIST) | Target Loss: 0.0278 | G Loss: 3.1162 | D Loss: 0.2454
Client 2 (MNIST) | Target Loss: 0.0076 | G Loss: 3.3510 | D Loss: 0.2085
Client 3 (MNIST) | Target Loss: 0.0070 | G Loss: 2.7998 | D Loss: 0.2904
Client 4 (MNIST) | Target Loss: 0.0709 | G Loss: 3.5748 | D Loss: 0.1839
Client 5 (MNIST) | Target Loss: 0.2872 | G Loss: 3.3637 | D Loss: 0.2103
Client 6 (MNIST) | Target Loss: 0.0370 | G Loss: 3.0435 | D Loss: 0.2506
Client 7 (MNIST) | Target Loss: 0.0213 | G Loss: 3.0343 | D Loss: 0.2618
Client 8 (MNIST) | Target Loss: 0.9019 | G Loss: 3.1992 | D Loss: 0.2371
Client 9 (MNIST) | Target Loss: 0.1023 | G Loss: 3.1291 | D Loss: 0.2442
Client 11 (EMNIST) | Target Loss: 0.4083 | G Loss: 6.9592 | D Loss: 0.0290
Client 12 (EMNIST) | Target Loss: 0.3822 | G Loss: 6.3729 | D Loss: 0.0458
Client 13 (EMNIST) | Target Loss: 0.2682 | G Loss: 6.7993 | D Loss: 0.0327
Client 14 (EMNIST) | Target Loss: 0.2412 | G Loss: 6.9088 | D Loss: 0.0289
Client 15 (EMNIST) | Target Loss: 0.4165 | G Loss: 6.7133 | D Loss: 0.0316
Client 16 (EMNIST) | Target Loss: 0.5921 | G Loss: 7.1077 | D Loss: 0.0275
Client 17 (EMNIST) | Target Loss: 0.3444 | G Loss: 6.9489 | D Loss: 0.0321
Client 18 (EMNIST) | Target Loss: 0.2331 | G Loss: 6.6851 | D Loss: 0.0319
Client 19 (EMNIST) | Target Loss: 0.4233 | G Loss: 6.9098 | D Loss: 0.0367
Client 20 (EMNIST) | Target Loss: 0.4627 | G Loss: 6.5817 | D Loss: 0.0381
Client 22 (CIFAR10) | Target Loss: 0.4993 | G Loss: 2.0113 | D Loss: 0.3866
Client 23 (CIFAR10) | Target Loss: 0.9330 | G Loss: 2.0524 | D Loss: 0.3984
Client 24 (CIFAR10) | Target Loss: 0.4601 | G Loss: 1.9638 | D Loss: 0.3995
Client 25 (CIFAR10) | Target Loss: 0.3143 | G Loss: 1.9899 | D Loss: 0.3994
Client 26 (CIFAR10) | Target Loss: 1.0495 | G Loss: 2.0691 | D Loss: 0.3816
Client 27 (CIFAR10) | Target Loss: 1.3432 | G Loss: 2.0471 | D Loss: 0.3812
Client 28 (CIFAR10) | Target Loss: 1.1778 | G Loss: 2.0404 | D Loss: 0.3777
Client 29 (CIFAR10) | Target Loss: 0.6139 | G Loss: 2.0544 | D Loss: 0.3971
Client 30 (CIFAR10) | Target Loss: 1.2930 | G Loss: 1.9710 | D Loss: 0.3904
Client 31 (CIFAR10) | Target Loss: 1.4504 | G Loss: 1.9436 | D Loss: 0.4179
Round 14 | Client 0 | Model: (MLP) | Acc: 93.35%
Round 14 | Client 1 | Model: (CNN) | Acc: 94.46%
Round 14 | Client 2 | Model: (ResNet8) | Acc: 98.41%
Round 14 | Client 3 | Model: (ResNet18) | Acc: 98.87%
Round 14 | Client 4 | Model: (MobileNetV2) | Acc: 94.97%
Round 14 | Client 5 | Model: (MobileNetV3) | Acc: 85.51%
Round 14 | Client 6 | Model: (LeNet) | Acc: 97.70%
Round 14 | Client 7 | Model: (AlexNet) | Acc: 98.11%
Round 14 | Client 8 | Model: (ShuffleNet) | Acc: 78.06%
Round 14 | Client 9 | Model: (SqueezeNet) | Acc: 96.39%
Round 14 | Client 11 | Model: (MLP) | Acc: 80.34%
Round 14 | Client 12 | Model: (CNN) | Acc: 84.81%
Round 14 | Client 13 | Model: (ResNet8) | Acc: 85.49%
Round 14 | Client 14 | Model: (ResNet18) | Acc: 85.87%
Round 14 | Client 15 | Model: (MobileNetV2) | Acc: 84.20%
Round 14 | Client 16 | Model: (MobileNetV3) | Acc: 78.49%
Round 14 | Client 17 | Model: (LeNet) | Acc: 84.06%
Round 14 | Client 18 | Model: (AlexNet) | Acc: 83.78%
Round 14 | Client 19 | Model: (ShuffleNet) | Acc: 82.64%
Round 14 | Client 20 | Model: (SqueezeNet) | Acc: 83.13%
Round 14 | Client 22 | Model: (MLP) | Acc: 41.25%
Round 14 | Client 23 | Model: (CNN) | Acc: 53.74%
Round 14 | Client 24 | Model: (ResNet8) | Acc: 43.36%
Round 14 | Client 25 | Model: (ResNet18) | Acc: 57.82%
Round 14 | Client 26 | Model: (MobileNetV2) | Acc: 38.41%
Round 14 | Client 27 | Model: (MobileNetV3) | Acc: 41.95%
Round 14 | Client 28 | Model: (LeNet) | Acc: 51.49%
Round 14 | Client 29 | Model: (AlexNet) | Acc: 56.22%
Round 14 | Client 30 | Model: (ShuffleNet) | Acc: 35.75%
Round 14 | Client 31 | Model: (SqueezeNet) | Acc: 36.85%
Selected client ids: [0, 1, 2, 3, 4, 5, 6, 7, 8, 9, 10, 11, 12, 13, 14, 15, 16, 17, 18, 19, 20, 21, 22, 23, 24, 25, 26, 27, 28, 29]
--- Round 15 ---
Client 0 (MNIST) | Target Loss: 0.1056 | G Loss: 3.3981 | D Loss: 0.2024
Client 1 (MNIST) | Target Loss: 0.0215 | G Loss: 2.9851 | D Loss: 0.2655
Client 2 (MNIST) | Target Loss: 0.0041 | G Loss: 3.4150 | D Loss: 0.1903
Client 3 (MNIST) | Target Loss: 0.0205 | G Loss: 2.9750 | D Loss: 0.2541
Client 4 (MNIST) | Target Loss: 0.0938 | G Loss: 2.9752 | D Loss: 0.2618
Client 5 (MNIST) | Target Loss: 0.2740 | G Loss: 3.3244 | D Loss: 0.2107
Client 6 (MNIST) | Target Loss: 0.0362 | G Loss: 3.4242 | D Loss: 0.1925
Client 7 (MNIST) | Target Loss: 0.0150 | G Loss: 3.3228 | D Loss: 0.2100
Client 8 (MNIST) | Target Loss: 0.6600 | G Loss: 4.5897 | D Loss: 0.0762
Client 9 (MNIST) | Target Loss: 0.1145 | G Loss: 3.1149 | D Loss: 0.2423
Client 11 (EMNIST) | Target Loss: 0.3971 | G Loss: 7.1738 | D Loss: 0.0304
Client 12 (EMNIST) | Target Loss: 0.3742 | G Loss: 6.4751 | D Loss: 0.0389
Client 13 (EMNIST) | Target Loss: 0.2524 | G Loss: 7.4412 | D Loss: 0.0272
Client 14 (EMNIST) | Target Loss: 0.2310 | G Loss: 6.9998 | D Loss: 0.0270
Client 15 (EMNIST) | Target Loss: 0.4084 | G Loss: 6.7306 | D Loss: 0.0387
Client 16 (EMNIST) | Target Loss: 0.5857 | G Loss: 7.4747 | D Loss: 0.0209
Client 17 (EMNIST) | Target Loss: 0.3372 | G Loss: 7.0444 | D Loss: 0.0255
Client 18 (EMNIST) | Target Loss: 0.2175 | G Loss: 7.1589 | D Loss: 0.0279
Client 19 (EMNIST) | Target Loss: 0.4131 | G Loss: 6.7394 | D Loss: 0.0332
Client 20 (EMNIST) | Target Loss: 0.4482 | G Loss: 7.0041 | D Loss: 0.0323
Client 22 (CIFAR10) | Target Loss: 0.3617 | G Loss: 1.9401 | D Loss: 0.3970
Client 23 (CIFAR10) | Target Loss: 0.8934 | G Loss: 2.0090 | D Loss: 0.3810
Client 24 (CIFAR10) | Target Loss: 0.3694 | G Loss: 1.9862 | D Loss: 0.3888
Client 25 (CIFAR10) | Target Loss: 0.2333 | G Loss: 1.9529 | D Loss: 0.3694
Client 26 (CIFAR10) | Target Loss: 0.9861 | G Loss: 2.0395 | D Loss: 0.3776
Client 27 (CIFAR10) | Target Loss: 1.3322 | G Loss: 1.9711 | D Loss: 0.3837
Client 28 (CIFAR10) | Target Loss: 1.1362 | G Loss: 1.9940 | D Loss: 0.3725
Client 29 (CIFAR10) | Target Loss: 0.5131 | G Loss: 2.0260 | D Loss: 0.3906
Client 30 (CIFAR10) | Target Loss: 1.2188 | G Loss: 1.9476 | D Loss: 0.3863
Client 31 (CIFAR10) | Target Loss: 1.4127 | G Loss: 1.9916 | D Loss: 0.3844
Round 15 | Client 0 | Model: (MLP) | Acc: 92.91%
Round 15 | Client 1 | Model: (CNN) | Acc: 92.36%
Round 15 | Client 2 | Model: (ResNet8) | Acc: 98.19%
Round 15 | Client 3 | Model: (ResNet18) | Acc: 97.40%
Round 15 | Client 4 | Model: (MobileNetV2) | Acc: 95.07%
Round 15 | Client 5 | Model: (MobileNetV3) | Acc: 86.06%
Round 15 | Client 6 | Model: (LeNet) | Acc: 97.48%
Round 15 | Client 7 | Model: (AlexNet) | Acc: 96.32%
Round 15 | Client 8 | Model: (ShuffleNet) | Acc: 80.73%
Round 15 | Client 9 | Model: (SqueezeNet) | Acc: 94.75%
Round 15 | Client 11 | Model: (MLP) | Acc: 79.55%
Round 15 | Client 12 | Model: (CNN) | Acc: 85.42%
Round 15 | Client 13 | Model: (ResNet8) | Acc: 84.49%
Round 15 | Client 14 | Model: (ResNet18) | Acc: 85.56%
Round 15 | Client 15 | Model: (MobileNetV2) | Acc: 84.33%
Round 15 | Client 16 | Model: (MobileNetV3) | Acc: 73.00%
Round 15 | Client 17 | Model: (LeNet) | Acc: 84.37%
Round 15 | Client 18 | Model: (AlexNet) | Acc: 83.54%
Round 15 | Client 19 | Model: (ShuffleNet) | Acc: 82.61%
Round 15 | Client 20 | Model: (SqueezeNet) | Acc: 83.46%
Round 15 | Client 22 | Model: (MLP) | Acc: 41.61%
Round 15 | Client 23 | Model: (CNN) | Acc: 55.60%
Round 15 | Client 24 | Model: (ResNet8) | Acc: 47.86%
Round 15 | Client 25 | Model: (ResNet18) | Acc: 53.16%
Round 15 | Client 26 | Model: (MobileNetV2) | Acc: 38.93%
Round 15 | Client 27 | Model: (MobileNetV3) | Acc: 41.20%
Round 15 | Client 28 | Model: (LeNet) | Acc: 53.14%
Round 15 | Client 29 | Model: (AlexNet) | Acc: 57.51%
Round 15 | Client 30 | Model: (ShuffleNet) | Acc: 36.07%
Round 15 | Client 31 | Model: (SqueezeNet) | Acc: 38.54%
Selected client ids: [0, 1, 2, 3, 4, 5, 6, 7, 8, 9, 10, 11, 12, 13, 14, 15, 16, 17, 18, 19, 20, 21, 22, 23, 24, 25, 26, 27, 28, 29]
--- Round 16 ---
Client 0 (MNIST) | Target Loss: 0.0758 | G Loss: 2.6937 | D Loss: 0.3099
Client 1 (MNIST) | Target Loss: 0.0160 | G Loss: 2.7602 | D Loss: 0.3058
Client 2 (MNIST) | Target Loss: 0.0083 | G Loss: 2.9836 | D Loss: 0.2703
Client 3 (MNIST) | Target Loss: 0.0196 | G Loss: 3.2158 | D Loss: 0.2336
Client 4 (MNIST) | Target Loss: 0.0841 | G Loss: 3.1166 | D Loss: 0.2548
Client 5 (MNIST) | Target Loss: 0.2542 | G Loss: 3.6377 | D Loss: 0.1709
Client 6 (MNIST) | Target Loss: 0.0428 | G Loss: 3.3172 | D Loss: 0.2286
Client 7 (MNIST) | Target Loss: 0.0331 | G Loss: 2.9632 | D Loss: 0.2756
Client 8 (MNIST) | Target Loss: 0.5509 | G Loss: 2.8576 | D Loss: 0.2753
Client 9 (MNIST) | Target Loss: 0.0887 | G Loss: 3.1047 | D Loss: 0.2495
Client 11 (EMNIST) | Target Loss: 0.3961 | G Loss: 7.0693 | D Loss: 0.0292
Client 12 (EMNIST) | Target Loss: 0.3704 | G Loss: 6.8817 | D Loss: 0.0310
Client 13 (EMNIST) | Target Loss: 0.2392 | G Loss: 6.7788 | D Loss: 0.0323
Client 14 (EMNIST) | Target Loss: 0.2071 | G Loss: 6.9114 | D Loss: 0.0315
Client 15 (EMNIST) | Target Loss: 0.3996 | G Loss: 7.2056 | D Loss: 0.0286
Client 16 (EMNIST) | Target Loss: 0.5738 | G Loss: 6.9816 | D Loss: 0.0281
Client 17 (EMNIST) | Target Loss: 0.3293 | G Loss: 6.8846 | D Loss: 0.0328
Client 18 (EMNIST) | Target Loss: 0.2093 | G Loss: 7.0579 | D Loss: 0.0303
Client 19 (EMNIST) | Target Loss: 0.4105 | G Loss: 7.1377 | D Loss: 0.0248
Client 20 (EMNIST) | Target Loss: 0.4454 | G Loss: 7.1669 | D Loss: 0.0183
Client 22 (CIFAR10) | Target Loss: 0.3525 | G Loss: 2.0145 | D Loss: 0.3870
Client 23 (CIFAR10) | Target Loss: 0.8894 | G Loss: 2.0276 | D Loss: 0.3607
Client 24 (CIFAR10) | Target Loss: 0.3144 | G Loss: 1.9963 | D Loss: 0.3884
Client 25 (CIFAR10) | Target Loss: 0.2469 | G Loss: 2.0037 | D Loss: 0.3804
Client 26 (CIFAR10) | Target Loss: 0.9707 | G Loss: 2.0184 | D Loss: 0.3729
Client 27 (CIFAR10) | Target Loss: 1.2894 | G Loss: 1.9540 | D Loss: 0.3880
Client 28 (CIFAR10) | Target Loss: 1.1036 | G Loss: 2.0401 | D Loss: 0.3762
Client 29 (CIFAR10) | Target Loss: 0.3916 | G Loss: 2.0054 | D Loss: 0.3618
Client 30 (CIFAR10) | Target Loss: 1.2419 | G Loss: 1.9876 | D Loss: 0.3784
Client 31 (CIFAR10) | Target Loss: 1.3364 | G Loss: 1.9563 | D Loss: 0.4115
Round 16 | Client 0 | Model: (MLP) | Acc: 94.66%
Round 16 | Client 1 | Model: (CNN) | Acc: 80.62%
Round 16 | Client 2 | Model: (ResNet8) | Acc: 97.96%
Round 16 | Client 3 | Model: (ResNet18) | Acc: 98.30%
Round 16 | Client 4 | Model: (MobileNetV2) | Acc: 91.65%
Round 16 | Client 5 | Model: (MobileNetV3) | Acc: 87.96%
Round 16 | Client 6 | Model: (LeNet) | Acc: 97.70%
Round 16 | Client 7 | Model: (AlexNet) | Acc: 98.21%
Round 16 | Client 8 | Model: (ShuffleNet) | Acc: 81.96%
Round 16 | Client 9 | Model: (SqueezeNet) | Acc: 96.17%
Round 16 | Client 11 | Model: (MLP) | Acc: 81.17%
Round 16 | Client 12 | Model: (CNN) | Acc: 83.63%
Round 16 | Client 13 | Model: (ResNet8) | Acc: 84.66%
Round 16 | Client 14 | Model: (ResNet18) | Acc: 85.33%
Round 16 | Client 15 | Model: (MobileNetV2) | Acc: 83.59%
Round 16 | Client 16 | Model: (MobileNetV3) | Acc: 77.72%
Round 16 | Client 17 | Model: (LeNet) | Acc: 84.03%
Round 16 | Client 18 | Model: (AlexNet) | Acc: 83.43%
Round 16 | Client 19 | Model: (ShuffleNet) | Acc: 83.12%
Round 16 | Client 20 | Model: (SqueezeNet) | Acc: 82.85%
Round 16 | Client 22 | Model: (MLP) | Acc: 39.57%
Round 16 | Client 23 | Model: (CNN) | Acc: 57.58%
Round 16 | Client 24 | Model: (ResNet8) | Acc: 53.96%
Round 16 | Client 25 | Model: (ResNet18) | Acc: 57.27%
Round 16 | Client 26 | Model: (MobileNetV2) | Acc: 39.35%
Round 16 | Client 27 | Model: (MobileNetV3) | Acc: 42.70%
Round 16 | Client 28 | Model: (LeNet) | Acc: 50.17%
Round 16 | Client 29 | Model: (AlexNet) | Acc: 55.24%
Round 16 | Client 30 | Model: (ShuffleNet) | Acc: 37.28%
Round 16 | Client 31 | Model: (SqueezeNet) | Acc: 37.30%
Selected client ids: [0, 1, 2, 3, 4, 5, 6, 7, 8, 9, 10, 11, 12, 13, 14, 15, 16, 17, 18, 19, 20, 21, 22, 23, 24, 25, 26, 27, 28, 29]
--- Round 17 ---
Client 0 (MNIST) | Target Loss: 0.0748 | G Loss: 4.0688 | D Loss: 0.1280
Client 1 (MNIST) | Target Loss: 0.0256 | G Loss: 4.2108 | D Loss: 0.1117
Client 2 (MNIST) | Target Loss: 0.0075 | G Loss: 4.1519 | D Loss: 0.1185
Client 3 (MNIST) | Target Loss: 0.0345 | G Loss: 4.1961 | D Loss: 0.1134
Client 4 (MNIST) | Target Loss: 0.0864 | G Loss: 4.1620 | D Loss: 0.1164
Client 5 (MNIST) | Target Loss: 0.2550 | G Loss: 3.5280 | D Loss: 0.1888
Client 6 (MNIST) | Target Loss: 0.0242 | G Loss: 3.6662 | D Loss: 0.1782
Client 7 (MNIST) | Target Loss: 0.0120 | G Loss: 4.3954 | D Loss: 0.0973
Client 8 (MNIST) | Target Loss: 0.4083 | G Loss: 4.3219 | D Loss: 0.1073
Client 9 (MNIST) | Target Loss: 0.0979 | G Loss: 4.3538 | D Loss: 0.0975
Client 11 (EMNIST) | Target Loss: 0.3825 | G Loss: 7.1595 | D Loss: 0.0258
Client 12 (EMNIST) | Target Loss: 0.3626 | G Loss: 7.7056 | D Loss: 0.0189
Client 13 (EMNIST) | Target Loss: 0.2212 | G Loss: 7.2151 | D Loss: 0.0247
Client 14 (EMNIST) | Target Loss: 0.1940 | G Loss: 6.8438 | D Loss: 0.0346
Client 15 (EMNIST) | Target Loss: 0.3914 | G Loss: 7.5327 | D Loss: 0.0202
Client 16 (EMNIST) | Target Loss: 0.5567 | G Loss: 6.8515 | D Loss: 0.0348
Client 17 (EMNIST) | Target Loss: 0.3218 | G Loss: 6.7814 | D Loss: 0.0378
Client 18 (EMNIST) | Target Loss: 0.1952 | G Loss: 7.4491 | D Loss: 0.0276
Client 19 (EMNIST) | Target Loss: 0.3983 | G Loss: 7.7619 | D Loss: 0.0217
Client 20 (EMNIST) | Target Loss: 0.4490 | G Loss: 6.7313 | D Loss: 0.0348
Client 22 (CIFAR10) | Target Loss: 0.2851 | G Loss: 1.9866 | D Loss: 0.3665
Client 23 (CIFAR10) | Target Loss: 0.8413 | G Loss: 1.9799 | D Loss: 0.3808
Client 24 (CIFAR10) | Target Loss: 0.2343 | G Loss: 1.9812 | D Loss: 0.4008
Client 25 (CIFAR10) | Target Loss: 0.1321 | G Loss: 1.9323 | D Loss: 0.3958
Client 26 (CIFAR10) | Target Loss: 0.9052 | G Loss: 2.0086 | D Loss: 0.3857
Client 27 (CIFAR10) | Target Loss: 1.2822 | G Loss: 2.0431 | D Loss: 0.3697
Client 28 (CIFAR10) | Target Loss: 1.0688 | G Loss: 1.9997 | D Loss: 0.3795
Client 29 (CIFAR10) | Target Loss: 0.3648 | G Loss: 1.9957 | D Loss: 0.3921
Client 30 (CIFAR10) | Target Loss: 1.1194 | G Loss: 2.0248 | D Loss: 0.3773
Client 31 (CIFAR10) | Target Loss: 1.3468 | G Loss: 2.0029 | D Loss: 0.3859
Round 17 | Client 0 | Model: (MLP) | Acc: 93.89%
Round 17 | Client 1 | Model: (CNN) | Acc: 94.68%
Round 17 | Client 2 | Model: (ResNet8) | Acc: 96.60%
Round 17 | Client 3 | Model: (ResNet18) | Acc: 91.97%
Round 17 | Client 4 | Model: (MobileNetV2) | Acc: 95.18%
Round 17 | Client 5 | Model: (MobileNetV3) | Acc: 84.06%
Round 17 | Client 6 | Model: (LeNet) | Acc: 97.92%
Round 17 | Client 7 | Model: (AlexNet) | Acc: 97.79%
Round 17 | Client 8 | Model: (ShuffleNet) | Acc: 82.74%
Round 17 | Client 9 | Model: (SqueezeNet) | Acc: 95.96%
Round 17 | Client 11 | Model: (MLP) | Acc: 79.98%
Round 17 | Client 12 | Model: (CNN) | Acc: 84.12%
Round 17 | Client 13 | Model: (ResNet8) | Acc: 83.80%
Round 17 | Client 14 | Model: (ResNet18) | Acc: 85.35%
Round 17 | Client 15 | Model: (MobileNetV2) | Acc: 83.33%
Round 17 | Client 16 | Model: (MobileNetV3) | Acc: 75.44%
Round 17 | Client 17 | Model: (LeNet) | Acc: 84.40%
Round 17 | Client 18 | Model: (AlexNet) | Acc: 82.97%
Round 17 | Client 19 | Model: (ShuffleNet) | Acc: 83.03%
Round 17 | Client 20 | Model: (SqueezeNet) | Acc: 83.00%
Round 17 | Client 22 | Model: (MLP) | Acc: 40.05%
Round 17 | Client 23 | Model: (CNN) | Acc: 54.29%
Round 17 | Client 24 | Model: (ResNet8) | Acc: 59.64%
Round 17 | Client 25 | Model: (ResNet18) | Acc: 59.82%
Round 17 | Client 26 | Model: (MobileNetV2) | Acc: 38.61%
Round 17 | Client 27 | Model: (MobileNetV3) | Acc: 43.35%
Round 17 | Client 28 | Model: (LeNet) | Acc: 51.38%
Round 17 | Client 29 | Model: (AlexNet) | Acc: 55.14%
Round 17 | Client 30 | Model: (ShuffleNet) | Acc: 37.17%
Round 17 | Client 31 | Model: (SqueezeNet) | Acc: 36.85%
Selected client ids: [0, 1, 2, 3, 4, 5, 6, 7, 8, 9, 10, 11, 12, 13, 14, 15, 16, 17, 18, 19, 20, 21, 22, 23, 24, 25, 26, 27, 28, 29]
--- Round 18 ---
Client 0 (MNIST) | Target Loss: 0.0576 | G Loss: 3.6135 | D Loss: 0.1950
Client 1 (MNIST) | Target Loss: 0.0316 | G Loss: 4.2356 | D Loss: 0.1171
Client 2 (MNIST) | Target Loss: 0.0182 | G Loss: 4.2518 | D Loss: 0.1206
Client 3 (MNIST) | Target Loss: 0.1169 | G Loss: 4.8684 | D Loss: 0.0546
Client 4 (MNIST) | Target Loss: 0.0895 | G Loss: 4.5845 | D Loss: 0.0855
Client 5 (MNIST) | Target Loss: 0.2847 | G Loss: 4.9899 | D Loss: 0.0694
Client 6 (MNIST) | Target Loss: 0.0267 | G Loss: 4.1790 | D Loss: 0.1257
Client 7 (MNIST) | Target Loss: 0.0134 | G Loss: 4.1123 | D Loss: 0.1395
Client 8 (MNIST) | Target Loss: 0.6063 | G Loss: 4.1680 | D Loss: 0.1269
Client 9 (MNIST) | Target Loss: 0.0989 | G Loss: 2.5852 | D Loss: 0.3387
Client 11 (EMNIST) | Target Loss: 0.3860 | G Loss: 6.9803 | D Loss: 0.0322
Client 12 (EMNIST) | Target Loss: 0.3579 | G Loss: 7.1296 | D Loss: 0.0295
Client 13 (EMNIST) | Target Loss: 0.2081 | G Loss: 7.6260 | D Loss: 0.0238
Client 14 (EMNIST) | Target Loss: 0.1733 | G Loss: 8.0460 | D Loss: 0.0134
Client 15 (EMNIST) | Target Loss: 0.3860 | G Loss: 7.0090 | D Loss: 0.0297
Client 16 (EMNIST) | Target Loss: 0.5515 | G Loss: 7.1237 | D Loss: 0.0291
Client 17 (EMNIST) | Target Loss: 0.3190 | G Loss: 7.7242 | D Loss: 0.0180
Client 18 (EMNIST) | Target Loss: 0.1839 | G Loss: 7.6179 | D Loss: 0.0181
Client 19 (EMNIST) | Target Loss: 0.3940 | G Loss: 7.6003 | D Loss: 0.0188
Client 20 (EMNIST) | Target Loss: 0.4380 | G Loss: 7.4886 | D Loss: 0.0233
Client 22 (CIFAR10) | Target Loss: 0.2569 | G Loss: 1.9566 | D Loss: 0.3716
Client 23 (CIFAR10) | Target Loss: 0.8305 | G Loss: 1.9633 | D Loss: 0.3649
Client 24 (CIFAR10) | Target Loss: 0.1635 | G Loss: 1.9767 | D Loss: 0.3768
Client 25 (CIFAR10) | Target Loss: 0.0950 | G Loss: 1.9694 | D Loss: 0.3767
Client 26 (CIFAR10) | Target Loss: 0.8564 | G Loss: 1.9410 | D Loss: 0.3667
Client 27 (CIFAR10) | Target Loss: 1.2685 | G Loss: 1.9567 | D Loss: 0.3626
Client 28 (CIFAR10) | Target Loss: 1.0464 | G Loss: 1.9642 | D Loss: 0.3636
Client 29 (CIFAR10) | Target Loss: 0.2862 | G Loss: 2.0041 | D Loss: 0.3781
Client 30 (CIFAR10) | Target Loss: 1.0591 | G Loss: 1.9845 | D Loss: 0.3862
Client 31 (CIFAR10) | Target Loss: 1.2690 | G Loss: 1.9433 | D Loss: 0.3947
Round 18 | Client 0 | Model: (MLP) | Acc: 94.87%
Round 18 | Client 1 | Model: (CNN) | Acc: 93.47%
Round 18 | Client 2 | Model: (ResNet8) | Acc: 94.90%
Round 18 | Client 3 | Model: (ResNet18) | Acc: 95.14%
Round 18 | Client 4 | Model: (MobileNetV2) | Acc: 96.25%
Round 18 | Client 5 | Model: (MobileNetV3) | Acc: 62.10%
Round 18 | Client 6 | Model: (LeNet) | Acc: 97.81%
Round 18 | Client 7 | Model: (AlexNet) | Acc: 97.58%
Round 18 | Client 8 | Model: (ShuffleNet) | Acc: 81.96%
Round 18 | Client 9 | Model: (SqueezeNet) | Acc: 93.22%
Round 18 | Client 11 | Model: (MLP) | Acc: 80.82%
Round 18 | Client 12 | Model: (CNN) | Acc: 84.44%
Round 18 | Client 13 | Model: (ResNet8) | Acc: 84.79%
Round 18 | Client 14 | Model: (ResNet18) | Acc: 84.42%
Round 18 | Client 15 | Model: (MobileNetV2) | Acc: 83.53%
Round 18 | Client 16 | Model: (MobileNetV3) | Acc: 64.26%
Round 18 | Client 17 | Model: (LeNet) | Acc: 84.51%
Round 18 | Client 18 | Model: (AlexNet) | Acc: 83.03%
Round 18 | Client 19 | Model: (ShuffleNet) | Acc: 83.70%
Round 18 | Client 20 | Model: (SqueezeNet) | Acc: 82.56%
Round 18 | Client 22 | Model: (MLP) | Acc: 40.41%
Round 18 | Client 23 | Model: (CNN) | Acc: 53.30%
Round 18 | Client 24 | Model: (ResNet8) | Acc: 54.71%
Round 18 | Client 25 | Model: (ResNet18) | Acc: 57.49%
Round 18 | Client 26 | Model: (MobileNetV2) | Acc: 39.98%
Round 18 | Client 27 | Model: (MobileNetV3) | Acc: 42.06%
Round 18 | Client 28 | Model: (LeNet) | Acc: 53.36%
Round 18 | Client 29 | Model: (AlexNet) | Acc: 54.16%
Round 18 | Client 30 | Model: (ShuffleNet) | Acc: 37.61%
Round 18 | Client 31 | Model: (SqueezeNet) | Acc: 39.55%
Selected client ids: [0, 1, 2, 3, 4, 5, 6, 7, 8, 9, 10, 11, 12, 13, 14, 15, 16, 17, 18, 19, 20, 21, 22, 23, 24, 25, 26, 27, 28, 29]
--- Round 19 ---
Client 0 (MNIST) | Target Loss: 0.0477 | G Loss: 3.6690 | D Loss: 0.1861
Client 1 (MNIST) | Target Loss: 0.0143 | G Loss: 4.1265 | D Loss: 0.1417
Client 2 (MNIST) | Target Loss: 0.0416 | G Loss: 3.6132 | D Loss: 0.1995
Client 3 (MNIST) | Target Loss: 0.0419 | G Loss: 2.6392 | D Loss: 0.3424
Client 4 (MNIST) | Target Loss: 0.0895 | G Loss: 3.1993 | D Loss: 0.2565
Client 5 (MNIST) | Target Loss: 0.2598 | G Loss: 3.0631 | D Loss: 0.2843
Client 6 (MNIST) | Target Loss: 0.0143 | G Loss: 3.4806 | D Loss: 0.2219
Client 7 (MNIST) | Target Loss: 0.0161 | G Loss: 3.2606 | D Loss: 0.2503
Client 8 (MNIST) | Target Loss: 0.4807 | G Loss: 3.1604 | D Loss: 0.2508
Client 9 (MNIST) | Target Loss: 0.0840 | G Loss: 4.1858 | D Loss: 0.1166
Client 11 (EMNIST) | Target Loss: 0.3819 | G Loss: 6.9979 | D Loss: 0.0318
Client 12 (EMNIST) | Target Loss: 0.3538 | G Loss: 7.5637 | D Loss: 0.0216
Client 13 (EMNIST) | Target Loss: 0.1918 | G Loss: 7.3389 | D Loss: 0.0278
Client 14 (EMNIST) | Target Loss: 0.1591 | G Loss: 6.9228 | D Loss: 0.0347
Client 15 (EMNIST) | Target Loss: 0.3806 | G Loss: 8.2348 | D Loss: 0.0120
Client 16 (EMNIST) | Target Loss: 0.5390 | G Loss: 7.0072 | D Loss: 0.0293
Client 17 (EMNIST) | Target Loss: 0.3136 | G Loss: 7.4371 | D Loss: 0.0264
Client 18 (EMNIST) | Target Loss: 0.1744 | G Loss: 6.9041 | D Loss: 0.0337
Client 19 (EMNIST) | Target Loss: 0.3865 | G Loss: 6.9055 | D Loss: 0.0370
Client 20 (EMNIST) | Target Loss: 0.4347 | G Loss: 7.4483 | D Loss: 0.0233
Client 22 (CIFAR10) | Target Loss: 0.2436 | G Loss: 1.9908 | D Loss: 0.3713
Client 23 (CIFAR10) | Target Loss: 0.7988 | G Loss: 1.9997 | D Loss: 0.3595
Client 24 (CIFAR10) | Target Loss: 0.1285 | G Loss: 1.9825 | D Loss: 0.3562
Client 25 (CIFAR10) | Target Loss: 0.1032 | G Loss: 1.9663 | D Loss: 0.3789
Client 26 (CIFAR10) | Target Loss: 0.7908 | G Loss: 1.9876 | D Loss: 0.3808
Client 27 (CIFAR10) | Target Loss: 1.2349 | G Loss: 1.9281 | D Loss: 0.3768
Client 28 (CIFAR10) | Target Loss: 0.9884 | G Loss: 1.9969 | D Loss: 0.3790
Client 29 (CIFAR10) | Target Loss: 0.2047 | G Loss: 1.9580 | D Loss: 0.3763
Client 30 (CIFAR10) | Target Loss: 1.0416 | G Loss: 1.9868 | D Loss: 0.3549
Client 31 (CIFAR10) | Target Loss: 1.2447 | G Loss: 1.9596 | D Loss: 0.3853
Round 19 | Client 0 | Model: (MLP) | Acc: 94.22%
Round 19 | Client 1 | Model: (CNN) | Acc: 94.91%
Round 19 | Client 2 | Model: (ResNet8) | Acc: 89.81%
Round 19 | Client 3 | Model: (ResNet18) | Acc: 98.64%
Round 19 | Client 4 | Model: (MobileNetV2) | Acc: 94.43%
Round 19 | Client 5 | Model: (MobileNetV3) | Acc: 87.18%
Round 19 | Client 6 | Model: (LeNet) | Acc: 98.03%
Round 19 | Client 7 | Model: (AlexNet) | Acc: 98.53%
Round 19 | Client 8 | Model: (ShuffleNet) | Acc: 82.18%
Round 19 | Client 9 | Model: (SqueezeNet) | Acc: 98.03%
Round 19 | Client 11 | Model: (MLP) | Acc: 80.86%
Round 19 | Client 12 | Model: (CNN) | Acc: 85.34%
Round 19 | Client 13 | Model: (ResNet8) | Acc: 83.25%
Round 19 | Client 14 | Model: (ResNet18) | Acc: 85.02%
Round 19 | Client 15 | Model: (MobileNetV2) | Acc: 83.63%
Round 19 | Client 16 | Model: (MobileNetV3) | Acc: 79.66%
Round 19 | Client 17 | Model: (LeNet) | Acc: 83.81%
Round 19 | Client 18 | Model: (AlexNet) | Acc: 83.44%
Round 19 | Client 19 | Model: (ShuffleNet) | Acc: 83.29%
Round 19 | Client 20 | Model: (SqueezeNet) | Acc: 82.15%
Round 19 | Client 22 | Model: (MLP) | Acc: 41.37%
Round 19 | Client 23 | Model: (CNN) | Acc: 48.68%
Round 19 | Client 24 | Model: (ResNet8) | Acc: 55.03%
Round 19 | Client 25 | Model: (ResNet18) | Acc: 55.72%
Round 19 | Client 26 | Model: (MobileNetV2) | Acc: 38.30%
Round 19 | Client 27 | Model: (MobileNetV3) | Acc: 43.88%
Round 19 | Client 28 | Model: (LeNet) | Acc: 53.14%
Round 19 | Client 29 | Model: (AlexNet) | Acc: 54.70%
Round 19 | Client 30 | Model: (ShuffleNet) | Acc: 36.07%
Round 19 | Client 31 | Model: (SqueezeNet) | Acc: 36.97%
Selected client ids: [0, 1, 2, 3, 4, 5, 6, 7, 8, 9, 10, 11, 12, 13, 14, 15, 16, 17, 18, 19, 20, 21, 22, 23, 24, 25, 26, 27, 28, 29]
--- Round 20 ---
Client 0 (MNIST) | Target Loss: 0.0464 | G Loss: 3.1282 | D Loss: 0.2477
Client 1 (MNIST) | Target Loss: 0.0142 | G Loss: 4.7354 | D Loss: 0.0739
Client 2 (MNIST) | Target Loss: 0.0236 | G Loss: 4.0086 | D Loss: 0.1521
Client 3 (MNIST) | Target Loss: 0.0232 | G Loss: 4.7896 | D Loss: 0.0719
Client 4 (MNIST) | Target Loss: 0.0728 | G Loss: 5.5877 | D Loss: 0.0071
Client 5 (MNIST) | Target Loss: 0.2255 | G Loss: 4.9879 | D Loss: 0.0537
Client 6 (MNIST) | Target Loss: 0.0325 | G Loss: 3.4416 | D Loss: 0.2117
Client 7 (MNIST) | Target Loss: 0.0150 | G Loss: 3.0154 | D Loss: 0.2535
Client 8 (MNIST) | Target Loss: 0.3726 | G Loss: 3.9517 | D Loss: 0.1423
Client 9 (MNIST) | Target Loss: 0.0718 | G Loss: 3.2295 | D Loss: 0.2327
Client 11 (EMNIST) | Target Loss: 0.3760 | G Loss: 7.4784 | D Loss: 0.0196
Client 12 (EMNIST) | Target Loss: 0.3448 | G Loss: 7.1381 | D Loss: 0.0295
Client 13 (EMNIST) | Target Loss: 0.1752 | G Loss: 8.3753 | D Loss: 0.0106
Client 14 (EMNIST) | Target Loss: 0.1420 | G Loss: 7.4100 | D Loss: 0.0278
Client 15 (EMNIST) | Target Loss: 0.3722 | G Loss: 7.1656 | D Loss: 0.0341
Client 16 (EMNIST) | Target Loss: 0.5288 | G Loss: 7.1991 | D Loss: 0.0258
Client 17 (EMNIST) | Target Loss: 0.3056 | G Loss: 7.2009 | D Loss: 0.0246
Client 18 (EMNIST) | Target Loss: 0.1657 | G Loss: 7.6540 | D Loss: 0.0226
Client 19 (EMNIST) | Target Loss: 0.3801 | G Loss: 7.3344 | D Loss: 0.0271
Client 20 (EMNIST) | Target Loss: 0.4419 | G Loss: 7.0006 | D Loss: 0.0331
Client 22 (CIFAR10) | Target Loss: 0.2736 | G Loss: 1.9102 | D Loss: 0.3766
Client 23 (CIFAR10) | Target Loss: 0.7514 | G Loss: 1.9619 | D Loss: 0.3657
Client 24 (CIFAR10) | Target Loss: 0.1064 | G Loss: 2.0102 | D Loss: 0.3756
Client 25 (CIFAR10) | Target Loss: 0.1252 | G Loss: 1.9062 | D Loss: 0.3771
Client 26 (CIFAR10) | Target Loss: 0.7724 | G Loss: 1.9732 | D Loss: 0.3627
Client 27 (CIFAR10) | Target Loss: 1.2240 | G Loss: 1.9779 | D Loss: 0.3729
Client 28 (CIFAR10) | Target Loss: 0.9669 | G Loss: 2.0041 | D Loss: 0.3596
Client 29 (CIFAR10) | Target Loss: 0.1842 | G Loss: 1.9643 | D Loss: 0.3661
Client 30 (CIFAR10) | Target Loss: 1.0522 | G Loss: 1.9187 | D Loss: 0.4053
Client 31 (CIFAR10) | Target Loss: 1.2168 | G Loss: 1.9909 | D Loss: 0.3606
Round 20 | Client 0 | Model: (MLP) | Acc: 94.98%
Round 20 | Client 1 | Model: (CNN) | Acc: 93.58%
Round 20 | Client 2 | Model: (ResNet8) | Acc: 96.15%
Round 20 | Client 3 | Model: (ResNet18) | Acc: 98.19%
Round 20 | Client 4 | Model: (MobileNetV2) | Acc: 96.15%
Round 20 | Client 5 | Model: (MobileNetV3) | Acc: 89.97%
Round 20 | Client 6 | Model: (LeNet) | Acc: 98.25%
Round 20 | Client 7 | Model: (AlexNet) | Acc: 97.47%
Round 20 | Client 8 | Model: (ShuffleNet) | Acc: 85.97%
Round 20 | Client 9 | Model: (SqueezeNet) | Acc: 96.50%
Round 20 | Client 11 | Model: (MLP) | Acc: 80.65%
Round 20 | Client 12 | Model: (CNN) | Acc: 85.25%
Round 20 | Client 13 | Model: (ResNet8) | Acc: 84.57%
Round 20 | Client 14 | Model: (ResNet18) | Acc: 85.57%
Round 20 | Client 15 | Model: (MobileNetV2) | Acc: 84.14%
Round 20 | Client 16 | Model: (MobileNetV3) | Acc: 77.59%
Round 20 | Client 17 | Model: (LeNet) | Acc: 84.47%
Round 20 | Client 18 | Model: (AlexNet) | Acc: 83.41%
Round 20 | Client 19 | Model: (ShuffleNet) | Acc: 82.81%
Round 20 | Client 20 | Model: (SqueezeNet) | Acc: 83.02%
Round 20 | Client 22 | Model: (MLP) | Acc: 37.77%
Round 20 | Client 23 | Model: (CNN) | Acc: 62.09%
Round 20 | Client 24 | Model: (ResNet8) | Acc: 56.21%
Round 20 | Client 25 | Model: (ResNet18) | Acc: 58.60%
Round 20 | Client 26 | Model: (MobileNetV2) | Acc: 39.77%
Round 20 | Client 27 | Model: (MobileNetV3) | Acc: 43.35%
Round 20 | Client 28 | Model: (LeNet) | Acc: 54.46%
Round 20 | Client 29 | Model: (AlexNet) | Acc: 58.27%
Round 20 | Client 30 | Model: (ShuffleNet) | Acc: 38.16%
Round 20 | Client 31 | Model: (SqueezeNet) | Acc: 41.35%
Selected client ids: [0, 1, 2, 3, 4, 5, 6, 7, 8, 9, 10, 11, 12, 13, 14, 15, 16, 17, 18, 19, 20, 21, 22, 23, 24, 25, 26, 27, 28, 29]
--- Round 21 ---
Client 0 (MNIST) | Target Loss: 0.0638 | G Loss: 4.1105 | D Loss: 0.1332
Client 1 (MNIST) | Target Loss: 0.0119 | G Loss: 3.4420 | D Loss: 0.2297
Client 2 (MNIST) | Target Loss: 0.0167 | G Loss: 3.7065 | D Loss: 0.1817
Client 3 (MNIST) | Target Loss: 0.0085 | G Loss: 4.2341 | D Loss: 0.1359
Client 4 (MNIST) | Target Loss: 0.0611 | G Loss: 3.5755 | D Loss: 0.2074
Client 5 (MNIST) | Target Loss: 0.2202 | G Loss: 3.0225 | D Loss: 0.2664
Client 6 (MNIST) | Target Loss: 0.0225 | G Loss: 4.5843 | D Loss: 0.0971
Client 7 (MNIST) | Target Loss: 0.0072 | G Loss: 4.2552 | D Loss: 0.1201
Client 8 (MNIST) | Target Loss: 0.3170 | G Loss: 3.1363 | D Loss: 0.2568
Client 9 (MNIST) | Target Loss: 0.0531 | G Loss: 4.4085 | D Loss: 0.1396
Client 11 (EMNIST) | Target Loss: 0.3691 | G Loss: 7.6587 | D Loss: 0.0249
Client 12 (EMNIST) | Target Loss: 0.3427 | G Loss: 7.9206 | D Loss: 0.0179
Client 13 (EMNIST) | Target Loss: 0.1636 | G Loss: 7.2705 | D Loss: 0.0266
Client 14 (EMNIST) | Target Loss: 0.1207 | G Loss: 7.5460 | D Loss: 0.0237
Client 15 (EMNIST) | Target Loss: 0.3681 | G Loss: 7.6127 | D Loss: 0.0234
Client 16 (EMNIST) | Target Loss: 0.5266 | G Loss: 7.6588 | D Loss: 0.0209
Client 17 (EMNIST) | Target Loss: 0.3008 | G Loss: 7.4899 | D Loss: 0.0284
Client 18 (EMNIST) | Target Loss: 0.1556 | G Loss: 8.7190 | D Loss: 0.0088
Client 19 (EMNIST) | Target Loss: 0.3765 | G Loss: 8.4946 | D Loss: 0.0117
Client 20 (EMNIST) | Target Loss: 0.4287 | G Loss: 7.2387 | D Loss: 0.0265
Client 22 (CIFAR10) | Target Loss: 0.2394 | G Loss: 1.9931 | D Loss: 0.3789
Client 23 (CIFAR10) | Target Loss: 0.7299 | G Loss: 2.0047 | D Loss: 0.3701
Client 24 (CIFAR10) | Target Loss: 0.0688 | G Loss: 1.9447 | D Loss: 0.3882
Client 25 (CIFAR10) | Target Loss: 0.0959 | G Loss: 1.9367 | D Loss: 0.3836
Client 26 (CIFAR10) | Target Loss: 0.7482 | G Loss: 1.9834 | D Loss: 0.3466
Client 27 (CIFAR10) | Target Loss: 1.2017 | G Loss: 2.0002 | D Loss: 0.3617
Client 28 (CIFAR10) | Target Loss: 0.9128 | G Loss: 2.0107 | D Loss: 0.3496
Client 29 (CIFAR10) | Target Loss: 0.1419 | G Loss: 2.0024 | D Loss: 0.3542
Client 30 (CIFAR10) | Target Loss: 0.9719 | G Loss: 1.9524 | D Loss: 0.3874
Client 31 (CIFAR10) | Target Loss: 1.1358 | G Loss: 2.0101 | D Loss: 0.3557
Round 21 | Client 0 | Model: (MLP) | Acc: 94.33%
Round 21 | Client 1 | Model: (CNN) | Acc: 97.45%
Round 21 | Client 2 | Model: (ResNet8) | Acc: 95.58%
Round 21 | Client 3 | Model: (ResNet18) | Acc: 98.98%
Round 21 | Client 4 | Model: (MobileNetV2) | Acc: 95.82%
Round 21 | Client 5 | Model: (MobileNetV3) | Acc: 90.19%
Round 21 | Client 6 | Model: (LeNet) | Acc: 98.47%
Round 21 | Client 7 | Model: (AlexNet) | Acc: 97.79%
Round 21 | Client 8 | Model: (ShuffleNet) | Acc: 86.75%
Round 21 | Client 9 | Model: (SqueezeNet) | Acc: 98.36%
Round 21 | Client 11 | Model: (MLP) | Acc: 80.25%
Round 21 | Client 12 | Model: (CNN) | Acc: 84.41%
Round 21 | Client 13 | Model: (ResNet8) | Acc: 83.55%
Round 21 | Client 14 | Model: (ResNet18) | Acc: 84.35%
Round 21 | Client 15 | Model: (MobileNetV2) | Acc: 83.77%
Round 21 | Client 16 | Model: (MobileNetV3) | Acc: 79.37%
Round 21 | Client 17 | Model: (LeNet) | Acc: 84.36%
Round 21 | Client 18 | Model: (AlexNet) | Acc: 82.99%
Round 21 | Client 19 | Model: (ShuffleNet) | Acc: 83.52%
Round 21 | Client 20 | Model: (SqueezeNet) | Acc: 83.25%
Round 21 | Client 22 | Model: (MLP) | Acc: 41.85%
Round 21 | Client 23 | Model: (CNN) | Acc: 56.15%
Round 21 | Client 24 | Model: (ResNet8) | Acc: 52.68%
Round 21 | Client 25 | Model: (ResNet18) | Acc: 61.04%
Round 21 | Client 26 | Model: (MobileNetV2) | Acc: 41.24%
Round 21 | Client 27 | Model: (MobileNetV3) | Acc: 42.17%
Round 21 | Client 28 | Model: (LeNet) | Acc: 53.03%
Round 21 | Client 29 | Model: (AlexNet) | Acc: 57.51%
Round 21 | Client 30 | Model: (ShuffleNet) | Acc: 38.60%
Round 21 | Client 31 | Model: (SqueezeNet) | Acc: 39.55%
Selected client ids: [0, 1, 2, 3, 4, 5, 6, 7, 8, 9, 10, 11, 12, 13, 14, 15, 16, 17, 18, 19, 20, 21, 22, 23, 24, 25, 26, 27, 28, 29]
--- Round 22 ---
Client 0 (MNIST) | Target Loss: 0.0505 | G Loss: 5.6751 | D Loss: 0.0066
Client 1 (MNIST) | Target Loss: 0.0079 | G Loss: 5.7508 | D Loss: 0.0061
Client 2 (MNIST) | Target Loss: 0.0116 | G Loss: 5.7527 | D Loss: 0.0061
Client 3 (MNIST) | Target Loss: 0.0056 | G Loss: 5.8354 | D Loss: 0.0063
Client 4 (MNIST) | Target Loss: 0.0808 | G Loss: 3.6708 | D Loss: 0.1959
Client 5 (MNIST) | Target Loss: 0.2000 | G Loss: 4.7903 | D Loss: 0.0860
Client 6 (MNIST) | Target Loss: 0.0171 | G Loss: 3.8603 | D Loss: 0.1690
Client 7 (MNIST) | Target Loss: 0.0105 | G Loss: 4.9206 | D Loss: 0.0679
Client 8 (MNIST) | Target Loss: 0.3062 | G Loss: 5.1546 | D Loss: 0.0490
Client 9 (MNIST) | Target Loss: 0.0587 | G Loss: 5.6556 | D Loss: 0.0066
Client 11 (EMNIST) | Target Loss: 0.3690 | G Loss: 7.1810 | D Loss: 0.0327
Client 12 (EMNIST) | Target Loss: 0.3361 | G Loss: 7.4931 | D Loss: 0.0250
Client 13 (EMNIST) | Target Loss: 0.1484 | G Loss: 7.5205 | D Loss: 0.0228
Client 14 (EMNIST) | Target Loss: 0.1122 | G Loss: 7.5562 | D Loss: 0.0243
Client 15 (EMNIST) | Target Loss: 0.3659 | G Loss: 9.0006 | D Loss: 0.0129
Client 16 (EMNIST) | Target Loss: 0.5210 | G Loss: 7.2113 | D Loss: 0.0325
Client 17 (EMNIST) | Target Loss: 0.2971 | G Loss: 7.6429 | D Loss: 0.0242
Client 18 (EMNIST) | Target Loss: 0.1474 | G Loss: 7.5333 | D Loss: 0.0288
Client 19 (EMNIST) | Target Loss: 0.3680 | G Loss: 7.0498 | D Loss: 0.0323
Client 20 (EMNIST) | Target Loss: 0.4183 | G Loss: 7.8997 | D Loss: 0.0168
Client 22 (CIFAR10) | Target Loss: 0.1862 | G Loss: 2.0100 | D Loss: 0.3438
Client 23 (CIFAR10) | Target Loss: 0.7095 | G Loss: 1.9837 | D Loss: 0.3686
Client 24 (CIFAR10) | Target Loss: 0.0522 | G Loss: 2.0111 | D Loss: 0.3604
Client 25 (CIFAR10) | Target Loss: 0.0661 | G Loss: 1.9646 | D Loss: 0.3930
Client 26 (CIFAR10) | Target Loss: 0.6778 | G Loss: 1.9716 | D Loss: 0.3868
Client 27 (CIFAR10) | Target Loss: 1.2001 | G Loss: 2.0155 | D Loss: 0.3497
Client 28 (CIFAR10) | Target Loss: 0.8936 | G Loss: 1.9913 | D Loss: 0.3695
Client 29 (CIFAR10) | Target Loss: 0.1046 | G Loss: 2.0165 | D Loss: 0.3986
Client 30 (CIFAR10) | Target Loss: 0.9153 | G Loss: 1.9946 | D Loss: 0.3660
Client 31 (CIFAR10) | Target Loss: 1.1738 | G Loss: 1.9992 | D Loss: 0.3634
Round 22 | Client 0 | Model: (MLP) | Acc: 93.78%
Round 22 | Client 1 | Model: (CNN) | Acc: 76.63%
Round 22 | Client 2 | Model: (ResNet8) | Acc: 98.41%
Round 22 | Client 3 | Model: (ResNet18) | Acc: 99.32%
Round 22 | Client 4 | Model: (MobileNetV2) | Acc: 96.79%
Round 22 | Client 5 | Model: (MobileNetV3) | Acc: 88.74%
Round 22 | Client 6 | Model: (LeNet) | Acc: 98.47%
Round 22 | Client 7 | Model: (AlexNet) | Acc: 98.21%
Round 22 | Client 8 | Model: (ShuffleNet) | Acc: 84.86%
Round 22 | Client 9 | Model: (SqueezeNet) | Acc: 97.49%
Round 22 | Client 11 | Model: (MLP) | Acc: 81.09%
Round 22 | Client 12 | Model: (CNN) | Acc: 84.18%
Round 22 | Client 13 | Model: (ResNet8) | Acc: 84.02%
Round 22 | Client 14 | Model: (ResNet18) | Acc: 84.30%
Round 22 | Client 15 | Model: (MobileNetV2) | Acc: 84.56%
Round 22 | Client 16 | Model: (MobileNetV3) | Acc: 77.07%
Round 22 | Client 17 | Model: (LeNet) | Acc: 84.55%
Round 22 | Client 18 | Model: (AlexNet) | Acc: 83.10%
Round 22 | Client 19 | Model: (ShuffleNet) | Acc: 82.74%
Round 22 | Client 20 | Model: (SqueezeNet) | Acc: 83.99%
Round 22 | Client 22 | Model: (MLP) | Acc: 38.01%
Round 22 | Client 23 | Model: (CNN) | Acc: 45.49%
Round 22 | Client 24 | Model: (ResNet8) | Acc: 59.74%
Round 22 | Client 25 | Model: (ResNet18) | Acc: 59.60%
Round 22 | Client 26 | Model: (MobileNetV2) | Acc: 40.08%
Round 22 | Client 27 | Model: (MobileNetV3) | Acc: 43.56%
Round 22 | Client 28 | Model: (LeNet) | Acc: 52.48%
Round 22 | Client 29 | Model: (AlexNet) | Acc: 58.27%
Round 22 | Client 30 | Model: (ShuffleNet) | Acc: 39.14%
Round 22 | Client 31 | Model: (SqueezeNet) | Acc: 43.03%
Selected client ids: [0, 1, 2, 3, 4, 5, 6, 7, 8, 9, 10, 11, 12, 13, 14, 15, 16, 17, 18, 19, 20, 21, 22, 23, 24, 25, 26, 27, 28, 29]
--- Round 23 ---
Client 0 (MNIST) | Target Loss: 0.0357 | G Loss: 3.5785 | D Loss: 0.2040
Client 1 (MNIST) | Target Loss: 0.0183 | G Loss: 2.5026 | D Loss: 0.3363
Client 2 (MNIST) | Target Loss: 0.0066 | G Loss: 3.4099 | D Loss: 0.2157
Client 3 (MNIST) | Target Loss: 0.0056 | G Loss: 2.9313 | D Loss: 0.3092
Client 4 (MNIST) | Target Loss: 0.0928 | G Loss: 5.7954 | D Loss: 0.0063
Client 5 (MNIST) | Target Loss: 0.1901 | G Loss: 3.6674 | D Loss: 0.1871
Client 6 (MNIST) | Target Loss: 0.0110 | G Loss: 4.9076 | D Loss: 0.0626
Client 7 (MNIST) | Target Loss: 0.0015 | G Loss: 4.3380 | D Loss: 0.1191
Client 8 (MNIST) | Target Loss: 0.7414 | G Loss: 3.7415 | D Loss: 0.1602
Client 9 (MNIST) | Target Loss: 0.0609 | G Loss: 3.3800 | D Loss: 0.2239
Client 11 (EMNIST) | Target Loss: 0.3527 | G Loss: 8.5957 | D Loss: 0.0151
Client 12 (EMNIST) | Target Loss: 0.3325 | G Loss: 7.9826 | D Loss: 0.0166
Client 13 (EMNIST) | Target Loss: 0.1344 | G Loss: 7.4920 | D Loss: 0.0270
Client 14 (EMNIST) | Target Loss: 0.0928 | G Loss: 8.0882 | D Loss: 0.0203
Client 15 (EMNIST) | Target Loss: 0.3582 | G Loss: 8.0055 | D Loss: 0.0203
Client 16 (EMNIST) | Target Loss: 0.5104 | G Loss: 7.1239 | D Loss: 0.0276
Client 17 (EMNIST) | Target Loss: 0.2935 | G Loss: 8.1343 | D Loss: 0.0139
Client 18 (EMNIST) | Target Loss: 0.1425 | G Loss: 7.5088 | D Loss: 0.0235
Client 19 (EMNIST) | Target Loss: 0.3683 | G Loss: 8.2035 | D Loss: 0.0167
Client 20 (EMNIST) | Target Loss: 0.4195 | G Loss: 8.1351 | D Loss: 0.0163
Client 22 (CIFAR10) | Target Loss: 0.2122 | G Loss: 1.9917 | D Loss: 0.3470
Client 23 (CIFAR10) | Target Loss: 0.7114 | G Loss: 1.9919 | D Loss: 0.3579
Client 24 (CIFAR10) | Target Loss: 0.0615 | G Loss: 1.9997 | D Loss: 0.3466
Client 25 (CIFAR10) | Target Loss: 0.0294 | G Loss: 1.9751 | D Loss: 0.3466
Client 26 (CIFAR10) | Target Loss: 0.6297 | G Loss: 2.0266 | D Loss: 0.3544
Client 27 (CIFAR10) | Target Loss: 1.1699 | G Loss: 1.9853 | D Loss: 0.3694
Client 28 (CIFAR10) | Target Loss: 0.8201 | G Loss: 2.0185 | D Loss: 0.3570
Client 29 (CIFAR10) | Target Loss: 0.0696 | G Loss: 1.9818 | D Loss: 0.3532
Client 30 (CIFAR10) | Target Loss: 0.8728 | G Loss: 1.9818 | D Loss: 0.3639
Client 31 (CIFAR10) | Target Loss: 1.1684 | G Loss: 1.9685 | D Loss: 0.3775
Round 23 | Client 0 | Model: (MLP) | Acc: 94.66%
Round 23 | Client 1 | Model: (CNN) | Acc: 85.94%
Round 23 | Client 2 | Model: (ResNet8) | Acc: 98.30%
Round 23 | Client 3 | Model: (ResNet18) | Acc: 98.87%
Round 23 | Client 4 | Model: (MobileNetV2) | Acc: 95.82%
Round 23 | Client 5 | Model: (MobileNetV3) | Acc: 89.30%
Round 23 | Client 6 | Model: (LeNet) | Acc: 98.03%
Round 23 | Client 7 | Model: (AlexNet) | Acc: 98.63%
Round 23 | Client 8 | Model: (ShuffleNet) | Acc: 79.51%
Round 23 | Client 9 | Model: (SqueezeNet) | Acc: 97.60%
Round 23 | Client 11 | Model: (MLP) | Acc: 80.10%
Round 23 | Client 12 | Model: (CNN) | Acc: 85.53%
Round 23 | Client 13 | Model: (ResNet8) | Acc: 84.02%
Round 23 | Client 14 | Model: (ResNet18) | Acc: 84.65%
Round 23 | Client 15 | Model: (MobileNetV2) | Acc: 83.97%
Round 23 | Client 16 | Model: (MobileNetV3) | Acc: 78.59%
Round 23 | Client 17 | Model: (LeNet) | Acc: 84.29%
Round 23 | Client 18 | Model: (AlexNet) | Acc: 83.00%
Round 23 | Client 19 | Model: (ShuffleNet) | Acc: 83.06%
Round 23 | Client 20 | Model: (SqueezeNet) | Acc: 83.38%
Round 23 | Client 22 | Model: (MLP) | Acc: 41.49%
Round 23 | Client 23 | Model: (CNN) | Acc: 50.44%
Round 23 | Client 24 | Model: (ResNet8) | Acc: 51.39%
Round 23 | Client 25 | Model: (ResNet18) | Acc: 61.82%
Round 23 | Client 26 | Model: (MobileNetV2) | Acc: 39.98%
Round 23 | Client 27 | Model: (MobileNetV3) | Acc: 45.92%
Round 23 | Client 28 | Model: (LeNet) | Acc: 52.92%
Round 23 | Client 29 | Model: (AlexNet) | Acc: 58.16%
Round 23 | Client 30 | Model: (ShuffleNet) | Acc: 36.62%
Round 23 | Client 31 | Model: (SqueezeNet) | Acc: 37.75%
Selected client ids: [0, 1, 2, 3, 4, 5, 6, 7, 8, 9, 10, 11, 12, 13, 14, 15, 16, 17, 18, 19, 20, 21, 22, 23, 24, 25, 26, 27, 28, 29]
--- Round 24 ---
Client 0 (MNIST) | Target Loss: 0.0824 | G Loss: 3.9170 | D Loss: 0.1870
Client 1 (MNIST) | Target Loss: 0.0210 | G Loss: 4.0339 | D Loss: 0.1544
Client 2 (MNIST) | Target Loss: 0.0028 | G Loss: 4.0018 | D Loss: 0.1790
Client 3 (MNIST) | Target Loss: 0.0084 | G Loss: 4.3053 | D Loss: 0.1417
Client 4 (MNIST) | Target Loss: 0.0489 | G Loss: 3.6078 | D Loss: 0.2178
Client 5 (MNIST) | Target Loss: 0.2133 | G Loss: 5.9208 | D Loss: 0.0055
Client 6 (MNIST) | Target Loss: 0.0209 | G Loss: 4.0111 | D Loss: 0.1692
Client 7 (MNIST) | Target Loss: 0.0010 | G Loss: 3.3370 | D Loss: 0.2582
Client 8 (MNIST) | Target Loss: 0.5283 | G Loss: 4.4986 | D Loss: 0.1344
Client 9 (MNIST) | Target Loss: 0.0282 | G Loss: 4.5575 | D Loss: 0.1089
Client 11 (EMNIST) | Target Loss: 0.3575 | G Loss: 7.8090 | D Loss: 0.0204
Client 12 (EMNIST) | Target Loss: 0.3256 | G Loss: 7.1478 | D Loss: 0.0317
Client 13 (EMNIST) | Target Loss: 0.1214 | G Loss: 7.6577 | D Loss: 0.0255
Client 14 (EMNIST) | Target Loss: 0.0827 | G Loss: 7.8543 | D Loss: 0.0233
Client 15 (EMNIST) | Target Loss: 0.3569 | G Loss: 8.3044 | D Loss: 0.0169
Client 16 (EMNIST) | Target Loss: 0.5018 | G Loss: 7.5215 | D Loss: 0.0258
Client 17 (EMNIST) | Target Loss: 0.2899 | G Loss: 8.3670 | D Loss: 0.0189
Client 18 (EMNIST) | Target Loss: 0.1320 | G Loss: 8.0835 | D Loss: 0.0215
Client 19 (EMNIST) | Target Loss: 0.3586 | G Loss: 7.4364 | D Loss: 0.0238
Client 20 (EMNIST) | Target Loss: 0.4129 | G Loss: 8.1978 | D Loss: 0.0198
Client 22 (CIFAR10) | Target Loss: 0.1947 | G Loss: 1.9864 | D Loss: 0.3726
Client 23 (CIFAR10) | Target Loss: 0.6603 | G Loss: 2.0418 | D Loss: 0.3776
Client 24 (CIFAR10) | Target Loss: 0.1557 | G Loss: 2.0267 | D Loss: 0.3753
Client 25 (CIFAR10) | Target Loss: 0.0746 | G Loss: 1.9787 | D Loss: 0.3678
Client 26 (CIFAR10) | Target Loss: 0.5912 | G Loss: 1.9815 | D Loss: 0.3565
Client 27 (CIFAR10) | Target Loss: 1.1432 | G Loss: 2.0444 | D Loss: 0.3479
Client 28 (CIFAR10) | Target Loss: 0.8076 | G Loss: 2.0169 | D Loss: 0.3502
Client 29 (CIFAR10) | Target Loss: 0.0921 | G Loss: 2.0242 | D Loss: 0.3496
Client 30 (CIFAR10) | Target Loss: 0.9102 | G Loss: 2.0556 | D Loss: 0.3549
Client 31 (CIFAR10) | Target Loss: 1.0756 | G Loss: 2.0027 | D Loss: 0.3622
Round 24 | Client 0 | Model: (MLP) | Acc: 95.20%
Round 24 | Client 1 | Model: (CNN) | Acc: 95.57%
Round 24 | Client 2 | Model: (ResNet8) | Acc: 98.75%
Round 24 | Client 3 | Model: (ResNet18) | Acc: 97.85%
Round 24 | Client 4 | Model: (MobileNetV2) | Acc: 96.25%
Round 24 | Client 5 | Model: (MobileNetV3) | Acc: 82.83%
Round 24 | Client 6 | Model: (LeNet) | Acc: 97.26%
Round 24 | Client 7 | Model: (AlexNet) | Acc: 98.63%
Round 24 | Client 8 | Model: (ShuffleNet) | Acc: 83.41%
Round 24 | Client 9 | Model: (SqueezeNet) | Acc: 96.94%
Round 24 | Client 11 | Model: (MLP) | Acc: 79.95%
Round 24 | Client 12 | Model: (CNN) | Acc: 84.77%
Round 24 | Client 13 | Model: (ResNet8) | Acc: 81.83%
Round 24 | Client 14 | Model: (ResNet18) | Acc: 83.26%
Round 24 | Client 15 | Model: (MobileNetV2) | Acc: 84.48%
Round 24 | Client 16 | Model: (MobileNetV3) | Acc: 79.90%
Round 24 | Client 17 | Model: (LeNet) | Acc: 83.71%
Round 24 | Client 18 | Model: (AlexNet) | Acc: 83.01%
Round 24 | Client 19 | Model: (ShuffleNet) | Acc: 83.45%
Round 24 | Client 20 | Model: (SqueezeNet) | Acc: 82.84%
Round 24 | Client 22 | Model: (MLP) | Acc: 41.61%
Round 24 | Client 23 | Model: (CNN) | Acc: 56.15%
Round 24 | Client 24 | Model: (ResNet8) | Acc: 54.07%
Round 24 | Client 25 | Model: (ResNet18) | Acc: 59.60%
Round 24 | Client 26 | Model: (MobileNetV2) | Acc: 41.76%
Round 24 | Client 27 | Model: (MobileNetV3) | Acc: 44.42%
Round 24 | Client 28 | Model: (LeNet) | Acc: 51.71%
Round 24 | Client 29 | Model: (AlexNet) | Acc: 55.46%
Round 24 | Client 30 | Model: (ShuffleNet) | Acc: 37.72%
Round 24 | Client 31 | Model: (SqueezeNet) | Acc: 42.02%
Selected client ids: [0, 1, 2, 3, 4, 5, 6, 7, 8, 9, 10, 11, 12, 13, 14, 15, 16, 17, 18, 19, 20, 21, 22, 23, 24, 25, 26, 27, 28, 29]
--- Round 25 ---
Client 0 (MNIST) | Target Loss: 0.0414 | G Loss: 4.6668 | D Loss: 0.1153
Client 1 (MNIST) | Target Loss: 0.0115 | G Loss: 4.9902 | D Loss: 0.0500
Client 2 (MNIST) | Target Loss: 0.0038 | G Loss: 4.1296 | D Loss: 0.1444
Client 3 (MNIST) | Target Loss: 0.0112 | G Loss: 4.3487 | D Loss: 0.1208
Client 4 (MNIST) | Target Loss: 0.0625 | G Loss: 4.6270 | D Loss: 0.1175
Client 5 (MNIST) | Target Loss: 0.2608 | G Loss: 3.9488 | D Loss: 0.1597
Client 6 (MNIST) | Target Loss: 0.0203 | G Loss: 4.8056 | D Loss: 0.0861
Client 7 (MNIST) | Target Loss: 0.0009 | G Loss: 4.8336 | D Loss: 0.1055
Client 8 (MNIST) | Target Loss: 0.4549 | G Loss: 3.3618 | D Loss: 0.2485
Client 9 (MNIST) | Target Loss: 0.0686 | G Loss: 4.1692 | D Loss: 0.1589
Client 11 (EMNIST) | Target Loss: 0.3579 | G Loss: 7.8990 | D Loss: 0.0201
Client 12 (EMNIST) | Target Loss: 0.3227 | G Loss: 7.5596 | D Loss: 0.0271
Client 13 (EMNIST) | Target Loss: 0.1080 | G Loss: 7.6671 | D Loss: 0.0207
Client 14 (EMNIST) | Target Loss: 0.0759 | G Loss: 8.0271 | D Loss: 0.0241
Client 15 (EMNIST) | Target Loss: 0.3495 | G Loss: 7.7298 | D Loss: 0.0256
Client 16 (EMNIST) | Target Loss: 0.4918 | G Loss: 7.5965 | D Loss: 0.0224
Client 17 (EMNIST) | Target Loss: 0.2829 | G Loss: 7.4831 | D Loss: 0.0298
Client 18 (EMNIST) | Target Loss: 0.1228 | G Loss: 7.8472 | D Loss: 0.0204
Client 19 (EMNIST) | Target Loss: 0.3577 | G Loss: 7.6455 | D Loss: 0.0234
Client 20 (EMNIST) | Target Loss: 0.4269 | G Loss: 7.8344 | D Loss: 0.0225
Client 22 (CIFAR10) | Target Loss: 0.1749 | G Loss: 1.9613 | D Loss: 0.3784
Client 23 (CIFAR10) | Target Loss: 0.6510 | G Loss: 1.9703 | D Loss: 0.3703
Client 24 (CIFAR10) | Target Loss: 0.0918 | G Loss: 2.0512 | D Loss: 0.3424
Client 25 (CIFAR10) | Target Loss: 0.1275 | G Loss: 2.0228 | D Loss: 0.3553
Client 26 (CIFAR10) | Target Loss: 0.5987 | G Loss: 1.9752 | D Loss: 0.3871
Client 27 (CIFAR10) | Target Loss: 1.1477 | G Loss: 2.0434 | D Loss: 0.3697
Client 28 (CIFAR10) | Target Loss: 0.7597 | G Loss: 2.0597 | D Loss: 0.3619
Client 29 (CIFAR10) | Target Loss: 0.0622 | G Loss: 1.9916 | D Loss: 0.3516
Client 30 (CIFAR10) | Target Loss: 0.8293 | G Loss: 1.9947 | D Loss: 0.3521
Client 31 (CIFAR10) | Target Loss: 0.9963 | G Loss: 2.0048 | D Loss: 0.3592
Round 25 | Client 0 | Model: (MLP) | Acc: 95.09%
Round 25 | Client 1 | Model: (CNN) | Acc: 91.25%
Round 25 | Client 2 | Model: (ResNet8) | Acc: 98.19%
Round 25 | Client 3 | Model: (ResNet18) | Acc: 97.96%
Round 25 | Client 4 | Model: (MobileNetV2) | Acc: 95.93%
Round 25 | Client 5 | Model: (MobileNetV3) | Acc: 90.30%
Round 25 | Client 6 | Model: (LeNet) | Acc: 97.81%
Round 25 | Client 7 | Model: (AlexNet) | Acc: 98.84%
Round 25 | Client 8 | Model: (ShuffleNet) | Acc: 84.30%
Round 25 | Client 9 | Model: (SqueezeNet) | Acc: 97.81%
Round 25 | Client 11 | Model: (MLP) | Acc: 80.06%
Round 25 | Client 12 | Model: (CNN) | Acc: 84.66%
Round 25 | Client 13 | Model: (ResNet8) | Acc: 83.52%
Round 25 | Client 14 | Model: (ResNet18) | Acc: 84.18%
Round 25 | Client 15 | Model: (MobileNetV2) | Acc: 84.07%
Round 25 | Client 16 | Model: (MobileNetV3) | Acc: 80.84%
Round 25 | Client 17 | Model: (LeNet) | Acc: 84.26%
Round 25 | Client 18 | Model: (AlexNet) | Acc: 82.42%
Round 25 | Client 19 | Model: (ShuffleNet) | Acc: 83.53%
Round 25 | Client 20 | Model: (SqueezeNet) | Acc: 82.05%
Round 25 | Client 22 | Model: (MLP) | Acc: 41.37%
Round 25 | Client 23 | Model: (CNN) | Acc: 47.91%
Round 25 | Client 24 | Model: (ResNet8) | Acc: 53.43%
Round 25 | Client 25 | Model: (ResNet18) | Acc: 59.82%
Round 25 | Client 26 | Model: (MobileNetV2) | Acc: 38.72%
Round 25 | Client 27 | Model: (MobileNetV3) | Acc: 45.60%
Round 25 | Client 28 | Model: (LeNet) | Acc: 52.59%
Round 25 | Client 29 | Model: (AlexNet) | Acc: 57.08%
Round 25 | Client 30 | Model: (ShuffleNet) | Acc: 36.18%
Round 25 | Client 31 | Model: (SqueezeNet) | Acc: 40.45%
[Server] Performing GAN Generator Label Mapping (Client-Level)...
dynamic_entropy_ratio: 0.85

==================================================
Label Mapping Summary:
Global ID = 0  | from: EMNIST: '0', MNIST: '0'
Global ID = 1  | from: EMNIST: '1', MNIST: '1'
Global ID = 2  | from: EMNIST: '2', MNIST: '2'
Global ID = 3  | from: EMNIST: '3', MNIST: '3'
Global ID = 4  | from: EMNIST: '4', MNIST: '4'
Global ID = 5  | from: EMNIST: '5', MNIST: '5'
Global ID = 6  | from: EMNIST: '6', MNIST: '6'
Global ID = 7  | from: EMNIST: '7', MNIST: '7'
Global ID = 8  | from: CIFAR10: 'dog', EMNIST: '8', MNIST: '8'
Global ID = 9  | from: EMNIST: '9', MNIST: '9'
Global ID = 10 | from: EMNIST: 'A'
Global ID = 11 | from: EMNIST: 'B'
Global ID = 12 | from: EMNIST: 'C'
Global ID = 13 | from: EMNIST: 'D'
Global ID = 14 | from: EMNIST: 'E'
Global ID = 15 | from: EMNIST: 'F'
Global ID = 16 | from: EMNIST: 'G'
Global ID = 17 | from: EMNIST: 'H'
Global ID = 18 | from: EMNIST: 'I'
Global ID = 19 | from: EMNIST: 'J'
Global ID = 20 | from: EMNIST: 'K'
Global ID = 21 | from: EMNIST: 'L'
Global ID = 22 | from: EMNIST: 'M'
Global ID = 23 | from: EMNIST: 'N'
Global ID = 24 | from: EMNIST: 'O'
Global ID = 25 | from: EMNIST: 'P'
Global ID = 26 | from: EMNIST: 'Q'
Global ID = 27 | from: EMNIST: 'R'
Global ID = 28 | from: EMNIST: 'S'
Global ID = 29 | from: EMNIST: 'T'
Global ID = 30 | from: EMNIST: 'U'
Global ID = 31 | from: EMNIST: 'V'
Global ID = 32 | from: EMNIST: 'W'
Global ID = 33 | from: EMNIST: 'X'
Global ID = 34 | from: EMNIST: 'Y'
Global ID = 35 | from: EMNIST: 'Z'
Global ID = 36 | from: EMNIST: 'a'
Global ID = 37 | from: EMNIST: 'b'
Global ID = 38 | from: EMNIST: 'c'
Global ID = 39 | from: EMNIST: 'd'
Global ID = 40 | from: EMNIST: 'e'
Global ID = 41 | from: EMNIST: 'f'
Global ID = 42 | from: EMNIST: 'g'
Global ID = 43 | from: EMNIST: 'h'
Global ID = 44 | from: EMNIST: 'i'
Global ID = 45 | from: EMNIST: 'j'
Global ID = 46 | from: EMNIST: 'k'
Global ID = 47 | from: EMNIST: 'l'
Global ID = 48 | from: EMNIST: 'm'
Global ID = 49 | from: EMNIST: 'n'
Global ID = 50 | from: EMNIST: 'o'
Global ID = 51 | from: EMNIST: 'p'
Global ID = 52 | from: EMNIST: 'q'
Global ID = 53 | from: EMNIST: 'r'
Global ID = 54 | from: EMNIST: 's'
Global ID = 55 | from: EMNIST: 't'
Global ID = 56 | from: EMNIST: 'u'
Global ID = 57 | from: EMNIST: 'v'
Global ID = 58 | from: EMNIST: 'w'
Global ID = 59 | from: EMNIST: 'x'
Global ID = 60 | from: EMNIST: 'y'
Global ID = 61 | from: EMNIST: 'z'
Global ID = 62 | from: CIFAR10: 'airplane'
Global ID = 63 | from: CIFAR10: 'automobile'
Global ID = 64 | from: CIFAR10: 'bird'
Global ID = 65 | from: CIFAR10: 'cat'
Global ID = 66 | from: CIFAR10: 'deer'
Global ID = 67 | from: CIFAR10: 'frog'
Global ID = 68 | from: CIFAR10: 'horse'
Global ID = 69 | from: CIFAR10: 'ship'
Global ID = 70 | from: CIFAR10: 'truck'
==================================================

Initializing Global Inference Model with 71 classes...
Epoch 0 Loss: 260.4686
Epoch 1 Loss: 107.6192
Epoch 2 Loss: 61.6527
Epoch 3 Loss: 50.1545
Epoch 4 Loss: 44.7943
[Server] Global Inference Model Acc (MNIST) (Round 25): 85.95% (Tested on 9095 samples)
[Server] Global Inference Model Acc (EMNIST) (Round 25): 60.06% (Tested on 105779 samples)
[Server] Global Inference Model Acc (CIFAR10) (Round 25): 26.91% (Tested on 9100 samples)
[Server] Global Inference Model Acc (Mix) (Round 25): 59.53% (Tested on 123974 samples)
Selected client ids: [0, 1, 2, 3, 4, 5, 6, 7, 8, 9, 10, 11, 12, 13, 14, 15, 16, 17, 18, 19, 20, 21, 22, 23, 24, 25, 26, 27, 28, 29]
--- Round 26 ---
Client 0 (MNIST) | Target Loss: 0.0000 | G Loss: 5.9302 | D Loss: 0.0055
Client 1 (MNIST) | Target Loss: 0.0000 | G Loss: 5.9664 | D Loss: 0.0052
Client 2 (MNIST) | Target Loss: 0.0000 | G Loss: 5.8753 | D Loss: 0.0057
Client 3 (MNIST) | Target Loss: 0.0000 | G Loss: 5.9465 | D Loss: 0.0058
Client 4 (MNIST) | Target Loss: 0.0000 | G Loss: 6.0589 | D Loss: 0.0050
Client 5 (MNIST) | Target Loss: 0.0000 | G Loss: 5.2456 | D Loss: 0.0571
Client 6 (MNIST) | Target Loss: 0.0000 | G Loss: 5.9575 | D Loss: 0.0050
Client 7 (MNIST) | Target Loss: 0.0000 | G Loss: 5.9553 | D Loss: 0.0053
Client 8 (MNIST) | Target Loss: 0.0000 | G Loss: 4.9037 | D Loss: 0.0575
Client 9 (MNIST) | Target Loss: 0.0000 | G Loss: 5.9263 | D Loss: 0.0055
Client 11 (EMNIST) | Target Loss: 0.0000 | G Loss: 8.9332 | D Loss: 0.0144
Client 12 (EMNIST) | Target Loss: 0.0000 | G Loss: 7.7363 | D Loss: 0.0184
Client 13 (EMNIST) | Target Loss: 0.0000 | G Loss: 8.0542 | D Loss: 0.0172
Client 14 (EMNIST) | Target Loss: 0.0000 | G Loss: 7.9119 | D Loss: 0.0175
Client 15 (EMNIST) | Target Loss: 0.0000 | G Loss: 7.8800 | D Loss: 0.0198
Client 16 (EMNIST) | Target Loss: 0.0000 | G Loss: 7.7466 | D Loss: 0.0228
Client 17 (EMNIST) | Target Loss: 0.0000 | G Loss: 7.6271 | D Loss: 0.0216
Client 18 (EMNIST) | Target Loss: 0.0000 | G Loss: 8.1394 | D Loss: 0.0148
Client 19 (EMNIST) | Target Loss: 0.0000 | G Loss: 8.0723 | D Loss: 0.0169
Client 20 (EMNIST) | Target Loss: 0.0000 | G Loss: 7.5493 | D Loss: 0.0249
Client 22 (CIFAR10) | Target Loss: 0.0000 | G Loss: 2.0096 | D Loss: 0.3462
Client 23 (CIFAR10) | Target Loss: 0.0000 | G Loss: 2.0755 | D Loss: 0.3279
Client 24 (CIFAR10) | Target Loss: 0.0000 | G Loss: 2.0356 | D Loss: 0.3397
Client 25 (CIFAR10) | Target Loss: 0.0000 | G Loss: 2.0128 | D Loss: 0.3671
Client 26 (CIFAR10) | Target Loss: 0.0000 | G Loss: 2.0431 | D Loss: 0.3396
Client 27 (CIFAR10) | Target Loss: 0.0000 | G Loss: 2.0566 | D Loss: 0.3215
Client 28 (CIFAR10) | Target Loss: 0.0000 | G Loss: 2.0657 | D Loss: 0.3191
Client 29 (CIFAR10) | Target Loss: 0.0000 | G Loss: 2.0461 | D Loss: 0.3507
Client 30 (CIFAR10) | Target Loss: 0.0000 | G Loss: 2.0116 | D Loss: 0.3621
Client 31 (CIFAR10) | Target Loss: 0.0000 | G Loss: 2.0218 | D Loss: 0.3409
Round 26 | Client 0 | Model: (MLP) | Acc: 95.09%
Round 26 | Client 1 | Model: (CNN) | Acc: 91.25%
Round 26 | Client 2 | Model: (ResNet8) | Acc: 98.19%
Round 26 | Client 3 | Model: (ResNet18) | Acc: 97.96%
Round 26 | Client 4 | Model: (MobileNetV2) | Acc: 95.93%
Round 26 | Client 5 | Model: (MobileNetV3) | Acc: 90.30%
Round 26 | Client 6 | Model: (LeNet) | Acc: 97.81%
Round 26 | Client 7 | Model: (AlexNet) | Acc: 98.84%
Round 26 | Client 8 | Model: (ShuffleNet) | Acc: 84.30%
Round 26 | Client 9 | Model: (SqueezeNet) | Acc: 97.81%
Round 26 | Client 11 | Model: (MLP) | Acc: 80.06%
Round 26 | Client 12 | Model: (CNN) | Acc: 84.66%
Round 26 | Client 13 | Model: (ResNet8) | Acc: 83.52%
Round 26 | Client 14 | Model: (ResNet18) | Acc: 84.18%
Round 26 | Client 15 | Model: (MobileNetV2) | Acc: 84.07%
Round 26 | Client 16 | Model: (MobileNetV3) | Acc: 80.84%
Round 26 | Client 17 | Model: (LeNet) | Acc: 84.26%
Round 26 | Client 18 | Model: (AlexNet) | Acc: 82.42%
Round 26 | Client 19 | Model: (ShuffleNet) | Acc: 83.53%
Round 26 | Client 20 | Model: (SqueezeNet) | Acc: 82.05%
Round 26 | Client 22 | Model: (MLP) | Acc: 41.37%
Round 26 | Client 23 | Model: (CNN) | Acc: 47.91%
Round 26 | Client 24 | Model: (ResNet8) | Acc: 53.43%
Round 26 | Client 25 | Model: (ResNet18) | Acc: 59.82%
Round 26 | Client 26 | Model: (MobileNetV2) | Acc: 38.72%
Round 26 | Client 27 | Model: (MobileNetV3) | Acc: 45.60%
Round 26 | Client 28 | Model: (LeNet) | Acc: 52.59%
Round 26 | Client 29 | Model: (AlexNet) | Acc: 57.08%
Round 26 | Client 30 | Model: (ShuffleNet) | Acc: 36.18%
Round 26 | Client 31 | Model: (SqueezeNet) | Acc: 40.45%
Epoch 0 Loss: 38.7524
Epoch 1 Loss: 33.6582
Epoch 2 Loss: 32.5942
Epoch 3 Loss: 29.1875
Epoch 4 Loss: 26.7386
[Server] Global Inference Model Acc (MNIST) (Round 26): 92.41% (Tested on 9095 samples)
[Server] Global Inference Model Acc (EMNIST) (Round 26): 55.42% (Tested on 105779 samples)
[Server] Global Inference Model Acc (CIFAR10) (Round 26): 37.40% (Tested on 9100 samples)
[Server] Global Inference Model Acc (Mix) (Round 26): 56.81% (Tested on 123974 samples)
Selected client ids: [0, 1, 2, 3, 4, 5, 6, 7, 8, 9, 10, 11, 12, 13, 14, 15, 16, 17, 18, 19, 20, 21, 22, 23, 24, 25, 26, 27, 28, 29]
--- Round 27 ---
Client 0 (MNIST) | Target Loss: 0.0000 | G Loss: 6.1113 | D Loss: 0.0046
Client 1 (MNIST) | Target Loss: 0.0000 | G Loss: 6.1424 | D Loss: 0.0045
Client 2 (MNIST) | Target Loss: 0.0000 | G Loss: 6.0493 | D Loss: 0.0048
Client 3 (MNIST) | Target Loss: 0.0000 | G Loss: 3.2676 | D Loss: 0.2477
Client 4 (MNIST) | Target Loss: 0.0000 | G Loss: 6.1483 | D Loss: 0.0043
Client 5 (MNIST) | Target Loss: 0.0000 | G Loss: 6.1180 | D Loss: 0.0049
Client 6 (MNIST) | Target Loss: 0.0000 | G Loss: 6.1593 | D Loss: 0.0044
Client 7 (MNIST) | Target Loss: 0.0000 | G Loss: 6.0979 | D Loss: 0.0047
Client 8 (MNIST) | Target Loss: 0.0000 | G Loss: 3.7383 | D Loss: 0.1668
Client 9 (MNIST) | Target Loss: 0.0000 | G Loss: 6.0698 | D Loss: 0.0048
Client 11 (EMNIST) | Target Loss: 0.0000 | G Loss: 8.2331 | D Loss: 0.0234
Client 12 (EMNIST) | Target Loss: 0.0000 | G Loss: 7.6048 | D Loss: 0.0267
Client 13 (EMNIST) | Target Loss: 0.0000 | G Loss: 7.7307 | D Loss: 0.0226
Client 14 (EMNIST) | Target Loss: 0.0000 | G Loss: 7.6787 | D Loss: 0.0256
Client 15 (EMNIST) | Target Loss: 0.0000 | G Loss: 8.1092 | D Loss: 0.0231
Client 16 (EMNIST) | Target Loss: 0.0000 | G Loss: 7.9519 | D Loss: 0.0219
Client 17 (EMNIST) | Target Loss: 0.0000 | G Loss: 7.9382 | D Loss: 0.0214
Client 18 (EMNIST) | Target Loss: 0.0000 | G Loss: 7.9063 | D Loss: 0.0266
Client 19 (EMNIST) | Target Loss: 0.0000 | G Loss: 8.1387 | D Loss: 0.0152
Client 20 (EMNIST) | Target Loss: 0.0000 | G Loss: 7.6771 | D Loss: 0.0213
Client 22 (CIFAR10) | Target Loss: 0.0000 | G Loss: 2.0974 | D Loss: 0.3418
Client 23 (CIFAR10) | Target Loss: 0.0000 | G Loss: 2.0843 | D Loss: 0.3398
Client 24 (CIFAR10) | Target Loss: 0.0000 | G Loss: 2.0527 | D Loss: 0.3368
Client 25 (CIFAR10) | Target Loss: 0.0000 | G Loss: 2.0760 | D Loss: 0.3320
Client 26 (CIFAR10) | Target Loss: 0.0000 | G Loss: 2.0672 | D Loss: 0.3283
Client 27 (CIFAR10) | Target Loss: 0.0000 | G Loss: 2.0655 | D Loss: 0.3520
Client 28 (CIFAR10) | Target Loss: 0.0000 | G Loss: 2.0589 | D Loss: 0.3484
Client 29 (CIFAR10) | Target Loss: 0.0000 | G Loss: 2.0249 | D Loss: 0.3489
Client 30 (CIFAR10) | Target Loss: 0.0000 | G Loss: 2.0669 | D Loss: 0.3357
Client 31 (CIFAR10) | Target Loss: 0.0000 | G Loss: 2.0522 | D Loss: 0.3349
Round 27 | Client 0 | Model: (MLP) | Acc: 95.09%
Round 27 | Client 1 | Model: (CNN) | Acc: 91.25%
Round 27 | Client 2 | Model: (ResNet8) | Acc: 98.19%
Round 27 | Client 3 | Model: (ResNet18) | Acc: 97.96%
Round 27 | Client 4 | Model: (MobileNetV2) | Acc: 95.93%
Round 27 | Client 5 | Model: (MobileNetV3) | Acc: 90.30%
Round 27 | Client 6 | Model: (LeNet) | Acc: 97.81%
Round 27 | Client 7 | Model: (AlexNet) | Acc: 98.84%
Round 27 | Client 8 | Model: (ShuffleNet) | Acc: 84.30%
Round 27 | Client 9 | Model: (SqueezeNet) | Acc: 97.81%
Round 27 | Client 11 | Model: (MLP) | Acc: 80.06%
Round 27 | Client 12 | Model: (CNN) | Acc: 84.66%
Round 27 | Client 13 | Model: (ResNet8) | Acc: 83.52%
Round 27 | Client 14 | Model: (ResNet18) | Acc: 84.18%
Round 27 | Client 15 | Model: (MobileNetV2) | Acc: 84.07%
Round 27 | Client 16 | Model: (MobileNetV3) | Acc: 80.84%
Round 27 | Client 17 | Model: (LeNet) | Acc: 84.26%
Round 27 | Client 18 | Model: (AlexNet) | Acc: 82.42%
Round 27 | Client 19 | Model: (ShuffleNet) | Acc: 83.53%
Round 27 | Client 20 | Model: (SqueezeNet) | Acc: 82.05%
Round 27 | Client 22 | Model: (MLP) | Acc: 41.37%
Round 27 | Client 23 | Model: (CNN) | Acc: 47.91%
Round 27 | Client 24 | Model: (ResNet8) | Acc: 53.43%
Round 27 | Client 25 | Model: (ResNet18) | Acc: 59.82%
Round 27 | Client 26 | Model: (MobileNetV2) | Acc: 38.72%
Round 27 | Client 27 | Model: (MobileNetV3) | Acc: 45.60%
Round 27 | Client 28 | Model: (LeNet) | Acc: 52.59%
Round 27 | Client 29 | Model: (AlexNet) | Acc: 57.08%
Round 27 | Client 30 | Model: (ShuffleNet) | Acc: 36.18%
Round 27 | Client 31 | Model: (SqueezeNet) | Acc: 40.45%
Epoch 0 Loss: 33.1435
Epoch 1 Loss: 27.7691
Epoch 2 Loss: 25.3455
Epoch 3 Loss: 24.1556
Epoch 4 Loss: 23.1619
[Server] Global Inference Model Acc (MNIST) (Round 27): 89.74% (Tested on 9095 samples)
[Server] Global Inference Model Acc (EMNIST) (Round 27): 59.17% (Tested on 105779 samples)
[Server] Global Inference Model Acc (CIFAR10) (Round 27): 39.25% (Tested on 9100 samples)
[Server] Global Inference Model Acc (Mix) (Round 27): 59.95% (Tested on 123974 samples)
Selected client ids: [0, 1, 2, 3, 4, 5, 6, 7, 8, 9, 10, 11, 12, 13, 14, 15, 16, 17, 18, 19, 20, 21, 22, 23, 24, 25, 26, 27, 28, 29]
--- Round 28 ---
Client 0 (MNIST) | Target Loss: 0.0000 | G Loss: 3.5703 | D Loss: 0.2209
Client 1 (MNIST) | Target Loss: 0.0000 | G Loss: 3.5210 | D Loss: 0.2204
Client 2 (MNIST) | Target Loss: 0.0000 | G Loss: 5.1712 | D Loss: 0.0519
Client 3 (MNIST) | Target Loss: 0.0000 | G Loss: 5.1964 | D Loss: 0.0444
Client 4 (MNIST) | Target Loss: 0.0000 | G Loss: 4.0766 | D Loss: 0.1725
Client 5 (MNIST) | Target Loss: 0.0000 | G Loss: 3.8445 | D Loss: 0.1658
Client 6 (MNIST) | Target Loss: 0.0000 | G Loss: 4.0183 | D Loss: 0.1627
Client 7 (MNIST) | Target Loss: 0.0000 | G Loss: 3.4103 | D Loss: 0.2457
Client 8 (MNIST) | Target Loss: 0.0000 | G Loss: 4.9844 | D Loss: 0.0449
Client 9 (MNIST) | Target Loss: 0.0000 | G Loss: 3.9506 | D Loss: 0.1568
Client 11 (EMNIST) | Target Loss: 0.0000 | G Loss: 8.5098 | D Loss: 0.0153
Client 12 (EMNIST) | Target Loss: 0.0000 | G Loss: 8.0825 | D Loss: 0.0183
Client 13 (EMNIST) | Target Loss: 0.0000 | G Loss: 7.8434 | D Loss: 0.0236
Client 14 (EMNIST) | Target Loss: 0.0000 | G Loss: 8.7416 | D Loss: 0.0178
Client 15 (EMNIST) | Target Loss: 0.0000 | G Loss: 9.1575 | D Loss: 0.0031
Client 16 (EMNIST) | Target Loss: 0.0000 | G Loss: 8.5788 | D Loss: 0.0126
Client 17 (EMNIST) | Target Loss: 0.0000 | G Loss: 8.2627 | D Loss: 0.0159
Client 18 (EMNIST) | Target Loss: 0.0000 | G Loss: 7.9274 | D Loss: 0.0175
Client 19 (EMNIST) | Target Loss: 0.0000 | G Loss: 7.6359 | D Loss: 0.0279
Client 20 (EMNIST) | Target Loss: 0.0000 | G Loss: 7.9603 | D Loss: 0.0206
Client 22 (CIFAR10) | Target Loss: 0.0000 | G Loss: 2.0517 | D Loss: 0.3423
Client 23 (CIFAR10) | Target Loss: 0.0000 | G Loss: 1.9997 | D Loss: 0.3630
Client 24 (CIFAR10) | Target Loss: 0.0000 | G Loss: 1.9735 | D Loss: 0.3922
Client 25 (CIFAR10) | Target Loss: 0.0000 | G Loss: 2.0312 | D Loss: 0.3520
Client 26 (CIFAR10) | Target Loss: 0.0000 | G Loss: 2.0036 | D Loss: 0.3656
Client 27 (CIFAR10) | Target Loss: 0.0000 | G Loss: 2.0725 | D Loss: 0.3346
Client 28 (CIFAR10) | Target Loss: 0.0000 | G Loss: 2.0339 | D Loss: 0.3601
Client 29 (CIFAR10) | Target Loss: 0.0000 | G Loss: 2.0479 | D Loss: 0.3500
Client 30 (CIFAR10) | Target Loss: 0.0000 | G Loss: 2.0339 | D Loss: 0.3616
Client 31 (CIFAR10) | Target Loss: 0.0000 | G Loss: 2.0131 | D Loss: 0.3666
Round 28 | Client 0 | Model: (MLP) | Acc: 95.09%
Round 28 | Client 1 | Model: (CNN) | Acc: 91.25%
Round 28 | Client 2 | Model: (ResNet8) | Acc: 98.19%
Round 28 | Client 3 | Model: (ResNet18) | Acc: 97.96%
Round 28 | Client 4 | Model: (MobileNetV2) | Acc: 95.93%
Round 28 | Client 5 | Model: (MobileNetV3) | Acc: 90.30%
Round 28 | Client 6 | Model: (LeNet) | Acc: 97.81%
Round 28 | Client 7 | Model: (AlexNet) | Acc: 98.84%
Round 28 | Client 8 | Model: (ShuffleNet) | Acc: 84.30%
Round 28 | Client 9 | Model: (SqueezeNet) | Acc: 97.81%
Round 28 | Client 11 | Model: (MLP) | Acc: 80.06%
Round 28 | Client 12 | Model: (CNN) | Acc: 84.66%
Round 28 | Client 13 | Model: (ResNet8) | Acc: 83.52%
Round 28 | Client 14 | Model: (ResNet18) | Acc: 84.18%
Round 28 | Client 15 | Model: (MobileNetV2) | Acc: 84.07%
Round 28 | Client 16 | Model: (MobileNetV3) | Acc: 80.84%
Round 28 | Client 17 | Model: (LeNet) | Acc: 84.26%
Round 28 | Client 18 | Model: (AlexNet) | Acc: 82.42%
Round 28 | Client 19 | Model: (ShuffleNet) | Acc: 83.53%
Round 28 | Client 20 | Model: (SqueezeNet) | Acc: 82.05%
Round 28 | Client 22 | Model: (MLP) | Acc: 41.37%
Round 28 | Client 23 | Model: (CNN) | Acc: 47.91%
Round 28 | Client 24 | Model: (ResNet8) | Acc: 53.43%
Round 28 | Client 25 | Model: (ResNet18) | Acc: 59.82%
Round 28 | Client 26 | Model: (MobileNetV2) | Acc: 38.72%
Round 28 | Client 27 | Model: (MobileNetV3) | Acc: 45.60%
Round 28 | Client 28 | Model: (LeNet) | Acc: 52.59%
Round 28 | Client 29 | Model: (AlexNet) | Acc: 57.08%
Round 28 | Client 30 | Model: (ShuffleNet) | Acc: 36.18%
Round 28 | Client 31 | Model: (SqueezeNet) | Acc: 40.45%
Epoch 0 Loss: 25.2879
Epoch 1 Loss: 22.4287
Epoch 2 Loss: 20.1158
Epoch 3 Loss: 19.1898
Epoch 4 Loss: 18.2918
[Server] Global Inference Model Acc (MNIST) (Round 28): 90.13% (Tested on 9095 samples)
[Server] Global Inference Model Acc (EMNIST) (Round 28): 53.32% (Tested on 105779 samples)
[Server] Global Inference Model Acc (CIFAR10) (Round 28): 42.87% (Tested on 9100 samples)
[Server] Global Inference Model Acc (Mix) (Round 28): 55.25% (Tested on 123974 samples)
Selected client ids: [0, 1, 2, 3, 4, 5, 6, 7, 8, 9, 10, 11, 12, 13, 14, 15, 16, 17, 18, 19, 20, 21, 22, 23, 24, 25, 26, 27, 28, 29]
--- Round 29 ---
Client 0 (MNIST) | Target Loss: 0.0000 | G Loss: 5.1633 | D Loss: 0.0524
Client 1 (MNIST) | Target Loss: 0.0000 | G Loss: 5.0310 | D Loss: 0.0600
Client 2 (MNIST) | Target Loss: 0.0000 | G Loss: 4.0567 | D Loss: 0.1704
Client 3 (MNIST) | Target Loss: 0.0000 | G Loss: 3.7588 | D Loss: 0.1857
Client 4 (MNIST) | Target Loss: 0.0000 | G Loss: 5.1233 | D Loss: 0.0681
Client 5 (MNIST) | Target Loss: 0.0000 | G Loss: 4.7901 | D Loss: 0.0856
Client 6 (MNIST) | Target Loss: 0.0000 | G Loss: 5.2199 | D Loss: 0.0585
Client 7 (MNIST) | Target Loss: 0.0000 | G Loss: 5.1661 | D Loss: 0.0547
Client 8 (MNIST) | Target Loss: 0.0000 | G Loss: 5.2243 | D Loss: 0.0573
Client 9 (MNIST) | Target Loss: 0.0000 | G Loss: 4.4562 | D Loss: 0.1176
Client 11 (EMNIST) | Target Loss: 0.0000 | G Loss: 7.7880 | D Loss: 0.0212
Client 12 (EMNIST) | Target Loss: 0.0000 | G Loss: 8.0602 | D Loss: 0.0176
Client 13 (EMNIST) | Target Loss: 0.0000 | G Loss: 8.9618 | D Loss: 0.0090
Client 14 (EMNIST) | Target Loss: 0.0000 | G Loss: 8.2366 | D Loss: 0.0168
Client 15 (EMNIST) | Target Loss: 0.0000 | G Loss: 7.9181 | D Loss: 0.0243
Client 16 (EMNIST) | Target Loss: 0.0000 | G Loss: 8.3755 | D Loss: 0.0170
Client 17 (EMNIST) | Target Loss: 0.0000 | G Loss: 8.1336 | D Loss: 0.0201
Client 18 (EMNIST) | Target Loss: 0.0000 | G Loss: 8.7096 | D Loss: 0.0179
Client 19 (EMNIST) | Target Loss: 0.0000 | G Loss: 7.7682 | D Loss: 0.0216
Client 20 (EMNIST) | Target Loss: 0.0000 | G Loss: 7.8992 | D Loss: 0.0245
Client 22 (CIFAR10) | Target Loss: 0.0000 | G Loss: 2.0505 | D Loss: 0.3254
Client 23 (CIFAR10) | Target Loss: 0.0000 | G Loss: 2.0781 | D Loss: 0.3340
Client 24 (CIFAR10) | Target Loss: 0.0000 | G Loss: 2.0687 | D Loss: 0.3355
Client 25 (CIFAR10) | Target Loss: 0.0000 | G Loss: 2.0143 | D Loss: 0.3589
Client 26 (CIFAR10) | Target Loss: 0.0000 | G Loss: 2.0979 | D Loss: 0.3434
Client 27 (CIFAR10) | Target Loss: 0.0000 | G Loss: 2.0819 | D Loss: 0.3447
Client 28 (CIFAR10) | Target Loss: 0.0000 | G Loss: 2.0663 | D Loss: 0.3370
Client 29 (CIFAR10) | Target Loss: 0.0000 | G Loss: 2.0879 | D Loss: 0.3293
Client 30 (CIFAR10) | Target Loss: 0.0000 | G Loss: 2.0131 | D Loss: 0.3562
Client 31 (CIFAR10) | Target Loss: 0.0000 | G Loss: 2.0439 | D Loss: 0.3369
Round 29 | Client 0 | Model: (MLP) | Acc: 95.09%
Round 29 | Client 1 | Model: (CNN) | Acc: 91.25%
Round 29 | Client 2 | Model: (ResNet8) | Acc: 98.19%
Round 29 | Client 3 | Model: (ResNet18) | Acc: 97.96%
Round 29 | Client 4 | Model: (MobileNetV2) | Acc: 95.93%
Round 29 | Client 5 | Model: (MobileNetV3) | Acc: 90.30%
Round 29 | Client 6 | Model: (LeNet) | Acc: 97.81%
Round 29 | Client 7 | Model: (AlexNet) | Acc: 98.84%
Round 29 | Client 8 | Model: (ShuffleNet) | Acc: 84.30%
Round 29 | Client 9 | Model: (SqueezeNet) | Acc: 97.81%
Round 29 | Client 11 | Model: (MLP) | Acc: 80.06%
Round 29 | Client 12 | Model: (CNN) | Acc: 84.66%
Round 29 | Client 13 | Model: (ResNet8) | Acc: 83.52%
Round 29 | Client 14 | Model: (ResNet18) | Acc: 84.18%
Round 29 | Client 15 | Model: (MobileNetV2) | Acc: 84.07%
Round 29 | Client 16 | Model: (MobileNetV3) | Acc: 80.84%
Round 29 | Client 17 | Model: (LeNet) | Acc: 84.26%
Round 29 | Client 18 | Model: (AlexNet) | Acc: 82.42%
Round 29 | Client 19 | Model: (ShuffleNet) | Acc: 83.53%
Round 29 | Client 20 | Model: (SqueezeNet) | Acc: 82.05%
Round 29 | Client 22 | Model: (MLP) | Acc: 41.37%
Round 29 | Client 23 | Model: (CNN) | Acc: 47.91%
Round 29 | Client 24 | Model: (ResNet8) | Acc: 53.43%
Round 29 | Client 25 | Model: (ResNet18) | Acc: 59.82%
Round 29 | Client 26 | Model: (MobileNetV2) | Acc: 38.72%
Round 29 | Client 27 | Model: (MobileNetV3) | Acc: 45.60%
Round 29 | Client 28 | Model: (LeNet) | Acc: 52.59%
Round 29 | Client 29 | Model: (AlexNet) | Acc: 57.08%
Round 29 | Client 30 | Model: (ShuffleNet) | Acc: 36.18%
Round 29 | Client 31 | Model: (SqueezeNet) | Acc: 40.45%
Epoch 0 Loss: 21.9986
Epoch 1 Loss: 20.0310
Epoch 2 Loss: 19.1931
Epoch 3 Loss: 18.2509
Epoch 4 Loss: 17.6995
[Server] Global Inference Model Acc (MNIST) (Round 29): 94.85% (Tested on 9095 samples)
[Server] Global Inference Model Acc (EMNIST) (Round 29): 58.83% (Tested on 105779 samples)
[Server] Global Inference Model Acc (CIFAR10) (Round 29): 45.80% (Tested on 9100 samples)
[Server] Global Inference Model Acc (Mix) (Round 29): 60.52% (Tested on 123974 samples)
Selected client ids: [0, 1, 2, 3, 4, 5, 6, 7, 8, 9, 10, 11, 12, 13, 14, 15, 16, 17, 18, 19, 20, 21, 22, 23, 24, 25, 26, 27, 28, 29]
--- Round 30 ---
Client 0 (MNIST) | Target Loss: 0.0000 | G Loss: 6.1128 | D Loss: 0.0046
Client 1 (MNIST) | Target Loss: 0.0000 | G Loss: 4.4786 | D Loss: 0.1214
Client 2 (MNIST) | Target Loss: 0.0000 | G Loss: 3.4756 | D Loss: 0.2296
Client 3 (MNIST) | Target Loss: 0.0000 | G Loss: 4.0902 | D Loss: 0.1334
Client 4 (MNIST) | Target Loss: 0.0000 | G Loss: 4.3138 | D Loss: 0.1395
Client 5 (MNIST) | Target Loss: 0.0000 | G Loss: 5.3607 | D Loss: 0.0486
Client 6 (MNIST) | Target Loss: 0.0000 | G Loss: 4.1692 | D Loss: 0.1602
Client 7 (MNIST) | Target Loss: 0.0000 | G Loss: 4.4242 | D Loss: 0.1223
Client 8 (MNIST) | Target Loss: 0.0000 | G Loss: 3.9554 | D Loss: 0.1400
Client 9 (MNIST) | Target Loss: 0.0000 | G Loss: 4.5702 | D Loss: 0.1061
Client 11 (EMNIST) | Target Loss: 0.0000 | G Loss: 8.7286 | D Loss: 0.0137
Client 12 (EMNIST) | Target Loss: 0.0000 | G Loss: 8.1908 | D Loss: 0.0214
Client 13 (EMNIST) | Target Loss: 0.0000 | G Loss: 8.8336 | D Loss: 0.0126
Client 14 (EMNIST) | Target Loss: 0.0000 | G Loss: 7.7748 | D Loss: 0.0252
Client 15 (EMNIST) | Target Loss: 0.0000 | G Loss: 8.0085 | D Loss: 0.0210
Client 16 (EMNIST) | Target Loss: 0.0000 | G Loss: 8.2100 | D Loss: 0.0164
Client 17 (EMNIST) | Target Loss: 0.0000 | G Loss: 7.5171 | D Loss: 0.0259
Client 18 (EMNIST) | Target Loss: 0.0000 | G Loss: 9.2004 | D Loss: 0.0098
Client 19 (EMNIST) | Target Loss: 0.0000 | G Loss: 8.2384 | D Loss: 0.0145
Client 20 (EMNIST) | Target Loss: 0.0000 | G Loss: 8.6978 | D Loss: 0.0175
Client 22 (CIFAR10) | Target Loss: 0.0000 | G Loss: 2.1203 | D Loss: 0.3264
Client 23 (CIFAR10) | Target Loss: 0.0000 | G Loss: 2.0805 | D Loss: 0.3193
Client 24 (CIFAR10) | Target Loss: 0.0000 | G Loss: 2.1501 | D Loss: 0.3126
Client 25 (CIFAR10) | Target Loss: 0.0000 | G Loss: 2.1243 | D Loss: 0.3282
Client 26 (CIFAR10) | Target Loss: 0.0000 | G Loss: 2.0976 | D Loss: 0.3382
Client 27 (CIFAR10) | Target Loss: 0.0000 | G Loss: 2.1193 | D Loss: 0.3087
Client 28 (CIFAR10) | Target Loss: 0.0000 | G Loss: 2.0682 | D Loss: 0.3495
Client 29 (CIFAR10) | Target Loss: 0.0000 | G Loss: 2.0635 | D Loss: 0.3722
Client 30 (CIFAR10) | Target Loss: 0.0000 | G Loss: 2.1130 | D Loss: 0.3218
Client 31 (CIFAR10) | Target Loss: 0.0000 | G Loss: 1.8689 | D Loss: 0.4600
Round 30 | Client 0 | Model: (MLP) | Acc: 95.09%
Round 30 | Client 1 | Model: (CNN) | Acc: 91.25%
Round 30 | Client 2 | Model: (ResNet8) | Acc: 98.19%
Round 30 | Client 3 | Model: (ResNet18) | Acc: 97.96%
Round 30 | Client 4 | Model: (MobileNetV2) | Acc: 95.93%
Round 30 | Client 5 | Model: (MobileNetV3) | Acc: 90.30%
Round 30 | Client 6 | Model: (LeNet) | Acc: 97.81%
Round 30 | Client 7 | Model: (AlexNet) | Acc: 98.84%
Round 30 | Client 8 | Model: (ShuffleNet) | Acc: 84.30%
Round 30 | Client 9 | Model: (SqueezeNet) | Acc: 97.81%
Round 30 | Client 11 | Model: (MLP) | Acc: 80.06%
Round 30 | Client 12 | Model: (CNN) | Acc: 84.66%
Round 30 | Client 13 | Model: (ResNet8) | Acc: 83.52%
Round 30 | Client 14 | Model: (ResNet18) | Acc: 84.18%
Round 30 | Client 15 | Model: (MobileNetV2) | Acc: 84.07%
Round 30 | Client 16 | Model: (MobileNetV3) | Acc: 80.84%
Round 30 | Client 17 | Model: (LeNet) | Acc: 84.26%
Round 30 | Client 18 | Model: (AlexNet) | Acc: 82.42%
Round 30 | Client 19 | Model: (ShuffleNet) | Acc: 83.53%
Round 30 | Client 20 | Model: (SqueezeNet) | Acc: 82.05%
Round 30 | Client 22 | Model: (MLP) | Acc: 41.37%
Round 30 | Client 23 | Model: (CNN) | Acc: 47.91%
Round 30 | Client 24 | Model: (ResNet8) | Acc: 53.43%
Round 30 | Client 25 | Model: (ResNet18) | Acc: 59.82%
Round 30 | Client 26 | Model: (MobileNetV2) | Acc: 38.72%
Round 30 | Client 27 | Model: (MobileNetV3) | Acc: 45.60%
Round 30 | Client 28 | Model: (LeNet) | Acc: 52.59%
Round 30 | Client 29 | Model: (AlexNet) | Acc: 57.08%
Round 30 | Client 30 | Model: (ShuffleNet) | Acc: 36.18%
Round 30 | Client 31 | Model: (SqueezeNet) | Acc: 40.45%
Epoch 0 Loss: 20.1386
Epoch 1 Loss: 17.2606
Epoch 2 Loss: 15.8962
Epoch 3 Loss: 15.5478
Epoch 4 Loss: 15.8712
[Server] Global Inference Model Acc (MNIST) (Round 30): 94.22% (Tested on 9095 samples)
[Server] Global Inference Model Acc (EMNIST) (Round 30): 59.34% (Tested on 105779 samples)
[Server] Global Inference Model Acc (CIFAR10) (Round 30): 46.29% (Tested on 9100 samples)
[Server] Global Inference Model Acc (Mix) (Round 30): 60.94% (Tested on 123974 samples)
Selected client ids: [0, 1, 2, 3, 4, 5, 6, 7, 8, 9, 10, 11, 12, 13, 14, 15, 16, 17, 18, 19, 20, 21, 22, 23, 24, 25, 26, 27, 28, 29]
--- Round 31 ---
Client 0 (MNIST) | Target Loss: 0.0000 | G Loss: 3.7165 | D Loss: 0.2099
Client 1 (MNIST) | Target Loss: 0.0000 | G Loss: 4.6579 | D Loss: 0.1063
Client 2 (MNIST) | Target Loss: 0.0000 | G Loss: 5.1138 | D Loss: 0.0637
Client 3 (MNIST) | Target Loss: 0.0000 | G Loss: 5.2249 | D Loss: 0.0587
Client 4 (MNIST) | Target Loss: 0.0000 | G Loss: 4.6965 | D Loss: 0.1125
Client 5 (MNIST) | Target Loss: 0.0000 | G Loss: 3.7404 | D Loss: 0.1999
Client 6 (MNIST) | Target Loss: 0.0000 | G Loss: 4.4812 | D Loss: 0.1320
Client 7 (MNIST) | Target Loss: 0.0000 | G Loss: 4.5500 | D Loss: 0.1140
Client 8 (MNIST) | Target Loss: 0.0000 | G Loss: 5.0208 | D Loss: 0.0836
Client 9 (MNIST) | Target Loss: 0.0000 | G Loss: 4.4276 | D Loss: 0.1294
Client 11 (EMNIST) | Target Loss: 0.0000 | G Loss: 7.9053 | D Loss: 0.0207
Client 12 (EMNIST) | Target Loss: 0.0000 | G Loss: 7.5343 | D Loss: 0.0275
Client 13 (EMNIST) | Target Loss: 0.0000 | G Loss: 7.9224 | D Loss: 0.0235
Client 14 (EMNIST) | Target Loss: 0.0000 | G Loss: 8.1811 | D Loss: 0.0172
Client 15 (EMNIST) | Target Loss: 0.0000 | G Loss: 8.4595 | D Loss: 0.0169
Client 16 (EMNIST) | Target Loss: 0.0000 | G Loss: 7.7584 | D Loss: 0.0225
Client 17 (EMNIST) | Target Loss: 0.0000 | G Loss: 8.0474 | D Loss: 0.0152
Client 18 (EMNIST) | Target Loss: 0.0000 | G Loss: 8.0140 | D Loss: 0.0207
Client 19 (EMNIST) | Target Loss: 0.0000 | G Loss: 7.8733 | D Loss: 0.0275
Client 20 (EMNIST) | Target Loss: 0.0000 | G Loss: 8.6037 | D Loss: 0.0147
Client 22 (CIFAR10) | Target Loss: 0.0000 | G Loss: 2.1125 | D Loss: 0.3382
Client 23 (CIFAR10) | Target Loss: 0.0000 | G Loss: 2.0985 | D Loss: 0.3399
Client 24 (CIFAR10) | Target Loss: 0.0000 | G Loss: 2.0570 | D Loss: 0.3581
Client 25 (CIFAR10) | Target Loss: 0.0000 | G Loss: 2.1096 | D Loss: 0.3280
Client 26 (CIFAR10) | Target Loss: 0.0000 | G Loss: 2.1435 | D Loss: 0.3154
Client 27 (CIFAR10) | Target Loss: 0.0000 | G Loss: 2.1181 | D Loss: 0.3363
Client 28 (CIFAR10) | Target Loss: 0.0000 | G Loss: 2.1152 | D Loss: 0.3256
Client 29 (CIFAR10) | Target Loss: 0.0000 | G Loss: 2.1314 | D Loss: 0.3156
Client 30 (CIFAR10) | Target Loss: 0.0000 | G Loss: 2.1359 | D Loss: 0.3169
Client 31 (CIFAR10) | Target Loss: 0.0000 | G Loss: 2.0599 | D Loss: 0.3663
Round 31 | Client 0 | Model: (MLP) | Acc: 95.09%
Round 31 | Client 1 | Model: (CNN) | Acc: 91.25%
Round 31 | Client 2 | Model: (ResNet8) | Acc: 98.19%
Round 31 | Client 3 | Model: (ResNet18) | Acc: 97.96%
Round 31 | Client 4 | Model: (MobileNetV2) | Acc: 95.93%
Round 31 | Client 5 | Model: (MobileNetV3) | Acc: 90.30%
Round 31 | Client 6 | Model: (LeNet) | Acc: 97.81%
Round 31 | Client 7 | Model: (AlexNet) | Acc: 98.84%
Round 31 | Client 8 | Model: (ShuffleNet) | Acc: 84.30%
Round 31 | Client 9 | Model: (SqueezeNet) | Acc: 97.81%
Round 31 | Client 11 | Model: (MLP) | Acc: 80.06%
Round 31 | Client 12 | Model: (CNN) | Acc: 84.66%
Round 31 | Client 13 | Model: (ResNet8) | Acc: 83.52%
Round 31 | Client 14 | Model: (ResNet18) | Acc: 84.18%
Round 31 | Client 15 | Model: (MobileNetV2) | Acc: 84.07%
Round 31 | Client 16 | Model: (MobileNetV3) | Acc: 80.84%
Round 31 | Client 17 | Model: (LeNet) | Acc: 84.26%
Round 31 | Client 18 | Model: (AlexNet) | Acc: 82.42%
Round 31 | Client 19 | Model: (ShuffleNet) | Acc: 83.53%
Round 31 | Client 20 | Model: (SqueezeNet) | Acc: 82.05%
Round 31 | Client 22 | Model: (MLP) | Acc: 41.37%
Round 31 | Client 23 | Model: (CNN) | Acc: 47.91%
Round 31 | Client 24 | Model: (ResNet8) | Acc: 53.43%
Round 31 | Client 25 | Model: (ResNet18) | Acc: 59.82%
Round 31 | Client 26 | Model: (MobileNetV2) | Acc: 38.72%
Round 31 | Client 27 | Model: (MobileNetV3) | Acc: 45.60%
Round 31 | Client 28 | Model: (LeNet) | Acc: 52.59%
Round 31 | Client 29 | Model: (AlexNet) | Acc: 57.08%
Round 31 | Client 30 | Model: (ShuffleNet) | Acc: 36.18%
Round 31 | Client 31 | Model: (SqueezeNet) | Acc: 40.45%
Epoch 0 Loss: 21.0803
Epoch 1 Loss: 18.5275
Epoch 2 Loss: 17.1122
Epoch 3 Loss: 17.0997
Epoch 4 Loss: 16.1239
[Server] Global Inference Model Acc (MNIST) (Round 31): 95.87% (Tested on 9095 samples)
[Server] Global Inference Model Acc (EMNIST) (Round 31): 53.37% (Tested on 105779 samples)
[Server] Global Inference Model Acc (CIFAR10) (Round 31): 45.73% (Tested on 9100 samples)
[Server] Global Inference Model Acc (Mix) (Round 31): 55.92% (Tested on 123974 samples)
Selected client ids: [0, 1, 2, 3, 4, 5, 6, 7, 8, 9, 10, 11, 12, 13, 14, 15, 16, 17, 18, 19, 20, 21, 22, 23, 24, 25, 26, 27, 28, 29]
--- Round 32 ---
Client 0 (MNIST) | Target Loss: 0.0000 | G Loss: 6.0900 | D Loss: 0.0046
Client 1 (MNIST) | Target Loss: 0.0000 | G Loss: 4.3973 | D Loss: 0.1274
Client 2 (MNIST) | Target Loss: 0.0000 | G Loss: 4.2706 | D Loss: 0.1384
Client 3 (MNIST) | Target Loss: 0.0000 | G Loss: 6.1639 | D Loss: 0.0053
Client 4 (MNIST) | Target Loss: 0.0000 | G Loss: 3.6841 | D Loss: 0.1993
Client 5 (MNIST) | Target Loss: 0.0000 | G Loss: 4.4177 | D Loss: 0.1171
Client 6 (MNIST) | Target Loss: 0.0000 | G Loss: 4.5933 | D Loss: 0.1044
Client 7 (MNIST) | Target Loss: 0.0000 | G Loss: 3.5515 | D Loss: 0.1829
Client 8 (MNIST) | Target Loss: 0.0000 | G Loss: 3.1221 | D Loss: 0.2660
Client 9 (MNIST) | Target Loss: 0.0000 | G Loss: 5.4983 | D Loss: 0.0448
Client 11 (EMNIST) | Target Loss: 0.0000 | G Loss: 8.7810 | D Loss: 0.0172
Client 12 (EMNIST) | Target Loss: 0.0000 | G Loss: 8.8535 | D Loss: 0.0123
Client 13 (EMNIST) | Target Loss: 0.0000 | G Loss: 7.9606 | D Loss: 0.0191
Client 14 (EMNIST) | Target Loss: 0.0000 | G Loss: 8.8814 | D Loss: 0.0149
Client 15 (EMNIST) | Target Loss: 0.0000 | G Loss: 8.3167 | D Loss: 0.0164
Client 16 (EMNIST) | Target Loss: 0.0000 | G Loss: 7.8348 | D Loss: 0.0246
Client 17 (EMNIST) | Target Loss: 0.0000 | G Loss: 8.2275 | D Loss: 0.0220
Client 18 (EMNIST) | Target Loss: 0.0000 | G Loss: 9.4443 | D Loss: 0.0109
Client 19 (EMNIST) | Target Loss: 0.0000 | G Loss: 8.7287 | D Loss: 0.0144
Client 20 (EMNIST) | Target Loss: 0.0000 | G Loss: 8.0105 | D Loss: 0.0204
Client 22 (CIFAR10) | Target Loss: 0.0000 | G Loss: 2.0949 | D Loss: 0.3413
Client 23 (CIFAR10) | Target Loss: 0.0000 | G Loss: 2.1460 | D Loss: 0.3221
Client 24 (CIFAR10) | Target Loss: 0.0000 | G Loss: 2.1346 | D Loss: 0.3200
Client 25 (CIFAR10) | Target Loss: 0.0000 | G Loss: 2.1271 | D Loss: 0.3278
Client 26 (CIFAR10) | Target Loss: 0.0000 | G Loss: 2.1561 | D Loss: 0.3152
Client 27 (CIFAR10) | Target Loss: 0.0000 | G Loss: 2.1345 | D Loss: 0.3221
Client 28 (CIFAR10) | Target Loss: 0.0000 | G Loss: 2.0431 | D Loss: 0.3879
Client 29 (CIFAR10) | Target Loss: 0.0000 | G Loss: 2.1547 | D Loss: 0.3101
Client 30 (CIFAR10) | Target Loss: 0.0000 | G Loss: 2.1032 | D Loss: 0.3282
Client 31 (CIFAR10) | Target Loss: 0.0000 | G Loss: 2.1046 | D Loss: 0.3230
Round 32 | Client 0 | Model: (MLP) | Acc: 95.09%
Round 32 | Client 1 | Model: (CNN) | Acc: 91.25%
Round 32 | Client 2 | Model: (ResNet8) | Acc: 98.19%
Round 32 | Client 3 | Model: (ResNet18) | Acc: 97.96%
Round 32 | Client 4 | Model: (MobileNetV2) | Acc: 95.93%
Round 32 | Client 5 | Model: (MobileNetV3) | Acc: 90.30%
Round 32 | Client 6 | Model: (LeNet) | Acc: 97.81%
Round 32 | Client 7 | Model: (AlexNet) | Acc: 98.84%
Round 32 | Client 8 | Model: (ShuffleNet) | Acc: 84.30%
Round 32 | Client 9 | Model: (SqueezeNet) | Acc: 97.81%
Round 32 | Client 11 | Model: (MLP) | Acc: 80.06%
Round 32 | Client 12 | Model: (CNN) | Acc: 84.66%
Round 32 | Client 13 | Model: (ResNet8) | Acc: 83.52%
Round 32 | Client 14 | Model: (ResNet18) | Acc: 84.18%
Round 32 | Client 15 | Model: (MobileNetV2) | Acc: 84.07%
Round 32 | Client 16 | Model: (MobileNetV3) | Acc: 80.84%
Round 32 | Client 17 | Model: (LeNet) | Acc: 84.26%
Round 32 | Client 18 | Model: (AlexNet) | Acc: 82.42%
Round 32 | Client 19 | Model: (ShuffleNet) | Acc: 83.53%
Round 32 | Client 20 | Model: (SqueezeNet) | Acc: 82.05%
Round 32 | Client 22 | Model: (MLP) | Acc: 41.37%
Round 32 | Client 23 | Model: (CNN) | Acc: 47.91%
Round 32 | Client 24 | Model: (ResNet8) | Acc: 53.43%
Round 32 | Client 25 | Model: (ResNet18) | Acc: 59.82%
Round 32 | Client 26 | Model: (MobileNetV2) | Acc: 38.72%
Round 32 | Client 27 | Model: (MobileNetV3) | Acc: 45.60%
Round 32 | Client 28 | Model: (LeNet) | Acc: 52.59%
Round 32 | Client 29 | Model: (AlexNet) | Acc: 57.08%
Round 32 | Client 30 | Model: (ShuffleNet) | Acc: 36.18%
Round 32 | Client 31 | Model: (SqueezeNet) | Acc: 40.45%
Epoch 0 Loss: 18.1036
Epoch 1 Loss: 15.4929
Epoch 2 Loss: 16.3435
Epoch 3 Loss: 14.7140
Epoch 4 Loss: 14.7219
[Server] Global Inference Model Acc (MNIST) (Round 32): 93.05% (Tested on 9095 samples)
[Server] Global Inference Model Acc (EMNIST) (Round 32): 51.40% (Tested on 105779 samples)
[Server] Global Inference Model Acc (CIFAR10) (Round 32): 49.31% (Tested on 9100 samples)
[Server] Global Inference Model Acc (Mix) (Round 32): 54.30% (Tested on 123974 samples)
Selected client ids: [0, 1, 2, 3, 4, 5, 6, 7, 8, 9, 10, 11, 12, 13, 14, 15, 16, 17, 18, 19, 20, 21, 22, 23, 24, 25, 26, 27, 28, 29]
--- Round 33 ---
Client 0 (MNIST) | Target Loss: 0.0000 | G Loss: 4.1490 | D Loss: 0.1665
Client 1 (MNIST) | Target Loss: 0.0000 | G Loss: 4.9649 | D Loss: 0.0762
Client 2 (MNIST) | Target Loss: 0.0000 | G Loss: 5.1089 | D Loss: 0.0604
Client 3 (MNIST) | Target Loss: 0.0000 | G Loss: 3.9998 | D Loss: 0.1851
Client 4 (MNIST) | Target Loss: 0.0000 | G Loss: 5.2804 | D Loss: 0.0499
Client 5 (MNIST) | Target Loss: 0.0000 | G Loss: 4.9165 | D Loss: 0.0796
Client 6 (MNIST) | Target Loss: 0.0000 | G Loss: 4.5598 | D Loss: 0.1019
Client 7 (MNIST) | Target Loss: 0.0000 | G Loss: 5.4855 | D Loss: 0.0416
Client 8 (MNIST) | Target Loss: 0.0000 | G Loss: 4.8797 | D Loss: 0.0675
Client 9 (MNIST) | Target Loss: 0.0000 | G Loss: 5.1484 | D Loss: 0.0799
Client 11 (EMNIST) | Target Loss: 0.0000 | G Loss: 8.7052 | D Loss: 0.0116
Client 12 (EMNIST) | Target Loss: 0.0000 | G Loss: 7.7164 | D Loss: 0.0237
Client 13 (EMNIST) | Target Loss: 0.0000 | G Loss: 8.2848 | D Loss: 0.0194
Client 14 (EMNIST) | Target Loss: 0.0000 | G Loss: 8.5712 | D Loss: 0.0159
Client 15 (EMNIST) | Target Loss: 0.0000 | G Loss: 8.8932 | D Loss: 0.0104
Client 16 (EMNIST) | Target Loss: 0.0000 | G Loss: 8.6799 | D Loss: 0.0116
Client 17 (EMNIST) | Target Loss: 0.0000 | G Loss: 9.6041 | D Loss: 0.0079
Client 18 (EMNIST) | Target Loss: 0.0000 | G Loss: 8.8388 | D Loss: 0.0136
Client 19 (EMNIST) | Target Loss: 0.0000 | G Loss: 8.2200 | D Loss: 0.0150
Client 20 (EMNIST) | Target Loss: 0.0000 | G Loss: 8.6559 | D Loss: 0.0155
Client 22 (CIFAR10) | Target Loss: 0.0000 | G Loss: 2.0655 | D Loss: 0.3808
Client 23 (CIFAR10) | Target Loss: 0.0000 | G Loss: 2.0745 | D Loss: 0.3782
Client 24 (CIFAR10) | Target Loss: 0.0000 | G Loss: 1.9992 | D Loss: 0.4253
Client 25 (CIFAR10) | Target Loss: 0.0000 | G Loss: 2.1161 | D Loss: 0.3290
Client 26 (CIFAR10) | Target Loss: 0.0000 | G Loss: 2.1048 | D Loss: 0.3367
Client 27 (CIFAR10) | Target Loss: 0.0000 | G Loss: 2.1540 | D Loss: 0.3231
Client 28 (CIFAR10) | Target Loss: 0.0000 | G Loss: 2.1709 | D Loss: 0.3049
Client 29 (CIFAR10) | Target Loss: 0.0000 | G Loss: 2.1732 | D Loss: 0.3275
Client 30 (CIFAR10) | Target Loss: 0.0000 | G Loss: 2.0711 | D Loss: 0.3847
Client 31 (CIFAR10) | Target Loss: 0.0000 | G Loss: 2.1110 | D Loss: 0.3496
Round 33 | Client 0 | Model: (MLP) | Acc: 95.09%
Round 33 | Client 1 | Model: (CNN) | Acc: 91.25%
Round 33 | Client 2 | Model: (ResNet8) | Acc: 98.19%
Round 33 | Client 3 | Model: (ResNet18) | Acc: 97.96%
Round 33 | Client 4 | Model: (MobileNetV2) | Acc: 95.93%
Round 33 | Client 5 | Model: (MobileNetV3) | Acc: 90.30%
Round 33 | Client 6 | Model: (LeNet) | Acc: 97.81%
Round 33 | Client 7 | Model: (AlexNet) | Acc: 98.84%
Round 33 | Client 8 | Model: (ShuffleNet) | Acc: 84.30%
Round 33 | Client 9 | Model: (SqueezeNet) | Acc: 97.81%
Round 33 | Client 11 | Model: (MLP) | Acc: 80.06%
Round 33 | Client 12 | Model: (CNN) | Acc: 84.66%
Round 33 | Client 13 | Model: (ResNet8) | Acc: 83.52%
Round 33 | Client 14 | Model: (ResNet18) | Acc: 84.18%
Round 33 | Client 15 | Model: (MobileNetV2) | Acc: 84.07%
Round 33 | Client 16 | Model: (MobileNetV3) | Acc: 80.84%
Round 33 | Client 17 | Model: (LeNet) | Acc: 84.26%
Round 33 | Client 18 | Model: (AlexNet) | Acc: 82.42%
Round 33 | Client 19 | Model: (ShuffleNet) | Acc: 83.53%
Round 33 | Client 20 | Model: (SqueezeNet) | Acc: 82.05%
Round 33 | Client 22 | Model: (MLP) | Acc: 41.37%
Round 33 | Client 23 | Model: (CNN) | Acc: 47.91%
Round 33 | Client 24 | Model: (ResNet8) | Acc: 53.43%
Round 33 | Client 25 | Model: (ResNet18) | Acc: 59.82%
Round 33 | Client 26 | Model: (MobileNetV2) | Acc: 38.72%
Round 33 | Client 27 | Model: (MobileNetV3) | Acc: 45.60%
Round 33 | Client 28 | Model: (LeNet) | Acc: 52.59%
Round 33 | Client 29 | Model: (AlexNet) | Acc: 57.08%
Round 33 | Client 30 | Model: (ShuffleNet) | Acc: 36.18%
Round 33 | Client 31 | Model: (SqueezeNet) | Acc: 40.45%
Epoch 0 Loss: 15.1779
Epoch 1 Loss: 14.0186
Epoch 2 Loss: 13.6147
Epoch 3 Loss: 12.8882
Epoch 4 Loss: 13.6018
[Server] Global Inference Model Acc (MNIST) (Round 33): 94.03% (Tested on 9095 samples)
[Server] Global Inference Model Acc (EMNIST) (Round 33): 59.88% (Tested on 105779 samples)
[Server] Global Inference Model Acc (CIFAR10) (Round 33): 50.32% (Tested on 9100 samples)
[Server] Global Inference Model Acc (Mix) (Round 33): 61.68% (Tested on 123974 samples)
Selected client ids: [0, 1, 2, 3, 4, 5, 6, 7, 8, 9, 10, 11, 12, 13, 14, 15, 16, 17, 18, 19, 20, 21, 22, 23, 24, 25, 26, 27, 28, 29]
--- Round 34 ---
Client 0 (MNIST) | Target Loss: 0.0000 | G Loss: 6.5663 | D Loss: 0.0029
Client 1 (MNIST) | Target Loss: 0.0000 | G Loss: 6.4504 | D Loss: 0.0031
Client 2 (MNIST) | Target Loss: 0.0000 | G Loss: 6.4633 | D Loss: 0.0032
Client 3 (MNIST) | Target Loss: 0.0000 | G Loss: 5.2449 | D Loss: 0.0611
Client 4 (MNIST) | Target Loss: 0.0000 | G Loss: 6.5373 | D Loss: 0.0031
Client 5 (MNIST) | Target Loss: 0.0000 | G Loss: 6.0682 | D Loss: 0.0413
Client 6 (MNIST) | Target Loss: 0.0000 | G Loss: 6.4928 | D Loss: 0.0031
Client 7 (MNIST) | Target Loss: 0.0000 | G Loss: 6.5367 | D Loss: 0.0031
Client 8 (MNIST) | Target Loss: 0.0000 | G Loss: 5.4412 | D Loss: 0.0443
Client 9 (MNIST) | Target Loss: 0.0000 | G Loss: 6.5135 | D Loss: 0.0029
Client 11 (EMNIST) | Target Loss: 0.0000 | G Loss: 8.4909 | D Loss: 0.0135
Client 12 (EMNIST) | Target Loss: 0.0000 | G Loss: 8.3421 | D Loss: 0.0158
Client 13 (EMNIST) | Target Loss: 0.0000 | G Loss: 8.3884 | D Loss: 0.0158
Client 14 (EMNIST) | Target Loss: 0.0000 | G Loss: 7.8663 | D Loss: 0.0231
Client 15 (EMNIST) | Target Loss: 0.0000 | G Loss: 8.0733 | D Loss: 0.0210
Client 16 (EMNIST) | Target Loss: 0.0000 | G Loss: 7.8582 | D Loss: 0.0226
Client 17 (EMNIST) | Target Loss: 0.0000 | G Loss: 7.8668 | D Loss: 0.0220
Client 18 (EMNIST) | Target Loss: 0.0000 | G Loss: 8.0523 | D Loss: 0.0189
Client 19 (EMNIST) | Target Loss: 0.0000 | G Loss: 8.3672 | D Loss: 0.0216
Client 20 (EMNIST) | Target Loss: 0.0000 | G Loss: 7.9766 | D Loss: 0.0195
Client 22 (CIFAR10) | Target Loss: 0.0000 | G Loss: 2.1450 | D Loss: 0.3063
Client 23 (CIFAR10) | Target Loss: 0.0000 | G Loss: 2.1503 | D Loss: 0.3279
Client 24 (CIFAR10) | Target Loss: 0.0000 | G Loss: 2.2121 | D Loss: 0.2949
Client 25 (CIFAR10) | Target Loss: 0.0000 | G Loss: 1.5929 | D Loss: 0.6163
Client 26 (CIFAR10) | Target Loss: 0.0000 | G Loss: 2.1905 | D Loss: 0.2925
Client 27 (CIFAR10) | Target Loss: 0.0000 | G Loss: 2.1822 | D Loss: 0.2982
Client 28 (CIFAR10) | Target Loss: 0.0000 | G Loss: 2.1967 | D Loss: 0.3055
Client 29 (CIFAR10) | Target Loss: 0.0000 | G Loss: 2.1693 | D Loss: 0.3046
Client 30 (CIFAR10) | Target Loss: 0.0000 | G Loss: 2.2269 | D Loss: 0.2932
Client 31 (CIFAR10) | Target Loss: 0.0000 | G Loss: 2.0972 | D Loss: 0.3321
Round 34 | Client 0 | Model: (MLP) | Acc: 95.09%
Round 34 | Client 1 | Model: (CNN) | Acc: 91.25%
Round 34 | Client 2 | Model: (ResNet8) | Acc: 98.19%
Round 34 | Client 3 | Model: (ResNet18) | Acc: 97.96%
Round 34 | Client 4 | Model: (MobileNetV2) | Acc: 95.93%
Round 34 | Client 5 | Model: (MobileNetV3) | Acc: 90.30%
Round 34 | Client 6 | Model: (LeNet) | Acc: 97.81%
Round 34 | Client 7 | Model: (AlexNet) | Acc: 98.84%
Round 34 | Client 8 | Model: (ShuffleNet) | Acc: 84.30%
Round 34 | Client 9 | Model: (SqueezeNet) | Acc: 97.81%
Round 34 | Client 11 | Model: (MLP) | Acc: 80.06%
Round 34 | Client 12 | Model: (CNN) | Acc: 84.66%
Round 34 | Client 13 | Model: (ResNet8) | Acc: 83.52%
Round 34 | Client 14 | Model: (ResNet18) | Acc: 84.18%
Round 34 | Client 15 | Model: (MobileNetV2) | Acc: 84.07%
Round 34 | Client 16 | Model: (MobileNetV3) | Acc: 80.84%
Round 34 | Client 17 | Model: (LeNet) | Acc: 84.26%
Round 34 | Client 18 | Model: (AlexNet) | Acc: 82.42%
Round 34 | Client 19 | Model: (ShuffleNet) | Acc: 83.53%
Round 34 | Client 20 | Model: (SqueezeNet) | Acc: 82.05%
Round 34 | Client 22 | Model: (MLP) | Acc: 41.37%
Round 34 | Client 23 | Model: (CNN) | Acc: 47.91%
Round 34 | Client 24 | Model: (ResNet8) | Acc: 53.43%
Round 34 | Client 25 | Model: (ResNet18) | Acc: 59.82%
Round 34 | Client 26 | Model: (MobileNetV2) | Acc: 38.72%
Round 34 | Client 27 | Model: (MobileNetV3) | Acc: 45.60%
Round 34 | Client 28 | Model: (LeNet) | Acc: 52.59%
Round 34 | Client 29 | Model: (AlexNet) | Acc: 57.08%
Round 34 | Client 30 | Model: (ShuffleNet) | Acc: 36.18%
Round 34 | Client 31 | Model: (SqueezeNet) | Acc: 40.45%
Epoch 0 Loss: 14.9021
Epoch 1 Loss: 14.1195
Epoch 2 Loss: 13.1304
Epoch 3 Loss: 13.8046
Epoch 4 Loss: 13.9113
[Server] Global Inference Model Acc (MNIST) (Round 34): 92.59% (Tested on 9095 samples)
[Server] Global Inference Model Acc (EMNIST) (Round 34): 60.73% (Tested on 105779 samples)
[Server] Global Inference Model Acc (CIFAR10) (Round 34): 51.14% (Tested on 9100 samples)
[Server] Global Inference Model Acc (Mix) (Round 34): 62.36% (Tested on 123974 samples)
Selected client ids: [0, 1, 2, 3, 4, 5, 6, 7, 8, 9, 10, 11, 12, 13, 14, 15, 16, 17, 18, 19, 20, 21, 22, 23, 24, 25, 26, 27, 28, 29]
--- Round 35 ---
Client 0 (MNIST) | Target Loss: 0.0000 | G Loss: 6.7345 | D Loss: 0.0026
Client 1 (MNIST) | Target Loss: 0.0000 | G Loss: 6.7047 | D Loss: 0.0025
Client 2 (MNIST) | Target Loss: 0.0000 | G Loss: 4.0486 | D Loss: 0.1743
Client 3 (MNIST) | Target Loss: 0.0000 | G Loss: 5.3784 | D Loss: 0.0569
Client 4 (MNIST) | Target Loss: 0.0000 | G Loss: 6.7232 | D Loss: 0.0025
Client 5 (MNIST) | Target Loss: 0.0000 | G Loss: 4.6885 | D Loss: 0.0827
Client 6 (MNIST) | Target Loss: 0.0000 | G Loss: 6.7682 | D Loss: 0.0024
Client 7 (MNIST) | Target Loss: 0.0000 | G Loss: 6.7049 | D Loss: 0.0024
Client 8 (MNIST) | Target Loss: 0.0000 | G Loss: 6.2507 | D Loss: 0.0282
Client 9 (MNIST) | Target Loss: 0.0000 | G Loss: 6.7975 | D Loss: 0.0023
Client 11 (EMNIST) | Target Loss: 0.0000 | G Loss: 7.7444 | D Loss: 0.0265
Client 12 (EMNIST) | Target Loss: 0.0000 | G Loss: 8.1554 | D Loss: 0.0193
Client 13 (EMNIST) | Target Loss: 0.0000 | G Loss: 9.2846 | D Loss: 0.0144
Client 14 (EMNIST) | Target Loss: 0.0000 | G Loss: 8.3187 | D Loss: 0.0189
Client 15 (EMNIST) | Target Loss: 0.0000 | G Loss: 8.3087 | D Loss: 0.0140
Client 16 (EMNIST) | Target Loss: 0.0000 | G Loss: 8.7226 | D Loss: 0.0130
Client 17 (EMNIST) | Target Loss: 0.0000 | G Loss: 8.4250 | D Loss: 0.0182
Client 18 (EMNIST) | Target Loss: 0.0000 | G Loss: 8.2217 | D Loss: 0.0208
Client 19 (EMNIST) | Target Loss: 0.0000 | G Loss: 7.8426 | D Loss: 0.0223
Client 20 (EMNIST) | Target Loss: 0.0000 | G Loss: 8.1501 | D Loss: 0.0203
Client 22 (CIFAR10) | Target Loss: 0.0000 | G Loss: 2.1834 | D Loss: 0.3032
Client 23 (CIFAR10) | Target Loss: 0.0000 | G Loss: 2.1583 | D Loss: 0.3176
Client 24 (CIFAR10) | Target Loss: 0.0000 | G Loss: 2.2234 | D Loss: 0.2916
Client 25 (CIFAR10) | Target Loss: 0.0000 | G Loss: 2.1514 | D Loss: 0.3105
Client 26 (CIFAR10) | Target Loss: 0.0000 | G Loss: 2.1362 | D Loss: 0.3527
Client 27 (CIFAR10) | Target Loss: 0.0000 | G Loss: 2.1030 | D Loss: 0.3877
Client 28 (CIFAR10) | Target Loss: 0.0000 | G Loss: 2.0215 | D Loss: 0.4153
Client 29 (CIFAR10) | Target Loss: 0.0000 | G Loss: 2.1724 | D Loss: 0.3335
Client 30 (CIFAR10) | Target Loss: 0.0000 | G Loss: 2.1562 | D Loss: 0.3318
Client 31 (CIFAR10) | Target Loss: 0.0000 | G Loss: 2.1590 | D Loss: 0.3140
Round 35 | Client 0 | Model: (MLP) | Acc: 95.09%
Round 35 | Client 1 | Model: (CNN) | Acc: 91.25%
Round 35 | Client 2 | Model: (ResNet8) | Acc: 98.19%
Round 35 | Client 3 | Model: (ResNet18) | Acc: 97.96%
Round 35 | Client 4 | Model: (MobileNetV2) | Acc: 95.93%
Round 35 | Client 5 | Model: (MobileNetV3) | Acc: 90.30%
Round 35 | Client 6 | Model: (LeNet) | Acc: 97.81%
Round 35 | Client 7 | Model: (AlexNet) | Acc: 98.84%
Round 35 | Client 8 | Model: (ShuffleNet) | Acc: 84.30%
Round 35 | Client 9 | Model: (SqueezeNet) | Acc: 97.81%
Round 35 | Client 11 | Model: (MLP) | Acc: 80.06%
Round 35 | Client 12 | Model: (CNN) | Acc: 84.66%
Round 35 | Client 13 | Model: (ResNet8) | Acc: 83.52%
Round 35 | Client 14 | Model: (ResNet18) | Acc: 84.18%
Round 35 | Client 15 | Model: (MobileNetV2) | Acc: 84.07%
Round 35 | Client 16 | Model: (MobileNetV3) | Acc: 80.84%
Round 35 | Client 17 | Model: (LeNet) | Acc: 84.26%
Round 35 | Client 18 | Model: (AlexNet) | Acc: 82.42%
Round 35 | Client 19 | Model: (ShuffleNet) | Acc: 83.53%
Round 35 | Client 20 | Model: (SqueezeNet) | Acc: 82.05%
Round 35 | Client 22 | Model: (MLP) | Acc: 41.37%
Round 35 | Client 23 | Model: (CNN) | Acc: 47.91%
Round 35 | Client 24 | Model: (ResNet8) | Acc: 53.43%
Round 35 | Client 25 | Model: (ResNet18) | Acc: 59.82%
Round 35 | Client 26 | Model: (MobileNetV2) | Acc: 38.72%
Round 35 | Client 27 | Model: (MobileNetV3) | Acc: 45.60%
Round 35 | Client 28 | Model: (LeNet) | Acc: 52.59%
Round 35 | Client 29 | Model: (AlexNet) | Acc: 57.08%
Round 35 | Client 30 | Model: (ShuffleNet) | Acc: 36.18%
Round 35 | Client 31 | Model: (SqueezeNet) | Acc: 40.45%
Epoch 0 Loss: 14.1700
Epoch 1 Loss: 13.0268
Epoch 2 Loss: 13.6939
Epoch 3 Loss: 12.7618
Epoch 4 Loss: 12.6100
[Server] Global Inference Model Acc (MNIST) (Round 35): 92.42% (Tested on 9095 samples)
[Server] Global Inference Model Acc (EMNIST) (Round 35): 52.45% (Tested on 105779 samples)
[Server] Global Inference Model Acc (CIFAR10) (Round 35): 50.57% (Tested on 9100 samples)
[Server] Global Inference Model Acc (Mix) (Round 35): 55.25% (Tested on 123974 samples)
Selected client ids: [0, 1, 2, 3, 4, 5, 6, 7, 8, 9, 10, 11, 12, 13, 14, 15, 16, 17, 18, 19, 20, 21, 22, 23, 24, 25, 26, 27, 28, 29]
--- Round 36 ---
Client 0 (MNIST) | Target Loss: 0.0000 | G Loss: 6.8320 | D Loss: 0.0024
Client 1 (MNIST) | Target Loss: 0.0000 | G Loss: 6.7429 | D Loss: 0.0025
Client 2 (MNIST) | Target Loss: 0.0000 | G Loss: 5.6742 | D Loss: 0.0247
Client 3 (MNIST) | Target Loss: 0.0000 | G Loss: 5.5102 | D Loss: 0.0815
Client 4 (MNIST) | Target Loss: 0.0000 | G Loss: 4.1201 | D Loss: 0.1784
Client 5 (MNIST) | Target Loss: 0.0000 | G Loss: 4.5061 | D Loss: 0.1315
Client 6 (MNIST) | Target Loss: 0.0000 | G Loss: 6.7666 | D Loss: 0.0025
Client 7 (MNIST) | Target Loss: 0.0000 | G Loss: 6.7915 | D Loss: 0.0023
Client 8 (MNIST) | Target Loss: 0.0000 | G Loss: 4.1234 | D Loss: 0.1535
Client 9 (MNIST) | Target Loss: 0.0000 | G Loss: 3.9647 | D Loss: 0.2166
Client 11 (EMNIST) | Target Loss: 0.0000 | G Loss: 8.5977 | D Loss: 0.0192
Client 12 (EMNIST) | Target Loss: 0.0000 | G Loss: 8.1773 | D Loss: 0.0228
Client 13 (EMNIST) | Target Loss: 0.0000 | G Loss: 8.3153 | D Loss: 0.0170
Client 14 (EMNIST) | Target Loss: 0.0000 | G Loss: 8.2254 | D Loss: 0.0177
Client 15 (EMNIST) | Target Loss: 0.0000 | G Loss: 8.4281 | D Loss: 0.0231
Client 16 (EMNIST) | Target Loss: 0.0000 | G Loss: 8.5034 | D Loss: 0.0134
Client 17 (EMNIST) | Target Loss: 0.0000 | G Loss: 8.5257 | D Loss: 0.0120
Client 18 (EMNIST) | Target Loss: 0.0000 | G Loss: 9.5717 | D Loss: 0.0106
Client 19 (EMNIST) | Target Loss: 0.0000 | G Loss: 8.7533 | D Loss: 0.0115
Client 20 (EMNIST) | Target Loss: 0.0000 | G Loss: 8.3281 | D Loss: 0.0187
Client 22 (CIFAR10) | Target Loss: 0.0000 | G Loss: 2.1555 | D Loss: 0.3193
Client 23 (CIFAR10) | Target Loss: 0.0000 | G Loss: 2.2019 | D Loss: 0.2902
Client 24 (CIFAR10) | Target Loss: 0.0000 | G Loss: 2.2188 | D Loss: 0.2938
Client 25 (CIFAR10) | Target Loss: 0.0000 | G Loss: 2.1696 | D Loss: 0.3123
Client 26 (CIFAR10) | Target Loss: 0.0000 | G Loss: 2.1475 | D Loss: 0.3331
Client 27 (CIFAR10) | Target Loss: 0.0000 | G Loss: 2.1020 | D Loss: 0.3619
Client 28 (CIFAR10) | Target Loss: 0.0000 | G Loss: 2.2213 | D Loss: 0.2886
Client 29 (CIFAR10) | Target Loss: 0.0000 | G Loss: 2.1764 | D Loss: 0.3186
Client 30 (CIFAR10) | Target Loss: 0.0000 | G Loss: 2.1815 | D Loss: 0.3128
Client 31 (CIFAR10) | Target Loss: 0.0000 | G Loss: 2.1727 | D Loss: 0.3008
Round 36 | Client 0 | Model: (MLP) | Acc: 95.09%
Round 36 | Client 1 | Model: (CNN) | Acc: 91.25%
Round 36 | Client 2 | Model: (ResNet8) | Acc: 98.19%
Round 36 | Client 3 | Model: (ResNet18) | Acc: 97.96%
Round 36 | Client 4 | Model: (MobileNetV2) | Acc: 95.93%
Round 36 | Client 5 | Model: (MobileNetV3) | Acc: 90.30%
Round 36 | Client 6 | Model: (LeNet) | Acc: 97.81%
Round 36 | Client 7 | Model: (AlexNet) | Acc: 98.84%
Round 36 | Client 8 | Model: (ShuffleNet) | Acc: 84.30%
Round 36 | Client 9 | Model: (SqueezeNet) | Acc: 97.81%
Round 36 | Client 11 | Model: (MLP) | Acc: 80.06%
Round 36 | Client 12 | Model: (CNN) | Acc: 84.66%
Round 36 | Client 13 | Model: (ResNet8) | Acc: 83.52%
Round 36 | Client 14 | Model: (ResNet18) | Acc: 84.18%
Round 36 | Client 15 | Model: (MobileNetV2) | Acc: 84.07%
Round 36 | Client 16 | Model: (MobileNetV3) | Acc: 80.84%
Round 36 | Client 17 | Model: (LeNet) | Acc: 84.26%
Round 36 | Client 18 | Model: (AlexNet) | Acc: 82.42%
Round 36 | Client 19 | Model: (ShuffleNet) | Acc: 83.53%
Round 36 | Client 20 | Model: (SqueezeNet) | Acc: 82.05%
Round 36 | Client 22 | Model: (MLP) | Acc: 41.37%
Round 36 | Client 23 | Model: (CNN) | Acc: 47.91%
Round 36 | Client 24 | Model: (ResNet8) | Acc: 53.43%
Round 36 | Client 25 | Model: (ResNet18) | Acc: 59.82%
Round 36 | Client 26 | Model: (MobileNetV2) | Acc: 38.72%
Round 36 | Client 27 | Model: (MobileNetV3) | Acc: 45.60%
Round 36 | Client 28 | Model: (LeNet) | Acc: 52.59%
Round 36 | Client 29 | Model: (AlexNet) | Acc: 57.08%
Round 36 | Client 30 | Model: (ShuffleNet) | Acc: 36.18%
Round 36 | Client 31 | Model: (SqueezeNet) | Acc: 40.45%
Epoch 0 Loss: 15.0642
Epoch 1 Loss: 13.6894
Epoch 2 Loss: 12.2949
Epoch 3 Loss: 12.9516
Epoch 4 Loss: 12.2593
[Server] Global Inference Model Acc (MNIST) (Round 36): 92.74% (Tested on 9095 samples)
[Server] Global Inference Model Acc (EMNIST) (Round 36): 57.02% (Tested on 105779 samples)
[Server] Global Inference Model Acc (CIFAR10) (Round 36): 52.69% (Tested on 9100 samples)
[Server] Global Inference Model Acc (Mix) (Round 36): 59.32% (Tested on 123974 samples)
Selected client ids: [0, 1, 2, 3, 4, 5, 6, 7, 8, 9, 10, 11, 12, 13, 14, 15, 16, 17, 18, 19, 20, 21, 22, 23, 24, 25, 26, 27, 28, 29]
--- Round 37 ---
Client 0 (MNIST) | Target Loss: 0.0000 | G Loss: 4.0526 | D Loss: 0.1905
Client 1 (MNIST) | Target Loss: 0.0000 | G Loss: 4.1763 | D Loss: 0.1674
Client 2 (MNIST) | Target Loss: 0.0000 | G Loss: 6.3544 | D Loss: 0.0043
Client 3 (MNIST) | Target Loss: 0.0000 | G Loss: 4.8694 | D Loss: 0.0769
Client 4 (MNIST) | Target Loss: 0.0000 | G Loss: 5.6757 | D Loss: 0.0252
Client 5 (MNIST) | Target Loss: 0.0000 | G Loss: 5.2326 | D Loss: 0.0538
Client 6 (MNIST) | Target Loss: 0.0000 | G Loss: 3.9507 | D Loss: 0.2073
Client 7 (MNIST) | Target Loss: 0.0000 | G Loss: 3.6410 | D Loss: 0.2345
Client 8 (MNIST) | Target Loss: 0.0000 | G Loss: 5.3812 | D Loss: 0.0355
Client 9 (MNIST) | Target Loss: 0.0000 | G Loss: 5.2772 | D Loss: 0.0511
Client 11 (EMNIST) | Target Loss: 0.0000 | G Loss: 8.8511 | D Loss: 0.0153
Client 12 (EMNIST) | Target Loss: 0.0000 | G Loss: 7.6725 | D Loss: 0.0245
Client 13 (EMNIST) | Target Loss: 0.0000 | G Loss: 8.1463 | D Loss: 0.0166
Client 14 (EMNIST) | Target Loss: 0.0000 | G Loss: 8.3158 | D Loss: 0.0204
Client 15 (EMNIST) | Target Loss: 0.0000 | G Loss: 8.1712 | D Loss: 0.0079
Client 16 (EMNIST) | Target Loss: 0.0000 | G Loss: 8.5876 | D Loss: 0.0168
Client 17 (EMNIST) | Target Loss: 0.0000 | G Loss: 8.1739 | D Loss: 0.0199
Client 18 (EMNIST) | Target Loss: 0.0000 | G Loss: 9.7572 | D Loss: 0.0071
Client 19 (EMNIST) | Target Loss: 0.0000 | G Loss: 8.2065 | D Loss: 0.0145
Client 20 (EMNIST) | Target Loss: 0.0000 | G Loss: 8.6512 | D Loss: 0.0130
Client 22 (CIFAR10) | Target Loss: 0.0000 | G Loss: 2.1293 | D Loss: 0.3641
Client 23 (CIFAR10) | Target Loss: 0.0000 | G Loss: 2.2003 | D Loss: 0.3325
Client 24 (CIFAR10) | Target Loss: 0.0000 | G Loss: 2.1095 | D Loss: 0.3937
Client 25 (CIFAR10) | Target Loss: 0.0000 | G Loss: 2.2294 | D Loss: 0.2895
Client 26 (CIFAR10) | Target Loss: 0.0000 | G Loss: 2.1936 | D Loss: 0.3281
Client 27 (CIFAR10) | Target Loss: 0.0000 | G Loss: 2.2637 | D Loss: 0.2740
Client 28 (CIFAR10) | Target Loss: 0.0000 | G Loss: 2.2195 | D Loss: 0.2994
Client 29 (CIFAR10) | Target Loss: 0.0000 | G Loss: 2.2423 | D Loss: 0.2869
Client 30 (CIFAR10) | Target Loss: 0.0000 | G Loss: 2.1908 | D Loss: 0.3065
Client 31 (CIFAR10) | Target Loss: 0.0000 | G Loss: 2.1679 | D Loss: 0.3255
Round 37 | Client 0 | Model: (MLP) | Acc: 95.09%
Round 37 | Client 1 | Model: (CNN) | Acc: 91.25%
Round 37 | Client 2 | Model: (ResNet8) | Acc: 98.19%
Round 37 | Client 3 | Model: (ResNet18) | Acc: 97.96%
Round 37 | Client 4 | Model: (MobileNetV2) | Acc: 95.93%
Round 37 | Client 5 | Model: (MobileNetV3) | Acc: 90.30%
Round 37 | Client 6 | Model: (LeNet) | Acc: 97.81%
Round 37 | Client 7 | Model: (AlexNet) | Acc: 98.84%
Round 37 | Client 8 | Model: (ShuffleNet) | Acc: 84.30%
Round 37 | Client 9 | Model: (SqueezeNet) | Acc: 97.81%
Round 37 | Client 11 | Model: (MLP) | Acc: 80.06%
Round 37 | Client 12 | Model: (CNN) | Acc: 84.66%
Round 37 | Client 13 | Model: (ResNet8) | Acc: 83.52%
Round 37 | Client 14 | Model: (ResNet18) | Acc: 84.18%
Round 37 | Client 15 | Model: (MobileNetV2) | Acc: 84.07%
Round 37 | Client 16 | Model: (MobileNetV3) | Acc: 80.84%
Round 37 | Client 17 | Model: (LeNet) | Acc: 84.26%
Round 37 | Client 18 | Model: (AlexNet) | Acc: 82.42%
Round 37 | Client 19 | Model: (ShuffleNet) | Acc: 83.53%
Round 37 | Client 20 | Model: (SqueezeNet) | Acc: 82.05%
Round 37 | Client 22 | Model: (MLP) | Acc: 41.37%
Round 37 | Client 23 | Model: (CNN) | Acc: 47.91%
Round 37 | Client 24 | Model: (ResNet8) | Acc: 53.43%
Round 37 | Client 25 | Model: (ResNet18) | Acc: 59.82%
Round 37 | Client 26 | Model: (MobileNetV2) | Acc: 38.72%
Round 37 | Client 27 | Model: (MobileNetV3) | Acc: 45.60%
Round 37 | Client 28 | Model: (LeNet) | Acc: 52.59%
Round 37 | Client 29 | Model: (AlexNet) | Acc: 57.08%
Round 37 | Client 30 | Model: (ShuffleNet) | Acc: 36.18%
Round 37 | Client 31 | Model: (SqueezeNet) | Acc: 40.45%
Epoch 0 Loss: 13.7762
Epoch 1 Loss: 11.5778
Epoch 2 Loss: 12.0137
Epoch 3 Loss: 13.1365
Epoch 4 Loss: 12.2589
[Server] Global Inference Model Acc (MNIST) (Round 37): 94.00% (Tested on 9095 samples)
[Server] Global Inference Model Acc (EMNIST) (Round 37): 56.95% (Tested on 105779 samples)
[Server] Global Inference Model Acc (CIFAR10) (Round 37): 53.16% (Tested on 9100 samples)
[Server] Global Inference Model Acc (Mix) (Round 37): 59.39% (Tested on 123974 samples)
Selected client ids: [0, 1, 2, 3, 4, 5, 6, 7, 8, 9, 10, 11, 12, 13, 14, 15, 16, 17, 18, 19, 20, 21, 22, 23, 24, 25, 26, 27, 28, 29]
--- Round 38 ---
Client 0 (MNIST) | Target Loss: 0.0000 | G Loss: 6.4489 | D Loss: 0.0034
Client 1 (MNIST) | Target Loss: 0.0000 | G Loss: 6.4277 | D Loss: 0.0033
Client 2 (MNIST) | Target Loss: 0.0000 | G Loss: 6.5345 | D Loss: 0.0030
Client 3 (MNIST) | Target Loss: 0.0000 | G Loss: 4.5123 | D Loss: 0.1229
Client 4 (MNIST) | Target Loss: 0.0000 | G Loss: 6.5456 | D Loss: 0.0032
Client 5 (MNIST) | Target Loss: 0.0000 | G Loss: 5.5665 | D Loss: 0.0454
Client 6 (MNIST) | Target Loss: 0.0000 | G Loss: 6.3623 | D Loss: 0.0036
Client 7 (MNIST) | Target Loss: 0.0000 | G Loss: 5.5411 | D Loss: 0.0373
Client 8 (MNIST) | Target Loss: 0.0000 | G Loss: 4.7884 | D Loss: 0.0749
Client 9 (MNIST) | Target Loss: 0.0000 | G Loss: 5.0138 | D Loss: 0.0758
Client 11 (EMNIST) | Target Loss: 0.0000 | G Loss: 8.0056 | D Loss: 0.0171
Client 12 (EMNIST) | Target Loss: 0.0000 | G Loss: 8.2077 | D Loss: 0.0188
Client 13 (EMNIST) | Target Loss: 0.0000 | G Loss: 8.6297 | D Loss: 0.0116
Client 14 (EMNIST) | Target Loss: 0.0000 | G Loss: 8.9431 | D Loss: 0.0089
Client 15 (EMNIST) | Target Loss: 0.0000 | G Loss: 8.2082 | D Loss: 0.0183
Client 16 (EMNIST) | Target Loss: 0.0000 | G Loss: 8.0647 | D Loss: 0.0212
Client 17 (EMNIST) | Target Loss: 0.0000 | G Loss: 8.1195 | D Loss: 0.0241
Client 18 (EMNIST) | Target Loss: 0.0000 | G Loss: 7.9540 | D Loss: 0.0212
Client 19 (EMNIST) | Target Loss: 0.0000 | G Loss: 8.4197 | D Loss: 0.0184
Client 20 (EMNIST) | Target Loss: 0.0000 | G Loss: 8.3015 | D Loss: 0.0201
Client 22 (CIFAR10) | Target Loss: 0.0000 | G Loss: 2.2456 | D Loss: 0.2968
Client 23 (CIFAR10) | Target Loss: 0.0000 | G Loss: 2.2971 | D Loss: 0.2842
Client 24 (CIFAR10) | Target Loss: 0.0000 | G Loss: 2.2252 | D Loss: 0.3057
Client 25 (CIFAR10) | Target Loss: 0.0000 | G Loss: 2.1575 | D Loss: 0.3274
Client 26 (CIFAR10) | Target Loss: 0.0000 | G Loss: 2.2632 | D Loss: 0.2912
Client 27 (CIFAR10) | Target Loss: 0.0000 | G Loss: 2.1057 | D Loss: 0.4009
Client 28 (CIFAR10) | Target Loss: 0.0000 | G Loss: 2.1913 | D Loss: 0.3236
Client 29 (CIFAR10) | Target Loss: 0.0000 | G Loss: 2.2822 | D Loss: 0.2835
Client 30 (CIFAR10) | Target Loss: 0.0000 | G Loss: 2.2533 | D Loss: 0.2944
Client 31 (CIFAR10) | Target Loss: 0.0000 | G Loss: 2.1347 | D Loss: 0.3452
Round 38 | Client 0 | Model: (MLP) | Acc: 95.09%
Round 38 | Client 1 | Model: (CNN) | Acc: 91.25%
Round 38 | Client 2 | Model: (ResNet8) | Acc: 98.19%
Round 38 | Client 3 | Model: (ResNet18) | Acc: 97.96%
Round 38 | Client 4 | Model: (MobileNetV2) | Acc: 95.93%
Round 38 | Client 5 | Model: (MobileNetV3) | Acc: 90.30%
Round 38 | Client 6 | Model: (LeNet) | Acc: 97.81%
Round 38 | Client 7 | Model: (AlexNet) | Acc: 98.84%
Round 38 | Client 8 | Model: (ShuffleNet) | Acc: 84.30%
Round 38 | Client 9 | Model: (SqueezeNet) | Acc: 97.81%
Round 38 | Client 11 | Model: (MLP) | Acc: 80.06%
Round 38 | Client 12 | Model: (CNN) | Acc: 84.66%
Round 38 | Client 13 | Model: (ResNet8) | Acc: 83.52%
Round 38 | Client 14 | Model: (ResNet18) | Acc: 84.18%
Round 38 | Client 15 | Model: (MobileNetV2) | Acc: 84.07%
Round 38 | Client 16 | Model: (MobileNetV3) | Acc: 80.84%
Round 38 | Client 17 | Model: (LeNet) | Acc: 84.26%
Round 38 | Client 18 | Model: (AlexNet) | Acc: 82.42%
Round 38 | Client 19 | Model: (ShuffleNet) | Acc: 83.53%
Round 38 | Client 20 | Model: (SqueezeNet) | Acc: 82.05%
Round 38 | Client 22 | Model: (MLP) | Acc: 41.37%
Round 38 | Client 23 | Model: (CNN) | Acc: 47.91%
Round 38 | Client 24 | Model: (ResNet8) | Acc: 53.43%
Round 38 | Client 25 | Model: (ResNet18) | Acc: 59.82%
Round 38 | Client 26 | Model: (MobileNetV2) | Acc: 38.72%
Round 38 | Client 27 | Model: (MobileNetV3) | Acc: 45.60%
Round 38 | Client 28 | Model: (LeNet) | Acc: 52.59%
Round 38 | Client 29 | Model: (AlexNet) | Acc: 57.08%
Round 38 | Client 30 | Model: (ShuffleNet) | Acc: 36.18%
Round 38 | Client 31 | Model: (SqueezeNet) | Acc: 40.45%
Epoch 0 Loss: 14.4015
Epoch 1 Loss: 12.3608
Epoch 2 Loss: 11.6360
Epoch 3 Loss: 12.0699
Epoch 4 Loss: 12.3733
[Server] Global Inference Model Acc (MNIST) (Round 38): 95.21% (Tested on 9095 samples)
[Server] Global Inference Model Acc (EMNIST) (Round 38): 56.90% (Tested on 105779 samples)
[Server] Global Inference Model Acc (CIFAR10) (Round 38): 52.79% (Tested on 9100 samples)
[Server] Global Inference Model Acc (Mix) (Round 38): 59.41% (Tested on 123974 samples)
Selected client ids: [0, 1, 2, 3, 4, 5, 6, 7, 8, 9, 10, 11, 12, 13, 14, 15, 16, 17, 18, 19, 20, 21, 22, 23, 24, 25, 26, 27, 28, 29]
--- Round 39 ---
Client 0 (MNIST) | Target Loss: 0.0000 | G Loss: 3.9908 | D Loss: 0.1742
Client 1 (MNIST) | Target Loss: 0.0000 | G Loss: 3.8818 | D Loss: 0.2152
Client 2 (MNIST) | Target Loss: 0.0000 | G Loss: 4.0233 | D Loss: 0.2006
Client 3 (MNIST) | Target Loss: 0.0000 | G Loss: 5.6596 | D Loss: 0.0340
Client 4 (MNIST) | Target Loss: 0.0000 | G Loss: 4.2479 | D Loss: 0.1797
Client 5 (MNIST) | Target Loss: 0.0000 | G Loss: 5.0173 | D Loss: 0.1048
Client 6 (MNIST) | Target Loss: 0.0000 | G Loss: 4.0440 | D Loss: 0.1856
Client 7 (MNIST) | Target Loss: 0.0000 | G Loss: 3.8877 | D Loss: 0.2085
Client 8 (MNIST) | Target Loss: 0.0000 | G Loss: 4.3474 | D Loss: 0.1308
Client 9 (MNIST) | Target Loss: 0.0000 | G Loss: 4.1389 | D Loss: 0.1766
Client 11 (EMNIST) | Target Loss: 0.0000 | G Loss: 8.2723 | D Loss: 0.0186
Client 12 (EMNIST) | Target Loss: 0.0000 | G Loss: 9.9958 | D Loss: 0.0076
Client 13 (EMNIST) | Target Loss: 0.0000 | G Loss: 8.3239 | D Loss: 0.0205
Client 14 (EMNIST) | Target Loss: 0.0000 | G Loss: 8.3565 | D Loss: 0.0201
Client 15 (EMNIST) | Target Loss: 0.0000 | G Loss: 8.8439 | D Loss: 0.0165
Client 16 (EMNIST) | Target Loss: 0.0000 | G Loss: 8.2974 | D Loss: 0.0172
Client 17 (EMNIST) | Target Loss: 0.0000 | G Loss: 8.8412 | D Loss: 0.0103
Client 18 (EMNIST) | Target Loss: 0.0000 | G Loss: 10.1995 | D Loss: 0.0028
Client 19 (EMNIST) | Target Loss: 0.0000 | G Loss: 10.9418 | D Loss: 0.0003
Client 20 (EMNIST) | Target Loss: 0.0000 | G Loss: 8.3911 | D Loss: 0.0147
Client 22 (CIFAR10) | Target Loss: 0.0000 | G Loss: 2.2777 | D Loss: 0.2797
Client 23 (CIFAR10) | Target Loss: 0.0000 | G Loss: 2.2653 | D Loss: 0.2947
Client 24 (CIFAR10) | Target Loss: 0.0000 | G Loss: 2.3137 | D Loss: 0.2684
Client 25 (CIFAR10) | Target Loss: 0.0000 | G Loss: 2.2696 | D Loss: 0.2867
Client 26 (CIFAR10) | Target Loss: 0.0000 | G Loss: 2.2431 | D Loss: 0.3153
Client 27 (CIFAR10) | Target Loss: 0.0000 | G Loss: 2.2581 | D Loss: 0.3014
Client 28 (CIFAR10) | Target Loss: 0.0000 | G Loss: 2.1893 | D Loss: 0.3378
Client 29 (CIFAR10) | Target Loss: 0.0000 | G Loss: 2.2928 | D Loss: 0.2828
Client 30 (CIFAR10) | Target Loss: 0.0000 | G Loss: 2.2757 | D Loss: 0.2932
Client 31 (CIFAR10) | Target Loss: 0.0000 | G Loss: 2.2892 | D Loss: 0.2699
Round 39 | Client 0 | Model: (MLP) | Acc: 95.09%
Round 39 | Client 1 | Model: (CNN) | Acc: 91.25%
Round 39 | Client 2 | Model: (ResNet8) | Acc: 98.19%
Round 39 | Client 3 | Model: (ResNet18) | Acc: 97.96%
Round 39 | Client 4 | Model: (MobileNetV2) | Acc: 95.93%
Round 39 | Client 5 | Model: (MobileNetV3) | Acc: 90.30%
Round 39 | Client 6 | Model: (LeNet) | Acc: 97.81%
Round 39 | Client 7 | Model: (AlexNet) | Acc: 98.84%
Round 39 | Client 8 | Model: (ShuffleNet) | Acc: 84.30%
Round 39 | Client 9 | Model: (SqueezeNet) | Acc: 97.81%
Round 39 | Client 11 | Model: (MLP) | Acc: 80.06%
Round 39 | Client 12 | Model: (CNN) | Acc: 84.66%
Round 39 | Client 13 | Model: (ResNet8) | Acc: 83.52%
Round 39 | Client 14 | Model: (ResNet18) | Acc: 84.18%
Round 39 | Client 15 | Model: (MobileNetV2) | Acc: 84.07%
Round 39 | Client 16 | Model: (MobileNetV3) | Acc: 80.84%
Round 39 | Client 17 | Model: (LeNet) | Acc: 84.26%
Round 39 | Client 18 | Model: (AlexNet) | Acc: 82.42%
Round 39 | Client 19 | Model: (ShuffleNet) | Acc: 83.53%
Round 39 | Client 20 | Model: (SqueezeNet) | Acc: 82.05%
Round 39 | Client 22 | Model: (MLP) | Acc: 41.37%
Round 39 | Client 23 | Model: (CNN) | Acc: 47.91%
Round 39 | Client 24 | Model: (ResNet8) | Acc: 53.43%
Round 39 | Client 25 | Model: (ResNet18) | Acc: 59.82%
Round 39 | Client 26 | Model: (MobileNetV2) | Acc: 38.72%
Round 39 | Client 27 | Model: (MobileNetV3) | Acc: 45.60%
Round 39 | Client 28 | Model: (LeNet) | Acc: 52.59%
Round 39 | Client 29 | Model: (AlexNet) | Acc: 57.08%
Round 39 | Client 30 | Model: (ShuffleNet) | Acc: 36.18%
Round 39 | Client 31 | Model: (SqueezeNet) | Acc: 40.45%
Epoch 0 Loss: 13.4348
Epoch 1 Loss: 11.9926
Epoch 2 Loss: 11.3488
Epoch 3 Loss: 10.9447
Epoch 4 Loss: 10.4790
[Server] Global Inference Model Acc (MNIST) (Round 39): 94.98% (Tested on 9095 samples)
[Server] Global Inference Model Acc (EMNIST) (Round 39): 58.38% (Tested on 105779 samples)
[Server] Global Inference Model Acc (CIFAR10) (Round 39): 53.38% (Tested on 9100 samples)
[Server] Global Inference Model Acc (Mix) (Round 39): 60.70% (Tested on 123974 samples)
Selected client ids: [0, 1, 2, 3, 4, 5, 6, 7, 8, 9, 10, 11, 12, 13, 14, 15, 16, 17, 18, 19, 20, 21, 22, 23, 24, 25, 26, 27, 28, 29]
--- Round 40 ---
Client 0 (MNIST) | Target Loss: 0.0000 | G Loss: 5.5556 | D Loss: 0.0346
Client 1 (MNIST) | Target Loss: 0.0000 | G Loss: 5.7531 | D Loss: 0.0223
Client 2 (MNIST) | Target Loss: 0.0000 | G Loss: 6.1637 | D Loss: 0.0060
Client 3 (MNIST) | Target Loss: 0.0000 | G Loss: 4.9354 | D Loss: 0.0960
Client 4 (MNIST) | Target Loss: 0.0000 | G Loss: 6.1197 | D Loss: 0.0057
Client 5 (MNIST) | Target Loss: 0.0000 | G Loss: 4.5647 | D Loss: 0.1114
Client 6 (MNIST) | Target Loss: 0.0000 | G Loss: 6.0858 | D Loss: 0.0099
Client 7 (MNIST) | Target Loss: 0.0000 | G Loss: 5.9233 | D Loss: 0.0111
Client 8 (MNIST) | Target Loss: 0.0000 | G Loss: 6.1643 | D Loss: 0.0058
Client 9 (MNIST) | Target Loss: 0.0000 | G Loss: 5.9430 | D Loss: 0.0149
Client 11 (EMNIST) | Target Loss: 0.0000 | G Loss: 8.5411 | D Loss: 0.0135
Client 12 (EMNIST) | Target Loss: 0.0000 | G Loss: 8.7316 | D Loss: 0.0143
Client 13 (EMNIST) | Target Loss: 0.0000 | G Loss: 8.2674 | D Loss: 0.0184
Client 14 (EMNIST) | Target Loss: 0.0000 | G Loss: 9.2539 | D Loss: 0.0082
Client 15 (EMNIST) | Target Loss: 0.0000 | G Loss: 8.4458 | D Loss: 0.0148
Client 16 (EMNIST) | Target Loss: 0.0000 | G Loss: 8.0696 | D Loss: 0.0197
Client 17 (EMNIST) | Target Loss: 0.0000 | G Loss: 9.0665 | D Loss: 0.0124
Client 18 (EMNIST) | Target Loss: 0.0000 | G Loss: 8.3063 | D Loss: 0.0199
Client 19 (EMNIST) | Target Loss: 0.0000 | G Loss: 8.4910 | D Loss: 0.0226
Client 20 (EMNIST) | Target Loss: 0.0000 | G Loss: 8.2699 | D Loss: 0.0157
Client 22 (CIFAR10) | Target Loss: 0.0000 | G Loss: 2.2196 | D Loss: 0.3340
Client 23 (CIFAR10) | Target Loss: 0.0000 | G Loss: 2.3159 | D Loss: 0.2916
Client 24 (CIFAR10) | Target Loss: 0.0000 | G Loss: 2.2635 | D Loss: 0.3184
Client 25 (CIFAR10) | Target Loss: 0.0000 | G Loss: 2.2986 | D Loss: 0.2948
Client 26 (CIFAR10) | Target Loss: 0.0000 | G Loss: 2.3722 | D Loss: 0.2649
Client 27 (CIFAR10) | Target Loss: 0.0000 | G Loss: 2.2093 | D Loss: 0.3526
Client 28 (CIFAR10) | Target Loss: 0.0000 | G Loss: 2.2709 | D Loss: 0.2831
Client 29 (CIFAR10) | Target Loss: 0.0000 | G Loss: 2.2703 | D Loss: 0.3027
Client 30 (CIFAR10) | Target Loss: 0.0000 | G Loss: 2.3104 | D Loss: 0.2981
Client 31 (CIFAR10) | Target Loss: 0.0000 | G Loss: 2.2663 | D Loss: 0.3164
Round 40 | Client 0 | Model: (MLP) | Acc: 95.09%
Round 40 | Client 1 | Model: (CNN) | Acc: 91.25%
Round 40 | Client 2 | Model: (ResNet8) | Acc: 98.19%
Round 40 | Client 3 | Model: (ResNet18) | Acc: 97.96%
Round 40 | Client 4 | Model: (MobileNetV2) | Acc: 95.93%
Round 40 | Client 5 | Model: (MobileNetV3) | Acc: 90.30%
Round 40 | Client 6 | Model: (LeNet) | Acc: 97.81%
Round 40 | Client 7 | Model: (AlexNet) | Acc: 98.84%
Round 40 | Client 8 | Model: (ShuffleNet) | Acc: 84.30%
Round 40 | Client 9 | Model: (SqueezeNet) | Acc: 97.81%
Round 40 | Client 11 | Model: (MLP) | Acc: 80.06%
Round 40 | Client 12 | Model: (CNN) | Acc: 84.66%
Round 40 | Client 13 | Model: (ResNet8) | Acc: 83.52%
Round 40 | Client 14 | Model: (ResNet18) | Acc: 84.18%
Round 40 | Client 15 | Model: (MobileNetV2) | Acc: 84.07%
Round 40 | Client 16 | Model: (MobileNetV3) | Acc: 80.84%
Round 40 | Client 17 | Model: (LeNet) | Acc: 84.26%
Round 40 | Client 18 | Model: (AlexNet) | Acc: 82.42%
Round 40 | Client 19 | Model: (ShuffleNet) | Acc: 83.53%
Round 40 | Client 20 | Model: (SqueezeNet) | Acc: 82.05%
Round 40 | Client 22 | Model: (MLP) | Acc: 41.37%
Round 40 | Client 23 | Model: (CNN) | Acc: 47.91%
Round 40 | Client 24 | Model: (ResNet8) | Acc: 53.43%
Round 40 | Client 25 | Model: (ResNet18) | Acc: 59.82%
Round 40 | Client 26 | Model: (MobileNetV2) | Acc: 38.72%
Round 40 | Client 27 | Model: (MobileNetV3) | Acc: 45.60%
Round 40 | Client 28 | Model: (LeNet) | Acc: 52.59%
Round 40 | Client 29 | Model: (AlexNet) | Acc: 57.08%
Round 40 | Client 30 | Model: (ShuffleNet) | Acc: 36.18%
Round 40 | Client 31 | Model: (SqueezeNet) | Acc: 40.45%
Epoch 0 Loss: 13.2719
Epoch 1 Loss: 12.0982
Epoch 2 Loss: 11.6116
Epoch 3 Loss: 11.5356
Epoch 4 Loss: 11.0774
[Server] Global Inference Model Acc (MNIST) (Round 40): 94.99% (Tested on 9095 samples)
[Server] Global Inference Model Acc (EMNIST) (Round 40): 60.42% (Tested on 105779 samples)
[Server] Global Inference Model Acc (CIFAR10) (Round 40): 55.74% (Tested on 9100 samples)
[Server] Global Inference Model Acc (Mix) (Round 40): 62.61% (Tested on 123974 samples)
Selected client ids: [0, 1, 2, 3, 4, 5, 6, 7, 8, 9, 10, 11, 12, 13, 14, 15, 16, 17, 18, 19, 20, 21, 22, 23, 24, 25, 26, 27, 28, 29]
--- Round 41 ---
Client 0 (MNIST) | Target Loss: 0.0000 | G Loss: 6.5858 | D Loss: 0.0029
Client 1 (MNIST) | Target Loss: 0.0000 | G Loss: 6.5010 | D Loss: 0.0032
Client 2 (MNIST) | Target Loss: 0.0000 | G Loss: 6.5229 | D Loss: 0.0030
Client 3 (MNIST) | Target Loss: 0.0000 | G Loss: 5.8665 | D Loss: 0.0338
Client 4 (MNIST) | Target Loss: 0.0000 | G Loss: 6.6253 | D Loss: 0.0029
Client 5 (MNIST) | Target Loss: 0.0000 | G Loss: 6.1014 | D Loss: 0.0302
Client 6 (MNIST) | Target Loss: 0.0000 | G Loss: 6.6099 | D Loss: 0.0030
Client 7 (MNIST) | Target Loss: 0.0000 | G Loss: 6.5648 | D Loss: 0.0031
Client 8 (MNIST) | Target Loss: 0.0000 | G Loss: 4.5873 | D Loss: 0.1236
Client 9 (MNIST) | Target Loss: 0.0000 | G Loss: 6.4702 | D Loss: 0.0031
Client 11 (EMNIST) | Target Loss: 0.0000 | G Loss: 7.7580 | D Loss: 0.0229
Client 12 (EMNIST) | Target Loss: 0.0000 | G Loss: 8.5262 | D Loss: 0.0172
Client 13 (EMNIST) | Target Loss: 0.0000 | G Loss: 9.0833 | D Loss: 0.0139
Client 14 (EMNIST) | Target Loss: 0.0000 | G Loss: 8.4283 | D Loss: 0.0200
Client 15 (EMNIST) | Target Loss: 0.0000 | G Loss: 9.0071 | D Loss: 0.0137
Client 16 (EMNIST) | Target Loss: 0.0000 | G Loss: 8.1450 | D Loss: 0.0197
Client 17 (EMNIST) | Target Loss: 0.0000 | G Loss: 8.6522 | D Loss: 0.0163
Client 18 (EMNIST) | Target Loss: 0.0000 | G Loss: 8.4382 | D Loss: 0.0216
Client 19 (EMNIST) | Target Loss: 0.0000 | G Loss: 8.8579 | D Loss: 0.0141
Client 20 (EMNIST) | Target Loss: 0.0000 | G Loss: 9.6431 | D Loss: 0.0129
Client 22 (CIFAR10) | Target Loss: 0.0000 | G Loss: 2.3443 | D Loss: 0.2698
Client 23 (CIFAR10) | Target Loss: 0.0000 | G Loss: 2.2087 | D Loss: 0.3653
Client 24 (CIFAR10) | Target Loss: 0.0000 | G Loss: 2.2228 | D Loss: 0.3311
Client 25 (CIFAR10) | Target Loss: 0.0000 | G Loss: 2.2967 | D Loss: 0.2948
Client 26 (CIFAR10) | Target Loss: 0.0000 | G Loss: 2.2770 | D Loss: 0.3178
Client 27 (CIFAR10) | Target Loss: 0.0000 | G Loss: 2.3324 | D Loss: 0.2649
Client 28 (CIFAR10) | Target Loss: 0.0000 | G Loss: 2.3307 | D Loss: 0.2819
Client 29 (CIFAR10) | Target Loss: 0.0000 | G Loss: 2.3132 | D Loss: 0.2797
Client 30 (CIFAR10) | Target Loss: 0.0000 | G Loss: 2.3337 | D Loss: 0.2867
Client 31 (CIFAR10) | Target Loss: 0.0000 | G Loss: 1.7137 | D Loss: 0.5875
Round 41 | Client 0 | Model: (MLP) | Acc: 95.09%
Round 41 | Client 1 | Model: (CNN) | Acc: 91.25%
Round 41 | Client 2 | Model: (ResNet8) | Acc: 98.19%
Round 41 | Client 3 | Model: (ResNet18) | Acc: 97.96%
Round 41 | Client 4 | Model: (MobileNetV2) | Acc: 95.93%
Round 41 | Client 5 | Model: (MobileNetV3) | Acc: 90.30%
Round 41 | Client 6 | Model: (LeNet) | Acc: 97.81%
Round 41 | Client 7 | Model: (AlexNet) | Acc: 98.84%
Round 41 | Client 8 | Model: (ShuffleNet) | Acc: 84.30%
Round 41 | Client 9 | Model: (SqueezeNet) | Acc: 97.81%
Round 41 | Client 11 | Model: (MLP) | Acc: 80.06%
Round 41 | Client 12 | Model: (CNN) | Acc: 84.66%
Round 41 | Client 13 | Model: (ResNet8) | Acc: 83.52%
Round 41 | Client 14 | Model: (ResNet18) | Acc: 84.18%
Round 41 | Client 15 | Model: (MobileNetV2) | Acc: 84.07%
Round 41 | Client 16 | Model: (MobileNetV3) | Acc: 80.84%
Round 41 | Client 17 | Model: (LeNet) | Acc: 84.26%
Round 41 | Client 18 | Model: (AlexNet) | Acc: 82.42%
Round 41 | Client 19 | Model: (ShuffleNet) | Acc: 83.53%
Round 41 | Client 20 | Model: (SqueezeNet) | Acc: 82.05%
Round 41 | Client 22 | Model: (MLP) | Acc: 41.37%
Round 41 | Client 23 | Model: (CNN) | Acc: 47.91%
Round 41 | Client 24 | Model: (ResNet8) | Acc: 53.43%
Round 41 | Client 25 | Model: (ResNet18) | Acc: 59.82%
Round 41 | Client 26 | Model: (MobileNetV2) | Acc: 38.72%
Round 41 | Client 27 | Model: (MobileNetV3) | Acc: 45.60%
Round 41 | Client 28 | Model: (LeNet) | Acc: 52.59%
Round 41 | Client 29 | Model: (AlexNet) | Acc: 57.08%
Round 41 | Client 30 | Model: (ShuffleNet) | Acc: 36.18%
Round 41 | Client 31 | Model: (SqueezeNet) | Acc: 40.45%
Epoch 0 Loss: 13.3075
Epoch 1 Loss: 12.2081
Epoch 2 Loss: 11.8379
Epoch 3 Loss: 10.5792
Epoch 4 Loss: 11.1401
[Server] Global Inference Model Acc (MNIST) (Round 41): 93.32% (Tested on 9095 samples)
[Server] Global Inference Model Acc (EMNIST) (Round 41): 52.53% (Tested on 105779 samples)
[Server] Global Inference Model Acc (CIFAR10) (Round 41): 52.03% (Tested on 9100 samples)
[Server] Global Inference Model Acc (Mix) (Round 41): 55.48% (Tested on 123974 samples)
Selected client ids: [0, 1, 2, 3, 4, 5, 6, 7, 8, 9, 10, 11, 12, 13, 14, 15, 16, 17, 18, 19, 20, 21, 22, 23, 24, 25, 26, 27, 28, 29]
--- Round 42 ---
Client 0 (MNIST) | Target Loss: 0.0000 | G Loss: 5.6808 | D Loss: 0.0297
Client 1 (MNIST) | Target Loss: 0.0000 | G Loss: 4.9843 | D Loss: 0.0695
Client 2 (MNIST) | Target Loss: 0.0000 | G Loss: 5.5892 | D Loss: 0.0451
Client 3 (MNIST) | Target Loss: 0.0000 | G Loss: 4.4710 | D Loss: 0.1199
Client 4 (MNIST) | Target Loss: 0.0000 | G Loss: 4.3681 | D Loss: 0.1524
Client 5 (MNIST) | Target Loss: 0.0000 | G Loss: 5.7051 | D Loss: 0.0216
Client 6 (MNIST) | Target Loss: 0.0000 | G Loss: 4.1254 | D Loss: 0.1736
Client 7 (MNIST) | Target Loss: 0.0000 | G Loss: 5.0673 | D Loss: 0.0858
Client 8 (MNIST) | Target Loss: 0.0000 | G Loss: 4.3918 | D Loss: 0.1137
Client 9 (MNIST) | Target Loss: 0.0000 | G Loss: 4.4050 | D Loss: 0.1330
Client 11 (EMNIST) | Target Loss: 0.0000 | G Loss: 8.9176 | D Loss: 0.0097
Client 12 (EMNIST) | Target Loss: 0.0000 | G Loss: 8.5027 | D Loss: 0.0137
Client 13 (EMNIST) | Target Loss: 0.0000 | G Loss: 8.5226 | D Loss: 0.0136
Client 14 (EMNIST) | Target Loss: 0.0000 | G Loss: 9.2841 | D Loss: 0.0147
Client 15 (EMNIST) | Target Loss: 0.0000 | G Loss: 9.2288 | D Loss: 0.0144
Client 16 (EMNIST) | Target Loss: 0.0000 | G Loss: 8.2394 | D Loss: 0.0174
Client 17 (EMNIST) | Target Loss: 0.0000 | G Loss: 8.3334 | D Loss: 0.0172
Client 18 (EMNIST) | Target Loss: 0.0000 | G Loss: 8.6309 | D Loss: 0.0136
Client 19 (EMNIST) | Target Loss: 0.0000 | G Loss: 8.5706 | D Loss: 0.0135
Client 20 (EMNIST) | Target Loss: 0.0000 | G Loss: 9.2035 | D Loss: 0.0101
Client 22 (CIFAR10) | Target Loss: 0.0000 | G Loss: 2.2921 | D Loss: 0.2944
Client 23 (CIFAR10) | Target Loss: 0.0000 | G Loss: 2.3487 | D Loss: 0.2829
Client 24 (CIFAR10) | Target Loss: 0.0000 | G Loss: 2.2992 | D Loss: 0.2934
Client 25 (CIFAR10) | Target Loss: 0.0000 | G Loss: 2.3383 | D Loss: 0.2760
Client 26 (CIFAR10) | Target Loss: 0.0000 | G Loss: 2.3531 | D Loss: 0.2800
Client 27 (CIFAR10) | Target Loss: 0.0000 | G Loss: 2.2524 | D Loss: 0.3279
Client 28 (CIFAR10) | Target Loss: 0.0000 | G Loss: 2.3502 | D Loss: 0.2829
Client 29 (CIFAR10) | Target Loss: 0.0000 | G Loss: 2.3149 | D Loss: 0.3096
Client 30 (CIFAR10) | Target Loss: 0.0000 | G Loss: 2.3132 | D Loss: 0.2962
Client 31 (CIFAR10) | Target Loss: 0.0000 | G Loss: 2.3899 | D Loss: 0.2426
Round 42 | Client 0 | Model: (MLP) | Acc: 95.09%
Round 42 | Client 1 | Model: (CNN) | Acc: 91.25%
Round 42 | Client 2 | Model: (ResNet8) | Acc: 98.19%
Round 42 | Client 3 | Model: (ResNet18) | Acc: 97.96%
Round 42 | Client 4 | Model: (MobileNetV2) | Acc: 95.93%
Round 42 | Client 5 | Model: (MobileNetV3) | Acc: 90.30%
Round 42 | Client 6 | Model: (LeNet) | Acc: 97.81%
Round 42 | Client 7 | Model: (AlexNet) | Acc: 98.84%
Round 42 | Client 8 | Model: (ShuffleNet) | Acc: 84.30%
Round 42 | Client 9 | Model: (SqueezeNet) | Acc: 97.81%
Round 42 | Client 11 | Model: (MLP) | Acc: 80.06%
Round 42 | Client 12 | Model: (CNN) | Acc: 84.66%
Round 42 | Client 13 | Model: (ResNet8) | Acc: 83.52%
Round 42 | Client 14 | Model: (ResNet18) | Acc: 84.18%
Round 42 | Client 15 | Model: (MobileNetV2) | Acc: 84.07%
Round 42 | Client 16 | Model: (MobileNetV3) | Acc: 80.84%
Round 42 | Client 17 | Model: (LeNet) | Acc: 84.26%
Round 42 | Client 18 | Model: (AlexNet) | Acc: 82.42%
Round 42 | Client 19 | Model: (ShuffleNet) | Acc: 83.53%
Round 42 | Client 20 | Model: (SqueezeNet) | Acc: 82.05%
Round 42 | Client 22 | Model: (MLP) | Acc: 41.37%
Round 42 | Client 23 | Model: (CNN) | Acc: 47.91%
Round 42 | Client 24 | Model: (ResNet8) | Acc: 53.43%
Round 42 | Client 25 | Model: (ResNet18) | Acc: 59.82%
Round 42 | Client 26 | Model: (MobileNetV2) | Acc: 38.72%
Round 42 | Client 27 | Model: (MobileNetV3) | Acc: 45.60%
Round 42 | Client 28 | Model: (LeNet) | Acc: 52.59%
Round 42 | Client 29 | Model: (AlexNet) | Acc: 57.08%
Round 42 | Client 30 | Model: (ShuffleNet) | Acc: 36.18%
Round 42 | Client 31 | Model: (SqueezeNet) | Acc: 40.45%
Epoch 0 Loss: 12.4809
Epoch 1 Loss: 10.2674
Epoch 2 Loss: 10.7790
Epoch 3 Loss: 10.7784
Epoch 4 Loss: 10.1129
[Server] Global Inference Model Acc (MNIST) (Round 42): 94.18% (Tested on 9095 samples)
[Server] Global Inference Model Acc (EMNIST) (Round 42): 51.95% (Tested on 105779 samples)
[Server] Global Inference Model Acc (CIFAR10) (Round 42): 56.56% (Tested on 9100 samples)
[Server] Global Inference Model Acc (Mix) (Round 42): 55.39% (Tested on 123974 samples)
Selected client ids: [0, 1, 2, 3, 4, 5, 6, 7, 8, 9, 10, 11, 12, 13, 14, 15, 16, 17, 18, 19, 20, 21, 22, 23, 24, 25, 26, 27, 28, 29]
--- Round 43 ---
Client 0 (MNIST) | Target Loss: 0.0000 | G Loss: 3.8226 | D Loss: 0.2056
Client 1 (MNIST) | Target Loss: 0.0000 | G Loss: 4.3253 | D Loss: 0.1507
Client 2 (MNIST) | Target Loss: 0.0000 | G Loss: 5.2686 | D Loss: 0.0990
Client 3 (MNIST) | Target Loss: 0.0000 | G Loss: 5.5755 | D Loss: 0.0522
Client 4 (MNIST) | Target Loss: 0.0000 | G Loss: 5.7896 | D Loss: 0.0347
Client 5 (MNIST) | Target Loss: 0.0000 | G Loss: 4.3276 | D Loss: 0.1536
Client 6 (MNIST) | Target Loss: 0.0000 | G Loss: 5.8445 | D Loss: 0.0246
Client 7 (MNIST) | Target Loss: 0.0000 | G Loss: 5.3013 | D Loss: 0.0718
Client 8 (MNIST) | Target Loss: 0.0000 | G Loss: 5.9254 | D Loss: 0.0219
Client 9 (MNIST) | Target Loss: 0.0000 | G Loss: 5.4141 | D Loss: 0.0604
Client 11 (EMNIST) | Target Loss: 0.0000 | G Loss: 8.4678 | D Loss: 0.0208
Client 12 (EMNIST) | Target Loss: 0.0000 | G Loss: 9.0272 | D Loss: 0.0116
Client 13 (EMNIST) | Target Loss: 0.0000 | G Loss: 8.6591 | D Loss: 0.0193
Client 14 (EMNIST) | Target Loss: 0.0000 | G Loss: 9.1143 | D Loss: 0.0099
Client 15 (EMNIST) | Target Loss: 0.0000 | G Loss: 9.3038 | D Loss: 0.0094
Client 16 (EMNIST) | Target Loss: 0.0000 | G Loss: 8.3118 | D Loss: 0.0155
Client 17 (EMNIST) | Target Loss: 0.0000 | G Loss: 8.2126 | D Loss: 0.0198
Client 18 (EMNIST) | Target Loss: 0.0000 | G Loss: 8.5400 | D Loss: 0.0143
Client 19 (EMNIST) | Target Loss: 0.0000 | G Loss: 8.4495 | D Loss: 0.0172
Client 20 (EMNIST) | Target Loss: 0.0000 | G Loss: 8.0720 | D Loss: 0.0198
Client 22 (CIFAR10) | Target Loss: 0.0000 | G Loss: 2.3664 | D Loss: 0.2591
Client 23 (CIFAR10) | Target Loss: 0.0000 | G Loss: 2.4678 | D Loss: 0.2386
Client 24 (CIFAR10) | Target Loss: 0.0000 | G Loss: 2.4129 | D Loss: 0.2491
Client 25 (CIFAR10) | Target Loss: 0.0000 | G Loss: 2.2699 | D Loss: 0.3227
Client 26 (CIFAR10) | Target Loss: 0.0000 | G Loss: 2.3506 | D Loss: 0.3026
Client 27 (CIFAR10) | Target Loss: 0.0000 | G Loss: 2.4413 | D Loss: 0.2429
Client 28 (CIFAR10) | Target Loss: 0.0000 | G Loss: 2.3907 | D Loss: 0.2502
Client 29 (CIFAR10) | Target Loss: 0.0000 | G Loss: 2.3689 | D Loss: 0.2777
Client 30 (CIFAR10) | Target Loss: 0.0000 | G Loss: 2.3592 | D Loss: 0.2818
Client 31 (CIFAR10) | Target Loss: 0.0000 | G Loss: 2.2805 | D Loss: 0.3153
Round 43 | Client 0 | Model: (MLP) | Acc: 95.09%
Round 43 | Client 1 | Model: (CNN) | Acc: 91.25%
Round 43 | Client 2 | Model: (ResNet8) | Acc: 98.19%
Round 43 | Client 3 | Model: (ResNet18) | Acc: 97.96%
Round 43 | Client 4 | Model: (MobileNetV2) | Acc: 95.93%
Round 43 | Client 5 | Model: (MobileNetV3) | Acc: 90.30%
Round 43 | Client 6 | Model: (LeNet) | Acc: 97.81%
Round 43 | Client 7 | Model: (AlexNet) | Acc: 98.84%
Round 43 | Client 8 | Model: (ShuffleNet) | Acc: 84.30%
Round 43 | Client 9 | Model: (SqueezeNet) | Acc: 97.81%
Round 43 | Client 11 | Model: (MLP) | Acc: 80.06%
Round 43 | Client 12 | Model: (CNN) | Acc: 84.66%
Round 43 | Client 13 | Model: (ResNet8) | Acc: 83.52%
Round 43 | Client 14 | Model: (ResNet18) | Acc: 84.18%
Round 43 | Client 15 | Model: (MobileNetV2) | Acc: 84.07%
Round 43 | Client 16 | Model: (MobileNetV3) | Acc: 80.84%
Round 43 | Client 17 | Model: (LeNet) | Acc: 84.26%
Round 43 | Client 18 | Model: (AlexNet) | Acc: 82.42%
Round 43 | Client 19 | Model: (ShuffleNet) | Acc: 83.53%
Round 43 | Client 20 | Model: (SqueezeNet) | Acc: 82.05%
Round 43 | Client 22 | Model: (MLP) | Acc: 41.37%
Round 43 | Client 23 | Model: (CNN) | Acc: 47.91%
Round 43 | Client 24 | Model: (ResNet8) | Acc: 53.43%
Round 43 | Client 25 | Model: (ResNet18) | Acc: 59.82%
Round 43 | Client 26 | Model: (MobileNetV2) | Acc: 38.72%
Round 43 | Client 27 | Model: (MobileNetV3) | Acc: 45.60%
Round 43 | Client 28 | Model: (LeNet) | Acc: 52.59%
Round 43 | Client 29 | Model: (AlexNet) | Acc: 57.08%
Round 43 | Client 30 | Model: (ShuffleNet) | Acc: 36.18%
Round 43 | Client 31 | Model: (SqueezeNet) | Acc: 40.45%
Epoch 0 Loss: 11.2948
Epoch 1 Loss: 10.9237
Epoch 2 Loss: 10.8783
Epoch 3 Loss: 10.9165
Epoch 4 Loss: 9.5289
[Server] Global Inference Model Acc (MNIST) (Round 43): 95.80% (Tested on 9095 samples)
[Server] Global Inference Model Acc (EMNIST) (Round 43): 57.64% (Tested on 105779 samples)
[Server] Global Inference Model Acc (CIFAR10) (Round 43): 55.03% (Tested on 9100 samples)
[Server] Global Inference Model Acc (Mix) (Round 43): 60.25% (Tested on 123974 samples)
Selected client ids: [0, 1, 2, 3, 4, 5, 6, 7, 8, 9, 10, 11, 12, 13, 14, 15, 16, 17, 18, 19, 20, 21, 22, 23, 24, 25, 26, 27, 28, 29]
--- Round 44 ---
Client 0 (MNIST) | Target Loss: 0.0000 | G Loss: 6.6431 | D Loss: 0.0028
Client 1 (MNIST) | Target Loss: 0.0000 | G Loss: 6.6859 | D Loss: 0.0027
Client 2 (MNIST) | Target Loss: 0.0000 | G Loss: 6.8639 | D Loss: 0.0023
Client 3 (MNIST) | Target Loss: 0.0000 | G Loss: 5.8177 | D Loss: 0.0443
Client 4 (MNIST) | Target Loss: 0.0000 | G Loss: 6.7912 | D Loss: 0.0024
Client 5 (MNIST) | Target Loss: 0.0000 | G Loss: 4.6085 | D Loss: 0.1190
Client 6 (MNIST) | Target Loss: 0.0000 | G Loss: 6.7001 | D Loss: 0.0026
Client 7 (MNIST) | Target Loss: 0.0000 | G Loss: 6.8090 | D Loss: 0.0024
Client 8 (MNIST) | Target Loss: 0.0000 | G Loss: 5.0427 | D Loss: 0.1230
Client 9 (MNIST) | Target Loss: 0.0000 | G Loss: 6.7953 | D Loss: 0.0025
Client 11 (EMNIST) | Target Loss: 0.0000 | G Loss: 8.6378 | D Loss: 0.0103
Client 12 (EMNIST) | Target Loss: 0.0000 | G Loss: 8.1033 | D Loss: 0.0230
Client 13 (EMNIST) | Target Loss: 0.0000 | G Loss: 9.5102 | D Loss: 0.0068
Client 14 (EMNIST) | Target Loss: 0.0000 | G Loss: 9.1186 | D Loss: 0.0121
Client 15 (EMNIST) | Target Loss: 0.0000 | G Loss: 10.0522 | D Loss: 0.0065
Client 16 (EMNIST) | Target Loss: 0.0000 | G Loss: 8.6103 | D Loss: 0.0124
Client 17 (EMNIST) | Target Loss: 0.0000 | G Loss: 8.8004 | D Loss: 0.0148
Client 18 (EMNIST) | Target Loss: 0.0000 | G Loss: 9.5083 | D Loss: 0.0087
Client 19 (EMNIST) | Target Loss: 0.0000 | G Loss: 8.2976 | D Loss: 0.0191
Client 20 (EMNIST) | Target Loss: 0.0000 | G Loss: 9.2233 | D Loss: 0.0106
Client 22 (CIFAR10) | Target Loss: 0.0000 | G Loss: 2.3000 | D Loss: 0.3474
Client 23 (CIFAR10) | Target Loss: 0.0000 | G Loss: 2.2955 | D Loss: 0.3613
Client 24 (CIFAR10) | Target Loss: 0.0000 | G Loss: 2.4221 | D Loss: 0.2692
Client 25 (CIFAR10) | Target Loss: 0.0000 | G Loss: 2.3378 | D Loss: 0.3013
Client 26 (CIFAR10) | Target Loss: 0.0000 | G Loss: 2.3863 | D Loss: 0.2722
Client 27 (CIFAR10) | Target Loss: 0.0000 | G Loss: 2.3549 | D Loss: 0.3100
Client 28 (CIFAR10) | Target Loss: 0.0000 | G Loss: 2.3125 | D Loss: 0.3382
Client 29 (CIFAR10) | Target Loss: 0.0000 | G Loss: 2.3255 | D Loss: 0.3227
Client 30 (CIFAR10) | Target Loss: 0.0000 | G Loss: 2.4030 | D Loss: 0.2765
Client 31 (CIFAR10) | Target Loss: 0.0000 | G Loss: 2.2692 | D Loss: 0.3179
Round 44 | Client 0 | Model: (MLP) | Acc: 95.09%
Round 44 | Client 1 | Model: (CNN) | Acc: 91.25%
Round 44 | Client 2 | Model: (ResNet8) | Acc: 98.19%
Round 44 | Client 3 | Model: (ResNet18) | Acc: 97.96%
Round 44 | Client 4 | Model: (MobileNetV2) | Acc: 95.93%
Round 44 | Client 5 | Model: (MobileNetV3) | Acc: 90.30%
Round 44 | Client 6 | Model: (LeNet) | Acc: 97.81%
Round 44 | Client 7 | Model: (AlexNet) | Acc: 98.84%
Round 44 | Client 8 | Model: (ShuffleNet) | Acc: 84.30%
Round 44 | Client 9 | Model: (SqueezeNet) | Acc: 97.81%
Round 44 | Client 11 | Model: (MLP) | Acc: 80.06%
Round 44 | Client 12 | Model: (CNN) | Acc: 84.66%
Round 44 | Client 13 | Model: (ResNet8) | Acc: 83.52%
Round 44 | Client 14 | Model: (ResNet18) | Acc: 84.18%
Round 44 | Client 15 | Model: (MobileNetV2) | Acc: 84.07%
Round 44 | Client 16 | Model: (MobileNetV3) | Acc: 80.84%
Round 44 | Client 17 | Model: (LeNet) | Acc: 84.26%
Round 44 | Client 18 | Model: (AlexNet) | Acc: 82.42%
Round 44 | Client 19 | Model: (ShuffleNet) | Acc: 83.53%
Round 44 | Client 20 | Model: (SqueezeNet) | Acc: 82.05%
Round 44 | Client 22 | Model: (MLP) | Acc: 41.37%
Round 44 | Client 23 | Model: (CNN) | Acc: 47.91%
Round 44 | Client 24 | Model: (ResNet8) | Acc: 53.43%
Round 44 | Client 25 | Model: (ResNet18) | Acc: 59.82%
Round 44 | Client 26 | Model: (MobileNetV2) | Acc: 38.72%
Round 44 | Client 27 | Model: (MobileNetV3) | Acc: 45.60%
Round 44 | Client 28 | Model: (LeNet) | Acc: 52.59%
Round 44 | Client 29 | Model: (AlexNet) | Acc: 57.08%
Round 44 | Client 30 | Model: (ShuffleNet) | Acc: 36.18%
Round 44 | Client 31 | Model: (SqueezeNet) | Acc: 40.45%
Epoch 0 Loss: 11.3089
Epoch 1 Loss: 11.3022
Epoch 2 Loss: 10.8267
Epoch 3 Loss: 9.7127
Epoch 4 Loss: 10.3383
[Server] Global Inference Model Acc (MNIST) (Round 44): 94.48% (Tested on 9095 samples)
[Server] Global Inference Model Acc (EMNIST) (Round 44): 56.89% (Tested on 105779 samples)
[Server] Global Inference Model Acc (CIFAR10) (Round 44): 59.04% (Tested on 9100 samples)
[Server] Global Inference Model Acc (Mix) (Round 44): 59.81% (Tested on 123974 samples)
Selected client ids: [0, 1, 2, 3, 4, 5, 6, 7, 8, 9, 10, 11, 12, 13, 14, 15, 16, 17, 18, 19, 20, 21, 22, 23, 24, 25, 26, 27, 28, 29]
--- Round 45 ---
Client 0 (MNIST) | Target Loss: 0.0000 | G Loss: 6.8131 | D Loss: 0.0027
Client 1 (MNIST) | Target Loss: 0.0000 | G Loss: 4.0860 | D Loss: 0.1611
Client 2 (MNIST) | Target Loss: 0.0000 | G Loss: 3.9290 | D Loss: 0.1861
Client 3 (MNIST) | Target Loss: 0.0000 | G Loss: 5.5786 | D Loss: 0.0523
Client 4 (MNIST) | Target Loss: 0.0000 | G Loss: 4.2708 | D Loss: 0.1451
Client 5 (MNIST) | Target Loss: 0.0000 | G Loss: 5.9538 | D Loss: 0.0253
Client 6 (MNIST) | Target Loss: 0.0000 | G Loss: 3.9176 | D Loss: 0.1831
Client 7 (MNIST) | Target Loss: 0.0000 | G Loss: 6.8913 | D Loss: 0.0023
Client 8 (MNIST) | Target Loss: 0.0000 | G Loss: 6.1439 | D Loss: 0.0235
Client 9 (MNIST) | Target Loss: 0.0000 | G Loss: 4.1101 | D Loss: 0.1675
Client 11 (EMNIST) | Target Loss: 0.0000 | G Loss: 8.0432 | D Loss: 0.0198
Client 12 (EMNIST) | Target Loss: 0.0000 | G Loss: 8.0832 | D Loss: 0.0190
Client 13 (EMNIST) | Target Loss: 0.0000 | G Loss: 8.9315 | D Loss: 0.0121
Client 14 (EMNIST) | Target Loss: 0.0000 | G Loss: 8.7947 | D Loss: 0.0088
Client 15 (EMNIST) | Target Loss: 0.0000 | G Loss: 8.1940 | D Loss: 0.0257
Client 16 (EMNIST) | Target Loss: 0.0000 | G Loss: 8.4185 | D Loss: 0.0204
Client 17 (EMNIST) | Target Loss: 0.0000 | G Loss: 8.4565 | D Loss: 0.0136
Client 18 (EMNIST) | Target Loss: 0.0000 | G Loss: 8.0772 | D Loss: 0.0199
Client 19 (EMNIST) | Target Loss: 0.0000 | G Loss: 9.2266 | D Loss: 0.0156
Client 20 (EMNIST) | Target Loss: 0.0000 | G Loss: 9.1337 | D Loss: 0.0098
Client 22 (CIFAR10) | Target Loss: 0.0000 | G Loss: 2.3645 | D Loss: 0.2688
Client 23 (CIFAR10) | Target Loss: 0.0000 | G Loss: 2.4612 | D Loss: 0.2338
Client 24 (CIFAR10) | Target Loss: 0.0000 | G Loss: 2.4032 | D Loss: 0.2594
Client 25 (CIFAR10) | Target Loss: 0.0000 | G Loss: 2.4350 | D Loss: 0.2505
Client 26 (CIFAR10) | Target Loss: 0.0000 | G Loss: 2.4105 | D Loss: 0.2674
Client 27 (CIFAR10) | Target Loss: 0.0000 | G Loss: 2.4376 | D Loss: 0.2487
Client 28 (CIFAR10) | Target Loss: 0.0000 | G Loss: 2.4686 | D Loss: 0.2357
Client 29 (CIFAR10) | Target Loss: 0.0000 | G Loss: 2.4868 | D Loss: 0.2187
Client 30 (CIFAR10) | Target Loss: 0.0000 | G Loss: 2.3301 | D Loss: 0.3244
Client 31 (CIFAR10) | Target Loss: 0.0000 | G Loss: 2.3703 | D Loss: 0.2688
Round 45 | Client 0 | Model: (MLP) | Acc: 95.09%
Round 45 | Client 1 | Model: (CNN) | Acc: 91.25%
Round 45 | Client 2 | Model: (ResNet8) | Acc: 98.19%
Round 45 | Client 3 | Model: (ResNet18) | Acc: 97.96%
Round 45 | Client 4 | Model: (MobileNetV2) | Acc: 95.93%
Round 45 | Client 5 | Model: (MobileNetV3) | Acc: 90.30%
Round 45 | Client 6 | Model: (LeNet) | Acc: 97.81%
Round 45 | Client 7 | Model: (AlexNet) | Acc: 98.84%
Round 45 | Client 8 | Model: (ShuffleNet) | Acc: 84.30%
Round 45 | Client 9 | Model: (SqueezeNet) | Acc: 97.81%
Round 45 | Client 11 | Model: (MLP) | Acc: 80.06%
Round 45 | Client 12 | Model: (CNN) | Acc: 84.66%
Round 45 | Client 13 | Model: (ResNet8) | Acc: 83.52%
Round 45 | Client 14 | Model: (ResNet18) | Acc: 84.18%
Round 45 | Client 15 | Model: (MobileNetV2) | Acc: 84.07%
Round 45 | Client 16 | Model: (MobileNetV3) | Acc: 80.84%
Round 45 | Client 17 | Model: (LeNet) | Acc: 84.26%
Round 45 | Client 18 | Model: (AlexNet) | Acc: 82.42%
Round 45 | Client 19 | Model: (ShuffleNet) | Acc: 83.53%
Round 45 | Client 20 | Model: (SqueezeNet) | Acc: 82.05%
Round 45 | Client 22 | Model: (MLP) | Acc: 41.37%
Round 45 | Client 23 | Model: (CNN) | Acc: 47.91%
Round 45 | Client 24 | Model: (ResNet8) | Acc: 53.43%
Round 45 | Client 25 | Model: (ResNet18) | Acc: 59.82%
Round 45 | Client 26 | Model: (MobileNetV2) | Acc: 38.72%
Round 45 | Client 27 | Model: (MobileNetV3) | Acc: 45.60%
Round 45 | Client 28 | Model: (LeNet) | Acc: 52.59%
Round 45 | Client 29 | Model: (AlexNet) | Acc: 57.08%
Round 45 | Client 30 | Model: (ShuffleNet) | Acc: 36.18%
Round 45 | Client 31 | Model: (SqueezeNet) | Acc: 40.45%
Epoch 0 Loss: 11.6886
Epoch 1 Loss: 9.9975
Epoch 2 Loss: 9.6462
Epoch 3 Loss: 9.9592
Epoch 4 Loss: 10.5022
[Server] Global Inference Model Acc (MNIST) (Round 45): 92.82% (Tested on 9095 samples)
[Server] Global Inference Model Acc (EMNIST) (Round 45): 55.49% (Tested on 105779 samples)
[Server] Global Inference Model Acc (CIFAR10) (Round 45): 58.59% (Tested on 9100 samples)
[Server] Global Inference Model Acc (Mix) (Round 45): 58.45% (Tested on 123974 samples)
Selected client ids: [0, 1, 2, 3, 4, 5, 6, 7, 8, 9, 10, 11, 12, 13, 14, 15, 16, 17, 18, 19, 20, 21, 22, 23, 24, 25, 26, 27, 28, 29]
--- Round 46 ---
Client 0 (MNIST) | Target Loss: 0.0000 | G Loss: 5.6825 | D Loss: 0.0589
Client 1 (MNIST) | Target Loss: 0.0000 | G Loss: 6.5177 | D Loss: 0.0036
Client 2 (MNIST) | Target Loss: 0.0000 | G Loss: 6.5248 | D Loss: 0.0043
Client 3 (MNIST) | Target Loss: 0.0000 | G Loss: 6.8034 | D Loss: 0.0032
Client 4 (MNIST) | Target Loss: 0.0000 | G Loss: 6.5871 | D Loss: 0.0037
Client 5 (MNIST) | Target Loss: 0.0000 | G Loss: 6.5847 | D Loss: 0.0039
Client 6 (MNIST) | Target Loss: 0.0000 | G Loss: 6.4707 | D Loss: 0.0038
Client 7 (MNIST) | Target Loss: 0.0000 | G Loss: 6.7782 | D Loss: 0.0042
Client 8 (MNIST) | Target Loss: 0.0000 | G Loss: 5.7867 | D Loss: 0.0302
Client 9 (MNIST) | Target Loss: 0.0000 | G Loss: 6.5336 | D Loss: 0.0039
Client 11 (EMNIST) | Target Loss: 0.0000 | G Loss: 8.2110 | D Loss: 0.0186
Client 12 (EMNIST) | Target Loss: 0.0000 | G Loss: 9.4996 | D Loss: 0.0078
Client 13 (EMNIST) | Target Loss: 0.0000 | G Loss: 8.9278 | D Loss: 0.0130
Client 14 (EMNIST) | Target Loss: 0.0000 | G Loss: 8.5557 | D Loss: 0.0188
Client 15 (EMNIST) | Target Loss: 0.0000 | G Loss: 10.2702 | D Loss: 0.0041
Client 16 (EMNIST) | Target Loss: 0.0000 | G Loss: 8.5061 | D Loss: 0.0177
Client 17 (EMNIST) | Target Loss: 0.0000 | G Loss: 8.3348 | D Loss: 0.0182
Client 18 (EMNIST) | Target Loss: 0.0000 | G Loss: 8.9733 | D Loss: 0.0122
Client 19 (EMNIST) | Target Loss: 0.0000 | G Loss: 9.4712 | D Loss: 0.0088
Client 20 (EMNIST) | Target Loss: 0.0000 | G Loss: 8.7685 | D Loss: 0.0175
Client 22 (CIFAR10) | Target Loss: 0.0000 | G Loss: 2.4560 | D Loss: 0.2618
Client 23 (CIFAR10) | Target Loss: 0.0000 | G Loss: 2.4096 | D Loss: 0.3030
Client 24 (CIFAR10) | Target Loss: 0.0000 | G Loss: 2.3237 | D Loss: 0.3612
Client 25 (CIFAR10) | Target Loss: 0.0000 | G Loss: 2.3406 | D Loss: 0.3266
Client 26 (CIFAR10) | Target Loss: 0.0000 | G Loss: 2.3999 | D Loss: 0.3161
Client 27 (CIFAR10) | Target Loss: 0.0000 | G Loss: 2.3358 | D Loss: 0.3475
Client 28 (CIFAR10) | Target Loss: 0.0000 | G Loss: 2.4228 | D Loss: 0.2803
Client 29 (CIFAR10) | Target Loss: 0.0000 | G Loss: 2.2669 | D Loss: 0.3686
Client 30 (CIFAR10) | Target Loss: 0.0000 | G Loss: 2.2015 | D Loss: 0.4047
Client 31 (CIFAR10) | Target Loss: 0.0000 | G Loss: 2.3586 | D Loss: 0.2994
Round 46 | Client 0 | Model: (MLP) | Acc: 95.09%
Round 46 | Client 1 | Model: (CNN) | Acc: 91.25%
Round 46 | Client 2 | Model: (ResNet8) | Acc: 98.19%
Round 46 | Client 3 | Model: (ResNet18) | Acc: 97.96%
Round 46 | Client 4 | Model: (MobileNetV2) | Acc: 95.93%
Round 46 | Client 5 | Model: (MobileNetV3) | Acc: 90.30%
Round 46 | Client 6 | Model: (LeNet) | Acc: 97.81%
Round 46 | Client 7 | Model: (AlexNet) | Acc: 98.84%
Round 46 | Client 8 | Model: (ShuffleNet) | Acc: 84.30%
Round 46 | Client 9 | Model: (SqueezeNet) | Acc: 97.81%
Round 46 | Client 11 | Model: (MLP) | Acc: 80.06%
Round 46 | Client 12 | Model: (CNN) | Acc: 84.66%
Round 46 | Client 13 | Model: (ResNet8) | Acc: 83.52%
Round 46 | Client 14 | Model: (ResNet18) | Acc: 84.18%
Round 46 | Client 15 | Model: (MobileNetV2) | Acc: 84.07%
Round 46 | Client 16 | Model: (MobileNetV3) | Acc: 80.84%
Round 46 | Client 17 | Model: (LeNet) | Acc: 84.26%
Round 46 | Client 18 | Model: (AlexNet) | Acc: 82.42%
Round 46 | Client 19 | Model: (ShuffleNet) | Acc: 83.53%
Round 46 | Client 20 | Model: (SqueezeNet) | Acc: 82.05%
Round 46 | Client 22 | Model: (MLP) | Acc: 41.37%
Round 46 | Client 23 | Model: (CNN) | Acc: 47.91%
Round 46 | Client 24 | Model: (ResNet8) | Acc: 53.43%
Round 46 | Client 25 | Model: (ResNet18) | Acc: 59.82%
Round 46 | Client 26 | Model: (MobileNetV2) | Acc: 38.72%
Round 46 | Client 27 | Model: (MobileNetV3) | Acc: 45.60%
Round 46 | Client 28 | Model: (LeNet) | Acc: 52.59%
Round 46 | Client 29 | Model: (AlexNet) | Acc: 57.08%
Round 46 | Client 30 | Model: (ShuffleNet) | Acc: 36.18%
Round 46 | Client 31 | Model: (SqueezeNet) | Acc: 40.45%
Epoch 0 Loss: 13.1686
Epoch 1 Loss: 10.0819
Epoch 2 Loss: 10.1834
Epoch 3 Loss: 10.3342
Epoch 4 Loss: 9.5263
[Server] Global Inference Model Acc (MNIST) (Round 46): 93.00% (Tested on 9095 samples)
[Server] Global Inference Model Acc (EMNIST) (Round 46): 58.23% (Tested on 105779 samples)
[Server] Global Inference Model Acc (CIFAR10) (Round 46): 56.81% (Tested on 9100 samples)
[Server] Global Inference Model Acc (Mix) (Round 46): 60.67% (Tested on 123974 samples)
Selected client ids: [0, 1, 2, 3, 4, 5, 6, 7, 8, 9, 10, 11, 12, 13, 14, 15, 16, 17, 18, 19, 20, 21, 22, 23, 24, 25, 26, 27, 28, 29]
--- Round 47 ---
Client 0 (MNIST) | Target Loss: 0.0000 | G Loss: 7.0719 | D Loss: 0.0021
Client 1 (MNIST) | Target Loss: 0.0000 | G Loss: 6.8048 | D Loss: 0.0027
Client 2 (MNIST) | Target Loss: 0.0000 | G Loss: 5.1933 | D Loss: 0.1187
Client 3 (MNIST) | Target Loss: 0.0000 | G Loss: 4.7975 | D Loss: 0.1518
Client 4 (MNIST) | Target Loss: 0.0000 | G Loss: 5.0332 | D Loss: 0.1009
Client 5 (MNIST) | Target Loss: 0.0000 | G Loss: 6.4085 | D Loss: 0.0250
Client 6 (MNIST) | Target Loss: 0.0000 | G Loss: 6.8076 | D Loss: 0.0025
Client 7 (MNIST) | Target Loss: 0.0000 | G Loss: 4.2195 | D Loss: 0.1920
Client 8 (MNIST) | Target Loss: 0.0000 | G Loss: 5.2042 | D Loss: 0.0984
Client 9 (MNIST) | Target Loss: 0.0000 | G Loss: 6.7933 | D Loss: 0.0025
Client 11 (EMNIST) | Target Loss: 0.0000 | G Loss: 9.8033 | D Loss: 0.0097
Client 12 (EMNIST) | Target Loss: 0.0000 | G Loss: 7.8750 | D Loss: 0.0247
Client 13 (EMNIST) | Target Loss: 0.0000 | G Loss: 8.7651 | D Loss: 0.0130
Client 14 (EMNIST) | Target Loss: 0.0000 | G Loss: 8.6476 | D Loss: 0.0131
Client 15 (EMNIST) | Target Loss: 0.0000 | G Loss: 8.4074 | D Loss: 0.0149
Client 16 (EMNIST) | Target Loss: 0.0000 | G Loss: 9.0026 | D Loss: 0.0117
Client 17 (EMNIST) | Target Loss: 0.0000 | G Loss: 8.0638 | D Loss: 0.0181
Client 18 (EMNIST) | Target Loss: 0.0000 | G Loss: 8.7143 | D Loss: 0.0157
Client 19 (EMNIST) | Target Loss: 0.0000 | G Loss: 9.2691 | D Loss: 0.0086
Client 20 (EMNIST) | Target Loss: 0.0000 | G Loss: 8.6267 | D Loss: 0.0117
Client 22 (CIFAR10) | Target Loss: 0.0000 | G Loss: 2.3398 | D Loss: 0.3318
Client 23 (CIFAR10) | Target Loss: 0.0000 | G Loss: 2.4019 | D Loss: 0.3045
Client 24 (CIFAR10) | Target Loss: 0.0000 | G Loss: 2.5707 | D Loss: 0.2159
Client 25 (CIFAR10) | Target Loss: 0.0000 | G Loss: 2.4616 | D Loss: 0.2345
Client 26 (CIFAR10) | Target Loss: 0.0000 | G Loss: 2.4498 | D Loss: 0.2531
Client 27 (CIFAR10) | Target Loss: 0.0000 | G Loss: 2.4924 | D Loss: 0.2328
Client 28 (CIFAR10) | Target Loss: 0.0000 | G Loss: 2.4682 | D Loss: 0.2381
Client 29 (CIFAR10) | Target Loss: 0.0000 | G Loss: 2.4923 | D Loss: 0.2453
Client 30 (CIFAR10) | Target Loss: 0.0000 | G Loss: 2.4659 | D Loss: 0.2309
Client 31 (CIFAR10) | Target Loss: 0.0000 | G Loss: 2.3916 | D Loss: 0.2771
Round 47 | Client 0 | Model: (MLP) | Acc: 95.09%
Round 47 | Client 1 | Model: (CNN) | Acc: 91.25%
Round 47 | Client 2 | Model: (ResNet8) | Acc: 98.19%
Round 47 | Client 3 | Model: (ResNet18) | Acc: 97.96%
Round 47 | Client 4 | Model: (MobileNetV2) | Acc: 95.93%
Round 47 | Client 5 | Model: (MobileNetV3) | Acc: 90.30%
Round 47 | Client 6 | Model: (LeNet) | Acc: 97.81%
Round 47 | Client 7 | Model: (AlexNet) | Acc: 98.84%
Round 47 | Client 8 | Model: (ShuffleNet) | Acc: 84.30%
Round 47 | Client 9 | Model: (SqueezeNet) | Acc: 97.81%
Round 47 | Client 11 | Model: (MLP) | Acc: 80.06%
Round 47 | Client 12 | Model: (CNN) | Acc: 84.66%
Round 47 | Client 13 | Model: (ResNet8) | Acc: 83.52%
Round 47 | Client 14 | Model: (ResNet18) | Acc: 84.18%
Round 47 | Client 15 | Model: (MobileNetV2) | Acc: 84.07%
Round 47 | Client 16 | Model: (MobileNetV3) | Acc: 80.84%
Round 47 | Client 17 | Model: (LeNet) | Acc: 84.26%
Round 47 | Client 18 | Model: (AlexNet) | Acc: 82.42%
Round 47 | Client 19 | Model: (ShuffleNet) | Acc: 83.53%
Round 47 | Client 20 | Model: (SqueezeNet) | Acc: 82.05%
Round 47 | Client 22 | Model: (MLP) | Acc: 41.37%
Round 47 | Client 23 | Model: (CNN) | Acc: 47.91%
Round 47 | Client 24 | Model: (ResNet8) | Acc: 53.43%
Round 47 | Client 25 | Model: (ResNet18) | Acc: 59.82%
Round 47 | Client 26 | Model: (MobileNetV2) | Acc: 38.72%
Round 47 | Client 27 | Model: (MobileNetV3) | Acc: 45.60%
Round 47 | Client 28 | Model: (LeNet) | Acc: 52.59%
Round 47 | Client 29 | Model: (AlexNet) | Acc: 57.08%
Round 47 | Client 30 | Model: (ShuffleNet) | Acc: 36.18%
Round 47 | Client 31 | Model: (SqueezeNet) | Acc: 40.45%
Epoch 0 Loss: 11.1308
Epoch 1 Loss: 9.5705
Epoch 2 Loss: 9.7226
Epoch 3 Loss: 9.5319
Epoch 4 Loss: 10.1391
[Server] Global Inference Model Acc (MNIST) (Round 47): 94.19% (Tested on 9095 samples)
[Server] Global Inference Model Acc (EMNIST) (Round 47): 53.06% (Tested on 105779 samples)
[Server] Global Inference Model Acc (CIFAR10) (Round 47): 57.24% (Tested on 9100 samples)
[Server] Global Inference Model Acc (Mix) (Round 47): 56.39% (Tested on 123974 samples)
Selected client ids: [0, 1, 2, 3, 4, 5, 6, 7, 8, 9, 10, 11, 12, 13, 14, 15, 16, 17, 18, 19, 20, 21, 22, 23, 24, 25, 26, 27, 28, 29]
--- Round 48 ---
Client 0 (MNIST) | Target Loss: 0.0000 | G Loss: 6.9300 | D Loss: 0.0028
Client 1 (MNIST) | Target Loss: 0.0000 | G Loss: 6.6446 | D Loss: 0.0062
Client 2 (MNIST) | Target Loss: 0.0000 | G Loss: 6.4944 | D Loss: 0.0040
Client 3 (MNIST) | Target Loss: 0.0000 | G Loss: 6.3365 | D Loss: 0.0048
Client 4 (MNIST) | Target Loss: 0.0000 | G Loss: 6.7146 | D Loss: 0.0034
Client 5 (MNIST) | Target Loss: 0.0000 | G Loss: 6.6162 | D Loss: 0.0040
Client 6 (MNIST) | Target Loss: 0.0000 | G Loss: 6.7829 | D Loss: 0.0040
Client 7 (MNIST) | Target Loss: 0.0000 | G Loss: 6.5417 | D Loss: 0.0039
Client 8 (MNIST) | Target Loss: 0.0000 | G Loss: 4.7748 | D Loss: 0.1004
Client 9 (MNIST) | Target Loss: 0.0000 | G Loss: 5.3051 | D Loss: 0.0673
Client 11 (EMNIST) | Target Loss: 0.0000 | G Loss: 8.9097 | D Loss: 0.0091
Client 12 (EMNIST) | Target Loss: 0.0000 | G Loss: 8.6691 | D Loss: 0.0132
Client 13 (EMNIST) | Target Loss: 0.0000 | G Loss: 8.5984 | D Loss: 0.0155
Client 14 (EMNIST) | Target Loss: 0.0000 | G Loss: 8.6791 | D Loss: 0.0176
Client 15 (EMNIST) | Target Loss: 0.0000 | G Loss: 8.4988 | D Loss: 0.0176
Client 16 (EMNIST) | Target Loss: 0.0000 | G Loss: 8.0636 | D Loss: 0.0246
Client 17 (EMNIST) | Target Loss: 0.0000 | G Loss: 9.5873 | D Loss: 0.0062
Client 18 (EMNIST) | Target Loss: 0.0000 | G Loss: 9.0665 | D Loss: 0.0082
Client 19 (EMNIST) | Target Loss: 0.0000 | G Loss: 8.7743 | D Loss: 0.0112
Client 20 (EMNIST) | Target Loss: 0.0000 | G Loss: 8.8257 | D Loss: 0.0119
Client 22 (CIFAR10) | Target Loss: 0.0000 | G Loss: 2.5031 | D Loss: 0.2314
Client 23 (CIFAR10) | Target Loss: 0.0000 | G Loss: 2.5258 | D Loss: 0.2283
Client 24 (CIFAR10) | Target Loss: 0.0000 | G Loss: 2.5360 | D Loss: 0.2354
Client 25 (CIFAR10) | Target Loss: 0.0000 | G Loss: 2.3460 | D Loss: 0.3333
Client 26 (CIFAR10) | Target Loss: 0.0000 | G Loss: 2.4523 | D Loss: 0.2851
Client 27 (CIFAR10) | Target Loss: 0.0000 | G Loss: 2.4248 | D Loss: 0.2841
Client 28 (CIFAR10) | Target Loss: 0.0000 | G Loss: 2.4151 | D Loss: 0.3094
Client 29 (CIFAR10) | Target Loss: 0.0000 | G Loss: 2.5154 | D Loss: 0.2453
Client 30 (CIFAR10) | Target Loss: 0.0000 | G Loss: 2.4054 | D Loss: 0.2612
Client 31 (CIFAR10) | Target Loss: 0.0000 | G Loss: 2.5030 | D Loss: 0.2330
Round 48 | Client 0 | Model: (MLP) | Acc: 95.09%
Round 48 | Client 1 | Model: (CNN) | Acc: 91.25%
Round 48 | Client 2 | Model: (ResNet8) | Acc: 98.19%
Round 48 | Client 3 | Model: (ResNet18) | Acc: 97.96%
Round 48 | Client 4 | Model: (MobileNetV2) | Acc: 95.93%
Round 48 | Client 5 | Model: (MobileNetV3) | Acc: 90.30%
Round 48 | Client 6 | Model: (LeNet) | Acc: 97.81%
Round 48 | Client 7 | Model: (AlexNet) | Acc: 98.84%
Round 48 | Client 8 | Model: (ShuffleNet) | Acc: 84.30%
Round 48 | Client 9 | Model: (SqueezeNet) | Acc: 97.81%
Round 48 | Client 11 | Model: (MLP) | Acc: 80.06%
Round 48 | Client 12 | Model: (CNN) | Acc: 84.66%
Round 48 | Client 13 | Model: (ResNet8) | Acc: 83.52%
Round 48 | Client 14 | Model: (ResNet18) | Acc: 84.18%
Round 48 | Client 15 | Model: (MobileNetV2) | Acc: 84.07%
Round 48 | Client 16 | Model: (MobileNetV3) | Acc: 80.84%
Round 48 | Client 17 | Model: (LeNet) | Acc: 84.26%
Round 48 | Client 18 | Model: (AlexNet) | Acc: 82.42%
Round 48 | Client 19 | Model: (ShuffleNet) | Acc: 83.53%
Round 48 | Client 20 | Model: (SqueezeNet) | Acc: 82.05%
Round 48 | Client 22 | Model: (MLP) | Acc: 41.37%
Round 48 | Client 23 | Model: (CNN) | Acc: 47.91%
Round 48 | Client 24 | Model: (ResNet8) | Acc: 53.43%
Round 48 | Client 25 | Model: (ResNet18) | Acc: 59.82%
Round 48 | Client 26 | Model: (MobileNetV2) | Acc: 38.72%
Round 48 | Client 27 | Model: (MobileNetV3) | Acc: 45.60%
Round 48 | Client 28 | Model: (LeNet) | Acc: 52.59%
Round 48 | Client 29 | Model: (AlexNet) | Acc: 57.08%
Round 48 | Client 30 | Model: (ShuffleNet) | Acc: 36.18%
Round 48 | Client 31 | Model: (SqueezeNet) | Acc: 40.45%
Epoch 0 Loss: 11.4446
Epoch 1 Loss: 9.8753
Epoch 2 Loss: 8.9336
Epoch 3 Loss: 9.2948
Epoch 4 Loss: 8.2372
[Server] Global Inference Model Acc (MNIST) (Round 48): 87.21% (Tested on 9095 samples)
[Server] Global Inference Model Acc (EMNIST) (Round 48): 47.51% (Tested on 105779 samples)
[Server] Global Inference Model Acc (CIFAR10) (Round 48): 56.20% (Tested on 9100 samples)
[Server] Global Inference Model Acc (Mix) (Round 48): 51.06% (Tested on 123974 samples)
Selected client ids: [0, 1, 2, 3, 4, 5, 6, 7, 8, 9, 10, 11, 12, 13, 14, 15, 16, 17, 18, 19, 20, 21, 22, 23, 24, 25, 26, 27, 28, 29]
--- Round 49 ---
Client 0 (MNIST) | Target Loss: 0.0000 | G Loss: 7.3173 | D Loss: 0.0014
Client 1 (MNIST) | Target Loss: 0.0000 | G Loss: 7.0073 | D Loss: 0.0019
Client 2 (MNIST) | Target Loss: 0.0000 | G Loss: 6.7198 | D Loss: 0.0027
Client 3 (MNIST) | Target Loss: 0.0000 | G Loss: 6.6747 | D Loss: 0.0028
Client 4 (MNIST) | Target Loss: 0.0000 | G Loss: 6.8141 | D Loss: 0.0024
Client 5 (MNIST) | Target Loss: 0.0000 | G Loss: 6.9984 | D Loss: 0.0026
Client 6 (MNIST) | Target Loss: 0.0000 | G Loss: 6.9701 | D Loss: 0.0019
Client 7 (MNIST) | Target Loss: 0.0000 | G Loss: 6.8043 | D Loss: 0.0024
Client 8 (MNIST) | Target Loss: 0.0000 | G Loss: 6.3069 | D Loss: 0.0038
Client 9 (MNIST) | Target Loss: 0.0000 | G Loss: 6.7260 | D Loss: 0.0024
Client 11 (EMNIST) | Target Loss: 0.0000 | G Loss: 9.0198 | D Loss: 0.0105
Client 12 (EMNIST) | Target Loss: 0.0000 | G Loss: 8.4664 | D Loss: 0.0160
Client 13 (EMNIST) | Target Loss: 0.0000 | G Loss: 8.6480 | D Loss: 0.0137
Client 14 (EMNIST) | Target Loss: 0.0000 | G Loss: 9.3377 | D Loss: 0.0091
Client 15 (EMNIST) | Target Loss: 0.0000 | G Loss: 9.1739 | D Loss: 0.0090
Client 16 (EMNIST) | Target Loss: 0.0000 | G Loss: 8.6134 | D Loss: 0.0168
Client 17 (EMNIST) | Target Loss: 0.0000 | G Loss: 8.8824 | D Loss: 0.0147
Client 18 (EMNIST) | Target Loss: 0.0000 | G Loss: 8.6159 | D Loss: 0.0185
Client 19 (EMNIST) | Target Loss: 0.0000 | G Loss: 8.5128 | D Loss: 0.0148
Client 20 (EMNIST) | Target Loss: 0.0000 | G Loss: 8.1246 | D Loss: 0.0220
Client 22 (CIFAR10) | Target Loss: 0.0000 | G Loss: 2.3835 | D Loss: 0.3318
Client 23 (CIFAR10) | Target Loss: 0.0000 | G Loss: 2.5474 | D Loss: 0.2393
Client 24 (CIFAR10) | Target Loss: 0.0000 | G Loss: 2.4717 | D Loss: 0.2867
Client 25 (CIFAR10) | Target Loss: 0.0000 | G Loss: 2.5388 | D Loss: 0.2249
Client 26 (CIFAR10) | Target Loss: 0.0000 | G Loss: 2.6010 | D Loss: 0.2279
Client 27 (CIFAR10) | Target Loss: 0.0000 | G Loss: 2.4701 | D Loss: 0.2980
Client 28 (CIFAR10) | Target Loss: 0.0000 | G Loss: 2.4470 | D Loss: 0.3031
Client 29 (CIFAR10) | Target Loss: 0.0000 | G Loss: 2.4475 | D Loss: 0.2808
Client 30 (CIFAR10) | Target Loss: 0.0000 | G Loss: 2.4341 | D Loss: 0.2890
Client 31 (CIFAR10) | Target Loss: 0.0000 | G Loss: 2.4926 | D Loss: 0.2577
Round 49 | Client 0 | Model: (MLP) | Acc: 95.09%
Round 49 | Client 1 | Model: (CNN) | Acc: 91.25%
Round 49 | Client 2 | Model: (ResNet8) | Acc: 98.19%
Round 49 | Client 3 | Model: (ResNet18) | Acc: 97.96%
Round 49 | Client 4 | Model: (MobileNetV2) | Acc: 95.93%
Round 49 | Client 5 | Model: (MobileNetV3) | Acc: 90.30%
Round 49 | Client 6 | Model: (LeNet) | Acc: 97.81%
Round 49 | Client 7 | Model: (AlexNet) | Acc: 98.84%
Round 49 | Client 8 | Model: (ShuffleNet) | Acc: 84.30%
Round 49 | Client 9 | Model: (SqueezeNet) | Acc: 97.81%
Round 49 | Client 11 | Model: (MLP) | Acc: 80.06%
Round 49 | Client 12 | Model: (CNN) | Acc: 84.66%
Round 49 | Client 13 | Model: (ResNet8) | Acc: 83.52%
Round 49 | Client 14 | Model: (ResNet18) | Acc: 84.18%
Round 49 | Client 15 | Model: (MobileNetV2) | Acc: 84.07%
Round 49 | Client 16 | Model: (MobileNetV3) | Acc: 80.84%
Round 49 | Client 17 | Model: (LeNet) | Acc: 84.26%
Round 49 | Client 18 | Model: (AlexNet) | Acc: 82.42%
Round 49 | Client 19 | Model: (ShuffleNet) | Acc: 83.53%
Round 49 | Client 20 | Model: (SqueezeNet) | Acc: 82.05%
Round 49 | Client 22 | Model: (MLP) | Acc: 41.37%
Round 49 | Client 23 | Model: (CNN) | Acc: 47.91%
Round 49 | Client 24 | Model: (ResNet8) | Acc: 53.43%
Round 49 | Client 25 | Model: (ResNet18) | Acc: 59.82%
Round 49 | Client 26 | Model: (MobileNetV2) | Acc: 38.72%
Round 49 | Client 27 | Model: (MobileNetV3) | Acc: 45.60%
Round 49 | Client 28 | Model: (LeNet) | Acc: 52.59%
Round 49 | Client 29 | Model: (AlexNet) | Acc: 57.08%
Round 49 | Client 30 | Model: (ShuffleNet) | Acc: 36.18%
Round 49 | Client 31 | Model: (SqueezeNet) | Acc: 40.45%
Epoch 0 Loss: 16.5851
Epoch 1 Loss: 9.6511
Epoch 2 Loss: 8.2517
Epoch 3 Loss: 8.3233
Epoch 4 Loss: 9.9211
[Server] Global Inference Model Acc (MNIST) (Round 49): 92.02% (Tested on 9095 samples)
[Server] Global Inference Model Acc (EMNIST) (Round 49): 48.83% (Tested on 105779 samples)
[Server] Global Inference Model Acc (CIFAR10) (Round 49): 59.58% (Tested on 9100 samples)
[Server] Global Inference Model Acc (Mix) (Round 49): 52.79% (Tested on 123974 samples)
Selected client ids: [0, 1, 2, 3, 4, 5, 6, 7, 8, 9, 10, 11, 12, 13, 14, 15, 16, 17, 18, 19, 20, 21, 22, 23, 24, 25, 26, 27, 28, 29]
--- Round 50 ---
Client 0 (MNIST) | Target Loss: 0.0000 | G Loss: 8.0699 | D Loss: 0.0007
Client 1 (MNIST) | Target Loss: 0.0000 | G Loss: 7.8100 | D Loss: 0.0009
Client 2 (MNIST) | Target Loss: 0.0000 | G Loss: 7.4210 | D Loss: 0.0012
Client 3 (MNIST) | Target Loss: 0.0000 | G Loss: 7.4129 | D Loss: 0.0012
Client 4 (MNIST) | Target Loss: 0.0000 | G Loss: 7.5107 | D Loss: 0.0010
Client 5 (MNIST) | Target Loss: 0.0000 | G Loss: 7.8897 | D Loss: 0.0012
Client 6 (MNIST) | Target Loss: 0.0000 | G Loss: 7.7935 | D Loss: 0.0009
Client 7 (MNIST) | Target Loss: 0.0000 | G Loss: 7.5766 | D Loss: 0.0011
Client 8 (MNIST) | Target Loss: 0.0000 | G Loss: 7.3288 | D Loss: 0.0015
Client 9 (MNIST) | Target Loss: 0.0000 | G Loss: 7.4974 | D Loss: 0.0011
Client 11 (EMNIST) | Target Loss: 0.0000 | G Loss: 8.1418 | D Loss: 0.0234
Client 12 (EMNIST) | Target Loss: 0.0000 | G Loss: 8.9978 | D Loss: 0.0154
Client 13 (EMNIST) | Target Loss: 0.0000 | G Loss: 8.5049 | D Loss: 0.0157
Client 14 (EMNIST) | Target Loss: 0.0000 | G Loss: 9.1351 | D Loss: 0.0109
Client 15 (EMNIST) | Target Loss: 0.0000 | G Loss: 9.2814 | D Loss: 0.0118
Client 16 (EMNIST) | Target Loss: 0.0000 | G Loss: 9.2736 | D Loss: 0.0089
Client 17 (EMNIST) | Target Loss: 0.0000 | G Loss: 9.2183 | D Loss: 0.0134
Client 18 (EMNIST) | Target Loss: 0.0000 | G Loss: 8.7422 | D Loss: 0.0119
Client 19 (EMNIST) | Target Loss: 0.0000 | G Loss: 8.4154 | D Loss: 0.0182
Client 20 (EMNIST) | Target Loss: 0.0000 | G Loss: 8.1885 | D Loss: 0.0236
Client 22 (CIFAR10) | Target Loss: 0.0000 | G Loss: 2.4559 | D Loss: 0.2628
Client 23 (CIFAR10) | Target Loss: 0.0000 | G Loss: 2.5031 | D Loss: 0.2721
Client 24 (CIFAR10) | Target Loss: 0.0000 | G Loss: 2.5876 | D Loss: 0.2241
Client 25 (CIFAR10) | Target Loss: 0.0000 | G Loss: 2.4785 | D Loss: 0.2592
Client 26 (CIFAR10) | Target Loss: 0.0000 | G Loss: 2.5557 | D Loss: 0.2471
Client 27 (CIFAR10) | Target Loss: 0.0000 | G Loss: 2.5538 | D Loss: 0.2180
Client 28 (CIFAR10) | Target Loss: 0.0000 | G Loss: 2.4359 | D Loss: 0.2880
Client 29 (CIFAR10) | Target Loss: 0.0000 | G Loss: 2.5685 | D Loss: 0.2204
Client 30 (CIFAR10) | Target Loss: 0.0000 | G Loss: 2.5357 | D Loss: 0.2439
Client 31 (CIFAR10) | Target Loss: 0.0000 | G Loss: 2.4920 | D Loss: 0.2531
Round 50 | Client 0 | Model: (MLP) | Acc: 95.09%
Round 50 | Client 1 | Model: (CNN) | Acc: 91.25%
Round 50 | Client 2 | Model: (ResNet8) | Acc: 98.19%
Round 50 | Client 3 | Model: (ResNet18) | Acc: 97.96%
Round 50 | Client 4 | Model: (MobileNetV2) | Acc: 95.93%
Round 50 | Client 5 | Model: (MobileNetV3) | Acc: 90.30%
Round 50 | Client 6 | Model: (LeNet) | Acc: 97.81%
Round 50 | Client 7 | Model: (AlexNet) | Acc: 98.84%
Round 50 | Client 8 | Model: (ShuffleNet) | Acc: 84.30%
Round 50 | Client 9 | Model: (SqueezeNet) | Acc: 97.81%
Round 50 | Client 11 | Model: (MLP) | Acc: 80.06%
Round 50 | Client 12 | Model: (CNN) | Acc: 84.66%
Round 50 | Client 13 | Model: (ResNet8) | Acc: 83.52%
Round 50 | Client 14 | Model: (ResNet18) | Acc: 84.18%
Round 50 | Client 15 | Model: (MobileNetV2) | Acc: 84.07%
Round 50 | Client 16 | Model: (MobileNetV3) | Acc: 80.84%
Round 50 | Client 17 | Model: (LeNet) | Acc: 84.26%
Round 50 | Client 18 | Model: (AlexNet) | Acc: 82.42%
Round 50 | Client 19 | Model: (ShuffleNet) | Acc: 83.53%
Round 50 | Client 20 | Model: (SqueezeNet) | Acc: 82.05%
Round 50 | Client 22 | Model: (MLP) | Acc: 41.37%
Round 50 | Client 23 | Model: (CNN) | Acc: 47.91%
Round 50 | Client 24 | Model: (ResNet8) | Acc: 53.43%
Round 50 | Client 25 | Model: (ResNet18) | Acc: 59.82%
Round 50 | Client 26 | Model: (MobileNetV2) | Acc: 38.72%
Round 50 | Client 27 | Model: (MobileNetV3) | Acc: 45.60%
Round 50 | Client 28 | Model: (LeNet) | Acc: 52.59%
Round 50 | Client 29 | Model: (AlexNet) | Acc: 57.08%
Round 50 | Client 30 | Model: (ShuffleNet) | Acc: 36.18%
Round 50 | Client 31 | Model: (SqueezeNet) | Acc: 40.45%
Epoch 0 Loss: 12.6263
Epoch 1 Loss: 9.5138
Epoch 2 Loss: 9.8146
Epoch 3 Loss: 8.4961
Epoch 4 Loss: 9.0122
[Server] Global Inference Model Acc (MNIST) (Round 50): 89.06% (Tested on 9095 samples)
[Server] Global Inference Model Acc (EMNIST) (Round 50): 55.98% (Tested on 105779 samples)
[Server] Global Inference Model Acc (CIFAR10) (Round 50): 60.23% (Tested on 9100 samples)
[Server] Global Inference Model Acc (Mix) (Round 50): 58.72% (Tested on 123974 samples)
Selected client ids: [0, 1, 2, 3, 4, 5, 6, 7, 8, 9, 10, 11, 12, 13, 14, 15, 16, 17, 18, 19, 20, 21, 22, 23, 24, 25, 26, 27, 28, 29]
--- Round 51 ---
Client 0 (MNIST) | Target Loss: 0.0000 | G Loss: 5.7423 | D Loss: 0.1488
Client 1 (MNIST) | Target Loss: 0.0000 | G Loss: 6.2861 | D Loss: 0.1075
Client 2 (MNIST) | Target Loss: 0.0000 | G Loss: 6.4586 | D Loss: 0.0911
Client 3 (MNIST) | Target Loss: 0.0000 | G Loss: 6.3096 | D Loss: 0.1111
Client 4 (MNIST) | Target Loss: 0.0000 | G Loss: 5.4565 | D Loss: 0.1069
Client 5 (MNIST) | Target Loss: 0.0000 | G Loss: 5.8988 | D Loss: 0.1129
Client 6 (MNIST) | Target Loss: 0.0000 | G Loss: 5.9761 | D Loss: 0.1021
Client 7 (MNIST) | Target Loss: 0.0000 | G Loss: 5.8006 | D Loss: 0.0741
Client 8 (MNIST) | Target Loss: 0.0000 | G Loss: 5.5871 | D Loss: 0.0575
Client 9 (MNIST) | Target Loss: 0.0000 | G Loss: 6.2847 | D Loss: 0.0811
Client 11 (EMNIST) | Target Loss: 0.0000 | G Loss: 8.5924 | D Loss: 0.0119
Client 12 (EMNIST) | Target Loss: 0.0000 | G Loss: 8.6437 | D Loss: 0.0186
Client 13 (EMNIST) | Target Loss: 0.0000 | G Loss: 8.7337 | D Loss: 0.0085
Client 14 (EMNIST) | Target Loss: 0.0000 | G Loss: 9.1558 | D Loss: 0.0071
Client 15 (EMNIST) | Target Loss: 0.0000 | G Loss: 8.5176 | D Loss: 0.0168
Client 16 (EMNIST) | Target Loss: 0.0000 | G Loss: 8.9110 | D Loss: 0.0183
Client 17 (EMNIST) | Target Loss: 0.0000 | G Loss: 9.3838 | D Loss: 0.0103
Client 18 (EMNIST) | Target Loss: 0.0000 | G Loss: 9.3413 | D Loss: 0.0091
Client 19 (EMNIST) | Target Loss: 0.0000 | G Loss: 8.6362 | D Loss: 0.0154
Client 20 (EMNIST) | Target Loss: 0.0000 | G Loss: 9.8020 | D Loss: 0.0075
Client 22 (CIFAR10) | Target Loss: 0.0000 | G Loss: 2.3139 | D Loss: 0.3780
Client 23 (CIFAR10) | Target Loss: 0.0000 | G Loss: 2.3932 | D Loss: 0.3731
Client 24 (CIFAR10) | Target Loss: 0.0000 | G Loss: 2.5545 | D Loss: 0.2809
Client 25 (CIFAR10) | Target Loss: 0.0000 | G Loss: 1.6307 | D Loss: 0.6833
Client 26 (CIFAR10) | Target Loss: 0.0000 | G Loss: 2.4849 | D Loss: 0.2977
Client 27 (CIFAR10) | Target Loss: 0.0000 | G Loss: 2.6132 | D Loss: 0.2443
Client 28 (CIFAR10) | Target Loss: 0.0000 | G Loss: 2.6355 | D Loss: 0.2180
Client 29 (CIFAR10) | Target Loss: 0.0000 | G Loss: 2.5219 | D Loss: 0.2860
Client 30 (CIFAR10) | Target Loss: 0.0000 | G Loss: 2.5831 | D Loss: 0.2488
Client 31 (CIFAR10) | Target Loss: 0.0000 | G Loss: 2.4386 | D Loss: 0.2927
Round 51 | Client 0 | Model: (MLP) | Acc: 95.09%
Round 51 | Client 1 | Model: (CNN) | Acc: 91.25%
Round 51 | Client 2 | Model: (ResNet8) | Acc: 98.19%
Round 51 | Client 3 | Model: (ResNet18) | Acc: 97.96%
Round 51 | Client 4 | Model: (MobileNetV2) | Acc: 95.93%
Round 51 | Client 5 | Model: (MobileNetV3) | Acc: 90.30%
Round 51 | Client 6 | Model: (LeNet) | Acc: 97.81%
Round 51 | Client 7 | Model: (AlexNet) | Acc: 98.84%
Round 51 | Client 8 | Model: (ShuffleNet) | Acc: 84.30%
Round 51 | Client 9 | Model: (SqueezeNet) | Acc: 97.81%
Round 51 | Client 11 | Model: (MLP) | Acc: 80.06%
Round 51 | Client 12 | Model: (CNN) | Acc: 84.66%
Round 51 | Client 13 | Model: (ResNet8) | Acc: 83.52%
Round 51 | Client 14 | Model: (ResNet18) | Acc: 84.18%
Round 51 | Client 15 | Model: (MobileNetV2) | Acc: 84.07%
Round 51 | Client 16 | Model: (MobileNetV3) | Acc: 80.84%
Round 51 | Client 17 | Model: (LeNet) | Acc: 84.26%
Round 51 | Client 18 | Model: (AlexNet) | Acc: 82.42%
Round 51 | Client 19 | Model: (ShuffleNet) | Acc: 83.53%
Round 51 | Client 20 | Model: (SqueezeNet) | Acc: 82.05%
Round 51 | Client 22 | Model: (MLP) | Acc: 41.37%
Round 51 | Client 23 | Model: (CNN) | Acc: 47.91%
Round 51 | Client 24 | Model: (ResNet8) | Acc: 53.43%
Round 51 | Client 25 | Model: (ResNet18) | Acc: 59.82%
Round 51 | Client 26 | Model: (MobileNetV2) | Acc: 38.72%
Round 51 | Client 27 | Model: (MobileNetV3) | Acc: 45.60%
Round 51 | Client 28 | Model: (LeNet) | Acc: 52.59%
Round 51 | Client 29 | Model: (AlexNet) | Acc: 57.08%
Round 51 | Client 30 | Model: (ShuffleNet) | Acc: 36.18%
Round 51 | Client 31 | Model: (SqueezeNet) | Acc: 40.45%
Epoch 0 Loss: 11.1027
Epoch 1 Loss: 9.4571
Epoch 2 Loss: 8.3794
Epoch 3 Loss: 10.0639
Epoch 4 Loss: 7.9027
[Server] Global Inference Model Acc (MNIST) (Round 51): 83.90% (Tested on 9095 samples)
[Server] Global Inference Model Acc (EMNIST) (Round 51): 44.39% (Tested on 105779 samples)
[Server] Global Inference Model Acc (CIFAR10) (Round 51): 57.82% (Tested on 9100 samples)
[Server] Global Inference Model Acc (Mix) (Round 51): 48.28% (Tested on 123974 samples)
Selected client ids: [0, 1, 2, 3, 4, 5, 6, 7, 8, 9, 10, 11, 12, 13, 14, 15, 16, 17, 18, 19, 20, 21, 22, 23, 24, 25, 26, 27, 28, 29]
--- Round 52 ---
Client 0 (MNIST) | Target Loss: 0.0000 | G Loss: 5.9986 | D Loss: 0.0581
Client 1 (MNIST) | Target Loss: 0.0000 | G Loss: 6.5710 | D Loss: 0.0277
Client 2 (MNIST) | Target Loss: 0.0000 | G Loss: 6.1914 | D Loss: 0.0320
Client 3 (MNIST) | Target Loss: 0.0000 | G Loss: 6.2447 | D Loss: 0.0299
Client 4 (MNIST) | Target Loss: 0.0000 | G Loss: 6.4678 | D Loss: 0.0324
Client 5 (MNIST) | Target Loss: 0.0000 | G Loss: 6.1985 | D Loss: 0.0499
Client 6 (MNIST) | Target Loss: 0.0000 | G Loss: 6.4999 | D Loss: 0.0207
Client 7 (MNIST) | Target Loss: 0.0000 | G Loss: 6.7558 | D Loss: 0.0146
Client 8 (MNIST) | Target Loss: 0.0000 | G Loss: 5.8858 | D Loss: 0.0283
Client 9 (MNIST) | Target Loss: 0.0000 | G Loss: 6.2473 | D Loss: 0.0358
Client 11 (EMNIST) | Target Loss: 0.0000 | G Loss: 8.9826 | D Loss: 0.0122
Client 12 (EMNIST) | Target Loss: 0.0000 | G Loss: 9.4351 | D Loss: 0.0031
Client 13 (EMNIST) | Target Loss: 0.0000 | G Loss: 8.8860 | D Loss: 0.0136
Client 14 (EMNIST) | Target Loss: 0.0000 | G Loss: 9.0077 | D Loss: 0.0101
Client 15 (EMNIST) | Target Loss: 0.0000 | G Loss: 8.6569 | D Loss: 0.0115
Client 16 (EMNIST) | Target Loss: 0.0000 | G Loss: 8.8114 | D Loss: 0.0119
Client 17 (EMNIST) | Target Loss: 0.0000 | G Loss: 8.6929 | D Loss: 0.0119
Client 18 (EMNIST) | Target Loss: 0.0000 | G Loss: 9.2764 | D Loss: 0.0117
Client 19 (EMNIST) | Target Loss: 0.0000 | G Loss: 9.1194 | D Loss: 0.0075
Client 20 (EMNIST) | Target Loss: 0.0000 | G Loss: 8.5569 | D Loss: 0.0141
Client 22 (CIFAR10) | Target Loss: 0.0000 | G Loss: 2.5522 | D Loss: 0.2334
Client 23 (CIFAR10) | Target Loss: 0.0000 | G Loss: 2.6246 | D Loss: 0.1922
Client 24 (CIFAR10) | Target Loss: 0.0000 | G Loss: 2.6280 | D Loss: 0.2263
Client 25 (CIFAR10) | Target Loss: 0.0000 | G Loss: 2.5997 | D Loss: 0.1898
Client 26 (CIFAR10) | Target Loss: 0.0000 | G Loss: 2.5709 | D Loss: 0.2594
Client 27 (CIFAR10) | Target Loss: 0.0000 | G Loss: 2.4532 | D Loss: 0.2994
Client 28 (CIFAR10) | Target Loss: 0.0000 | G Loss: 2.5004 | D Loss: 0.2886
Client 29 (CIFAR10) | Target Loss: 0.0000 | G Loss: 2.5831 | D Loss: 0.2233
Client 30 (CIFAR10) | Target Loss: 0.0000 | G Loss: 2.5343 | D Loss: 0.2578
Client 31 (CIFAR10) | Target Loss: 0.0000 | G Loss: 2.4170 | D Loss: 0.2953
Round 52 | Client 0 | Model: (MLP) | Acc: 95.09%
Round 52 | Client 1 | Model: (CNN) | Acc: 91.25%
Round 52 | Client 2 | Model: (ResNet8) | Acc: 98.19%
Round 52 | Client 3 | Model: (ResNet18) | Acc: 97.96%
Round 52 | Client 4 | Model: (MobileNetV2) | Acc: 95.93%
Round 52 | Client 5 | Model: (MobileNetV3) | Acc: 90.30%
Round 52 | Client 6 | Model: (LeNet) | Acc: 97.81%
Round 52 | Client 7 | Model: (AlexNet) | Acc: 98.84%
Round 52 | Client 8 | Model: (ShuffleNet) | Acc: 84.30%
Round 52 | Client 9 | Model: (SqueezeNet) | Acc: 97.81%
Round 52 | Client 11 | Model: (MLP) | Acc: 80.06%
Round 52 | Client 12 | Model: (CNN) | Acc: 84.66%
Round 52 | Client 13 | Model: (ResNet8) | Acc: 83.52%
Round 52 | Client 14 | Model: (ResNet18) | Acc: 84.18%
Round 52 | Client 15 | Model: (MobileNetV2) | Acc: 84.07%
Round 52 | Client 16 | Model: (MobileNetV3) | Acc: 80.84%
Round 52 | Client 17 | Model: (LeNet) | Acc: 84.26%
Round 52 | Client 18 | Model: (AlexNet) | Acc: 82.42%
Round 52 | Client 19 | Model: (ShuffleNet) | Acc: 83.53%
Round 52 | Client 20 | Model: (SqueezeNet) | Acc: 82.05%
Round 52 | Client 22 | Model: (MLP) | Acc: 41.37%
Round 52 | Client 23 | Model: (CNN) | Acc: 47.91%
Round 52 | Client 24 | Model: (ResNet8) | Acc: 53.43%
Round 52 | Client 25 | Model: (ResNet18) | Acc: 59.82%
Round 52 | Client 26 | Model: (MobileNetV2) | Acc: 38.72%
Round 52 | Client 27 | Model: (MobileNetV3) | Acc: 45.60%
Round 52 | Client 28 | Model: (LeNet) | Acc: 52.59%
Round 52 | Client 29 | Model: (AlexNet) | Acc: 57.08%
Round 52 | Client 30 | Model: (ShuffleNet) | Acc: 36.18%
Round 52 | Client 31 | Model: (SqueezeNet) | Acc: 40.45%
Epoch 0 Loss: 11.3083
Epoch 1 Loss: 9.5769
Epoch 2 Loss: 8.8109
Epoch 3 Loss: 8.6543
Epoch 4 Loss: 8.0084
[Server] Global Inference Model Acc (MNIST) (Round 52): 76.37% (Tested on 9095 samples)
[Server] Global Inference Model Acc (EMNIST) (Round 52): 41.56% (Tested on 105779 samples)
[Server] Global Inference Model Acc (CIFAR10) (Round 52): 57.81% (Tested on 9100 samples)
[Server] Global Inference Model Acc (Mix) (Round 52): 45.30% (Tested on 123974 samples)
Selected client ids: [0, 1, 2, 3, 4, 5, 6, 7, 8, 9, 10, 11, 12, 13, 14, 15, 16, 17, 18, 19, 20, 21, 22, 23, 24, 25, 26, 27, 28, 29]
--- Round 53 ---
Client 0 (MNIST) | Target Loss: 0.0000 | G Loss: 5.9910 | D Loss: 0.0300
Client 1 (MNIST) | Target Loss: 0.0000 | G Loss: 6.4739 | D Loss: 0.0043
Client 2 (MNIST) | Target Loss: 0.0000 | G Loss: 6.6741 | D Loss: 0.0038
Client 3 (MNIST) | Target Loss: 0.0000 | G Loss: 6.5569 | D Loss: 0.0377
Client 4 (MNIST) | Target Loss: 0.0000 | G Loss: 6.0795 | D Loss: 0.0270
Client 5 (MNIST) | Target Loss: 0.0000 | G Loss: 7.0300 | D Loss: 0.0038
Client 6 (MNIST) | Target Loss: 0.0000 | G Loss: 6.6971 | D Loss: 0.0040
Client 7 (MNIST) | Target Loss: 0.0000 | G Loss: 6.4027 | D Loss: 0.0274
Client 8 (MNIST) | Target Loss: 0.0000 | G Loss: 6.6441 | D Loss: 0.0293
Client 9 (MNIST) | Target Loss: 0.0000 | G Loss: 6.6903 | D Loss: 0.0039
Client 11 (EMNIST) | Target Loss: 0.0000 | G Loss: 8.6474 | D Loss: 0.0130
Client 12 (EMNIST) | Target Loss: 0.0000 | G Loss: 8.9769 | D Loss: 0.0143
Client 13 (EMNIST) | Target Loss: 0.0000 | G Loss: 8.3662 | D Loss: 0.0148
Client 14 (EMNIST) | Target Loss: 0.0000 | G Loss: 10.1235 | D Loss: 0.0105
Client 15 (EMNIST) | Target Loss: 0.0000 | G Loss: 8.6505 | D Loss: 0.0146
Client 16 (EMNIST) | Target Loss: 0.0000 | G Loss: 8.5420 | D Loss: 0.0158
Client 17 (EMNIST) | Target Loss: 0.0000 | G Loss: 9.1572 | D Loss: 0.0105
Client 18 (EMNIST) | Target Loss: 0.0000 | G Loss: 9.3122 | D Loss: 0.0097
Client 19 (EMNIST) | Target Loss: 0.0000 | G Loss: 8.4714 | D Loss: 0.0137
Client 20 (EMNIST) | Target Loss: 0.0000 | G Loss: 9.2515 | D Loss: 0.0086
Client 22 (CIFAR10) | Target Loss: 0.0000 | G Loss: 2.5865 | D Loss: 0.2146
Client 23 (CIFAR10) | Target Loss: 0.0000 | G Loss: 2.5977 | D Loss: 0.2489
Client 24 (CIFAR10) | Target Loss: 0.0000 | G Loss: 2.5675 | D Loss: 0.2851
Client 25 (CIFAR10) | Target Loss: 0.0000 | G Loss: 2.5405 | D Loss: 0.2607
Client 26 (CIFAR10) | Target Loss: 0.0000 | G Loss: 2.5817 | D Loss: 0.2391
Client 27 (CIFAR10) | Target Loss: 0.0000 | G Loss: 2.6084 | D Loss: 0.2403
Client 28 (CIFAR10) | Target Loss: 0.0000 | G Loss: 2.6212 | D Loss: 0.2342
Client 29 (CIFAR10) | Target Loss: 0.0000 | G Loss: 2.5276 | D Loss: 0.2597
Client 30 (CIFAR10) | Target Loss: 0.0000 | G Loss: 2.5770 | D Loss: 0.2257
Client 31 (CIFAR10) | Target Loss: 0.0000 | G Loss: 2.4797 | D Loss: 0.2660
Round 53 | Client 0 | Model: (MLP) | Acc: 95.09%
Round 53 | Client 1 | Model: (CNN) | Acc: 91.25%
Round 53 | Client 2 | Model: (ResNet8) | Acc: 98.19%
Round 53 | Client 3 | Model: (ResNet18) | Acc: 97.96%
Round 53 | Client 4 | Model: (MobileNetV2) | Acc: 95.93%
Round 53 | Client 5 | Model: (MobileNetV3) | Acc: 90.30%
Round 53 | Client 6 | Model: (LeNet) | Acc: 97.81%
Round 53 | Client 7 | Model: (AlexNet) | Acc: 98.84%
Round 53 | Client 8 | Model: (ShuffleNet) | Acc: 84.30%
Round 53 | Client 9 | Model: (SqueezeNet) | Acc: 97.81%
Round 53 | Client 11 | Model: (MLP) | Acc: 80.06%
Round 53 | Client 12 | Model: (CNN) | Acc: 84.66%
Round 53 | Client 13 | Model: (ResNet8) | Acc: 83.52%
Round 53 | Client 14 | Model: (ResNet18) | Acc: 84.18%
Round 53 | Client 15 | Model: (MobileNetV2) | Acc: 84.07%
Round 53 | Client 16 | Model: (MobileNetV3) | Acc: 80.84%
Round 53 | Client 17 | Model: (LeNet) | Acc: 84.26%
Round 53 | Client 18 | Model: (AlexNet) | Acc: 82.42%
Round 53 | Client 19 | Model: (ShuffleNet) | Acc: 83.53%
Round 53 | Client 20 | Model: (SqueezeNet) | Acc: 82.05%
Round 53 | Client 22 | Model: (MLP) | Acc: 41.37%
Round 53 | Client 23 | Model: (CNN) | Acc: 47.91%
Round 53 | Client 24 | Model: (ResNet8) | Acc: 53.43%
Round 53 | Client 25 | Model: (ResNet18) | Acc: 59.82%
Round 53 | Client 26 | Model: (MobileNetV2) | Acc: 38.72%
Round 53 | Client 27 | Model: (MobileNetV3) | Acc: 45.60%
Round 53 | Client 28 | Model: (LeNet) | Acc: 52.59%
Round 53 | Client 29 | Model: (AlexNet) | Acc: 57.08%
Round 53 | Client 30 | Model: (ShuffleNet) | Acc: 36.18%
Round 53 | Client 31 | Model: (SqueezeNet) | Acc: 40.45%
Epoch 0 Loss: 11.0134
Epoch 1 Loss: 8.3956
Epoch 2 Loss: 7.9629
Epoch 3 Loss: 8.9885
Epoch 4 Loss: 8.7503
[Server] Global Inference Model Acc (MNIST) (Round 53): 66.64% (Tested on 9095 samples)
[Server] Global Inference Model Acc (EMNIST) (Round 53): 39.54% (Tested on 105779 samples)
[Server] Global Inference Model Acc (CIFAR10) (Round 53): 59.13% (Tested on 9100 samples)
[Server] Global Inference Model Acc (Mix) (Round 53): 42.96% (Tested on 123974 samples)
Selected client ids: [0, 1, 2, 3, 4, 5, 6, 7, 8, 9, 10, 11, 12, 13, 14, 15, 16, 17, 18, 19, 20, 21, 22, 23, 24, 25, 26, 27, 28, 29]
--- Round 54 ---
Client 0 (MNIST) | Target Loss: 0.0000 | G Loss: 6.6327 | D Loss: 0.0044
Client 1 (MNIST) | Target Loss: 0.0000 | G Loss: 6.6651 | D Loss: 0.0038
Client 2 (MNIST) | Target Loss: 0.0000 | G Loss: 6.7941 | D Loss: 0.0033
Client 3 (MNIST) | Target Loss: 0.0000 | G Loss: 5.8987 | D Loss: 0.0346
Client 4 (MNIST) | Target Loss: 0.0000 | G Loss: 6.7020 | D Loss: 0.0554
Client 5 (MNIST) | Target Loss: 0.0000 | G Loss: 6.3590 | D Loss: 0.0408
Client 6 (MNIST) | Target Loss: 0.0000 | G Loss: 6.8393 | D Loss: 0.0038
Client 7 (MNIST) | Target Loss: 0.0000 | G Loss: 5.9489 | D Loss: 0.0323
Client 8 (MNIST) | Target Loss: 0.0000 | G Loss: 6.2602 | D Loss: 0.0255
Client 9 (MNIST) | Target Loss: 0.0000 | G Loss: 6.6011 | D Loss: 0.0355
Client 11 (EMNIST) | Target Loss: 0.0000 | G Loss: 8.9709 | D Loss: 0.0097
Client 12 (EMNIST) | Target Loss: 0.0000 | G Loss: 9.3513 | D Loss: 0.0091
Client 13 (EMNIST) | Target Loss: 0.0000 | G Loss: 9.6329 | D Loss: 0.0067
Client 14 (EMNIST) | Target Loss: 0.0000 | G Loss: 8.9812 | D Loss: 0.0094
Client 15 (EMNIST) | Target Loss: 0.0000 | G Loss: 9.4598 | D Loss: 0.0037
Client 16 (EMNIST) | Target Loss: 0.0000 | G Loss: 8.8134 | D Loss: 0.0080
Client 17 (EMNIST) | Target Loss: 0.0000 | G Loss: 8.6443 | D Loss: 0.0137
Client 18 (EMNIST) | Target Loss: 0.0000 | G Loss: 9.2803 | D Loss: 0.0086
Client 19 (EMNIST) | Target Loss: 0.0000 | G Loss: 9.0058 | D Loss: 0.0105
Client 20 (EMNIST) | Target Loss: 0.0000 | G Loss: 8.6820 | D Loss: 0.0112
Client 22 (CIFAR10) | Target Loss: 0.0000 | G Loss: 2.5349 | D Loss: 0.2657
Client 23 (CIFAR10) | Target Loss: 0.0000 | G Loss: 2.7204 | D Loss: 0.2065
Client 24 (CIFAR10) | Target Loss: 0.0000 | G Loss: 2.6345 | D Loss: 0.2469
Client 25 (CIFAR10) | Target Loss: 0.0000 | G Loss: 2.5336 | D Loss: 0.2884
Client 26 (CIFAR10) | Target Loss: 0.0000 | G Loss: 2.6298 | D Loss: 0.2389
Client 27 (CIFAR10) | Target Loss: 0.0000 | G Loss: 2.7053 | D Loss: 0.2052
Client 28 (CIFAR10) | Target Loss: 0.0000 | G Loss: 2.5747 | D Loss: 0.2505
Client 29 (CIFAR10) | Target Loss: 0.0000 | G Loss: 2.5852 | D Loss: 0.2573
Client 30 (CIFAR10) | Target Loss: 0.0000 | G Loss: 2.5675 | D Loss: 0.2667
Client 31 (CIFAR10) | Target Loss: 0.0000 | G Loss: 2.5960 | D Loss: 0.2255
Round 54 | Client 0 | Model: (MLP) | Acc: 95.09%
Round 54 | Client 1 | Model: (CNN) | Acc: 91.25%
Round 54 | Client 2 | Model: (ResNet8) | Acc: 98.19%
Round 54 | Client 3 | Model: (ResNet18) | Acc: 97.96%
Round 54 | Client 4 | Model: (MobileNetV2) | Acc: 95.93%
Round 54 | Client 5 | Model: (MobileNetV3) | Acc: 90.30%
Round 54 | Client 6 | Model: (LeNet) | Acc: 97.81%
Round 54 | Client 7 | Model: (AlexNet) | Acc: 98.84%
Round 54 | Client 8 | Model: (ShuffleNet) | Acc: 84.30%
Round 54 | Client 9 | Model: (SqueezeNet) | Acc: 97.81%
Round 54 | Client 11 | Model: (MLP) | Acc: 80.06%
Round 54 | Client 12 | Model: (CNN) | Acc: 84.66%
Round 54 | Client 13 | Model: (ResNet8) | Acc: 83.52%
Round 54 | Client 14 | Model: (ResNet18) | Acc: 84.18%
Round 54 | Client 15 | Model: (MobileNetV2) | Acc: 84.07%
Round 54 | Client 16 | Model: (MobileNetV3) | Acc: 80.84%
Round 54 | Client 17 | Model: (LeNet) | Acc: 84.26%
Round 54 | Client 18 | Model: (AlexNet) | Acc: 82.42%
Round 54 | Client 19 | Model: (ShuffleNet) | Acc: 83.53%
Round 54 | Client 20 | Model: (SqueezeNet) | Acc: 82.05%
Round 54 | Client 22 | Model: (MLP) | Acc: 41.37%
Round 54 | Client 23 | Model: (CNN) | Acc: 47.91%
Round 54 | Client 24 | Model: (ResNet8) | Acc: 53.43%
Round 54 | Client 25 | Model: (ResNet18) | Acc: 59.82%
Round 54 | Client 26 | Model: (MobileNetV2) | Acc: 38.72%
Round 54 | Client 27 | Model: (MobileNetV3) | Acc: 45.60%
Round 54 | Client 28 | Model: (LeNet) | Acc: 52.59%
Round 54 | Client 29 | Model: (AlexNet) | Acc: 57.08%
Round 54 | Client 30 | Model: (ShuffleNet) | Acc: 36.18%
Round 54 | Client 31 | Model: (SqueezeNet) | Acc: 40.45%
Epoch 0 Loss: 9.6004
Epoch 1 Loss: 8.3046
Epoch 2 Loss: 8.8443
Epoch 3 Loss: 8.3279
Epoch 4 Loss: 9.1356
[Server] Global Inference Model Acc (MNIST) (Round 54): 75.21% (Tested on 9095 samples)
[Server] Global Inference Model Acc (EMNIST) (Round 54): 48.25% (Tested on 105779 samples)
[Server] Global Inference Model Acc (CIFAR10) (Round 54): 59.42% (Tested on 9100 samples)
[Server] Global Inference Model Acc (Mix) (Round 54): 51.04% (Tested on 123974 samples)
Selected client ids: [0, 1, 2, 3, 4, 5, 6, 7, 8, 9, 10, 11, 12, 13, 14, 15, 16, 17, 18, 19, 20, 21, 22, 23, 24, 25, 26, 27, 28, 29]
--- Round 55 ---
Client 0 (MNIST) | Target Loss: 0.0000 | G Loss: 6.7945 | D Loss: 0.0030
Client 1 (MNIST) | Target Loss: 0.0000 | G Loss: 6.8635 | D Loss: 0.0030
Client 2 (MNIST) | Target Loss: 0.0000 | G Loss: 6.1422 | D Loss: 0.0450
Client 3 (MNIST) | Target Loss: 0.0000 | G Loss: 6.7990 | D Loss: 0.0264
Client 4 (MNIST) | Target Loss: 0.0000 | G Loss: 6.5954 | D Loss: 0.0039
Client 5 (MNIST) | Target Loss: 0.0000 | G Loss: 6.3327 | D Loss: 0.0326
Client 6 (MNIST) | Target Loss: 0.0000 | G Loss: 6.9945 | D Loss: 0.0027
Client 7 (MNIST) | Target Loss: 0.0000 | G Loss: 6.6541 | D Loss: 0.0038
Client 8 (MNIST) | Target Loss: 0.0000 | G Loss: 6.5135 | D Loss: 0.0302
Client 9 (MNIST) | Target Loss: 0.0000 | G Loss: 6.6813 | D Loss: 0.0034
Client 11 (EMNIST) | Target Loss: 0.0000 | G Loss: 9.7237 | D Loss: 0.0088
Client 12 (EMNIST) | Target Loss: 0.0000 | G Loss: 8.8243 | D Loss: 0.0124
Client 13 (EMNIST) | Target Loss: 0.0000 | G Loss: 8.7415 | D Loss: 0.0120
Client 14 (EMNIST) | Target Loss: 0.0000 | G Loss: 9.1285 | D Loss: 0.0093
Client 15 (EMNIST) | Target Loss: 0.0000 | G Loss: 8.7527 | D Loss: 0.0139
Client 16 (EMNIST) | Target Loss: 0.0000 | G Loss: 8.5318 | D Loss: 0.0149
Client 17 (EMNIST) | Target Loss: 0.0000 | G Loss: 9.2801 | D Loss: 0.0062
Client 18 (EMNIST) | Target Loss: 0.0000 | G Loss: 9.1844 | D Loss: 0.0090
Client 19 (EMNIST) | Target Loss: 0.0000 | G Loss: 9.1027 | D Loss: 0.0088
Client 20 (EMNIST) | Target Loss: 0.0000 | G Loss: 9.1736 | D Loss: 0.0079
Client 22 (CIFAR10) | Target Loss: 0.0000 | G Loss: 2.5923 | D Loss: 0.2380
Client 23 (CIFAR10) | Target Loss: 0.0000 | G Loss: 2.6404 | D Loss: 0.2525
Client 24 (CIFAR10) | Target Loss: 0.0000 | G Loss: 2.5804 | D Loss: 0.3044
Client 25 (CIFAR10) | Target Loss: 0.0000 | G Loss: 2.5607 | D Loss: 0.2734
Client 26 (CIFAR10) | Target Loss: 0.0000 | G Loss: 2.7208 | D Loss: 0.2061
Client 27 (CIFAR10) | Target Loss: 0.0000 | G Loss: 2.6467 | D Loss: 0.2331
Client 28 (CIFAR10) | Target Loss: 0.0000 | G Loss: 2.6610 | D Loss: 0.2100
Client 29 (CIFAR10) | Target Loss: 0.0000 | G Loss: 2.6968 | D Loss: 0.2233
Client 30 (CIFAR10) | Target Loss: 0.0000 | G Loss: 2.5637 | D Loss: 0.2703
Client 31 (CIFAR10) | Target Loss: 0.0000 | G Loss: 2.6421 | D Loss: 0.2142
Round 55 | Client 0 | Model: (MLP) | Acc: 95.09%
Round 55 | Client 1 | Model: (CNN) | Acc: 91.25%
Round 55 | Client 2 | Model: (ResNet8) | Acc: 98.19%
Round 55 | Client 3 | Model: (ResNet18) | Acc: 97.96%
Round 55 | Client 4 | Model: (MobileNetV2) | Acc: 95.93%
Round 55 | Client 5 | Model: (MobileNetV3) | Acc: 90.30%
Round 55 | Client 6 | Model: (LeNet) | Acc: 97.81%
Round 55 | Client 7 | Model: (AlexNet) | Acc: 98.84%
Round 55 | Client 8 | Model: (ShuffleNet) | Acc: 84.30%
Round 55 | Client 9 | Model: (SqueezeNet) | Acc: 97.81%
Round 55 | Client 11 | Model: (MLP) | Acc: 80.06%
Round 55 | Client 12 | Model: (CNN) | Acc: 84.66%
Round 55 | Client 13 | Model: (ResNet8) | Acc: 83.52%
Round 55 | Client 14 | Model: (ResNet18) | Acc: 84.18%
Round 55 | Client 15 | Model: (MobileNetV2) | Acc: 84.07%
Round 55 | Client 16 | Model: (MobileNetV3) | Acc: 80.84%
Round 55 | Client 17 | Model: (LeNet) | Acc: 84.26%
Round 55 | Client 18 | Model: (AlexNet) | Acc: 82.42%
Round 55 | Client 19 | Model: (ShuffleNet) | Acc: 83.53%
Round 55 | Client 20 | Model: (SqueezeNet) | Acc: 82.05%
Round 55 | Client 22 | Model: (MLP) | Acc: 41.37%
Round 55 | Client 23 | Model: (CNN) | Acc: 47.91%
Round 55 | Client 24 | Model: (ResNet8) | Acc: 53.43%
Round 55 | Client 25 | Model: (ResNet18) | Acc: 59.82%
Round 55 | Client 26 | Model: (MobileNetV2) | Acc: 38.72%
Round 55 | Client 27 | Model: (MobileNetV3) | Acc: 45.60%
Round 55 | Client 28 | Model: (LeNet) | Acc: 52.59%
Round 55 | Client 29 | Model: (AlexNet) | Acc: 57.08%
Round 55 | Client 30 | Model: (ShuffleNet) | Acc: 36.18%
Round 55 | Client 31 | Model: (SqueezeNet) | Acc: 40.45%
Epoch 0 Loss: 10.8872
Epoch 1 Loss: 8.2382
Epoch 2 Loss: 7.6317
Epoch 3 Loss: 8.2842
Epoch 4 Loss: 7.8985
[Server] Global Inference Model Acc (MNIST) (Round 55): 55.14% (Tested on 9095 samples)
[Server] Global Inference Model Acc (EMNIST) (Round 55): 35.26% (Tested on 105779 samples)
[Server] Global Inference Model Acc (CIFAR10) (Round 55): 58.60% (Tested on 9100 samples)
[Server] Global Inference Model Acc (Mix) (Round 55): 38.43% (Tested on 123974 samples)
Saving checkpoints ...
[Server] Checkpoint saved to logs/2026-05-12_23-15-25/Ours_GeFL/server_checkpoints.pth
[Server] Global GAN for MNIST saved to logs/2026-05-12_23-15-25/Ours_GeFL/global_gans/MNIST_GAN.pth
[Server] Global GAN for EMNIST saved to logs/2026-05-12_23-15-25/Ours_GeFL/global_gans/EMNIST_GAN.pth
[Server] Global GAN for CIFAR10 saved to logs/2026-05-12_23-15-25/Ours_GeFL/global_gans/CIFAR10_GAN.pth
[Server] All 30 clients saved in logs/2026-05-12_23-15-25/Ours_GeFL/clients_last_round_checkpoints/
==============================    Finished. Total Time: 11:19:12    ==============================
