MNIST label 0 (0) -> EMNIST client_10
training labels = [1(1), 3(3), 4(4), 5(5), 7(7), 8(8), 9(9), 10(A), 12(C), 14(E), 16(G), 19(J), 24(O), 25(P), 26(Q), 27(R), 29(T), 31(V), 32(W), 38(c), 43(h), 47(l), 52(q), 53(r), 54(s), 56(u), 59(x), 61(z)]
distribution = {0:0.0000, 1:0.0000, 2:0.0000, 3:0.0000, 4:0.0000, 5:0.0000, 6:0.0000, 7:0.0000, 8:0.0000, 9:0.0000, A:0.0000, B:0.0000, C:0.0000, D:0.0000, E:0.0000, F:0.0000, G:0.0000, H:0.0000, I:0.0000, J:0.0000, K:0.0000, L:0.0000, M:0.0000, N:0.0000, O:1.0000, P:0.0000, Q:0.0000, R:0.0000, S:0.0000, T:0.0000, U:0.0000, V:0.0000, W:0.0000, X:0.0000, Y:0.0000, Z:0.0000, a:0.0000, b:0.0000, c:0.0000, d:0.0000, e:0.0000, f:0.0000, g:0.0000, h:0.0000, i:0.0000, j:0.0000, k:0.0000, l:0.0000, m:0.0000, n:0.0000, o:0.0000, p:0.0000, q:0.0000, r:0.0000, s:0.0000, t:0.0000, u:0.0000, v:0.0000, w:0.0000, x:0.0000, y:0.0000, z:0.0000}
result = 24 (O)
entropy = 0.000034

MNIST label 0 (0) -> EMNIST client_11
training labels = [0(0), 1(1), 2(2), 3(3), 4(4), 6(6), 7(7), 8(8), 9(9), 10(A), 12(C), 13(D), 15(F), 18(I), 19(J), 20(K), 22(M), 24(O), 27(R), 28(S), 30(U), 33(X), 35(Z), 36(a), 37(b), 38(c), 41(f), 45(j), 47(l), 50(o), 53(r), 54(s)]
distribution = {0:0.0766, 1:0.0000, 2:0.0000, 3:0.0000, 4:0.0000, 5:0.0000, 6:0.0000, 7:0.0000, 8:0.0000, 9:0.0000, A:0.0000, B:0.0000, C:0.0000, D:0.0000, E:0.0000, F:0.0000, G:0.0000, H:0.0000, I:0.0000, J:0.0000, K:0.0000, L:0.0000, M:0.0000, N:0.0000, O:0.6500, P:0.0000, Q:0.0000, R:0.0000, S:0.0000, T:0.0000, U:0.0000, V:0.0000, W:0.0000, X:0.0000, Y:0.0000, Z:0.0000, a:0.0000, b:0.0000, c:0.0000, d:0.0000, e:0.0000, f:0.0000, g:0.0000, h:0.0000, i:0.0000, j:0.0000, k:0.0000, l:0.0000, m:0.0000, n:0.0000, o:0.2733, p:0.0000, q:0.0000, r:0.0000, s:0.0000, t:0.0000, u:0.0000, v:0.0000, w:0.0000, x:0.0000, y:0.0000, z:0.0000}
result = 24 (O)
entropy = 0.832187

MNIST label 0 (0) -> EMNIST client_12
training labels = [0(0), 2(2), 3(3), 4(4), 5(5), 6(6), 7(7), 8(8), 9(9), 11(B), 13(D), 15(F), 17(H), 23(N), 25(P), 27(R), 28(S), 37(b), 38(c), 40(e), 41(f), 42(g), 43(h), 45(j), 47(l), 48(m), 51(p), 52(q), 55(t), 59(x), 61(z)]
distribution = {0:0.9974, 1:0.0000, 2:0.0000, 3:0.0000, 4:0.0000, 5:0.0000, 6:0.0025, 7:0.0000, 8:0.0000, 9:0.0000, A:0.0000, B:0.0000, C:0.0000, D:0.0000, E:0.0000, F:0.0000, G:0.0000, H:0.0000, I:0.0000, J:0.0000, K:0.0000, L:0.0000, M:0.0000, N:0.0000, O:0.0000, P:0.0000, Q:0.0000, R:0.0000, S:0.0000, T:0.0000, U:0.0000, V:0.0000, W:0.0000, X:0.0000, Y:0.0000, Z:0.0000, a:0.0000, b:0.0000, c:0.0000, d:0.0000, e:0.0000, f:0.0000, g:0.0000, h:0.0000, i:0.0000, j:0.0000, k:0.0000, l:0.0000, m:0.0000, n:0.0000, o:0.0000, p:0.0000, q:0.0000, r:0.0000, s:0.0000, t:0.0000, u:0.0000, v:0.0000, w:0.0000, x:0.0000, y:0.0000, z:0.0000}
result = 0 (0)
entropy = 0.018877

MNIST label 0 (0) -> EMNIST client_13
training labels = [1(1), 3(3), 5(5), 7(7), 8(8), 9(9), 10(A), 11(B), 13(D), 16(G), 17(H), 18(I), 20(K), 21(L), 22(M), 25(P), 26(Q), 28(S), 30(U), 32(W), 33(X), 35(Z), 37(b), 38(c), 39(d), 40(e), 41(f), 42(g), 45(j), 46(k), 47(l), 48(m), 50(o), 51(p), 52(q), 53(r), 54(s), 55(t), 56(u), 57(v), 58(w), 59(x), 60(y)]
distribution = {0:0.0000, 1:0.0000, 2:0.0000, 3:0.0001, 4:0.0000, 5:0.0000, 6:0.0000, 7:0.0000, 8:0.0000, 9:0.0276, A:0.0000, B:0.0000, C:0.0000, D:0.0016, E:0.0000, F:0.0000, G:0.0028, H:0.0000, I:0.0002, J:0.0000, K:0.0000, L:0.0000, M:0.0691, N:0.0000, O:0.0000, P:0.0000, Q:0.0030, R:0.0000, S:0.0001, T:0.0000, U:0.1215, V:0.0000, W:0.0000, X:0.0000, Y:0.0000, Z:0.0000, a:0.0000, b:0.0007, c:0.0000, d:0.0000, e:0.0000, f:0.0000, g:0.0057, h:0.0000, i:0.0000, j:0.0000, k:0.0000, l:0.0000, m:0.0000, n:0.0000, o:0.7662, p:0.0000, q:0.0000, r:0.0000, s:0.0000, t:0.0007, u:0.0005, v:0.0000, w:0.0000, x:0.0000, y:0.0000, z:0.0000}
result = 50 (o)
entropy = 0.837001

MNIST label 0 (0) -> EMNIST client_14
training labels = [2(2), 3(3), 4(4), 5(5), 6(6), 11(B), 16(G), 17(H), 18(I), 20(K), 21(L), 23(N), 26(Q), 31(V), 32(W), 33(X), 34(Y), 37(b), 38(c), 39(d), 40(e), 41(f), 47(l), 49(n), 52(q), 53(r), 54(s), 60(y), 61(z)]
distribution = {0:0.0000, 1:0.0000, 2:0.0012, 3:0.0000, 4:0.0000, 5:0.0000, 6:0.0003, 7:0.0000, 8:0.0000, 9:0.0000, A:0.0000, B:0.0020, C:0.0000, D:0.0000, E:0.0000, F:0.0000, G:0.0000, H:0.0000, I:0.0009, J:0.0000, K:0.0000, L:0.0001, M:0.0000, N:0.0001, O:0.0000, P:0.0000, Q:0.7417, R:0.0000, S:0.0000, T:0.0000, U:0.0000, V:0.0000, W:0.0001, X:0.0000, Y:0.0000, Z:0.0000, a:0.0000, b:0.0001, c:0.0028, d:0.2404, e:0.0005, f:0.0000, g:0.0000, h:0.0000, i:0.0000, j:0.0000, k:0.0000, l:0.0005, m:0.0000, n:0.0072, o:0.0000, p:0.0000, q:0.0014, r:0.0000, s:0.0000, t:0.0000, u:0.0000, v:0.0000, w:0.0000, x:0.0000, y:0.0001, z:0.0006}
result = 26 (Q)
entropy = 0.671062

MNIST label 0 (0) -> EMNIST client_15
training labels = [2(2), 4(4), 5(5), 6(6), 7(7), 8(8), 9(9), 11(B), 12(C), 16(G), 17(H), 19(J), 21(L), 22(M), 23(N), 24(O), 25(P), 26(Q), 27(R), 29(T), 33(X), 34(Y), 36(a), 39(d), 40(e), 41(f), 43(h), 46(k), 51(p), 52(q), 53(r), 56(u), 57(v), 58(w), 59(x), 60(y), 61(z)]
distribution = {0:0.0000, 1:0.0000, 2:0.0000, 3:0.0000, 4:0.0000, 5:0.0000, 6:0.0000, 7:0.0000, 8:0.0000, 9:0.0014, A:0.0000, B:0.0000, C:0.0005, D:0.0000, E:0.0000, F:0.0000, G:0.0000, H:0.0000, I:0.0000, J:0.0000, K:0.0000, L:0.0000, M:0.0000, N:0.0000, O:0.9767, P:0.0000, Q:0.0003, R:0.0000, S:0.0000, T:0.0000, U:0.0000, V:0.0000, W:0.0000, X:0.0000, Y:0.0000, Z:0.0000, a:0.0179, b:0.0000, c:0.0000, d:0.0000, e:0.0016, f:0.0000, g:0.0000, h:0.0000, i:0.0000, j:0.0000, k:0.0000, l:0.0000, m:0.0000, n:0.0000, o:0.0000, p:0.0000, q:0.0000, r:0.0000, s:0.0000, t:0.0000, u:0.0017, v:0.0000, w:0.0000, x:0.0000, y:0.0000, z:0.0000}
result = 24 (O)
entropy = 0.131713

MNIST label 0 (0) -> EMNIST client_16
training labels = [0(0), 2(2), 4(4), 5(5), 6(6), 7(7), 8(8), 9(9), 10(A), 11(B), 12(C), 14(E), 15(F), 21(L), 25(P), 27(R), 30(U), 32(W), 37(b), 38(c), 40(e), 43(h), 44(i), 46(k), 47(l), 49(n), 50(o), 53(r), 54(s), 55(t), 56(u)]
distribution = {0:0.0033, 1:0.0000, 2:0.0047, 3:0.0000, 4:0.0000, 5:0.0000, 6:0.0000, 7:0.0004, 8:0.0000, 9:0.0000, A:0.0000, B:0.0000, C:0.0000, D:0.0000, E:0.0000, F:0.0446, G:0.0000, H:0.0000, I:0.0000, J:0.0000, K:0.0000, L:0.0000, M:0.0000, N:0.0000, O:0.0000, P:0.0000, Q:0.0000, R:0.0000, S:0.0000, T:0.0000, U:0.0000, V:0.0000, W:0.0000, X:0.0000, Y:0.0000, Z:0.0000, a:0.0000, b:0.0001, c:0.0000, d:0.0000, e:0.0000, f:0.0000, g:0.0000, h:0.0000, i:0.0000, j:0.0000, k:0.0000, l:0.0000, m:0.0000, n:0.0000, o:0.9454, p:0.0000, q:0.0000, r:0.0004, s:0.0000, t:0.0011, u:0.0000, v:0.0000, w:0.0000, x:0.0000, y:0.0000, z:0.0000}
result = 50 (o)
entropy = 0.250605

MNIST label 0 (0) -> EMNIST client_17
training labels = [0(0), 1(1), 2(2), 3(3), 5(5), 8(8), 9(9), 10(A), 14(E), 15(F), 19(J), 20(K), 21(L), 23(N), 25(P), 26(Q), 27(R), 29(T), 31(V), 33(X), 34(Y), 36(a), 38(c), 42(g), 44(i), 45(j), 47(l), 53(r), 54(s), 55(t), 57(v), 59(x), 60(y), 61(z)]
distribution = {0:1.0000, 1:0.0000, 2:0.0000, 3:0.0000, 4:0.0000, 5:0.0000, 6:0.0000, 7:0.0000, 8:0.0000, 9:0.0000, A:0.0000, B:0.0000, C:0.0000, D:0.0000, E:0.0000, F:0.0000, G:0.0000, H:0.0000, I:0.0000, J:0.0000, K:0.0000, L:0.0000, M:0.0000, N:0.0000, O:0.0000, P:0.0000, Q:0.0000, R:0.0000, S:0.0000, T:0.0000, U:0.0000, V:0.0000, W:0.0000, X:0.0000, Y:0.0000, Z:0.0000, a:0.0000, b:0.0000, c:0.0000, d:0.0000, e:0.0000, f:0.0000, g:0.0000, h:0.0000, i:0.0000, j:0.0000, k:0.0000, l:0.0000, m:0.0000, n:0.0000, o:0.0000, p:0.0000, q:0.0000, r:0.0000, s:0.0000, t:0.0000, u:0.0000, v:0.0000, w:0.0000, x:0.0000, y:0.0000, z:0.0000}
result = 0 (0)
entropy = 0.000000

MNIST label 0 (0) -> EMNIST client_18
training labels = [0(0), 1(1), 2(2), 5(5), 6(6), 9(9), 10(A), 14(E), 15(F), 16(G), 17(H), 20(K), 22(M), 24(O), 28(S), 32(W), 33(X), 34(Y), 36(a), 42(g), 44(i), 46(k), 47(l), 48(m), 49(n), 50(o), 53(r), 54(s), 55(t), 57(v), 58(w), 61(z)]
distribution = {0:0.7032, 1:0.0000, 2:0.0000, 3:0.0000, 4:0.0000, 5:0.0000, 6:0.0000, 7:0.0000, 8:0.0000, 9:0.0000, A:0.0000, B:0.0000, C:0.0000, D:0.0000, E:0.0000, F:0.0000, G:0.0000, H:0.0000, I:0.0000, J:0.0000, K:0.0000, L:0.0000, M:0.0000, N:0.0000, O:0.1865, P:0.0000, Q:0.0000, R:0.0000, S:0.0000, T:0.0000, U:0.0000, V:0.0000, W:0.0000, X:0.0000, Y:0.0000, Z:0.0000, a:0.0000, b:0.0000, c:0.0000, d:0.0000, e:0.0000, f:0.0000, g:0.0000, h:0.0000, i:0.0000, j:0.0000, k:0.0000, l:0.0000, m:0.0000, n:0.0000, o:0.1100, p:0.0000, q:0.0000, r:0.0001, s:0.0000, t:0.0000, u:0.0000, v:0.0000, w:0.0000, x:0.0000, y:0.0000, z:0.0000}
result = 0 (0)
entropy = 0.806430

MNIST label 0 (0) -> EMNIST client_19
training labels = [0(0), 1(1), 2(2), 3(3), 4(4), 5(5), 6(6), 7(7), 8(8), 9(9), 10(A), 11(B), 12(C), 13(D), 14(E), 15(F), 16(G), 17(H), 18(I), 19(J), 20(K), 21(L), 22(M), 23(N), 24(O), 25(P), 26(Q), 27(R), 28(S), 29(T), 30(U), 31(V), 32(W), 33(X), 34(Y), 35(Z), 36(a), 37(b), 38(c), 39(d), 40(e), 41(f), 42(g), 43(h), 44(i), 45(j), 46(k), 47(l), 48(m), 49(n), 50(o), 51(p), 52(q), 53(r), 54(s), 55(t), 56(u), 57(v), 58(w), 59(x), 60(y), 61(z)]
distribution = {0:0.0000, 1:0.0000, 2:0.0000, 3:0.0000, 4:0.0000, 5:0.0000, 6:0.0000, 7:0.0000, 8:0.0000, 9:0.0000, A:0.0000, B:0.0000, C:0.0000, D:0.0000, E:0.0000, F:0.0000, G:0.0000, H:0.0000, I:0.0000, J:0.0000, K:0.0000, L:0.0000, M:0.0000, N:0.0000, O:1.0000, P:0.0000, Q:0.0000, R:0.0000, S:0.0000, T:0.0000, U:0.0000, V:0.0000, W:0.0000, X:0.0000, Y:0.0000, Z:0.0000, a:0.0000, b:0.0000, c:0.0000, d:0.0000, e:0.0000, f:0.0000, g:0.0000, h:0.0000, i:0.0000, j:0.0000, k:0.0000, l:0.0000, m:0.0000, n:0.0000, o:0.0000, p:0.0000, q:0.0000, r:0.0000, s:0.0000, t:0.0000, u:0.0000, v:0.0000, w:0.0000, x:0.0000, y:0.0000, z:0.0000}
result = 24 (O)
entropy = 0.000095

MNIST label 1 (1) -> EMNIST client_10
training labels = [1(1), 3(3), 4(4), 5(5), 7(7), 8(8), 9(9), 10(A), 12(C), 14(E), 16(G), 19(J), 24(O), 25(P), 26(Q), 27(R), 29(T), 31(V), 32(W), 38(c), 43(h), 47(l), 52(q), 53(r), 54(s), 56(u), 59(x), 61(z)]
distribution = {0:0.0000, 1:0.9999, 2:0.0000, 3:0.0000, 4:0.0000, 5:0.0000, 6:0.0000, 7:0.0000, 8:0.0000, 9:0.0000, A:0.0000, B:0.0000, C:0.0000, D:0.0000, E:0.0000, F:0.0000, G:0.0000, H:0.0000, I:0.0000, J:0.0000, K:0.0000, L:0.0000, M:0.0000, N:0.0000, O:0.0000, P:0.0000, Q:0.0000, R:0.0000, S:0.0000, T:0.0000, U:0.0000, V:0.0000, W:0.0000, X:0.0000, Y:0.0000, Z:0.0000, a:0.0000, b:0.0000, c:0.0000, d:0.0000, e:0.0000, f:0.0000, g:0.0000, h:0.0000, i:0.0000, j:0.0000, k:0.0000, l:0.0001, m:0.0000, n:0.0000, o:0.0000, p:0.0000, q:0.0000, r:0.0000, s:0.0000, t:0.0000, u:0.0000, v:0.0000, w:0.0000, x:0.0000, y:0.0000, z:0.0000}
result = 1 (1)
entropy = 0.001450

MNIST label 1 (1) -> EMNIST client_11
training labels = [0(0), 1(1), 2(2), 3(3), 4(4), 6(6), 7(7), 8(8), 9(9), 10(A), 12(C), 13(D), 15(F), 18(I), 19(J), 20(K), 22(M), 24(O), 27(R), 28(S), 30(U), 33(X), 35(Z), 36(a), 37(b), 38(c), 41(f), 45(j), 47(l), 50(o), 53(r), 54(s)]
distribution = {0:0.0013, 1:0.6137, 2:0.0000, 3:0.0000, 4:0.0001, 5:0.0000, 6:0.0000, 7:0.0000, 8:0.0000, 9:0.0000, A:0.0004, B:0.0000, C:0.0000, D:0.0003, E:0.0000, F:0.0000, G:0.0000, H:0.0000, I:0.2018, J:0.0028, K:0.0000, L:0.0000, M:0.0001, N:0.0000, O:0.0007, P:0.0000, Q:0.0000, R:0.0000, S:0.0005, T:0.0000, U:0.0002, V:0.0000, W:0.0000, X:0.0000, Y:0.0000, Z:0.0000, a:0.0000, b:0.0008, c:0.0000, d:0.0000, e:0.0000, f:0.0000, g:0.0000, h:0.0000, i:0.0000, j:0.0134, k:0.0000, l:0.1503, m:0.0000, n:0.0000, o:0.0019, p:0.0000, q:0.0000, r:0.0114, s:0.0000, t:0.0000, u:0.0000, v:0.0000, w:0.0000, x:0.0000, y:0.0000, z:0.0000}
result = 1 (1)
entropy = 1.079143

MNIST label 1 (1) -> EMNIST client_12
training labels = [0(0), 2(2), 3(3), 4(4), 5(5), 6(6), 7(7), 8(8), 9(9), 11(B), 13(D), 15(F), 17(H), 23(N), 25(P), 27(R), 28(S), 37(b), 38(c), 40(e), 41(f), 42(g), 43(h), 45(j), 47(l), 48(m), 51(p), 52(q), 55(t), 59(x), 61(z)]
distribution = {0:0.0000, 1:0.0000, 2:0.0000, 3:0.0000, 4:0.0028, 5:0.0000, 6:0.0000, 7:0.0048, 8:0.0000, 9:0.0000, A:0.0000, B:0.0000, C:0.0000, D:0.0001, E:0.0000, F:0.0000, G:0.0000, H:0.0020, I:0.0000, J:0.0000, K:0.0000, L:0.0000, M:0.0000, N:0.0007, O:0.0000, P:0.0000, Q:0.0000, R:0.0000, S:0.0000, T:0.0000, U:0.0000, V:0.0000, W:0.0000, X:0.0000, Y:0.0000, Z:0.0000, a:0.0000, b:0.0000, c:0.0000, d:0.0000, e:0.0000, f:0.0000, g:0.0000, h:0.1003, i:0.0000, j:0.0012, k:0.0000, l:0.8872, m:0.0000, n:0.0000, o:0.0000, p:0.0000, q:0.0000, r:0.0000, s:0.0000, t:0.0007, u:0.0000, v:0.0000, w:0.0000, x:0.0000, y:0.0000, z:0.0000}
result = 47 (l)
entropy = 0.412287

MNIST label 1 (1) -> EMNIST client_13
training labels = [1(1), 3(3), 5(5), 7(7), 8(8), 9(9), 10(A), 11(B), 13(D), 16(G), 17(H), 18(I), 20(K), 21(L), 22(M), 25(P), 26(Q), 28(S), 30(U), 32(W), 33(X), 35(Z), 37(b), 38(c), 39(d), 40(e), 41(f), 42(g), 45(j), 46(k), 47(l), 48(m), 50(o), 51(p), 52(q), 53(r), 54(s), 55(t), 56(u), 57(v), 58(w), 59(x), 60(y)]
distribution = {0:0.0000, 1:0.9095, 2:0.0000, 3:0.0000, 4:0.0000, 5:0.0000, 6:0.0000, 7:0.0000, 8:0.0000, 9:0.0000, A:0.0000, B:0.0000, C:0.0000, D:0.0000, E:0.0000, F:0.0000, G:0.0000, H:0.0000, I:0.0884, J:0.0000, K:0.0001, L:0.0000, M:0.0000, N:0.0000, O:0.0000, P:0.0000, Q:0.0000, R:0.0000, S:0.0000, T:0.0000, U:0.0000, V:0.0000, W:0.0000, X:0.0000, Y:0.0000, Z:0.0000, a:0.0000, b:0.0001, c:0.0000, d:0.0000, e:0.0000, f:0.0000, g:0.0000, h:0.0000, i:0.0000, j:0.0000, k:0.0000, l:0.0005, m:0.0000, n:0.0000, o:0.0000, p:0.0000, q:0.0000, r:0.0000, s:0.0000, t:0.0011, u:0.0003, v:0.0000, w:0.0000, x:0.0000, y:0.0000, z:0.0000}
result = 1 (1)
entropy = 0.317067

MNIST label 1 (1) -> EMNIST client_14
training labels = [2(2), 3(3), 4(4), 5(5), 6(6), 11(B), 16(G), 17(H), 18(I), 20(K), 21(L), 23(N), 26(Q), 31(V), 32(W), 33(X), 34(Y), 37(b), 38(c), 39(d), 40(e), 41(f), 47(l), 49(n), 52(q), 53(r), 54(s), 60(y), 61(z)]
distribution = {0:0.0000, 1:0.0000, 2:0.0000, 3:0.0000, 4:0.0000, 5:0.0000, 6:0.0001, 7:0.0000, 8:0.0000, 9:0.0000, A:0.0000, B:0.0000, C:0.0000, D:0.0000, E:0.0000, F:0.0000, G:0.0000, H:0.0004, I:0.8923, J:0.0000, K:0.0000, L:0.0001, M:0.0000, N:0.0001, O:0.0000, P:0.0000, Q:0.0000, R:0.0000, S:0.0000, T:0.0000, U:0.0000, V:0.0055, W:0.0000, X:0.0001, Y:0.0017, Z:0.0000, a:0.0000, b:0.0000, c:0.0000, d:0.0027, e:0.0000, f:0.0000, g:0.0000, h:0.0000, i:0.0000, j:0.0000, k:0.0000, l:0.0950, m:0.0000, n:0.0001, o:0.0000, p:0.0000, q:0.0000, r:0.0003, s:0.0000, t:0.0000, u:0.0000, v:0.0000, w:0.0000, x:0.0000, y:0.0013, z:0.0000}
result = 18 (I)
entropy = 0.401966

MNIST label 1 (1) -> EMNIST client_15
training labels = [2(2), 4(4), 5(5), 6(6), 7(7), 8(8), 9(9), 11(B), 12(C), 16(G), 17(H), 19(J), 21(L), 22(M), 23(N), 24(O), 25(P), 26(Q), 27(R), 29(T), 33(X), 34(Y), 36(a), 39(d), 40(e), 41(f), 43(h), 46(k), 51(p), 52(q), 53(r), 56(u), 57(v), 58(w), 59(x), 60(y), 61(z)]
distribution = {0:0.0000, 1:0.0000, 2:0.0000, 3:0.0000, 4:0.0000, 5:0.0000, 6:0.0184, 7:0.0814, 8:0.0000, 9:0.2015, A:0.0000, B:0.0000, C:0.0000, D:0.0000, E:0.0000, F:0.0000, G:0.0000, H:0.0000, I:0.0000, J:0.0015, K:0.0000, L:0.0083, M:0.0000, N:0.0000, O:0.0000, P:0.0000, Q:0.0000, R:0.0000, S:0.0000, T:0.0000, U:0.0000, V:0.0000, W:0.0000, X:0.0009, Y:0.0629, Z:0.0000, a:0.0000, b:0.0000, c:0.0000, d:0.0000, e:0.0062, f:0.0000, g:0.0000, h:0.0013, i:0.0000, j:0.0000, k:0.0058, l:0.0000, m:0.0000, n:0.0000, o:0.0000, p:0.0000, q:0.0000, r:0.4202, s:0.0000, t:0.0000, u:0.1916, v:0.0000, w:0.0000, x:0.0000, y:0.0000, z:0.0000}
result = 53 (r)
entropy = 1.581815

MNIST label 1 (1) -> EMNIST client_16
training labels = [0(0), 2(2), 4(4), 5(5), 6(6), 7(7), 8(8), 9(9), 10(A), 11(B), 12(C), 14(E), 15(F), 21(L), 25(P), 27(R), 30(U), 32(W), 37(b), 38(c), 40(e), 43(h), 44(i), 46(k), 47(l), 49(n), 50(o), 53(r), 54(s), 55(t), 56(u)]
distribution = {0:0.0000, 1:0.0000, 2:0.0000, 3:0.0000, 4:0.0000, 5:0.0000, 6:0.0000, 7:0.0000, 8:0.0000, 9:0.0000, A:0.0000, B:0.0000, C:0.0002, D:0.0000, E:0.0000, F:0.0005, G:0.0000, H:0.0000, I:0.0000, J:0.0000, K:0.0000, L:0.0001, M:0.0000, N:0.0000, O:0.0000, P:0.0000, Q:0.0000, R:0.0000, S:0.0000, T:0.0000, U:0.0000, V:0.0000, W:0.0000, X:0.0000, Y:0.0000, Z:0.0000, a:0.0000, b:0.0000, c:0.0000, d:0.0000, e:0.0000, f:0.0000, g:0.0000, h:0.0000, i:0.0003, j:0.0000, k:0.0000, l:0.9988, m:0.0000, n:0.0000, o:0.0000, p:0.0000, q:0.0000, r:0.0000, s:0.0000, t:0.0000, u:0.0000, v:0.0000, w:0.0000, x:0.0000, y:0.0000, z:0.0000}
result = 47 (l)
entropy = 0.010968

MNIST label 1 (1) -> EMNIST client_17
training labels = [0(0), 1(1), 2(2), 3(3), 5(5), 8(8), 9(9), 10(A), 14(E), 15(F), 19(J), 20(K), 21(L), 23(N), 25(P), 26(Q), 27(R), 29(T), 31(V), 33(X), 34(Y), 36(a), 38(c), 42(g), 44(i), 45(j), 47(l), 53(r), 54(s), 55(t), 57(v), 59(x), 60(y), 61(z)]
distribution = {0:0.0000, 1:0.0569, 2:0.0000, 3:0.0000, 4:0.0000, 5:0.0000, 6:0.0000, 7:0.0000, 8:0.0000, 9:0.0000, A:0.0000, B:0.0000, C:0.0000, D:0.0000, E:0.0000, F:0.0000, G:0.0000, H:0.0000, I:0.0000, J:0.0117, K:0.0000, L:0.0000, M:0.0000, N:0.0142, O:0.0000, P:0.0021, Q:0.0000, R:0.0000, S:0.0000, T:0.0000, U:0.0000, V:0.0014, W:0.0000, X:0.0000, Y:0.0000, Z:0.0000, a:0.0000, b:0.0000, c:0.0000, d:0.0000, e:0.0000, f:0.0000, g:0.0001, h:0.0000, i:0.1323, j:0.0006, k:0.0000, l:0.7800, m:0.0000, n:0.0000, o:0.0000, p:0.0000, q:0.0000, r:0.0003, s:0.0000, t:0.0000, u:0.0000, v:0.0000, w:0.0000, x:0.0001, y:0.0000, z:0.0000}
result = 47 (l)
entropy = 0.770130

MNIST label 1 (1) -> EMNIST client_18
training labels = [0(0), 1(1), 2(2), 5(5), 6(6), 9(9), 10(A), 14(E), 15(F), 16(G), 17(H), 20(K), 22(M), 24(O), 28(S), 32(W), 33(X), 34(Y), 36(a), 42(g), 44(i), 46(k), 47(l), 48(m), 49(n), 50(o), 53(r), 54(s), 55(t), 57(v), 58(w), 61(z)]
distribution = {0:0.0000, 1:0.8872, 2:0.0000, 3:0.0000, 4:0.0000, 5:0.0000, 6:0.0000, 7:0.0000, 8:0.0000, 9:0.0000, A:0.0000, B:0.0000, C:0.0000, D:0.0000, E:0.0000, F:0.0000, G:0.0000, H:0.0000, I:0.0000, J:0.0000, K:0.0000, L:0.0000, M:0.0000, N:0.0000, O:0.0000, P:0.0000, Q:0.0000, R:0.0000, S:0.0020, T:0.0000, U:0.0000, V:0.0000, W:0.0010, X:0.0000, Y:0.0000, Z:0.0000, a:0.0000, b:0.0000, c:0.0000, d:0.0000, e:0.0000, f:0.0000, g:0.0000, h:0.0000, i:0.0863, j:0.0000, k:0.0000, l:0.0232, m:0.0000, n:0.0001, o:0.0000, p:0.0000, q:0.0000, r:0.0001, s:0.0000, t:0.0000, u:0.0000, v:0.0000, w:0.0000, x:0.0000, y:0.0000, z:0.0000}
result = 1 (1)
entropy = 0.427091

MNIST label 1 (1) -> EMNIST client_19
training labels = [0(0), 1(1), 2(2), 3(3), 4(4), 5(5), 6(6), 7(7), 8(8), 9(9), 10(A), 11(B), 12(C), 13(D), 14(E), 15(F), 16(G), 17(H), 18(I), 19(J), 20(K), 21(L), 22(M), 23(N), 24(O), 25(P), 26(Q), 27(R), 28(S), 29(T), 30(U), 31(V), 32(W), 33(X), 34(Y), 35(Z), 36(a), 37(b), 38(c), 39(d), 40(e), 41(f), 42(g), 43(h), 44(i), 45(j), 46(k), 47(l), 48(m), 49(n), 50(o), 51(p), 52(q), 53(r), 54(s), 55(t), 56(u), 57(v), 58(w), 59(x), 60(y), 61(z)]
distribution = {0:0.0000, 1:0.0499, 2:0.0000, 3:0.0000, 4:0.0000, 5:0.0000, 6:0.0000, 7:0.0000, 8:0.0000, 9:0.0000, A:0.0000, B:0.0000, C:0.0000, D:0.0000, E:0.0000, F:0.0000, G:0.0000, H:0.0000, I:0.0014, J:0.0000, K:0.0000, L:0.0000, M:0.0000, N:0.0000, O:0.0000, P:0.0000, Q:0.0000, R:0.0000, S:0.0000, T:0.0000, U:0.0000, V:0.0000, W:0.0000, X:0.0000, Y:0.0000, Z:0.0000, a:0.0000, b:0.0000, c:0.0000, d:0.0000, e:0.0000, f:0.0000, g:0.0000, h:0.0000, i:0.0003, j:0.0000, k:0.0000, l:0.9484, m:0.0000, n:0.0000, o:0.0000, p:0.0000, q:0.0000, r:0.0000, s:0.0000, t:0.0000, u:0.0000, v:0.0000, w:0.0000, x:0.0000, y:0.0000, z:0.0000}
result = 47 (l)
entropy = 0.211703

MNIST label 2 (2) -> EMNIST client_10
training labels = [1(1), 3(3), 4(4), 5(5), 7(7), 8(8), 9(9), 10(A), 12(C), 14(E), 16(G), 19(J), 24(O), 25(P), 26(Q), 27(R), 29(T), 31(V), 32(W), 38(c), 43(h), 47(l), 52(q), 53(r), 54(s), 56(u), 59(x), 61(z)]
distribution = {0:0.0000, 1:0.0043, 2:0.0000, 3:0.0243, 4:0.0130, 5:0.0000, 6:0.0000, 7:0.0018, 8:0.0010, 9:0.0020, A:0.0051, B:0.0000, C:0.0589, D:0.0000, E:0.0831, F:0.0000, G:0.0037, H:0.0000, I:0.0000, J:0.0001, K:0.0000, L:0.0000, M:0.0000, N:0.0000, O:0.0045, P:0.0045, Q:0.0370, R:0.1551, S:0.0000, T:0.0013, U:0.0000, V:0.0002, W:0.0010, X:0.0000, Y:0.0000, Z:0.0000, a:0.0000, b:0.0000, c:0.0057, d:0.0000, e:0.0000, f:0.0000, g:0.0000, h:0.0011, i:0.0000, j:0.0000, k:0.0000, l:0.0000, m:0.0000, n:0.0000, o:0.0000, p:0.0000, q:0.0294, r:0.0005, s:0.0001, t:0.0000, u:0.0022, v:0.0000, w:0.0000, x:0.0065, y:0.0000, z:0.5535}
result = 61 (z)
entropy = 1.620309

MNIST label 2 (2) -> EMNIST client_11
training labels = [0(0), 1(1), 2(2), 3(3), 4(4), 6(6), 7(7), 8(8), 9(9), 10(A), 12(C), 13(D), 15(F), 18(I), 19(J), 20(K), 22(M), 24(O), 27(R), 28(S), 30(U), 33(X), 35(Z), 36(a), 37(b), 38(c), 41(f), 45(j), 47(l), 50(o), 53(r), 54(s)]
distribution = {0:0.0000, 1:0.0000, 2:0.9996, 3:0.0000, 4:0.0000, 5:0.0000, 6:0.0000, 7:0.0000, 8:0.0000, 9:0.0000, A:0.0000, B:0.0000, C:0.0000, D:0.0000, E:0.0000, F:0.0000, G:0.0000, H:0.0000, I:0.0000, J:0.0000, K:0.0000, L:0.0000, M:0.0000, N:0.0000, O:0.0000, P:0.0000, Q:0.0000, R:0.0000, S:0.0000, T:0.0000, U:0.0000, V:0.0000, W:0.0000, X:0.0000, Y:0.0000, Z:0.0002, a:0.0002, b:0.0000, c:0.0000, d:0.0000, e:0.0000, f:0.0000, g:0.0000, h:0.0000, i:0.0000, j:0.0000, k:0.0000, l:0.0000, m:0.0000, n:0.0000, o:0.0000, p:0.0000, q:0.0000, r:0.0000, s:0.0000, t:0.0000, u:0.0000, v:0.0000, w:0.0000, x:0.0000, y:0.0000, z:0.0000}
result = 2 (2)
entropy = 0.003976

MNIST label 2 (2) -> EMNIST client_12
training labels = [0(0), 2(2), 3(3), 4(4), 5(5), 6(6), 7(7), 8(8), 9(9), 11(B), 13(D), 15(F), 17(H), 23(N), 25(P), 27(R), 28(S), 37(b), 38(c), 40(e), 41(f), 42(g), 43(h), 45(j), 47(l), 48(m), 51(p), 52(q), 55(t), 59(x), 61(z)]
distribution = {0:0.0000, 1:0.0000, 2:0.5050, 3:0.0000, 4:0.0000, 5:0.0000, 6:0.0000, 7:0.0000, 8:0.3121, 9:0.0000, A:0.0000, B:0.0037, C:0.0000, D:0.0003, E:0.0000, F:0.0000, G:0.0000, H:0.0000, I:0.0000, J:0.0000, K:0.0000, L:0.0000, M:0.0000, N:0.0000, O:0.0000, P:0.0000, Q:0.0000, R:0.0285, S:0.0021, T:0.0000, U:0.0000, V:0.0000, W:0.0000, X:0.0000, Y:0.0000, Z:0.0000, a:0.0000, b:0.0000, c:0.0000, d:0.0000, e:0.0089, f:0.0000, g:0.0090, h:0.0000, i:0.0000, j:0.0000, k:0.0000, l:0.0000, m:0.0000, n:0.0000, o:0.0000, p:0.0000, q:0.0173, r:0.0000, s:0.0000, t:0.0000, u:0.0000, v:0.0000, w:0.0000, x:0.0002, y:0.0000, z:0.1127}
result = 2 (2)
entropy = 1.250358

MNIST label 2 (2) -> EMNIST client_13
training labels = [1(1), 3(3), 5(5), 7(7), 8(8), 9(9), 10(A), 11(B), 13(D), 16(G), 17(H), 18(I), 20(K), 21(L), 22(M), 25(P), 26(Q), 28(S), 30(U), 32(W), 33(X), 35(Z), 37(b), 38(c), 39(d), 40(e), 41(f), 42(g), 45(j), 46(k), 47(l), 48(m), 50(o), 51(p), 52(q), 53(r), 54(s), 55(t), 56(u), 57(v), 58(w), 59(x), 60(y)]
distribution = {0:0.0000, 1:0.0056, 2:0.0000, 3:0.0242, 4:0.0000, 5:0.0000, 6:0.0000, 7:0.0001, 8:0.0000, 9:0.0000, A:0.0000, B:0.0000, C:0.0000, D:0.0010, E:0.0000, F:0.0000, G:0.0000, H:0.0000, I:0.0015, J:0.0000, K:0.0000, L:0.0000, M:0.0000, N:0.0000, O:0.0000, P:0.0000, Q:0.0000, R:0.0000, S:0.0000, T:0.0000, U:0.0000, V:0.0000, W:0.0000, X:0.0000, Y:0.0000, Z:0.9675, a:0.0000, b:0.0000, c:0.0000, d:0.0001, e:0.0000, f:0.0000, g:0.0000, h:0.0000, i:0.0000, j:0.0000, k:0.0000, l:0.0000, m:0.0000, n:0.0000, o:0.0000, p:0.0000, q:0.0000, r:0.0000, s:0.0000, t:0.0000, u:0.0000, v:0.0000, w:0.0000, x:0.0000, y:0.0000, z:0.0000}
result = 35 (Z)
entropy = 0.169899

MNIST label 2 (2) -> EMNIST client_14
training labels = [2(2), 3(3), 4(4), 5(5), 6(6), 11(B), 16(G), 17(H), 18(I), 20(K), 21(L), 23(N), 26(Q), 31(V), 32(W), 33(X), 34(Y), 37(b), 38(c), 39(d), 40(e), 41(f), 47(l), 49(n), 52(q), 53(r), 54(s), 60(y), 61(z)]
distribution = {0:0.0000, 1:0.0000, 2:0.8965, 3:0.0066, 4:0.0000, 5:0.0000, 6:0.0000, 7:0.0000, 8:0.0000, 9:0.0000, A:0.0000, B:0.0000, C:0.0000, D:0.0000, E:0.0000, F:0.0000, G:0.0000, H:0.0000, I:0.0003, J:0.0000, K:0.0000, L:0.0000, M:0.0000, N:0.0000, O:0.0000, P:0.0000, Q:0.0000, R:0.0000, S:0.0000, T:0.0000, U:0.0000, V:0.0000, W:0.0000, X:0.0000, Y:0.0000, Z:0.0000, a:0.0000, b:0.0000, c:0.0000, d:0.0002, e:0.0000, f:0.0000, g:0.0000, h:0.0000, i:0.0000, j:0.0000, k:0.0000, l:0.0000, m:0.0000, n:0.0000, o:0.0000, p:0.0000, q:0.0000, r:0.0000, s:0.0000, t:0.0000, u:0.0000, v:0.0000, w:0.0000, x:0.0000, y:0.0000, z:0.0963}
result = 2 (2)
entropy = 0.362064

MNIST label 2 (2) -> EMNIST client_15
training labels = [2(2), 4(4), 5(5), 6(6), 7(7), 8(8), 9(9), 11(B), 12(C), 16(G), 17(H), 19(J), 21(L), 22(M), 23(N), 24(O), 25(P), 26(Q), 27(R), 29(T), 33(X), 34(Y), 36(a), 39(d), 40(e), 41(f), 43(h), 46(k), 51(p), 52(q), 53(r), 56(u), 57(v), 58(w), 59(x), 60(y), 61(z)]
distribution = {0:0.0000, 1:0.0000, 2:0.0009, 3:0.0000, 4:0.0000, 5:0.0001, 6:0.0363, 7:0.0000, 8:0.1959, 9:0.4306, A:0.0000, B:0.0000, C:0.0000, D:0.0000, E:0.0000, F:0.0000, G:0.0000, H:0.0000, I:0.0000, J:0.0000, K:0.0000, L:0.0050, M:0.0000, N:0.0000, O:0.0324, P:0.0000, Q:0.2177, R:0.0001, S:0.0000, T:0.0000, U:0.0000, V:0.0000, W:0.0000, X:0.0072, Y:0.0001, Z:0.0000, a:0.0057, b:0.0000, c:0.0000, d:0.0000, e:0.0641, f:0.0000, g:0.0000, h:0.0000, i:0.0000, j:0.0000, k:0.0000, l:0.0000, m:0.0000, n:0.0000, o:0.0000, p:0.0000, q:0.0000, r:0.0000, s:0.0000, t:0.0000, u:0.0039, v:0.0000, w:0.0000, x:0.0000, y:0.0000, z:0.0000}
result = 9 (9)
entropy = 1.544784

MNIST label 2 (2) -> EMNIST client_16
training labels = [0(0), 2(2), 4(4), 5(5), 6(6), 7(7), 8(8), 9(9), 10(A), 11(B), 12(C), 14(E), 15(F), 21(L), 25(P), 27(R), 30(U), 32(W), 37(b), 38(c), 40(e), 43(h), 44(i), 46(k), 47(l), 49(n), 50(o), 53(r), 54(s), 55(t), 56(u)]
distribution = {0:0.0000, 1:0.0000, 2:1.0000, 3:0.0000, 4:0.0000, 5:0.0000, 6:0.0000, 7:0.0000, 8:0.0000, 9:0.0000, A:0.0000, B:0.0000, C:0.0000, D:0.0000, E:0.0000, F:0.0000, G:0.0000, H:0.0000, I:0.0000, J:0.0000, K:0.0000, L:0.0000, M:0.0000, N:0.0000, O:0.0000, P:0.0000, Q:0.0000, R:0.0000, S:0.0000, T:0.0000, U:0.0000, V:0.0000, W:0.0000, X:0.0000, Y:0.0000, Z:0.0000, a:0.0000, b:0.0000, c:0.0000, d:0.0000, e:0.0000, f:0.0000, g:0.0000, h:0.0000, i:0.0000, j:0.0000, k:0.0000, l:0.0000, m:0.0000, n:0.0000, o:0.0000, p:0.0000, q:0.0000, r:0.0000, s:0.0000, t:0.0000, u:0.0000, v:0.0000, w:0.0000, x:0.0000, y:0.0000, z:0.0000}
result = 2 (2)
entropy = 0.000000

MNIST label 2 (2) -> EMNIST client_17
training labels = [0(0), 1(1), 2(2), 3(3), 5(5), 8(8), 9(9), 10(A), 14(E), 15(F), 19(J), 20(K), 21(L), 23(N), 25(P), 26(Q), 27(R), 29(T), 31(V), 33(X), 34(Y), 36(a), 38(c), 42(g), 44(i), 45(j), 47(l), 53(r), 54(s), 55(t), 57(v), 59(x), 60(y), 61(z)]
distribution = {0:0.0000, 1:0.0001, 2:0.4233, 3:0.0055, 4:0.0000, 5:0.0001, 6:0.0000, 7:0.0000, 8:0.0000, 9:0.0000, A:0.0000, B:0.0000, C:0.0000, D:0.0000, E:0.0000, F:0.0000, G:0.0000, H:0.0000, I:0.0000, J:0.0010, K:0.0000, L:0.0000, M:0.0000, N:0.0016, O:0.0000, P:0.0182, Q:0.0000, R:0.2854, S:0.0000, T:0.0000, U:0.0000, V:0.0000, W:0.0000, X:0.0032, Y:0.0000, Z:0.0000, a:0.0029, b:0.0000, c:0.0000, d:0.0000, e:0.0000, f:0.0000, g:0.0000, h:0.0000, i:0.0121, j:0.0000, k:0.0000, l:0.0000, m:0.0000, n:0.0000, o:0.0000, p:0.0000, q:0.0000, r:0.0000, s:0.0079, t:0.0000, u:0.0000, v:0.0000, w:0.0000, x:0.0000, y:0.0000, z:0.2386}
result = 2 (2)
entropy = 1.312310

MNIST label 2 (2) -> EMNIST client_18
training labels = [0(0), 1(1), 2(2), 5(5), 6(6), 9(9), 10(A), 14(E), 15(F), 16(G), 17(H), 20(K), 22(M), 24(O), 28(S), 32(W), 33(X), 34(Y), 36(a), 42(g), 44(i), 46(k), 47(l), 48(m), 49(n), 50(o), 53(r), 54(s), 55(t), 57(v), 58(w), 61(z)]
distribution = {0:0.0000, 1:0.0000, 2:0.9675, 3:0.0000, 4:0.0000, 5:0.0000, 6:0.0000, 7:0.0000, 8:0.0000, 9:0.0000, A:0.0000, B:0.0000, C:0.0000, D:0.0000, E:0.0000, F:0.0000, G:0.0000, H:0.0000, I:0.0000, J:0.0000, K:0.0000, L:0.0000, M:0.0000, N:0.0000, O:0.0000, P:0.0000, Q:0.0000, R:0.0000, S:0.0001, T:0.0000, U:0.0000, V:0.0000, W:0.0001, X:0.0000, Y:0.0000, Z:0.0000, a:0.0069, b:0.0000, c:0.0000, d:0.0000, e:0.0000, f:0.0000, g:0.0000, h:0.0000, i:0.0000, j:0.0000, k:0.0000, l:0.0000, m:0.0000, n:0.0000, o:0.0000, p:0.0000, q:0.0000, r:0.0001, s:0.0000, t:0.0000, u:0.0000, v:0.0000, w:0.0000, x:0.0000, y:0.0000, z:0.0252}
result = 2 (2)
entropy = 0.162746

MNIST label 2 (2) -> EMNIST client_19
training labels = [0(0), 1(1), 2(2), 3(3), 4(4), 5(5), 6(6), 7(7), 8(8), 9(9), 10(A), 11(B), 12(C), 13(D), 14(E), 15(F), 16(G), 17(H), 18(I), 19(J), 20(K), 21(L), 22(M), 23(N), 24(O), 25(P), 26(Q), 27(R), 28(S), 29(T), 30(U), 31(V), 32(W), 33(X), 34(Y), 35(Z), 36(a), 37(b), 38(c), 39(d), 40(e), 41(f), 42(g), 43(h), 44(i), 45(j), 46(k), 47(l), 48(m), 49(n), 50(o), 51(p), 52(q), 53(r), 54(s), 55(t), 56(u), 57(v), 58(w), 59(x), 60(y), 61(z)]
distribution = {0:0.0000, 1:0.0071, 2:0.0000, 3:0.0000, 4:0.0008, 5:0.0003, 6:0.0000, 7:0.9268, 8:0.0000, 9:0.0003, A:0.0005, B:0.0009, C:0.0002, D:0.0000, E:0.0000, F:0.0000, G:0.0000, H:0.0000, I:0.0013, J:0.0000, K:0.0000, L:0.0000, M:0.0000, N:0.0000, O:0.0009, P:0.0012, Q:0.0000, R:0.0000, S:0.0000, T:0.0116, U:0.0000, V:0.0000, W:0.0000, X:0.0000, Y:0.0004, Z:0.0001, a:0.0000, b:0.0000, c:0.0001, d:0.0000, e:0.0001, f:0.0024, g:0.0000, h:0.0000, i:0.0002, j:0.0004, k:0.0000, l:0.0299, m:0.0001, n:0.0023, o:0.0000, p:0.0003, q:0.0011, r:0.0003, s:0.0000, t:0.0023, u:0.0000, v:0.0012, w:0.0000, x:0.0002, y:0.0063, z:0.0000}
result = 7 (7)
entropy = 0.418829

MNIST label 3 (3) -> EMNIST client_10
training labels = [1(1), 3(3), 4(4), 5(5), 7(7), 8(8), 9(9), 10(A), 12(C), 14(E), 16(G), 19(J), 24(O), 25(P), 26(Q), 27(R), 29(T), 31(V), 32(W), 38(c), 43(h), 47(l), 52(q), 53(r), 54(s), 56(u), 59(x), 61(z)]
distribution = {0:0.0000, 1:0.2365, 2:0.0000, 3:0.6876, 4:0.0000, 5:0.0000, 6:0.0000, 7:0.0000, 8:0.0000, 9:0.0000, A:0.0000, B:0.0000, C:0.0000, D:0.0000, E:0.0013, F:0.0000, G:0.0003, H:0.0000, I:0.0000, J:0.0000, K:0.0000, L:0.0000, M:0.0000, N:0.0000, O:0.0001, P:0.0000, Q:0.0000, R:0.0000, S:0.0000, T:0.0012, U:0.0000, V:0.0000, W:0.0000, X:0.0000, Y:0.0000, Z:0.0000, a:0.0000, b:0.0000, c:0.0000, d:0.0000, e:0.0000, f:0.0000, g:0.0000, h:0.0000, i:0.0000, j:0.0000, k:0.0000, l:0.0000, m:0.0000, n:0.0000, o:0.0000, p:0.0000, q:0.0727, r:0.0000, s:0.0000, t:0.0000, u:0.0000, v:0.0000, w:0.0000, x:0.0000, y:0.0000, z:0.0002}
result = 3 (3)
entropy = 0.812312

MNIST label 3 (3) -> EMNIST client_11
training labels = [0(0), 1(1), 2(2), 3(3), 4(4), 6(6), 7(7), 8(8), 9(9), 10(A), 12(C), 13(D), 15(F), 18(I), 19(J), 20(K), 22(M), 24(O), 27(R), 28(S), 30(U), 33(X), 35(Z), 36(a), 37(b), 38(c), 41(f), 45(j), 47(l), 50(o), 53(r), 54(s)]
distribution = {0:0.0000, 1:0.0000, 2:0.0063, 3:0.6543, 4:0.0000, 5:0.0000, 6:0.0000, 7:0.0000, 8:0.0007, 9:0.0000, A:0.0000, B:0.0000, C:0.0000, D:0.0001, E:0.0000, F:0.0000, G:0.0000, H:0.0000, I:0.0000, J:0.0001, K:0.0000, L:0.0000, M:0.0000, N:0.0000, O:0.0000, P:0.0000, Q:0.0000, R:0.0000, S:0.2270, T:0.0000, U:0.0000, V:0.0000, W:0.0000, X:0.0000, Y:0.0000, Z:0.0000, a:0.0000, b:0.0003, c:0.0000, d:0.0000, e:0.0000, f:0.0000, g:0.0000, h:0.0000, i:0.0000, j:0.0010, k:0.0000, l:0.0000, m:0.0000, n:0.0000, o:0.0001, p:0.0000, q:0.0000, r:0.0000, s:0.1101, t:0.0000, u:0.0000, v:0.0000, w:0.0000, x:0.0000, y:0.0000, z:0.0000}
result = 3 (3)
entropy = 0.906408

MNIST label 3 (3) -> EMNIST client_12
training labels = [0(0), 2(2), 3(3), 4(4), 5(5), 6(6), 7(7), 8(8), 9(9), 11(B), 13(D), 15(F), 17(H), 23(N), 25(P), 27(R), 28(S), 37(b), 38(c), 40(e), 41(f), 42(g), 43(h), 45(j), 47(l), 48(m), 51(p), 52(q), 55(t), 59(x), 61(z)]
distribution = {0:0.0000, 1:0.0000, 2:0.0000, 3:0.9981, 4:0.0000, 5:0.0001, 6:0.0000, 7:0.0000, 8:0.0000, 9:0.0000, A:0.0000, B:0.0002, C:0.0000, D:0.0000, E:0.0000, F:0.0000, G:0.0000, H:0.0000, I:0.0000, J:0.0000, K:0.0000, L:0.0000, M:0.0000, N:0.0000, O:0.0000, P:0.0000, Q:0.0000, R:0.0000, S:0.0006, T:0.0000, U:0.0000, V:0.0000, W:0.0000, X:0.0000, Y:0.0000, Z:0.0000, a:0.0000, b:0.0000, c:0.0000, d:0.0000, e:0.0000, f:0.0000, g:0.0000, h:0.0000, i:0.0000, j:0.0000, k:0.0000, l:0.0000, m:0.0000, n:0.0000, o:0.0000, p:0.0000, q:0.0000, r:0.0000, s:0.0000, t:0.0000, u:0.0000, v:0.0000, w:0.0000, x:0.0000, y:0.0000, z:0.0010}
result = 3 (3)
entropy = 0.016341

MNIST label 3 (3) -> EMNIST client_13
training labels = [1(1), 3(3), 5(5), 7(7), 8(8), 9(9), 10(A), 11(B), 13(D), 16(G), 17(H), 18(I), 20(K), 21(L), 22(M), 25(P), 26(Q), 28(S), 30(U), 32(W), 33(X), 35(Z), 37(b), 38(c), 39(d), 40(e), 41(f), 42(g), 45(j), 46(k), 47(l), 48(m), 50(o), 51(p), 52(q), 53(r), 54(s), 55(t), 56(u), 57(v), 58(w), 59(x), 60(y)]
distribution = {0:0.0000, 1:0.0000, 2:0.0000, 3:1.0000, 4:0.0000, 5:0.0000, 6:0.0000, 7:0.0000, 8:0.0000, 9:0.0000, A:0.0000, B:0.0000, C:0.0000, D:0.0000, E:0.0000, F:0.0000, G:0.0000, H:0.0000, I:0.0000, J:0.0000, K:0.0000, L:0.0000, M:0.0000, N:0.0000, O:0.0000, P:0.0000, Q:0.0000, R:0.0000, S:0.0000, T:0.0000, U:0.0000, V:0.0000, W:0.0000, X:0.0000, Y:0.0000, Z:0.0000, a:0.0000, b:0.0000, c:0.0000, d:0.0000, e:0.0000, f:0.0000, g:0.0000, h:0.0000, i:0.0000, j:0.0000, k:0.0000, l:0.0000, m:0.0000, n:0.0000, o:0.0000, p:0.0000, q:0.0000, r:0.0000, s:0.0000, t:0.0000, u:0.0000, v:0.0000, w:0.0000, x:0.0000, y:0.0000, z:0.0000}
result = 3 (3)
entropy = 0.000000

MNIST label 3 (3) -> EMNIST client_14
training labels = [2(2), 3(3), 4(4), 5(5), 6(6), 11(B), 16(G), 17(H), 18(I), 20(K), 21(L), 23(N), 26(Q), 31(V), 32(W), 33(X), 34(Y), 37(b), 38(c), 39(d), 40(e), 41(f), 47(l), 49(n), 52(q), 53(r), 54(s), 60(y), 61(z)]
distribution = {0:0.0000, 1:0.0000, 2:0.0000, 3:0.9999, 4:0.0000, 5:0.0000, 6:0.0000, 7:0.0000, 8:0.0000, 9:0.0000, A:0.0000, B:0.0000, C:0.0000, D:0.0000, E:0.0000, F:0.0000, G:0.0000, H:0.0000, I:0.0000, J:0.0000, K:0.0000, L:0.0000, M:0.0000, N:0.0000, O:0.0000, P:0.0000, Q:0.0000, R:0.0000, S:0.0000, T:0.0000, U:0.0000, V:0.0000, W:0.0000, X:0.0000, Y:0.0000, Z:0.0000, a:0.0000, b:0.0000, c:0.0000, d:0.0000, e:0.0000, f:0.0000, g:0.0000, h:0.0000, i:0.0000, j:0.0000, k:0.0000, l:0.0000, m:0.0000, n:0.0000, o:0.0000, p:0.0000, q:0.0000, r:0.0000, s:0.0000, t:0.0000, u:0.0000, v:0.0000, w:0.0000, x:0.0000, y:0.0000, z:0.0001}
result = 3 (3)
entropy = 0.000940

MNIST label 3 (3) -> EMNIST client_15
training labels = [2(2), 4(4), 5(5), 6(6), 7(7), 8(8), 9(9), 11(B), 12(C), 16(G), 17(H), 19(J), 21(L), 22(M), 23(N), 24(O), 25(P), 26(Q), 27(R), 29(T), 33(X), 34(Y), 36(a), 39(d), 40(e), 41(f), 43(h), 46(k), 51(p), 52(q), 53(r), 56(u), 57(v), 58(w), 59(x), 60(y), 61(z)]
distribution = {0:0.0000, 1:0.0000, 2:0.0032, 3:0.0000, 4:0.0000, 5:0.0004, 6:0.0000, 7:0.0220, 8:0.0751, 9:0.8895, A:0.0000, B:0.0001, C:0.0000, D:0.0000, E:0.0000, F:0.0000, G:0.0000, H:0.0000, I:0.0000, J:0.0004, K:0.0000, L:0.0000, M:0.0000, N:0.0000, O:0.0000, P:0.0000, Q:0.0032, R:0.0000, S:0.0000, T:0.0000, U:0.0000, V:0.0000, W:0.0000, X:0.0002, Y:0.0001, Z:0.0000, a:0.0051, b:0.0000, c:0.0000, d:0.0000, e:0.0000, f:0.0000, g:0.0000, h:0.0000, i:0.0000, j:0.0000, k:0.0000, l:0.0000, m:0.0000, n:0.0000, o:0.0000, p:0.0000, q:0.0000, r:0.0000, s:0.0000, t:0.0000, u:0.0001, v:0.0000, w:0.0000, x:0.0000, y:0.0000, z:0.0005}
result = 9 (9)
entropy = 0.461705

MNIST label 3 (3) -> EMNIST client_16
training labels = [0(0), 2(2), 4(4), 5(5), 6(6), 7(7), 8(8), 9(9), 10(A), 11(B), 12(C), 14(E), 15(F), 21(L), 25(P), 27(R), 30(U), 32(W), 37(b), 38(c), 40(e), 43(h), 44(i), 46(k), 47(l), 49(n), 50(o), 53(r), 54(s), 55(t), 56(u)]
distribution = {0:0.0000, 1:0.0000, 2:0.2007, 3:0.0000, 4:0.0000, 5:0.2777, 6:0.0000, 7:0.0003, 8:0.0150, 9:0.0000, A:0.0000, B:0.4711, C:0.0000, D:0.0000, E:0.0000, F:0.0019, G:0.0000, H:0.0000, I:0.0000, J:0.0000, K:0.0000, L:0.0000, M:0.0000, N:0.0000, O:0.0000, P:0.0000, Q:0.0000, R:0.0000, S:0.0000, T:0.0000, U:0.0000, V:0.0000, W:0.0000, X:0.0000, Y:0.0000, Z:0.0000, a:0.0000, b:0.0166, c:0.0000, d:0.0000, e:0.0000, f:0.0000, g:0.0000, h:0.0013, i:0.0002, j:0.0000, k:0.0000, l:0.0003, m:0.0000, n:0.0000, o:0.0002, p:0.0000, q:0.0000, r:0.0000, s:0.0137, t:0.0010, u:0.0000, v:0.0000, w:0.0000, x:0.0000, y:0.0000, z:0.0000}
result = 11 (B)
entropy = 1.258140

MNIST label 3 (3) -> EMNIST client_17
training labels = [0(0), 1(1), 2(2), 3(3), 5(5), 8(8), 9(9), 10(A), 14(E), 15(F), 19(J), 20(K), 21(L), 23(N), 25(P), 26(Q), 27(R), 29(T), 31(V), 33(X), 34(Y), 36(a), 38(c), 42(g), 44(i), 45(j), 47(l), 53(r), 54(s), 55(t), 57(v), 59(x), 60(y), 61(z)]
distribution = {0:0.0000, 1:0.0000, 2:0.0000, 3:1.0000, 4:0.0000, 5:0.0000, 6:0.0000, 7:0.0000, 8:0.0000, 9:0.0000, A:0.0000, B:0.0000, C:0.0000, D:0.0000, E:0.0000, F:0.0000, G:0.0000, H:0.0000, I:0.0000, J:0.0000, K:0.0000, L:0.0000, M:0.0000, N:0.0000, O:0.0000, P:0.0000, Q:0.0000, R:0.0000, S:0.0000, T:0.0000, U:0.0000, V:0.0000, W:0.0000, X:0.0000, Y:0.0000, Z:0.0000, a:0.0000, b:0.0000, c:0.0000, d:0.0000, e:0.0000, f:0.0000, g:0.0000, h:0.0000, i:0.0000, j:0.0000, k:0.0000, l:0.0000, m:0.0000, n:0.0000, o:0.0000, p:0.0000, q:0.0000, r:0.0000, s:0.0000, t:0.0000, u:0.0000, v:0.0000, w:0.0000, x:0.0000, y:0.0000, z:0.0000}
result = 3 (3)
entropy = 0.000000

MNIST label 3 (3) -> EMNIST client_18
training labels = [0(0), 1(1), 2(2), 5(5), 6(6), 9(9), 10(A), 14(E), 15(F), 16(G), 17(H), 20(K), 22(M), 24(O), 28(S), 32(W), 33(X), 34(Y), 36(a), 42(g), 44(i), 46(k), 47(l), 48(m), 49(n), 50(o), 53(r), 54(s), 55(t), 57(v), 58(w), 61(z)]
distribution = {0:0.0003, 1:0.0000, 2:0.0013, 3:0.0000, 4:0.0000, 5:0.0004, 6:0.0000, 7:0.0000, 8:0.0000, 9:0.0021, A:0.0000, B:0.0000, C:0.0000, D:0.0000, E:0.0003, F:0.0000, G:0.0000, H:0.0000, I:0.0000, J:0.0000, K:0.0000, L:0.0000, M:0.0000, N:0.0000, O:0.0001, P:0.0000, Q:0.0000, R:0.0000, S:0.9936, T:0.0000, U:0.0000, V:0.0000, W:0.0000, X:0.0000, Y:0.0000, Z:0.0000, a:0.0001, b:0.0000, c:0.0000, d:0.0000, e:0.0000, f:0.0000, g:0.0005, h:0.0000, i:0.0002, j:0.0000, k:0.0000, l:0.0000, m:0.0000, n:0.0000, o:0.0001, p:0.0000, q:0.0000, r:0.0000, s:0.0001, t:0.0003, u:0.0000, v:0.0000, w:0.0000, x:0.0000, y:0.0000, z:0.0004}
result = 28 (S)
entropy = 0.052077

MNIST label 3 (3) -> EMNIST client_19
training labels = [0(0), 1(1), 2(2), 3(3), 4(4), 5(5), 6(6), 7(7), 8(8), 9(9), 10(A), 11(B), 12(C), 13(D), 14(E), 15(F), 16(G), 17(H), 18(I), 19(J), 20(K), 21(L), 22(M), 23(N), 24(O), 25(P), 26(Q), 27(R), 28(S), 29(T), 30(U), 31(V), 32(W), 33(X), 34(Y), 35(Z), 36(a), 37(b), 38(c), 39(d), 40(e), 41(f), 42(g), 43(h), 44(i), 45(j), 46(k), 47(l), 48(m), 49(n), 50(o), 51(p), 52(q), 53(r), 54(s), 55(t), 56(u), 57(v), 58(w), 59(x), 60(y), 61(z)]
distribution = {0:0.0000, 1:0.0165, 2:0.0001, 3:0.0002, 4:0.0225, 5:0.2616, 6:0.0227, 7:0.1450, 8:0.0002, 9:0.0005, A:0.0021, B:0.0203, C:0.0362, D:0.0000, E:0.0000, F:0.0000, G:0.0022, H:0.0000, I:0.0077, J:0.0040, K:0.0018, L:0.0016, M:0.0000, N:0.0000, O:0.0183, P:0.0036, Q:0.0000, R:0.0000, S:0.0036, T:0.0265, U:0.0007, V:0.0000, W:0.0000, X:0.0002, Y:0.0086, Z:0.0003, a:0.0000, b:0.0010, c:0.0125, d:0.0000, e:0.0026, f:0.0282, g:0.0000, h:0.0018, i:0.0055, j:0.0361, k:0.0000, l:0.0897, m:0.0027, n:0.0109, o:0.0000, p:0.0007, q:0.0116, r:0.0077, s:0.0105, t:0.0145, u:0.0009, v:0.0289, w:0.0000, x:0.0028, y:0.1238, z:0.0002}
result = 5 (5)
entropy = 2.656301

MNIST label 4 (4) -> EMNIST client_10
training labels = [1(1), 3(3), 4(4), 5(5), 7(7), 8(8), 9(9), 10(A), 12(C), 14(E), 16(G), 19(J), 24(O), 25(P), 26(Q), 27(R), 29(T), 31(V), 32(W), 38(c), 43(h), 47(l), 52(q), 53(r), 54(s), 56(u), 59(x), 61(z)]
distribution = {0:0.0000, 1:0.0000, 2:0.0000, 3:0.0000, 4:0.9995, 5:0.0000, 6:0.0000, 7:0.0000, 8:0.0000, 9:0.0004, A:0.0000, B:0.0000, C:0.0000, D:0.0000, E:0.0000, F:0.0000, G:0.0000, H:0.0000, I:0.0000, J:0.0000, K:0.0000, L:0.0000, M:0.0000, N:0.0000, O:0.0000, P:0.0000, Q:0.0000, R:0.0000, S:0.0000, T:0.0000, U:0.0000, V:0.0000, W:0.0000, X:0.0000, Y:0.0000, Z:0.0000, a:0.0000, b:0.0000, c:0.0000, d:0.0000, e:0.0000, f:0.0000, g:0.0000, h:0.0000, i:0.0000, j:0.0000, k:0.0000, l:0.0000, m:0.0000, n:0.0000, o:0.0000, p:0.0000, q:0.0000, r:0.0000, s:0.0000, t:0.0000, u:0.0000, v:0.0000, w:0.0000, x:0.0000, y:0.0000, z:0.0000}
result = 4 (4)
entropy = 0.004937

MNIST label 4 (4) -> EMNIST client_11
training labels = [0(0), 1(1), 2(2), 3(3), 4(4), 6(6), 7(7), 8(8), 9(9), 10(A), 12(C), 13(D), 15(F), 18(I), 19(J), 20(K), 22(M), 24(O), 27(R), 28(S), 30(U), 33(X), 35(Z), 36(a), 37(b), 38(c), 41(f), 45(j), 47(l), 50(o), 53(r), 54(s)]
distribution = {0:0.0001, 1:0.0027, 2:0.0002, 3:0.0000, 4:0.9550, 5:0.0000, 6:0.0000, 7:0.0000, 8:0.0000, 9:0.0000, A:0.0277, B:0.0000, C:0.0000, D:0.0000, E:0.0000, F:0.0000, G:0.0000, H:0.0000, I:0.0008, J:0.0003, K:0.0000, L:0.0000, M:0.0011, N:0.0000, O:0.0000, P:0.0000, Q:0.0000, R:0.0000, S:0.0000, T:0.0000, U:0.0005, V:0.0000, W:0.0000, X:0.0000, Y:0.0000, Z:0.0000, a:0.0001, b:0.0002, c:0.0000, d:0.0000, e:0.0000, f:0.0000, g:0.0000, h:0.0000, i:0.0000, j:0.0083, k:0.0000, l:0.0000, m:0.0000, n:0.0000, o:0.0019, p:0.0000, q:0.0000, r:0.0006, s:0.0002, t:0.0000, u:0.0000, v:0.0000, w:0.0000, x:0.0000, y:0.0000, z:0.0000}
result = 4 (4)
entropy = 0.243990

MNIST label 4 (4) -> EMNIST client_12
training labels = [0(0), 2(2), 3(3), 4(4), 5(5), 6(6), 7(7), 8(8), 9(9), 11(B), 13(D), 15(F), 17(H), 23(N), 25(P), 27(R), 28(S), 37(b), 38(c), 40(e), 41(f), 42(g), 43(h), 45(j), 47(l), 48(m), 51(p), 52(q), 55(t), 59(x), 61(z)]
distribution = {0:0.0000, 1:0.0000, 2:0.0000, 3:0.0000, 4:0.9988, 5:0.0000, 6:0.0000, 7:0.0000, 8:0.0000, 9:0.0007, A:0.0000, B:0.0000, C:0.0000, D:0.0000, E:0.0000, F:0.0000, G:0.0000, H:0.0003, I:0.0000, J:0.0000, K:0.0000, L:0.0000, M:0.0000, N:0.0000, O:0.0000, P:0.0000, Q:0.0000, R:0.0000, S:0.0000, T:0.0000, U:0.0000, V:0.0000, W:0.0000, X:0.0000, Y:0.0000, Z:0.0000, a:0.0000, b:0.0000, c:0.0000, d:0.0000, e:0.0000, f:0.0000, g:0.0000, h:0.0000, i:0.0000, j:0.0000, k:0.0000, l:0.0000, m:0.0000, n:0.0000, o:0.0000, p:0.0000, q:0.0002, r:0.0000, s:0.0000, t:0.0000, u:0.0000, v:0.0000, w:0.0000, x:0.0000, y:0.0000, z:0.0000}
result = 4 (4)
entropy = 0.010837

MNIST label 4 (4) -> EMNIST client_13
training labels = [1(1), 3(3), 5(5), 7(7), 8(8), 9(9), 10(A), 11(B), 13(D), 16(G), 17(H), 18(I), 20(K), 21(L), 22(M), 25(P), 26(Q), 28(S), 30(U), 32(W), 33(X), 35(Z), 37(b), 38(c), 39(d), 40(e), 41(f), 42(g), 45(j), 46(k), 47(l), 48(m), 50(o), 51(p), 52(q), 53(r), 54(s), 55(t), 56(u), 57(v), 58(w), 59(x), 60(y)]
distribution = {0:0.0000, 1:0.0000, 2:0.0000, 3:0.0000, 4:0.0000, 5:0.0000, 6:0.0000, 7:0.0001, 8:0.0000, 9:0.1758, A:0.0000, B:0.0000, C:0.0000, D:0.0000, E:0.0000, F:0.0000, G:0.0000, H:0.0044, I:0.0000, J:0.0000, K:0.0000, L:0.0000, M:0.0001, N:0.0000, O:0.0000, P:0.0000, Q:0.0000, R:0.0000, S:0.0000, T:0.0000, U:0.0075, V:0.0000, W:0.0000, X:0.0000, Y:0.0000, Z:0.0000, a:0.0000, b:0.0000, c:0.0000, d:0.0000, e:0.0000, f:0.0000, g:0.0000, h:0.0000, i:0.0000, j:0.0000, k:0.0000, l:0.0000, m:0.0000, n:0.0000, o:0.0000, p:0.0000, q:0.0000, r:0.0000, s:0.0000, t:0.1378, u:0.2463, v:0.0000, w:0.0000, x:0.0000, y:0.4279, z:0.0000}
result = 60 (y)
entropy = 1.350042

MNIST label 4 (4) -> EMNIST client_14
training labels = [2(2), 3(3), 4(4), 5(5), 6(6), 11(B), 16(G), 17(H), 18(I), 20(K), 21(L), 23(N), 26(Q), 31(V), 32(W), 33(X), 34(Y), 37(b), 38(c), 39(d), 40(e), 41(f), 47(l), 49(n), 52(q), 53(r), 54(s), 60(y), 61(z)]
distribution = {0:0.0000, 1:0.0000, 2:0.0000, 3:0.0000, 4:0.0024, 5:0.0000, 6:0.0000, 7:0.0000, 8:0.0000, 9:0.0000, A:0.0000, B:0.0000, C:0.0000, D:0.0000, E:0.0000, F:0.0000, G:0.0000, H:0.0097, I:0.0003, J:0.0000, K:0.0000, L:0.0000, M:0.0000, N:0.0000, O:0.0000, P:0.0000, Q:0.0000, R:0.0000, S:0.0000, T:0.0000, U:0.0000, V:0.0003, W:0.0000, X:0.0002, Y:0.0354, Z:0.0000, a:0.0000, b:0.0000, c:0.0000, d:0.0002, e:0.0000, f:0.0000, g:0.0000, h:0.0000, i:0.0000, j:0.0000, k:0.0000, l:0.0000, m:0.0000, n:0.0000, o:0.0000, p:0.0000, q:0.0000, r:0.0000, s:0.0000, t:0.0000, u:0.0000, v:0.0000, w:0.0000, x:0.0000, y:0.9512, z:0.0000}
result = 60 (y)
entropy = 0.235865

MNIST label 4 (4) -> EMNIST client_15
training labels = [2(2), 4(4), 5(5), 6(6), 7(7), 8(8), 9(9), 11(B), 12(C), 16(G), 17(H), 19(J), 21(L), 22(M), 23(N), 24(O), 25(P), 26(Q), 27(R), 29(T), 33(X), 34(Y), 36(a), 39(d), 40(e), 41(f), 43(h), 46(k), 51(p), 52(q), 53(r), 56(u), 57(v), 58(w), 59(x), 60(y), 61(z)]
distribution = {0:0.0000, 1:0.0000, 2:0.0000, 3:0.0000, 4:0.0000, 5:0.0000, 6:0.0220, 7:0.0000, 8:0.0000, 9:0.1224, A:0.0000, B:0.0000, C:0.0000, D:0.0000, E:0.0000, F:0.0000, G:0.0000, H:0.0000, I:0.0000, J:0.0000, K:0.0000, L:0.0001, M:0.0006, N:0.0000, O:0.0001, P:0.0000, Q:0.0001, R:0.0000, S:0.0000, T:0.0000, U:0.0000, V:0.0000, W:0.0000, X:0.0021, Y:0.0007, Z:0.0000, a:0.0000, b:0.0000, c:0.0000, d:0.0000, e:0.0027, f:0.0000, g:0.0000, h:0.0001, i:0.0000, j:0.0000, k:0.0107, l:0.0000, m:0.0000, n:0.0000, o:0.0000, p:0.0000, q:0.0000, r:0.0026, s:0.0000, t:0.0000, u:0.8355, v:0.0000, w:0.0002, x:0.0000, y:0.0000, z:0.0000}
result = 56 (u)
entropy = 0.600386

MNIST label 4 (4) -> EMNIST client_16
training labels = [0(0), 2(2), 4(4), 5(5), 6(6), 7(7), 8(8), 9(9), 10(A), 11(B), 12(C), 14(E), 15(F), 21(L), 25(P), 27(R), 30(U), 32(W), 37(b), 38(c), 40(e), 43(h), 44(i), 46(k), 47(l), 49(n), 50(o), 53(r), 54(s), 55(t), 56(u)]
distribution = {0:0.0000, 1:0.0000, 2:0.0000, 3:0.0000, 4:0.9483, 5:0.0000, 6:0.0000, 7:0.0000, 8:0.0001, 9:0.0000, A:0.0000, B:0.0000, C:0.0000, D:0.0000, E:0.0000, F:0.0000, G:0.0000, H:0.0000, I:0.0000, J:0.0000, K:0.0000, L:0.0000, M:0.0000, N:0.0000, O:0.0000, P:0.0000, Q:0.0000, R:0.0000, S:0.0000, T:0.0000, U:0.0000, V:0.0000, W:0.0000, X:0.0000, Y:0.0000, Z:0.0000, a:0.0000, b:0.0000, c:0.0000, d:0.0000, e:0.0000, f:0.0000, g:0.0000, h:0.0012, i:0.0000, j:0.0000, k:0.0000, l:0.0000, m:0.0000, n:0.0000, o:0.0000, p:0.0000, q:0.0000, r:0.0000, s:0.0000, t:0.0495, u:0.0008, v:0.0000, w:0.0000, x:0.0000, y:0.0000, z:0.0000}
result = 4 (4)
entropy = 0.214858

MNIST label 4 (4) -> EMNIST client_17
training labels = [0(0), 1(1), 2(2), 3(3), 5(5), 8(8), 9(9), 10(A), 14(E), 15(F), 19(J), 20(K), 21(L), 23(N), 25(P), 26(Q), 27(R), 29(T), 31(V), 33(X), 34(Y), 36(a), 38(c), 42(g), 44(i), 45(j), 47(l), 53(r), 54(s), 55(t), 57(v), 59(x), 60(y), 61(z)]
distribution = {0:0.0008, 1:0.0004, 2:0.0000, 3:0.0000, 4:0.0000, 5:0.0001, 6:0.0000, 7:0.0000, 8:0.0000, 9:0.0001, A:0.0085, B:0.0000, C:0.0000, D:0.0000, E:0.0000, F:0.0000, G:0.0000, H:0.0000, I:0.0000, J:0.0002, K:0.0000, L:0.0002, M:0.0000, N:0.0020, O:0.0000, P:0.0016, Q:0.0000, R:0.0000, S:0.0000, T:0.0000, U:0.0000, V:0.0015, W:0.0000, X:0.0018, Y:0.2589, Z:0.0000, a:0.0040, b:0.0000, c:0.0000, d:0.0000, e:0.0000, f:0.0000, g:0.0016, h:0.0000, i:0.0001, j:0.0015, k:0.0000, l:0.0009, m:0.0000, n:0.0000, o:0.0000, p:0.0000, q:0.0000, r:0.0003, s:0.0003, t:0.0010, u:0.0000, v:0.0000, w:0.0000, x:0.0154, y:0.6984, z:0.0002}
result = 60 (y)
entropy = 0.828203

MNIST label 4 (4) -> EMNIST client_18
training labels = [0(0), 1(1), 2(2), 5(5), 6(6), 9(9), 10(A), 14(E), 15(F), 16(G), 17(H), 20(K), 22(M), 24(O), 28(S), 32(W), 33(X), 34(Y), 36(a), 42(g), 44(i), 46(k), 47(l), 48(m), 49(n), 50(o), 53(r), 54(s), 55(t), 57(v), 58(w), 61(z)]
distribution = {0:0.1262, 1:0.0677, 2:0.0011, 3:0.0000, 4:0.0000, 5:0.0000, 6:0.0047, 7:0.0000, 8:0.0000, 9:0.0199, A:0.0006, B:0.0000, C:0.0000, D:0.0000, E:0.0000, F:0.0000, G:0.0000, H:0.0036, I:0.0000, J:0.0000, K:0.0006, L:0.0000, M:0.0000, N:0.0000, O:0.0186, P:0.0000, Q:0.0000, R:0.0000, S:0.0481, T:0.0000, U:0.0000, V:0.0000, W:0.2767, X:0.0001, Y:0.2701, Z:0.0000, a:0.0001, b:0.0000, c:0.0000, d:0.0000, e:0.0000, f:0.0000, g:0.0096, h:0.0000, i:0.0035, j:0.0000, k:0.0000, l:0.0068, m:0.0000, n:0.0898, o:0.0018, p:0.0000, q:0.0000, r:0.0082, s:0.0000, t:0.0004, u:0.0000, v:0.0401, w:0.0015, x:0.0000, y:0.0000, z:0.0000}
result = 32 (W)
entropy = 2.023619

MNIST label 4 (4) -> EMNIST client_19
training labels = [0(0), 1(1), 2(2), 3(3), 4(4), 5(5), 6(6), 7(7), 8(8), 9(9), 10(A), 11(B), 12(C), 13(D), 14(E), 15(F), 16(G), 17(H), 18(I), 19(J), 20(K), 21(L), 22(M), 23(N), 24(O), 25(P), 26(Q), 27(R), 28(S), 29(T), 30(U), 31(V), 32(W), 33(X), 34(Y), 35(Z), 36(a), 37(b), 38(c), 39(d), 40(e), 41(f), 42(g), 43(h), 44(i), 45(j), 46(k), 47(l), 48(m), 49(n), 50(o), 51(p), 52(q), 53(r), 54(s), 55(t), 56(u), 57(v), 58(w), 59(x), 60(y), 61(z)]
distribution = {0:0.0000, 1:0.0011, 2:0.0000, 3:0.0000, 4:0.5808, 5:0.0025, 6:0.0001, 7:0.0396, 8:0.0000, 9:0.0000, A:0.0039, B:0.0010, C:0.0004, D:0.0000, E:0.0000, F:0.0000, G:0.0000, H:0.0000, I:0.0003, J:0.0000, K:0.0006, L:0.0000, M:0.0000, N:0.0000, O:0.0042, P:0.0001, Q:0.0000, R:0.0000, S:0.0000, T:0.0077, U:0.0000, V:0.0000, W:0.0000, X:0.0003, Y:0.0056, Z:0.0000, a:0.0000, b:0.0000, c:0.0002, d:0.0000, e:0.0001, f:0.0055, g:0.0000, h:0.0001, i:0.0000, j:0.0002, k:0.0000, l:0.0077, m:0.0014, n:0.0033, o:0.0000, p:0.0000, q:0.0055, r:0.0009, s:0.0000, t:0.0148, u:0.0000, v:0.0057, w:0.0000, x:0.0040, y:0.3022, z:0.0000}
result = 4 (4)
entropy = 1.209504

MNIST label 5 (5) -> EMNIST client_10
training labels = [1(1), 3(3), 4(4), 5(5), 7(7), 8(8), 9(9), 10(A), 12(C), 14(E), 16(G), 19(J), 24(O), 25(P), 26(Q), 27(R), 29(T), 31(V), 32(W), 38(c), 43(h), 47(l), 52(q), 53(r), 54(s), 56(u), 59(x), 61(z)]
distribution = {0:0.0000, 1:0.0011, 2:0.0000, 3:0.0038, 4:0.0002, 5:0.2738, 6:0.0000, 7:0.0071, 8:0.0000, 9:0.0000, A:0.0003, B:0.0000, C:0.0272, D:0.0000, E:0.0171, F:0.0000, G:0.0054, H:0.0000, I:0.0000, J:0.0037, K:0.0000, L:0.0000, M:0.0000, N:0.0000, O:0.2590, P:0.0040, Q:0.0000, R:0.0025, S:0.0000, T:0.0097, U:0.0000, V:0.0000, W:0.0000, X:0.0000, Y:0.0000, Z:0.0000, a:0.0000, b:0.0000, c:0.0111, d:0.0000, e:0.0000, f:0.0000, g:0.0000, h:0.0000, i:0.0000, j:0.0000, k:0.0000, l:0.0000, m:0.0000, n:0.0000, o:0.0000, p:0.0000, q:0.0130, r:0.0094, s:0.3476, t:0.0000, u:0.0001, v:0.0000, w:0.0000, x:0.0001, y:0.0000, z:0.0039}
result = 54 (s)
entropy = 1.612325

MNIST label 5 (5) -> EMNIST client_11
training labels = [0(0), 1(1), 2(2), 3(3), 4(4), 6(6), 7(7), 8(8), 9(9), 10(A), 12(C), 13(D), 15(F), 18(I), 19(J), 20(K), 22(M), 24(O), 27(R), 28(S), 30(U), 33(X), 35(Z), 36(a), 37(b), 38(c), 41(f), 45(j), 47(l), 50(o), 53(r), 54(s)]
distribution = {0:0.0000, 1:0.0000, 2:0.0000, 3:0.0000, 4:0.0000, 5:0.0000, 6:0.0000, 7:0.0000, 8:0.0013, 9:0.0000, A:0.0000, B:0.0000, C:0.0000, D:0.0000, E:0.0000, F:0.0000, G:0.0000, H:0.0000, I:0.0000, J:0.0000, K:0.0000, L:0.0000, M:0.0000, N:0.0000, O:0.0001, P:0.0000, Q:0.0000, R:0.0000, S:0.8775, T:0.0000, U:0.0000, V:0.0000, W:0.0000, X:0.0000, Y:0.0000, Z:0.0000, a:0.0000, b:0.0000, c:0.0000, d:0.0000, e:0.0000, f:0.0000, g:0.0000, h:0.0000, i:0.0000, j:0.0000, k:0.0000, l:0.0000, m:0.0000, n:0.0000, o:0.0006, p:0.0000, q:0.0000, r:0.0000, s:0.1204, t:0.0000, u:0.0000, v:0.0000, w:0.0000, x:0.0000, y:0.0000, z:0.0000}
result = 28 (S)
entropy = 0.385147

MNIST label 5 (5) -> EMNIST client_12
training labels = [0(0), 2(2), 3(3), 4(4), 5(5), 6(6), 7(7), 8(8), 9(9), 11(B), 13(D), 15(F), 17(H), 23(N), 25(P), 27(R), 28(S), 37(b), 38(c), 40(e), 41(f), 42(g), 43(h), 45(j), 47(l), 48(m), 51(p), 52(q), 55(t), 59(x), 61(z)]
distribution = {0:0.0000, 1:0.0000, 2:0.0000, 3:0.0000, 4:0.0000, 5:0.9975, 6:0.0001, 7:0.0000, 8:0.0000, 9:0.0000, A:0.0000, B:0.0000, C:0.0000, D:0.0000, E:0.0000, F:0.0000, G:0.0000, H:0.0000, I:0.0000, J:0.0000, K:0.0000, L:0.0000, M:0.0000, N:0.0000, O:0.0000, P:0.0000, Q:0.0000, R:0.0000, S:0.0024, T:0.0000, U:0.0000, V:0.0000, W:0.0000, X:0.0000, Y:0.0000, Z:0.0000, a:0.0000, b:0.0000, c:0.0000, d:0.0000, e:0.0000, f:0.0000, g:0.0000, h:0.0000, i:0.0000, j:0.0000, k:0.0000, l:0.0000, m:0.0000, n:0.0000, o:0.0000, p:0.0000, q:0.0000, r:0.0000, s:0.0000, t:0.0000, u:0.0000, v:0.0000, w:0.0000, x:0.0000, y:0.0000, z:0.0000}
result = 5 (5)
entropy = 0.017684

MNIST label 5 (5) -> EMNIST client_13
training labels = [1(1), 3(3), 5(5), 7(7), 8(8), 9(9), 10(A), 11(B), 13(D), 16(G), 17(H), 18(I), 20(K), 21(L), 22(M), 25(P), 26(Q), 28(S), 30(U), 32(W), 33(X), 35(Z), 37(b), 38(c), 39(d), 40(e), 41(f), 42(g), 45(j), 46(k), 47(l), 48(m), 50(o), 51(p), 52(q), 53(r), 54(s), 55(t), 56(u), 57(v), 58(w), 59(x), 60(y)]
distribution = {0:0.0000, 1:0.0000, 2:0.0000, 3:0.0003, 4:0.0000, 5:0.0335, 6:0.0000, 7:0.0000, 8:0.0002, 9:0.0071, A:0.0000, B:0.0000, C:0.0000, D:0.0000, E:0.0000, F:0.0000, G:0.0003, H:0.0000, I:0.0017, J:0.0000, K:0.0000, L:0.0000, M:0.0000, N:0.0000, O:0.0000, P:0.0000, Q:0.0000, R:0.0000, S:0.3632, T:0.0000, U:0.0000, V:0.0000, W:0.0000, X:0.0000, Y:0.0000, Z:0.0000, a:0.0000, b:0.0001, c:0.0000, d:0.0000, e:0.0000, f:0.0011, g:0.0001, h:0.0000, i:0.0000, j:0.0005, k:0.0000, l:0.0000, m:0.0000, n:0.0000, o:0.0000, p:0.0000, q:0.0000, r:0.0001, s:0.5019, t:0.0900, u:0.0000, v:0.0000, w:0.0000, x:0.0000, y:0.0000, z:0.0000}
result = 54 (s)
entropy = 1.110712

MNIST label 5 (5) -> EMNIST client_14
training labels = [2(2), 3(3), 4(4), 5(5), 6(6), 11(B), 16(G), 17(H), 18(I), 20(K), 21(L), 23(N), 26(Q), 31(V), 32(W), 33(X), 34(Y), 37(b), 38(c), 39(d), 40(e), 41(f), 47(l), 49(n), 52(q), 53(r), 54(s), 60(y), 61(z)]
distribution = {0:0.0000, 1:0.0000, 2:0.0113, 3:0.0539, 4:0.0000, 5:0.4420, 6:0.0000, 7:0.0000, 8:0.0000, 9:0.0000, A:0.0000, B:0.0001, C:0.0000, D:0.0000, E:0.0000, F:0.0000, G:0.0012, H:0.0000, I:0.0224, J:0.0000, K:0.0000, L:0.0000, M:0.0000, N:0.0000, O:0.0000, P:0.0000, Q:0.0000, R:0.0000, S:0.0000, T:0.0000, U:0.0000, V:0.0000, W:0.0000, X:0.0000, Y:0.0000, Z:0.0000, a:0.0000, b:0.0000, c:0.0000, d:0.0002, e:0.0000, f:0.0003, g:0.0000, h:0.0000, i:0.0000, j:0.0000, k:0.0000, l:0.0001, m:0.0000, n:0.0000, o:0.0000, p:0.0000, q:0.0001, r:0.0000, s:0.4663, t:0.0000, u:0.0000, v:0.0000, w:0.0000, x:0.0000, y:0.0012, z:0.0009}
result = 54 (s)
entropy = 1.040223

MNIST label 5 (5) -> EMNIST client_15
training labels = [2(2), 4(4), 5(5), 6(6), 7(7), 8(8), 9(9), 11(B), 12(C), 16(G), 17(H), 19(J), 21(L), 22(M), 23(N), 24(O), 25(P), 26(Q), 27(R), 29(T), 33(X), 34(Y), 36(a), 39(d), 40(e), 41(f), 43(h), 46(k), 51(p), 52(q), 53(r), 56(u), 57(v), 58(w), 59(x), 60(y), 61(z)]
distribution = {0:0.0000, 1:0.0000, 2:0.0005, 3:0.0000, 4:0.0000, 5:0.0818, 6:0.2647, 7:0.0029, 8:0.0952, 9:0.4246, A:0.0000, B:0.0000, C:0.0002, D:0.0000, E:0.0000, F:0.0000, G:0.0017, H:0.0000, I:0.0000, J:0.0032, K:0.0000, L:0.0013, M:0.0000, N:0.0000, O:0.0031, P:0.0002, Q:0.0014, R:0.0000, S:0.0000, T:0.0000, U:0.0000, V:0.0000, W:0.0000, X:0.0000, Y:0.0000, Z:0.0000, a:0.0002, b:0.0000, c:0.0000, d:0.0000, e:0.1180, f:0.0002, g:0.0000, h:0.0000, i:0.0000, j:0.0000, k:0.0000, l:0.0000, m:0.0000, n:0.0000, o:0.0000, p:0.0000, q:0.0000, r:0.0000, s:0.0000, t:0.0000, u:0.0000, v:0.0000, w:0.0000, x:0.0000, y:0.0000, z:0.0007}
result = 9 (9)
entropy = 1.495895

MNIST label 5 (5) -> EMNIST client_16
training labels = [0(0), 2(2), 4(4), 5(5), 6(6), 7(7), 8(8), 9(9), 10(A), 11(B), 12(C), 14(E), 15(F), 21(L), 25(P), 27(R), 30(U), 32(W), 37(b), 38(c), 40(e), 43(h), 44(i), 46(k), 47(l), 49(n), 50(o), 53(r), 54(s), 55(t), 56(u)]
distribution = {0:0.0000, 1:0.0000, 2:0.0001, 3:0.0000, 4:0.0000, 5:0.9795, 6:0.0000, 7:0.0000, 8:0.0010, 9:0.0000, A:0.0000, B:0.0003, C:0.0000, D:0.0000, E:0.0000, F:0.0046, G:0.0000, H:0.0000, I:0.0000, J:0.0000, K:0.0000, L:0.0000, M:0.0000, N:0.0000, O:0.0000, P:0.0000, Q:0.0000, R:0.0000, S:0.0000, T:0.0000, U:0.0000, V:0.0000, W:0.0000, X:0.0000, Y:0.0000, Z:0.0000, a:0.0000, b:0.0014, c:0.0000, d:0.0000, e:0.0000, f:0.0000, g:0.0000, h:0.0001, i:0.0000, j:0.0000, k:0.0000, l:0.0000, m:0.0000, n:0.0000, o:0.0038, p:0.0000, q:0.0000, r:0.0000, s:0.0021, t:0.0071, u:0.0000, v:0.0000, w:0.0000, x:0.0000, y:0.0000, z:0.0000}
result = 5 (5)
entropy = 0.134739

MNIST label 5 (5) -> EMNIST client_17
training labels = [0(0), 1(1), 2(2), 3(3), 5(5), 8(8), 9(9), 10(A), 14(E), 15(F), 19(J), 20(K), 21(L), 23(N), 25(P), 26(Q), 27(R), 29(T), 31(V), 33(X), 34(Y), 36(a), 38(c), 42(g), 44(i), 45(j), 47(l), 53(r), 54(s), 55(t), 57(v), 59(x), 60(y), 61(z)]
distribution = {0:0.0000, 1:0.0000, 2:0.0000, 3:0.0000, 4:0.0000, 5:0.7065, 6:0.0000, 7:0.0000, 8:0.0000, 9:0.0000, A:0.0000, B:0.0000, C:0.0000, D:0.0000, E:0.0000, F:0.0000, G:0.0000, H:0.0000, I:0.0000, J:0.0000, K:0.0000, L:0.0000, M:0.0000, N:0.0000, O:0.0000, P:0.0000, Q:0.0000, R:0.0000, S:0.0000, T:0.0000, U:0.0000, V:0.0000, W:0.0000, X:0.0000, Y:0.0000, Z:0.0000, a:0.0000, b:0.0000, c:0.0000, d:0.0000, e:0.0000, f:0.0000, g:0.0014, h:0.0000, i:0.0000, j:0.0000, k:0.0000, l:0.0000, m:0.0000, n:0.0000, o:0.0000, p:0.0000, q:0.0000, r:0.0000, s:0.2920, t:0.0000, u:0.0000, v:0.0000, w:0.0000, x:0.0000, y:0.0000, z:0.0000}
result = 5 (5)
entropy = 0.614793

MNIST label 5 (5) -> EMNIST client_18
training labels = [0(0), 1(1), 2(2), 5(5), 6(6), 9(9), 10(A), 14(E), 15(F), 16(G), 17(H), 20(K), 22(M), 24(O), 28(S), 32(W), 33(X), 34(Y), 36(a), 42(g), 44(i), 46(k), 47(l), 48(m), 49(n), 50(o), 53(r), 54(s), 55(t), 57(v), 58(w), 61(z)]
distribution = {0:0.0483, 1:0.0000, 2:0.0001, 3:0.0000, 4:0.0000, 5:0.0009, 6:0.0010, 7:0.0000, 8:0.0000, 9:0.0001, A:0.0000, B:0.0000, C:0.0000, D:0.0000, E:0.0001, F:0.0000, G:0.0000, H:0.0000, I:0.0000, J:0.0000, K:0.0000, L:0.0000, M:0.0000, N:0.0000, O:0.0584, P:0.0000, Q:0.0000, R:0.0000, S:0.8767, T:0.0000, U:0.0000, V:0.0000, W:0.0000, X:0.0000, Y:0.0000, Z:0.0000, a:0.0001, b:0.0000, c:0.0000, d:0.0000, e:0.0000, f:0.0000, g:0.0000, h:0.0000, i:0.0000, j:0.0000, k:0.0000, l:0.0000, m:0.0000, n:0.0000, o:0.0143, p:0.0000, q:0.0000, r:0.0001, s:0.0000, t:0.0000, u:0.0000, v:0.0000, w:0.0000, x:0.0000, y:0.0000, z:0.0000}
result = 28 (S)
entropy = 0.505966

MNIST label 5 (5) -> EMNIST client_19
training labels = [0(0), 1(1), 2(2), 3(3), 4(4), 5(5), 6(6), 7(7), 8(8), 9(9), 10(A), 11(B), 12(C), 13(D), 14(E), 15(F), 16(G), 17(H), 18(I), 19(J), 20(K), 21(L), 22(M), 23(N), 24(O), 25(P), 26(Q), 27(R), 28(S), 29(T), 30(U), 31(V), 32(W), 33(X), 34(Y), 35(Z), 36(a), 37(b), 38(c), 39(d), 40(e), 41(f), 42(g), 43(h), 44(i), 45(j), 46(k), 47(l), 48(m), 49(n), 50(o), 51(p), 52(q), 53(r), 54(s), 55(t), 56(u), 57(v), 58(w), 59(x), 60(y), 61(z)]
distribution = {0:0.0000, 1:0.0038, 2:0.0000, 3:0.0000, 4:0.0027, 5:0.8757, 6:0.0003, 7:0.0034, 8:0.0000, 9:0.0001, A:0.0007, B:0.0004, C:0.0029, D:0.0000, E:0.0000, F:0.0000, G:0.0000, H:0.0000, I:0.0043, J:0.0000, K:0.0008, L:0.0025, M:0.0000, N:0.0000, O:0.0031, P:0.0005, Q:0.0000, R:0.0000, S:0.0001, T:0.0038, U:0.0000, V:0.0000, W:0.0000, X:0.0001, Y:0.0005, Z:0.0000, a:0.0000, b:0.0000, c:0.0013, d:0.0000, e:0.0011, f:0.0293, g:0.0000, h:0.0006, i:0.0009, j:0.0010, k:0.0000, l:0.0315, m:0.0000, n:0.0003, o:0.0000, p:0.0003, q:0.0006, r:0.0019, s:0.0003, t:0.0225, u:0.0000, v:0.0003, w:0.0000, x:0.0001, y:0.0024, z:0.0000}
result = 5 (5)
entropy = 0.666092

MNIST label 6 (6) -> EMNIST client_10
training labels = [1(1), 3(3), 4(4), 5(5), 7(7), 8(8), 9(9), 10(A), 12(C), 14(E), 16(G), 19(J), 24(O), 25(P), 26(Q), 27(R), 29(T), 31(V), 32(W), 38(c), 43(h), 47(l), 52(q), 53(r), 54(s), 56(u), 59(x), 61(z)]
distribution = {0:0.0000, 1:0.0544, 2:0.0000, 3:0.0004, 4:0.1440, 5:0.0003, 6:0.0000, 7:0.0006, 8:0.0001, 9:0.0016, A:0.0956, B:0.0000, C:0.0000, D:0.0000, E:0.0172, F:0.0000, G:0.1157, H:0.0000, I:0.0000, J:0.0002, K:0.0000, L:0.0000, M:0.0000, N:0.0000, O:0.0018, P:0.0051, Q:0.0004, R:0.0428, S:0.0000, T:0.0053, U:0.0000, V:0.0174, W:0.0081, X:0.0000, Y:0.0000, Z:0.0000, a:0.0000, b:0.0000, c:0.0000, d:0.0000, e:0.0000, f:0.0000, g:0.0000, h:0.3245, i:0.0000, j:0.0000, k:0.0000, l:0.0000, m:0.0000, n:0.0000, o:0.0000, p:0.0000, q:0.0189, r:0.0001, s:0.0006, t:0.0000, u:0.0075, v:0.0000, w:0.0000, x:0.1311, y:0.0000, z:0.0061}
result = 43 (h)
entropy = 2.098976

MNIST label 6 (6) -> EMNIST client_11
training labels = [0(0), 1(1), 2(2), 3(3), 4(4), 6(6), 7(7), 8(8), 9(9), 10(A), 12(C), 13(D), 15(F), 18(I), 19(J), 20(K), 22(M), 24(O), 27(R), 28(S), 30(U), 33(X), 35(Z), 36(a), 37(b), 38(c), 41(f), 45(j), 47(l), 50(o), 53(r), 54(s)]
distribution = {0:0.0212, 1:0.0001, 2:0.0000, 3:0.0000, 4:0.0001, 5:0.0000, 6:0.8911, 7:0.0000, 8:0.0052, 9:0.0000, A:0.0000, B:0.0000, C:0.0000, D:0.0000, E:0.0000, F:0.0000, G:0.0000, H:0.0000, I:0.0000, J:0.0000, K:0.0000, L:0.0000, M:0.0000, N:0.0000, O:0.0051, P:0.0000, Q:0.0000, R:0.0000, S:0.0000, T:0.0000, U:0.0022, V:0.0000, W:0.0000, X:0.0000, Y:0.0000, Z:0.0000, a:0.0000, b:0.0693, c:0.0000, d:0.0000, e:0.0000, f:0.0000, g:0.0000, h:0.0000, i:0.0000, j:0.0000, k:0.0000, l:0.0002, m:0.0000, n:0.0000, o:0.0055, p:0.0000, q:0.0000, r:0.0000, s:0.0000, t:0.0000, u:0.0000, v:0.0000, w:0.0000, x:0.0000, y:0.0000, z:0.0000}
result = 6 (6)
entropy = 0.469308

MNIST label 6 (6) -> EMNIST client_12
training labels = [0(0), 2(2), 3(3), 4(4), 5(5), 6(6), 7(7), 8(8), 9(9), 11(B), 13(D), 15(F), 17(H), 23(N), 25(P), 27(R), 28(S), 37(b), 38(c), 40(e), 41(f), 42(g), 43(h), 45(j), 47(l), 48(m), 51(p), 52(q), 55(t), 59(x), 61(z)]
distribution = {0:0.0001, 1:0.0000, 2:0.0000, 3:0.0000, 4:0.0000, 5:0.0000, 6:0.9360, 7:0.0000, 8:0.0637, 9:0.0000, A:0.0000, B:0.0000, C:0.0000, D:0.0000, E:0.0000, F:0.0000, G:0.0000, H:0.0000, I:0.0000, J:0.0000, K:0.0000, L:0.0000, M:0.0000, N:0.0000, O:0.0000, P:0.0000, Q:0.0000, R:0.0000, S:0.0000, T:0.0000, U:0.0000, V:0.0000, W:0.0000, X:0.0000, Y:0.0000, Z:0.0000, a:0.0000, b:0.0002, c:0.0000, d:0.0000, e:0.0000, f:0.0000, g:0.0000, h:0.0000, i:0.0000, j:0.0000, k:0.0000, l:0.0000, m:0.0000, n:0.0000, o:0.0000, p:0.0000, q:0.0000, r:0.0000, s:0.0000, t:0.0000, u:0.0000, v:0.0000, w:0.0000, x:0.0000, y:0.0000, z:0.0000}
result = 6 (6)
entropy = 0.239975

MNIST label 6 (6) -> EMNIST client_13
training labels = [1(1), 3(3), 5(5), 7(7), 8(8), 9(9), 10(A), 11(B), 13(D), 16(G), 17(H), 18(I), 20(K), 21(L), 22(M), 25(P), 26(Q), 28(S), 30(U), 32(W), 33(X), 35(Z), 37(b), 38(c), 39(d), 40(e), 41(f), 42(g), 45(j), 46(k), 47(l), 48(m), 50(o), 51(p), 52(q), 53(r), 54(s), 55(t), 56(u), 57(v), 58(w), 59(x), 60(y)]
distribution = {0:0.0000, 1:0.0000, 2:0.0000, 3:0.0000, 4:0.0000, 5:0.0000, 6:0.0000, 7:0.0000, 8:0.0001, 9:0.0000, A:0.0000, B:0.0000, C:0.0000, D:0.0000, E:0.0000, F:0.0000, G:0.4290, H:0.0003, I:0.0000, J:0.0000, K:0.0000, L:0.0000, M:0.0011, N:0.0000, O:0.0000, P:0.0000, Q:0.0001, R:0.0000, S:0.0000, T:0.0000, U:0.1073, V:0.0000, W:0.0000, X:0.0000, Y:0.0000, Z:0.0000, a:0.0000, b:0.4211, c:0.0000, d:0.0004, e:0.0000, f:0.0000, g:0.0003, h:0.0000, i:0.0000, j:0.0000, k:0.0000, l:0.0000, m:0.0000, n:0.0000, o:0.0000, p:0.0000, q:0.0000, r:0.0000, s:0.0000, t:0.0023, u:0.0378, v:0.0000, w:0.0000, x:0.0000, y:0.0000, z:0.0000}
result = 16 (G)
entropy = 1.124500

MNIST label 6 (6) -> EMNIST client_14
training labels = [2(2), 3(3), 4(4), 5(5), 6(6), 11(B), 16(G), 17(H), 18(I), 20(K), 21(L), 23(N), 26(Q), 31(V), 32(W), 33(X), 34(Y), 37(b), 38(c), 39(d), 40(e), 41(f), 47(l), 49(n), 52(q), 53(r), 54(s), 60(y), 61(z)]
distribution = {0:0.0000, 1:0.0000, 2:0.0000, 3:0.0006, 4:0.0000, 5:0.0000, 6:0.8012, 7:0.0000, 8:0.0000, 9:0.0000, A:0.0000, B:0.0770, C:0.0000, D:0.0000, E:0.0000, F:0.0000, G:0.0553, H:0.0070, I:0.0018, J:0.0000, K:0.0000, L:0.0001, M:0.0000, N:0.0000, O:0.0000, P:0.0000, Q:0.0062, R:0.0000, S:0.0000, T:0.0000, U:0.0000, V:0.0000, W:0.0005, X:0.0000, Y:0.0000, Z:0.0000, a:0.0000, b:0.0343, c:0.0027, d:0.0104, e:0.0002, f:0.0001, g:0.0000, h:0.0000, i:0.0000, j:0.0000, k:0.0000, l:0.0012, m:0.0000, n:0.0002, o:0.0000, p:0.0000, q:0.0000, r:0.0000, s:0.0001, t:0.0000, u:0.0000, v:0.0000, w:0.0000, x:0.0000, y:0.0009, z:0.0000}
result = 6 (6)
entropy = 0.822725

MNIST label 6 (6) -> EMNIST client_15
training labels = [2(2), 4(4), 5(5), 6(6), 7(7), 8(8), 9(9), 11(B), 12(C), 16(G), 17(H), 19(J), 21(L), 22(M), 23(N), 24(O), 25(P), 26(Q), 27(R), 29(T), 33(X), 34(Y), 36(a), 39(d), 40(e), 41(f), 43(h), 46(k), 51(p), 52(q), 53(r), 56(u), 57(v), 58(w), 59(x), 60(y), 61(z)]
distribution = {0:0.0000, 1:0.0000, 2:0.0000, 3:0.0000, 4:0.0000, 5:0.0000, 6:0.0193, 7:0.0000, 8:0.0039, 9:0.0004, A:0.0000, B:0.0000, C:0.0000, D:0.0000, E:0.0000, F:0.0000, G:0.0000, H:0.0000, I:0.0000, J:0.0000, K:0.0000, L:0.0001, M:0.0000, N:0.0000, O:0.0000, P:0.0000, Q:0.0068, R:0.0002, S:0.0000, T:0.0000, U:0.0000, V:0.0000, W:0.0000, X:0.0000, Y:0.0006, Z:0.0000, a:0.0000, b:0.0000, c:0.0000, d:0.0000, e:0.9572, f:0.0000, g:0.0000, h:0.0000, i:0.0000, j:0.0000, k:0.0034, l:0.0000, m:0.0000, n:0.0000, o:0.0000, p:0.0000, q:0.0000, r:0.0000, s:0.0000, t:0.0000, u:0.0080, v:0.0000, w:0.0000, x:0.0000, y:0.0000, z:0.0000}
result = 40 (e)
entropy = 0.242924

MNIST label 6 (6) -> EMNIST client_16
training labels = [0(0), 2(2), 4(4), 5(5), 6(6), 7(7), 8(8), 9(9), 10(A), 11(B), 12(C), 14(E), 15(F), 21(L), 25(P), 27(R), 30(U), 32(W), 37(b), 38(c), 40(e), 43(h), 44(i), 46(k), 47(l), 49(n), 50(o), 53(r), 54(s), 55(t), 56(u)]
distribution = {0:0.0000, 1:0.0000, 2:0.0115, 3:0.0000, 4:0.0000, 5:0.0000, 6:0.0501, 7:0.0000, 8:0.0016, 9:0.0000, A:0.0000, B:0.0003, C:0.1613, D:0.0000, E:0.0322, F:0.0005, G:0.0000, H:0.0000, I:0.0000, J:0.0000, K:0.0000, L:0.1720, M:0.0000, N:0.0000, O:0.0000, P:0.0000, Q:0.0000, R:0.0000, S:0.0000, T:0.0000, U:0.0000, V:0.0000, W:0.0000, X:0.0000, Y:0.0000, Z:0.0000, a:0.0000, b:0.3882, c:0.0001, d:0.0000, e:0.0004, f:0.0000, g:0.0000, h:0.0019, i:0.0000, j:0.0000, k:0.0130, l:0.0062, m:0.0000, n:0.0000, o:0.0151, p:0.0000, q:0.0000, r:0.0150, s:0.0000, t:0.1301, u:0.0004, v:0.0000, w:0.0000, x:0.0000, y:0.0000, z:0.0000}
result = 37 (b)
entropy = 1.792149

MNIST label 6 (6) -> EMNIST client_17
training labels = [0(0), 1(1), 2(2), 3(3), 5(5), 8(8), 9(9), 10(A), 14(E), 15(F), 19(J), 20(K), 21(L), 23(N), 25(P), 26(Q), 27(R), 29(T), 31(V), 33(X), 34(Y), 36(a), 38(c), 42(g), 44(i), 45(j), 47(l), 53(r), 54(s), 55(t), 57(v), 59(x), 60(y), 61(z)]
distribution = {0:0.6484, 1:0.0003, 2:0.0000, 3:0.0002, 4:0.0000, 5:0.0043, 6:0.0000, 7:0.0000, 8:0.0003, 9:0.0001, A:0.0020, B:0.0000, C:0.0000, D:0.0000, E:0.0019, F:0.0000, G:0.0000, H:0.0000, I:0.0000, J:0.0007, K:0.0011, L:0.0039, M:0.0000, N:0.0017, O:0.0000, P:0.0013, Q:0.0009, R:0.0006, S:0.0000, T:0.0000, U:0.0000, V:0.0116, W:0.0000, X:0.0001, Y:0.0061, Z:0.0000, a:0.0360, b:0.0000, c:0.0370, d:0.0000, e:0.0000, f:0.0000, g:0.0575, h:0.0000, i:0.0482, j:0.0008, k:0.0000, l:0.1296, m:0.0000, n:0.0000, o:0.0000, p:0.0000, q:0.0000, r:0.0026, s:0.0008, t:0.0003, u:0.0000, v:0.0001, w:0.0000, x:0.0000, y:0.0018, z:0.0000}
result = 0 (0)
entropy = 1.341668

MNIST label 6 (6) -> EMNIST client_18
training labels = [0(0), 1(1), 2(2), 5(5), 6(6), 9(9), 10(A), 14(E), 15(F), 16(G), 17(H), 20(K), 22(M), 24(O), 28(S), 32(W), 33(X), 34(Y), 36(a), 42(g), 44(i), 46(k), 47(l), 48(m), 49(n), 50(o), 53(r), 54(s), 55(t), 57(v), 58(w), 61(z)]
distribution = {0:0.0001, 1:0.0000, 2:0.0000, 3:0.0000, 4:0.0000, 5:0.0000, 6:0.9981, 7:0.0000, 8:0.0000, 9:0.0000, A:0.0000, B:0.0000, C:0.0000, D:0.0000, E:0.0000, F:0.0000, G:0.0000, H:0.0000, I:0.0000, J:0.0000, K:0.0000, L:0.0000, M:0.0000, N:0.0000, O:0.0000, P:0.0000, Q:0.0000, R:0.0000, S:0.0017, T:0.0000, U:0.0000, V:0.0000, W:0.0000, X:0.0000, Y:0.0000, Z:0.0000, a:0.0000, b:0.0000, c:0.0000, d:0.0000, e:0.0000, f:0.0000, g:0.0000, h:0.0000, i:0.0000, j:0.0000, k:0.0000, l:0.0000, m:0.0000, n:0.0000, o:0.0000, p:0.0000, q:0.0000, r:0.0000, s:0.0000, t:0.0000, u:0.0000, v:0.0000, w:0.0000, x:0.0000, y:0.0000, z:0.0000}
result = 6 (6)
entropy = 0.015070

MNIST label 6 (6) -> EMNIST client_19
training labels = [0(0), 1(1), 2(2), 3(3), 4(4), 5(5), 6(6), 7(7), 8(8), 9(9), 10(A), 11(B), 12(C), 13(D), 14(E), 15(F), 16(G), 17(H), 18(I), 19(J), 20(K), 21(L), 22(M), 23(N), 24(O), 25(P), 26(Q), 27(R), 28(S), 29(T), 30(U), 31(V), 32(W), 33(X), 34(Y), 35(Z), 36(a), 37(b), 38(c), 39(d), 40(e), 41(f), 42(g), 43(h), 44(i), 45(j), 46(k), 47(l), 48(m), 49(n), 50(o), 51(p), 52(q), 53(r), 54(s), 55(t), 56(u), 57(v), 58(w), 59(x), 60(y), 61(z)]
distribution = {0:0.0000, 1:0.0000, 2:0.0000, 3:0.0000, 4:0.0000, 5:0.0222, 6:0.9445, 7:0.0000, 8:0.0000, 9:0.0000, A:0.0000, B:0.0029, C:0.0223, D:0.0000, E:0.0000, F:0.0000, G:0.0000, H:0.0000, I:0.0000, J:0.0000, K:0.0000, L:0.0000, M:0.0000, N:0.0000, O:0.0022, P:0.0000, Q:0.0000, R:0.0000, S:0.0000, T:0.0000, U:0.0000, V:0.0000, W:0.0000, X:0.0000, Y:0.0000, Z:0.0000, a:0.0000, b:0.0016, c:0.0026, d:0.0000, e:0.0000, f:0.0001, g:0.0000, h:0.0002, i:0.0000, j:0.0000, k:0.0000, l:0.0011, m:0.0000, n:0.0000, o:0.0000, p:0.0000, q:0.0000, r:0.0000, s:0.0000, t:0.0000, u:0.0000, v:0.0001, w:0.0000, x:0.0000, y:0.0001, z:0.0000}
result = 6 (6)
entropy = 0.292265

MNIST label 7 (7) -> EMNIST client_10
training labels = [1(1), 3(3), 4(4), 5(5), 7(7), 8(8), 9(9), 10(A), 12(C), 14(E), 16(G), 19(J), 24(O), 25(P), 26(Q), 27(R), 29(T), 31(V), 32(W), 38(c), 43(h), 47(l), 52(q), 53(r), 54(s), 56(u), 59(x), 61(z)]
distribution = {0:0.0000, 1:0.0658, 2:0.0000, 3:0.0008, 4:0.0166, 5:0.0000, 6:0.0000, 7:0.5369, 8:0.0000, 9:0.0000, A:0.0000, B:0.0000, C:0.0000, D:0.0000, E:0.0008, F:0.0000, G:0.0000, H:0.0000, I:0.0000, J:0.0001, K:0.0000, L:0.0000, M:0.0000, N:0.0000, O:0.0002, P:0.0000, Q:0.0000, R:0.0009, S:0.0000, T:0.3733, U:0.0000, V:0.0000, W:0.0000, X:0.0000, Y:0.0000, Z:0.0000, a:0.0000, b:0.0000, c:0.0000, d:0.0000, e:0.0000, f:0.0000, g:0.0000, h:0.0000, i:0.0000, j:0.0000, k:0.0000, l:0.0000, m:0.0000, n:0.0000, o:0.0000, p:0.0000, q:0.0028, r:0.0005, s:0.0000, t:0.0000, u:0.0000, v:0.0000, w:0.0000, x:0.0012, y:0.0000, z:0.0001}
result = 7 (7)
entropy = 0.998943

MNIST label 7 (7) -> EMNIST client_11
training labels = [0(0), 1(1), 2(2), 3(3), 4(4), 6(6), 7(7), 8(8), 9(9), 10(A), 12(C), 13(D), 15(F), 18(I), 19(J), 20(K), 22(M), 24(O), 27(R), 28(S), 30(U), 33(X), 35(Z), 36(a), 37(b), 38(c), 41(f), 45(j), 47(l), 50(o), 53(r), 54(s)]
distribution = {0:0.0138, 1:0.0135, 2:0.0978, 3:0.0000, 4:0.0000, 5:0.0000, 6:0.0000, 7:0.5748, 8:0.0066, 9:0.0081, A:0.0000, B:0.0000, C:0.0002, D:0.0007, E:0.0000, F:0.0001, G:0.0000, H:0.0000, I:0.0027, J:0.0436, K:0.0000, L:0.0000, M:0.0001, N:0.0000, O:0.0137, P:0.0000, Q:0.0000, R:0.0000, S:0.0127, T:0.0000, U:0.0003, V:0.0000, W:0.0000, X:0.0000, Y:0.0000, Z:0.0006, a:0.0002, b:0.0000, c:0.0001, d:0.0000, e:0.0000, f:0.0000, g:0.0000, h:0.0000, i:0.0000, j:0.0548, k:0.0000, l:0.0007, m:0.0000, n:0.0000, o:0.1326, p:0.0000, q:0.0000, r:0.0007, s:0.0215, t:0.0000, u:0.0000, v:0.0000, w:0.0000, x:0.0000, y:0.0000, z:0.0000}
result = 7 (7)
entropy = 1.539996

MNIST label 7 (7) -> EMNIST client_12
training labels = [0(0), 2(2), 3(3), 4(4), 5(5), 6(6), 7(7), 8(8), 9(9), 11(B), 13(D), 15(F), 17(H), 23(N), 25(P), 27(R), 28(S), 37(b), 38(c), 40(e), 41(f), 42(g), 43(h), 45(j), 47(l), 48(m), 51(p), 52(q), 55(t), 59(x), 61(z)]
distribution = {0:0.0000, 1:0.0000, 2:0.0262, 3:0.0002, 4:0.0003, 5:0.0000, 6:0.0000, 7:0.7454, 8:0.0001, 9:0.0059, A:0.0000, B:0.0000, C:0.0000, D:0.1224, E:0.0000, F:0.0000, G:0.0000, H:0.0001, I:0.0000, J:0.0000, K:0.0000, L:0.0000, M:0.0000, N:0.0000, O:0.0000, P:0.0000, Q:0.0000, R:0.0000, S:0.0000, T:0.0000, U:0.0000, V:0.0000, W:0.0000, X:0.0000, Y:0.0000, Z:0.0000, a:0.0000, b:0.0000, c:0.0000, d:0.0000, e:0.0000, f:0.0000, g:0.0000, h:0.0215, i:0.0000, j:0.0001, k:0.0000, l:0.0057, m:0.0000, n:0.0000, o:0.0000, p:0.0000, q:0.0015, r:0.0000, s:0.0000, t:0.0001, u:0.0000, v:0.0000, w:0.0000, x:0.0000, y:0.0000, z:0.0704}
result = 7 (7)
entropy = 0.919161

MNIST label 7 (7) -> EMNIST client_13
training labels = [1(1), 3(3), 5(5), 7(7), 8(8), 9(9), 10(A), 11(B), 13(D), 16(G), 17(H), 18(I), 20(K), 21(L), 22(M), 25(P), 26(Q), 28(S), 30(U), 32(W), 33(X), 35(Z), 37(b), 38(c), 39(d), 40(e), 41(f), 42(g), 45(j), 46(k), 47(l), 48(m), 50(o), 51(p), 52(q), 53(r), 54(s), 55(t), 56(u), 57(v), 58(w), 59(x), 60(y)]
distribution = {0:0.0000, 1:0.0581, 2:0.0000, 3:0.0716, 4:0.0000, 5:0.0000, 6:0.0000, 7:0.7341, 8:0.0000, 9:0.0012, A:0.0000, B:0.0000, C:0.0000, D:0.0000, E:0.0000, F:0.0000, G:0.0000, H:0.0000, I:0.0002, J:0.0000, K:0.0000, L:0.0000, M:0.0090, N:0.0000, O:0.0000, P:0.0000, Q:0.0000, R:0.0000, S:0.0000, T:0.0000, U:0.0000, V:0.0000, W:0.0000, X:0.0000, Y:0.0000, Z:0.0011, a:0.0000, b:0.0000, c:0.0000, d:0.0000, e:0.0000, f:0.0000, g:0.0000, h:0.0000, i:0.0000, j:0.0025, k:0.0000, l:0.0000, m:0.0000, n:0.0000, o:0.0000, p:0.0001, q:0.0000, r:0.0000, s:0.0000, t:0.1221, u:0.0000, v:0.0000, w:0.0000, x:0.0000, y:0.0000, z:0.0000}
result = 7 (7)
entropy = 0.913678

MNIST label 7 (7) -> EMNIST client_14
training labels = [2(2), 3(3), 4(4), 5(5), 6(6), 11(B), 16(G), 17(H), 18(I), 20(K), 21(L), 23(N), 26(Q), 31(V), 32(W), 33(X), 34(Y), 37(b), 38(c), 39(d), 40(e), 41(f), 47(l), 49(n), 52(q), 53(r), 54(s), 60(y), 61(z)]
distribution = {0:0.0000, 1:0.0000, 2:0.0065, 3:0.0916, 4:0.0000, 5:0.0002, 6:0.0000, 7:0.0000, 8:0.0000, 9:0.0000, A:0.0000, B:0.0007, C:0.0000, D:0.0000, E:0.0000, F:0.0000, G:0.0000, H:0.0002, I:0.3529, J:0.0000, K:0.0000, L:0.0000, M:0.0000, N:0.0000, O:0.0000, P:0.0000, Q:0.0000, R:0.0000, S:0.0000, T:0.0000, U:0.0000, V:0.0000, W:0.0000, X:0.0019, Y:0.0795, Z:0.0000, a:0.0000, b:0.0000, c:0.0000, d:0.0054, e:0.0000, f:0.0000, g:0.0000, h:0.0000, i:0.0000, j:0.0000, k:0.0000, l:0.0075, m:0.0000, n:0.0039, o:0.0000, p:0.0000, q:0.0083, r:0.0001, s:0.0003, t:0.0000, u:0.0000, v:0.0000, w:0.0000, x:0.0000, y:0.0153, z:0.4259}
result = 61 (z)
entropy = 1.397850

MNIST label 7 (7) -> EMNIST client_15
training labels = [2(2), 4(4), 5(5), 6(6), 7(7), 8(8), 9(9), 11(B), 12(C), 16(G), 17(H), 19(J), 21(L), 22(M), 23(N), 24(O), 25(P), 26(Q), 27(R), 29(T), 33(X), 34(Y), 36(a), 39(d), 40(e), 41(f), 43(h), 46(k), 51(p), 52(q), 53(r), 56(u), 57(v), 58(w), 59(x), 60(y), 61(z)]
distribution = {0:0.0000, 1:0.0000, 2:0.0000, 3:0.0000, 4:0.0000, 5:0.0000, 6:0.0143, 7:0.6370, 8:0.0002, 9:0.3186, A:0.0000, B:0.0000, C:0.0001, D:0.0000, E:0.0000, F:0.0000, G:0.0000, H:0.0000, I:0.0000, J:0.0018, K:0.0000, L:0.0011, M:0.0000, N:0.0000, O:0.0002, P:0.0000, Q:0.0000, R:0.0000, S:0.0000, T:0.0009, U:0.0000, V:0.0000, W:0.0000, X:0.0000, Y:0.0001, Z:0.0000, a:0.0000, b:0.0000, c:0.0000, d:0.0000, e:0.0000, f:0.0001, g:0.0000, h:0.0000, i:0.0000, j:0.0000, k:0.0000, l:0.0000, m:0.0000, n:0.0000, o:0.0000, p:0.0000, q:0.0000, r:0.0238, s:0.0000, t:0.0000, u:0.0016, v:0.0000, w:0.0000, x:0.0000, y:0.0000, z:0.0000}
result = 7 (7)
entropy = 0.844163

MNIST label 7 (7) -> EMNIST client_16
training labels = [0(0), 2(2), 4(4), 5(5), 6(6), 7(7), 8(8), 9(9), 10(A), 11(B), 12(C), 14(E), 15(F), 21(L), 25(P), 27(R), 30(U), 32(W), 37(b), 38(c), 40(e), 43(h), 44(i), 46(k), 47(l), 49(n), 50(o), 53(r), 54(s), 55(t), 56(u)]
distribution = {0:0.0000, 1:0.0000, 2:0.0858, 3:0.0000, 4:0.0000, 5:0.0000, 6:0.0000, 7:0.0004, 8:0.0009, 9:0.0000, A:0.0000, B:0.0000, C:0.0000, D:0.0000, E:0.0000, F:0.0037, G:0.0000, H:0.0000, I:0.0000, J:0.0000, K:0.0000, L:0.0000, M:0.0000, N:0.0000, O:0.0000, P:0.0002, Q:0.0000, R:0.0000, S:0.0000, T:0.0000, U:0.0000, V:0.0000, W:0.0000, X:0.0000, Y:0.0000, Z:0.0000, a:0.0000, b:0.0000, c:0.0000, d:0.0000, e:0.0000, f:0.0000, g:0.0000, h:0.0036, i:0.0009, j:0.0000, k:0.0000, l:0.0006, m:0.0000, n:0.0632, o:0.1592, p:0.0000, q:0.0000, r:0.0101, s:0.0000, t:0.6713, u:0.0000, v:0.0000, w:0.0000, x:0.0000, y:0.0000, z:0.0000}
result = 55 (t)
entropy = 1.055126

MNIST label 7 (7) -> EMNIST client_17
training labels = [0(0), 1(1), 2(2), 3(3), 5(5), 8(8), 9(9), 10(A), 14(E), 15(F), 19(J), 20(K), 21(L), 23(N), 25(P), 26(Q), 27(R), 29(T), 31(V), 33(X), 34(Y), 36(a), 38(c), 42(g), 44(i), 45(j), 47(l), 53(r), 54(s), 55(t), 57(v), 59(x), 60(y), 61(z)]
distribution = {0:0.0000, 1:0.0000, 2:0.0000, 3:0.0000, 4:0.0000, 5:0.0000, 6:0.0000, 7:0.0000, 8:0.0000, 9:0.0000, A:0.0000, B:0.0000, C:0.0000, D:0.0000, E:0.0000, F:0.0000, G:0.0000, H:0.0000, I:0.0000, J:0.0008, K:0.0000, L:0.0000, M:0.0000, N:0.0001, O:0.0000, P:0.0000, Q:0.0000, R:0.0000, S:0.0000, T:0.4193, U:0.0000, V:0.0000, W:0.0000, X:0.0000, Y:0.0008, Z:0.0000, a:0.1408, b:0.0000, c:0.0000, d:0.0000, e:0.0000, f:0.0000, g:0.0000, h:0.0000, i:0.2666, j:0.1708, k:0.0000, l:0.0000, m:0.0000, n:0.0000, o:0.0000, p:0.0000, q:0.0000, r:0.0003, s:0.0000, t:0.0002, u:0.0000, v:0.0000, w:0.0000, x:0.0000, y:0.0000, z:0.0000}
result = 29 (T)
entropy = 1.313547

MNIST label 7 (7) -> EMNIST client_18
training labels = [0(0), 1(1), 2(2), 5(5), 6(6), 9(9), 10(A), 14(E), 15(F), 16(G), 17(H), 20(K), 22(M), 24(O), 28(S), 32(W), 33(X), 34(Y), 36(a), 42(g), 44(i), 46(k), 47(l), 48(m), 49(n), 50(o), 53(r), 54(s), 55(t), 57(v), 58(w), 61(z)]
distribution = {0:0.0560, 1:0.0282, 2:0.0001, 3:0.0000, 4:0.0000, 5:0.0000, 6:0.0000, 7:0.0000, 8:0.0000, 9:0.4033, A:0.0000, B:0.0000, C:0.0000, D:0.0000, E:0.0000, F:0.0001, G:0.0000, H:0.0000, I:0.0000, J:0.0000, K:0.0000, L:0.0000, M:0.0000, N:0.0000, O:0.0118, P:0.0000, Q:0.0000, R:0.0000, S:0.0178, T:0.0000, U:0.0000, V:0.0000, W:0.0001, X:0.0000, Y:0.0245, Z:0.0000, a:0.0000, b:0.0000, c:0.0000, d:0.0000, e:0.0000, f:0.0000, g:0.0050, h:0.0000, i:0.0052, j:0.0000, k:0.0000, l:0.0005, m:0.0000, n:0.0014, o:0.0061, p:0.0000, q:0.0000, r:0.0264, s:0.0000, t:0.4117, u:0.0000, v:0.0000, w:0.0000, x:0.0000, y:0.0000, z:0.0019}
result = 55 (t)
entropy = 1.416873

MNIST label 7 (7) -> EMNIST client_19
training labels = [0(0), 1(1), 2(2), 3(3), 4(4), 5(5), 6(6), 7(7), 8(8), 9(9), 10(A), 11(B), 12(C), 13(D), 14(E), 15(F), 16(G), 17(H), 18(I), 19(J), 20(K), 21(L), 22(M), 23(N), 24(O), 25(P), 26(Q), 27(R), 28(S), 29(T), 30(U), 31(V), 32(W), 33(X), 34(Y), 35(Z), 36(a), 37(b), 38(c), 39(d), 40(e), 41(f), 42(g), 43(h), 44(i), 45(j), 46(k), 47(l), 48(m), 49(n), 50(o), 51(p), 52(q), 53(r), 54(s), 55(t), 56(u), 57(v), 58(w), 59(x), 60(y), 61(z)]
distribution = {0:0.0000, 1:0.0000, 2:0.0000, 3:0.0000, 4:0.0000, 5:0.0000, 6:0.0000, 7:0.9991, 8:0.0000, 9:0.0000, A:0.0000, B:0.0000, C:0.0000, D:0.0000, E:0.0000, F:0.0000, G:0.0000, H:0.0000, I:0.0000, J:0.0000, K:0.0000, L:0.0000, M:0.0000, N:0.0000, O:0.0000, P:0.0000, Q:0.0000, R:0.0000, S:0.0000, T:0.0009, U:0.0000, V:0.0000, W:0.0000, X:0.0000, Y:0.0000, Z:0.0000, a:0.0000, b:0.0000, c:0.0000, d:0.0000, e:0.0000, f:0.0000, g:0.0000, h:0.0000, i:0.0000, j:0.0000, k:0.0000, l:0.0000, m:0.0000, n:0.0000, o:0.0000, p:0.0000, q:0.0000, r:0.0000, s:0.0000, t:0.0000, u:0.0000, v:0.0000, w:0.0000, x:0.0000, y:0.0000, z:0.0000}
result = 7 (7)
entropy = 0.007662

MNIST label 8 (8) -> EMNIST client_10
training labels = [1(1), 3(3), 4(4), 5(5), 7(7), 8(8), 9(9), 10(A), 12(C), 14(E), 16(G), 19(J), 24(O), 25(P), 26(Q), 27(R), 29(T), 31(V), 32(W), 38(c), 43(h), 47(l), 52(q), 53(r), 54(s), 56(u), 59(x), 61(z)]
distribution = {0:0.0000, 1:0.0524, 2:0.0000, 3:0.0922, 4:0.0242, 5:0.0006, 6:0.0000, 7:0.0134, 8:0.0125, 9:0.0136, A:0.0252, B:0.0000, C:0.0190, D:0.0000, E:0.0550, F:0.0000, G:0.0369, H:0.0000, I:0.0000, J:0.0009, K:0.0000, L:0.0000, M:0.0000, N:0.0000, O:0.2179, P:0.0812, Q:0.0089, R:0.0404, S:0.0000, T:0.0078, U:0.0000, V:0.0000, W:0.0003, X:0.0000, Y:0.0000, Z:0.0000, a:0.0000, b:0.0000, c:0.0268, d:0.0000, e:0.0000, f:0.0000, g:0.0000, h:0.0016, i:0.0000, j:0.0000, k:0.0000, l:0.0000, m:0.0000, n:0.0000, o:0.0000, p:0.0000, q:0.2401, r:0.0020, s:0.0058, t:0.0000, u:0.0018, v:0.0000, w:0.0000, x:0.0069, y:0.0000, z:0.0128}
result = 52 (q)
entropy = 2.436087

MNIST label 8 (8) -> EMNIST client_11
training labels = [0(0), 1(1), 2(2), 3(3), 4(4), 6(6), 7(7), 8(8), 9(9), 10(A), 12(C), 13(D), 15(F), 18(I), 19(J), 20(K), 22(M), 24(O), 27(R), 28(S), 30(U), 33(X), 35(Z), 36(a), 37(b), 38(c), 41(f), 45(j), 47(l), 50(o), 53(r), 54(s)]
distribution = {0:0.0175, 1:0.0000, 2:0.0065, 3:0.0000, 4:0.0000, 5:0.0000, 6:0.0052, 7:0.0000, 8:0.8472, 9:0.0000, A:0.0001, B:0.0000, C:0.0000, D:0.0000, E:0.0000, F:0.0000, G:0.0000, H:0.0000, I:0.0000, J:0.0000, K:0.0000, L:0.0000, M:0.0000, N:0.0000, O:0.0777, P:0.0000, Q:0.0000, R:0.0000, S:0.0072, T:0.0000, U:0.0000, V:0.0000, W:0.0000, X:0.0000, Y:0.0000, Z:0.0000, a:0.0000, b:0.0021, c:0.0000, d:0.0000, e:0.0000, f:0.0000, g:0.0000, h:0.0000, i:0.0000, j:0.0000, k:0.0000, l:0.0004, m:0.0000, n:0.0000, o:0.0352, p:0.0000, q:0.0000, r:0.0000, s:0.0008, t:0.0000, u:0.0000, v:0.0000, w:0.0000, x:0.0000, y:0.0000, z:0.0000}
result = 8 (8)
entropy = 0.646741

MNIST label 8 (8) -> EMNIST client_12
training labels = [0(0), 2(2), 3(3), 4(4), 5(5), 6(6), 7(7), 8(8), 9(9), 11(B), 13(D), 15(F), 17(H), 23(N), 25(P), 27(R), 28(S), 37(b), 38(c), 40(e), 41(f), 42(g), 43(h), 45(j), 47(l), 48(m), 51(p), 52(q), 55(t), 59(x), 61(z)]
distribution = {0:0.0000, 1:0.0000, 2:0.0000, 3:0.0000, 4:0.0000, 5:0.0000, 6:0.0000, 7:0.0000, 8:1.0000, 9:0.0000, A:0.0000, B:0.0000, C:0.0000, D:0.0000, E:0.0000, F:0.0000, G:0.0000, H:0.0000, I:0.0000, J:0.0000, K:0.0000, L:0.0000, M:0.0000, N:0.0000, O:0.0000, P:0.0000, Q:0.0000, R:0.0000, S:0.0000, T:0.0000, U:0.0000, V:0.0000, W:0.0000, X:0.0000, Y:0.0000, Z:0.0000, a:0.0000, b:0.0000, c:0.0000, d:0.0000, e:0.0000, f:0.0000, g:0.0000, h:0.0000, i:0.0000, j:0.0000, k:0.0000, l:0.0000, m:0.0000, n:0.0000, o:0.0000, p:0.0000, q:0.0000, r:0.0000, s:0.0000, t:0.0000, u:0.0000, v:0.0000, w:0.0000, x:0.0000, y:0.0000, z:0.0000}
result = 8 (8)
entropy = 0.000042

MNIST label 8 (8) -> EMNIST client_13
training labels = [1(1), 3(3), 5(5), 7(7), 8(8), 9(9), 10(A), 11(B), 13(D), 16(G), 17(H), 18(I), 20(K), 21(L), 22(M), 25(P), 26(Q), 28(S), 30(U), 32(W), 33(X), 35(Z), 37(b), 38(c), 39(d), 40(e), 41(f), 42(g), 45(j), 46(k), 47(l), 48(m), 50(o), 51(p), 52(q), 53(r), 54(s), 55(t), 56(u), 57(v), 58(w), 59(x), 60(y)]
distribution = {0:0.0000, 1:0.0000, 2:0.0000, 3:0.0000, 4:0.0000, 5:0.0000, 6:0.0000, 7:0.0000, 8:1.0000, 9:0.0000, A:0.0000, B:0.0000, C:0.0000, D:0.0000, E:0.0000, F:0.0000, G:0.0000, H:0.0000, I:0.0000, J:0.0000, K:0.0000, L:0.0000, M:0.0000, N:0.0000, O:0.0000, P:0.0000, Q:0.0000, R:0.0000, S:0.0000, T:0.0000, U:0.0000, V:0.0000, W:0.0000, X:0.0000, Y:0.0000, Z:0.0000, a:0.0000, b:0.0000, c:0.0000, d:0.0000, e:0.0000, f:0.0000, g:0.0000, h:0.0000, i:0.0000, j:0.0000, k:0.0000, l:0.0000, m:0.0000, n:0.0000, o:0.0000, p:0.0000, q:0.0000, r:0.0000, s:0.0000, t:0.0000, u:0.0000, v:0.0000, w:0.0000, x:0.0000, y:0.0000, z:0.0000}
result = 8 (8)
entropy = 0.000000

MNIST label 8 (8) -> EMNIST client_14
training labels = [2(2), 3(3), 4(4), 5(5), 6(6), 11(B), 16(G), 17(H), 18(I), 20(K), 21(L), 23(N), 26(Q), 31(V), 32(W), 33(X), 34(Y), 37(b), 38(c), 39(d), 40(e), 41(f), 47(l), 49(n), 52(q), 53(r), 54(s), 60(y), 61(z)]
distribution = {0:0.0000, 1:0.0000, 2:0.0084, 3:0.4514, 4:0.0001, 5:0.0007, 6:0.0070, 7:0.0000, 8:0.0000, 9:0.0000, A:0.0000, B:0.3207, C:0.0000, D:0.0000, E:0.0000, F:0.0000, G:0.0210, H:0.0016, I:0.0115, J:0.0000, K:0.0000, L:0.0001, M:0.0000, N:0.0001, O:0.0000, P:0.0000, Q:0.0185, R:0.0000, S:0.0000, T:0.0000, U:0.0000, V:0.0000, W:0.0001, X:0.0000, Y:0.0001, Z:0.0000, a:0.0000, b:0.0025, c:0.0054, d:0.0278, e:0.0238, f:0.0046, g:0.0000, h:0.0000, i:0.0000, j:0.0000, k:0.0000, l:0.0020, m:0.0000, n:0.0085, o:0.0000, p:0.0000, q:0.0253, r:0.0000, s:0.0023, t:0.0000, u:0.0000, v:0.0000, w:0.0000, x:0.0000, y:0.0028, z:0.0535}
result = 3 (3)
entropy = 1.617237

MNIST label 8 (8) -> EMNIST client_15
training labels = [2(2), 4(4), 5(5), 6(6), 7(7), 8(8), 9(9), 11(B), 12(C), 16(G), 17(H), 19(J), 21(L), 22(M), 23(N), 24(O), 25(P), 26(Q), 27(R), 29(T), 33(X), 34(Y), 36(a), 39(d), 40(e), 41(f), 43(h), 46(k), 51(p), 52(q), 53(r), 56(u), 57(v), 58(w), 59(x), 60(y), 61(z)]
distribution = {0:0.0000, 1:0.0000, 2:0.0000, 3:0.0000, 4:0.0000, 5:0.0000, 6:0.0706, 7:0.0000, 8:0.5912, 9:0.0548, A:0.0000, B:0.0000, C:0.0000, D:0.0000, E:0.0000, F:0.0000, G:0.0000, H:0.0000, I:0.0000, J:0.0000, K:0.0000, L:0.0000, M:0.0000, N:0.0000, O:0.0006, P:0.0000, Q:0.0128, R:0.0001, S:0.0000, T:0.0000, U:0.0000, V:0.0000, W:0.0000, X:0.0000, Y:0.0000, Z:0.0000, a:0.0003, b:0.0000, c:0.0000, d:0.0000, e:0.2693, f:0.0000, g:0.0000, h:0.0000, i:0.0000, j:0.0000, k:0.0000, l:0.0000, m:0.0000, n:0.0000, o:0.0000, p:0.0000, q:0.0003, r:0.0000, s:0.0000, t:0.0000, u:0.0001, v:0.0000, w:0.0000, x:0.0000, y:0.0000, z:0.0000}
result = 8 (8)
entropy = 1.077200

MNIST label 8 (8) -> EMNIST client_16
training labels = [0(0), 2(2), 4(4), 5(5), 6(6), 7(7), 8(8), 9(9), 10(A), 11(B), 12(C), 14(E), 15(F), 21(L), 25(P), 27(R), 30(U), 32(W), 37(b), 38(c), 40(e), 43(h), 44(i), 46(k), 47(l), 49(n), 50(o), 53(r), 54(s), 55(t), 56(u)]
distribution = {0:0.0000, 1:0.0000, 2:0.1258, 3:0.0000, 4:0.0000, 5:0.0000, 6:0.0000, 7:0.0000, 8:0.8243, 9:0.0000, A:0.0000, B:0.0334, C:0.0000, D:0.0000, E:0.0000, F:0.0003, G:0.0000, H:0.0000, I:0.0000, J:0.0000, K:0.0000, L:0.0000, M:0.0000, N:0.0000, O:0.0000, P:0.0000, Q:0.0000, R:0.0000, S:0.0000, T:0.0000, U:0.0000, V:0.0000, W:0.0000, X:0.0000, Y:0.0000, Z:0.0000, a:0.0000, b:0.0007, c:0.0000, d:0.0000, e:0.0000, f:0.0000, g:0.0000, h:0.0000, i:0.0000, j:0.0000, k:0.0000, l:0.0001, m:0.0000, n:0.0000, o:0.0143, p:0.0000, q:0.0000, r:0.0001, s:0.0000, t:0.0004, u:0.0003, v:0.0000, w:0.0000, x:0.0000, y:0.0000, z:0.0000}
result = 8 (8)
entropy = 0.611231

MNIST label 8 (8) -> EMNIST client_17
training labels = [0(0), 1(1), 2(2), 3(3), 5(5), 8(8), 9(9), 10(A), 14(E), 15(F), 19(J), 20(K), 21(L), 23(N), 25(P), 26(Q), 27(R), 29(T), 31(V), 33(X), 34(Y), 36(a), 38(c), 42(g), 44(i), 45(j), 47(l), 53(r), 54(s), 55(t), 57(v), 59(x), 60(y), 61(z)]
distribution = {0:0.0026, 1:0.0060, 2:0.0001, 3:0.0013, 4:0.0000, 5:0.0002, 6:0.0000, 7:0.0000, 8:0.4368, 9:0.0002, A:0.0002, B:0.0000, C:0.0000, D:0.0000, E:0.0000, F:0.0000, G:0.0000, H:0.0000, I:0.0000, J:0.0000, K:0.0000, L:0.0000, M:0.0000, N:0.0003, O:0.0000, P:0.0045, Q:0.0014, R:0.0011, S:0.0000, T:0.0000, U:0.0000, V:0.0001, W:0.0000, X:0.0000, Y:0.0000, Z:0.0000, a:0.0009, b:0.0000, c:0.0001, d:0.0000, e:0.0000, f:0.0000, g:0.4252, h:0.0000, i:0.0010, j:0.0000, k:0.0000, l:0.0007, m:0.0000, n:0.0000, o:0.0000, p:0.0000, q:0.0000, r:0.0048, s:0.1123, t:0.0000, u:0.0000, v:0.0000, w:0.0000, x:0.0000, y:0.0000, z:0.0000}
result = 8 (8)
entropy = 1.122635

MNIST label 8 (8) -> EMNIST client_18
training labels = [0(0), 1(1), 2(2), 5(5), 6(6), 9(9), 10(A), 14(E), 15(F), 16(G), 17(H), 20(K), 22(M), 24(O), 28(S), 32(W), 33(X), 34(Y), 36(a), 42(g), 44(i), 46(k), 47(l), 48(m), 49(n), 50(o), 53(r), 54(s), 55(t), 57(v), 58(w), 61(z)]
distribution = {0:0.4133, 1:0.0001, 2:0.0088, 3:0.0000, 4:0.0000, 5:0.0010, 6:0.0028, 7:0.0000, 8:0.0000, 9:0.0331, A:0.0000, B:0.0000, C:0.0000, D:0.0000, E:0.0008, F:0.0000, G:0.0001, H:0.0000, I:0.0000, J:0.0000, K:0.0000, L:0.0000, M:0.0000, N:0.0000, O:0.2088, P:0.0000, Q:0.0000, R:0.0000, S:0.1944, T:0.0000, U:0.0000, V:0.0000, W:0.0001, X:0.0000, Y:0.0002, Z:0.0000, a:0.0116, b:0.0000, c:0.0000, d:0.0000, e:0.0000, f:0.0000, g:0.0616, h:0.0000, i:0.0003, j:0.0000, k:0.0000, l:0.0000, m:0.0000, n:0.0000, o:0.0606, p:0.0000, q:0.0000, r:0.0004, s:0.0000, t:0.0003, u:0.0000, v:0.0000, w:0.0000, x:0.0000, y:0.0000, z:0.0016}
result = 0 (0)
entropy = 1.610996

MNIST label 8 (8) -> EMNIST client_19
training labels = [0(0), 1(1), 2(2), 3(3), 4(4), 5(5), 6(6), 7(7), 8(8), 9(9), 10(A), 11(B), 12(C), 13(D), 14(E), 15(F), 16(G), 17(H), 18(I), 19(J), 20(K), 21(L), 22(M), 23(N), 24(O), 25(P), 26(Q), 27(R), 28(S), 29(T), 30(U), 31(V), 32(W), 33(X), 34(Y), 35(Z), 36(a), 37(b), 38(c), 39(d), 40(e), 41(f), 42(g), 43(h), 44(i), 45(j), 46(k), 47(l), 48(m), 49(n), 50(o), 51(p), 52(q), 53(r), 54(s), 55(t), 56(u), 57(v), 58(w), 59(x), 60(y), 61(z)]
distribution = {0:0.0003, 1:0.0029, 2:0.0000, 3:0.0005, 4:0.0006, 5:0.0104, 6:0.0102, 7:0.0054, 8:0.0007, 9:0.0000, A:0.0057, B:0.4764, C:0.0599, D:0.0007, E:0.0002, F:0.0000, G:0.0000, H:0.0000, I:0.0007, J:0.0000, K:0.0017, L:0.0006, M:0.0000, N:0.0000, O:0.1987, P:0.0055, Q:0.0013, R:0.0002, S:0.0000, T:0.0011, U:0.0000, V:0.0000, W:0.0000, X:0.0000, Y:0.0001, Z:0.0003, a:0.0000, b:0.0000, c:0.0195, d:0.0018, e:0.0484, f:0.0037, g:0.0018, h:0.0004, i:0.0002, j:0.0027, k:0.0000, l:0.0556, m:0.0016, n:0.0163, o:0.0005, p:0.0084, q:0.0045, r:0.0219, s:0.0000, t:0.0033, u:0.0001, v:0.0180, w:0.0014, x:0.0003, y:0.0053, z:0.0003}
result = 11 (B)
entropy = 1.916508

MNIST label 9 (9) -> EMNIST client_10
training labels = [1(1), 3(3), 4(4), 5(5), 7(7), 8(8), 9(9), 10(A), 12(C), 14(E), 16(G), 19(J), 24(O), 25(P), 26(Q), 27(R), 29(T), 31(V), 32(W), 38(c), 43(h), 47(l), 52(q), 53(r), 54(s), 56(u), 59(x), 61(z)]
distribution = {0:0.0000, 1:0.0058, 2:0.0000, 3:0.0054, 4:0.4393, 5:0.0000, 6:0.0000, 7:0.1532, 8:0.0000, 9:0.0834, A:0.0122, B:0.0000, C:0.0010, D:0.0000, E:0.0038, F:0.0000, G:0.0002, H:0.0000, I:0.0000, J:0.0000, K:0.0000, L:0.0000, M:0.0000, N:0.0000, O:0.0252, P:0.0335, Q:0.0075, R:0.0130, S:0.0000, T:0.0043, U:0.0000, V:0.0000, W:0.0000, X:0.0000, Y:0.0000, Z:0.0000, a:0.0000, b:0.0000, c:0.0001, d:0.0000, e:0.0000, f:0.0000, g:0.0000, h:0.0000, i:0.0000, j:0.0000, k:0.0000, l:0.0000, m:0.0000, n:0.0000, o:0.0000, p:0.0000, q:0.2037, r:0.0001, s:0.0000, t:0.0000, u:0.0000, v:0.0000, w:0.0000, x:0.0069, y:0.0000, z:0.0012}
result = 4 (4)
entropy = 1.690186

MNIST label 9 (9) -> EMNIST client_11
training labels = [0(0), 1(1), 2(2), 3(3), 4(4), 6(6), 7(7), 8(8), 9(9), 10(A), 12(C), 13(D), 15(F), 18(I), 19(J), 20(K), 22(M), 24(O), 27(R), 28(S), 30(U), 33(X), 35(Z), 36(a), 37(b), 38(c), 41(f), 45(j), 47(l), 50(o), 53(r), 54(s)]
distribution = {0:0.0037, 1:0.0000, 2:0.0100, 3:0.0000, 4:0.0001, 5:0.0000, 6:0.0000, 7:0.0000, 8:0.1457, 9:0.7776, A:0.0000, B:0.0000, C:0.0000, D:0.0000, E:0.0000, F:0.0000, G:0.0000, H:0.0000, I:0.0000, J:0.0000, K:0.0000, L:0.0000, M:0.0000, N:0.0000, O:0.0048, P:0.0000, Q:0.0000, R:0.0000, S:0.0113, T:0.0000, U:0.0000, V:0.0000, W:0.0000, X:0.0000, Y:0.0000, Z:0.0000, a:0.0004, b:0.0000, c:0.0000, d:0.0000, e:0.0000, f:0.0000, g:0.0000, h:0.0000, i:0.0000, j:0.0010, k:0.0000, l:0.0000, m:0.0000, n:0.0000, o:0.0385, p:0.0000, q:0.0000, r:0.0000, s:0.0067, t:0.0000, u:0.0000, v:0.0000, w:0.0000, x:0.0000, y:0.0000, z:0.0000}
result = 9 (9)
entropy = 0.790737

MNIST label 9 (9) -> EMNIST client_12
training labels = [0(0), 2(2), 3(3), 4(4), 5(5), 6(6), 7(7), 8(8), 9(9), 11(B), 13(D), 15(F), 17(H), 23(N), 25(P), 27(R), 28(S), 37(b), 38(c), 40(e), 41(f), 42(g), 43(h), 45(j), 47(l), 48(m), 51(p), 52(q), 55(t), 59(x), 61(z)]
distribution = {0:0.0000, 1:0.0000, 2:0.0000, 3:0.0000, 4:0.0000, 5:0.0001, 6:0.0000, 7:0.0000, 8:0.0002, 9:0.4031, A:0.0000, B:0.0000, C:0.0000, D:0.0000, E:0.0000, F:0.0000, G:0.0000, H:0.0000, I:0.0000, J:0.0000, K:0.0000, L:0.0000, M:0.0000, N:0.0000, O:0.0000, P:0.0000, Q:0.0000, R:0.0000, S:0.0000, T:0.0000, U:0.0000, V:0.0000, W:0.0000, X:0.0000, Y:0.0000, Z:0.0000, a:0.0000, b:0.0000, c:0.0000, d:0.0000, e:0.0000, f:0.0000, g:0.1327, h:0.0000, i:0.0000, j:0.0000, k:0.0000, l:0.0000, m:0.0000, n:0.0000, o:0.0000, p:0.0000, q:0.4639, r:0.0000, s:0.0000, t:0.0000, u:0.0000, v:0.0000, w:0.0000, x:0.0000, y:0.0000, z:0.0000}
result = 52 (q)
entropy = 0.993756

MNIST label 9 (9) -> EMNIST client_13
training labels = [1(1), 3(3), 5(5), 7(7), 8(8), 9(9), 10(A), 11(B), 13(D), 16(G), 17(H), 18(I), 20(K), 21(L), 22(M), 25(P), 26(Q), 28(S), 30(U), 32(W), 33(X), 35(Z), 37(b), 38(c), 39(d), 40(e), 41(f), 42(g), 45(j), 46(k), 47(l), 48(m), 50(o), 51(p), 52(q), 53(r), 54(s), 55(t), 56(u), 57(v), 58(w), 59(x), 60(y)]
distribution = {0:0.0000, 1:0.0000, 2:0.0000, 3:0.0000, 4:0.0000, 5:0.0000, 6:0.0000, 7:0.0000, 8:0.0000, 9:0.9165, A:0.0000, B:0.0000, C:0.0000, D:0.0000, E:0.0000, F:0.0000, G:0.0000, H:0.0000, I:0.0000, J:0.0000, K:0.0000, L:0.0000, M:0.0000, N:0.0000, O:0.0000, P:0.0000, Q:0.0002, R:0.0000, S:0.0000, T:0.0000, U:0.0000, V:0.0000, W:0.0000, X:0.0000, Y:0.0000, Z:0.0000, a:0.0000, b:0.0000, c:0.0000, d:0.0000, e:0.0000, f:0.0000, g:0.0832, h:0.0000, i:0.0000, j:0.0000, k:0.0000, l:0.0000, m:0.0000, n:0.0000, o:0.0000, p:0.0000, q:0.0001, r:0.0000, s:0.0000, t:0.0000, u:0.0000, v:0.0000, w:0.0000, x:0.0000, y:0.0000, z:0.0000}
result = 9 (9)
entropy = 0.289567

MNIST label 9 (9) -> EMNIST client_14
training labels = [2(2), 3(3), 4(4), 5(5), 6(6), 11(B), 16(G), 17(H), 18(I), 20(K), 21(L), 23(N), 26(Q), 31(V), 32(W), 33(X), 34(Y), 37(b), 38(c), 39(d), 40(e), 41(f), 47(l), 49(n), 52(q), 53(r), 54(s), 60(y), 61(z)]
distribution = {0:0.0000, 1:0.0000, 2:0.0564, 3:0.1502, 4:0.0000, 5:0.0002, 6:0.0000, 7:0.0000, 8:0.0000, 9:0.0000, A:0.0000, B:0.0017, C:0.0000, D:0.0000, E:0.0000, F:0.0000, G:0.0011, H:0.0000, I:0.0005, J:0.0000, K:0.0000, L:0.0000, M:0.0000, N:0.0000, O:0.0000, P:0.0000, Q:0.2739, R:0.0000, S:0.0000, T:0.0000, U:0.0000, V:0.0000, W:0.0000, X:0.0000, Y:0.0000, Z:0.0000, a:0.0000, b:0.0000, c:0.0000, d:0.0030, e:0.0000, f:0.0005, g:0.0000, h:0.0000, i:0.0000, j:0.0000, k:0.0000, l:0.0000, m:0.0000, n:0.0013, o:0.0000, p:0.0000, q:0.3929, r:0.0000, s:0.0007, t:0.0000, u:0.0000, v:0.0000, w:0.0000, x:0.0000, y:0.0021, z:0.1155}
result = 52 (q)
entropy = 1.490059

MNIST label 9 (9) -> EMNIST client_15
training labels = [2(2), 4(4), 5(5), 6(6), 7(7), 8(8), 9(9), 11(B), 12(C), 16(G), 17(H), 19(J), 21(L), 22(M), 23(N), 24(O), 25(P), 26(Q), 27(R), 29(T), 33(X), 34(Y), 36(a), 39(d), 40(e), 41(f), 43(h), 46(k), 51(p), 52(q), 53(r), 56(u), 57(v), 58(w), 59(x), 60(y), 61(z)]
distribution = {0:0.0000, 1:0.0000, 2:0.0000, 3:0.0000, 4:0.0000, 5:0.0000, 6:0.0000, 7:0.0000, 8:0.0001, 9:0.9960, A:0.0000, B:0.0000, C:0.0000, D:0.0000, E:0.0000, F:0.0000, G:0.0000, H:0.0000, I:0.0000, J:0.0000, K:0.0000, L:0.0000, M:0.0000, N:0.0000, O:0.0029, P:0.0000, Q:0.0002, R:0.0000, S:0.0000, T:0.0000, U:0.0000, V:0.0000, W:0.0000, X:0.0000, Y:0.0000, Z:0.0000, a:0.0003, b:0.0000, c:0.0000, d:0.0000, e:0.0003, f:0.0000, g:0.0000, h:0.0000, i:0.0000, j:0.0000, k:0.0000, l:0.0000, m:0.0000, n:0.0000, o:0.0000, p:0.0000, q:0.0000, r:0.0000, s:0.0000, t:0.0000, u:0.0000, v:0.0000, w:0.0000, x:0.0000, y:0.0000, z:0.0000}
result = 9 (9)
entropy = 0.030146

MNIST label 9 (9) -> EMNIST client_16
training labels = [0(0), 2(2), 4(4), 5(5), 6(6), 7(7), 8(8), 9(9), 10(A), 11(B), 12(C), 14(E), 15(F), 21(L), 25(P), 27(R), 30(U), 32(W), 37(b), 38(c), 40(e), 43(h), 44(i), 46(k), 47(l), 49(n), 50(o), 53(r), 54(s), 55(t), 56(u)]
distribution = {0:0.0000, 1:0.0000, 2:0.0306, 3:0.0000, 4:0.0000, 5:0.0000, 6:0.0000, 7:0.1400, 8:0.2379, 9:0.2994, A:0.0127, B:0.0762, C:0.0000, D:0.0000, E:0.0000, F:0.0056, G:0.0000, H:0.0000, I:0.0000, J:0.0000, K:0.0000, L:0.0000, M:0.0000, N:0.0000, O:0.0000, P:0.1479, Q:0.0000, R:0.0064, S:0.0000, T:0.0000, U:0.0000, V:0.0000, W:0.0000, X:0.0000, Y:0.0000, Z:0.0000, a:0.0000, b:0.0001, c:0.0000, d:0.0000, e:0.0000, f:0.0000, g:0.0000, h:0.0025, i:0.0000, j:0.0000, k:0.0000, l:0.0002, m:0.0000, n:0.0191, o:0.0062, p:0.0000, q:0.0000, r:0.0003, s:0.0007, t:0.0142, u:0.0000, v:0.0000, w:0.0000, x:0.0000, y:0.0000, z:0.0000}
result = 9 (9)
entropy = 1.873533

MNIST label 9 (9) -> EMNIST client_17
training labels = [0(0), 1(1), 2(2), 3(3), 5(5), 8(8), 9(9), 10(A), 14(E), 15(F), 19(J), 20(K), 21(L), 23(N), 25(P), 26(Q), 27(R), 29(T), 31(V), 33(X), 34(Y), 36(a), 38(c), 42(g), 44(i), 45(j), 47(l), 53(r), 54(s), 55(t), 57(v), 59(x), 60(y), 61(z)]
distribution = {0:0.0002, 1:0.0000, 2:0.0000, 3:0.0000, 4:0.0000, 5:0.0000, 6:0.0000, 7:0.0000, 8:0.0000, 9:0.2585, A:0.0000, B:0.0000, C:0.0000, D:0.0000, E:0.0000, F:0.0000, G:0.0000, H:0.0000, I:0.0000, J:0.0000, K:0.0000, L:0.0000, M:0.0000, N:0.0000, O:0.0000, P:0.0000, Q:0.0002, R:0.0000, S:0.0000, T:0.0000, U:0.0000, V:0.0000, W:0.0000, X:0.0000, Y:0.0000, Z:0.0000, a:0.0001, b:0.0000, c:0.0000, d:0.0000, e:0.0000, f:0.0000, g:0.7409, h:0.0000, i:0.0000, j:0.0000, k:0.0000, l:0.0000, m:0.0000, n:0.0000, o:0.0000, p:0.0000, q:0.0000, r:0.0000, s:0.0000, t:0.0000, u:0.0000, v:0.0000, w:0.0000, x:0.0000, y:0.0001, z:0.0000}
result = 42 (g)
entropy = 0.577202

MNIST label 9 (9) -> EMNIST client_18
training labels = [0(0), 1(1), 2(2), 5(5), 6(6), 9(9), 10(A), 14(E), 15(F), 16(G), 17(H), 20(K), 22(M), 24(O), 28(S), 32(W), 33(X), 34(Y), 36(a), 42(g), 44(i), 46(k), 47(l), 48(m), 49(n), 50(o), 53(r), 54(s), 55(t), 57(v), 58(w), 61(z)]
distribution = {0:0.1907, 1:0.0017, 2:0.0035, 3:0.0000, 4:0.0000, 5:0.0000, 6:0.0000, 7:0.0000, 8:0.0000, 9:0.6118, A:0.0005, B:0.0000, C:0.0000, D:0.0000, E:0.0000, F:0.0000, G:0.0000, H:0.0000, I:0.0000, J:0.0000, K:0.0000, L:0.0000, M:0.0000, N:0.0000, O:0.0161, P:0.0000, Q:0.0000, R:0.0000, S:0.0093, T:0.0000, U:0.0000, V:0.0000, W:0.0003, X:0.0000, Y:0.0175, Z:0.0000, a:0.0052, b:0.0000, c:0.0000, d:0.0000, e:0.0000, f:0.0000, g:0.1114, h:0.0000, i:0.0002, j:0.0000, k:0.0000, l:0.0000, m:0.0000, n:0.0113, o:0.0102, p:0.0000, q:0.0000, r:0.0010, s:0.0000, t:0.0055, u:0.0000, v:0.0000, w:0.0000, x:0.0000, y:0.0000, z:0.0036}
result = 9 (9)
entropy = 1.262204

MNIST label 9 (9) -> EMNIST client_19
training labels = [0(0), 1(1), 2(2), 3(3), 4(4), 5(5), 6(6), 7(7), 8(8), 9(9), 10(A), 11(B), 12(C), 13(D), 14(E), 15(F), 16(G), 17(H), 18(I), 19(J), 20(K), 21(L), 22(M), 23(N), 24(O), 25(P), 26(Q), 27(R), 28(S), 29(T), 30(U), 31(V), 32(W), 33(X), 34(Y), 35(Z), 36(a), 37(b), 38(c), 39(d), 40(e), 41(f), 42(g), 43(h), 44(i), 45(j), 46(k), 47(l), 48(m), 49(n), 50(o), 51(p), 52(q), 53(r), 54(s), 55(t), 56(u), 57(v), 58(w), 59(x), 60(y), 61(z)]
distribution = {0:0.0000, 1:0.0023, 2:0.0002, 3:0.0000, 4:0.0105, 5:0.0015, 6:0.0000, 7:0.7547, 8:0.0000, 9:0.0007, A:0.0009, B:0.0012, C:0.0001, D:0.0000, E:0.0000, F:0.0000, G:0.0000, H:0.0000, I:0.0006, J:0.0000, K:0.0001, L:0.0000, M:0.0000, N:0.0000, O:0.0008, P:0.0018, Q:0.0000, R:0.0000, S:0.0000, T:0.0361, U:0.0002, V:0.0000, W:0.0000, X:0.0000, Y:0.0060, Z:0.0004, a:0.0001, b:0.0000, c:0.0001, d:0.0000, e:0.0000, f:0.0027, g:0.0000, h:0.0000, i:0.0000, j:0.0004, k:0.0000, l:0.0089, m:0.0004, n:0.0046, o:0.0000, p:0.0006, q:0.0034, r:0.0006, s:0.0000, t:0.0026, u:0.0000, v:0.0086, w:0.0000, x:0.0024, y:0.1465, z:0.0000}
result = 7 (7)
entropy = 0.955802

MNIST label 0 (0) -> CIFAR10 client_20
training labels = [0(airplane), 3(cat), 4(deer), 5(dog), 7(horse)]
distribution = {airplane:0.0121, automobile:0.0000, bird:0.0000, cat:0.0629, deer:0.0000, dog:0.9250, frog:0.0000, horse:0.0000, ship:0.0000, truck:0.0000}
result = 5 (dog)
entropy = 0.299587

MNIST label 0 (0) -> CIFAR10 client_21
training labels = [1(automobile), 3(cat), 5(dog), 8(ship), 9(truck)]
distribution = {airplane:0.0000, automobile:0.0001, bird:0.0000, cat:0.0000, deer:0.0000, dog:0.4395, frog:0.0000, horse:0.0000, ship:0.5604, truck:0.0000}
result = 8 (ship)
entropy = 0.686646

MNIST label 0 (0) -> CIFAR10 client_22
training labels = [0(airplane), 1(automobile), 2(bird), 5(dog), 7(horse), 8(ship), 9(truck)]
distribution = {airplane:0.0000, automobile:0.0000, bird:0.9970, cat:0.0000, deer:0.0000, dog:0.0030, frog:0.0000, horse:0.0000, ship:0.0000, truck:0.0000}
result = 2 (bird)
entropy = 0.020407

MNIST label 0 (0) -> CIFAR10 client_23
training labels = [2(bird), 3(cat), 6(frog), 8(ship)]
distribution = {airplane:0.0003, automobile:0.0004, bird:0.2529, cat:0.2844, deer:0.0002, dog:0.0002, frog:0.2684, horse:0.0002, ship:0.1927, truck:0.0003}
result = 3 (cat)
entropy = 1.388059

MNIST label 0 (0) -> CIFAR10 client_24
training labels = [1(automobile), 2(bird), 6(frog), 7(horse), 8(ship), 9(truck)]
distribution = {airplane:0.0000, automobile:0.0492, bird:0.0050, cat:0.0000, deer:0.0000, dog:0.0000, frog:0.0033, horse:0.0060, ship:0.9264, truck:0.0100}
result = 8 (ship)
entropy = 0.342055

MNIST label 0 (0) -> CIFAR10 client_25
training labels = [1(automobile), 2(bird), 3(cat), 5(dog), 6(frog), 7(horse), 8(ship), 9(truck)]
distribution = {airplane:0.0000, automobile:0.2454, bird:0.0137, cat:0.3777, deer:0.0000, dog:0.3336, frog:0.0042, horse:0.0000, ship:0.0045, truck:0.0209}
result = 3 (cat)
entropy = 1.265938

MNIST label 0 (0) -> CIFAR10 client_26
training labels = [1(automobile), 4(deer), 6(frog), 9(truck)]
distribution = {airplane:0.0000, automobile:0.0000, bird:0.0000, cat:0.0000, deer:0.0022, dog:0.0000, frog:0.9978, horse:0.0000, ship:0.0000, truck:0.0000}
result = 6 (frog)
entropy = 0.015827

MNIST label 0 (0) -> CIFAR10 client_27
training labels = [2(bird), 3(cat), 7(horse)]
distribution = {airplane:0.0000, automobile:0.0000, bird:0.2559, cat:0.6811, deer:0.0000, dog:0.0000, frog:0.0000, horse:0.0631, ship:0.0000, truck:0.0000}
result = 3 (cat)
entropy = 0.784703

MNIST label 0 (0) -> CIFAR10 client_28
training labels = [0(airplane), 1(automobile), 2(bird), 4(deer), 5(dog), 7(horse)]
distribution = {airplane:0.0110, automobile:0.0000, bird:0.1193, cat:0.0000, deer:0.0429, dog:0.0078, frog:0.0000, horse:0.8189, ship:0.0000, truck:0.0000}
result = 7 (horse)
entropy = 0.640383

MNIST label 0 (0) -> CIFAR10 client_29
training labels = [0(airplane), 1(automobile), 2(bird), 3(cat), 4(deer), 5(dog), 6(frog), 7(horse), 8(ship), 9(truck)]
distribution = {airplane:0.0006, automobile:0.2814, bird:0.6135, cat:0.0006, deer:0.0007, dog:0.0503, frog:0.0007, horse:0.0481, ship:0.0031, truck:0.0010}
result = 2 (bird)
entropy = 0.996656

MNIST label 1 (1) -> CIFAR10 client_20
training labels = [0(airplane), 3(cat), 4(deer), 5(dog), 7(horse)]
distribution = {airplane:0.0002, automobile:0.0000, bird:0.0000, cat:0.4068, deer:0.0000, dog:0.5930, frog:0.0000, horse:0.0000, ship:0.0000, truck:0.0000}
result = 5 (dog)
entropy = 0.677799

MNIST label 1 (1) -> CIFAR10 client_21
training labels = [1(automobile), 3(cat), 5(dog), 8(ship), 9(truck)]
distribution = {airplane:0.0000, automobile:0.0001, bird:0.0000, cat:0.0002, deer:0.0000, dog:0.5777, frog:0.0000, horse:0.0000, ship:0.4217, truck:0.0004}
result = 5 (dog)
entropy = 0.686414

MNIST label 1 (1) -> CIFAR10 client_22
training labels = [0(airplane), 1(automobile), 2(bird), 5(dog), 7(horse), 8(ship), 9(truck)]
distribution = {airplane:0.0000, automobile:0.0000, bird:0.9992, cat:0.0000, deer:0.0000, dog:0.0008, frog:0.0000, horse:0.0000, ship:0.0000, truck:0.0000}
result = 2 (bird)
entropy = 0.006323

MNIST label 1 (1) -> CIFAR10 client_23
training labels = [2(bird), 3(cat), 6(frog), 8(ship)]
distribution = {airplane:0.0001, automobile:0.0001, bird:0.6849, cat:0.0951, deer:0.0001, dog:0.0000, frog:0.2050, horse:0.0000, ship:0.0147, truck:0.0001}
result = 2 (bird)
entropy = 0.872950

MNIST label 1 (1) -> CIFAR10 client_24
training labels = [1(automobile), 2(bird), 6(frog), 7(horse), 8(ship), 9(truck)]
distribution = {airplane:0.0000, automobile:0.0059, bird:0.0027, cat:0.0000, deer:0.0000, dog:0.0000, frog:0.0342, horse:0.0065, ship:0.9477, truck:0.0029}
result = 8 (ship)
entropy = 0.263654

MNIST label 1 (1) -> CIFAR10 client_25
training labels = [1(automobile), 2(bird), 3(cat), 5(dog), 6(frog), 7(horse), 8(ship), 9(truck)]
distribution = {airplane:0.0000, automobile:0.0010, bird:0.0182, cat:0.6223, deer:0.0000, dog:0.3539, frog:0.0042, horse:0.0000, ship:0.0003, truck:0.0001}
result = 3 (cat)
entropy = 0.769090

MNIST label 1 (1) -> CIFAR10 client_26
training labels = [1(automobile), 4(deer), 6(frog), 9(truck)]
distribution = {airplane:0.0000, automobile:0.0000, bird:0.0000, cat:0.0000, deer:0.8474, dog:0.0000, frog:0.1526, horse:0.0000, ship:0.0000, truck:0.0000}
result = 4 (deer)
entropy = 0.427389

MNIST label 1 (1) -> CIFAR10 client_27
training labels = [2(bird), 3(cat), 7(horse)]
distribution = {airplane:0.0000, automobile:0.0000, bird:0.2351, cat:0.7166, deer:0.0000, dog:0.0000, frog:0.0000, horse:0.0483, ship:0.0000, truck:0.0000}
result = 3 (cat)
entropy = 0.725481

MNIST label 1 (1) -> CIFAR10 client_28
training labels = [0(airplane), 1(automobile), 2(bird), 4(deer), 5(dog), 7(horse)]
distribution = {airplane:0.0428, automobile:0.0000, bird:0.0106, cat:0.0000, deer:0.0029, dog:0.0002, frog:0.0000, horse:0.9435, ship:0.0000, truck:0.0000}
result = 7 (horse)
entropy = 0.256863

MNIST label 1 (1) -> CIFAR10 client_29
training labels = [0(airplane), 1(automobile), 2(bird), 3(cat), 4(deer), 5(dog), 6(frog), 7(horse), 8(ship), 9(truck)]
distribution = {airplane:0.0000, automobile:0.0010, bird:0.9838, cat:0.0001, deer:0.0001, dog:0.0067, frog:0.0001, horse:0.0076, ship:0.0007, truck:0.0000}
result = 2 (bird)
entropy = 0.100786

MNIST label 2 (2) -> CIFAR10 client_20
training labels = [0(airplane), 3(cat), 4(deer), 5(dog), 7(horse)]
distribution = {airplane:0.0000, automobile:0.0000, bird:0.0000, cat:0.0000, deer:0.0000, dog:1.0000, frog:0.0000, horse:0.0000, ship:0.0000, truck:0.0000}
result = 5 (dog)
entropy = 0.000001

MNIST label 2 (2) -> CIFAR10 client_21
training labels = [1(automobile), 3(cat), 5(dog), 8(ship), 9(truck)]
distribution = {airplane:0.0000, automobile:0.0000, bird:0.0000, cat:0.0000, deer:0.0000, dog:0.0009, frog:0.0000, horse:0.0000, ship:0.9991, truck:0.0000}
result = 8 (ship)
entropy = 0.007695

MNIST label 2 (2) -> CIFAR10 client_22
training labels = [0(airplane), 1(automobile), 2(bird), 5(dog), 7(horse), 8(ship), 9(truck)]
distribution = {airplane:0.0001, automobile:0.0032, bird:0.9961, cat:0.0000, deer:0.0000, dog:0.0005, frog:0.0000, horse:0.0001, ship:0.0000, truck:0.0000}
result = 2 (bird)
entropy = 0.028392

MNIST label 2 (2) -> CIFAR10 client_23
training labels = [2(bird), 3(cat), 6(frog), 8(ship)]
distribution = {airplane:0.0000, automobile:0.0000, bird:0.0351, cat:0.0137, deer:0.0000, dog:0.0000, frog:0.9467, horse:0.0000, ship:0.0044, truck:0.0000}
result = 6 (frog)
entropy = 0.253395

MNIST label 2 (2) -> CIFAR10 client_24
training labels = [1(automobile), 2(bird), 6(frog), 7(horse), 8(ship), 9(truck)]
distribution = {airplane:0.0000, automobile:0.0020, bird:0.0002, cat:0.0000, deer:0.0000, dog:0.0000, frog:0.0011, horse:0.0005, ship:0.9958, truck:0.0003}
result = 8 (ship)
entropy = 0.032534

MNIST label 2 (2) -> CIFAR10 client_25
training labels = [1(automobile), 2(bird), 3(cat), 5(dog), 6(frog), 7(horse), 8(ship), 9(truck)]
distribution = {airplane:0.0000, automobile:0.4377, bird:0.0358, cat:0.3219, deer:0.0000, dog:0.1414, frog:0.0101, horse:0.0001, ship:0.0330, truck:0.0200}
result = 1 (automobile)
entropy = 1.360396

MNIST label 2 (2) -> CIFAR10 client_26
training labels = [1(automobile), 4(deer), 6(frog), 9(truck)]
distribution = {airplane:0.0000, automobile:0.0001, bird:0.0000, cat:0.0000, deer:0.7047, dog:0.0000, frog:0.2951, horse:0.0000, ship:0.0000, truck:0.0001}
result = 4 (deer)
entropy = 0.608733

MNIST label 2 (2) -> CIFAR10 client_27
training labels = [2(bird), 3(cat), 7(horse)]
distribution = {airplane:0.0000, automobile:0.0000, bird:0.2467, cat:0.6916, deer:0.0000, dog:0.0000, frog:0.0000, horse:0.0618, ship:0.0000, truck:0.0000}
result = 3 (cat)
entropy = 0.772339

MNIST label 2 (2) -> CIFAR10 client_28
training labels = [0(airplane), 1(automobile), 2(bird), 4(deer), 5(dog), 7(horse)]
distribution = {airplane:0.4726, automobile:0.0002, bird:0.4923, cat:0.0000, deer:0.0080, dog:0.0003, frog:0.0000, horse:0.0267, ship:0.0000, truck:0.0000}
result = 2 (bird)
entropy = 0.841850

MNIST label 2 (2) -> CIFAR10 client_29
training labels = [0(airplane), 1(automobile), 2(bird), 3(cat), 4(deer), 5(dog), 6(frog), 7(horse), 8(ship), 9(truck)]
distribution = {airplane:0.0008, automobile:0.6291, bird:0.2531, cat:0.0007, deer:0.0010, dog:0.0576, frog:0.0009, horse:0.0518, ship:0.0032, truck:0.0018}
result = 1 (automobile)
entropy = 1.011048

MNIST label 3 (3) -> CIFAR10 client_20
training labels = [0(airplane), 3(cat), 4(deer), 5(dog), 7(horse)]
distribution = {airplane:0.0000, automobile:0.0000, bird:0.0000, cat:0.0004, deer:0.0000, dog:0.9996, frog:0.0000, horse:0.0000, ship:0.0000, truck:0.0000}
result = 5 (dog)
entropy = 0.003917

MNIST label 3 (3) -> CIFAR10 client_21
training labels = [1(automobile), 3(cat), 5(dog), 8(ship), 9(truck)]
distribution = {airplane:0.0000, automobile:0.0000, bird:0.0000, cat:0.0000, deer:0.0000, dog:0.0047, frog:0.0000, horse:0.0000, ship:0.9953, truck:0.0000}
result = 8 (ship)
entropy = 0.030189

MNIST label 3 (3) -> CIFAR10 client_22
training labels = [0(airplane), 1(automobile), 2(bird), 5(dog), 7(horse), 8(ship), 9(truck)]
distribution = {airplane:0.0000, automobile:0.0001, bird:0.9963, cat:0.0000, deer:0.0000, dog:0.0036, frog:0.0000, horse:0.0000, ship:0.0000, truck:0.0000}
result = 2 (bird)
entropy = 0.025283

MNIST label 3 (3) -> CIFAR10 client_23
training labels = [2(bird), 3(cat), 6(frog), 8(ship)]
distribution = {airplane:0.0002, automobile:0.0002, bird:0.1138, cat:0.0931, deer:0.0001, dog:0.0001, frog:0.7480, horse:0.0001, ship:0.0443, truck:0.0002}
result = 6 (frog)
entropy = 0.831087

MNIST label 3 (3) -> CIFAR10 client_24
training labels = [1(automobile), 2(bird), 6(frog), 7(horse), 8(ship), 9(truck)]
distribution = {airplane:0.0000, automobile:0.0028, bird:0.0003, cat:0.0000, deer:0.0000, dog:0.0000, frog:0.0027, horse:0.0008, ship:0.9929, truck:0.0005}
result = 8 (ship)
entropy = 0.051338

MNIST label 3 (3) -> CIFAR10 client_25
training labels = [1(automobile), 2(bird), 3(cat), 5(dog), 6(frog), 7(horse), 8(ship), 9(truck)]
distribution = {airplane:0.0000, automobile:0.3044, bird:0.0454, cat:0.3992, deer:0.0000, dog:0.1946, frog:0.0124, horse:0.0002, ship:0.0137, truck:0.0300}
result = 3 (cat)
entropy = 1.407775

MNIST label 3 (3) -> CIFAR10 client_26
training labels = [1(automobile), 4(deer), 6(frog), 9(truck)]
distribution = {airplane:0.0000, automobile:0.0621, bird:0.0000, cat:0.0000, deer:0.0442, dog:0.0000, frog:0.8106, horse:0.0000, ship:0.0000, truck:0.0831}
result = 6 (frog)
entropy = 0.687361

MNIST label 3 (3) -> CIFAR10 client_27
training labels = [2(bird), 3(cat), 7(horse)]
distribution = {airplane:0.0000, automobile:0.0000, bird:0.2480, cat:0.6956, deer:0.0000, dog:0.0000, frog:0.0000, horse:0.0564, ship:0.0000, truck:0.0000}
result = 3 (cat)
entropy = 0.760544

MNIST label 3 (3) -> CIFAR10 client_28
training labels = [0(airplane), 1(automobile), 2(bird), 4(deer), 5(dog), 7(horse)]
distribution = {airplane:0.0627, automobile:0.0000, bird:0.5934, cat:0.0000, deer:0.0062, dog:0.0003, frog:0.0000, horse:0.3373, ship:0.0000, truck:0.0000}
result = 2 (bird)
entropy = 0.884618

MNIST label 3 (3) -> CIFAR10 client_29
training labels = [0(airplane), 1(automobile), 2(bird), 3(cat), 4(deer), 5(dog), 6(frog), 7(horse), 8(ship), 9(truck)]
distribution = {airplane:0.0002, automobile:0.2582, bird:0.6292, cat:0.0002, deer:0.0002, dog:0.0532, frog:0.0002, horse:0.0563, ship:0.0020, truck:0.0003}
result = 2 (bird)
entropy = 0.981347

MNIST label 4 (4) -> CIFAR10 client_20
training labels = [0(airplane), 3(cat), 4(deer), 5(dog), 7(horse)]
distribution = {airplane:0.0003, automobile:0.0000, bird:0.0000, cat:0.8800, deer:0.0000, dog:0.1197, frog:0.0000, horse:0.0000, ship:0.0000, truck:0.0000}
result = 3 (cat)
entropy = 0.369061

MNIST label 4 (4) -> CIFAR10 client_21
training labels = [1(automobile), 3(cat), 5(dog), 8(ship), 9(truck)]
distribution = {airplane:0.0000, automobile:0.0008, bird:0.0000, cat:0.0004, deer:0.0000, dog:0.8505, frog:0.0000, horse:0.0000, ship:0.1480, truck:0.0003}
result = 5 (dog)
entropy = 0.431745

MNIST label 4 (4) -> CIFAR10 client_22
training labels = [0(airplane), 1(automobile), 2(bird), 5(dog), 7(horse), 8(ship), 9(truck)]
distribution = {airplane:0.0000, automobile:0.0000, bird:0.9969, cat:0.0000, deer:0.0000, dog:0.0031, frog:0.0000, horse:0.0000, ship:0.0000, truck:0.0000}
result = 2 (bird)
entropy = 0.021213

MNIST label 4 (4) -> CIFAR10 client_23
training labels = [2(bird), 3(cat), 6(frog), 8(ship)]
distribution = {airplane:0.0002, automobile:0.0002, bird:0.4333, cat:0.1901, deer:0.0001, dog:0.0001, frog:0.3326, horse:0.0001, ship:0.0431, truck:0.0001}
result = 2 (bird)
entropy = 1.187150

MNIST label 4 (4) -> CIFAR10 client_24
training labels = [1(automobile), 2(bird), 6(frog), 7(horse), 8(ship), 9(truck)]
distribution = {airplane:0.0002, automobile:0.1500, bird:0.0238, cat:0.0003, deer:0.0001, dog:0.0003, frog:0.0148, horse:0.0296, ship:0.7367, truck:0.0441}
result = 8 (ship)
entropy = 0.910624

MNIST label 4 (4) -> CIFAR10 client_25
training labels = [1(automobile), 2(bird), 3(cat), 5(dog), 6(frog), 7(horse), 8(ship), 9(truck)]
distribution = {airplane:0.0000, automobile:0.0059, bird:0.0140, cat:0.6205, deer:0.0000, dog:0.3506, frog:0.0080, horse:0.0001, ship:0.0006, truck:0.0003}
result = 3 (cat)
entropy = 0.799939

MNIST label 4 (4) -> CIFAR10 client_26
training labels = [1(automobile), 4(deer), 6(frog), 9(truck)]
distribution = {airplane:0.0000, automobile:0.0005, bird:0.0000, cat:0.0000, deer:0.9664, dog:0.0000, frog:0.0319, horse:0.0000, ship:0.0000, truck:0.0012}
result = 4 (deer)
entropy = 0.155049

MNIST label 4 (4) -> CIFAR10 client_27
training labels = [2(bird), 3(cat), 7(horse)]
distribution = {airplane:0.0000, automobile:0.0000, bird:0.2397, cat:0.7078, deer:0.0000, dog:0.0000, frog:0.0000, horse:0.0525, ship:0.0000, truck:0.0000}
result = 3 (cat)
entropy = 0.741672

MNIST label 4 (4) -> CIFAR10 client_28
training labels = [0(airplane), 1(automobile), 2(bird), 4(deer), 5(dog), 7(horse)]
distribution = {airplane:0.0045, automobile:0.0000, bird:0.1998, cat:0.0000, deer:0.0009, dog:0.0000, frog:0.0000, horse:0.7948, ship:0.0000, truck:0.0000}
result = 7 (horse)
entropy = 0.535286

MNIST label 4 (4) -> CIFAR10 client_29
training labels = [0(airplane), 1(automobile), 2(bird), 3(cat), 4(deer), 5(dog), 6(frog), 7(horse), 8(ship), 9(truck)]
distribution = {airplane:0.0010, automobile:0.0264, bird:0.9063, cat:0.0009, deer:0.0012, dog:0.0298, frog:0.0011, horse:0.0289, ship:0.0028, truck:0.0015}
result = 2 (bird)
entropy = 0.447964

MNIST label 5 (5) -> CIFAR10 client_20
training labels = [0(airplane), 3(cat), 4(deer), 5(dog), 7(horse)]
distribution = {airplane:0.0000, automobile:0.0000, bird:0.0000, cat:0.2429, deer:0.0000, dog:0.7571, frog:0.0000, horse:0.0000, ship:0.0000, truck:0.0000}
result = 5 (dog)
entropy = 0.554656

MNIST label 5 (5) -> CIFAR10 client_21
training labels = [1(automobile), 3(cat), 5(dog), 8(ship), 9(truck)]
distribution = {airplane:0.0000, automobile:0.0000, bird:0.0000, cat:0.0000, deer:0.0000, dog:0.0010, frog:0.0000, horse:0.0000, ship:0.9990, truck:0.0000}
result = 8 (ship)
entropy = 0.008300

MNIST label 5 (5) -> CIFAR10 client_22
training labels = [0(airplane), 1(automobile), 2(bird), 5(dog), 7(horse), 8(ship), 9(truck)]
distribution = {airplane:0.0007, automobile:0.0531, bird:0.9432, cat:0.0000, deer:0.0000, dog:0.0028, frog:0.0000, horse:0.0001, ship:0.0000, truck:0.0001}
result = 2 (bird)
entropy = 0.234447

MNIST label 5 (5) -> CIFAR10 client_23
training labels = [2(bird), 3(cat), 6(frog), 8(ship)]
distribution = {airplane:0.0000, automobile:0.0000, bird:0.0251, cat:0.0114, deer:0.0000, dog:0.0000, frog:0.9593, horse:0.0000, ship:0.0041, truck:0.0000}
result = 6 (frog)
entropy = 0.207047

MNIST label 5 (5) -> CIFAR10 client_24
training labels = [1(automobile), 2(bird), 6(frog), 7(horse), 8(ship), 9(truck)]
distribution = {airplane:0.0002, automobile:0.0852, bird:0.0145, cat:0.0002, deer:0.0001, dog:0.0002, frog:0.0089, horse:0.0182, ship:0.8460, truck:0.0266}
result = 8 (ship)
entropy = 0.630088

MNIST label 5 (5) -> CIFAR10 client_25
training labels = [1(automobile), 2(bird), 3(cat), 5(dog), 6(frog), 7(horse), 8(ship), 9(truck)]
distribution = {airplane:0.0000, automobile:0.5768, bird:0.0251, cat:0.2357, deer:0.0000, dog:0.0683, frog:0.0055, horse:0.0001, ship:0.0471, truck:0.0415}
result = 1 (automobile)
entropy = 1.239027

MNIST label 5 (5) -> CIFAR10 client_26
training labels = [1(automobile), 4(deer), 6(frog), 9(truck)]
distribution = {airplane:0.0000, automobile:0.0560, bird:0.0000, cat:0.0000, deer:0.6414, dog:0.0000, frog:0.2181, horse:0.0000, ship:0.0000, truck:0.0845}
result = 4 (deer)
entropy = 0.987352

MNIST label 5 (5) -> CIFAR10 client_27
training labels = [2(bird), 3(cat), 7(horse)]
distribution = {airplane:0.0000, automobile:0.0000, bird:0.2452, cat:0.6991, deer:0.0000, dog:0.0000, frog:0.0000, horse:0.0557, ship:0.0000, truck:0.0000}
result = 3 (cat)
entropy = 0.755761

MNIST label 5 (5) -> CIFAR10 client_28
training labels = [0(airplane), 1(automobile), 2(bird), 4(deer), 5(dog), 7(horse)]
distribution = {airplane:0.0075, automobile:0.0000, bird:0.3412, cat:0.0000, deer:0.0064, dog:0.0002, frog:0.0000, horse:0.6447, ship:0.0000, truck:0.0000}
result = 7 (horse)
entropy = 0.720651

MNIST label 5 (5) -> CIFAR10 client_29
training labels = [0(airplane), 1(automobile), 2(bird), 3(cat), 4(deer), 5(dog), 6(frog), 7(horse), 8(ship), 9(truck)]
distribution = {airplane:0.0007, automobile:0.2799, bird:0.6178, cat:0.0006, deer:0.0008, dog:0.0482, frog:0.0008, horse:0.0472, ship:0.0029, truck:0.0012}
result = 2 (bird)
entropy = 0.990249

MNIST label 6 (6) -> CIFAR10 client_20
training labels = [0(airplane), 3(cat), 4(deer), 5(dog), 7(horse)]
distribution = {airplane:0.0000, automobile:0.0000, bird:0.0000, cat:0.6540, deer:0.0000, dog:0.3460, frog:0.0000, horse:0.0000, ship:0.0000, truck:0.0000}
result = 3 (cat)
entropy = 0.644965

MNIST label 6 (6) -> CIFAR10 client_21
training labels = [1(automobile), 3(cat), 5(dog), 8(ship), 9(truck)]
distribution = {airplane:0.0000, automobile:0.0001, bird:0.0000, cat:0.0001, deer:0.0000, dog:0.4031, frog:0.0000, horse:0.0000, ship:0.5967, truck:0.0000}
result = 8 (ship)
entropy = 0.675953

MNIST label 6 (6) -> CIFAR10 client_22
training labels = [0(airplane), 1(automobile), 2(bird), 5(dog), 7(horse), 8(ship), 9(truck)]
distribution = {airplane:0.0000, automobile:0.0000, bird:0.9988, cat:0.0000, deer:0.0000, dog:0.0012, frog:0.0000, horse:0.0000, ship:0.0000, truck:0.0000}
result = 2 (bird)
entropy = 0.009532

MNIST label 6 (6) -> CIFAR10 client_23
training labels = [2(bird), 3(cat), 6(frog), 8(ship)]
distribution = {airplane:0.0001, automobile:0.0001, bird:0.4713, cat:0.0837, deer:0.0001, dog:0.0001, frog:0.4241, horse:0.0001, ship:0.0203, truck:0.0001}
result = 2 (bird)
entropy = 1.010006

MNIST label 6 (6) -> CIFAR10 client_24
training labels = [1(automobile), 2(bird), 6(frog), 7(horse), 8(ship), 9(truck)]
distribution = {airplane:0.0000, automobile:0.0118, bird:0.0015, cat:0.0000, deer:0.0000, dog:0.0000, frog:0.0033, horse:0.0030, ship:0.9778, truck:0.0027}
result = 8 (ship)
entropy = 0.136387

MNIST label 6 (6) -> CIFAR10 client_25
training labels = [1(automobile), 2(bird), 3(cat), 5(dog), 6(frog), 7(horse), 8(ship), 9(truck)]
distribution = {airplane:0.0000, automobile:0.0557, bird:0.0235, cat:0.6808, deer:0.0000, dog:0.2139, frog:0.0111, horse:0.0003, ship:0.0052, truck:0.0093}
result = 3 (cat)
entropy = 0.964243

MNIST label 6 (6) -> CIFAR10 client_26
training labels = [1(automobile), 4(deer), 6(frog), 9(truck)]
distribution = {airplane:0.0000, automobile:0.0003, bird:0.0000, cat:0.0000, deer:0.8457, dog:0.0000, frog:0.1526, horse:0.0000, ship:0.0000, truck:0.0014}
result = 4 (deer)
entropy = 0.440147

MNIST label 6 (6) -> CIFAR10 client_27
training labels = [2(bird), 3(cat), 7(horse)]
distribution = {airplane:0.0000, automobile:0.0000, bird:0.2544, cat:0.6789, deer:0.0000, dog:0.0000, frog:0.0000, horse:0.0667, ship:0.0000, truck:0.0000}
result = 3 (cat)
entropy = 0.791818

MNIST label 6 (6) -> CIFAR10 client_28
training labels = [0(airplane), 1(automobile), 2(bird), 4(deer), 5(dog), 7(horse)]
distribution = {airplane:0.0359, automobile:0.0001, bird:0.0078, cat:0.0000, deer:0.0038, dog:0.0004, frog:0.0000, horse:0.9521, ship:0.0000, truck:0.0000}
result = 7 (horse)
entropy = 0.228802

MNIST label 6 (6) -> CIFAR10 client_29
training labels = [0(airplane), 1(automobile), 2(bird), 3(cat), 4(deer), 5(dog), 6(frog), 7(horse), 8(ship), 9(truck)]
distribution = {airplane:0.0000, automobile:0.8495, bird:0.1246, cat:0.0000, deer:0.0000, dog:0.0149, frog:0.0000, horse:0.0103, ship:0.0002, truck:0.0005}
result = 1 (automobile)
entropy = 0.513990

MNIST label 7 (7) -> CIFAR10 client_20
training labels = [0(airplane), 3(cat), 4(deer), 5(dog), 7(horse)]
distribution = {airplane:0.0043, automobile:0.0000, bird:0.0000, cat:0.2787, deer:0.0000, dog:0.7170, frog:0.0000, horse:0.0000, ship:0.0000, truck:0.0000}
result = 5 (dog)
entropy = 0.617875

MNIST label 7 (7) -> CIFAR10 client_21
training labels = [1(automobile), 3(cat), 5(dog), 8(ship), 9(truck)]
distribution = {airplane:0.0000, automobile:0.0001, bird:0.0000, cat:0.0000, deer:0.0000, dog:0.1986, frog:0.0000, horse:0.0000, ship:0.8011, truck:0.0001}
result = 8 (ship)
entropy = 0.501295

MNIST label 7 (7) -> CIFAR10 client_22
training labels = [0(airplane), 1(automobile), 2(bird), 5(dog), 7(horse), 8(ship), 9(truck)]
distribution = {airplane:0.0000, automobile:0.0000, bird:0.9991, cat:0.0000, deer:0.0000, dog:0.0009, frog:0.0000, horse:0.0000, ship:0.0000, truck:0.0000}
result = 2 (bird)
entropy = 0.007436

MNIST label 7 (7) -> CIFAR10 client_23
training labels = [2(bird), 3(cat), 6(frog), 8(ship)]
distribution = {airplane:0.0001, automobile:0.0001, bird:0.1226, cat:0.1194, deer:0.0001, dog:0.0001, frog:0.7282, horse:0.0001, ship:0.0292, truck:0.0001}
result = 6 (frog)
entropy = 0.850949

MNIST label 7 (7) -> CIFAR10 client_24
training labels = [1(automobile), 2(bird), 6(frog), 7(horse), 8(ship), 9(truck)]
distribution = {airplane:0.0003, automobile:0.0438, bird:0.0153, cat:0.0004, deer:0.0003, dog:0.0005, frog:0.0471, horse:0.0267, ship:0.8453, truck:0.0204}
result = 8 (ship)
entropy = 0.674427

MNIST label 7 (7) -> CIFAR10 client_25
training labels = [1(automobile), 2(bird), 3(cat), 5(dog), 6(frog), 7(horse), 8(ship), 9(truck)]
distribution = {airplane:0.0000, automobile:0.0668, bird:0.0285, cat:0.6239, deer:0.0000, dog:0.2587, frog:0.0075, horse:0.0002, ship:0.0063, truck:0.0081}
result = 3 (cat)
entropy = 1.035386

MNIST label 7 (7) -> CIFAR10 client_26
training labels = [1(automobile), 4(deer), 6(frog), 9(truck)]
distribution = {airplane:0.0000, automobile:0.0039, bird:0.0000, cat:0.0000, deer:0.6703, dog:0.0000, frog:0.3153, horse:0.0000, ship:0.0000, truck:0.0105}
result = 4 (deer)
entropy = 0.701893

MNIST label 7 (7) -> CIFAR10 client_27
training labels = [2(bird), 3(cat), 7(horse)]
distribution = {airplane:0.0000, automobile:0.0000, bird:0.2415, cat:0.7071, deer:0.0000, dog:0.0000, frog:0.0000, horse:0.0514, ship:0.0000, truck:0.0000}
result = 3 (cat)
entropy = 0.740690

MNIST label 7 (7) -> CIFAR10 client_28
training labels = [0(airplane), 1(automobile), 2(bird), 4(deer), 5(dog), 7(horse)]
distribution = {airplane:0.0084, automobile:0.0000, bird:0.8283, cat:0.0000, deer:0.0007, dog:0.0000, frog:0.0000, horse:0.1626, ship:0.0000, truck:0.0000}
result = 2 (bird)
entropy = 0.496424

MNIST label 7 (7) -> CIFAR10 client_29
training labels = [0(airplane), 1(automobile), 2(bird), 3(cat), 4(deer), 5(dog), 6(frog), 7(horse), 8(ship), 9(truck)]
distribution = {airplane:0.0003, automobile:0.2331, bird:0.6327, cat:0.0003, deer:0.0003, dog:0.0682, frog:0.0003, horse:0.0624, ship:0.0019, truck:0.0005}
result = 2 (bird)
entropy = 1.010803

MNIST label 8 (8) -> CIFAR10 client_20
training labels = [0(airplane), 3(cat), 4(deer), 5(dog), 7(horse)]
distribution = {airplane:0.0000, automobile:0.0000, bird:0.0000, cat:0.6030, deer:0.0000, dog:0.3970, frog:0.0000, horse:0.0000, ship:0.0000, truck:0.0000}
result = 3 (cat)
entropy = 0.671792

MNIST label 8 (8) -> CIFAR10 client_21
training labels = [1(automobile), 3(cat), 5(dog), 8(ship), 9(truck)]
distribution = {airplane:0.0000, automobile:0.0005, bird:0.0000, cat:0.0000, deer:0.0000, dog:0.2911, frog:0.0000, horse:0.0000, ship:0.7084, truck:0.0000}
result = 8 (ship)
entropy = 0.607606

MNIST label 8 (8) -> CIFAR10 client_22
training labels = [0(airplane), 1(automobile), 2(bird), 5(dog), 7(horse), 8(ship), 9(truck)]
distribution = {airplane:0.0000, automobile:0.0000, bird:0.8835, cat:0.0000, deer:0.0000, dog:0.1165, frog:0.0000, horse:0.0000, ship:0.0000, truck:0.0000}
result = 2 (bird)
entropy = 0.359894

MNIST label 8 (8) -> CIFAR10 client_23
training labels = [2(bird), 3(cat), 6(frog), 8(ship)]
distribution = {airplane:0.0001, automobile:0.0001, bird:0.1325, cat:0.0817, deer:0.0001, dog:0.0001, frog:0.7308, horse:0.0001, ship:0.0544, truck:0.0001}
result = 6 (frog)
entropy = 0.865624

MNIST label 8 (8) -> CIFAR10 client_24
training labels = [1(automobile), 2(bird), 6(frog), 7(horse), 8(ship), 9(truck)]
distribution = {airplane:0.0003, automobile:0.0329, bird:0.0085, cat:0.0003, deer:0.0002, dog:0.0003, frog:0.0193, horse:0.0156, ship:0.9095, truck:0.0131}
result = 8 (ship)
entropy = 0.446024

MNIST label 8 (8) -> CIFAR10 client_25
training labels = [1(automobile), 2(bird), 3(cat), 5(dog), 6(frog), 7(horse), 8(ship), 9(truck)]
distribution = {airplane:0.0000, automobile:0.2009, bird:0.0170, cat:0.5044, deer:0.0000, dog:0.2369, frog:0.0277, horse:0.0002, ship:0.0052, truck:0.0078}
result = 3 (cat)
entropy = 1.243772

MNIST label 8 (8) -> CIFAR10 client_26
training labels = [1(automobile), 4(deer), 6(frog), 9(truck)]
distribution = {airplane:0.0000, automobile:0.0000, bird:0.0000, cat:0.0000, deer:0.1643, dog:0.0000, frog:0.8357, horse:0.0000, ship:0.0000, truck:0.0000}
result = 6 (frog)
entropy = 0.446719

MNIST label 8 (8) -> CIFAR10 client_27
training labels = [2(bird), 3(cat), 7(horse)]
distribution = {airplane:0.0000, automobile:0.0000, bird:0.2511, cat:0.6888, deer:0.0000, dog:0.0000, frog:0.0000, horse:0.0601, ship:0.0000, truck:0.0000}
result = 3 (cat)
entropy = 0.772860

MNIST label 8 (8) -> CIFAR10 client_28
training labels = [0(airplane), 1(automobile), 2(bird), 4(deer), 5(dog), 7(horse)]
distribution = {airplane:0.0110, automobile:0.0000, bird:0.3442, cat:0.0000, deer:0.0056, dog:0.0002, frog:0.0000, horse:0.6390, ship:0.0000, truck:0.0000}
result = 7 (horse)
entropy = 0.733459

MNIST label 8 (8) -> CIFAR10 client_29
training labels = [0(airplane), 1(automobile), 2(bird), 3(cat), 4(deer), 5(dog), 6(frog), 7(horse), 8(ship), 9(truck)]
distribution = {airplane:0.0009, automobile:0.2123, bird:0.6311, cat:0.0010, deer:0.0010, dog:0.0751, frog:0.0010, horse:0.0713, ship:0.0047, truck:0.0016}
result = 2 (bird)
entropy = 1.064670

MNIST label 9 (9) -> CIFAR10 client_20
training labels = [0(airplane), 3(cat), 4(deer), 5(dog), 7(horse)]
distribution = {airplane:0.0000, automobile:0.0000, bird:0.0000, cat:0.5666, deer:0.0000, dog:0.4334, frog:0.0000, horse:0.0000, ship:0.0000, truck:0.0000}
result = 3 (cat)
entropy = 0.684403

MNIST label 9 (9) -> CIFAR10 client_21
training labels = [1(automobile), 3(cat), 5(dog), 8(ship), 9(truck)]
distribution = {airplane:0.0000, automobile:0.0003, bird:0.0000, cat:0.0001, deer:0.0000, dog:0.7002, frog:0.0000, horse:0.0000, ship:0.2993, truck:0.0000}
result = 5 (dog)
entropy = 0.614707

MNIST label 9 (9) -> CIFAR10 client_22
training labels = [0(airplane), 1(automobile), 2(bird), 5(dog), 7(horse), 8(ship), 9(truck)]
distribution = {airplane:0.0000, automobile:0.0001, bird:0.9944, cat:0.0000, deer:0.0000, dog:0.0054, frog:0.0000, horse:0.0000, ship:0.0000, truck:0.0000}
result = 2 (bird)
entropy = 0.035354

MNIST label 9 (9) -> CIFAR10 client_23
training labels = [2(bird), 3(cat), 6(frog), 8(ship)]
distribution = {airplane:0.0002, automobile:0.0002, bird:0.2259, cat:0.1572, deer:0.0002, dog:0.0001, frog:0.5521, horse:0.0001, ship:0.0639, truck:0.0002}
result = 6 (frog)
entropy = 1.139193

MNIST label 9 (9) -> CIFAR10 client_24
training labels = [1(automobile), 2(bird), 6(frog), 7(horse), 8(ship), 9(truck)]
distribution = {airplane:0.0001, automobile:0.1469, bird:0.0525, cat:0.0001, deer:0.0001, dog:0.0001, frog:0.1060, horse:0.0773, ship:0.5473, truck:0.0696}
result = 8 (ship)
entropy = 1.391533

MNIST label 9 (9) -> CIFAR10 client_25
training labels = [1(automobile), 2(bird), 3(cat), 5(dog), 6(frog), 7(horse), 8(ship), 9(truck)]
distribution = {airplane:0.0000, automobile:0.0404, bird:0.0161, cat:0.6060, deer:0.0000, dog:0.3237, frog:0.0074, horse:0.0002, ship:0.0016, truck:0.0046}
result = 3 (cat)
entropy = 0.938227

MNIST label 9 (9) -> CIFAR10 client_26
training labels = [1(automobile), 4(deer), 6(frog), 9(truck)]
distribution = {airplane:0.0000, automobile:0.0147, bird:0.0000, cat:0.0000, deer:0.2744, dog:0.0000, frog:0.6655, horse:0.0000, ship:0.0000, truck:0.0454}
result = 6 (frog)
entropy = 0.828426

MNIST label 9 (9) -> CIFAR10 client_27
training labels = [2(bird), 3(cat), 7(horse)]
distribution = {airplane:0.0000, automobile:0.0000, bird:0.2472, cat:0.6970, deer:0.0000, dog:0.0000, frog:0.0000, horse:0.0557, ship:0.0000, truck:0.0000}
result = 3 (cat)
entropy = 0.758003

MNIST label 9 (9) -> CIFAR10 client_28
training labels = [0(airplane), 1(automobile), 2(bird), 4(deer), 5(dog), 7(horse)]
distribution = {airplane:0.0060, automobile:0.0000, bird:0.3417, cat:0.0000, deer:0.0019, dog:0.0000, frog:0.0000, horse:0.6504, ship:0.0000, truck:0.0000}
result = 7 (horse)
entropy = 0.689607

MNIST label 9 (9) -> CIFAR10 client_29
training labels = [0(airplane), 1(automobile), 2(bird), 3(cat), 4(deer), 5(dog), 6(frog), 7(horse), 8(ship), 9(truck)]
distribution = {airplane:0.0005, automobile:0.3607, bird:0.4893, cat:0.0005, deer:0.0006, dog:0.0745, frog:0.0006, horse:0.0687, ship:0.0031, truck:0.0014}
result = 2 (bird)
entropy = 1.139388

CIFAR10 label 0 (airplane) -> EMNIST client_10
training labels = [1(1), 3(3), 4(4), 5(5), 7(7), 8(8), 9(9), 10(A), 12(C), 14(E), 16(G), 19(J), 24(O), 25(P), 26(Q), 27(R), 29(T), 31(V), 32(W), 38(c), 43(h), 47(l), 52(q), 53(r), 54(s), 56(u), 59(x), 61(z)]
distribution = {0:0.0000, 1:0.1250, 2:0.0000, 3:0.0000, 4:0.1044, 5:0.0000, 6:0.0000, 7:0.1251, 8:0.0000, 9:0.0000, A:0.0000, B:0.0000, C:0.0000, D:0.0000, E:0.0000, F:0.0000, G:0.0000, H:0.0000, I:0.0000, J:0.0000, K:0.0000, L:0.0000, M:0.0000, N:0.0000, O:0.0000, P:0.0000, Q:0.0000, R:0.0000, S:0.0000, T:0.3749, U:0.0000, V:0.0000, W:0.0000, X:0.0000, Y:0.0000, Z:0.0000, a:0.0000, b:0.0000, c:0.0000, d:0.0000, e:0.0000, f:0.0000, g:0.0000, h:0.0000, i:0.0000, j:0.0000, k:0.0000, l:0.0000, m:0.0000, n:0.0000, o:0.0000, p:0.0000, q:0.2706, r:0.0000, s:0.0000, t:0.0000, u:0.0000, v:0.0000, w:0.0000, x:0.0000, y:0.0000, z:0.0000}
result = 29 (T)
entropy = 1.477365

CIFAR10 label 0 (airplane) -> EMNIST client_11
training labels = [0(0), 1(1), 2(2), 3(3), 4(4), 6(6), 7(7), 8(8), 9(9), 10(A), 12(C), 13(D), 15(F), 18(I), 19(J), 20(K), 22(M), 24(O), 27(R), 28(S), 30(U), 33(X), 35(Z), 36(a), 37(b), 38(c), 41(f), 45(j), 47(l), 50(o), 53(r), 54(s)]
distribution = {0:0.0011, 1:0.0000, 2:0.0647, 3:0.0000, 4:0.0000, 5:0.0000, 6:0.0000, 7:0.0000, 8:0.0081, 9:0.0000, A:0.0574, B:0.0000, C:0.0000, D:0.0781, E:0.0000, F:0.0000, G:0.0000, H:0.0000, I:0.0000, J:0.0000, K:0.0000, L:0.0000, M:0.0001, N:0.0000, O:0.0243, P:0.0000, Q:0.0000, R:0.0000, S:0.0000, T:0.0000, U:0.0016, V:0.0000, W:0.0000, X:0.0000, Y:0.0000, Z:0.0000, a:0.0630, b:0.0871, c:0.0000, d:0.0000, e:0.0000, f:0.0000, g:0.0000, h:0.0000, i:0.0000, j:0.0000, k:0.0000, l:0.0004, m:0.0000, n:0.0000, o:0.6138, p:0.0000, q:0.0000, r:0.0000, s:0.0003, t:0.0000, u:0.0000, v:0.0000, w:0.0000, x:0.0000, y:0.0000, z:0.0000}
result = 50 (o)
entropy = 1.379989

CIFAR10 label 0 (airplane) -> EMNIST client_12
training labels = [0(0), 2(2), 3(3), 4(4), 5(5), 6(6), 7(7), 8(8), 9(9), 11(B), 13(D), 15(F), 17(H), 23(N), 25(P), 27(R), 28(S), 37(b), 38(c), 40(e), 41(f), 42(g), 43(h), 45(j), 47(l), 48(m), 51(p), 52(q), 55(t), 59(x), 61(z)]
distribution = {0:0.0000, 1:0.0000, 2:0.0000, 3:0.0000, 4:0.0000, 5:0.0000, 6:0.0067, 7:0.0000, 8:0.8678, 9:0.0000, A:0.0000, B:0.0000, C:0.0000, D:0.0000, E:0.0000, F:0.0000, G:0.0000, H:0.0000, I:0.0000, J:0.0000, K:0.0000, L:0.0000, M:0.0000, N:0.0000, O:0.0000, P:0.0000, Q:0.0000, R:0.0000, S:0.0000, T:0.0000, U:0.0000, V:0.0000, W:0.0000, X:0.0000, Y:0.0000, Z:0.0000, a:0.0000, b:0.0000, c:0.0000, d:0.0000, e:0.0000, f:0.0000, g:0.1255, h:0.0000, i:0.0000, j:0.0000, k:0.0000, l:0.0000, m:0.0000, n:0.0000, o:0.0000, p:0.0000, q:0.0000, r:0.0000, s:0.0000, t:0.0000, u:0.0000, v:0.0000, w:0.0000, x:0.0000, y:0.0000, z:0.0000}
result = 8 (8)
entropy = 0.417675

CIFAR10 label 0 (airplane) -> EMNIST client_13
training labels = [1(1), 3(3), 5(5), 7(7), 8(8), 9(9), 10(A), 11(B), 13(D), 16(G), 17(H), 18(I), 20(K), 21(L), 22(M), 25(P), 26(Q), 28(S), 30(U), 32(W), 33(X), 35(Z), 37(b), 38(c), 39(d), 40(e), 41(f), 42(g), 45(j), 46(k), 47(l), 48(m), 50(o), 51(p), 52(q), 53(r), 54(s), 55(t), 56(u), 57(v), 58(w), 59(x), 60(y)]
distribution = {0:0.0000, 1:0.0000, 2:0.0000, 3:0.0022, 4:0.0000, 5:0.0004, 6:0.0000, 7:0.0001, 8:0.0033, 9:0.0016, A:0.0000, B:0.0264, C:0.0000, D:0.0008, E:0.0000, F:0.0000, G:0.0995, H:0.0006, I:0.0000, J:0.0000, K:0.0271, L:0.0000, M:0.0083, N:0.0000, O:0.0000, P:0.0294, Q:0.6740, R:0.0000, S:0.0000, T:0.0000, U:0.0001, V:0.0000, W:0.0006, X:0.0000, Y:0.0000, Z:0.0019, a:0.0000, b:0.0014, c:0.0000, d:0.0002, e:0.0000, f:0.0000, g:0.0031, h:0.0000, i:0.0000, j:0.0000, k:0.0000, l:0.0000, m:0.0022, n:0.0000, o:0.0000, p:0.1165, q:0.0000, r:0.0001, s:0.0000, t:0.0001, u:0.0000, v:0.0000, w:0.0001, x:0.0000, y:0.0000, z:0.0000}
result = 26 (Q)
entropy = 1.202164

CIFAR10 label 0 (airplane) -> EMNIST client_14
training labels = [2(2), 3(3), 4(4), 5(5), 6(6), 11(B), 16(G), 17(H), 18(I), 20(K), 21(L), 23(N), 26(Q), 31(V), 32(W), 33(X), 34(Y), 37(b), 38(c), 39(d), 40(e), 41(f), 47(l), 49(n), 52(q), 53(r), 54(s), 60(y), 61(z)]
distribution = {0:0.0000, 1:0.0000, 2:0.0061, 3:0.3316, 4:0.0000, 5:0.0000, 6:0.0000, 7:0.0000, 8:0.0000, 9:0.0000, A:0.0000, B:0.3929, C:0.0000, D:0.0000, E:0.0000, F:0.0000, G:0.0001, H:0.0001, I:0.0012, J:0.0000, K:0.0000, L:0.0000, M:0.0000, N:0.0000, O:0.0000, P:0.0000, Q:0.0008, R:0.0000, S:0.0000, T:0.0000, U:0.0000, V:0.0000, W:0.0000, X:0.0000, Y:0.0001, Z:0.0000, a:0.0000, b:0.0000, c:0.0000, d:0.0022, e:0.0000, f:0.0000, g:0.0000, h:0.0000, i:0.0000, j:0.0000, k:0.0000, l:0.0000, m:0.0000, n:0.0018, o:0.0000, p:0.0000, q:0.0147, r:0.0000, s:0.0002, t:0.0000, u:0.0000, v:0.0000, w:0.0000, x:0.0000, y:0.0009, z:0.2473}
result = 11 (B)
entropy = 1.221946

CIFAR10 label 0 (airplane) -> EMNIST client_15
training labels = [2(2), 4(4), 5(5), 6(6), 7(7), 8(8), 9(9), 11(B), 12(C), 16(G), 17(H), 19(J), 21(L), 22(M), 23(N), 24(O), 25(P), 26(Q), 27(R), 29(T), 33(X), 34(Y), 36(a), 39(d), 40(e), 41(f), 43(h), 46(k), 51(p), 52(q), 53(r), 56(u), 57(v), 58(w), 59(x), 60(y), 61(z)]
distribution = {0:0.0000, 1:0.0000, 2:0.0000, 3:0.0000, 4:0.0000, 5:0.0000, 6:0.0000, 7:0.0000, 8:0.3971, 9:0.0000, A:0.0000, B:0.0000, C:0.0000, D:0.0000, E:0.0000, F:0.0000, G:0.0000, H:0.0000, I:0.0000, J:0.0000, K:0.0000, L:0.0000, M:0.0000, N:0.0000, O:0.0000, P:0.0000, Q:0.5636, R:0.0000, S:0.0000, T:0.0000, U:0.0000, V:0.0000, W:0.0000, X:0.0000, Y:0.0391, Z:0.0000, a:0.0000, b:0.0000, c:0.0000, d:0.0000, e:0.0000, f:0.0000, g:0.0000, h:0.0000, i:0.0000, j:0.0000, k:0.0001, l:0.0000, m:0.0000, n:0.0000, o:0.0000, p:0.0000, q:0.0001, r:0.0000, s:0.0000, t:0.0000, u:0.0000, v:0.0000, w:0.0000, x:0.0000, y:0.0000, z:0.0000}
result = 26 (Q)
entropy = 0.818195

CIFAR10 label 0 (airplane) -> EMNIST client_16
training labels = [0(0), 2(2), 4(4), 5(5), 6(6), 7(7), 8(8), 9(9), 10(A), 11(B), 12(C), 14(E), 15(F), 21(L), 25(P), 27(R), 30(U), 32(W), 37(b), 38(c), 40(e), 43(h), 44(i), 46(k), 47(l), 49(n), 50(o), 53(r), 54(s), 55(t), 56(u)]
distribution = {0:0.0000, 1:0.0000, 2:0.1118, 3:0.0000, 4:0.0000, 5:0.0036, 6:0.0014, 7:0.0002, 8:0.1019, 9:0.0001, A:0.0011, B:0.0981, C:0.0042, D:0.0000, E:0.2524, F:0.1743, G:0.0000, H:0.0000, I:0.0000, J:0.0000, K:0.0000, L:0.0243, M:0.0000, N:0.0000, O:0.0000, P:0.0005, Q:0.0000, R:0.0427, S:0.0000, T:0.0000, U:0.0000, V:0.0000, W:0.0007, X:0.0000, Y:0.0000, Z:0.0000, a:0.0000, b:0.0063, c:0.0000, d:0.0000, e:0.0014, f:0.0000, g:0.0000, h:0.0076, i:0.0000, j:0.0000, k:0.0224, l:0.0031, m:0.0000, n:0.0000, o:0.0008, p:0.0000, q:0.0000, r:0.0223, s:0.0055, t:0.1126, u:0.0007, v:0.0000, w:0.0000, x:0.0000, y:0.0000, z:0.0000}
result = 14 (E)
entropy = 2.206193

CIFAR10 label 0 (airplane) -> EMNIST client_17
training labels = [0(0), 1(1), 2(2), 3(3), 5(5), 8(8), 9(9), 10(A), 14(E), 15(F), 19(J), 20(K), 21(L), 23(N), 25(P), 26(Q), 27(R), 29(T), 31(V), 33(X), 34(Y), 36(a), 38(c), 42(g), 44(i), 45(j), 47(l), 53(r), 54(s), 55(t), 57(v), 59(x), 60(y), 61(z)]
distribution = {0:0.0271, 1:0.0252, 2:0.0052, 3:0.0225, 4:0.0001, 5:0.0609, 6:0.0002, 7:0.0001, 8:0.0007, 9:0.0502, A:0.0414, B:0.0002, C:0.0002, D:0.0002, E:0.0347, F:0.1501, G:0.0002, H:0.0002, I:0.0002, J:0.0254, K:0.0006, L:0.0137, M:0.0002, N:0.0151, O:0.0002, P:0.0423, Q:0.0049, R:0.0090, S:0.0002, T:0.0042, U:0.0002, V:0.0093, W:0.0002, X:0.0107, Y:0.0098, Z:0.0002, a:0.0654, b:0.0002, c:0.0060, d:0.0001, e:0.0002, f:0.0002, g:0.0660, h:0.0002, i:0.0632, j:0.0222, k:0.0001, l:0.0491, m:0.0002, n:0.0002, o:0.0002, p:0.0001, q:0.0002, r:0.0195, s:0.0541, t:0.0336, u:0.0002, v:0.0034, w:0.0002, x:0.0156, y:0.0097, z:0.0247}
result = 15 (F)
entropy = 3.149117

CIFAR10 label 0 (airplane) -> EMNIST client_18
training labels = [0(0), 1(1), 2(2), 5(5), 6(6), 9(9), 10(A), 14(E), 15(F), 16(G), 17(H), 20(K), 22(M), 24(O), 28(S), 32(W), 33(X), 34(Y), 36(a), 42(g), 44(i), 46(k), 47(l), 48(m), 49(n), 50(o), 53(r), 54(s), 55(t), 57(v), 58(w), 61(z)]
distribution = {0:0.0059, 1:0.0003, 2:0.0740, 3:0.0000, 4:0.0000, 5:0.0006, 6:0.0142, 7:0.0000, 8:0.0000, 9:0.0135, A:0.0000, B:0.0000, C:0.0000, D:0.0000, E:0.0281, F:0.0303, G:0.0006, H:0.0000, I:0.0000, J:0.0000, K:0.0000, L:0.0000, M:0.0000, N:0.0000, O:0.0023, P:0.0000, Q:0.0000, R:0.0000, S:0.2388, T:0.0000, U:0.0000, V:0.0000, W:0.0015, X:0.0000, Y:0.0001, Z:0.0000, a:0.0871, b:0.0000, c:0.0000, d:0.0000, e:0.0000, f:0.0000, g:0.0105, h:0.0000, i:0.0006, j:0.0000, k:0.0000, l:0.0002, m:0.0000, n:0.0002, o:0.0203, p:0.0000, q:0.0000, r:0.0077, s:0.0000, t:0.2541, u:0.0000, v:0.0000, w:0.0000, x:0.0000, y:0.0000, z:0.2090}
result = 55 (t)
entropy = 1.987030

CIFAR10 label 0 (airplane) -> EMNIST client_19
training labels = [0(0), 1(1), 2(2), 3(3), 4(4), 5(5), 6(6), 7(7), 8(8), 9(9), 10(A), 11(B), 12(C), 13(D), 14(E), 15(F), 16(G), 17(H), 18(I), 19(J), 20(K), 21(L), 22(M), 23(N), 24(O), 25(P), 26(Q), 27(R), 28(S), 29(T), 30(U), 31(V), 32(W), 33(X), 34(Y), 35(Z), 36(a), 37(b), 38(c), 39(d), 40(e), 41(f), 42(g), 43(h), 44(i), 45(j), 46(k), 47(l), 48(m), 49(n), 50(o), 51(p), 52(q), 53(r), 54(s), 55(t), 56(u), 57(v), 58(w), 59(x), 60(y), 61(z)]
distribution = {0:0.0000, 1:0.0165, 2:0.0001, 3:0.0001, 4:0.0106, 5:0.0138, 6:0.0063, 7:0.1092, 8:0.0001, 9:0.0006, A:0.0096, B:0.1590, C:0.0436, D:0.0000, E:0.0004, F:0.0000, G:0.0000, H:0.0000, I:0.0084, J:0.0000, K:0.0071, L:0.0091, M:0.0000, N:0.0000, O:0.0246, P:0.0111, Q:0.0003, R:0.0010, S:0.0000, T:0.0169, U:0.0000, V:0.0000, W:0.0000, X:0.0005, Y:0.0032, Z:0.0017, a:0.0001, b:0.0000, c:0.0166, d:0.0001, e:0.1433, f:0.0326, g:0.0032, h:0.0053, i:0.0031, j:0.0089, k:0.0000, l:0.1990, m:0.0021, n:0.0223, o:0.0000, p:0.0060, q:0.0063, r:0.0136, s:0.0000, t:0.0195, u:0.0008, v:0.0155, w:0.0006, x:0.0024, y:0.0444, z:0.0007}
result = 47 (l)
entropy = 2.717967

CIFAR10 label 1 (automobile) -> EMNIST client_10
training labels = [1(1), 3(3), 4(4), 5(5), 7(7), 8(8), 9(9), 10(A), 12(C), 14(E), 16(G), 19(J), 24(O), 25(P), 26(Q), 27(R), 29(T), 31(V), 32(W), 38(c), 43(h), 47(l), 52(q), 53(r), 54(s), 56(u), 59(x), 61(z)]
distribution = {0:0.0001, 1:0.0889, 2:0.0001, 3:0.0012, 4:0.3594, 5:0.0002, 6:0.0000, 7:0.1591, 8:0.0005, 9:0.0061, A:0.0187, B:0.0001, C:0.0012, D:0.0001, E:0.0050, F:0.0001, G:0.0088, H:0.0000, I:0.0001, J:0.0005, K:0.0001, L:0.0000, M:0.0001, N:0.0001, O:0.0010, P:0.0020, Q:0.0023, R:0.0044, S:0.0001, T:0.2811, U:0.0001, V:0.0045, W:0.0065, X:0.0001, Y:0.0001, Z:0.0001, a:0.0001, b:0.0000, c:0.0000, d:0.0001, e:0.0001, f:0.0001, g:0.0000, h:0.0104, i:0.0001, j:0.0001, k:0.0001, l:0.0004, m:0.0000, n:0.0001, o:0.0001, p:0.0000, q:0.0145, r:0.0023, s:0.0001, t:0.0000, u:0.0031, v:0.0000, w:0.0000, x:0.0126, y:0.0001, z:0.0035}
result = 4 (4)
entropy = 1.782216

CIFAR10 label 1 (automobile) -> EMNIST client_11
training labels = [0(0), 1(1), 2(2), 3(3), 4(4), 6(6), 7(7), 8(8), 9(9), 10(A), 12(C), 13(D), 15(F), 18(I), 19(J), 20(K), 22(M), 24(O), 27(R), 28(S), 30(U), 33(X), 35(Z), 36(a), 37(b), 38(c), 41(f), 45(j), 47(l), 50(o), 53(r), 54(s)]
distribution = {0:0.0003, 1:0.0008, 2:0.0982, 3:0.0000, 4:0.0000, 5:0.0000, 6:0.0002, 7:0.0000, 8:0.0345, 9:0.0000, A:0.0003, B:0.0000, C:0.0000, D:0.0006, E:0.0000, F:0.0000, G:0.0000, H:0.0000, I:0.0002, J:0.0000, K:0.0000, L:0.0000, M:0.0002, N:0.0000, O:0.0012, P:0.0000, Q:0.0000, R:0.0000, S:0.0419, T:0.0000, U:0.0003, V:0.0000, W:0.0000, X:0.0000, Y:0.0000, Z:0.0002, a:0.0168, b:0.0620, c:0.0000, d:0.0000, e:0.0000, f:0.0000, g:0.0000, h:0.0000, i:0.0000, j:0.0005, k:0.0000, l:0.0030, m:0.0000, n:0.0000, o:0.6203, p:0.0000, q:0.0000, r:0.0001, s:0.1183, t:0.0000, u:0.0000, v:0.0000, w:0.0000, x:0.0000, y:0.0000, z:0.0000}
result = 50 (o)
entropy = 1.322040

CIFAR10 label 1 (automobile) -> EMNIST client_12
training labels = [0(0), 2(2), 3(3), 4(4), 5(5), 6(6), 7(7), 8(8), 9(9), 11(B), 13(D), 15(F), 17(H), 23(N), 25(P), 27(R), 28(S), 37(b), 38(c), 40(e), 41(f), 42(g), 43(h), 45(j), 47(l), 48(m), 51(p), 52(q), 55(t), 59(x), 61(z)]
distribution = {0:0.0000, 1:0.0000, 2:0.0000, 3:0.0000, 4:0.0000, 5:0.0000, 6:0.0333, 7:0.0000, 8:0.7735, 9:0.0161, A:0.0000, B:0.0000, C:0.0000, D:0.0000, E:0.0000, F:0.0000, G:0.0000, H:0.0000, I:0.0000, J:0.0000, K:0.0000, L:0.0000, M:0.0000, N:0.0000, O:0.0000, P:0.0000, Q:0.0000, R:0.0000, S:0.0001, T:0.0000, U:0.0000, V:0.0000, W:0.0000, X:0.0000, Y:0.0000, Z:0.0000, a:0.0000, b:0.0000, c:0.0000, d:0.0000, e:0.0000, f:0.0000, g:0.1769, h:0.0000, i:0.0000, j:0.0000, k:0.0000, l:0.0000, m:0.0000, n:0.0000, o:0.0000, p:0.0000, q:0.0000, r:0.0000, s:0.0000, t:0.0000, u:0.0000, v:0.0000, w:0.0000, x:0.0000, y:0.0000, z:0.0000}
result = 8 (8)
entropy = 0.686407

CIFAR10 label 1 (automobile) -> EMNIST client_13
training labels = [1(1), 3(3), 5(5), 7(7), 8(8), 9(9), 10(A), 11(B), 13(D), 16(G), 17(H), 18(I), 20(K), 21(L), 22(M), 25(P), 26(Q), 28(S), 30(U), 32(W), 33(X), 35(Z), 37(b), 38(c), 39(d), 40(e), 41(f), 42(g), 45(j), 46(k), 47(l), 48(m), 50(o), 51(p), 52(q), 53(r), 54(s), 55(t), 56(u), 57(v), 58(w), 59(x), 60(y)]
distribution = {0:0.0000, 1:0.0000, 2:0.0000, 3:0.0191, 4:0.0000, 5:0.0012, 6:0.0000, 7:0.0000, 8:0.0121, 9:0.0007, A:0.0001, B:0.0043, C:0.0000, D:0.0005, E:0.0000, F:0.0000, G:0.0976, H:0.1734, I:0.0000, J:0.0000, K:0.0025, L:0.0000, M:0.0042, N:0.0000, O:0.0000, P:0.0687, Q:0.5669, R:0.0000, S:0.0000, T:0.0000, U:0.0037, V:0.0000, W:0.0181, X:0.0000, Y:0.0000, Z:0.0004, a:0.0000, b:0.0053, c:0.0000, d:0.0078, e:0.0000, f:0.0000, g:0.0043, h:0.0000, i:0.0000, j:0.0002, k:0.0000, l:0.0000, m:0.0026, n:0.0000, o:0.0000, p:0.0041, q:0.0000, r:0.0000, s:0.0000, t:0.0001, u:0.0001, v:0.0000, w:0.0019, x:0.0000, y:0.0000, z:0.0000}
result = 26 (Q)
entropy = 1.485044

CIFAR10 label 1 (automobile) -> EMNIST client_14
training labels = [2(2), 3(3), 4(4), 5(5), 6(6), 11(B), 16(G), 17(H), 18(I), 20(K), 21(L), 23(N), 26(Q), 31(V), 32(W), 33(X), 34(Y), 37(b), 38(c), 39(d), 40(e), 41(f), 47(l), 49(n), 52(q), 53(r), 54(s), 60(y), 61(z)]
distribution = {0:0.0000, 1:0.0000, 2:0.0016, 3:0.2380, 4:0.0000, 5:0.0000, 6:0.0000, 7:0.0000, 8:0.0000, 9:0.0000, A:0.0000, B:0.6217, C:0.0000, D:0.0000, E:0.0000, F:0.0000, G:0.0002, H:0.0003, I:0.0011, J:0.0000, K:0.0000, L:0.0000, M:0.0000, N:0.0000, O:0.0000, P:0.0000, Q:0.0003, R:0.0000, S:0.0000, T:0.0000, U:0.0000, V:0.0000, W:0.0000, X:0.0000, Y:0.0000, Z:0.0000, a:0.0000, b:0.0001, c:0.0000, d:0.0020, e:0.0000, f:0.0000, g:0.0000, h:0.0000, i:0.0000, j:0.0000, k:0.0000, l:0.0000, m:0.0000, n:0.0008, o:0.0000, p:0.0000, q:0.0021, r:0.0000, s:0.0001, t:0.0000, u:0.0000, v:0.0000, w:0.0000, x:0.0000, y:0.0003, z:0.1312}
result = 11 (B)
entropy = 0.964822

CIFAR10 label 1 (automobile) -> EMNIST client_15
training labels = [2(2), 4(4), 5(5), 6(6), 7(7), 8(8), 9(9), 11(B), 12(C), 16(G), 17(H), 19(J), 21(L), 22(M), 23(N), 24(O), 25(P), 26(Q), 27(R), 29(T), 33(X), 34(Y), 36(a), 39(d), 40(e), 41(f), 43(h), 46(k), 51(p), 52(q), 53(r), 56(u), 57(v), 58(w), 59(x), 60(y), 61(z)]
distribution = {0:0.0000, 1:0.0000, 2:0.0000, 3:0.0000, 4:0.0000, 5:0.0000, 6:0.0000, 7:0.0000, 8:0.3271, 9:0.0002, A:0.0000, B:0.0000, C:0.0000, D:0.0000, E:0.0000, F:0.0000, G:0.0000, H:0.0000, I:0.0000, J:0.0000, K:0.0000, L:0.0002, M:0.0000, N:0.0000, O:0.0005, P:0.0000, Q:0.6538, R:0.0000, S:0.0000, T:0.0000, U:0.0000, V:0.0000, W:0.0000, X:0.0000, Y:0.0035, Z:0.0000, a:0.0003, b:0.0000, c:0.0000, d:0.0000, e:0.0144, f:0.0000, g:0.0000, h:0.0000, i:0.0000, j:0.0000, k:0.0000, l:0.0000, m:0.0000, n:0.0000, o:0.0000, p:0.0000, q:0.0000, r:0.0000, s:0.0000, t:0.0000, u:0.0000, v:0.0000, w:0.0000, x:0.0000, y:0.0000, z:0.0000}
result = 26 (Q)
entropy = 0.734453

CIFAR10 label 1 (automobile) -> EMNIST client_16
training labels = [0(0), 2(2), 4(4), 5(5), 6(6), 7(7), 8(8), 9(9), 10(A), 11(B), 12(C), 14(E), 15(F), 21(L), 25(P), 27(R), 30(U), 32(W), 37(b), 38(c), 40(e), 43(h), 44(i), 46(k), 47(l), 49(n), 50(o), 53(r), 54(s), 55(t), 56(u)]
distribution = {0:0.0000, 1:0.0000, 2:0.0093, 3:0.0000, 4:0.0026, 5:0.0017, 6:0.0000, 7:0.0000, 8:0.0246, 9:0.0000, A:0.0108, B:0.0204, C:0.0196, D:0.0000, E:0.2093, F:0.3978, G:0.0000, H:0.0000, I:0.0000, J:0.0000, K:0.0000, L:0.0630, M:0.0000, N:0.0000, O:0.0000, P:0.0100, Q:0.0000, R:0.0017, S:0.0000, T:0.0000, U:0.0000, V:0.0000, W:0.0000, X:0.0000, Y:0.0000, Z:0.0000, a:0.0000, b:0.0031, c:0.0009, d:0.0000, e:0.0494, f:0.0000, g:0.0000, h:0.0111, i:0.0001, j:0.0000, k:0.0006, l:0.0142, m:0.0000, n:0.0000, o:0.0023, p:0.0000, q:0.0000, r:0.0327, s:0.0082, t:0.1063, u:0.0002, v:0.0000, w:0.0000, x:0.0000, y:0.0000, z:0.0000}
result = 15 (F)
entropy = 1.986131

CIFAR10 label 1 (automobile) -> EMNIST client_17
training labels = [0(0), 1(1), 2(2), 3(3), 5(5), 8(8), 9(9), 10(A), 14(E), 15(F), 19(J), 20(K), 21(L), 23(N), 25(P), 26(Q), 27(R), 29(T), 31(V), 33(X), 34(Y), 36(a), 38(c), 42(g), 44(i), 45(j), 47(l), 53(r), 54(s), 55(t), 57(v), 59(x), 60(y), 61(z)]
distribution = {0:0.0033, 1:0.0017, 2:0.0001, 3:0.1244, 4:0.0000, 5:0.0148, 6:0.0000, 7:0.0000, 8:0.0000, 9:0.0017, A:0.0351, B:0.0000, C:0.0000, D:0.0000, E:0.0098, F:0.0094, G:0.0000, H:0.0000, I:0.0000, J:0.0059, K:0.0105, L:0.0001, M:0.0000, N:0.0703, O:0.0000, P:0.0067, Q:0.0000, R:0.0034, S:0.0000, T:0.0043, U:0.0000, V:0.0033, W:0.0000, X:0.0016, Y:0.0232, Z:0.0000, a:0.1756, b:0.0000, c:0.0102, d:0.0000, e:0.0000, f:0.0000, g:0.0063, h:0.0000, i:0.0624, j:0.0012, k:0.0000, l:0.0051, m:0.0000, n:0.0000, o:0.0000, p:0.0000, q:0.0000, r:0.2062, s:0.1318, t:0.0579, u:0.0000, v:0.0000, w:0.0000, x:0.0125, y:0.0008, z:0.0003}
result = 53 (r)
entropy = 2.441928

CIFAR10 label 1 (automobile) -> EMNIST client_18
training labels = [0(0), 1(1), 2(2), 5(5), 6(6), 9(9), 10(A), 14(E), 15(F), 16(G), 17(H), 20(K), 22(M), 24(O), 28(S), 32(W), 33(X), 34(Y), 36(a), 42(g), 44(i), 46(k), 47(l), 48(m), 49(n), 50(o), 53(r), 54(s), 55(t), 57(v), 58(w), 61(z)]
distribution = {0:0.1217, 1:0.0003, 2:0.0105, 3:0.0000, 4:0.0000, 5:0.0004, 6:0.0679, 7:0.0000, 8:0.0000, 9:0.0108, A:0.0002, B:0.0000, C:0.0000, D:0.0000, E:0.0076, F:0.0047, G:0.0000, H:0.0002, I:0.0000, J:0.0000, K:0.0009, L:0.0000, M:0.0005, N:0.0000, O:0.0134, P:0.0000, Q:0.0000, R:0.0000, S:0.1759, T:0.0000, U:0.0000, V:0.0000, W:0.0044, X:0.0000, Y:0.0073, Z:0.0000, a:0.0125, b:0.0000, c:0.0000, d:0.0000, e:0.0000, f:0.0000, g:0.0014, h:0.0000, i:0.0028, j:0.0000, k:0.0002, l:0.0000, m:0.0042, n:0.0724, o:0.0235, p:0.0000, q:0.0000, r:0.0987, s:0.0000, t:0.1811, u:0.0000, v:0.0015, w:0.0000, x:0.0000, y:0.0000, z:0.1750}
result = 55 (t)
entropy = 2.277077

CIFAR10 label 1 (automobile) -> EMNIST client_19
training labels = [0(0), 1(1), 2(2), 3(3), 4(4), 5(5), 6(6), 7(7), 8(8), 9(9), 10(A), 11(B), 12(C), 13(D), 14(E), 15(F), 16(G), 17(H), 18(I), 19(J), 20(K), 21(L), 22(M), 23(N), 24(O), 25(P), 26(Q), 27(R), 28(S), 29(T), 30(U), 31(V), 32(W), 33(X), 34(Y), 35(Z), 36(a), 37(b), 38(c), 39(d), 40(e), 41(f), 42(g), 43(h), 44(i), 45(j), 46(k), 47(l), 48(m), 49(n), 50(o), 51(p), 52(q), 53(r), 54(s), 55(t), 56(u), 57(v), 58(w), 59(x), 60(y), 61(z)]
distribution = {0:0.0000, 1:0.0061, 2:0.0001, 3:0.0002, 4:0.0456, 5:0.0558, 6:0.0143, 7:0.0297, 8:0.0006, 9:0.0001, A:0.0236, B:0.0577, C:0.0582, D:0.0000, E:0.0001, F:0.0001, G:0.0011, H:0.0004, I:0.0048, J:0.0013, K:0.0101, L:0.0024, M:0.0002, N:0.0000, O:0.0390, P:0.0091, Q:0.0003, R:0.0007, S:0.0004, T:0.0052, U:0.0003, V:0.0000, W:0.0001, X:0.0005, Y:0.0027, Z:0.0018, a:0.0002, b:0.0004, c:0.0218, d:0.0002, e:0.0687, f:0.0199, g:0.0022, h:0.0091, i:0.0020, j:0.0103, k:0.0002, l:0.1171, m:0.1215, n:0.0642, o:0.0000, p:0.0063, q:0.0083, r:0.0284, s:0.0024, t:0.0104, u:0.0022, v:0.0274, w:0.0004, x:0.0063, y:0.0969, z:0.0006}
result = 48 (m)
entropy = 3.041438

CIFAR10 label 2 (bird) -> EMNIST client_10
training labels = [1(1), 3(3), 4(4), 5(5), 7(7), 8(8), 9(9), 10(A), 12(C), 14(E), 16(G), 19(J), 24(O), 25(P), 26(Q), 27(R), 29(T), 31(V), 32(W), 38(c), 43(h), 47(l), 52(q), 53(r), 54(s), 56(u), 59(x), 61(z)]
distribution = {0:0.0000, 1:0.5031, 2:0.0000, 3:0.0002, 4:0.0968, 5:0.0000, 6:0.0000, 7:0.1286, 8:0.0000, 9:0.0511, A:0.0001, B:0.0000, C:0.0000, D:0.0000, E:0.0000, F:0.0000, G:0.0000, H:0.0000, I:0.0000, J:0.0003, K:0.0000, L:0.0000, M:0.0000, N:0.0000, O:0.0001, P:0.0019, Q:0.0008, R:0.0013, S:0.0000, T:0.1626, U:0.0000, V:0.0000, W:0.0001, X:0.0000, Y:0.0000, Z:0.0000, a:0.0000, b:0.0000, c:0.0000, d:0.0000, e:0.0000, f:0.0000, g:0.0000, h:0.0017, i:0.0000, j:0.0000, k:0.0000, l:0.0002, m:0.0000, n:0.0000, o:0.0000, p:0.0000, q:0.0503, r:0.0000, s:0.0000, t:0.0000, u:0.0000, v:0.0000, w:0.0000, x:0.0006, y:0.0000, z:0.0001}
result = 1 (1)
entropy = 1.484582

CIFAR10 label 2 (bird) -> EMNIST client_11
training labels = [0(0), 1(1), 2(2), 3(3), 4(4), 6(6), 7(7), 8(8), 9(9), 10(A), 12(C), 13(D), 15(F), 18(I), 19(J), 20(K), 22(M), 24(O), 27(R), 28(S), 30(U), 33(X), 35(Z), 36(a), 37(b), 38(c), 41(f), 45(j), 47(l), 50(o), 53(r), 54(s)]
distribution = {0:0.0004, 1:0.0000, 2:0.0001, 3:0.0000, 4:0.0000, 5:0.0000, 6:0.0000, 7:0.0000, 8:0.0000, 9:0.0000, A:0.0000, B:0.0000, C:0.0000, D:0.0021, E:0.0000, F:0.0000, G:0.0000, H:0.0000, I:0.0000, J:0.0000, K:0.0000, L:0.0000, M:0.0000, N:0.0000, O:0.0053, P:0.0000, Q:0.0000, R:0.0000, S:0.0000, T:0.0000, U:0.0000, V:0.0000, W:0.0000, X:0.0000, Y:0.0000, Z:0.0000, a:0.0003, b:0.0001, c:0.0000, d:0.0000, e:0.0000, f:0.0000, g:0.0000, h:0.0000, i:0.0000, j:0.0000, k:0.0000, l:0.0000, m:0.0000, n:0.0000, o:0.9917, p:0.0000, q:0.0000, r:0.0000, s:0.0000, t:0.0000, u:0.0000, v:0.0000, w:0.0000, x:0.0000, y:0.0000, z:0.0000}
result = 50 (o)
entropy = 0.056724

CIFAR10 label 2 (bird) -> EMNIST client_12
training labels = [0(0), 2(2), 3(3), 4(4), 5(5), 6(6), 7(7), 8(8), 9(9), 11(B), 13(D), 15(F), 17(H), 23(N), 25(P), 27(R), 28(S), 37(b), 38(c), 40(e), 41(f), 42(g), 43(h), 45(j), 47(l), 48(m), 51(p), 52(q), 55(t), 59(x), 61(z)]
distribution = {0:0.0000, 1:0.0000, 2:0.0000, 3:0.0000, 4:0.0000, 5:0.0000, 6:0.4202, 7:0.0000, 8:0.5778, 9:0.0001, A:0.0000, B:0.0000, C:0.0000, D:0.0000, E:0.0000, F:0.0000, G:0.0000, H:0.0000, I:0.0000, J:0.0000, K:0.0000, L:0.0000, M:0.0000, N:0.0000, O:0.0000, P:0.0000, Q:0.0000, R:0.0000, S:0.0000, T:0.0000, U:0.0000, V:0.0000, W:0.0000, X:0.0000, Y:0.0000, Z:0.0000, a:0.0000, b:0.0000, c:0.0000, d:0.0000, e:0.0000, f:0.0000, g:0.0018, h:0.0000, i:0.0000, j:0.0000, k:0.0000, l:0.0000, m:0.0000, n:0.0000, o:0.0000, p:0.0000, q:0.0000, r:0.0000, s:0.0000, t:0.0000, u:0.0000, v:0.0000, w:0.0000, x:0.0000, y:0.0000, z:0.0000}
result = 8 (8)
entropy = 0.694510

CIFAR10 label 2 (bird) -> EMNIST client_13
training labels = [1(1), 3(3), 5(5), 7(7), 8(8), 9(9), 10(A), 11(B), 13(D), 16(G), 17(H), 18(I), 20(K), 21(L), 22(M), 25(P), 26(Q), 28(S), 30(U), 32(W), 33(X), 35(Z), 37(b), 38(c), 39(d), 40(e), 41(f), 42(g), 45(j), 46(k), 47(l), 48(m), 50(o), 51(p), 52(q), 53(r), 54(s), 55(t), 56(u), 57(v), 58(w), 59(x), 60(y)]
distribution = {0:0.0000, 1:0.0000, 2:0.0000, 3:0.0036, 4:0.0000, 5:0.0000, 6:0.0000, 7:0.0028, 8:0.0003, 9:0.1094, A:0.0002, B:0.0003, C:0.0000, D:0.0103, E:0.0000, F:0.0000, G:0.0067, H:0.0002, I:0.0000, J:0.0000, K:0.0000, L:0.0000, M:0.1073, N:0.0000, O:0.0000, P:0.0011, Q:0.7142, R:0.0000, S:0.0000, T:0.0000, U:0.0017, V:0.0000, W:0.0027, X:0.0000, Y:0.0000, Z:0.0004, a:0.0000, b:0.0006, c:0.0000, d:0.0042, e:0.0000, f:0.0000, g:0.0124, h:0.0000, i:0.0000, j:0.0000, k:0.0000, l:0.0000, m:0.0013, n:0.0000, o:0.0010, p:0.0192, q:0.0000, r:0.0000, s:0.0000, t:0.0000, u:0.0000, v:0.0000, w:0.0002, x:0.0000, y:0.0000, z:0.0000}
result = 26 (Q)
entropy = 1.059916

CIFAR10 label 2 (bird) -> EMNIST client_14
training labels = [2(2), 3(3), 4(4), 5(5), 6(6), 11(B), 16(G), 17(H), 18(I), 20(K), 21(L), 23(N), 26(Q), 31(V), 32(W), 33(X), 34(Y), 37(b), 38(c), 39(d), 40(e), 41(f), 47(l), 49(n), 52(q), 53(r), 54(s), 60(y), 61(z)]
distribution = {0:0.0000, 1:0.0000, 2:0.0002, 3:0.1967, 4:0.0000, 5:0.0000, 6:0.0000, 7:0.0000, 8:0.0000, 9:0.0000, A:0.0000, B:0.7765, C:0.0000, D:0.0000, E:0.0000, F:0.0000, G:0.0004, H:0.0004, I:0.0003, J:0.0000, K:0.0000, L:0.0000, M:0.0000, N:0.0000, O:0.0000, P:0.0000, Q:0.0014, R:0.0000, S:0.0000, T:0.0000, U:0.0000, V:0.0000, W:0.0000, X:0.0000, Y:0.0000, Z:0.0000, a:0.0000, b:0.0001, c:0.0000, d:0.0052, e:0.0001, f:0.0000, g:0.0000, h:0.0000, i:0.0000, j:0.0000, k:0.0000, l:0.0000, m:0.0000, n:0.0046, o:0.0000, p:0.0000, q:0.0026, r:0.0000, s:0.0000, t:0.0000, u:0.0000, v:0.0000, w:0.0000, x:0.0000, y:0.0003, z:0.0112}
result = 11 (B)
entropy = 0.658329

CIFAR10 label 2 (bird) -> EMNIST client_15
training labels = [2(2), 4(4), 5(5), 6(6), 7(7), 8(8), 9(9), 11(B), 12(C), 16(G), 17(H), 19(J), 21(L), 22(M), 23(N), 24(O), 25(P), 26(Q), 27(R), 29(T), 33(X), 34(Y), 36(a), 39(d), 40(e), 41(f), 43(h), 46(k), 51(p), 52(q), 53(r), 56(u), 57(v), 58(w), 59(x), 60(y), 61(z)]
distribution = {0:0.0000, 1:0.0000, 2:0.0000, 3:0.0000, 4:0.0000, 5:0.0000, 6:0.0000, 7:0.0000, 8:0.0120, 9:0.0000, A:0.0000, B:0.0000, C:0.0000, D:0.0000, E:0.0000, F:0.0000, G:0.0000, H:0.0000, I:0.0000, J:0.0000, K:0.0000, L:0.0000, M:0.0000, N:0.0000, O:0.0000, P:0.0000, Q:0.9583, R:0.0000, S:0.0000, T:0.0000, U:0.0000, V:0.0000, W:0.0000, X:0.0000, Y:0.0297, Z:0.0000, a:0.0000, b:0.0000, c:0.0000, d:0.0000, e:0.0000, f:0.0000, g:0.0000, h:0.0000, i:0.0000, j:0.0000, k:0.0000, l:0.0000, m:0.0000, n:0.0000, o:0.0000, p:0.0000, q:0.0000, r:0.0000, s:0.0000, t:0.0000, u:0.0000, v:0.0000, w:0.0000, x:0.0000, y:0.0000, z:0.0000}
result = 26 (Q)
entropy = 0.198383

CIFAR10 label 2 (bird) -> EMNIST client_16
training labels = [0(0), 2(2), 4(4), 5(5), 6(6), 7(7), 8(8), 9(9), 10(A), 11(B), 12(C), 14(E), 15(F), 21(L), 25(P), 27(R), 30(U), 32(W), 37(b), 38(c), 40(e), 43(h), 44(i), 46(k), 47(l), 49(n), 50(o), 53(r), 54(s), 55(t), 56(u)]
distribution = {0:0.0000, 1:0.0003, 2:0.0434, 3:0.0003, 4:0.0038, 5:0.0091, 6:0.0005, 7:0.0002, 8:0.0203, 9:0.0009, A:0.0450, B:0.0026, C:0.1216, D:0.0003, E:0.0083, F:0.0841, G:0.0003, H:0.0003, I:0.0003, J:0.0003, K:0.0002, L:0.0790, M:0.0003, N:0.0003, O:0.0002, P:0.0184, Q:0.0003, R:0.0533, S:0.0003, T:0.0003, U:0.0001, V:0.0002, W:0.0002, X:0.0003, Y:0.0002, Z:0.0002, a:0.0003, b:0.0020, c:0.0120, d:0.0003, e:0.0032, f:0.0003, g:0.0003, h:0.0938, i:0.0390, j:0.0002, k:0.0030, l:0.0511, m:0.0003, n:0.0016, o:0.0161, p:0.0002, q:0.0003, r:0.0980, s:0.0120, t:0.1677, u:0.0017, v:0.0003, w:0.0002, x:0.0003, y:0.0002, z:0.0003}
result = 55 (t)
entropy = 2.719224

CIFAR10 label 2 (bird) -> EMNIST client_17
training labels = [0(0), 1(1), 2(2), 3(3), 5(5), 8(8), 9(9), 10(A), 14(E), 15(F), 19(J), 20(K), 21(L), 23(N), 25(P), 26(Q), 27(R), 29(T), 31(V), 33(X), 34(Y), 36(a), 38(c), 42(g), 44(i), 45(j), 47(l), 53(r), 54(s), 55(t), 57(v), 59(x), 60(y), 61(z)]
distribution = {0:0.0063, 1:0.0161, 2:0.0009, 3:0.0029, 4:0.0001, 5:0.0059, 6:0.0001, 7:0.0001, 8:0.0002, 9:0.0147, A:0.0045, B:0.0001, C:0.0001, D:0.0001, E:0.0020, F:0.0137, G:0.0001, H:0.0001, I:0.0001, J:0.0920, K:0.0003, L:0.0001, M:0.0001, N:0.0153, O:0.0001, P:0.0068, Q:0.0019, R:0.0007, S:0.0001, T:0.0112, U:0.0001, V:0.0087, W:0.0001, X:0.0020, Y:0.0152, Z:0.0001, a:0.1103, b:0.0001, c:0.0008, d:0.0001, e:0.0001, f:0.0001, g:0.0346, h:0.0001, i:0.5135, j:0.0383, k:0.0001, l:0.0412, m:0.0001, n:0.0001, o:0.0001, p:0.0001, q:0.0001, r:0.0120, s:0.0086, t:0.0073, u:0.0001, v:0.0015, w:0.0001, x:0.0035, y:0.0016, z:0.0023}
result = 44 (i)
entropy = 1.991503

CIFAR10 label 2 (bird) -> EMNIST client_18
training labels = [0(0), 1(1), 2(2), 5(5), 6(6), 9(9), 10(A), 14(E), 15(F), 16(G), 17(H), 20(K), 22(M), 24(O), 28(S), 32(W), 33(X), 34(Y), 36(a), 42(g), 44(i), 46(k), 47(l), 48(m), 49(n), 50(o), 53(r), 54(s), 55(t), 57(v), 58(w), 61(z)]
distribution = {0:0.0034, 1:0.0014, 2:0.0719, 3:0.0000, 4:0.0000, 5:0.0000, 6:0.0193, 7:0.0000, 8:0.0000, 9:0.1238, A:0.0000, B:0.0000, C:0.0000, D:0.0000, E:0.0068, F:0.0022, G:0.0000, H:0.0000, I:0.0000, J:0.0000, K:0.0000, L:0.0000, M:0.0000, N:0.0000, O:0.0028, P:0.0000, Q:0.0000, R:0.0000, S:0.1818, T:0.0000, U:0.0000, V:0.0000, W:0.0003, X:0.0000, Y:0.0010, Z:0.0000, a:0.0003, b:0.0000, c:0.0000, d:0.0000, e:0.0000, f:0.0000, g:0.0136, h:0.0000, i:0.0641, j:0.0000, k:0.0000, l:0.0006, m:0.0000, n:0.0001, o:0.0073, p:0.0000, q:0.0000, r:0.0070, s:0.0000, t:0.2364, u:0.0000, v:0.0000, w:0.0000, x:0.0000, y:0.0000, z:0.2556}
result = 61 (z)
entropy = 1.939872

CIFAR10 label 2 (bird) -> EMNIST client_19
training labels = [0(0), 1(1), 2(2), 3(3), 4(4), 5(5), 6(6), 7(7), 8(8), 9(9), 10(A), 11(B), 12(C), 13(D), 14(E), 15(F), 16(G), 17(H), 18(I), 19(J), 20(K), 21(L), 22(M), 23(N), 24(O), 25(P), 26(Q), 27(R), 28(S), 29(T), 30(U), 31(V), 32(W), 33(X), 34(Y), 35(Z), 36(a), 37(b), 38(c), 39(d), 40(e), 41(f), 42(g), 43(h), 44(i), 45(j), 46(k), 47(l), 48(m), 49(n), 50(o), 51(p), 52(q), 53(r), 54(s), 55(t), 56(u), 57(v), 58(w), 59(x), 60(y), 61(z)]
distribution = {0:0.0000, 1:0.0537, 2:0.0004, 3:0.0000, 4:0.0079, 5:0.0067, 6:0.0054, 7:0.1827, 8:0.0000, 9:0.0011, A:0.0155, B:0.0197, C:0.0174, D:0.0000, E:0.0000, F:0.0000, G:0.0000, H:0.0002, I:0.0134, J:0.0000, K:0.0113, L:0.0160, M:0.0000, N:0.0000, O:0.0217, P:0.0106, Q:0.0000, R:0.0001, S:0.0000, T:0.0184, U:0.0000, V:0.0000, W:0.0000, X:0.0023, Y:0.0015, Z:0.0006, a:0.0005, b:0.0000, c:0.0087, d:0.0001, e:0.0127, f:0.0259, g:0.0002, h:0.0072, i:0.0082, j:0.0073, k:0.0000, l:0.3657, m:0.0053, n:0.0486, o:0.0000, p:0.0057, q:0.0044, r:0.0217, s:0.0000, t:0.0206, u:0.0016, v:0.0172, w:0.0000, x:0.0082, y:0.0230, z:0.0004}
result = 47 (l)
entropy = 2.479614

CIFAR10 label 3 (cat) -> EMNIST client_10
training labels = [1(1), 3(3), 4(4), 5(5), 7(7), 8(8), 9(9), 10(A), 12(C), 14(E), 16(G), 19(J), 24(O), 25(P), 26(Q), 27(R), 29(T), 31(V), 32(W), 38(c), 43(h), 47(l), 52(q), 53(r), 54(s), 56(u), 59(x), 61(z)]
distribution = {0:0.0000, 1:0.1532, 2:0.0000, 3:0.0046, 4:0.3993, 5:0.0001, 6:0.0000, 7:0.0824, 8:0.0170, 9:0.0040, A:0.0078, B:0.0000, C:0.0039, D:0.0000, E:0.0493, F:0.0000, G:0.0092, H:0.0000, I:0.0000, J:0.0017, K:0.0000, L:0.0000, M:0.0000, N:0.0000, O:0.0026, P:0.0134, Q:0.0035, R:0.1114, S:0.0000, T:0.0341, U:0.0000, V:0.0006, W:0.0087, X:0.0000, Y:0.0000, Z:0.0000, a:0.0000, b:0.0000, c:0.0010, d:0.0000, e:0.0000, f:0.0000, g:0.0000, h:0.0021, i:0.0001, j:0.0000, k:0.0000, l:0.0005, m:0.0000, n:0.0000, o:0.0000, p:0.0000, q:0.0501, r:0.0067, s:0.0004, t:0.0000, u:0.0072, v:0.0000, w:0.0000, x:0.0140, y:0.0000, z:0.0102}
result = 4 (4)
entropy = 2.100425

CIFAR10 label 3 (cat) -> EMNIST client_11
training labels = [0(0), 1(1), 2(2), 3(3), 4(4), 6(6), 7(7), 8(8), 9(9), 10(A), 12(C), 13(D), 15(F), 18(I), 19(J), 20(K), 22(M), 24(O), 27(R), 28(S), 30(U), 33(X), 35(Z), 36(a), 37(b), 38(c), 41(f), 45(j), 47(l), 50(o), 53(r), 54(s)]
distribution = {0:0.0041, 1:0.0000, 2:0.0001, 3:0.0000, 4:0.0000, 5:0.0000, 6:0.1247, 7:0.0000, 8:0.0000, 9:0.0000, A:0.0027, B:0.0000, C:0.0000, D:0.0103, E:0.0000, F:0.0000, G:0.0000, H:0.0000, I:0.0000, J:0.0000, K:0.0000, L:0.0000, M:0.0096, N:0.0000, O:0.0024, P:0.0000, Q:0.0000, R:0.0000, S:0.0000, T:0.0000, U:0.0015, V:0.0000, W:0.0000, X:0.0000, Y:0.0000, Z:0.0000, a:0.0015, b:0.0678, c:0.0000, d:0.0000, e:0.0000, f:0.0000, g:0.0000, h:0.0000, i:0.0000, j:0.0000, k:0.0000, l:0.0000, m:0.0000, n:0.0000, o:0.7751, p:0.0000, q:0.0000, r:0.0000, s:0.0002, t:0.0000, u:0.0000, v:0.0000, w:0.0000, x:0.0000, y:0.0000, z:0.0000}
result = 50 (o)
entropy = 0.806487

CIFAR10 label 3 (cat) -> EMNIST client_12
training labels = [0(0), 2(2), 3(3), 4(4), 5(5), 6(6), 7(7), 8(8), 9(9), 11(B), 13(D), 15(F), 17(H), 23(N), 25(P), 27(R), 28(S), 37(b), 38(c), 40(e), 41(f), 42(g), 43(h), 45(j), 47(l), 48(m), 51(p), 52(q), 55(t), 59(x), 61(z)]
distribution = {0:0.0015, 1:0.0000, 2:0.0000, 3:0.0000, 4:0.0000, 5:0.0000, 6:0.2370, 7:0.0000, 8:0.7598, 9:0.0000, A:0.0000, B:0.0000, C:0.0000, D:0.0000, E:0.0000, F:0.0000, G:0.0000, H:0.0000, I:0.0000, J:0.0000, K:0.0000, L:0.0000, M:0.0000, N:0.0000, O:0.0000, P:0.0000, Q:0.0000, R:0.0000, S:0.0000, T:0.0000, U:0.0000, V:0.0000, W:0.0000, X:0.0000, Y:0.0000, Z:0.0000, a:0.0000, b:0.0000, c:0.0000, d:0.0000, e:0.0000, f:0.0000, g:0.0017, h:0.0000, i:0.0000, j:0.0000, k:0.0000, l:0.0000, m:0.0000, n:0.0000, o:0.0000, p:0.0000, q:0.0000, r:0.0000, s:0.0000, t:0.0000, u:0.0000, v:0.0000, w:0.0000, x:0.0000, y:0.0000, z:0.0000}
result = 8 (8)
entropy = 0.570880

CIFAR10 label 3 (cat) -> EMNIST client_13
training labels = [1(1), 3(3), 5(5), 7(7), 8(8), 9(9), 10(A), 11(B), 13(D), 16(G), 17(H), 18(I), 20(K), 21(L), 22(M), 25(P), 26(Q), 28(S), 30(U), 32(W), 33(X), 35(Z), 37(b), 38(c), 39(d), 40(e), 41(f), 42(g), 45(j), 46(k), 47(l), 48(m), 50(o), 51(p), 52(q), 53(r), 54(s), 55(t), 56(u), 57(v), 58(w), 59(x), 60(y)]
distribution = {0:0.0000, 1:0.0002, 2:0.0000, 3:0.0126, 4:0.0000, 5:0.0000, 6:0.0000, 7:0.0003, 8:0.0960, 9:0.0114, A:0.0000, B:0.0017, C:0.0000, D:0.0090, E:0.0000, F:0.0000, G:0.0158, H:0.0027, I:0.0192, J:0.0000, K:0.0055, L:0.0000, M:0.0871, N:0.0000, O:0.0000, P:0.0005, Q:0.6101, R:0.0000, S:0.0005, T:0.0000, U:0.0395, V:0.0000, W:0.0185, X:0.0000, Y:0.0000, Z:0.0004, a:0.0000, b:0.0046, c:0.0000, d:0.0149, e:0.0001, f:0.0000, g:0.0107, h:0.0000, i:0.0000, j:0.0028, k:0.0000, l:0.0000, m:0.0045, n:0.0000, o:0.0177, p:0.0028, q:0.0001, r:0.0000, s:0.0009, t:0.0029, u:0.0013, v:0.0000, w:0.0054, x:0.0000, y:0.0001, z:0.0000}
result = 26 (Q)
entropy = 1.629668

CIFAR10 label 3 (cat) -> EMNIST client_14
training labels = [2(2), 3(3), 4(4), 5(5), 6(6), 11(B), 16(G), 17(H), 18(I), 20(K), 21(L), 23(N), 26(Q), 31(V), 32(W), 33(X), 34(Y), 37(b), 38(c), 39(d), 40(e), 41(f), 47(l), 49(n), 52(q), 53(r), 54(s), 60(y), 61(z)]
distribution = {0:0.0000, 1:0.0000, 2:0.0031, 3:0.3546, 4:0.0000, 5:0.0001, 6:0.0000, 7:0.0000, 8:0.0000, 9:0.0000, A:0.0000, B:0.3008, C:0.0000, D:0.0000, E:0.0000, F:0.0000, G:0.0001, H:0.0005, I:0.1743, J:0.0000, K:0.0000, L:0.0000, M:0.0000, N:0.0000, O:0.0000, P:0.0000, Q:0.0016, R:0.0000, S:0.0000, T:0.0000, U:0.0000, V:0.0000, W:0.0000, X:0.0099, Y:0.0405, Z:0.0000, a:0.0000, b:0.0001, c:0.0000, d:0.0058, e:0.0001, f:0.0000, g:0.0000, h:0.0000, i:0.0000, j:0.0000, k:0.0000, l:0.0015, m:0.0000, n:0.0054, o:0.0000, p:0.0000, q:0.0183, r:0.0000, s:0.0003, t:0.0000, u:0.0000, v:0.0000, w:0.0000, x:0.0000, y:0.0078, z:0.0752}
result = 3 (3)
entropy = 1.620646

CIFAR10 label 3 (cat) -> EMNIST client_15
training labels = [2(2), 4(4), 5(5), 6(6), 7(7), 8(8), 9(9), 11(B), 12(C), 16(G), 17(H), 19(J), 21(L), 22(M), 23(N), 24(O), 25(P), 26(Q), 27(R), 29(T), 33(X), 34(Y), 36(a), 39(d), 40(e), 41(f), 43(h), 46(k), 51(p), 52(q), 53(r), 56(u), 57(v), 58(w), 59(x), 60(y), 61(z)]
distribution = {0:0.0000, 1:0.0000, 2:0.0000, 3:0.0000, 4:0.0000, 5:0.0000, 6:0.0000, 7:0.0000, 8:0.0636, 9:0.0704, A:0.0000, B:0.0000, C:0.0000, D:0.0000, E:0.0000, F:0.0000, G:0.0000, H:0.0000, I:0.0000, J:0.0000, K:0.0000, L:0.0000, M:0.0000, N:0.0000, O:0.0000, P:0.0000, Q:0.8335, R:0.0000, S:0.0000, T:0.0000, U:0.0000, V:0.0000, W:0.0000, X:0.0000, Y:0.0323, Z:0.0000, a:0.0000, b:0.0000, c:0.0000, d:0.0000, e:0.0000, f:0.0000, g:0.0000, h:0.0000, i:0.0000, j:0.0000, k:0.0000, l:0.0000, m:0.0000, n:0.0000, o:0.0000, p:0.0000, q:0.0000, r:0.0000, s:0.0000, t:0.0000, u:0.0000, v:0.0000, w:0.0000, x:0.0000, y:0.0000, z:0.0000}
result = 26 (Q)
entropy = 0.626480

CIFAR10 label 3 (cat) -> EMNIST client_16
training labels = [0(0), 2(2), 4(4), 5(5), 6(6), 7(7), 8(8), 9(9), 10(A), 11(B), 12(C), 14(E), 15(F), 21(L), 25(P), 27(R), 30(U), 32(W), 37(b), 38(c), 40(e), 43(h), 44(i), 46(k), 47(l), 49(n), 50(o), 53(r), 54(s), 55(t), 56(u)]
distribution = {0:0.0006, 1:0.0000, 2:0.2341, 3:0.0000, 4:0.0011, 5:0.0127, 6:0.0003, 7:0.0085, 8:0.1293, 9:0.0003, A:0.0167, B:0.0040, C:0.0093, D:0.0000, E:0.1125, F:0.1066, G:0.0000, H:0.0000, I:0.0000, J:0.0000, K:0.0000, L:0.0081, M:0.0000, N:0.0000, O:0.0000, P:0.0099, Q:0.0000, R:0.0075, S:0.0000, T:0.0000, U:0.0001, V:0.0000, W:0.0004, X:0.0000, Y:0.0000, Z:0.0000, a:0.0000, b:0.0039, c:0.0005, d:0.0000, e:0.0021, f:0.0000, g:0.0000, h:0.0468, i:0.0262, j:0.0000, k:0.0010, l:0.0215, m:0.0000, n:0.0025, o:0.0297, p:0.0000, q:0.0000, r:0.0791, s:0.0308, t:0.0666, u:0.0270, v:0.0000, w:0.0000, x:0.0000, y:0.0000, z:0.0000}
result = 2 (2)
entropy = 2.536085

CIFAR10 label 3 (cat) -> EMNIST client_17
training labels = [0(0), 1(1), 2(2), 3(3), 5(5), 8(8), 9(9), 10(A), 14(E), 15(F), 19(J), 20(K), 21(L), 23(N), 25(P), 26(Q), 27(R), 29(T), 31(V), 33(X), 34(Y), 36(a), 38(c), 42(g), 44(i), 45(j), 47(l), 53(r), 54(s), 55(t), 57(v), 59(x), 60(y), 61(z)]
distribution = {0:0.1250, 1:0.0086, 2:0.0022, 3:0.0047, 4:0.0004, 5:0.0131, 6:0.0003, 7:0.0004, 8:0.0002, 9:0.0017, A:0.0067, B:0.0003, C:0.0003, D:0.0003, E:0.0099, F:0.0025, G:0.0004, H:0.0004, I:0.0004, J:0.0375, K:0.0026, L:0.0121, M:0.0004, N:0.0198, O:0.0004, P:0.0021, Q:0.0005, R:0.0010, S:0.0003, T:0.0036, U:0.0004, V:0.0119, W:0.0004, X:0.0747, Y:0.0028, Z:0.0003, a:0.0699, b:0.0004, c:0.0076, d:0.0004, e:0.0004, f:0.0004, g:0.0416, h:0.0004, i:0.3288, j:0.0521, k:0.0003, l:0.0217, m:0.0004, n:0.0004, o:0.0003, p:0.0004, q:0.0003, r:0.0147, s:0.0420, t:0.0057, u:0.0003, v:0.0081, w:0.0003, x:0.0444, y:0.0024, z:0.0076}
result = 44 (i)
entropy = 2.571954

CIFAR10 label 3 (cat) -> EMNIST client_18
training labels = [0(0), 1(1), 2(2), 5(5), 6(6), 9(9), 10(A), 14(E), 15(F), 16(G), 17(H), 20(K), 22(M), 24(O), 28(S), 32(W), 33(X), 34(Y), 36(a), 42(g), 44(i), 46(k), 47(l), 48(m), 49(n), 50(o), 53(r), 54(s), 55(t), 57(v), 58(w), 61(z)]
distribution = {0:0.0021, 1:0.0068, 2:0.2191, 3:0.0000, 4:0.0000, 5:0.0000, 6:0.0122, 7:0.0000, 8:0.0000, 9:0.0059, A:0.0000, B:0.0000, C:0.0000, D:0.0000, E:0.0141, F:0.0031, G:0.0000, H:0.0000, I:0.0000, J:0.0000, K:0.0020, L:0.0000, M:0.0000, N:0.0000, O:0.0013, P:0.0000, Q:0.0000, R:0.0000, S:0.1837, T:0.0000, U:0.0000, V:0.0000, W:0.0024, X:0.0000, Y:0.0003, Z:0.0000, a:0.0003, b:0.0000, c:0.0000, d:0.0000, e:0.0000, f:0.0000, g:0.0025, h:0.0000, i:0.0936, j:0.0000, k:0.0009, l:0.0027, m:0.0000, n:0.0001, o:0.0056, p:0.0000, q:0.0000, r:0.0123, s:0.0000, t:0.1557, u:0.0000, v:0.0000, w:0.0000, x:0.0000, y:0.0000, z:0.2732}
result = 61 (z)
entropy = 1.880350

CIFAR10 label 3 (cat) -> EMNIST client_19
training labels = [0(0), 1(1), 2(2), 3(3), 4(4), 5(5), 6(6), 7(7), 8(8), 9(9), 10(A), 11(B), 12(C), 13(D), 14(E), 15(F), 16(G), 17(H), 18(I), 19(J), 20(K), 21(L), 22(M), 23(N), 24(O), 25(P), 26(Q), 27(R), 28(S), 29(T), 30(U), 31(V), 32(W), 33(X), 34(Y), 35(Z), 36(a), 37(b), 38(c), 39(d), 40(e), 41(f), 42(g), 43(h), 44(i), 45(j), 46(k), 47(l), 48(m), 49(n), 50(o), 51(p), 52(q), 53(r), 54(s), 55(t), 56(u), 57(v), 58(w), 59(x), 60(y), 61(z)]
distribution = {0:0.0000, 1:0.0173, 2:0.0008, 3:0.0008, 4:0.0287, 5:0.0135, 6:0.0093, 7:0.1320, 8:0.0007, 9:0.0012, A:0.0258, B:0.1956, C:0.0163, D:0.0000, E:0.0000, F:0.0000, G:0.0000, H:0.0012, I:0.0074, J:0.0000, K:0.0101, L:0.0276, M:0.0003, N:0.0000, O:0.0336, P:0.0098, Q:0.0002, R:0.0005, S:0.0000, T:0.0191, U:0.0002, V:0.0000, W:0.0004, X:0.0008, Y:0.0022, Z:0.0014, a:0.0006, b:0.0000, c:0.0082, d:0.0001, e:0.0122, f:0.0331, g:0.0014, h:0.0063, i:0.0024, j:0.0049, k:0.0030, l:0.1989, m:0.0156, n:0.0393, o:0.0000, p:0.0064, q:0.0120, r:0.0128, s:0.0000, t:0.0222, u:0.0018, v:0.0147, w:0.0000, x:0.0054, y:0.0415, z:0.0003}
result = 47 (l)
entropy = 2.799358

CIFAR10 label 4 (deer) -> EMNIST client_10
training labels = [1(1), 3(3), 4(4), 5(5), 7(7), 8(8), 9(9), 10(A), 12(C), 14(E), 16(G), 19(J), 24(O), 25(P), 26(Q), 27(R), 29(T), 31(V), 32(W), 38(c), 43(h), 47(l), 52(q), 53(r), 54(s), 56(u), 59(x), 61(z)]
distribution = {0:0.0001, 1:0.1633, 2:0.0001, 3:0.0026, 4:0.1485, 5:0.0009, 6:0.0001, 7:0.0215, 8:0.0010, 9:0.0013, A:0.0029, B:0.0001, C:0.0042, D:0.0001, E:0.0344, F:0.0001, G:0.2052, H:0.0001, I:0.0001, J:0.0024, K:0.0001, L:0.0001, M:0.0001, N:0.0001, O:0.0122, P:0.0034, Q:0.0005, R:0.0308, S:0.0001, T:0.2291, U:0.0001, V:0.0003, W:0.0073, X:0.0001, Y:0.0001, Z:0.0001, a:0.0001, b:0.0001, c:0.0014, d:0.0001, e:0.0001, f:0.0001, g:0.0001, h:0.0011, i:0.0002, j:0.0001, k:0.0001, l:0.0004, m:0.0001, n:0.0001, o:0.0001, p:0.0001, q:0.0617, r:0.0089, s:0.0096, t:0.0001, u:0.0005, v:0.0001, w:0.0001, x:0.0314, y:0.0001, z:0.0098}
result = 29 (T)
entropy = 2.220826

CIFAR10 label 4 (deer) -> EMNIST client_11
training labels = [0(0), 1(1), 2(2), 3(3), 4(4), 6(6), 7(7), 8(8), 9(9), 10(A), 12(C), 13(D), 15(F), 18(I), 19(J), 20(K), 22(M), 24(O), 27(R), 28(S), 30(U), 33(X), 35(Z), 36(a), 37(b), 38(c), 41(f), 45(j), 47(l), 50(o), 53(r), 54(s)]
distribution = {0:0.0002, 1:0.0000, 2:0.0001, 3:0.0000, 4:0.0000, 5:0.0000, 6:0.0000, 7:0.0000, 8:0.0000, 9:0.0000, A:0.0009, B:0.0000, C:0.0000, D:0.0015, E:0.0000, F:0.0000, G:0.0000, H:0.0000, I:0.0000, J:0.0000, K:0.0000, L:0.0000, M:0.0009, N:0.0000, O:0.0024, P:0.0000, Q:0.0000, R:0.0000, S:0.0000, T:0.0000, U:0.0000, V:0.0000, W:0.0000, X:0.0000, Y:0.0000, Z:0.0000, a:0.0004, b:0.0587, c:0.0000, d:0.0000, e:0.0000, f:0.0000, g:0.0000, h:0.0000, i:0.0000, j:0.0000, k:0.0000, l:0.0000, m:0.0000, n:0.0000, o:0.9349, p:0.0000, q:0.0000, r:0.0000, s:0.0001, t:0.0000, u:0.0000, v:0.0000, w:0.0000, x:0.0000, y:0.0000, z:0.0000}
result = 50 (o)
entropy = 0.272525

CIFAR10 label 4 (deer) -> EMNIST client_12
training labels = [0(0), 2(2), 3(3), 4(4), 5(5), 6(6), 7(7), 8(8), 9(9), 11(B), 13(D), 15(F), 17(H), 23(N), 25(P), 27(R), 28(S), 37(b), 38(c), 40(e), 41(f), 42(g), 43(h), 45(j), 47(l), 48(m), 51(p), 52(q), 55(t), 59(x), 61(z)]
distribution = {0:0.0001, 1:0.0000, 2:0.0000, 3:0.0000, 4:0.0001, 5:0.0000, 6:0.3858, 7:0.0000, 8:0.6079, 9:0.0011, A:0.0000, B:0.0000, C:0.0000, D:0.0000, E:0.0000, F:0.0000, G:0.0000, H:0.0000, I:0.0000, J:0.0000, K:0.0000, L:0.0000, M:0.0000, N:0.0000, O:0.0000, P:0.0000, Q:0.0000, R:0.0000, S:0.0000, T:0.0000, U:0.0000, V:0.0000, W:0.0000, X:0.0000, Y:0.0000, Z:0.0000, a:0.0000, b:0.0000, c:0.0000, d:0.0000, e:0.0000, f:0.0000, g:0.0050, h:0.0000, i:0.0000, j:0.0000, k:0.0000, l:0.0000, m:0.0000, n:0.0000, o:0.0000, p:0.0000, q:0.0000, r:0.0000, s:0.0000, t:0.0000, u:0.0000, v:0.0000, w:0.0000, x:0.0000, y:0.0000, z:0.0000}
result = 8 (8)
entropy = 0.705850

CIFAR10 label 4 (deer) -> EMNIST client_13
training labels = [1(1), 3(3), 5(5), 7(7), 8(8), 9(9), 10(A), 11(B), 13(D), 16(G), 17(H), 18(I), 20(K), 21(L), 22(M), 25(P), 26(Q), 28(S), 30(U), 32(W), 33(X), 35(Z), 37(b), 38(c), 39(d), 40(e), 41(f), 42(g), 45(j), 46(k), 47(l), 48(m), 50(o), 51(p), 52(q), 53(r), 54(s), 55(t), 56(u), 57(v), 58(w), 59(x), 60(y)]
distribution = {0:0.0000, 1:0.0010, 2:0.0000, 3:0.0736, 4:0.0000, 5:0.0000, 6:0.0000, 7:0.0011, 8:0.0037, 9:0.0148, A:0.0000, B:0.0034, C:0.0000, D:0.0098, E:0.0000, F:0.0000, G:0.0171, H:0.0006, I:0.0003, J:0.0000, K:0.0004, L:0.0000, M:0.1194, N:0.0000, O:0.0000, P:0.0006, Q:0.5303, R:0.0000, S:0.0000, T:0.0000, U:0.0090, V:0.0000, W:0.0055, X:0.0000, Y:0.0000, Z:0.0018, a:0.0000, b:0.0063, c:0.0000, d:0.0276, e:0.0000, f:0.0000, g:0.1305, h:0.0000, i:0.0000, j:0.0004, k:0.0000, l:0.0000, m:0.0017, n:0.0000, o:0.0006, p:0.0133, q:0.0001, r:0.0000, s:0.0000, t:0.0001, u:0.0265, v:0.0000, w:0.0007, x:0.0000, y:0.0000, z:0.0000}
result = 26 (Q)
entropy = 1.685714

CIFAR10 label 4 (deer) -> EMNIST client_14
training labels = [2(2), 3(3), 4(4), 5(5), 6(6), 11(B), 16(G), 17(H), 18(I), 20(K), 21(L), 23(N), 26(Q), 31(V), 32(W), 33(X), 34(Y), 37(b), 38(c), 39(d), 40(e), 41(f), 47(l), 49(n), 52(q), 53(r), 54(s), 60(y), 61(z)]
distribution = {0:0.0000, 1:0.0000, 2:0.0024, 3:0.2246, 4:0.0000, 5:0.0000, 6:0.0000, 7:0.0000, 8:0.0000, 9:0.0000, A:0.0000, B:0.6280, C:0.0000, D:0.0000, E:0.0000, F:0.0000, G:0.0002, H:0.0007, I:0.0018, J:0.0000, K:0.0000, L:0.0000, M:0.0000, N:0.0000, O:0.0000, P:0.0000, Q:0.0007, R:0.0000, S:0.0000, T:0.0000, U:0.0000, V:0.0000, W:0.0000, X:0.0000, Y:0.0001, Z:0.0000, a:0.0000, b:0.0001, c:0.0000, d:0.0049, e:0.0001, f:0.0000, g:0.0000, h:0.0000, i:0.0000, j:0.0000, k:0.0000, l:0.0000, m:0.0000, n:0.0060, o:0.0000, p:0.0000, q:0.0062, r:0.0000, s:0.0001, t:0.0000, u:0.0000, v:0.0000, w:0.0000, x:0.0000, y:0.0005, z:0.1237}
result = 11 (B)
entropy = 1.019201

CIFAR10 label 4 (deer) -> EMNIST client_15
training labels = [2(2), 4(4), 5(5), 6(6), 7(7), 8(8), 9(9), 11(B), 12(C), 16(G), 17(H), 19(J), 21(L), 22(M), 23(N), 24(O), 25(P), 26(Q), 27(R), 29(T), 33(X), 34(Y), 36(a), 39(d), 40(e), 41(f), 43(h), 46(k), 51(p), 52(q), 53(r), 56(u), 57(v), 58(w), 59(x), 60(y), 61(z)]
distribution = {0:0.0000, 1:0.0000, 2:0.0000, 3:0.0000, 4:0.0000, 5:0.0000, 6:0.0000, 7:0.0000, 8:0.0704, 9:0.0000, A:0.0000, B:0.0000, C:0.0000, D:0.0000, E:0.0000, F:0.0000, G:0.0000, H:0.0000, I:0.0000, J:0.0000, K:0.0000, L:0.0000, M:0.0000, N:0.0000, O:0.0000, P:0.0000, Q:0.7979, R:0.0000, S:0.0000, T:0.0000, U:0.0000, V:0.0000, W:0.0000, X:0.0000, Y:0.1309, Z:0.0000, a:0.0000, b:0.0000, c:0.0000, d:0.0000, e:0.0007, f:0.0000, g:0.0000, h:0.0000, i:0.0000, j:0.0000, k:0.0000, l:0.0000, m:0.0000, n:0.0000, o:0.0000, p:0.0001, q:0.0000, r:0.0000, s:0.0000, t:0.0000, u:0.0000, v:0.0000, w:0.0000, x:0.0000, y:0.0000, z:0.0000}
result = 26 (Q)
entropy = 0.638940

CIFAR10 label 4 (deer) -> EMNIST client_16
training labels = [0(0), 2(2), 4(4), 5(5), 6(6), 7(7), 8(8), 9(9), 10(A), 11(B), 12(C), 14(E), 15(F), 21(L), 25(P), 27(R), 30(U), 32(W), 37(b), 38(c), 40(e), 43(h), 44(i), 46(k), 47(l), 49(n), 50(o), 53(r), 54(s), 55(t), 56(u)]
distribution = {0:0.0005, 1:0.0005, 2:0.0261, 3:0.0006, 4:0.0032, 5:0.0123, 6:0.0020, 7:0.0005, 8:0.0546, 9:0.0014, A:0.0062, B:0.1212, C:0.0257, D:0.0005, E:0.1964, F:0.2106, G:0.0005, H:0.0005, I:0.0005, J:0.0005, K:0.0005, L:0.0188, M:0.0005, N:0.0005, O:0.0004, P:0.0125, Q:0.0005, R:0.0069, S:0.0005, T:0.0005, U:0.0002, V:0.0005, W:0.0004, X:0.0006, Y:0.0005, Z:0.0005, a:0.0005, b:0.0186, c:0.0033, d:0.0005, e:0.0050, f:0.0005, g:0.0005, h:0.0147, i:0.0205, j:0.0005, k:0.0026, l:0.0611, m:0.0005, n:0.0012, o:0.0119, p:0.0005, q:0.0005, r:0.0781, s:0.0104, t:0.0564, u:0.0013, v:0.0005, w:0.0005, x:0.0005, y:0.0004, z:0.0005}
result = 15 (F)
entropy = 2.596237

CIFAR10 label 4 (deer) -> EMNIST client_17
training labels = [0(0), 1(1), 2(2), 3(3), 5(5), 8(8), 9(9), 10(A), 14(E), 15(F), 19(J), 20(K), 21(L), 23(N), 25(P), 26(Q), 27(R), 29(T), 31(V), 33(X), 34(Y), 36(a), 38(c), 42(g), 44(i), 45(j), 47(l), 53(r), 54(s), 55(t), 57(v), 59(x), 60(y), 61(z)]
distribution = {0:0.0022, 1:0.0103, 2:0.0000, 3:0.0008, 4:0.0000, 5:0.0062, 6:0.0000, 7:0.0000, 8:0.0000, 9:0.0009, A:0.0039, B:0.0000, C:0.0000, D:0.0000, E:0.0007, F:0.0028, G:0.0000, H:0.0000, I:0.0000, J:0.0089, K:0.0000, L:0.0000, M:0.0000, N:0.0096, O:0.0000, P:0.0007, Q:0.0000, R:0.0000, S:0.0000, T:0.0087, U:0.0000, V:0.0136, W:0.0000, X:0.0002, Y:0.0144, Z:0.0000, a:0.0197, b:0.0000, c:0.0000, d:0.0000, e:0.0000, f:0.0000, g:0.0988, h:0.0000, i:0.5829, j:0.0205, k:0.0000, l:0.0249, m:0.0000, n:0.0000, o:0.0000, p:0.0000, q:0.0000, r:0.0126, s:0.1366, t:0.0119, u:0.0000, v:0.0002, w:0.0000, x:0.0030, y:0.0015, z:0.0034}
result = 44 (i)
entropy = 1.623516

CIFAR10 label 4 (deer) -> EMNIST client_18
training labels = [0(0), 1(1), 2(2), 5(5), 6(6), 9(9), 10(A), 14(E), 15(F), 16(G), 17(H), 20(K), 22(M), 24(O), 28(S), 32(W), 33(X), 34(Y), 36(a), 42(g), 44(i), 46(k), 47(l), 48(m), 49(n), 50(o), 53(r), 54(s), 55(t), 57(v), 58(w), 61(z)]
distribution = {0:0.0003, 1:0.0559, 2:0.0180, 3:0.0000, 4:0.0000, 5:0.0000, 6:0.0018, 7:0.0000, 8:0.0000, 9:0.0046, A:0.0000, B:0.0000, C:0.0000, D:0.0000, E:0.0046, F:0.0035, G:0.0000, H:0.0000, I:0.0000, J:0.0000, K:0.0011, L:0.0000, M:0.0000, N:0.0000, O:0.0002, P:0.0000, Q:0.0000, R:0.0000, S:0.2352, T:0.0000, U:0.0000, V:0.0000, W:0.0011, X:0.0000, Y:0.0002, Z:0.0000, a:0.0000, b:0.0000, c:0.0000, d:0.0000, e:0.0000, f:0.0000, g:0.0011, h:0.0000, i:0.1314, j:0.0000, k:0.0006, l:0.0100, m:0.0000, n:0.0001, o:0.0031, p:0.0000, q:0.0000, r:0.0371, s:0.0000, t:0.2648, u:0.0000, v:0.0000, w:0.0000, x:0.0000, y:0.0000, z:0.2254}
result = 55 (t)
entropy = 1.828263

CIFAR10 label 4 (deer) -> EMNIST client_19
training labels = [0(0), 1(1), 2(2), 3(3), 4(4), 5(5), 6(6), 7(7), 8(8), 9(9), 10(A), 11(B), 12(C), 13(D), 14(E), 15(F), 16(G), 17(H), 18(I), 19(J), 20(K), 21(L), 22(M), 23(N), 24(O), 25(P), 26(Q), 27(R), 28(S), 29(T), 30(U), 31(V), 32(W), 33(X), 34(Y), 35(Z), 36(a), 37(b), 38(c), 39(d), 40(e), 41(f), 42(g), 43(h), 44(i), 45(j), 46(k), 47(l), 48(m), 49(n), 50(o), 51(p), 52(q), 53(r), 54(s), 55(t), 56(u), 57(v), 58(w), 59(x), 60(y), 61(z)]
distribution = {0:0.0000, 1:0.0403, 2:0.0000, 3:0.0001, 4:0.0146, 5:0.0549, 6:0.0153, 7:0.0565, 8:0.0001, 9:0.0001, A:0.0107, B:0.0221, C:0.0291, D:0.0000, E:0.0000, F:0.0001, G:0.0009, H:0.0000, I:0.0089, J:0.0008, K:0.0044, L:0.0178, M:0.0000, N:0.0000, O:0.0326, P:0.0038, Q:0.0000, R:0.0000, S:0.0002, T:0.0080, U:0.0001, V:0.0000, W:0.0000, X:0.0003, Y:0.0036, Z:0.0002, a:0.0002, b:0.0002, c:0.0112, d:0.0001, e:0.0059, f:0.0289, g:0.0001, h:0.0099, i:0.0065, j:0.0181, k:0.0001, l:0.3078, m:0.0289, n:0.1162, o:0.0000, p:0.0015, q:0.0066, r:0.0135, s:0.0014, t:0.0149, u:0.0011, v:0.0373, w:0.0000, x:0.0023, y:0.0616, z:0.0003}
result = 47 (l)
entropy = 2.711043

CIFAR10 label 5 (dog) -> EMNIST client_10
training labels = [1(1), 3(3), 4(4), 5(5), 7(7), 8(8), 9(9), 10(A), 12(C), 14(E), 16(G), 19(J), 24(O), 25(P), 26(Q), 27(R), 29(T), 31(V), 32(W), 38(c), 43(h), 47(l), 52(q), 53(r), 54(s), 56(u), 59(x), 61(z)]
distribution = {0:0.0000, 1:0.2579, 2:0.0000, 3:0.0029, 4:0.2382, 5:0.0000, 6:0.0000, 7:0.0012, 8:0.0000, 9:0.0001, A:0.0006, B:0.0000, C:0.0014, D:0.0000, E:0.0324, F:0.0000, G:0.1287, H:0.0000, I:0.0000, J:0.1092, K:0.0000, L:0.0000, M:0.0000, N:0.0000, O:0.0003, P:0.0003, Q:0.0002, R:0.0169, S:0.0000, T:0.0056, U:0.0000, V:0.0001, W:0.0075, X:0.0000, Y:0.0000, Z:0.0000, a:0.0000, b:0.0000, c:0.0000, d:0.0000, e:0.0000, f:0.0000, g:0.0000, h:0.0010, i:0.0000, j:0.0000, k:0.0000, l:0.0000, m:0.0000, n:0.0000, o:0.0000, p:0.0000, q:0.1584, r:0.0003, s:0.0000, t:0.0000, u:0.0017, v:0.0000, w:0.0000, x:0.0068, y:0.0000, z:0.0281}
result = 1 (1)
entropy = 1.937851

CIFAR10 label 5 (dog) -> EMNIST client_11
training labels = [0(0), 1(1), 2(2), 3(3), 4(4), 6(6), 7(7), 8(8), 9(9), 10(A), 12(C), 13(D), 15(F), 18(I), 19(J), 20(K), 22(M), 24(O), 27(R), 28(S), 30(U), 33(X), 35(Z), 36(a), 37(b), 38(c), 41(f), 45(j), 47(l), 50(o), 53(r), 54(s)]
distribution = {0:0.0008, 1:0.0000, 2:0.0000, 3:0.0000, 4:0.0000, 5:0.0000, 6:0.0000, 7:0.0000, 8:0.0000, 9:0.0000, A:0.0010, B:0.0000, C:0.0000, D:0.0141, E:0.0000, F:0.0000, G:0.0000, H:0.0000, I:0.0000, J:0.0000, K:0.0000, L:0.0000, M:0.0119, N:0.0000, O:0.0078, P:0.0000, Q:0.0000, R:0.0000, S:0.0000, T:0.0000, U:0.0247, V:0.0000, W:0.0000, X:0.0000, Y:0.0000, Z:0.0000, a:0.0055, b:0.0389, c:0.0000, d:0.0000, e:0.0000, f:0.0000, g:0.0000, h:0.0000, i:0.0000, j:0.0000, k:0.0000, l:0.0000, m:0.0000, n:0.0000, o:0.8954, p:0.0000, q:0.0000, r:0.0000, s:0.0000, t:0.0000, u:0.0000, v:0.0000, w:0.0000, x:0.0000, y:0.0000, z:0.0000}
result = 50 (o)
entropy = 0.508395

CIFAR10 label 5 (dog) -> EMNIST client_12
training labels = [0(0), 2(2), 3(3), 4(4), 5(5), 6(6), 7(7), 8(8), 9(9), 11(B), 13(D), 15(F), 17(H), 23(N), 25(P), 27(R), 28(S), 37(b), 38(c), 40(e), 41(f), 42(g), 43(h), 45(j), 47(l), 48(m), 51(p), 52(q), 55(t), 59(x), 61(z)]
distribution = {0:0.0170, 1:0.0000, 2:0.0000, 3:0.0000, 4:0.0002, 5:0.0000, 6:0.0147, 7:0.0000, 8:0.9604, 9:0.0063, A:0.0000, B:0.0000, C:0.0000, D:0.0000, E:0.0000, F:0.0000, G:0.0000, H:0.0000, I:0.0000, J:0.0000, K:0.0000, L:0.0000, M:0.0000, N:0.0000, O:0.0000, P:0.0000, Q:0.0000, R:0.0000, S:0.0000, T:0.0000, U:0.0000, V:0.0000, W:0.0000, X:0.0000, Y:0.0000, Z:0.0000, a:0.0000, b:0.0000, c:0.0000, d:0.0000, e:0.0000, f:0.0000, g:0.0013, h:0.0000, i:0.0000, j:0.0000, k:0.0000, l:0.0000, m:0.0000, n:0.0000, o:0.0000, p:0.0000, q:0.0000, r:0.0000, s:0.0000, t:0.0000, u:0.0000, v:0.0000, w:0.0000, x:0.0000, y:0.0000, z:0.0000}
result = 8 (8)
entropy = 0.213095

CIFAR10 label 5 (dog) -> EMNIST client_13
training labels = [1(1), 3(3), 5(5), 7(7), 8(8), 9(9), 10(A), 11(B), 13(D), 16(G), 17(H), 18(I), 20(K), 21(L), 22(M), 25(P), 26(Q), 28(S), 30(U), 32(W), 33(X), 35(Z), 37(b), 38(c), 39(d), 40(e), 41(f), 42(g), 45(j), 46(k), 47(l), 48(m), 50(o), 51(p), 52(q), 53(r), 54(s), 55(t), 56(u), 57(v), 58(w), 59(x), 60(y)]
distribution = {0:0.0000, 1:0.0003, 2:0.0000, 3:0.0318, 4:0.0000, 5:0.0000, 6:0.0000, 7:0.0004, 8:0.0004, 9:0.0137, A:0.0000, B:0.0009, C:0.0000, D:0.0028, E:0.0000, F:0.0000, G:0.0680, H:0.0001, I:0.0003, J:0.0000, K:0.0000, L:0.0000, M:0.2949, N:0.0000, O:0.0000, P:0.0003, Q:0.4407, R:0.0000, S:0.0001, T:0.0000, U:0.0009, V:0.0000, W:0.0010, X:0.0000, Y:0.0000, Z:0.0003, a:0.0000, b:0.0014, c:0.0000, d:0.0015, e:0.0000, f:0.0000, g:0.1060, h:0.0000, i:0.0000, j:0.0022, k:0.0000, l:0.0000, m:0.0002, n:0.0000, o:0.0009, p:0.0020, q:0.0001, r:0.0000, s:0.0000, t:0.0001, u:0.0285, v:0.0000, w:0.0000, x:0.0000, y:0.0000, z:0.0000}
result = 26 (Q)
entropy = 1.521578

CIFAR10 label 5 (dog) -> EMNIST client_14
training labels = [2(2), 3(3), 4(4), 5(5), 6(6), 11(B), 16(G), 17(H), 18(I), 20(K), 21(L), 23(N), 26(Q), 31(V), 32(W), 33(X), 34(Y), 37(b), 38(c), 39(d), 40(e), 41(f), 47(l), 49(n), 52(q), 53(r), 54(s), 60(y), 61(z)]
distribution = {0:0.0000, 1:0.0000, 2:0.0076, 3:0.3056, 4:0.0000, 5:0.0000, 6:0.0000, 7:0.0000, 8:0.0000, 9:0.0000, A:0.0000, B:0.4421, C:0.0000, D:0.0000, E:0.0000, F:0.0000, G:0.0007, H:0.0002, I:0.0008, J:0.0000, K:0.0000, L:0.0000, M:0.0000, N:0.0000, O:0.0000, P:0.0000, Q:0.0588, R:0.0000, S:0.0000, T:0.0000, U:0.0000, V:0.0000, W:0.0000, X:0.0000, Y:0.0000, Z:0.0000, a:0.0000, b:0.0000, c:0.0000, d:0.0090, e:0.0003, f:0.0001, g:0.0000, h:0.0000, i:0.0000, j:0.0000, k:0.0000, l:0.0000, m:0.0000, n:0.0067, o:0.0000, p:0.0000, q:0.0424, r:0.0000, s:0.0003, t:0.0000, u:0.0000, v:0.0000, w:0.0000, x:0.0000, y:0.0022, z:0.1231}
result = 11 (B)
entropy = 1.427108

CIFAR10 label 5 (dog) -> EMNIST client_15
training labels = [2(2), 4(4), 5(5), 6(6), 7(7), 8(8), 9(9), 11(B), 12(C), 16(G), 17(H), 19(J), 21(L), 22(M), 23(N), 24(O), 25(P), 26(Q), 27(R), 29(T), 33(X), 34(Y), 36(a), 39(d), 40(e), 41(f), 43(h), 46(k), 51(p), 52(q), 53(r), 56(u), 57(v), 58(w), 59(x), 60(y), 61(z)]
distribution = {0:0.0000, 1:0.0000, 2:0.0000, 3:0.0000, 4:0.0000, 5:0.0000, 6:0.0000, 7:0.0000, 8:0.0143, 9:0.0000, A:0.0000, B:0.0000, C:0.0000, D:0.0000, E:0.0000, F:0.0000, G:0.0000, H:0.0000, I:0.0000, J:0.0000, K:0.0000, L:0.0000, M:0.0000, N:0.0000, O:0.0000, P:0.0000, Q:0.9830, R:0.0000, S:0.0000, T:0.0000, U:0.0000, V:0.0000, W:0.0000, X:0.0000, Y:0.0025, Z:0.0000, a:0.0000, b:0.0000, c:0.0000, d:0.0000, e:0.0001, f:0.0000, g:0.0000, h:0.0000, i:0.0000, j:0.0000, k:0.0000, l:0.0000, m:0.0000, n:0.0000, o:0.0000, p:0.0000, q:0.0000, r:0.0000, s:0.0000, t:0.0000, u:0.0000, v:0.0000, w:0.0000, x:0.0000, y:0.0000, z:0.0000}
result = 26 (Q)
entropy = 0.094091

CIFAR10 label 5 (dog) -> EMNIST client_16
training labels = [0(0), 2(2), 4(4), 5(5), 6(6), 7(7), 8(8), 9(9), 10(A), 11(B), 12(C), 14(E), 15(F), 21(L), 25(P), 27(R), 30(U), 32(W), 37(b), 38(c), 40(e), 43(h), 44(i), 46(k), 47(l), 49(n), 50(o), 53(r), 54(s), 55(t), 56(u)]
distribution = {0:0.0000, 1:0.0000, 2:0.3669, 3:0.0000, 4:0.0002, 5:0.0013, 6:0.0166, 7:0.0028, 8:0.2959, 9:0.0022, A:0.0034, B:0.0136, C:0.0009, D:0.0000, E:0.0021, F:0.0730, G:0.0000, H:0.0000, I:0.0000, J:0.0000, K:0.0000, L:0.0065, M:0.0000, N:0.0000, O:0.0000, P:0.0010, Q:0.0000, R:0.0026, S:0.0000, T:0.0000, U:0.0000, V:0.0000, W:0.0015, X:0.0000, Y:0.0000, Z:0.0000, a:0.0000, b:0.0928, c:0.0000, d:0.0000, e:0.0005, f:0.0000, g:0.0000, h:0.0286, i:0.0041, j:0.0000, k:0.0011, l:0.0075, m:0.0000, n:0.0006, o:0.0025, p:0.0000, q:0.0000, r:0.0074, s:0.0029, t:0.0608, u:0.0007, v:0.0000, w:0.0000, x:0.0000, y:0.0000, z:0.0000}
result = 2 (2)
entropy = 1.830887

CIFAR10 label 5 (dog) -> EMNIST client_17
training labels = [0(0), 1(1), 2(2), 3(3), 5(5), 8(8), 9(9), 10(A), 14(E), 15(F), 19(J), 20(K), 21(L), 23(N), 25(P), 26(Q), 27(R), 29(T), 31(V), 33(X), 34(Y), 36(a), 38(c), 42(g), 44(i), 45(j), 47(l), 53(r), 54(s), 55(t), 57(v), 59(x), 60(y), 61(z)]
distribution = {0:0.0250, 1:0.0076, 2:0.0007, 3:0.0221, 4:0.0000, 5:0.0977, 6:0.0000, 7:0.0000, 8:0.0002, 9:0.0015, A:0.0252, B:0.0000, C:0.0000, D:0.0000, E:0.0006, F:0.0063, G:0.0000, H:0.0000, I:0.0000, J:0.0936, K:0.0001, L:0.0007, M:0.0000, N:0.0108, O:0.0000, P:0.0047, Q:0.0096, R:0.0001, S:0.0000, T:0.0053, U:0.0000, V:0.0108, W:0.0000, X:0.0016, Y:0.0043, Z:0.0000, a:0.0909, b:0.0000, c:0.0001, d:0.0000, e:0.0000, f:0.0000, g:0.1360, h:0.0000, i:0.2317, j:0.0789, k:0.0000, l:0.0155, m:0.0000, n:0.0000, o:0.0000, p:0.0000, q:0.0000, r:0.0184, s:0.0743, t:0.0063, u:0.0000, v:0.0040, w:0.0000, x:0.0102, y:0.0041, z:0.0004}
result = 44 (i)
entropy = 2.538780

CIFAR10 label 5 (dog) -> EMNIST client_18
training labels = [0(0), 1(1), 2(2), 5(5), 6(6), 9(9), 10(A), 14(E), 15(F), 16(G), 17(H), 20(K), 22(M), 24(O), 28(S), 32(W), 33(X), 34(Y), 36(a), 42(g), 44(i), 46(k), 47(l), 48(m), 49(n), 50(o), 53(r), 54(s), 55(t), 57(v), 58(w), 61(z)]
distribution = {0:0.0010, 1:0.0147, 2:0.1172, 3:0.0000, 4:0.0000, 5:0.0002, 6:0.0044, 7:0.0000, 8:0.0000, 9:0.1089, A:0.0000, B:0.0000, C:0.0000, D:0.0000, E:0.0840, F:0.0018, G:0.0002, H:0.0000, I:0.0000, J:0.0000, K:0.0001, L:0.0000, M:0.0000, N:0.0000, O:0.0004, P:0.0000, Q:0.0000, R:0.0000, S:0.2071, T:0.0000, U:0.0000, V:0.0000, W:0.0013, X:0.0000, Y:0.0019, Z:0.0000, a:0.0014, b:0.0000, c:0.0000, d:0.0000, e:0.0000, f:0.0000, g:0.0351, h:0.0000, i:0.0951, j:0.0000, k:0.0000, l:0.0013, m:0.0000, n:0.0000, o:0.0057, p:0.0000, q:0.0000, r:0.0074, s:0.0000, t:0.1124, u:0.0000, v:0.0000, w:0.0000, x:0.0000, y:0.0000, z:0.1985}
result = 28 (S)
entropy = 2.150890

CIFAR10 label 5 (dog) -> EMNIST client_19
training labels = [0(0), 1(1), 2(2), 3(3), 4(4), 5(5), 6(6), 7(7), 8(8), 9(9), 10(A), 11(B), 12(C), 13(D), 14(E), 15(F), 16(G), 17(H), 18(I), 19(J), 20(K), 21(L), 22(M), 23(N), 24(O), 25(P), 26(Q), 27(R), 28(S), 29(T), 30(U), 31(V), 32(W), 33(X), 34(Y), 35(Z), 36(a), 37(b), 38(c), 39(d), 40(e), 41(f), 42(g), 43(h), 44(i), 45(j), 46(k), 47(l), 48(m), 49(n), 50(o), 51(p), 52(q), 53(r), 54(s), 55(t), 56(u), 57(v), 58(w), 59(x), 60(y), 61(z)]
distribution = {0:0.0000, 1:0.0343, 2:0.0001, 3:0.0015, 4:0.0781, 5:0.0667, 6:0.0275, 7:0.0539, 8:0.0010, 9:0.0011, A:0.0141, B:0.1584, C:0.0380, D:0.0000, E:0.0000, F:0.0001, G:0.0013, H:0.0000, I:0.0071, J:0.0021, K:0.0019, L:0.0090, M:0.0000, N:0.0000, O:0.0500, P:0.0113, Q:0.0001, R:0.0004, S:0.0012, T:0.0095, U:0.0000, V:0.0000, W:0.0000, X:0.0002, Y:0.0022, Z:0.0007, a:0.0000, b:0.0005, c:0.0138, d:0.0002, e:0.0140, f:0.0265, g:0.0012, h:0.0032, i:0.0060, j:0.0128, k:0.0000, l:0.2319, m:0.0034, n:0.0159, o:0.0000, p:0.0053, q:0.0080, r:0.0056, s:0.0043, t:0.0176, u:0.0003, v:0.0154, w:0.0000, x:0.0011, y:0.0405, z:0.0004}
result = 47 (l)
entropy = 2.799183

CIFAR10 label 6 (frog) -> EMNIST client_10
training labels = [1(1), 3(3), 4(4), 5(5), 7(7), 8(8), 9(9), 10(A), 12(C), 14(E), 16(G), 19(J), 24(O), 25(P), 26(Q), 27(R), 29(T), 31(V), 32(W), 38(c), 43(h), 47(l), 52(q), 53(r), 54(s), 56(u), 59(x), 61(z)]
distribution = {0:0.0002, 1:0.0321, 2:0.0003, 3:0.0027, 4:0.4515, 5:0.0007, 6:0.0002, 7:0.0174, 8:0.0008, 9:0.0139, A:0.0461, B:0.0002, C:0.0062, D:0.0002, E:0.0735, F:0.0003, G:0.0110, H:0.0002, I:0.0002, J:0.0056, K:0.0002, L:0.0002, M:0.0002, N:0.0002, O:0.0158, P:0.0398, Q:0.0404, R:0.0401, S:0.0002, T:0.0411, U:0.0002, V:0.0038, W:0.0153, X:0.0002, Y:0.0002, Z:0.0002, a:0.0002, b:0.0002, c:0.0020, d:0.0002, e:0.0003, f:0.0002, g:0.0003, h:0.0056, i:0.0003, j:0.0003, k:0.0002, l:0.0011, m:0.0002, n:0.0002, o:0.0002, p:0.0002, q:0.0584, r:0.0171, s:0.0015, t:0.0002, u:0.0069, v:0.0003, w:0.0002, x:0.0286, y:0.0002, z:0.0134}
result = 4 (4)
entropy = 2.291579

CIFAR10 label 6 (frog) -> EMNIST client_11
training labels = [0(0), 1(1), 2(2), 3(3), 4(4), 6(6), 7(7), 8(8), 9(9), 10(A), 12(C), 13(D), 15(F), 18(I), 19(J), 20(K), 22(M), 24(O), 27(R), 28(S), 30(U), 33(X), 35(Z), 36(a), 37(b), 38(c), 41(f), 45(j), 47(l), 50(o), 53(r), 54(s)]
distribution = {0:0.0001, 1:0.0000, 2:0.0000, 3:0.0000, 4:0.0000, 5:0.0000, 6:0.0000, 7:0.0000, 8:0.0000, 9:0.0000, A:0.0000, B:0.0000, C:0.0000, D:0.0000, E:0.0000, F:0.0000, G:0.0000, H:0.0000, I:0.0000, J:0.0000, K:0.0000, L:0.0000, M:0.0000, N:0.0000, O:0.0008, P:0.0000, Q:0.0000, R:0.0000, S:0.0000, T:0.0000, U:0.0000, V:0.0000, W:0.0000, X:0.0000, Y:0.0000, Z:0.0000, a:0.0003, b:0.0000, c:0.0000, d:0.0000, e:0.0000, f:0.0000, g:0.0000, h:0.0000, i:0.0000, j:0.0000, k:0.0000, l:0.0000, m:0.0000, n:0.0000, o:0.9988, p:0.0000, q:0.0000, r:0.0000, s:0.0000, t:0.0000, u:0.0000, v:0.0000, w:0.0000, x:0.0000, y:0.0000, z:0.0000}
result = 50 (o)
entropy = 0.010513

CIFAR10 label 6 (frog) -> EMNIST client_12
training labels = [0(0), 2(2), 3(3), 4(4), 5(5), 6(6), 7(7), 8(8), 9(9), 11(B), 13(D), 15(F), 17(H), 23(N), 25(P), 27(R), 28(S), 37(b), 38(c), 40(e), 41(f), 42(g), 43(h), 45(j), 47(l), 48(m), 51(p), 52(q), 55(t), 59(x), 61(z)]
distribution = {0:0.0000, 1:0.0000, 2:0.0000, 3:0.0000, 4:0.0000, 5:0.0000, 6:0.2265, 7:0.0000, 8:0.7733, 9:0.0000, A:0.0000, B:0.0000, C:0.0000, D:0.0000, E:0.0000, F:0.0000, G:0.0000, H:0.0000, I:0.0000, J:0.0000, K:0.0000, L:0.0000, M:0.0000, N:0.0000, O:0.0000, P:0.0000, Q:0.0000, R:0.0000, S:0.0000, T:0.0000, U:0.0000, V:0.0000, W:0.0000, X:0.0000, Y:0.0000, Z:0.0000, a:0.0000, b:0.0000, c:0.0000, d:0.0000, e:0.0000, f:0.0000, g:0.0001, h:0.0000, i:0.0000, j:0.0000, k:0.0000, l:0.0000, m:0.0000, n:0.0000, o:0.0000, p:0.0000, q:0.0000, r:0.0000, s:0.0000, t:0.0000, u:0.0000, v:0.0000, w:0.0000, x:0.0000, y:0.0000, z:0.0000}
result = 8 (8)
entropy = 0.537189

CIFAR10 label 6 (frog) -> EMNIST client_13
training labels = [1(1), 3(3), 5(5), 7(7), 8(8), 9(9), 10(A), 11(B), 13(D), 16(G), 17(H), 18(I), 20(K), 21(L), 22(M), 25(P), 26(Q), 28(S), 30(U), 32(W), 33(X), 35(Z), 37(b), 38(c), 39(d), 40(e), 41(f), 42(g), 45(j), 46(k), 47(l), 48(m), 50(o), 51(p), 52(q), 53(r), 54(s), 55(t), 56(u), 57(v), 58(w), 59(x), 60(y)]
distribution = {0:0.0000, 1:0.0002, 2:0.0000, 3:0.0174, 4:0.0000, 5:0.0000, 6:0.0000, 7:0.0083, 8:0.0013, 9:0.0081, A:0.0000, B:0.0028, C:0.0000, D:0.0226, E:0.0000, F:0.0000, G:0.0021, H:0.0003, I:0.0004, J:0.0000, K:0.0001, L:0.0000, M:0.0506, N:0.0000, O:0.0000, P:0.0009, Q:0.5415, R:0.0000, S:0.0000, T:0.0000, U:0.0574, V:0.0000, W:0.0015, X:0.0000, Y:0.0000, Z:0.0001, a:0.0000, b:0.0009, c:0.0000, d:0.0081, e:0.0000, f:0.0000, g:0.1312, h:0.0000, i:0.0000, j:0.0004, k:0.0000, l:0.0000, m:0.0003, n:0.0000, o:0.0022, p:0.1337, q:0.0001, r:0.0003, s:0.0000, t:0.0004, u:0.0059, v:0.0000, w:0.0007, x:0.0000, y:0.0000, z:0.0000}
result = 26 (Q)
entropy = 1.587674

CIFAR10 label 6 (frog) -> EMNIST client_14
training labels = [2(2), 3(3), 4(4), 5(5), 6(6), 11(B), 16(G), 17(H), 18(I), 20(K), 21(L), 23(N), 26(Q), 31(V), 32(W), 33(X), 34(Y), 37(b), 38(c), 39(d), 40(e), 41(f), 47(l), 49(n), 52(q), 53(r), 54(s), 60(y), 61(z)]
distribution = {0:0.0000, 1:0.0000, 2:0.0031, 3:0.2991, 4:0.0000, 5:0.0000, 6:0.0000, 7:0.0000, 8:0.0000, 9:0.0000, A:0.0000, B:0.5741, C:0.0000, D:0.0000, E:0.0000, F:0.0000, G:0.0001, H:0.0003, I:0.0010, J:0.0000, K:0.0000, L:0.0000, M:0.0000, N:0.0000, O:0.0000, P:0.0000, Q:0.0012, R:0.0000, S:0.0000, T:0.0000, U:0.0000, V:0.0000, W:0.0000, X:0.0000, Y:0.0001, Z:0.0000, a:0.0000, b:0.0001, c:0.0000, d:0.0037, e:0.0000, f:0.0000, g:0.0000, h:0.0000, i:0.0000, j:0.0000, k:0.0000, l:0.0000, m:0.0000, n:0.0034, o:0.0000, p:0.0000, q:0.0095, r:0.0000, s:0.0001, t:0.0000, u:0.0000, v:0.0000, w:0.0000, x:0.0000, y:0.0006, z:0.1037}
result = 11 (B)
entropy = 1.042412

CIFAR10 label 6 (frog) -> EMNIST client_15
training labels = [2(2), 4(4), 5(5), 6(6), 7(7), 8(8), 9(9), 11(B), 12(C), 16(G), 17(H), 19(J), 21(L), 22(M), 23(N), 24(O), 25(P), 26(Q), 27(R), 29(T), 33(X), 34(Y), 36(a), 39(d), 40(e), 41(f), 43(h), 46(k), 51(p), 52(q), 53(r), 56(u), 57(v), 58(w), 59(x), 60(y), 61(z)]
distribution = {0:0.0000, 1:0.0000, 2:0.0000, 3:0.0000, 4:0.0000, 5:0.0000, 6:0.0000, 7:0.0000, 8:0.0991, 9:0.0008, A:0.0000, B:0.0000, C:0.0000, D:0.0000, E:0.0000, F:0.0000, G:0.0000, H:0.0000, I:0.0000, J:0.0000, K:0.0000, L:0.0000, M:0.0000, N:0.0000, O:0.1217, P:0.0000, Q:0.7733, R:0.0000, S:0.0000, T:0.0000, U:0.0000, V:0.0000, W:0.0000, X:0.0000, Y:0.0039, Z:0.0000, a:0.0000, b:0.0000, c:0.0000, d:0.0000, e:0.0010, f:0.0000, g:0.0000, h:0.0000, i:0.0000, j:0.0000, k:0.0000, l:0.0000, m:0.0000, n:0.0000, o:0.0000, p:0.0001, q:0.0000, r:0.0000, s:0.0000, t:0.0000, u:0.0000, v:0.0000, w:0.0000, x:0.0000, y:0.0000, z:0.0000}
result = 26 (Q)
entropy = 0.719912

CIFAR10 label 6 (frog) -> EMNIST client_16
training labels = [0(0), 2(2), 4(4), 5(5), 6(6), 7(7), 8(8), 9(9), 10(A), 11(B), 12(C), 14(E), 15(F), 21(L), 25(P), 27(R), 30(U), 32(W), 37(b), 38(c), 40(e), 43(h), 44(i), 46(k), 47(l), 49(n), 50(o), 53(r), 54(s), 55(t), 56(u)]
distribution = {0:0.0001, 1:0.0010, 2:0.0559, 3:0.0009, 4:0.0048, 5:0.0070, 6:0.0018, 7:0.0001, 8:0.0527, 9:0.0015, A:0.0030, B:0.0030, C:0.0067, D:0.0009, E:0.1659, F:0.3430, G:0.0008, H:0.0009, I:0.0008, J:0.0009, K:0.0008, L:0.0159, M:0.0009, N:0.0008, O:0.0008, P:0.0966, Q:0.0008, R:0.0142, S:0.0010, T:0.0009, U:0.0003, V:0.0008, W:0.0005, X:0.0009, Y:0.0008, Z:0.0008, a:0.0008, b:0.0022, c:0.0017, d:0.0009, e:0.0074, f:0.0008, g:0.0010, h:0.0070, i:0.0512, j:0.0009, k:0.0013, l:0.0441, m:0.0009, n:0.0006, o:0.0033, p:0.0008, q:0.0009, r:0.0293, s:0.0161, t:0.0351, u:0.0012, v:0.0008, w:0.0008, x:0.0009, y:0.0008, z:0.0009}
result = 15 (F)
entropy = 2.390774

CIFAR10 label 6 (frog) -> EMNIST client_17
training labels = [0(0), 1(1), 2(2), 3(3), 5(5), 8(8), 9(9), 10(A), 14(E), 15(F), 19(J), 20(K), 21(L), 23(N), 25(P), 26(Q), 27(R), 29(T), 31(V), 33(X), 34(Y), 36(a), 38(c), 42(g), 44(i), 45(j), 47(l), 53(r), 54(s), 55(t), 57(v), 59(x), 60(y), 61(z)]
distribution = {0:0.0014, 1:0.0131, 2:0.0000, 3:0.0001, 4:0.0000, 5:0.0099, 6:0.0000, 7:0.0000, 8:0.0000, 9:0.0001, A:0.0076, B:0.0000, C:0.0000, D:0.0000, E:0.0392, F:0.0304, G:0.0000, H:0.0000, I:0.0000, J:0.0506, K:0.0002, L:0.0018, M:0.0000, N:0.0023, O:0.0000, P:0.0024, Q:0.0000, R:0.0005, S:0.0000, T:0.0005, U:0.0000, V:0.0018, W:0.0000, X:0.0020, Y:0.1038, Z:0.0000, a:0.0136, b:0.0000, c:0.0081, d:0.0000, e:0.0000, f:0.0000, g:0.0128, h:0.0000, i:0.6274, j:0.0120, k:0.0000, l:0.0142, m:0.0000, n:0.0000, o:0.0000, p:0.0000, q:0.0000, r:0.0271, s:0.0111, t:0.0011, u:0.0000, v:0.0001, w:0.0000, x:0.0038, y:0.0004, z:0.0006}
result = 44 (i)
entropy = 1.586887

CIFAR10 label 6 (frog) -> EMNIST client_18
training labels = [0(0), 1(1), 2(2), 5(5), 6(6), 9(9), 10(A), 14(E), 15(F), 16(G), 17(H), 20(K), 22(M), 24(O), 28(S), 32(W), 33(X), 34(Y), 36(a), 42(g), 44(i), 46(k), 47(l), 48(m), 49(n), 50(o), 53(r), 54(s), 55(t), 57(v), 58(w), 61(z)]
distribution = {0:0.0164, 1:0.0389, 2:0.0222, 3:0.0000, 4:0.0000, 5:0.0002, 6:0.0268, 7:0.0000, 8:0.0000, 9:0.0516, A:0.0000, B:0.0000, C:0.0000, D:0.0000, E:0.0153, F:0.0018, G:0.0002, H:0.0000, I:0.0000, J:0.0000, K:0.0000, L:0.0000, M:0.0000, N:0.0000, O:0.0124, P:0.0000, Q:0.0000, R:0.0000, S:0.3246, T:0.0000, U:0.0000, V:0.0000, W:0.0003, X:0.0000, Y:0.0011, Z:0.0000, a:0.0008, b:0.0000, c:0.0000, d:0.0000, e:0.0000, f:0.0000, g:0.0114, h:0.0000, i:0.1373, j:0.0000, k:0.0000, l:0.0035, m:0.0000, n:0.0001, o:0.0075, p:0.0000, q:0.0000, r:0.0150, s:0.0000, t:0.1833, u:0.0000, v:0.0000, w:0.0000, x:0.0000, y:0.0000, z:0.1296}
result = 28 (S)
entropy = 2.061467

CIFAR10 label 6 (frog) -> EMNIST client_19
training labels = [0(0), 1(1), 2(2), 3(3), 4(4), 5(5), 6(6), 7(7), 8(8), 9(9), 10(A), 11(B), 12(C), 13(D), 14(E), 15(F), 16(G), 17(H), 18(I), 19(J), 20(K), 21(L), 22(M), 23(N), 24(O), 25(P), 26(Q), 27(R), 28(S), 29(T), 30(U), 31(V), 32(W), 33(X), 34(Y), 35(Z), 36(a), 37(b), 38(c), 39(d), 40(e), 41(f), 42(g), 43(h), 44(i), 45(j), 46(k), 47(l), 48(m), 49(n), 50(o), 51(p), 52(q), 53(r), 54(s), 55(t), 56(u), 57(v), 58(w), 59(x), 60(y), 61(z)]
distribution = {0:0.0000, 1:0.0181, 2:0.0013, 3:0.0005, 4:0.0337, 5:0.0133, 6:0.0096, 7:0.1370, 8:0.0003, 9:0.0001, A:0.0707, B:0.1500, C:0.0447, D:0.0000, E:0.0001, F:0.0000, G:0.0000, H:0.0004, I:0.0026, J:0.0000, K:0.0050, L:0.0007, M:0.0000, N:0.0000, O:0.0349, P:0.0054, Q:0.0001, R:0.0003, S:0.0000, T:0.0105, U:0.0000, V:0.0000, W:0.0000, X:0.0004, Y:0.0022, Z:0.0005, a:0.0006, b:0.0000, c:0.0158, d:0.0001, e:0.0495, f:0.0095, g:0.0011, h:0.0081, i:0.0012, j:0.0031, k:0.0000, l:0.1769, m:0.0093, n:0.0302, o:0.0000, p:0.0042, q:0.0094, r:0.0105, s:0.0000, t:0.0047, u:0.0007, v:0.0184, w:0.0005, x:0.0036, y:0.1003, z:0.0001}
result = 47 (l)
entropy = 2.722060

CIFAR10 label 7 (horse) -> EMNIST client_10
training labels = [1(1), 3(3), 4(4), 5(5), 7(7), 8(8), 9(9), 10(A), 12(C), 14(E), 16(G), 19(J), 24(O), 25(P), 26(Q), 27(R), 29(T), 31(V), 32(W), 38(c), 43(h), 47(l), 52(q), 53(r), 54(s), 56(u), 59(x), 61(z)]
distribution = {0:0.0000, 1:0.7216, 2:0.0000, 3:0.0000, 4:0.0004, 5:0.0000, 6:0.0000, 7:0.0000, 8:0.0000, 9:0.0000, A:0.0000, B:0.0000, C:0.0000, D:0.0000, E:0.1201, F:0.0000, G:0.0005, H:0.0000, I:0.0000, J:0.0000, K:0.0000, L:0.0000, M:0.0000, N:0.0000, O:0.0001, P:0.0000, Q:0.0000, R:0.0000, S:0.0000, T:0.1256, U:0.0000, V:0.0000, W:0.0292, X:0.0000, Y:0.0000, Z:0.0000, a:0.0000, b:0.0000, c:0.0000, d:0.0000, e:0.0000, f:0.0000, g:0.0000, h:0.0000, i:0.0000, j:0.0000, k:0.0000, l:0.0003, m:0.0000, n:0.0000, o:0.0000, p:0.0000, q:0.0016, r:0.0003, s:0.0000, t:0.0000, u:0.0002, v:0.0000, w:0.0000, x:0.0000, y:0.0000, z:0.0001}
result = 1 (1)
entropy = 0.880268

CIFAR10 label 7 (horse) -> EMNIST client_11
training labels = [0(0), 1(1), 2(2), 3(3), 4(4), 6(6), 7(7), 8(8), 9(9), 10(A), 12(C), 13(D), 15(F), 18(I), 19(J), 20(K), 22(M), 24(O), 27(R), 28(S), 30(U), 33(X), 35(Z), 36(a), 37(b), 38(c), 41(f), 45(j), 47(l), 50(o), 53(r), 54(s)]
distribution = {0:0.0005, 1:0.0000, 2:0.0003, 3:0.0000, 4:0.0000, 5:0.0000, 6:0.0068, 7:0.0000, 8:0.0000, 9:0.0000, A:0.0185, B:0.0000, C:0.0000, D:0.0137, E:0.0000, F:0.0000, G:0.0000, H:0.0000, I:0.0000, J:0.0000, K:0.0000, L:0.0000, M:0.0319, N:0.0000, O:0.0005, P:0.0000, Q:0.0000, R:0.0000, S:0.0000, T:0.0000, U:0.0237, V:0.0000, W:0.0000, X:0.0000, Y:0.0000, Z:0.0000, a:0.0082, b:0.3272, c:0.0000, d:0.0000, e:0.0000, f:0.0000, g:0.0000, h:0.0000, i:0.0000, j:0.0000, k:0.0000, l:0.0000, m:0.0000, n:0.0000, o:0.5677, p:0.0000, q:0.0000, r:0.0000, s:0.0010, t:0.0000, u:0.0000, v:0.0000, w:0.0000, x:0.0000, y:0.0000, z:0.0000}
result = 50 (o)
entropy = 1.108707

CIFAR10 label 7 (horse) -> EMNIST client_12
training labels = [0(0), 2(2), 3(3), 4(4), 5(5), 6(6), 7(7), 8(8), 9(9), 11(B), 13(D), 15(F), 17(H), 23(N), 25(P), 27(R), 28(S), 37(b), 38(c), 40(e), 41(f), 42(g), 43(h), 45(j), 47(l), 48(m), 51(p), 52(q), 55(t), 59(x), 61(z)]
distribution = {0:0.0001, 1:0.0000, 2:0.0000, 3:0.0000, 4:0.0000, 5:0.0000, 6:0.3844, 7:0.0000, 8:0.5723, 9:0.0000, A:0.0000, B:0.0000, C:0.0000, D:0.0036, E:0.0000, F:0.0000, G:0.0000, H:0.0000, I:0.0000, J:0.0000, K:0.0000, L:0.0000, M:0.0000, N:0.0000, O:0.0000, P:0.0000, Q:0.0000, R:0.0000, S:0.0000, T:0.0000, U:0.0000, V:0.0000, W:0.0000, X:0.0000, Y:0.0000, Z:0.0000, a:0.0000, b:0.0000, c:0.0000, d:0.0000, e:0.0000, f:0.0000, g:0.0396, h:0.0000, i:0.0000, j:0.0000, k:0.0000, l:0.0000, m:0.0000, n:0.0000, o:0.0000, p:0.0000, q:0.0000, r:0.0000, s:0.0000, t:0.0000, u:0.0000, v:0.0000, w:0.0000, x:0.0000, y:0.0000, z:0.0000}
result = 8 (8)
entropy = 0.835994

CIFAR10 label 7 (horse) -> EMNIST client_13
training labels = [1(1), 3(3), 5(5), 7(7), 8(8), 9(9), 10(A), 11(B), 13(D), 16(G), 17(H), 18(I), 20(K), 21(L), 22(M), 25(P), 26(Q), 28(S), 30(U), 32(W), 33(X), 35(Z), 37(b), 38(c), 39(d), 40(e), 41(f), 42(g), 45(j), 46(k), 47(l), 48(m), 50(o), 51(p), 52(q), 53(r), 54(s), 55(t), 56(u), 57(v), 58(w), 59(x), 60(y)]
distribution = {0:0.0000, 1:0.0000, 2:0.0000, 3:0.0024, 4:0.0000, 5:0.0002, 6:0.0000, 7:0.0000, 8:0.0005, 9:0.0001, A:0.0000, B:0.0069, C:0.0000, D:0.0006, E:0.0000, F:0.0000, G:0.1644, H:0.0022, I:0.0000, J:0.0000, K:0.0053, L:0.0000, M:0.0721, N:0.0000, O:0.0000, P:0.0459, Q:0.5602, R:0.0000, S:0.0000, T:0.0000, U:0.0018, V:0.0000, W:0.0486, X:0.0000, Y:0.0000, Z:0.0004, a:0.0000, b:0.0041, c:0.0000, d:0.0021, e:0.0000, f:0.0000, g:0.0004, h:0.0000, i:0.0000, j:0.0007, k:0.0000, l:0.0000, m:0.0053, n:0.0000, o:0.0000, p:0.0739, q:0.0000, r:0.0000, s:0.0000, t:0.0001, u:0.0001, v:0.0000, w:0.0016, x:0.0000, y:0.0000, z:0.0000}
result = 26 (Q)
entropy = 1.492251

CIFAR10 label 7 (horse) -> EMNIST client_14
training labels = [2(2), 3(3), 4(4), 5(5), 6(6), 11(B), 16(G), 17(H), 18(I), 20(K), 21(L), 23(N), 26(Q), 31(V), 32(W), 33(X), 34(Y), 37(b), 38(c), 39(d), 40(e), 41(f), 47(l), 49(n), 52(q), 53(r), 54(s), 60(y), 61(z)]
distribution = {0:0.0000, 1:0.0000, 2:0.0004, 3:0.0978, 4:0.0000, 5:0.0000, 6:0.0000, 7:0.0000, 8:0.0000, 9:0.0000, A:0.0000, B:0.8404, C:0.0000, D:0.0000, E:0.0000, F:0.0000, G:0.0005, H:0.0004, I:0.0002, J:0.0000, K:0.0000, L:0.0000, M:0.0000, N:0.0000, O:0.0000, P:0.0000, Q:0.0383, R:0.0000, S:0.0000, T:0.0000, U:0.0000, V:0.0000, W:0.0000, X:0.0000, Y:0.0000, Z:0.0000, a:0.0000, b:0.0001, c:0.0000, d:0.0060, e:0.0001, f:0.0000, g:0.0000, h:0.0000, i:0.0000, j:0.0000, k:0.0000, l:0.0000, m:0.0000, n:0.0037, o:0.0000, p:0.0000, q:0.0041, r:0.0000, s:0.0000, t:0.0000, u:0.0000, v:0.0000, w:0.0000, x:0.0000, y:0.0002, z:0.0077}
result = 11 (B)
entropy = 0.626085

CIFAR10 label 7 (horse) -> EMNIST client_15
training labels = [2(2), 4(4), 5(5), 6(6), 7(7), 8(8), 9(9), 11(B), 12(C), 16(G), 17(H), 19(J), 21(L), 22(M), 23(N), 24(O), 25(P), 26(Q), 27(R), 29(T), 33(X), 34(Y), 36(a), 39(d), 40(e), 41(f), 43(h), 46(k), 51(p), 52(q), 53(r), 56(u), 57(v), 58(w), 59(x), 60(y), 61(z)]
distribution = {0:0.0000, 1:0.0000, 2:0.0000, 3:0.0000, 4:0.0000, 5:0.0000, 6:0.0000, 7:0.0000, 8:0.2571, 9:0.0000, A:0.0000, B:0.0000, C:0.0000, D:0.0000, E:0.0000, F:0.0000, G:0.0000, H:0.0000, I:0.0000, J:0.0000, K:0.0000, L:0.0000, M:0.0000, N:0.0000, O:0.0000, P:0.0000, Q:0.6131, R:0.0000, S:0.0000, T:0.0000, U:0.0000, V:0.0000, W:0.0000, X:0.0000, Y:0.1296, Z:0.0000, a:0.0000, b:0.0000, c:0.0000, d:0.0000, e:0.0000, f:0.0000, g:0.0000, h:0.0000, i:0.0000, j:0.0000, k:0.0000, l:0.0000, m:0.0000, n:0.0000, o:0.0000, p:0.0001, q:0.0001, r:0.0000, s:0.0000, t:0.0000, u:0.0000, v:0.0000, w:0.0000, x:0.0000, y:0.0000, z:0.0000}
result = 26 (Q)
entropy = 0.915437

CIFAR10 label 7 (horse) -> EMNIST client_16
training labels = [0(0), 2(2), 4(4), 5(5), 6(6), 7(7), 8(8), 9(9), 10(A), 11(B), 12(C), 14(E), 15(F), 21(L), 25(P), 27(R), 30(U), 32(W), 37(b), 38(c), 40(e), 43(h), 44(i), 46(k), 47(l), 49(n), 50(o), 53(r), 54(s), 55(t), 56(u)]
distribution = {0:0.0008, 1:0.0000, 2:0.1503, 3:0.0000, 4:0.0001, 5:0.0070, 6:0.0003, 7:0.0006, 8:0.0084, 9:0.0001, A:0.0007, B:0.0021, C:0.0853, D:0.0000, E:0.1273, F:0.2101, G:0.0000, H:0.0000, I:0.0000, J:0.0000, K:0.0000, L:0.0572, M:0.0000, N:0.0000, O:0.0000, P:0.0046, Q:0.0000, R:0.0336, S:0.0000, T:0.0000, U:0.0000, V:0.0000, W:0.0016, X:0.0000, Y:0.0000, Z:0.0000, a:0.0000, b:0.0061, c:0.0044, d:0.0000, e:0.0009, f:0.0000, g:0.0000, h:0.0638, i:0.0281, j:0.0000, k:0.0006, l:0.0202, m:0.0000, n:0.0007, o:0.0040, p:0.0000, q:0.0000, r:0.1032, s:0.0036, t:0.0700, u:0.0038, v:0.0000, w:0.0000, x:0.0000, y:0.0000, z:0.0000}
result = 15 (F)
entropy = 2.418467

CIFAR10 label 7 (horse) -> EMNIST client_17
training labels = [0(0), 1(1), 2(2), 3(3), 5(5), 8(8), 9(9), 10(A), 14(E), 15(F), 19(J), 20(K), 21(L), 23(N), 25(P), 26(Q), 27(R), 29(T), 31(V), 33(X), 34(Y), 36(a), 38(c), 42(g), 44(i), 45(j), 47(l), 53(r), 54(s), 55(t), 57(v), 59(x), 60(y), 61(z)]
distribution = {0:0.0152, 1:0.0083, 2:0.0016, 3:0.0072, 4:0.0000, 5:0.0219, 6:0.0000, 7:0.0000, 8:0.0003, 9:0.0129, A:0.0052, B:0.0000, C:0.0000, D:0.0000, E:0.0009, F:0.0148, G:0.0000, H:0.0000, I:0.0000, J:0.0117, K:0.0000, L:0.0006, M:0.0000, N:0.0494, O:0.0000, P:0.0152, Q:0.0016, R:0.0017, S:0.0000, T:0.0158, U:0.0000, V:0.0242, W:0.0000, X:0.0015, Y:0.0069, Z:0.0000, a:0.3603, b:0.0001, c:0.0004, d:0.0000, e:0.0000, f:0.0000, g:0.0207, h:0.0000, i:0.1567, j:0.0460, k:0.0000, l:0.0061, m:0.0000, n:0.0000, o:0.0000, p:0.0000, q:0.0000, r:0.1504, s:0.0278, t:0.0079, u:0.0000, v:0.0004, w:0.0000, x:0.0024, y:0.0013, z:0.0016}
result = 36 (a)
entropy = 2.261763

CIFAR10 label 7 (horse) -> EMNIST client_18
training labels = [0(0), 1(1), 2(2), 5(5), 6(6), 9(9), 10(A), 14(E), 15(F), 16(G), 17(H), 20(K), 22(M), 24(O), 28(S), 32(W), 33(X), 34(Y), 36(a), 42(g), 44(i), 46(k), 47(l), 48(m), 49(n), 50(o), 53(r), 54(s), 55(t), 57(v), 58(w), 61(z)]
distribution = {0:0.0024, 1:0.0000, 2:0.1049, 3:0.0000, 4:0.0000, 5:0.0003, 6:0.0027, 7:0.0000, 8:0.0000, 9:0.0142, A:0.0000, B:0.0000, C:0.0000, D:0.0000, E:0.1340, F:0.0053, G:0.0018, H:0.0000, I:0.0000, J:0.0000, K:0.0001, L:0.0000, M:0.0000, N:0.0000, O:0.0013, P:0.0000, Q:0.0000, R:0.0000, S:0.2568, T:0.0000, U:0.0000, V:0.0000, W:0.0019, X:0.0000, Y:0.0002, Z:0.0000, a:0.0038, b:0.0000, c:0.0000, d:0.0000, e:0.0000, f:0.0000, g:0.0151, h:0.0000, i:0.0003, j:0.0000, k:0.0000, l:0.0000, m:0.0000, n:0.0000, o:0.0279, p:0.0000, q:0.0000, r:0.0170, s:0.0000, t:0.2074, u:0.0000, v:0.0000, w:0.0000, x:0.0000, y:0.0000, z:0.2024}
result = 28 (S)
entropy = 1.917288

CIFAR10 label 7 (horse) -> EMNIST client_19
training labels = [0(0), 1(1), 2(2), 3(3), 4(4), 5(5), 6(6), 7(7), 8(8), 9(9), 10(A), 11(B), 12(C), 13(D), 14(E), 15(F), 16(G), 17(H), 18(I), 19(J), 20(K), 21(L), 22(M), 23(N), 24(O), 25(P), 26(Q), 27(R), 28(S), 29(T), 30(U), 31(V), 32(W), 33(X), 34(Y), 35(Z), 36(a), 37(b), 38(c), 39(d), 40(e), 41(f), 42(g), 43(h), 44(i), 45(j), 46(k), 47(l), 48(m), 49(n), 50(o), 51(p), 52(q), 53(r), 54(s), 55(t), 56(u), 57(v), 58(w), 59(x), 60(y), 61(z)]
distribution = {0:0.0000, 1:0.0263, 2:0.0003, 3:0.0007, 4:0.0108, 5:0.0158, 6:0.0159, 7:0.1461, 8:0.0008, 9:0.0021, A:0.0191, B:0.1313, C:0.0153, D:0.0000, E:0.0000, F:0.0000, G:0.0000, H:0.0000, I:0.0111, J:0.0000, K:0.0061, L:0.0099, M:0.0004, N:0.0000, O:0.0519, P:0.0095, Q:0.0000, R:0.0002, S:0.0000, T:0.0222, U:0.0000, V:0.0000, W:0.0000, X:0.0005, Y:0.0025, Z:0.0004, a:0.0000, b:0.0001, c:0.0077, d:0.0001, e:0.0099, f:0.0541, g:0.0006, h:0.0068, i:0.0050, j:0.0081, k:0.0001, l:0.1687, m:0.0838, n:0.0406, o:0.0000, p:0.0060, q:0.0102, r:0.0085, s:0.0000, t:0.0301, u:0.0004, v:0.0192, w:0.0000, x:0.0019, y:0.0386, z:0.0003}
result = 47 (l)
entropy = 2.854169

CIFAR10 label 8 (ship) -> EMNIST client_10
training labels = [1(1), 3(3), 4(4), 5(5), 7(7), 8(8), 9(9), 10(A), 12(C), 14(E), 16(G), 19(J), 24(O), 25(P), 26(Q), 27(R), 29(T), 31(V), 32(W), 38(c), 43(h), 47(l), 52(q), 53(r), 54(s), 56(u), 59(x), 61(z)]
distribution = {0:0.0000, 1:0.1261, 2:0.0000, 3:0.0001, 4:0.2109, 5:0.0000, 6:0.0000, 7:0.0905, 8:0.0000, 9:0.0004, A:0.0000, B:0.0000, C:0.0000, D:0.0000, E:0.0003, F:0.0000, G:0.0000, H:0.0000, I:0.0000, J:0.0000, K:0.0000, L:0.0000, M:0.0000, N:0.0000, O:0.0000, P:0.1346, Q:0.0000, R:0.0004, S:0.0000, T:0.4294, U:0.0000, V:0.0000, W:0.0000, X:0.0000, Y:0.0000, Z:0.0000, a:0.0000, b:0.0000, c:0.0000, d:0.0000, e:0.0000, f:0.0000, g:0.0000, h:0.0000, i:0.0000, j:0.0000, k:0.0000, l:0.0000, m:0.0000, n:0.0000, o:0.0000, p:0.0000, q:0.0070, r:0.0000, s:0.0000, t:0.0000, u:0.0000, v:0.0000, w:0.0000, x:0.0001, y:0.0000, z:0.0001}
result = 29 (T)
entropy = 1.486406

CIFAR10 label 8 (ship) -> EMNIST client_11
training labels = [0(0), 1(1), 2(2), 3(3), 4(4), 6(6), 7(7), 8(8), 9(9), 10(A), 12(C), 13(D), 15(F), 18(I), 19(J), 20(K), 22(M), 24(O), 27(R), 28(S), 30(U), 33(X), 35(Z), 36(a), 37(b), 38(c), 41(f), 45(j), 47(l), 50(o), 53(r), 54(s)]
distribution = {0:0.0001, 1:0.0000, 2:0.0239, 3:0.0000, 4:0.0000, 5:0.0000, 6:0.0001, 7:0.0000, 8:0.0000, 9:0.0000, A:0.0002, B:0.0000, C:0.0000, D:0.0048, E:0.0000, F:0.0000, G:0.0000, H:0.0000, I:0.0000, J:0.0000, K:0.0000, L:0.0000, M:0.0002, N:0.0000, O:0.0010, P:0.0000, Q:0.0000, R:0.0000, S:0.0905, T:0.0000, U:0.0004, V:0.0000, W:0.0000, X:0.0000, Y:0.0000, Z:0.0000, a:0.0088, b:0.0214, c:0.0000, d:0.0000, e:0.0000, f:0.0000, g:0.0000, h:0.0000, i:0.0000, j:0.0000, k:0.0000, l:0.0000, m:0.0000, n:0.0000, o:0.8327, p:0.0000, q:0.0000, r:0.0000, s:0.0157, t:0.0000, u:0.0000, v:0.0000, w:0.0000, x:0.0000, y:0.0000, z:0.0000}
result = 50 (o)
entropy = 0.690783

CIFAR10 label 8 (ship) -> EMNIST client_12
training labels = [0(0), 2(2), 3(3), 4(4), 5(5), 6(6), 7(7), 8(8), 9(9), 11(B), 13(D), 15(F), 17(H), 23(N), 25(P), 27(R), 28(S), 37(b), 38(c), 40(e), 41(f), 42(g), 43(h), 45(j), 47(l), 48(m), 51(p), 52(q), 55(t), 59(x), 61(z)]
distribution = {0:0.0002, 1:0.0000, 2:0.0000, 3:0.0000, 4:0.0000, 5:0.0000, 6:0.2934, 7:0.0000, 8:0.6838, 9:0.0049, A:0.0000, B:0.0000, C:0.0000, D:0.0000, E:0.0000, F:0.0000, G:0.0000, H:0.0000, I:0.0000, J:0.0000, K:0.0000, L:0.0000, M:0.0000, N:0.0000, O:0.0000, P:0.0000, Q:0.0000, R:0.0000, S:0.0000, T:0.0000, U:0.0000, V:0.0000, W:0.0000, X:0.0000, Y:0.0000, Z:0.0000, a:0.0000, b:0.0000, c:0.0000, d:0.0000, e:0.0000, f:0.0000, g:0.0177, h:0.0000, i:0.0000, j:0.0000, k:0.0000, l:0.0000, m:0.0000, n:0.0000, o:0.0000, p:0.0000, q:0.0000, r:0.0000, s:0.0000, t:0.0000, u:0.0000, v:0.0000, w:0.0000, x:0.0000, y:0.0000, z:0.0000}
result = 8 (8)
entropy = 0.718583

CIFAR10 label 8 (ship) -> EMNIST client_13
training labels = [1(1), 3(3), 5(5), 7(7), 8(8), 9(9), 10(A), 11(B), 13(D), 16(G), 17(H), 18(I), 20(K), 21(L), 22(M), 25(P), 26(Q), 28(S), 30(U), 32(W), 33(X), 35(Z), 37(b), 38(c), 39(d), 40(e), 41(f), 42(g), 45(j), 46(k), 47(l), 48(m), 50(o), 51(p), 52(q), 53(r), 54(s), 55(t), 56(u), 57(v), 58(w), 59(x), 60(y)]
distribution = {0:0.0000, 1:0.0002, 2:0.0000, 3:0.1098, 4:0.0000, 5:0.0001, 6:0.0000, 7:0.1255, 8:0.0050, 9:0.0175, A:0.0002, B:0.0061, C:0.0000, D:0.0037, E:0.0000, F:0.0000, G:0.0468, H:0.0031, I:0.0132, J:0.0000, K:0.0004, L:0.0001, M:0.2056, N:0.0000, O:0.0000, P:0.1125, Q:0.1472, R:0.0000, S:0.0760, T:0.0000, U:0.0014, V:0.0000, W:0.0026, X:0.0000, Y:0.0000, Z:0.0015, a:0.0000, b:0.0079, c:0.0000, d:0.0084, e:0.0000, f:0.0000, g:0.0466, h:0.0000, i:0.0000, j:0.0011, k:0.0000, l:0.0000, m:0.0108, n:0.0000, o:0.0009, p:0.0232, q:0.0001, r:0.0000, s:0.0001, t:0.0011, u:0.0205, v:0.0000, w:0.0009, x:0.0000, y:0.0000, z:0.0000}
result = 22 (M)
entropy = 2.428412

CIFAR10 label 8 (ship) -> EMNIST client_14
training labels = [2(2), 3(3), 4(4), 5(5), 6(6), 11(B), 16(G), 17(H), 18(I), 20(K), 21(L), 23(N), 26(Q), 31(V), 32(W), 33(X), 34(Y), 37(b), 38(c), 39(d), 40(e), 41(f), 47(l), 49(n), 52(q), 53(r), 54(s), 60(y), 61(z)]
distribution = {0:0.0000, 1:0.0000, 2:0.0082, 3:0.4485, 4:0.0000, 5:0.0001, 6:0.0000, 7:0.0000, 8:0.0000, 9:0.0000, A:0.0000, B:0.1698, C:0.0000, D:0.0000, E:0.0000, F:0.0000, G:0.0001, H:0.0002, I:0.1250, J:0.0000, K:0.0000, L:0.0000, M:0.0000, N:0.0000, O:0.0000, P:0.0000, Q:0.0006, R:0.0000, S:0.0000, T:0.0000, U:0.0000, V:0.0000, W:0.0000, X:0.0000, Y:0.0002, Z:0.0000, a:0.0000, b:0.0001, c:0.0000, d:0.0034, e:0.0000, f:0.0000, g:0.0000, h:0.0000, i:0.0000, j:0.0000, k:0.0000, l:0.0021, m:0.0000, n:0.0031, o:0.0000, p:0.0000, q:0.0103, r:0.0000, s:0.0006, t:0.0000, u:0.0000, v:0.0000, w:0.0000, x:0.0000, y:0.0007, z:0.2269}
result = 3 (3)
entropy = 1.414677

CIFAR10 label 8 (ship) -> EMNIST client_15
training labels = [2(2), 4(4), 5(5), 6(6), 7(7), 8(8), 9(9), 11(B), 12(C), 16(G), 17(H), 19(J), 21(L), 22(M), 23(N), 24(O), 25(P), 26(Q), 27(R), 29(T), 33(X), 34(Y), 36(a), 39(d), 40(e), 41(f), 43(h), 46(k), 51(p), 52(q), 53(r), 56(u), 57(v), 58(w), 59(x), 60(y), 61(z)]
distribution = {0:0.0000, 1:0.0000, 2:0.0000, 3:0.0000, 4:0.0000, 5:0.0000, 6:0.0011, 7:0.0000, 8:0.2572, 9:0.0033, A:0.0000, B:0.0000, C:0.0000, D:0.0000, E:0.0000, F:0.0000, G:0.0000, H:0.0000, I:0.0000, J:0.0000, K:0.0000, L:0.0000, M:0.0000, N:0.0000, O:0.0661, P:0.0000, Q:0.6514, R:0.0000, S:0.0000, T:0.0000, U:0.0000, V:0.0000, W:0.0000, X:0.0000, Y:0.0145, Z:0.0000, a:0.0003, b:0.0000, c:0.0000, d:0.0000, e:0.0059, f:0.0000, g:0.0000, h:0.0000, i:0.0000, j:0.0000, k:0.0000, l:0.0000, m:0.0000, n:0.0000, o:0.0000, p:0.0000, q:0.0000, r:0.0000, s:0.0000, t:0.0000, u:0.0000, v:0.0000, w:0.0000, x:0.0000, y:0.0000, z:0.0000}
result = 26 (Q)
entropy = 0.929234

CIFAR10 label 8 (ship) -> EMNIST client_16
training labels = [0(0), 2(2), 4(4), 5(5), 6(6), 7(7), 8(8), 9(9), 10(A), 11(B), 12(C), 14(E), 15(F), 21(L), 25(P), 27(R), 30(U), 32(W), 37(b), 38(c), 40(e), 43(h), 44(i), 46(k), 47(l), 49(n), 50(o), 53(r), 54(s), 55(t), 56(u)]
distribution = {0:0.0000, 1:0.0000, 2:0.0172, 3:0.0000, 4:0.0043, 5:0.0025, 6:0.0004, 7:0.0000, 8:0.0140, 9:0.0004, A:0.0012, B:0.0015, C:0.0209, D:0.0000, E:0.0675, F:0.5437, G:0.0000, H:0.0000, I:0.0000, J:0.0000, K:0.0000, L:0.0906, M:0.0000, N:0.0000, O:0.0000, P:0.0122, Q:0.0000, R:0.0029, S:0.0000, T:0.0000, U:0.0002, V:0.0000, W:0.0002, X:0.0000, Y:0.0000, Z:0.0000, a:0.0000, b:0.0017, c:0.0098, d:0.0000, e:0.0182, f:0.0000, g:0.0000, h:0.0228, i:0.0063, j:0.0000, k:0.0010, l:0.0276, m:0.0000, n:0.0000, o:0.0026, p:0.0000, q:0.0000, r:0.0118, s:0.0026, t:0.1130, u:0.0020, v:0.0000, w:0.0000, x:0.0000, y:0.0000, z:0.0000}
result = 15 (F)
entropy = 1.782618

CIFAR10 label 8 (ship) -> EMNIST client_17
training labels = [0(0), 1(1), 2(2), 3(3), 5(5), 8(8), 9(9), 10(A), 14(E), 15(F), 19(J), 20(K), 21(L), 23(N), 25(P), 26(Q), 27(R), 29(T), 31(V), 33(X), 34(Y), 36(a), 38(c), 42(g), 44(i), 45(j), 47(l), 53(r), 54(s), 55(t), 57(v), 59(x), 60(y), 61(z)]
distribution = {0:0.0033, 1:0.0235, 2:0.0000, 3:0.0024, 4:0.0000, 5:0.0075, 6:0.0000, 7:0.0000, 8:0.0001, 9:0.0173, A:0.0045, B:0.0000, C:0.0000, D:0.0000, E:0.0030, F:0.0520, G:0.0000, H:0.0000, I:0.0000, J:0.1391, K:0.0000, L:0.0000, M:0.0000, N:0.0023, O:0.0000, P:0.0437, Q:0.0003, R:0.0006, S:0.0000, T:0.0190, U:0.0000, V:0.0030, W:0.0000, X:0.0005, Y:0.0296, Z:0.0000, a:0.0726, b:0.0000, c:0.0009, d:0.0000, e:0.0000, f:0.0000, g:0.0338, h:0.0000, i:0.4419, j:0.0095, k:0.0000, l:0.0139, m:0.0000, n:0.0000, o:0.0000, p:0.0000, q:0.0000, r:0.0413, s:0.0222, t:0.0091, u:0.0000, v:0.0000, w:0.0000, x:0.0021, y:0.0005, z:0.0004}
result = 44 (i)
entropy = 2.112513

CIFAR10 label 8 (ship) -> EMNIST client_18
training labels = [0(0), 1(1), 2(2), 5(5), 6(6), 9(9), 10(A), 14(E), 15(F), 16(G), 17(H), 20(K), 22(M), 24(O), 28(S), 32(W), 33(X), 34(Y), 36(a), 42(g), 44(i), 46(k), 47(l), 48(m), 49(n), 50(o), 53(r), 54(s), 55(t), 57(v), 58(w), 61(z)]
distribution = {0:0.0003, 1:0.0347, 2:0.0691, 3:0.0000, 4:0.0000, 5:0.0006, 6:0.0005, 7:0.0000, 8:0.0000, 9:0.1710, A:0.0000, B:0.0000, C:0.0000, D:0.0000, E:0.0473, F:0.0026, G:0.0000, H:0.0000, I:0.0000, J:0.0000, K:0.0001, L:0.0000, M:0.0000, N:0.0000, O:0.0007, P:0.0000, Q:0.0000, R:0.0000, S:0.1616, T:0.0000, U:0.0000, V:0.0000, W:0.0003, X:0.0000, Y:0.0007, Z:0.0000, a:0.0002, b:0.0000, c:0.0000, d:0.0000, e:0.0000, f:0.0000, g:0.0077, h:0.0000, i:0.0638, j:0.0000, k:0.0000, l:0.0046, m:0.0000, n:0.0001, o:0.0043, p:0.0000, q:0.0000, r:0.0219, s:0.0000, t:0.2738, u:0.0000, v:0.0000, w:0.0000, x:0.0000, y:0.0000, z:0.1340}
result = 55 (t)
entropy = 2.053479

CIFAR10 label 8 (ship) -> EMNIST client_19
training labels = [0(0), 1(1), 2(2), 3(3), 4(4), 5(5), 6(6), 7(7), 8(8), 9(9), 10(A), 11(B), 12(C), 13(D), 14(E), 15(F), 16(G), 17(H), 18(I), 19(J), 20(K), 21(L), 22(M), 23(N), 24(O), 25(P), 26(Q), 27(R), 28(S), 29(T), 30(U), 31(V), 32(W), 33(X), 34(Y), 35(Z), 36(a), 37(b), 38(c), 39(d), 40(e), 41(f), 42(g), 43(h), 44(i), 45(j), 46(k), 47(l), 48(m), 49(n), 50(o), 51(p), 52(q), 53(r), 54(s), 55(t), 56(u), 57(v), 58(w), 59(x), 60(y), 61(z)]
distribution = {0:0.0000, 1:0.0291, 2:0.0008, 3:0.0001, 4:0.0168, 5:0.0119, 6:0.0116, 7:0.2770, 8:0.0003, 9:0.0008, A:0.0747, B:0.0613, C:0.0136, D:0.0000, E:0.0000, F:0.0000, G:0.0000, H:0.0003, I:0.0062, J:0.0000, K:0.0068, L:0.0092, M:0.0000, N:0.0000, O:0.0361, P:0.0095, Q:0.0001, R:0.0003, S:0.0000, T:0.0238, U:0.0000, V:0.0000, W:0.0000, X:0.0008, Y:0.0016, Z:0.0006, a:0.0006, b:0.0000, c:0.0072, d:0.0001, e:0.0086, f:0.0190, g:0.0003, h:0.0103, i:0.0031, j:0.0067, k:0.0001, l:0.1785, m:0.0265, n:0.0390, o:0.0000, p:0.0061, q:0.0095, r:0.0104, s:0.0000, t:0.0123, u:0.0014, v:0.0241, w:0.0000, x:0.0032, y:0.0395, z:0.0002}
result = 7 (7)
entropy = 2.671601

CIFAR10 label 9 (truck) -> EMNIST client_10
training labels = [1(1), 3(3), 4(4), 5(5), 7(7), 8(8), 9(9), 10(A), 12(C), 14(E), 16(G), 19(J), 24(O), 25(P), 26(Q), 27(R), 29(T), 31(V), 32(W), 38(c), 43(h), 47(l), 52(q), 53(r), 54(s), 56(u), 59(x), 61(z)]
distribution = {0:0.0000, 1:0.0044, 2:0.0000, 3:0.0000, 4:0.1588, 5:0.0000, 6:0.0000, 7:0.1252, 8:0.0000, 9:0.0000, A:0.1297, B:0.0000, C:0.0000, D:0.0000, E:0.0016, F:0.0000, G:0.1179, H:0.0000, I:0.0000, J:0.0001, K:0.0000, L:0.0000, M:0.0000, N:0.0000, O:0.0000, P:0.0006, Q:0.0000, R:0.0104, S:0.0000, T:0.3504, U:0.0000, V:0.0000, W:0.0905, X:0.0000, Y:0.0000, Z:0.0000, a:0.0000, b:0.0000, c:0.0000, d:0.0000, e:0.0000, f:0.0000, g:0.0000, h:0.0001, i:0.0000, j:0.0000, k:0.0000, l:0.0000, m:0.0000, n:0.0000, o:0.0000, p:0.0000, q:0.0047, r:0.0024, s:0.0000, t:0.0000, u:0.0004, v:0.0000, w:0.0000, x:0.0021, y:0.0000, z:0.0007}
result = 29 (T)
entropy = 1.803134

CIFAR10 label 9 (truck) -> EMNIST client_11
training labels = [0(0), 1(1), 2(2), 3(3), 4(4), 6(6), 7(7), 8(8), 9(9), 10(A), 12(C), 13(D), 15(F), 18(I), 19(J), 20(K), 22(M), 24(O), 27(R), 28(S), 30(U), 33(X), 35(Z), 36(a), 37(b), 38(c), 41(f), 45(j), 47(l), 50(o), 53(r), 54(s)]
distribution = {0:0.0005, 1:0.0002, 2:0.0724, 3:0.0000, 4:0.0004, 5:0.0000, 6:0.0491, 7:0.0000, 8:0.0000, 9:0.0000, A:0.0055, B:0.0000, C:0.0000, D:0.0034, E:0.0000, F:0.0000, G:0.0000, H:0.0000, I:0.0000, J:0.0000, K:0.0028, L:0.0000, M:0.0106, N:0.0000, O:0.0007, P:0.0000, Q:0.0000, R:0.0000, S:0.0017, T:0.0000, U:0.0013, V:0.0000, W:0.0000, X:0.0000, Y:0.0000, Z:0.0000, a:0.0047, b:0.2073, c:0.0000, d:0.0000, e:0.0000, f:0.0000, g:0.0000, h:0.0000, i:0.0000, j:0.0001, k:0.0000, l:0.0003, m:0.0000, n:0.0000, o:0.5737, p:0.0000, q:0.0000, r:0.0377, s:0.0276, t:0.0000, u:0.0000, v:0.0000, w:0.0000, x:0.0000, y:0.0000, z:0.0000}
result = 50 (o)
entropy = 1.380644

CIFAR10 label 9 (truck) -> EMNIST client_12
training labels = [0(0), 2(2), 3(3), 4(4), 5(5), 6(6), 7(7), 8(8), 9(9), 11(B), 13(D), 15(F), 17(H), 23(N), 25(P), 27(R), 28(S), 37(b), 38(c), 40(e), 41(f), 42(g), 43(h), 45(j), 47(l), 48(m), 51(p), 52(q), 55(t), 59(x), 61(z)]
distribution = {0:0.0003, 1:0.0000, 2:0.0000, 3:0.0000, 4:0.0214, 5:0.0289, 6:0.3429, 7:0.0000, 8:0.4041, 9:0.0001, A:0.0000, B:0.0000, C:0.0000, D:0.0000, E:0.0000, F:0.0000, G:0.0000, H:0.0000, I:0.0000, J:0.0000, K:0.0000, L:0.0000, M:0.0000, N:0.0000, O:0.0000, P:0.0000, Q:0.0000, R:0.0000, S:0.0001, T:0.0000, U:0.0000, V:0.0000, W:0.0000, X:0.0000, Y:0.0000, Z:0.0000, a:0.0000, b:0.0000, c:0.0000, d:0.0000, e:0.0016, f:0.0000, g:0.2007, h:0.0000, i:0.0000, j:0.0000, k:0.0000, l:0.0000, m:0.0000, n:0.0000, o:0.0000, p:0.0000, q:0.0000, r:0.0000, s:0.0000, t:0.0000, u:0.0000, v:0.0000, w:0.0000, x:0.0000, y:0.0000, z:0.0000}
result = 8 (8)
entropy = 1.254528

CIFAR10 label 9 (truck) -> EMNIST client_13
training labels = [1(1), 3(3), 5(5), 7(7), 8(8), 9(9), 10(A), 11(B), 13(D), 16(G), 17(H), 18(I), 20(K), 21(L), 22(M), 25(P), 26(Q), 28(S), 30(U), 32(W), 33(X), 35(Z), 37(b), 38(c), 39(d), 40(e), 41(f), 42(g), 45(j), 46(k), 47(l), 48(m), 50(o), 51(p), 52(q), 53(r), 54(s), 55(t), 56(u), 57(v), 58(w), 59(x), 60(y)]
distribution = {0:0.0000, 1:0.0001, 2:0.0000, 3:0.0905, 4:0.0000, 5:0.0001, 6:0.0000, 7:0.0003, 8:0.0027, 9:0.0136, A:0.0029, B:0.0067, C:0.0000, D:0.0020, E:0.0000, F:0.0000, G:0.3360, H:0.0735, I:0.0000, J:0.0000, K:0.0034, L:0.0000, M:0.0293, N:0.0000, O:0.0000, P:0.0544, Q:0.1894, R:0.0000, S:0.0001, T:0.0000, U:0.0092, V:0.0000, W:0.0012, X:0.0000, Y:0.0000, Z:0.0009, a:0.0000, b:0.0720, c:0.0000, d:0.0064, e:0.0000, f:0.0000, g:0.0354, h:0.0000, i:0.0000, j:0.0065, k:0.0000, l:0.0000, m:0.0014, n:0.0000, o:0.0001, p:0.0320, q:0.0001, r:0.0000, s:0.0000, t:0.0003, u:0.0292, v:0.0000, w:0.0002, x:0.0000, y:0.0000, z:0.0000}
result = 16 (G)
entropy = 2.173437

CIFAR10 label 9 (truck) -> EMNIST client_14
training labels = [2(2), 3(3), 4(4), 5(5), 6(6), 11(B), 16(G), 17(H), 18(I), 20(K), 21(L), 23(N), 26(Q), 31(V), 32(W), 33(X), 34(Y), 37(b), 38(c), 39(d), 40(e), 41(f), 47(l), 49(n), 52(q), 53(r), 54(s), 60(y), 61(z)]
distribution = {0:0.0000, 1:0.0000, 2:0.0033, 3:0.4916, 4:0.0000, 5:0.0004, 6:0.0000, 7:0.0000, 8:0.0000, 9:0.0000, A:0.0000, B:0.4006, C:0.0000, D:0.0000, E:0.0000, F:0.0000, G:0.0004, H:0.0014, I:0.0056, J:0.0000, K:0.0000, L:0.0000, M:0.0000, N:0.0000, O:0.0000, P:0.0000, Q:0.0011, R:0.0000, S:0.0000, T:0.0000, U:0.0000, V:0.0000, W:0.0000, X:0.0000, Y:0.0005, Z:0.0000, a:0.0000, b:0.0005, c:0.0000, d:0.0065, e:0.0001, f:0.0002, g:0.0000, h:0.0000, i:0.0000, j:0.0000, k:0.0000, l:0.0001, m:0.0000, n:0.0041, o:0.0000, p:0.0000, q:0.0138, r:0.0000, s:0.0014, t:0.0000, u:0.0000, v:0.0000, w:0.0000, x:0.0000, y:0.0034, z:0.0650}
result = 3 (3)
entropy = 1.118711

CIFAR10 label 9 (truck) -> EMNIST client_15
training labels = [2(2), 4(4), 5(5), 6(6), 7(7), 8(8), 9(9), 11(B), 12(C), 16(G), 17(H), 19(J), 21(L), 22(M), 23(N), 24(O), 25(P), 26(Q), 27(R), 29(T), 33(X), 34(Y), 36(a), 39(d), 40(e), 41(f), 43(h), 46(k), 51(p), 52(q), 53(r), 56(u), 57(v), 58(w), 59(x), 60(y), 61(z)]
distribution = {0:0.0000, 1:0.0000, 2:0.0000, 3:0.0000, 4:0.0000, 5:0.0000, 6:0.0000, 7:0.0000, 8:0.2738, 9:0.0000, A:0.0000, B:0.0000, C:0.0000, D:0.0000, E:0.0000, F:0.0000, G:0.0000, H:0.0000, I:0.0000, J:0.0000, K:0.0000, L:0.0000, M:0.0000, N:0.0000, O:0.0000, P:0.0000, Q:0.4893, R:0.0001, S:0.0000, T:0.0000, U:0.0000, V:0.0000, W:0.0000, X:0.0000, Y:0.1900, Z:0.0000, a:0.0001, b:0.0000, c:0.0000, d:0.0000, e:0.0467, f:0.0000, g:0.0000, h:0.0000, i:0.0000, j:0.0000, k:0.0000, l:0.0000, m:0.0000, n:0.0000, o:0.0000, p:0.0001, q:0.0000, r:0.0000, s:0.0000, t:0.0000, u:0.0000, v:0.0000, w:0.0000, x:0.0000, y:0.0000, z:0.0000}
result = 26 (Q)
entropy = 1.165761

CIFAR10 label 9 (truck) -> EMNIST client_16
training labels = [0(0), 2(2), 4(4), 5(5), 6(6), 7(7), 8(8), 9(9), 10(A), 11(B), 12(C), 14(E), 15(F), 21(L), 25(P), 27(R), 30(U), 32(W), 37(b), 38(c), 40(e), 43(h), 44(i), 46(k), 47(l), 49(n), 50(o), 53(r), 54(s), 55(t), 56(u)]
distribution = {0:0.0000, 1:0.0000, 2:0.1200, 3:0.0000, 4:0.0002, 5:0.0044, 6:0.0006, 7:0.0012, 8:0.0355, 9:0.0000, A:0.0004, B:0.0021, C:0.0008, D:0.0000, E:0.4063, F:0.2707, G:0.0000, H:0.0000, I:0.0000, J:0.0000, K:0.0000, L:0.0228, M:0.0000, N:0.0000, O:0.0000, P:0.0056, Q:0.0000, R:0.0013, S:0.0000, T:0.0000, U:0.0000, V:0.0000, W:0.0000, X:0.0000, Y:0.0000, Z:0.0000, a:0.0000, b:0.0521, c:0.0001, d:0.0000, e:0.0005, f:0.0000, g:0.0000, h:0.0351, i:0.0013, j:0.0000, k:0.0002, l:0.0030, m:0.0000, n:0.0000, o:0.0005, p:0.0000, q:0.0000, r:0.0121, s:0.0049, t:0.0181, u:0.0003, v:0.0000, w:0.0000, x:0.0000, y:0.0000, z:0.0000}
result = 14 (E)
entropy = 1.738592

CIFAR10 label 9 (truck) -> EMNIST client_17
training labels = [0(0), 1(1), 2(2), 3(3), 5(5), 8(8), 9(9), 10(A), 14(E), 15(F), 19(J), 20(K), 21(L), 23(N), 25(P), 26(Q), 27(R), 29(T), 31(V), 33(X), 34(Y), 36(a), 38(c), 42(g), 44(i), 45(j), 47(l), 53(r), 54(s), 55(t), 57(v), 59(x), 60(y), 61(z)]
distribution = {0:0.0014, 1:0.0040, 2:0.0004, 3:0.0014, 4:0.0000, 5:0.0205, 6:0.0000, 7:0.0000, 8:0.0000, 9:0.0004, A:0.0046, B:0.0000, C:0.0000, D:0.0000, E:0.0243, F:0.0171, G:0.0000, H:0.0000, I:0.0000, J:0.1240, K:0.0000, L:0.0000, M:0.0000, N:0.0077, O:0.0000, P:0.0044, Q:0.0000, R:0.0007, S:0.0000, T:0.0105, U:0.0000, V:0.0051, W:0.0000, X:0.0192, Y:0.0154, Z:0.0000, a:0.2859, b:0.0000, c:0.0000, d:0.0000, e:0.0000, f:0.0000, g:0.0276, h:0.0000, i:0.2217, j:0.0031, k:0.0000, l:0.0020, m:0.0000, n:0.0000, o:0.0000, p:0.0000, q:0.0000, r:0.1502, s:0.0081, t:0.0054, u:0.0000, v:0.0005, w:0.0000, x:0.0216, y:0.0003, z:0.0124}
result = 36 (a)
entropy = 2.168727

CIFAR10 label 9 (truck) -> EMNIST client_18
training labels = [0(0), 1(1), 2(2), 5(5), 6(6), 9(9), 10(A), 14(E), 15(F), 16(G), 17(H), 20(K), 22(M), 24(O), 28(S), 32(W), 33(X), 34(Y), 36(a), 42(g), 44(i), 46(k), 47(l), 48(m), 49(n), 50(o), 53(r), 54(s), 55(t), 57(v), 58(w), 61(z)]
distribution = {0:0.0409, 1:0.0183, 2:0.0985, 3:0.0000, 4:0.0000, 5:0.0000, 6:0.0008, 7:0.0000, 8:0.0000, 9:0.2195, A:0.0001, B:0.0000, C:0.0000, D:0.0000, E:0.0206, F:0.0007, G:0.0002, H:0.0002, I:0.0000, J:0.0000, K:0.0001, L:0.0000, M:0.0002, N:0.0000, O:0.0163, P:0.0000, Q:0.0000, R:0.0000, S:0.0588, T:0.0000, U:0.0000, V:0.0000, W:0.0106, X:0.0000, Y:0.0051, Z:0.0000, a:0.0982, b:0.0000, c:0.0000, d:0.0000, e:0.0000, f:0.0000, g:0.0189, h:0.0000, i:0.0041, j:0.0000, k:0.0000, l:0.0025, m:0.0005, n:0.0501, o:0.0522, p:0.0000, q:0.0000, r:0.0305, s:0.0000, t:0.0698, u:0.0000, v:0.0000, w:0.0002, x:0.0000, y:0.0000, z:0.1821}
result = 9 (9)
entropy = 2.425334

CIFAR10 label 9 (truck) -> EMNIST client_19
training labels = [0(0), 1(1), 2(2), 3(3), 4(4), 5(5), 6(6), 7(7), 8(8), 9(9), 10(A), 11(B), 12(C), 13(D), 14(E), 15(F), 16(G), 17(H), 18(I), 19(J), 20(K), 21(L), 22(M), 23(N), 24(O), 25(P), 26(Q), 27(R), 28(S), 29(T), 30(U), 31(V), 32(W), 33(X), 34(Y), 35(Z), 36(a), 37(b), 38(c), 39(d), 40(e), 41(f), 42(g), 43(h), 44(i), 45(j), 46(k), 47(l), 48(m), 49(n), 50(o), 51(p), 52(q), 53(r), 54(s), 55(t), 56(u), 57(v), 58(w), 59(x), 60(y), 61(z)]
distribution = {0:0.0000, 1:0.0183, 2:0.0004, 3:0.0002, 4:0.0032, 5:0.0079, 6:0.0076, 7:0.3970, 8:0.0001, 9:0.0013, A:0.0235, B:0.0809, C:0.0055, D:0.0000, E:0.0000, F:0.0000, G:0.0000, H:0.0000, I:0.0037, J:0.0000, K:0.0022, L:0.0008, M:0.0001, N:0.0000, O:0.0347, P:0.0105, Q:0.0001, R:0.0005, S:0.0000, T:0.0309, U:0.0000, V:0.0000, W:0.0000, X:0.0002, Y:0.0007, Z:0.0011, a:0.0005, b:0.0000, c:0.0034, d:0.0001, e:0.0067, f:0.0099, g:0.0006, h:0.0037, i:0.0018, j:0.0034, k:0.0001, l:0.0832, m:0.0403, n:0.1428, o:0.0000, p:0.0057, q:0.0053, r:0.0122, s:0.0000, t:0.0062, u:0.0003, v:0.0170, w:0.0000, x:0.0023, y:0.0225, z:0.0002}
result = 7 (7)
entropy = 2.292542

