Time: 2026-04-09 08:45:14
Log Dir: /home/unshun/multi-FL/logs/Local_iid_het_gb40/new_client_2026-04-09_08-45-14/
================================================================================Loading checkpoints from logs/Local_iid_het_gb40/Local/
Method selected: FAST
Loaded MLP for MNIST from client_model_MNIST_c0_MLP.pth
Loaded LeNet for MNIST from client_model_MNIST_c6_LeNet.pth
Loaded ShuffleNet for MNIST from client_model_MNIST_c8_ShuffleNet.pth
Loaded MobileNetV2 for MNIST from client_model_MNIST_c4_MobileNetV2.pth
Loaded ResNet8 for MNIST from client_model_MNIST_c2_ResNet8.pth
Loaded CNN for MNIST from client_model_MNIST_c1_CNN.pth
Loaded ResNet18 for MNIST from client_model_MNIST_c3_ResNet18.pth
Loaded SqueezeNet for MNIST from client_model_MNIST_c9_SqueezeNet.pth
Loaded AlexNet for MNIST from client_model_MNIST_c7_AlexNet.pth
Loaded MobileNetV3 for MNIST from client_model_MNIST_c5_MobileNetV3.pth
Loaded ShuffleNet for EMNIST from client_model_EMNIST_c19_ShuffleNet.pth
Loaded MobileNetV2 for EMNIST from client_model_EMNIST_c15_MobileNetV2.pth
Loaded AlexNet for EMNIST from client_model_EMNIST_c18_AlexNet.pth
Loaded SqueezeNet for EMNIST from client_model_EMNIST_c20_SqueezeNet.pth
Loaded MobileNetV3 for EMNIST from client_model_EMNIST_c16_MobileNetV3.pth
Loaded ResNet18 for EMNIST from client_model_EMNIST_c14_ResNet18.pth
Loaded ResNet8 for EMNIST from client_model_EMNIST_c13_ResNet8.pth
Loaded CNN for EMNIST from client_model_EMNIST_c12_CNN.pth
Loaded MLP for EMNIST from client_model_EMNIST_c11_MLP.pth
Loaded LeNet for EMNIST from client_model_EMNIST_c17_LeNet.pth
Loaded SqueezeNet for CIFAR10 from client_model_CIFAR10_c31_SqueezeNet.pth
Loaded MLP for CIFAR10 from client_model_CIFAR10_c22_MLP.pth
Loaded ResNet8 for CIFAR10 from client_model_CIFAR10_c24_ResNet8.pth
Loaded CNN for CIFAR10 from client_model_CIFAR10_c23_CNN.pth
Loaded ResNet18 for CIFAR10 from client_model_CIFAR10_c25_ResNet18.pth
Loaded MobileNetV2 for CIFAR10 from client_model_CIFAR10_c26_MobileNetV2.pth
Loaded LeNet for CIFAR10 from client_model_CIFAR10_c28_LeNet.pth
Loaded ShuffleNet for CIFAR10 from client_model_CIFAR10_c30_ShuffleNet.pth
Loaded MobileNetV3 for CIFAR10 from client_model_CIFAR10_c27_MobileNetV3.pth
Loaded AlexNet for CIFAR10 from client_model_CIFAR10_c29_AlexNet.pth
WARNING: No models loaded for dataset: FashionMNIST.
WARNING: No models loaded for dataset: CIFAR100.

========================================
>>> [METHOD: SYNTHETIC] Starting Synthetic Label Mapping...
========================================
>>> Target Methods to Run: ['FAST']
>>> [Syn] Loaded client data distributions directly from server checkpoint.

########################################
>>> [Syn] Running Method: FAST
########################################

>>> Syn-FAST Training Old Generators...
[Testing] Training Per-Dataset Generators Offline (Old Gen Method) using FAST...
--- FAST Generator Configuration ---
    epochs: 120
    warmup: 20
    g_steps: 2
    lr_g: 0.005
    lr_z: 0.015
    ce: 0.5
    bn: 10.0
    adv: 1.33
    student_lr: 0.2
------------------------------------
    -> [Epoch 0] Student Test Accuracy for MNIST: 9.74%
    -> [Epoch 1] Student Test Accuracy for MNIST: 11.35%
    -> [Epoch 2] Student Test Accuracy for MNIST: 9.74%
    -> [Epoch 3] Student Test Accuracy for MNIST: 9.74%
    -> [Epoch 4] Student Test Accuracy for MNIST: 9.80%
    -> [Epoch 5] Student Test Accuracy for MNIST: 9.74%
    -> [Epoch 6] Student Test Accuracy for MNIST: 9.74%
    -> [Epoch 7] Student Test Accuracy for MNIST: 9.74%
    -> [Epoch 8] Student Test Accuracy for MNIST: 9.74%
    -> [Epoch 9] Student Test Accuracy for MNIST: 9.74%
    -> [Epoch 10] Student Test Accuracy for MNIST: 9.74%
    -> [Epoch 11] Student Test Accuracy for MNIST: 9.74%
    -> [Epoch 12] Student Test Accuracy for MNIST: 9.74%
    -> [Epoch 13] Student Test Accuracy for MNIST: 9.74%
    -> [Epoch 14] Student Test Accuracy for MNIST: 9.74%
    -> [Epoch 15] Student Test Accuracy for MNIST: 9.74%
    -> [Epoch 16] Student Test Accuracy for MNIST: 9.74%
    -> [Epoch 17] Student Test Accuracy for MNIST: 9.74%
    -> [Epoch 18] Student Test Accuracy for MNIST: 9.74%
    -> [Epoch 19] Student Test Accuracy for MNIST: 9.74%
    -> [Epoch 20] Student Test Accuracy for MNIST: 9.74%
    -> [Epoch 21] Student Test Accuracy for MNIST: 9.74%
    -> [Epoch 22] Student Test Accuracy for MNIST: 9.74%
    -> [Epoch 23] Student Test Accuracy for MNIST: 9.74%
    -> [Epoch 24] Student Test Accuracy for MNIST: 9.74%
    -> [Epoch 25] Student Test Accuracy for MNIST: 9.74%
    -> [Epoch 26] Student Test Accuracy for MNIST: 10.30%
    -> [Epoch 27] Student Test Accuracy for MNIST: 8.92%
    -> [Epoch 28] Student Test Accuracy for MNIST: 9.74%
    -> [Epoch 29] Student Test Accuracy for MNIST: 9.74%
    -> [Epoch 30] Student Test Accuracy for MNIST: 9.74%
    -> [Epoch 31] Student Test Accuracy for MNIST: 9.74%
    -> [Epoch 32] Student Test Accuracy for MNIST: 9.74%
    -> [Epoch 33] Student Test Accuracy for MNIST: 9.74%
    -> [Epoch 34] Student Test Accuracy for MNIST: 9.74%
    -> [Epoch 35] Student Test Accuracy for MNIST: 9.74%
    -> [Epoch 36] Student Test Accuracy for MNIST: 9.74%
    -> [Epoch 37] Student Test Accuracy for MNIST: 9.74%
    -> [Epoch 38] Student Test Accuracy for MNIST: 8.81%
    -> [Epoch 39] Student Test Accuracy for MNIST: 10.35%
    -> [Epoch 40] Student Test Accuracy for MNIST: 8.92%
    -> [Epoch 41] Student Test Accuracy for MNIST: 8.93%
    -> [Epoch 42] Student Test Accuracy for MNIST: 9.72%
    -> [Epoch 43] Student Test Accuracy for MNIST: 9.74%
    -> [Epoch 44] Student Test Accuracy for MNIST: 9.74%
    -> [Epoch 45] Student Test Accuracy for MNIST: 9.74%
    -> [Epoch 46] Student Test Accuracy for MNIST: 9.74%
    -> [Epoch 47] Student Test Accuracy for MNIST: 9.74%
    -> [Epoch 48] Student Test Accuracy for MNIST: 9.74%
    -> [Epoch 49] Student Test Accuracy for MNIST: 9.74%
    -> [Epoch 50] Student Test Accuracy for MNIST: 9.74%
    -> [Epoch 51] Student Test Accuracy for MNIST: 9.74%
    -> [Epoch 52] Student Test Accuracy for MNIST: 9.74%
    -> [Epoch 53] Student Test Accuracy for MNIST: 9.74%
    -> [Epoch 54] Student Test Accuracy for MNIST: 9.73%
    -> [Epoch 55] Student Test Accuracy for MNIST: 9.75%
    -> [Epoch 56] Student Test Accuracy for MNIST: 9.85%
    -> [Epoch 57] Student Test Accuracy for MNIST: 9.74%
    -> [Epoch 58] Student Test Accuracy for MNIST: 9.74%
    -> [Epoch 59] Student Test Accuracy for MNIST: 9.74%
    -> [Epoch 60] Student Test Accuracy for MNIST: 9.74%
    -> [Epoch 61] Student Test Accuracy for MNIST: 9.74%
    -> [Epoch 62] Student Test Accuracy for MNIST: 9.74%
    -> [Epoch 63] Student Test Accuracy for MNIST: 9.74%
    -> [Epoch 64] Student Test Accuracy for MNIST: 9.74%
    -> [Epoch 65] Student Test Accuracy for MNIST: 9.74%
    -> [Epoch 66] Student Test Accuracy for MNIST: 9.74%
    -> [Epoch 67] Student Test Accuracy for MNIST: 9.74%
    -> [Epoch 68] Student Test Accuracy for MNIST: 9.74%
    -> [Epoch 69] Student Test Accuracy for MNIST: 9.74%
    -> [Epoch 70] Student Test Accuracy for MNIST: 9.89%
    -> [Epoch 71] Student Test Accuracy for MNIST: 9.31%
    -> [Epoch 72] Student Test Accuracy for MNIST: 8.97%
    -> [Epoch 73] Student Test Accuracy for MNIST: 9.95%
    -> [Epoch 74] Student Test Accuracy for MNIST: 11.18%
    -> [Epoch 75] Student Test Accuracy for MNIST: 10.51%
    -> [Epoch 76] Student Test Accuracy for MNIST: 11.44%
    -> [Epoch 77] Student Test Accuracy for MNIST: 10.00%
    -> [Epoch 78] Student Test Accuracy for MNIST: 9.74%
    -> [Epoch 79] Student Test Accuracy for MNIST: 9.75%
    -> [Epoch 80] Student Test Accuracy for MNIST: 10.07%
    -> [Epoch 81] Student Test Accuracy for MNIST: 10.89%
    -> [Epoch 82] Student Test Accuracy for MNIST: 11.97%
    -> [Epoch 83] Student Test Accuracy for MNIST: 14.52%
    -> [Epoch 84] Student Test Accuracy for MNIST: 14.57%
    -> [Epoch 85] Student Test Accuracy for MNIST: 10.42%
    -> [Epoch 86] Student Test Accuracy for MNIST: 10.68%
    -> [Epoch 87] Student Test Accuracy for MNIST: 9.83%
    -> [Epoch 88] Student Test Accuracy for MNIST: 9.82%
    -> [Epoch 89] Student Test Accuracy for MNIST: 9.75%
    -> [Epoch 90] Student Test Accuracy for MNIST: 10.14%
    -> [Epoch 91] Student Test Accuracy for MNIST: 8.79%
    -> [Epoch 92] Student Test Accuracy for MNIST: 8.61%
    -> [Epoch 93] Student Test Accuracy for MNIST: 9.76%
    -> [Epoch 94] Student Test Accuracy for MNIST: 9.76%
    -> [Epoch 95] Student Test Accuracy for MNIST: 9.77%
    -> [Epoch 96] Student Test Accuracy for MNIST: 9.87%
    -> [Epoch 97] Student Test Accuracy for MNIST: 9.79%
    -> [Epoch 98] Student Test Accuracy for MNIST: 9.93%
    -> [Epoch 99] Student Test Accuracy for MNIST: 9.04%
    -> [Epoch 100] Student Test Accuracy for MNIST: 8.57%
    -> [Epoch 101] Student Test Accuracy for MNIST: 8.57%
    -> [Epoch 102] Student Test Accuracy for MNIST: 9.14%
    -> [Epoch 103] Student Test Accuracy for MNIST: 10.97%
    -> [Epoch 104] Student Test Accuracy for MNIST: 10.10%
    -> [Epoch 105] Student Test Accuracy for MNIST: 10.04%
    -> [Epoch 106] Student Test Accuracy for MNIST: 10.37%
    -> [Epoch 107] Student Test Accuracy for MNIST: 10.86%
    -> [Epoch 108] Student Test Accuracy for MNIST: 12.05%
    -> [Epoch 109] Student Test Accuracy for MNIST: 11.39%
    -> [Epoch 110] Student Test Accuracy for MNIST: 10.84%
    -> [Epoch 111] Student Test Accuracy for MNIST: 9.49%
    -> [Epoch 112] Student Test Accuracy for MNIST: 9.43%
    -> [Epoch 113] Student Test Accuracy for MNIST: 10.16%
    -> [Epoch 114] Student Test Accuracy for MNIST: 9.87%
    -> [Epoch 115] Student Test Accuracy for MNIST: 10.27%
    -> [Epoch 116] Student Test Accuracy for MNIST: 11.87%
    -> [Epoch 117] Student Test Accuracy for MNIST: 12.39%
    -> [Epoch 118] Student Test Accuracy for MNIST: 11.13%
    -> [Epoch 119] Student Test Accuracy for MNIST: 11.81%
    Dataset [MNIST] Generator | Epochs: 120 | Final Loss: 353.0199
    -> Student Accuracy per Epoch saved to /home/unshun/multi-FL/logs/Local_iid_het_gb40/new_client_2026-04-09_08-45-14/FAST_MNIST_student_acc.csv
-> [New] Gen images saved to /home/unshun/multi-FL/logs/Local_iid_het_gb40/new_client_2026-04-09_08-45-14/FAST_MNIST__gen_img_old.png
    -> [Epoch 0] Student Test Accuracy for EMNIST: 4.84%
    -> [Epoch 1] Student Test Accuracy for EMNIST: 4.84%
    -> [Epoch 2] Student Test Accuracy for EMNIST: 4.97%
    -> [Epoch 3] Student Test Accuracy for EMNIST: 4.97%
    -> [Epoch 4] Student Test Accuracy for EMNIST: 4.97%
    -> [Epoch 5] Student Test Accuracy for EMNIST: 4.97%
    -> [Epoch 6] Student Test Accuracy for EMNIST: 4.84%
    -> [Epoch 7] Student Test Accuracy for EMNIST: 1.19%
    -> [Epoch 8] Student Test Accuracy for EMNIST: 0.56%
    -> [Epoch 9] Student Test Accuracy for EMNIST: 4.84%
    -> [Epoch 10] Student Test Accuracy for EMNIST: 4.84%
    -> [Epoch 11] Student Test Accuracy for EMNIST: 0.51%
    -> [Epoch 12] Student Test Accuracy for EMNIST: 4.84%
    -> [Epoch 13] Student Test Accuracy for EMNIST: 4.84%
    -> [Epoch 14] Student Test Accuracy for EMNIST: 4.84%
    -> [Epoch 15] Student Test Accuracy for EMNIST: 4.84%
    -> [Epoch 16] Student Test Accuracy for EMNIST: 4.84%
    -> [Epoch 17] Student Test Accuracy for EMNIST: 4.84%
    -> [Epoch 18] Student Test Accuracy for EMNIST: 4.84%
    -> [Epoch 19] Student Test Accuracy for EMNIST: 4.84%
    -> [Epoch 20] Student Test Accuracy for EMNIST: 4.84%
    -> [Epoch 21] Student Test Accuracy for EMNIST: 4.84%
    -> [Epoch 22] Student Test Accuracy for EMNIST: 4.84%
    -> [Epoch 23] Student Test Accuracy for EMNIST: 4.84%
    -> [Epoch 24] Student Test Accuracy for EMNIST: 4.84%
    -> [Epoch 25] Student Test Accuracy for EMNIST: 4.84%
    -> [Epoch 26] Student Test Accuracy for EMNIST: 4.84%
    -> [Epoch 27] Student Test Accuracy for EMNIST: 4.84%
    -> [Epoch 28] Student Test Accuracy for EMNIST: 4.84%
    -> [Epoch 29] Student Test Accuracy for EMNIST: 4.84%
    -> [Epoch 30] Student Test Accuracy for EMNIST: 4.84%
    -> [Epoch 31] Student Test Accuracy for EMNIST: 4.84%
    -> [Epoch 32] Student Test Accuracy for EMNIST: 4.84%
    -> [Epoch 33] Student Test Accuracy for EMNIST: 4.84%
    -> [Epoch 34] Student Test Accuracy for EMNIST: 4.84%
    -> [Epoch 35] Student Test Accuracy for EMNIST: 4.84%
    -> [Epoch 36] Student Test Accuracy for EMNIST: 4.84%
    -> [Epoch 37] Student Test Accuracy for EMNIST: 3.60%
    -> [Epoch 38] Student Test Accuracy for EMNIST: 4.74%
    -> [Epoch 39] Student Test Accuracy for EMNIST: 4.40%
    -> [Epoch 40] Student Test Accuracy for EMNIST: 3.68%
    -> [Epoch 41] Student Test Accuracy for EMNIST: 0.60%
    -> [Epoch 42] Student Test Accuracy for EMNIST: 0.74%
    -> [Epoch 43] Student Test Accuracy for EMNIST: 5.09%
    -> [Epoch 44] Student Test Accuracy for EMNIST: 4.84%
    -> [Epoch 45] Student Test Accuracy for EMNIST: 4.84%
    -> [Epoch 46] Student Test Accuracy for EMNIST: 4.84%
    -> [Epoch 47] Student Test Accuracy for EMNIST: 4.84%
    -> [Epoch 48] Student Test Accuracy for EMNIST: 4.84%
    -> [Epoch 49] Student Test Accuracy for EMNIST: 4.84%
    -> [Epoch 50] Student Test Accuracy for EMNIST: 4.84%
    -> [Epoch 51] Student Test Accuracy for EMNIST: 4.84%
    -> [Epoch 52] Student Test Accuracy for EMNIST: 4.84%
    -> [Epoch 53] Student Test Accuracy for EMNIST: 4.75%
    -> [Epoch 54] Student Test Accuracy for EMNIST: 4.83%
    -> [Epoch 55] Student Test Accuracy for EMNIST: 4.84%
    -> [Epoch 56] Student Test Accuracy for EMNIST: 4.84%
    -> [Epoch 57] Student Test Accuracy for EMNIST: 4.84%
    -> [Epoch 58] Student Test Accuracy for EMNIST: 4.84%
    -> [Epoch 59] Student Test Accuracy for EMNIST: 4.84%
    -> [Epoch 60] Student Test Accuracy for EMNIST: 4.78%
    -> [Epoch 61] Student Test Accuracy for EMNIST: 4.55%
    -> [Epoch 62] Student Test Accuracy for EMNIST: 4.05%
    -> [Epoch 63] Student Test Accuracy for EMNIST: 4.82%
    -> [Epoch 64] Student Test Accuracy for EMNIST: 4.84%
    -> [Epoch 65] Student Test Accuracy for EMNIST: 4.83%
    -> [Epoch 66] Student Test Accuracy for EMNIST: 4.68%
    -> [Epoch 67] Student Test Accuracy for EMNIST: 4.45%
    -> [Epoch 68] Student Test Accuracy for EMNIST: 4.93%
    -> [Epoch 69] Student Test Accuracy for EMNIST: 4.84%
    -> [Epoch 70] Student Test Accuracy for EMNIST: 4.84%
    -> [Epoch 71] Student Test Accuracy for EMNIST: 4.87%
    -> [Epoch 72] Student Test Accuracy for EMNIST: 6.65%
    -> [Epoch 73] Student Test Accuracy for EMNIST: 5.70%
    -> [Epoch 74] Student Test Accuracy for EMNIST: 5.44%
    -> [Epoch 75] Student Test Accuracy for EMNIST: 4.84%
    -> [Epoch 76] Student Test Accuracy for EMNIST: 4.84%
    -> [Epoch 77] Student Test Accuracy for EMNIST: 4.84%
    -> [Epoch 78] Student Test Accuracy for EMNIST: 4.84%
    -> [Epoch 79] Student Test Accuracy for EMNIST: 4.84%
    -> [Epoch 80] Student Test Accuracy for EMNIST: 4.76%
    -> [Epoch 81] Student Test Accuracy for EMNIST: 4.55%
    -> [Epoch 82] Student Test Accuracy for EMNIST: 4.31%
    -> [Epoch 83] Student Test Accuracy for EMNIST: 5.85%
    -> [Epoch 84] Student Test Accuracy for EMNIST: 6.60%
    -> [Epoch 85] Student Test Accuracy for EMNIST: 6.32%
    -> [Epoch 86] Student Test Accuracy for EMNIST: 5.62%
    -> [Epoch 87] Student Test Accuracy for EMNIST: 5.54%
    -> [Epoch 88] Student Test Accuracy for EMNIST: 4.36%
    -> [Epoch 89] Student Test Accuracy for EMNIST: 4.42%
    -> [Epoch 90] Student Test Accuracy for EMNIST: 4.63%
    -> [Epoch 91] Student Test Accuracy for EMNIST: 4.82%
    -> [Epoch 92] Student Test Accuracy for EMNIST: 4.86%
    -> [Epoch 93] Student Test Accuracy for EMNIST: 4.82%
    -> [Epoch 94] Student Test Accuracy for EMNIST: 4.85%
    -> [Epoch 95] Student Test Accuracy for EMNIST: 2.64%
    -> [Epoch 96] Student Test Accuracy for EMNIST: 3.21%
    -> [Epoch 97] Student Test Accuracy for EMNIST: 2.88%
    -> [Epoch 98] Student Test Accuracy for EMNIST: 1.28%
    -> [Epoch 99] Student Test Accuracy for EMNIST: 1.00%
    -> [Epoch 100] Student Test Accuracy for EMNIST: 1.78%
    -> [Epoch 101] Student Test Accuracy for EMNIST: 2.23%
    -> [Epoch 102] Student Test Accuracy for EMNIST: 4.80%
    -> [Epoch 103] Student Test Accuracy for EMNIST: 4.21%
    -> [Epoch 104] Student Test Accuracy for EMNIST: 1.54%
    -> [Epoch 105] Student Test Accuracy for EMNIST: 1.23%
    -> [Epoch 106] Student Test Accuracy for EMNIST: 1.75%
    -> [Epoch 107] Student Test Accuracy for EMNIST: 3.68%
    -> [Epoch 108] Student Test Accuracy for EMNIST: 5.73%
    -> [Epoch 109] Student Test Accuracy for EMNIST: 5.27%
    -> [Epoch 110] Student Test Accuracy for EMNIST: 3.07%
    -> [Epoch 111] Student Test Accuracy for EMNIST: 1.69%
    -> [Epoch 112] Student Test Accuracy for EMNIST: 2.09%
    -> [Epoch 113] Student Test Accuracy for EMNIST: 3.01%
    -> [Epoch 114] Student Test Accuracy for EMNIST: 2.99%
    -> [Epoch 115] Student Test Accuracy for EMNIST: 5.38%
    -> [Epoch 116] Student Test Accuracy for EMNIST: 7.18%
    -> [Epoch 117] Student Test Accuracy for EMNIST: 6.10%
    -> [Epoch 118] Student Test Accuracy for EMNIST: 5.46%
    -> [Epoch 119] Student Test Accuracy for EMNIST: 5.15%
    Dataset [EMNIST] Generator | Epochs: 120 | Final Loss: 3166.7634
    -> Student Accuracy per Epoch saved to /home/unshun/multi-FL/logs/Local_iid_het_gb40/new_client_2026-04-09_08-45-14/FAST_EMNIST_student_acc.csv
-> [New] Gen images saved to /home/unshun/multi-FL/logs/Local_iid_het_gb40/new_client_2026-04-09_08-45-14/FAST_EMNIST__gen_img_old.png
    -> [Epoch 0] Student Test Accuracy for CIFAR10: 10.00%
    -> [Epoch 1] Student Test Accuracy for CIFAR10: 10.00%
    -> [Epoch 2] Student Test Accuracy for CIFAR10: 10.00%
    -> [Epoch 3] Student Test Accuracy for CIFAR10: 10.00%
    -> [Epoch 4] Student Test Accuracy for CIFAR10: 10.00%
    -> [Epoch 5] Student Test Accuracy for CIFAR10: 9.99%
    -> [Epoch 6] Student Test Accuracy for CIFAR10: 10.00%
    -> [Epoch 7] Student Test Accuracy for CIFAR10: 10.00%
    -> [Epoch 8] Student Test Accuracy for CIFAR10: 10.00%
    -> [Epoch 9] Student Test Accuracy for CIFAR10: 10.00%
    -> [Epoch 10] Student Test Accuracy for CIFAR10: 10.00%
    -> [Epoch 11] Student Test Accuracy for CIFAR10: 10.67%
    -> [Epoch 12] Student Test Accuracy for CIFAR10: 10.00%
    -> [Epoch 13] Student Test Accuracy for CIFAR10: 10.00%
    -> [Epoch 14] Student Test Accuracy for CIFAR10: 10.00%
    -> [Epoch 15] Student Test Accuracy for CIFAR10: 10.40%
    -> [Epoch 16] Student Test Accuracy for CIFAR10: 10.00%
    -> [Epoch 17] Student Test Accuracy for CIFAR10: 10.00%
    -> [Epoch 18] Student Test Accuracy for CIFAR10: 10.00%
    -> [Epoch 19] Student Test Accuracy for CIFAR10: 10.50%
    -> [Epoch 20] Student Test Accuracy for CIFAR10: 10.07%
    -> [Epoch 21] Student Test Accuracy for CIFAR10: 10.00%
    -> [Epoch 22] Student Test Accuracy for CIFAR10: 9.99%
    -> [Epoch 23] Student Test Accuracy for CIFAR10: 10.00%
    -> [Epoch 24] Student Test Accuracy for CIFAR10: 10.00%
    -> [Epoch 25] Student Test Accuracy for CIFAR10: 10.00%
    -> [Epoch 26] Student Test Accuracy for CIFAR10: 10.00%
    -> [Epoch 27] Student Test Accuracy for CIFAR10: 9.98%
    -> [Epoch 28] Student Test Accuracy for CIFAR10: 10.00%
    -> [Epoch 29] Student Test Accuracy for CIFAR10: 10.00%
    -> [Epoch 30] Student Test Accuracy for CIFAR10: 10.00%
    -> [Epoch 31] Student Test Accuracy for CIFAR10: 10.00%
    -> [Epoch 32] Student Test Accuracy for CIFAR10: 10.00%
    -> [Epoch 33] Student Test Accuracy for CIFAR10: 10.00%
    -> [Epoch 34] Student Test Accuracy for CIFAR10: 10.00%
    -> [Epoch 35] Student Test Accuracy for CIFAR10: 10.00%
    -> [Epoch 36] Student Test Accuracy for CIFAR10: 10.00%
    -> [Epoch 37] Student Test Accuracy for CIFAR10: 10.00%
    -> [Epoch 38] Student Test Accuracy for CIFAR10: 10.00%
    -> [Epoch 39] Student Test Accuracy for CIFAR10: 10.00%
    -> [Epoch 40] Student Test Accuracy for CIFAR10: 10.00%
    -> [Epoch 41] Student Test Accuracy for CIFAR10: 10.00%
    -> [Epoch 42] Student Test Accuracy for CIFAR10: 10.00%
    -> [Epoch 43] Student Test Accuracy for CIFAR10: 10.00%
    -> [Epoch 44] Student Test Accuracy for CIFAR10: 10.00%
    -> [Epoch 45] Student Test Accuracy for CIFAR10: 10.00%
    -> [Epoch 46] Student Test Accuracy for CIFAR10: 10.00%
    -> [Epoch 47] Student Test Accuracy for CIFAR10: 10.00%
    -> [Epoch 48] Student Test Accuracy for CIFAR10: 10.00%
    -> [Epoch 49] Student Test Accuracy for CIFAR10: 10.00%
    -> [Epoch 50] Student Test Accuracy for CIFAR10: 10.00%
    -> [Epoch 51] Student Test Accuracy for CIFAR10: 10.00%
    -> [Epoch 52] Student Test Accuracy for CIFAR10: 10.00%
    -> [Epoch 53] Student Test Accuracy for CIFAR10: 10.00%
    -> [Epoch 54] Student Test Accuracy for CIFAR10: 10.00%
    -> [Epoch 55] Student Test Accuracy for CIFAR10: 10.00%
    -> [Epoch 56] Student Test Accuracy for CIFAR10: 10.01%
    -> [Epoch 57] Student Test Accuracy for CIFAR10: 10.00%
    -> [Epoch 58] Student Test Accuracy for CIFAR10: 10.00%
    -> [Epoch 59] Student Test Accuracy for CIFAR10: 10.00%
    -> [Epoch 60] Student Test Accuracy for CIFAR10: 10.00%
    -> [Epoch 61] Student Test Accuracy for CIFAR10: 10.00%
    -> [Epoch 62] Student Test Accuracy for CIFAR10: 10.00%
    -> [Epoch 63] Student Test Accuracy for CIFAR10: 10.00%
    -> [Epoch 64] Student Test Accuracy for CIFAR10: 10.00%
    -> [Epoch 65] Student Test Accuracy for CIFAR10: 9.99%
    -> [Epoch 66] Student Test Accuracy for CIFAR10: 10.00%
    -> [Epoch 67] Student Test Accuracy for CIFAR10: 10.00%
    -> [Epoch 68] Student Test Accuracy for CIFAR10: 10.00%
    -> [Epoch 69] Student Test Accuracy for CIFAR10: 10.00%
    -> [Epoch 70] Student Test Accuracy for CIFAR10: 10.00%
    -> [Epoch 71] Student Test Accuracy for CIFAR10: 10.00%
    -> [Epoch 72] Student Test Accuracy for CIFAR10: 10.00%
    -> [Epoch 73] Student Test Accuracy for CIFAR10: 10.00%
    -> [Epoch 74] Student Test Accuracy for CIFAR10: 10.00%
    -> [Epoch 75] Student Test Accuracy for CIFAR10: 10.00%
    -> [Epoch 76] Student Test Accuracy for CIFAR10: 10.00%
    -> [Epoch 77] Student Test Accuracy for CIFAR10: 10.00%
    -> [Epoch 78] Student Test Accuracy for CIFAR10: 10.00%
    -> [Epoch 79] Student Test Accuracy for CIFAR10: 10.00%
    -> [Epoch 80] Student Test Accuracy for CIFAR10: 10.00%
    -> [Epoch 81] Student Test Accuracy for CIFAR10: 10.00%
    -> [Epoch 82] Student Test Accuracy for CIFAR10: 10.00%
    -> [Epoch 83] Student Test Accuracy for CIFAR10: 10.00%
    -> [Epoch 84] Student Test Accuracy for CIFAR10: 10.00%
    -> [Epoch 85] Student Test Accuracy for CIFAR10: 10.00%
    -> [Epoch 86] Student Test Accuracy for CIFAR10: 10.00%
    -> [Epoch 87] Student Test Accuracy for CIFAR10: 10.00%
    -> [Epoch 88] Student Test Accuracy for CIFAR10: 10.00%
    -> [Epoch 89] Student Test Accuracy for CIFAR10: 10.00%
    -> [Epoch 90] Student Test Accuracy for CIFAR10: 10.00%
    -> [Epoch 91] Student Test Accuracy for CIFAR10: 10.06%
    -> [Epoch 92] Student Test Accuracy for CIFAR10: 12.62%
    -> [Epoch 93] Student Test Accuracy for CIFAR10: 13.22%
    -> [Epoch 94] Student Test Accuracy for CIFAR10: 14.78%
    -> [Epoch 95] Student Test Accuracy for CIFAR10: 14.02%
    -> [Epoch 96] Student Test Accuracy for CIFAR10: 12.21%
    -> [Epoch 97] Student Test Accuracy for CIFAR10: 12.78%
    -> [Epoch 98] Student Test Accuracy for CIFAR10: 13.84%
    -> [Epoch 99] Student Test Accuracy for CIFAR10: 11.91%
    -> [Epoch 100] Student Test Accuracy for CIFAR10: 8.97%
    -> [Epoch 101] Student Test Accuracy for CIFAR10: 9.21%
    -> [Epoch 102] Student Test Accuracy for CIFAR10: 8.75%
    -> [Epoch 103] Student Test Accuracy for CIFAR10: 8.61%
    -> [Epoch 104] Student Test Accuracy for CIFAR10: 8.95%
    -> [Epoch 105] Student Test Accuracy for CIFAR10: 9.25%
    -> [Epoch 106] Student Test Accuracy for CIFAR10: 9.01%
    -> [Epoch 107] Student Test Accuracy for CIFAR10: 8.48%
    -> [Epoch 108] Student Test Accuracy for CIFAR10: 11.89%
    -> [Epoch 109] Student Test Accuracy for CIFAR10: 11.18%
    -> [Epoch 110] Student Test Accuracy for CIFAR10: 11.07%
    -> [Epoch 111] Student Test Accuracy for CIFAR10: 10.16%
    -> [Epoch 112] Student Test Accuracy for CIFAR10: 10.00%
    -> [Epoch 113] Student Test Accuracy for CIFAR10: 10.19%
    -> [Epoch 114] Student Test Accuracy for CIFAR10: 10.38%
    -> [Epoch 115] Student Test Accuracy for CIFAR10: 10.34%
    -> [Epoch 116] Student Test Accuracy for CIFAR10: 10.37%
    -> [Epoch 117] Student Test Accuracy for CIFAR10: 10.25%
    -> [Epoch 118] Student Test Accuracy for CIFAR10: 10.67%
    -> [Epoch 119] Student Test Accuracy for CIFAR10: 9.98%
    Dataset [CIFAR10] Generator | Epochs: 120 | Final Loss: 389.3744
    -> Student Accuracy per Epoch saved to /home/unshun/multi-FL/logs/Local_iid_het_gb40/new_client_2026-04-09_08-45-14/FAST_CIFAR10_student_acc.csv
-> [New] Gen images saved to /home/unshun/multi-FL/logs/Local_iid_het_gb40/new_client_2026-04-09_08-45-14/FAST_CIFAR10__gen_img_old.png
Exp: Old Gen + Old Ent (0.1)
dynamic_entropy_ratio: 0.1
MNIST:'0' -> EMNIST ❌ (Uncertain)
MNIST:'1' -> EMNIST ❌ (Uncertain)
MNIST:'2' -> EMNIST ❌ (Uncertain)
MNIST:'3' -> EMNIST ❌ (Uncertain)
MNIST:'4' -> EMNIST ❌ (Uncertain)
MNIST:'5' -> EMNIST ❌ (Uncertain)
MNIST:'6' -> EMNIST ❌ (Uncertain)
MNIST:'7' -> EMNIST ❌ (Uncertain)
MNIST:'8' -> EMNIST ❌ (Uncertain)
MNIST:'9' -> EMNIST ❌ (Uncertain)
MNIST:'0' -> CIFAR10 ❌ (Uncertain)
MNIST:'1' -> CIFAR10 ❌ (Uncertain)
MNIST:'2' -> CIFAR10 ❌ (Uncertain)
MNIST:'3' -> CIFAR10 ❌ (Uncertain)
MNIST:'4' -> CIFAR10 ❌ (Uncertain)
MNIST:'5' -> CIFAR10 ❌ (Uncertain)
MNIST:'6' -> CIFAR10 ❌ (Uncertain)
MNIST:'7' -> CIFAR10 ❌ (Uncertain)
MNIST:'8' -> CIFAR10 ❌ (Uncertain)
MNIST:'9' -> CIFAR10 ❌ (Uncertain)
EMNIST:'0' -> MNIST ❌ (Uncertain)
EMNIST:'1' -> MNIST ❌ (Uncertain)
EMNIST:'2' -> MNIST ❌ (Uncertain)
EMNIST:'3' -> MNIST ❌ (Uncertain)
EMNIST:'4' -> MNIST ❌ (Uncertain)
EMNIST:'5' -> MNIST ❌ (Uncertain)
EMNIST:'6' -> MNIST ❌ (Uncertain)
EMNIST:'7' -> MNIST ❌ (Uncertain)
EMNIST:'8' -> MNIST ❌ (Uncertain)
EMNIST:'9' -> MNIST ❌ (Uncertain)
EMNIST:'A' -> MNIST ❌ (Uncertain)
EMNIST:'B' -> MNIST ❌ (Uncertain)
EMNIST:'C' -> MNIST ❌ (Uncertain)
EMNIST:'D' -> MNIST ❌ (Uncertain)
EMNIST:'E' -> MNIST ❌ (Uncertain)
EMNIST:'F' -> MNIST ❌ (Uncertain)
EMNIST:'G' -> MNIST ❌ (Uncertain)
EMNIST:'H' -> MNIST ❌ (Uncertain)
EMNIST:'I' -> MNIST ❌ (Uncertain)
EMNIST:'J' -> MNIST ❌ (Uncertain)
EMNIST:'K' -> MNIST ❌ (Uncertain)
EMNIST:'L' -> MNIST ❌ (Uncertain)
EMNIST:'M' -> MNIST ❌ (Uncertain)
EMNIST:'N' -> MNIST ❌ (Uncertain)
EMNIST:'O' -> MNIST ❌ (Uncertain)
EMNIST:'P' -> MNIST ❌ (Uncertain)
EMNIST:'Q' -> MNIST ❌ (Uncertain)
EMNIST:'R' -> MNIST ❌ (Uncertain)
EMNIST:'S' -> MNIST ❌ (Uncertain)
EMNIST:'T' -> MNIST ❌ (Uncertain)
EMNIST:'U' -> MNIST ❌ (Uncertain)
EMNIST:'V' -> MNIST ❌ (Uncertain)
EMNIST:'W' -> MNIST ❌ (Uncertain)
EMNIST:'X' -> MNIST ❌ (Uncertain)
EMNIST:'Y' -> MNIST ❌ (Uncertain)
EMNIST:'Z' -> MNIST ❌ (Uncertain)
EMNIST:'a' -> MNIST ❌ (Uncertain)
EMNIST:'b' -> MNIST ❌ (Uncertain)
EMNIST:'c' -> MNIST ❌ (Uncertain)
EMNIST:'d' -> MNIST ❌ (Uncertain)
EMNIST:'e' -> MNIST ❌ (Uncertain)
EMNIST:'f' -> MNIST ❌ (Uncertain)
EMNIST:'g' -> MNIST ❌ (Uncertain)
EMNIST:'h' -> MNIST ❌ (Uncertain)
EMNIST:'i' -> MNIST ❌ (Uncertain)
EMNIST:'j' -> MNIST ❌ (Uncertain)
EMNIST:'k' -> MNIST ❌ (Uncertain)
EMNIST:'l' -> MNIST ❌ (Uncertain)
EMNIST:'m' -> MNIST ❌ (Uncertain)
EMNIST:'n' -> MNIST ❌ (Uncertain)
EMNIST:'o' -> MNIST ❌ (Uncertain)
EMNIST:'p' -> MNIST ❌ (Uncertain)
EMNIST:'q' -> MNIST ❌ (Uncertain)
EMNIST:'r' -> MNIST ❌ (Uncertain)
EMNIST:'s' -> MNIST ❌ (Uncertain)
EMNIST:'t' -> MNIST ❌ (Uncertain)
EMNIST:'u' -> MNIST ❌ (Uncertain)
EMNIST:'v' -> MNIST ❌ (Uncertain)
EMNIST:'w' -> MNIST ❌ (Uncertain)
EMNIST:'x' -> MNIST ❌ (Uncertain)
EMNIST:'y' -> MNIST ❌ (Uncertain)
EMNIST:'z' -> MNIST ❌ (Uncertain)
EMNIST:'0' -> CIFAR10 ❌ (Uncertain)
EMNIST:'1' -> CIFAR10 ❌ (Uncertain)
EMNIST:'2' -> CIFAR10 ❌ (Uncertain)
EMNIST:'3' -> CIFAR10 ❌ (Uncertain)
EMNIST:'4' -> CIFAR10 ❌ (Uncertain)
EMNIST:'5' -> CIFAR10 ❌ (Uncertain)
EMNIST:'6' -> CIFAR10 ❌ (Uncertain)
EMNIST:'7' -> CIFAR10 ❌ (Uncertain)
EMNIST:'8' -> CIFAR10 ❌ (Uncertain)
EMNIST:'9' -> CIFAR10 ❌ (Uncertain)
EMNIST:'A' -> CIFAR10 ❌ (Uncertain)
EMNIST:'B' -> CIFAR10 ❌ (Uncertain)
EMNIST:'C' -> CIFAR10 ❌ (Uncertain)
EMNIST:'D' -> CIFAR10 ❌ (Uncertain)
EMNIST:'E' -> CIFAR10 ❌ (Uncertain)
EMNIST:'F' -> CIFAR10 ❌ (Uncertain)
EMNIST:'G' -> CIFAR10 ❌ (Uncertain)
EMNIST:'H' -> CIFAR10 ❌ (Uncertain)
EMNIST:'I' -> CIFAR10 ❌ (Uncertain)
EMNIST:'J' -> CIFAR10 ❌ (Uncertain)
EMNIST:'K' -> CIFAR10 ❌ (Uncertain)
EMNIST:'L' -> CIFAR10 ❌ (Uncertain)
EMNIST:'M' -> CIFAR10 ❌ (Uncertain)
EMNIST:'N' -> CIFAR10 ❌ (Uncertain)
EMNIST:'O' -> CIFAR10 ❌ (Uncertain)
EMNIST:'P' -> CIFAR10 ❌ (Uncertain)
EMNIST:'Q' -> CIFAR10 ❌ (Uncertain)
EMNIST:'R' -> CIFAR10 ❌ (Uncertain)
EMNIST:'S' -> CIFAR10 ❌ (Uncertain)
EMNIST:'T' -> CIFAR10 ❌ (Uncertain)
EMNIST:'U' -> CIFAR10 ❌ (Uncertain)
EMNIST:'V' -> CIFAR10 ❌ (Uncertain)
EMNIST:'W' -> CIFAR10 ❌ (Uncertain)
EMNIST:'X' -> CIFAR10 ❌ (Uncertain)
EMNIST:'Y' -> CIFAR10 ❌ (Uncertain)
EMNIST:'Z' -> CIFAR10 ❌ (Uncertain)
EMNIST:'a' -> CIFAR10 ❌ (Uncertain)
EMNIST:'b' -> CIFAR10 ❌ (Uncertain)
EMNIST:'c' -> CIFAR10 ❌ (Uncertain)
EMNIST:'d' -> CIFAR10 ❌ (Uncertain)
EMNIST:'e' -> CIFAR10 ❌ (Uncertain)
EMNIST:'f' -> CIFAR10 ❌ (Uncertain)
EMNIST:'g' -> CIFAR10 ❌ (Uncertain)
EMNIST:'h' -> CIFAR10 ❌ (Uncertain)
EMNIST:'i' -> CIFAR10 ❌ (Uncertain)
EMNIST:'j' -> CIFAR10 ❌ (Uncertain)
EMNIST:'k' -> CIFAR10 ❌ (Uncertain)
EMNIST:'l' -> CIFAR10 ❌ (Uncertain)
EMNIST:'m' -> CIFAR10 ❌ (Uncertain)
EMNIST:'n' -> CIFAR10 ❌ (Uncertain)
EMNIST:'o' -> CIFAR10 ❌ (Uncertain)
EMNIST:'p' -> CIFAR10 ❌ (Uncertain)
EMNIST:'q' -> CIFAR10 ❌ (Uncertain)
EMNIST:'r' -> CIFAR10 ❌ (Uncertain)
EMNIST:'s' -> CIFAR10 ❌ (Uncertain)
EMNIST:'t' -> CIFAR10 ❌ (Uncertain)
EMNIST:'u' -> CIFAR10 ❌ (Uncertain)
EMNIST:'v' -> CIFAR10 ❌ (Uncertain)
EMNIST:'w' -> CIFAR10 ❌ (Uncertain)
EMNIST:'x' -> CIFAR10 ❌ (Uncertain)
EMNIST:'y' -> CIFAR10 ❌ (Uncertain)
EMNIST:'z' -> CIFAR10 ❌ (Uncertain)
CIFAR10:'airplane' -> MNIST ❌ (Uncertain)
CIFAR10:'automobile' -> MNIST ❌ (Uncertain)
CIFAR10:'bird' -> MNIST ❌ (Uncertain)
CIFAR10:'cat' -> MNIST ❌ (Uncertain)
CIFAR10:'deer' -> MNIST ❌ (Uncertain)
CIFAR10:'dog' -> MNIST ❌ (Uncertain)
CIFAR10:'frog' -> MNIST ❌ (Uncertain)
CIFAR10:'horse' -> MNIST ❌ (Uncertain)
CIFAR10:'ship' -> MNIST ❌ (Uncertain)
CIFAR10:'truck' -> MNIST ❌ (Uncertain)
CIFAR10:'airplane' -> EMNIST ❌ (Uncertain)
CIFAR10:'automobile' -> EMNIST ❌ (Uncertain)
CIFAR10:'bird' -> EMNIST ❌ (Uncertain)
CIFAR10:'cat' -> EMNIST ❌ (Uncertain)
CIFAR10:'deer' -> EMNIST ❌ (Uncertain)
CIFAR10:'dog' -> EMNIST ❌ (Uncertain)
CIFAR10:'frog' -> EMNIST ❌ (Uncertain)
CIFAR10:'horse' -> EMNIST ❌ (Uncertain)
CIFAR10:'ship' -> EMNIST ❌ (Uncertain)
CIFAR10:'truck' -> EMNIST ❌ (Uncertain)
Exp: Old Gen + Old Ent (0.15)
dynamic_entropy_ratio: 0.15
MNIST:'0' -> EMNIST ❌ (Uncertain)
MNIST:'1' -> EMNIST ❌ (Uncertain)
MNIST:'2' -> EMNIST ❌ (Uncertain)
MNIST:'3' -> EMNIST ❌ (Uncertain)
MNIST:'4' -> EMNIST ❌ (Uncertain)
MNIST:'5' -> EMNIST ❌ (Uncertain)
MNIST:'6' -> EMNIST ❌ (Uncertain)
MNIST:'7' -> EMNIST ❌ (Uncertain)
MNIST:'8' -> EMNIST ❌ (Uncertain)
MNIST:'9' -> EMNIST ❌ (Uncertain)
MNIST:'0' -> CIFAR10 ❌ (Uncertain)
MNIST:'1' -> CIFAR10 ❌ (Uncertain)
MNIST:'2' -> CIFAR10 ❌ (Uncertain)
MNIST:'3' -> CIFAR10 ❌ (Uncertain)
MNIST:'4' -> CIFAR10 ❌ (Uncertain)
MNIST:'5' -> CIFAR10 ❌ (Uncertain)
MNIST:'6' -> CIFAR10 ❌ (Uncertain)
MNIST:'7' -> CIFAR10 ❌ (Uncertain)
MNIST:'8' -> CIFAR10 ❌ (Uncertain)
MNIST:'9' -> CIFAR10 ❌ (Uncertain)
EMNIST:'0' -> MNIST ❌ (Uncertain)
EMNIST:'1' -> MNIST ❌ (Uncertain)
EMNIST:'2' -> MNIST ❌ (Uncertain)
EMNIST:'3' -> MNIST ❌ (Uncertain)
EMNIST:'4' -> MNIST ❌ (Uncertain)
EMNIST:'5' -> MNIST ❌ (Uncertain)
EMNIST:'6' -> MNIST ❌ (Uncertain)
EMNIST:'7' -> MNIST ❌ (Uncertain)
EMNIST:'8' -> MNIST ❌ (Uncertain)
EMNIST:'9' -> MNIST ❌ (Uncertain)
EMNIST:'A' -> MNIST ❌ (Uncertain)
EMNIST:'B' -> MNIST ❌ (Uncertain)
EMNIST:'C' -> MNIST ❌ (Uncertain)
EMNIST:'D' -> MNIST ❌ (Uncertain)
EMNIST:'E' -> MNIST ❌ (Uncertain)
EMNIST:'F' -> MNIST ❌ (Uncertain)
EMNIST:'G' -> MNIST ❌ (Uncertain)
EMNIST:'H' -> MNIST ❌ (Uncertain)
EMNIST:'I' -> MNIST ❌ (Uncertain)
EMNIST:'J' -> MNIST ❌ (Uncertain)
EMNIST:'K' -> MNIST ❌ (Uncertain)
EMNIST:'L' -> MNIST ❌ (Uncertain)
EMNIST:'M' -> MNIST ❌ (Uncertain)
EMNIST:'N' -> MNIST ❌ (Uncertain)
EMNIST:'O' -> MNIST ❌ (Uncertain)
EMNIST:'P' -> MNIST ❌ (Uncertain)
EMNIST:'Q' -> MNIST ❌ (Uncertain)
EMNIST:'R' -> MNIST ❌ (Uncertain)
EMNIST:'S' -> MNIST ❌ (Uncertain)
EMNIST:'T' -> MNIST ❌ (Uncertain)
EMNIST:'U' -> MNIST ❌ (Uncertain)
EMNIST:'V' -> MNIST ❌ (Uncertain)
EMNIST:'W' -> MNIST ❌ (Uncertain)
EMNIST:'X' -> MNIST ❌ (Uncertain)
EMNIST:'Y' -> MNIST ❌ (Uncertain)
EMNIST:'Z' -> MNIST ❌ (Uncertain)
EMNIST:'a' -> MNIST ❌ (Uncertain)
EMNIST:'b' -> MNIST ❌ (Uncertain)
EMNIST:'c' -> MNIST ❌ (Uncertain)
EMNIST:'d' -> MNIST ❌ (Uncertain)
EMNIST:'e' -> MNIST ❌ (Uncertain)
EMNIST:'f' -> MNIST ❌ (Uncertain)
EMNIST:'g' -> MNIST ❌ (Uncertain)
EMNIST:'h' -> MNIST ❌ (Uncertain)
EMNIST:'i' -> MNIST ❌ (Uncertain)
EMNIST:'j' -> MNIST ❌ (Uncertain)
EMNIST:'k' -> MNIST ❌ (Uncertain)
EMNIST:'l' -> MNIST ❌ (Uncertain)
EMNIST:'m' -> MNIST ❌ (Uncertain)
EMNIST:'n' -> MNIST ❌ (Uncertain)
EMNIST:'o' -> MNIST ❌ (Uncertain)
EMNIST:'p' -> MNIST ❌ (Uncertain)
EMNIST:'q' -> MNIST ❌ (Uncertain)
EMNIST:'r' -> MNIST ❌ (Uncertain)
EMNIST:'s' -> MNIST ❌ (Uncertain)
EMNIST:'t' -> MNIST ❌ (Uncertain)
EMNIST:'u' -> MNIST ❌ (Uncertain)
EMNIST:'v' -> MNIST ❌ (Uncertain)
EMNIST:'w' -> MNIST ❌ (Uncertain)
EMNIST:'x' -> MNIST ❌ (Uncertain)
EMNIST:'y' -> MNIST ❌ (Uncertain)
EMNIST:'z' -> MNIST ❌ (Uncertain)
EMNIST:'0' -> CIFAR10 ❌ (Uncertain)
EMNIST:'1' -> CIFAR10 ❌ (Uncertain)
EMNIST:'2' -> CIFAR10 ❌ (Uncertain)
EMNIST:'3' -> CIFAR10 ❌ (Uncertain)
EMNIST:'4' -> CIFAR10 ❌ (Uncertain)
EMNIST:'5' -> CIFAR10 ❌ (Uncertain)
EMNIST:'6' -> CIFAR10 ❌ (Uncertain)
EMNIST:'7' -> CIFAR10 ❌ (Uncertain)
EMNIST:'8' -> CIFAR10 ❌ (Uncertain)
EMNIST:'9' -> CIFAR10 ❌ (Uncertain)
EMNIST:'A' -> CIFAR10 ❌ (Uncertain)
EMNIST:'B' -> CIFAR10 ❌ (Uncertain)
EMNIST:'C' -> CIFAR10 ❌ (Uncertain)
EMNIST:'D' -> CIFAR10 ❌ (Uncertain)
EMNIST:'E' -> CIFAR10 ❌ (Uncertain)
EMNIST:'F' -> CIFAR10 ❌ (Uncertain)
EMNIST:'G' -> CIFAR10 ❌ (Uncertain)
EMNIST:'H' -> CIFAR10 ❌ (Uncertain)
EMNIST:'I' -> CIFAR10 ❌ (Uncertain)
EMNIST:'J' -> CIFAR10 ❌ (Uncertain)
EMNIST:'K' -> CIFAR10 ❌ (Uncertain)
EMNIST:'L' -> CIFAR10 ❌ (Uncertain)
EMNIST:'M' -> CIFAR10 ❌ (Uncertain)
EMNIST:'N' -> CIFAR10 ❌ (Uncertain)
EMNIST:'O' -> CIFAR10 ❌ (Uncertain)
EMNIST:'P' -> CIFAR10 ❌ (Uncertain)
EMNIST:'Q' -> CIFAR10 ❌ (Uncertain)
EMNIST:'R' -> CIFAR10 ❌ (Uncertain)
EMNIST:'S' -> CIFAR10 ❌ (Uncertain)
EMNIST:'T' -> CIFAR10 ❌ (Uncertain)
EMNIST:'U' -> CIFAR10 ❌ (Uncertain)
EMNIST:'V' -> CIFAR10 ❌ (Uncertain)
EMNIST:'W' -> CIFAR10 ❌ (Uncertain)
EMNIST:'X' -> CIFAR10 ❌ (Uncertain)
EMNIST:'Y' -> CIFAR10 ❌ (Uncertain)
EMNIST:'Z' -> CIFAR10 ❌ (Uncertain)
EMNIST:'a' -> CIFAR10 ❌ (Uncertain)
EMNIST:'b' -> CIFAR10 ❌ (Uncertain)
EMNIST:'c' -> CIFAR10 ❌ (Uncertain)
EMNIST:'d' -> CIFAR10 ❌ (Uncertain)
EMNIST:'e' -> CIFAR10 ❌ (Uncertain)
EMNIST:'f' -> CIFAR10 ❌ (Uncertain)
EMNIST:'g' -> CIFAR10 ❌ (Uncertain)
EMNIST:'h' -> CIFAR10 ❌ (Uncertain)
EMNIST:'i' -> CIFAR10 ❌ (Uncertain)
EMNIST:'j' -> CIFAR10 ❌ (Uncertain)
EMNIST:'k' -> CIFAR10 ❌ (Uncertain)
EMNIST:'l' -> CIFAR10 ❌ (Uncertain)
EMNIST:'m' -> CIFAR10 ❌ (Uncertain)
EMNIST:'n' -> CIFAR10 ❌ (Uncertain)
EMNIST:'o' -> CIFAR10 ❌ (Uncertain)
EMNIST:'p' -> CIFAR10 ❌ (Uncertain)
EMNIST:'q' -> CIFAR10 ❌ (Uncertain)
EMNIST:'r' -> CIFAR10 ❌ (Uncertain)
EMNIST:'s' -> CIFAR10 ❌ (Uncertain)
EMNIST:'t' -> CIFAR10 ❌ (Uncertain)
EMNIST:'u' -> CIFAR10 ❌ (Uncertain)
EMNIST:'v' -> CIFAR10 ❌ (Uncertain)
EMNIST:'w' -> CIFAR10 ❌ (Uncertain)
EMNIST:'x' -> CIFAR10 ❌ (Uncertain)
EMNIST:'y' -> CIFAR10 ❌ (Uncertain)
EMNIST:'z' -> CIFAR10 ❌ (Uncertain)
CIFAR10:'airplane' -> MNIST ❌ (Uncertain)
CIFAR10:'automobile' -> MNIST ❌ (Uncertain)
CIFAR10:'bird' -> MNIST ❌ (Uncertain)
CIFAR10:'cat' -> MNIST ❌ (Uncertain)
CIFAR10:'deer' -> MNIST ❌ (Uncertain)
CIFAR10:'dog' -> MNIST ❌ (Uncertain)
CIFAR10:'frog' -> MNIST ❌ (Uncertain)
CIFAR10:'horse' -> MNIST ❌ (Uncertain)
CIFAR10:'ship' -> MNIST ❌ (Uncertain)
CIFAR10:'truck' -> MNIST ❌ (Uncertain)
CIFAR10:'airplane' -> EMNIST ❌ (Uncertain)
CIFAR10:'automobile' -> EMNIST ❌ (Uncertain)
CIFAR10:'bird' -> EMNIST ❌ (Uncertain)
CIFAR10:'cat' -> EMNIST ❌ (Uncertain)
CIFAR10:'deer' -> EMNIST ❌ (Uncertain)
CIFAR10:'dog' -> EMNIST ❌ (Uncertain)
CIFAR10:'frog' -> EMNIST ❌ (Uncertain)
CIFAR10:'horse' -> EMNIST ❌ (Uncertain)
CIFAR10:'ship' -> EMNIST ❌ (Uncertain)
CIFAR10:'truck' -> EMNIST ❌ (Uncertain)
Exp: Old Gen + Old Ent (0.2)
dynamic_entropy_ratio: 0.2
MNIST:'0' -> EMNIST ❌ (Uncertain)
MNIST:'1' -> EMNIST ❌ (Uncertain)
MNIST:'2' -> EMNIST ❌ (Uncertain)
MNIST:'3' -> EMNIST ❌ (Uncertain)
MNIST:'4' -> EMNIST ❌ (Uncertain)
MNIST:'5' -> EMNIST ❌ (Uncertain)
MNIST:'6' -> EMNIST ❌ (Uncertain)
MNIST:'7' -> EMNIST ❌ (Uncertain)
MNIST:'8' -> EMNIST ❌ (Uncertain)
MNIST:'9' -> EMNIST ❌ (Uncertain)
MNIST:'0' -> CIFAR10 ❌ (Uncertain)
MNIST:'1' -> CIFAR10 ❌ (Uncertain)
MNIST:'2' -> CIFAR10 ❌ (Uncertain)
MNIST:'3' -> CIFAR10 ❌ (Uncertain)
MNIST:'4' -> CIFAR10 ❌ (Uncertain)
MNIST:'5' -> CIFAR10 ❌ (Uncertain)
MNIST:'6' -> CIFAR10 ❌ (Uncertain)
MNIST:'7' -> CIFAR10 ❌ (Uncertain)
MNIST:'8' -> CIFAR10 ❌ (Uncertain)
MNIST:'9' -> CIFAR10 ❌ (Uncertain)
EMNIST:'0' -> MNIST ❌ (Uncertain)
EMNIST:'1' -> MNIST ❌ (Uncertain)
EMNIST:'2' -> MNIST ❌ (Uncertain)
EMNIST:'3' -> MNIST ❌ (Uncertain)
EMNIST:'4' -> MNIST ❌ (Uncertain)
EMNIST:'5' -> MNIST ❌ (Uncertain)
EMNIST:'6' -> MNIST ❌ (Uncertain)
EMNIST:'7' -> MNIST ❌ (Uncertain)
EMNIST:'8' -> MNIST ❌ (Uncertain)
EMNIST:'9' -> MNIST ❌ (Uncertain)
EMNIST:'A' -> MNIST ❌ (Uncertain)
EMNIST:'B' -> MNIST ❌ (Uncertain)
EMNIST:'C' -> MNIST ❌ (Uncertain)
EMNIST:'D' -> MNIST ❌ (Uncertain)
EMNIST:'E' -> MNIST ❌ (Uncertain)
EMNIST:'F' -> MNIST ❌ (Uncertain)
EMNIST:'G' -> MNIST ❌ (Uncertain)
EMNIST:'H' -> MNIST ❌ (Uncertain)
EMNIST:'I' -> MNIST ❌ (Uncertain)
EMNIST:'J' -> MNIST ❌ (Uncertain)
EMNIST:'K' -> MNIST ❌ (Uncertain)
EMNIST:'L' -> MNIST ❌ (Uncertain)
EMNIST:'M' -> MNIST ❌ (Uncertain)
EMNIST:'N' -> MNIST ❌ (Uncertain)
EMNIST:'O' -> MNIST ❌ (Uncertain)
EMNIST:'P' -> MNIST ❌ (Uncertain)
EMNIST:'Q' -> MNIST ❌ (Uncertain)
EMNIST:'R' -> MNIST ❌ (Uncertain)
EMNIST:'S' -> MNIST ❌ (Uncertain)
EMNIST:'T' -> MNIST ❌ (Uncertain)
EMNIST:'U' -> MNIST ❌ (Uncertain)
EMNIST:'V' -> MNIST ❌ (Uncertain)
EMNIST:'W' -> MNIST ❌ (Uncertain)
EMNIST:'X' -> MNIST ❌ (Uncertain)
EMNIST:'Y' -> MNIST ❌ (Uncertain)
EMNIST:'Z' -> MNIST ❌ (Uncertain)
EMNIST:'a' -> MNIST ❌ (Uncertain)
EMNIST:'b' -> MNIST ❌ (Uncertain)
EMNIST:'c' -> MNIST ❌ (Uncertain)
EMNIST:'d' -> MNIST ❌ (Uncertain)
EMNIST:'e' -> MNIST ❌ (Uncertain)
EMNIST:'f' -> MNIST ❌ (Uncertain)
EMNIST:'g' -> MNIST ❌ (Uncertain)
EMNIST:'h' -> MNIST ❌ (Uncertain)
EMNIST:'i' -> MNIST ❌ (Uncertain)
EMNIST:'j' -> MNIST ❌ (Uncertain)
EMNIST:'k' -> MNIST ❌ (Uncertain)
EMNIST:'l' -> MNIST ❌ (Uncertain)
EMNIST:'m' -> MNIST ❌ (Uncertain)
EMNIST:'n' -> MNIST ❌ (Uncertain)
EMNIST:'o' -> MNIST ❌ (Uncertain)
EMNIST:'p' -> MNIST ❌ (Uncertain)
EMNIST:'q' -> MNIST ❌ (Uncertain)
EMNIST:'r' -> MNIST ❌ (Uncertain)
EMNIST:'s' -> MNIST ❌ (Uncertain)
EMNIST:'t' -> MNIST ❌ (Uncertain)
EMNIST:'u' -> MNIST ❌ (Uncertain)
EMNIST:'v' -> MNIST ❌ (Uncertain)
EMNIST:'w' -> MNIST ❌ (Uncertain)
EMNIST:'x' -> MNIST ❌ (Uncertain)
EMNIST:'y' -> MNIST ❌ (Uncertain)
EMNIST:'z' -> MNIST ❌ (Uncertain)
EMNIST:'0' -> CIFAR10 ❌ (Uncertain)
EMNIST:'1' -> CIFAR10 ❌ (Uncertain)
EMNIST:'2' -> CIFAR10 ❌ (Uncertain)
EMNIST:'3' -> CIFAR10 ❌ (Uncertain)
EMNIST:'4' -> CIFAR10 ❌ (Uncertain)
EMNIST:'5' -> CIFAR10 ❌ (Uncertain)
EMNIST:'6' -> CIFAR10 ❌ (Uncertain)
EMNIST:'7' -> CIFAR10 ❌ (Uncertain)
EMNIST:'8' -> CIFAR10 ❌ (Uncertain)
EMNIST:'9' -> CIFAR10 ❌ (Uncertain)
EMNIST:'A' -> CIFAR10 ❌ (Uncertain)
EMNIST:'B' -> CIFAR10 ❌ (Uncertain)
EMNIST:'C' -> CIFAR10 ❌ (Uncertain)
EMNIST:'D' -> CIFAR10 ❌ (Uncertain)
EMNIST:'E' -> CIFAR10 ❌ (Uncertain)
EMNIST:'F' -> CIFAR10 ❌ (Uncertain)
EMNIST:'G' -> CIFAR10 ❌ (Uncertain)
EMNIST:'H' -> CIFAR10 ❌ (Uncertain)
EMNIST:'I' -> CIFAR10 ❌ (Uncertain)
EMNIST:'J' -> CIFAR10 ❌ (Uncertain)
EMNIST:'K' -> CIFAR10 ❌ (Uncertain)
EMNIST:'L' -> CIFAR10 ❌ (Uncertain)
EMNIST:'M' -> CIFAR10 ❌ (Uncertain)
EMNIST:'N' -> CIFAR10 ❌ (Uncertain)
EMNIST:'O' -> CIFAR10 ❌ (Uncertain)
EMNIST:'P' -> CIFAR10 ❌ (Uncertain)
EMNIST:'Q' -> CIFAR10 ❌ (Uncertain)
EMNIST:'R' -> CIFAR10 ❌ (Uncertain)
EMNIST:'S' -> CIFAR10 ❌ (Uncertain)
EMNIST:'T' -> CIFAR10 ❌ (Uncertain)
EMNIST:'U' -> CIFAR10 ❌ (Uncertain)
EMNIST:'V' -> CIFAR10 ❌ (Uncertain)
EMNIST:'W' -> CIFAR10 ❌ (Uncertain)
EMNIST:'X' -> CIFAR10 ❌ (Uncertain)
EMNIST:'Y' -> CIFAR10 ❌ (Uncertain)
EMNIST:'Z' -> CIFAR10 ❌ (Uncertain)
EMNIST:'a' -> CIFAR10 ❌ (Uncertain)
EMNIST:'b' -> CIFAR10 ❌ (Uncertain)
EMNIST:'c' -> CIFAR10 ❌ (Uncertain)
EMNIST:'d' -> CIFAR10 ❌ (Uncertain)
EMNIST:'e' -> CIFAR10 ❌ (Uncertain)
EMNIST:'f' -> CIFAR10 ❌ (Uncertain)
EMNIST:'g' -> CIFAR10 ❌ (Uncertain)
EMNIST:'h' -> CIFAR10 ❌ (Uncertain)
EMNIST:'i' -> CIFAR10 ❌ (Uncertain)
EMNIST:'j' -> CIFAR10 ❌ (Uncertain)
EMNIST:'k' -> CIFAR10 ❌ (Uncertain)
EMNIST:'l' -> CIFAR10 ❌ (Uncertain)
EMNIST:'m' -> CIFAR10 ❌ (Uncertain)
EMNIST:'n' -> CIFAR10 ❌ (Uncertain)
EMNIST:'o' -> CIFAR10 ❌ (Uncertain)
EMNIST:'p' -> CIFAR10 ❌ (Uncertain)
EMNIST:'q' -> CIFAR10 ❌ (Uncertain)
EMNIST:'r' -> CIFAR10 ❌ (Uncertain)
EMNIST:'s' -> CIFAR10 ❌ (Uncertain)
EMNIST:'t' -> CIFAR10 ❌ (Uncertain)
EMNIST:'u' -> CIFAR10 ❌ (Uncertain)
EMNIST:'v' -> CIFAR10 ❌ (Uncertain)
EMNIST:'w' -> CIFAR10 ❌ (Uncertain)
EMNIST:'x' -> CIFAR10 ❌ (Uncertain)
EMNIST:'y' -> CIFAR10 ❌ (Uncertain)
EMNIST:'z' -> CIFAR10 ❌ (Uncertain)
CIFAR10:'airplane' -> MNIST ❌ (Uncertain)
CIFAR10:'automobile' -> MNIST ❌ (Uncertain)
CIFAR10:'bird' -> MNIST ❌ (Uncertain)
CIFAR10:'cat' -> MNIST ❌ (Uncertain)
CIFAR10:'deer' -> MNIST ❌ (Uncertain)
CIFAR10:'dog' -> MNIST ❌ (Uncertain)
CIFAR10:'frog' -> MNIST ❌ (Uncertain)
CIFAR10:'horse' -> MNIST ❌ (Uncertain)
CIFAR10:'ship' -> MNIST ❌ (Uncertain)
CIFAR10:'truck' -> MNIST ❌ (Uncertain)
CIFAR10:'airplane' -> EMNIST ❌ (Uncertain)
CIFAR10:'automobile' -> EMNIST ❌ (Uncertain)
CIFAR10:'bird' -> EMNIST ❌ (Uncertain)
CIFAR10:'cat' -> EMNIST ❌ (Uncertain)
CIFAR10:'deer' -> EMNIST ❌ (Uncertain)
CIFAR10:'dog' -> EMNIST ❌ (Uncertain)
CIFAR10:'frog' -> EMNIST ❌ (Uncertain)
CIFAR10:'horse' -> EMNIST ❌ (Uncertain)
CIFAR10:'ship' -> EMNIST ❌ (Uncertain)
CIFAR10:'truck' -> EMNIST ❌ (Uncertain)
Exp: Old Gen + Old Ent (0.25)
dynamic_entropy_ratio: 0.25
MNIST:'0' -> EMNIST ❌ (Uncertain)
MNIST:'1' -> EMNIST ❌ (Uncertain)
MNIST:'2' -> EMNIST ❌ (Uncertain)
MNIST:'3' -> EMNIST ❌ (Uncertain)
MNIST:'4' -> EMNIST ❌ (Uncertain)
MNIST:'5' -> EMNIST ❌ (Uncertain)
MNIST:'6' -> EMNIST ❌ (Uncertain)
MNIST:'7' -> EMNIST ❌ (Uncertain)
MNIST:'8' -> EMNIST ❌ (Uncertain)
MNIST:'9' -> EMNIST ❌ (Uncertain)
MNIST:'0' -> CIFAR10 ❌ (Uncertain)
MNIST:'1' -> CIFAR10 ❌ (Uncertain)
MNIST:'2' -> CIFAR10 ❌ (Uncertain)
MNIST:'3' -> CIFAR10 ❌ (Uncertain)
MNIST:'4' -> CIFAR10 ❌ (Uncertain)
MNIST:'5' -> CIFAR10 ❌ (Uncertain)
MNIST:'6' -> CIFAR10 ❌ (Uncertain)
MNIST:'7' -> CIFAR10 ❌ (Uncertain)
MNIST:'8' -> CIFAR10 ❌ (Uncertain)
MNIST:'9' -> CIFAR10 ❌ (Uncertain)
EMNIST:'0' -> MNIST ❌ (Uncertain)
EMNIST:'1' -> MNIST ❌ (Uncertain)
EMNIST:'2' -> MNIST ❌ (Uncertain)
EMNIST:'3' -> MNIST ❌ (Uncertain)
EMNIST:'4' -> MNIST ❌ (Uncertain)
EMNIST:'5' -> MNIST ❌ (Uncertain)
EMNIST:'6' -> MNIST ❌ (Uncertain)
EMNIST:'7' -> MNIST ❌ (Uncertain)
EMNIST:'8' -> MNIST ❌ (Uncertain)
EMNIST:'9' -> MNIST ❌ (Uncertain)
EMNIST:'A' -> MNIST ❌ (Uncertain)
EMNIST:'B' -> MNIST ❌ (Uncertain)
EMNIST:'C' -> MNIST ❌ (Uncertain)
EMNIST:'D' -> MNIST ❌ (Uncertain)
EMNIST:'E' -> MNIST ❌ (Uncertain)
EMNIST:'F' -> MNIST ❌ (Uncertain)
EMNIST:'G' -> MNIST ❌ (Uncertain)
EMNIST:'H' -> MNIST ❌ (Uncertain)
EMNIST:'I' -> MNIST ❌ (Uncertain)
EMNIST:'J' -> MNIST ❌ (Uncertain)
EMNIST:'K' -> MNIST ❌ (Uncertain)
EMNIST:'L' -> MNIST ❌ (Uncertain)
EMNIST:'M' -> MNIST ❌ (Uncertain)
EMNIST:'N' -> MNIST ❌ (Uncertain)
EMNIST:'O' -> MNIST ❌ (Uncertain)
EMNIST:'P' -> MNIST ❌ (Uncertain)
EMNIST:'Q' -> MNIST ❌ (Uncertain)
EMNIST:'R' -> MNIST ❌ (Uncertain)
EMNIST:'S' -> MNIST ❌ (Uncertain)
EMNIST:'T' -> MNIST ❌ (Uncertain)
EMNIST:'U' -> MNIST ❌ (Uncertain)
EMNIST:'V' -> MNIST ❌ (Uncertain)
EMNIST:'W' -> MNIST ❌ (Uncertain)
EMNIST:'X' -> MNIST ❌ (Uncertain)
EMNIST:'Y' -> MNIST ❌ (Uncertain)
EMNIST:'Z' -> MNIST ❌ (Uncertain)
EMNIST:'a' -> MNIST ❌ (Uncertain)
EMNIST:'b' -> MNIST ❌ (Uncertain)
EMNIST:'c' -> MNIST ❌ (Uncertain)
EMNIST:'d' -> MNIST ❌ (Uncertain)
EMNIST:'e' -> MNIST ❌ (Uncertain)
EMNIST:'f' -> MNIST ❌ (Uncertain)
EMNIST:'g' -> MNIST ❌ (Uncertain)
EMNIST:'h' -> MNIST ❌ (Uncertain)
EMNIST:'i' -> MNIST ❌ (Uncertain)
EMNIST:'j' -> MNIST ❌ (Uncertain)
EMNIST:'k' -> MNIST ❌ (Uncertain)
EMNIST:'l' -> MNIST ❌ (Uncertain)
EMNIST:'m' -> MNIST ❌ (Uncertain)
EMNIST:'n' -> MNIST ❌ (Uncertain)
EMNIST:'o' -> MNIST ❌ (Uncertain)
EMNIST:'p' -> MNIST ❌ (Uncertain)
EMNIST:'q' -> MNIST ❌ (Uncertain)
EMNIST:'r' -> MNIST ❌ (Uncertain)
EMNIST:'s' -> MNIST ❌ (Uncertain)
EMNIST:'t' -> MNIST ❌ (Uncertain)
EMNIST:'u' -> MNIST ❌ (Uncertain)
EMNIST:'v' -> MNIST ❌ (Uncertain)
EMNIST:'w' -> MNIST ❌ (Uncertain)
EMNIST:'x' -> MNIST ❌ (Uncertain)
EMNIST:'y' -> MNIST ❌ (Uncertain)
EMNIST:'z' -> MNIST ❌ (Uncertain)
EMNIST:'0' -> CIFAR10 ❌ (Uncertain)
EMNIST:'1' -> CIFAR10 ❌ (Uncertain)
EMNIST:'2' -> CIFAR10 ❌ (Uncertain)
EMNIST:'3' -> CIFAR10 ❌ (Uncertain)
EMNIST:'4' -> CIFAR10 ❌ (Uncertain)
EMNIST:'5' -> CIFAR10 ❌ (Uncertain)
EMNIST:'6' -> CIFAR10 ❌ (Uncertain)
EMNIST:'7' -> CIFAR10 ❌ (Uncertain)
EMNIST:'8' -> CIFAR10 ❌ (Uncertain)
EMNIST:'9' -> CIFAR10 ❌ (Uncertain)
EMNIST:'A' -> CIFAR10 ❌ (Uncertain)
EMNIST:'B' -> CIFAR10 ❌ (Uncertain)
EMNIST:'C' -> CIFAR10 ❌ (Uncertain)
EMNIST:'D' -> CIFAR10 ❌ (Uncertain)
EMNIST:'E' -> CIFAR10 ❌ (Uncertain)
EMNIST:'F' -> CIFAR10 ❌ (Uncertain)
EMNIST:'G' -> CIFAR10 ❌ (Uncertain)
EMNIST:'H' -> CIFAR10 ❌ (Uncertain)
EMNIST:'I' -> CIFAR10 ❌ (Uncertain)
EMNIST:'J' -> CIFAR10 ❌ (Uncertain)
EMNIST:'K' -> CIFAR10 ❌ (Uncertain)
EMNIST:'L' -> CIFAR10 ❌ (Uncertain)
EMNIST:'M' -> CIFAR10 ❌ (Uncertain)
EMNIST:'N' -> CIFAR10 ❌ (Uncertain)
EMNIST:'O' -> CIFAR10 ❌ (Uncertain)
EMNIST:'P' -> CIFAR10 ❌ (Uncertain)
EMNIST:'Q' -> CIFAR10 ❌ (Uncertain)
EMNIST:'R' -> CIFAR10 ❌ (Uncertain)
EMNIST:'S' -> CIFAR10 ❌ (Uncertain)
EMNIST:'T' -> CIFAR10 ❌ (Uncertain)
EMNIST:'U' -> CIFAR10 ❌ (Uncertain)
EMNIST:'V' -> CIFAR10 ❌ (Uncertain)
EMNIST:'W' -> CIFAR10 ❌ (Uncertain)
EMNIST:'X' -> CIFAR10 ❌ (Uncertain)
EMNIST:'Y' -> CIFAR10 ❌ (Uncertain)
EMNIST:'Z' -> CIFAR10 ❌ (Uncertain)
EMNIST:'a' -> CIFAR10 ❌ (Uncertain)
EMNIST:'b' -> CIFAR10 ❌ (Uncertain)
EMNIST:'c' -> CIFAR10 ❌ (Uncertain)
EMNIST:'d' -> CIFAR10 ❌ (Uncertain)
EMNIST:'e' -> CIFAR10 ❌ (Uncertain)
EMNIST:'f' -> CIFAR10 ❌ (Uncertain)
EMNIST:'g' -> CIFAR10 ❌ (Uncertain)
EMNIST:'h' -> CIFAR10 ❌ (Uncertain)
EMNIST:'i' -> CIFAR10 ❌ (Uncertain)
EMNIST:'j' -> CIFAR10 ❌ (Uncertain)
EMNIST:'k' -> CIFAR10 ❌ (Uncertain)
EMNIST:'l' -> CIFAR10 ❌ (Uncertain)
EMNIST:'m' -> CIFAR10 ❌ (Uncertain)
EMNIST:'n' -> CIFAR10 ❌ (Uncertain)
EMNIST:'o' -> CIFAR10 ❌ (Uncertain)
EMNIST:'p' -> CIFAR10 ❌ (Uncertain)
EMNIST:'q' -> CIFAR10 ❌ (Uncertain)
EMNIST:'r' -> CIFAR10 ❌ (Uncertain)
EMNIST:'s' -> CIFAR10 ❌ (Uncertain)
EMNIST:'t' -> CIFAR10 ❌ (Uncertain)
EMNIST:'u' -> CIFAR10 ❌ (Uncertain)
EMNIST:'v' -> CIFAR10 ❌ (Uncertain)
EMNIST:'w' -> CIFAR10 ❌ (Uncertain)
EMNIST:'x' -> CIFAR10 ❌ (Uncertain)
EMNIST:'y' -> CIFAR10 ❌ (Uncertain)
EMNIST:'z' -> CIFAR10 ❌ (Uncertain)
CIFAR10:'airplane' -> MNIST ❌ (Uncertain)
CIFAR10:'automobile' -> MNIST ❌ (Uncertain)
CIFAR10:'bird' -> MNIST ❌ (Uncertain)
CIFAR10:'cat' -> MNIST ❌ (Uncertain)
CIFAR10:'deer' -> MNIST ❌ (Uncertain)
CIFAR10:'dog' -> MNIST ❌ (Uncertain)
CIFAR10:'frog' -> MNIST ❌ (Uncertain)
CIFAR10:'horse' -> MNIST ❌ (Uncertain)
CIFAR10:'ship' -> MNIST ❌ (Uncertain)
CIFAR10:'truck' -> MNIST ❌ (Uncertain)
CIFAR10:'airplane' -> EMNIST ❌ (Uncertain)
CIFAR10:'automobile' -> EMNIST ❌ (Uncertain)
CIFAR10:'bird' -> EMNIST ❌ (Uncertain)
CIFAR10:'cat' -> EMNIST ❌ (Uncertain)
CIFAR10:'deer' -> EMNIST ❌ (Uncertain)
CIFAR10:'dog' -> EMNIST ❌ (Uncertain)
CIFAR10:'frog' -> EMNIST ❌ (Uncertain)
CIFAR10:'horse' -> EMNIST ❌ (Uncertain)
CIFAR10:'ship' -> EMNIST ❌ (Uncertain)
CIFAR10:'truck' -> EMNIST ❌ (Uncertain)
Exp: Old Gen + Old Ent (0.3)
dynamic_entropy_ratio: 0.3
MNIST:'0' -> EMNIST ❌ (Uncertain)
MNIST:'1' -> EMNIST ❌ (Uncertain)
MNIST:'2' -> EMNIST ❌ (Uncertain)
MNIST:'3' -> EMNIST ❌ (Uncertain)
MNIST:'4' -> EMNIST ❌ (Uncertain)
MNIST:'5' -> EMNIST ❌ (Uncertain)
MNIST:'6' -> EMNIST ❌ (Uncertain)
MNIST:'7' -> EMNIST ❌ (Uncertain)
MNIST:'8' -> EMNIST ❌ (Uncertain)
MNIST:'9' -> EMNIST ❌ (Uncertain)
MNIST:'0' -> CIFAR10 ❌ (Uncertain)
MNIST:'1' -> CIFAR10 ❌ (Uncertain)
MNIST:'2' -> CIFAR10 ❌ (Uncertain)
MNIST:'3' -> CIFAR10 ❌ (Uncertain)
MNIST:'4' -> CIFAR10 ❌ (Uncertain)
MNIST:'5' -> CIFAR10 ❌ (Uncertain)
MNIST:'6' -> CIFAR10 ❌ (Uncertain)
MNIST:'7' -> CIFAR10 ❌ (Uncertain)
MNIST:'8' -> CIFAR10 ❌ (Uncertain)
MNIST:'9' -> CIFAR10 ❌ (Uncertain)
EMNIST:'0' -> MNIST ❌ (Uncertain)
EMNIST:'1' -> MNIST ❌ (Uncertain)
EMNIST:'2' -> MNIST ❌ (Uncertain)
EMNIST:'3' -> MNIST ❌ (Uncertain)
EMNIST:'4' -> MNIST ❌ (Uncertain)
EMNIST:'5' -> MNIST ❌ (Uncertain)
EMNIST:'6' -> MNIST ❌ (Uncertain)
EMNIST:'7' -> MNIST ❌ (Uncertain)
EMNIST:'8' -> MNIST ❌ (Uncertain)
EMNIST:'9' -> MNIST ❌ (Uncertain)
EMNIST:'A' -> MNIST ❌ (Uncertain)
EMNIST:'B' -> MNIST ❌ (Uncertain)
EMNIST:'C' -> MNIST ❌ (Uncertain)
EMNIST:'D' -> MNIST ❌ (Uncertain)
EMNIST:'E' -> MNIST ❌ (Uncertain)
EMNIST:'F' -> MNIST ❌ (Uncertain)
EMNIST:'G' -> MNIST ❌ (Uncertain)
EMNIST:'H' -> MNIST ❌ (Uncertain)
EMNIST:'I' -> MNIST ❌ (Uncertain)
EMNIST:'J' -> MNIST ❌ (Uncertain)
EMNIST:'K' -> MNIST ❌ (Uncertain)
EMNIST:'L' -> MNIST ❌ (Uncertain)
EMNIST:'M' -> MNIST ❌ (Uncertain)
EMNIST:'N' -> MNIST ❌ (Uncertain)
EMNIST:'O' -> MNIST ❌ (Uncertain)
EMNIST:'P' -> MNIST ❌ (Uncertain)
EMNIST:'Q' -> MNIST ❌ (Uncertain)
EMNIST:'R' -> MNIST ❌ (Uncertain)
EMNIST:'S' -> MNIST ❌ (Uncertain)
EMNIST:'T' -> MNIST ❌ (Uncertain)
EMNIST:'U' -> MNIST ❌ (Uncertain)
EMNIST:'V' -> MNIST ❌ (Uncertain)
EMNIST:'W' -> MNIST ❌ (Uncertain)
EMNIST:'X' -> MNIST ❌ (Uncertain)
EMNIST:'Y' -> MNIST ❌ (Uncertain)
EMNIST:'Z' -> MNIST ❌ (Uncertain)
EMNIST:'a' -> MNIST ❌ (Uncertain)
EMNIST:'b' -> MNIST ❌ (Uncertain)
EMNIST:'c' -> MNIST ❌ (Uncertain)
EMNIST:'d' -> MNIST ❌ (Uncertain)
EMNIST:'e' -> MNIST ❌ (Uncertain)
EMNIST:'f' -> MNIST ❌ (Uncertain)
EMNIST:'g' -> MNIST ❌ (Uncertain)
EMNIST:'h' -> MNIST ❌ (Uncertain)
EMNIST:'i' -> MNIST ❌ (Uncertain)
EMNIST:'j' -> MNIST ❌ (Uncertain)
EMNIST:'k' -> MNIST ❌ (Uncertain)
EMNIST:'l' -> MNIST ❌ (Uncertain)
EMNIST:'m' -> MNIST ❌ (Uncertain)
EMNIST:'n' -> MNIST ❌ (Uncertain)
EMNIST:'o' -> MNIST ❌ (Uncertain)
EMNIST:'p' -> MNIST ❌ (Uncertain)
EMNIST:'q' -> MNIST ❌ (Uncertain)
EMNIST:'r' -> MNIST ❌ (Uncertain)
EMNIST:'s' -> MNIST ❌ (Uncertain)
EMNIST:'t' -> MNIST ❌ (Uncertain)
EMNIST:'u' -> MNIST ❌ (Uncertain)
EMNIST:'v' -> MNIST ❌ (Uncertain)
EMNIST:'w' -> MNIST ❌ (Uncertain)
EMNIST:'x' -> MNIST ❌ (Uncertain)
EMNIST:'y' -> MNIST ❌ (Uncertain)
EMNIST:'z' -> MNIST ❌ (Uncertain)
EMNIST:'0' -> CIFAR10 ❌ (Uncertain)
EMNIST:'1' -> CIFAR10 ❌ (Uncertain)
EMNIST:'2' -> CIFAR10 ❌ (Uncertain)
EMNIST:'3' -> CIFAR10 ❌ (Uncertain)
EMNIST:'4' -> CIFAR10 ❌ (Uncertain)
EMNIST:'5' -> CIFAR10 ❌ (Uncertain)
EMNIST:'6' -> CIFAR10 ❌ (Uncertain)
EMNIST:'7' -> CIFAR10 ❌ (Uncertain)
EMNIST:'8' -> CIFAR10 ❌ (Uncertain)
EMNIST:'9' -> CIFAR10 ❌ (Uncertain)
EMNIST:'A' -> CIFAR10 ❌ (Uncertain)
EMNIST:'B' -> CIFAR10 ❌ (Uncertain)
EMNIST:'C' -> CIFAR10 ❌ (Uncertain)
EMNIST:'D' -> CIFAR10 ❌ (Uncertain)
EMNIST:'E' -> CIFAR10 ❌ (Uncertain)
EMNIST:'F' -> CIFAR10 ❌ (Uncertain)
EMNIST:'G' -> CIFAR10 ❌ (Uncertain)
EMNIST:'H' -> CIFAR10 ❌ (Uncertain)
EMNIST:'I' -> CIFAR10 ❌ (Uncertain)
EMNIST:'J' -> CIFAR10 ❌ (Uncertain)
EMNIST:'K' -> CIFAR10 ❌ (Uncertain)
EMNIST:'L' -> CIFAR10 ❌ (Uncertain)
EMNIST:'M' -> CIFAR10 ❌ (Uncertain)
EMNIST:'N' -> CIFAR10 ❌ (Uncertain)
EMNIST:'O' -> CIFAR10 ❌ (Uncertain)
EMNIST:'P' -> CIFAR10 ❌ (Uncertain)
EMNIST:'Q' -> CIFAR10 ❌ (Uncertain)
EMNIST:'R' -> CIFAR10 ❌ (Uncertain)
EMNIST:'S' -> CIFAR10 ❌ (Uncertain)
EMNIST:'T' -> CIFAR10 ❌ (Uncertain)
EMNIST:'U' -> CIFAR10 ❌ (Uncertain)
EMNIST:'V' -> CIFAR10 ❌ (Uncertain)
EMNIST:'W' -> CIFAR10 ❌ (Uncertain)
EMNIST:'X' -> CIFAR10 ❌ (Uncertain)
EMNIST:'Y' -> CIFAR10 ❌ (Uncertain)
EMNIST:'Z' -> CIFAR10 ❌ (Uncertain)
EMNIST:'a' -> CIFAR10 ❌ (Uncertain)
EMNIST:'b' -> CIFAR10 ❌ (Uncertain)
EMNIST:'c' -> CIFAR10 ❌ (Uncertain)
EMNIST:'d' -> CIFAR10 ❌ (Uncertain)
EMNIST:'e' -> CIFAR10 ❌ (Uncertain)
EMNIST:'f' -> CIFAR10 ❌ (Uncertain)
EMNIST:'g' -> CIFAR10 ❌ (Uncertain)
EMNIST:'h' -> CIFAR10 ❌ (Uncertain)
EMNIST:'i' -> CIFAR10 ❌ (Uncertain)
EMNIST:'j' -> CIFAR10 ❌ (Uncertain)
EMNIST:'k' -> CIFAR10 ❌ (Uncertain)
EMNIST:'l' -> CIFAR10 ❌ (Uncertain)
EMNIST:'m' -> CIFAR10 ❌ (Uncertain)
EMNIST:'n' -> CIFAR10 ❌ (Uncertain)
EMNIST:'o' -> CIFAR10 ❌ (Uncertain)
EMNIST:'p' -> CIFAR10 ❌ (Uncertain)
EMNIST:'q' -> CIFAR10 ❌ (Uncertain)
EMNIST:'r' -> CIFAR10 ❌ (Uncertain)
EMNIST:'s' -> CIFAR10 ❌ (Uncertain)
EMNIST:'t' -> CIFAR10 ❌ (Uncertain)
EMNIST:'u' -> CIFAR10 ❌ (Uncertain)
EMNIST:'v' -> CIFAR10 ❌ (Uncertain)
EMNIST:'w' -> CIFAR10 ❌ (Uncertain)
EMNIST:'x' -> CIFAR10 ❌ (Uncertain)
EMNIST:'y' -> CIFAR10 ❌ (Uncertain)
EMNIST:'z' -> CIFAR10 ❌ (Uncertain)
CIFAR10:'airplane' -> MNIST ❌ (Uncertain)
CIFAR10:'automobile' -> MNIST ❌ (Uncertain)
CIFAR10:'bird' -> MNIST ❌ (Uncertain)
CIFAR10:'cat' -> MNIST ❌ (Uncertain)
CIFAR10:'deer' -> MNIST ❌ (Uncertain)
CIFAR10:'dog' -> MNIST ❌ (Uncertain)
CIFAR10:'frog' -> MNIST ❌ (Uncertain)
CIFAR10:'horse' -> MNIST ❌ (Uncertain)
CIFAR10:'ship' -> MNIST ❌ (Uncertain)
CIFAR10:'truck' -> MNIST ❌ (Uncertain)
CIFAR10:'airplane' -> EMNIST ❌ (Uncertain)
CIFAR10:'automobile' -> EMNIST ❌ (Uncertain)
CIFAR10:'bird' -> EMNIST ❌ (Uncertain)
CIFAR10:'cat' -> EMNIST ❌ (Uncertain)
CIFAR10:'deer' -> EMNIST ❌ (Uncertain)
CIFAR10:'dog' -> EMNIST ❌ (Uncertain)
CIFAR10:'frog' -> EMNIST ❌ (Uncertain)
CIFAR10:'horse' -> EMNIST ❌ (Uncertain)
CIFAR10:'ship' -> EMNIST ❌ (Uncertain)
CIFAR10:'truck' -> EMNIST ❌ (Uncertain)
Exp: Old Gen + Old Ent (0.35)
dynamic_entropy_ratio: 0.35
MNIST:'0' -> EMNIST ❌ (Uncertain)
MNIST:'1' -> EMNIST ❌ (Uncertain)
MNIST:'2' -> EMNIST ❌ (Uncertain)
MNIST:'3' -> EMNIST ❌ (Uncertain)
MNIST:'4' -> EMNIST ❌ (Uncertain)
MNIST:'5' -> EMNIST ❌ (Uncertain)
MNIST:'6' -> EMNIST ❌ (Uncertain)
MNIST:'7' -> EMNIST ❌ (Uncertain)
MNIST:'8' -> EMNIST ❌ (Uncertain)
MNIST:'9' -> EMNIST ❌ (Uncertain)
MNIST:'0' -> CIFAR10 ❌ (Uncertain)
MNIST:'1' -> CIFAR10 ❌ (Uncertain)
MNIST:'2' -> CIFAR10 ❌ (Uncertain)
MNIST:'3' -> CIFAR10 ❌ (Uncertain)
MNIST:'4' -> CIFAR10 ❌ (Uncertain)
MNIST:'5' -> CIFAR10 ❌ (Uncertain)
MNIST:'6' -> CIFAR10 ❌ (Uncertain)
MNIST:'7' -> CIFAR10 ❌ (Uncertain)
MNIST:'8' -> CIFAR10 ❌ (Uncertain)
MNIST:'9' -> CIFAR10 ❌ (Uncertain)
EMNIST:'0' -> MNIST ❌ (Uncertain)
EMNIST:'1' -> MNIST ❌ (Uncertain)
EMNIST:'2' -> MNIST ❌ (Uncertain)
EMNIST:'3' -> MNIST ❌ (Uncertain)
EMNIST:'4' -> MNIST ❌ (Uncertain)
EMNIST:'5' -> MNIST ❌ (Uncertain)
EMNIST:'6' -> MNIST ❌ (Uncertain)
EMNIST:'7' -> MNIST ❌ (Uncertain)
EMNIST:'8' -> MNIST ❌ (Uncertain)
EMNIST:'9' -> MNIST ❌ (Uncertain)
EMNIST:'A' -> MNIST ❌ (Uncertain)
EMNIST:'B' -> MNIST ❌ (Uncertain)
EMNIST:'C' -> MNIST ❌ (Uncertain)
EMNIST:'D' -> MNIST ❌ (Uncertain)
EMNIST:'E' -> MNIST ❌ (Uncertain)
EMNIST:'F' -> MNIST ❌ (Uncertain)
EMNIST:'G' -> MNIST ❌ (Uncertain)
EMNIST:'H' -> MNIST ❌ (Uncertain)
EMNIST:'I' -> MNIST ❌ (Uncertain)
EMNIST:'J' -> MNIST ❌ (Uncertain)
EMNIST:'K' -> MNIST ❌ (Uncertain)
EMNIST:'L' -> MNIST ❌ (Uncertain)
EMNIST:'M' -> MNIST ❌ (Uncertain)
EMNIST:'N' -> MNIST ❌ (Uncertain)
EMNIST:'O' -> MNIST ❌ (Uncertain)
EMNIST:'P' -> MNIST ❌ (Uncertain)
EMNIST:'Q' -> MNIST ❌ (Uncertain)
EMNIST:'R' -> MNIST ❌ (Uncertain)
EMNIST:'S' -> MNIST ❌ (Uncertain)
EMNIST:'T' -> MNIST ❌ (Uncertain)
EMNIST:'U' -> MNIST ❌ (Uncertain)
EMNIST:'V' -> MNIST ❌ (Uncertain)
EMNIST:'W' -> MNIST ❌ (Uncertain)
EMNIST:'X' -> MNIST ❌ (Uncertain)
EMNIST:'Y' -> MNIST ❌ (Uncertain)
EMNIST:'Z' -> MNIST ❌ (Uncertain)
EMNIST:'a' -> MNIST ❌ (Uncertain)
EMNIST:'b' -> MNIST ❌ (Uncertain)
EMNIST:'c' -> MNIST ❌ (Uncertain)
EMNIST:'d' -> MNIST ❌ (Uncertain)
EMNIST:'e' -> MNIST ❌ (Uncertain)
EMNIST:'f' -> MNIST ❌ (Uncertain)
EMNIST:'g' -> MNIST ❌ (Uncertain)
EMNIST:'h' -> MNIST ❌ (Uncertain)
EMNIST:'i' -> MNIST ❌ (Uncertain)
EMNIST:'j' -> MNIST ❌ (Uncertain)
EMNIST:'k' -> MNIST ❌ (Uncertain)
EMNIST:'l' -> MNIST ❌ (Uncertain)
EMNIST:'m' -> MNIST ❌ (Uncertain)
EMNIST:'n' -> MNIST ❌ (Uncertain)
EMNIST:'o' -> MNIST ❌ (Uncertain)
EMNIST:'p' -> MNIST ❌ (Uncertain)
EMNIST:'q' -> MNIST ❌ (Uncertain)
EMNIST:'r' -> MNIST ❌ (Uncertain)
EMNIST:'s' -> MNIST ❌ (Uncertain)
EMNIST:'t' -> MNIST ❌ (Uncertain)
EMNIST:'u' -> MNIST ❌ (Uncertain)
EMNIST:'v' -> MNIST ❌ (Uncertain)
EMNIST:'w' -> MNIST ❌ (Uncertain)
EMNIST:'x' -> MNIST ❌ (Uncertain)
EMNIST:'y' -> MNIST ❌ (Uncertain)
EMNIST:'z' -> MNIST ❌ (Uncertain)
EMNIST:'0' -> CIFAR10 ❌ (Uncertain)
EMNIST:'1' -> CIFAR10 ❌ (Uncertain)
EMNIST:'2' -> CIFAR10 ❌ (Uncertain)
EMNIST:'3' -> CIFAR10 ❌ (Uncertain)
EMNIST:'4' -> CIFAR10 ❌ (Uncertain)
EMNIST:'5' -> CIFAR10 ❌ (Uncertain)
EMNIST:'6' -> CIFAR10 ❌ (Uncertain)
EMNIST:'7' -> CIFAR10 ❌ (Uncertain)
EMNIST:'8' -> CIFAR10 ❌ (Uncertain)
EMNIST:'9' -> CIFAR10 ❌ (Uncertain)
EMNIST:'A' -> CIFAR10 ❌ (Uncertain)
EMNIST:'B' -> CIFAR10 ❌ (Uncertain)
EMNIST:'C' -> CIFAR10 ❌ (Uncertain)
EMNIST:'D' -> CIFAR10 ❌ (Uncertain)
EMNIST:'E' -> CIFAR10 ❌ (Uncertain)
EMNIST:'F' -> CIFAR10 ❌ (Uncertain)
EMNIST:'G' -> CIFAR10 ❌ (Uncertain)
EMNIST:'H' -> CIFAR10 ❌ (Uncertain)
EMNIST:'I' -> CIFAR10 ❌ (Uncertain)
EMNIST:'J' -> CIFAR10 ❌ (Uncertain)
EMNIST:'K' -> CIFAR10 ❌ (Uncertain)
EMNIST:'L' -> CIFAR10 ❌ (Uncertain)
EMNIST:'M' -> CIFAR10 ❌ (Uncertain)
EMNIST:'N' -> CIFAR10 ❌ (Uncertain)
EMNIST:'O' -> CIFAR10 ❌ (Uncertain)
EMNIST:'P' -> CIFAR10 ❌ (Uncertain)
EMNIST:'Q' -> CIFAR10 ❌ (Uncertain)
EMNIST:'R' -> CIFAR10 ❌ (Uncertain)
EMNIST:'S' -> CIFAR10 ❌ (Uncertain)
EMNIST:'T' -> CIFAR10 ❌ (Uncertain)
EMNIST:'U' -> CIFAR10 ❌ (Uncertain)
EMNIST:'V' -> CIFAR10 ❌ (Uncertain)
EMNIST:'W' -> CIFAR10 ❌ (Uncertain)
EMNIST:'X' -> CIFAR10 ❌ (Uncertain)
EMNIST:'Y' -> CIFAR10 ❌ (Uncertain)
EMNIST:'Z' -> CIFAR10 ❌ (Uncertain)
EMNIST:'a' -> CIFAR10 ❌ (Uncertain)
EMNIST:'b' -> CIFAR10 ❌ (Uncertain)
EMNIST:'c' -> CIFAR10 ❌ (Uncertain)
EMNIST:'d' -> CIFAR10 ❌ (Uncertain)
EMNIST:'e' -> CIFAR10 ❌ (Uncertain)
EMNIST:'f' -> CIFAR10 ❌ (Uncertain)
EMNIST:'g' -> CIFAR10 ❌ (Uncertain)
EMNIST:'h' -> CIFAR10 ❌ (Uncertain)
EMNIST:'i' -> CIFAR10 ❌ (Uncertain)
EMNIST:'j' -> CIFAR10 ❌ (Uncertain)
EMNIST:'k' -> CIFAR10 ❌ (Uncertain)
EMNIST:'l' -> CIFAR10 ❌ (Uncertain)
EMNIST:'m' -> CIFAR10 ❌ (Uncertain)
EMNIST:'n' -> CIFAR10 ❌ (Uncertain)
EMNIST:'o' -> CIFAR10 ❌ (Uncertain)
EMNIST:'p' -> CIFAR10 ❌ (Uncertain)
EMNIST:'q' -> CIFAR10 ❌ (Uncertain)
EMNIST:'r' -> CIFAR10 ❌ (Uncertain)
EMNIST:'s' -> CIFAR10 ❌ (Uncertain)
EMNIST:'t' -> CIFAR10 ❌ (Uncertain)
EMNIST:'u' -> CIFAR10 ❌ (Uncertain)
EMNIST:'v' -> CIFAR10 ❌ (Uncertain)
EMNIST:'w' -> CIFAR10 ❌ (Uncertain)
EMNIST:'x' -> CIFAR10 ❌ (Uncertain)
EMNIST:'y' -> CIFAR10 ❌ (Uncertain)
EMNIST:'z' -> CIFAR10 ❌ (Uncertain)
CIFAR10:'airplane' -> MNIST ❌ (Uncertain)
CIFAR10:'automobile' -> MNIST ❌ (Uncertain)
CIFAR10:'bird' -> MNIST ❌ (Uncertain)
CIFAR10:'cat' -> MNIST ❌ (Uncertain)
CIFAR10:'deer' -> MNIST ❌ (Uncertain)
CIFAR10:'dog' -> MNIST ❌ (Uncertain)
CIFAR10:'frog' -> MNIST ❌ (Uncertain)
CIFAR10:'horse' -> MNIST ❌ (Uncertain)
CIFAR10:'ship' -> MNIST ❌ (Uncertain)
CIFAR10:'truck' -> MNIST ❌ (Uncertain)
CIFAR10:'airplane' -> EMNIST ❌ (Uncertain)
CIFAR10:'automobile' -> EMNIST ❌ (Uncertain)
CIFAR10:'bird' -> EMNIST ❌ (Uncertain)
CIFAR10:'cat' -> EMNIST ❌ (Uncertain)
CIFAR10:'deer' -> EMNIST ❌ (Uncertain)
CIFAR10:'dog' -> EMNIST ❌ (Uncertain)
CIFAR10:'frog' -> EMNIST ❌ (Uncertain)
CIFAR10:'horse' -> EMNIST ❌ (Uncertain)
CIFAR10:'ship' -> EMNIST ❌ (Uncertain)
CIFAR10:'truck' -> EMNIST ❌ (Uncertain)
Exp: Old Gen + Old Ent (0.4)
dynamic_entropy_ratio: 0.4
MNIST:'0' -> EMNIST ❌ (Uncertain)
MNIST:'1' -> EMNIST ❌ (Uncertain)
MNIST:'2' -> EMNIST ❌ (Uncertain)
MNIST:'3' -> EMNIST ❌ (Uncertain)
MNIST:'4' -> EMNIST ❌ (Uncertain)
MNIST:'5' -> EMNIST ❌ (Uncertain)
MNIST:'6' -> EMNIST ❌ (Uncertain)
MNIST:'7' -> EMNIST ❌ (Uncertain)
MNIST:'8' -> EMNIST ❌ (Uncertain)
MNIST:'9' -> EMNIST ❌ (Uncertain)
MNIST:'0' -> CIFAR10 ❌ (Uncertain)
MNIST:'1' -> CIFAR10 ❌ (Uncertain)
MNIST:'2' -> CIFAR10 ❌ (Uncertain)
MNIST:'3' -> CIFAR10 ❌ (Uncertain)
MNIST:'4' -> CIFAR10 ❌ (Uncertain)
MNIST:'5' -> CIFAR10 ❌ (Uncertain)
MNIST:'6' -> CIFAR10 ❌ (Uncertain)
MNIST:'7' -> CIFAR10 ❌ (Uncertain)
MNIST:'8' -> CIFAR10 ❌ (Uncertain)
MNIST:'9' -> CIFAR10 ❌ (Uncertain)
EMNIST:'0' -> MNIST ❌ (Uncertain)
EMNIST:'1' -> MNIST ❌ (Uncertain)
EMNIST:'2' -> MNIST ❌ (Uncertain)
EMNIST:'3' -> MNIST ❌ (Uncertain)
EMNIST:'4' -> MNIST ❌ (Uncertain)
EMNIST:'5' -> MNIST ❌ (Uncertain)
EMNIST:'6' -> MNIST ❌ (Uncertain)
EMNIST:'7' -> MNIST ❌ (Uncertain)
EMNIST:'8' -> MNIST ❌ (Uncertain)
EMNIST:'9' -> MNIST ❌ (Uncertain)
EMNIST:'A' -> MNIST ❌ (Uncertain)
EMNIST:'B' -> MNIST ❌ (Uncertain)
EMNIST:'C' -> MNIST ❌ (Uncertain)
EMNIST:'D' -> MNIST ❌ (Uncertain)
EMNIST:'E' -> MNIST ❌ (Uncertain)
EMNIST:'F' -> MNIST ❌ (Uncertain)
EMNIST:'G' -> MNIST ❌ (Uncertain)
EMNIST:'H' -> MNIST ❌ (Uncertain)
EMNIST:'I' -> MNIST ❌ (Uncertain)
EMNIST:'J' -> MNIST ❌ (Uncertain)
EMNIST:'K' -> MNIST ❌ (Uncertain)
EMNIST:'L' -> MNIST ❌ (Uncertain)
EMNIST:'M' -> MNIST ❌ (Uncertain)
EMNIST:'N' -> MNIST ❌ (Uncertain)
EMNIST:'O' -> MNIST ❌ (Uncertain)
EMNIST:'P' -> MNIST ❌ (Uncertain)
EMNIST:'Q' -> MNIST ❌ (Uncertain)
EMNIST:'R' -> MNIST ❌ (Uncertain)
EMNIST:'S' -> MNIST ❌ (Uncertain)
EMNIST:'T' -> MNIST ❌ (Uncertain)
EMNIST:'U' -> MNIST ❌ (Uncertain)
EMNIST:'V' -> MNIST ❌ (Uncertain)
EMNIST:'W' -> MNIST ❌ (Uncertain)
EMNIST:'X' -> MNIST ❌ (Uncertain)
EMNIST:'Y' -> MNIST ❌ (Uncertain)
EMNIST:'Z' -> MNIST ❌ (Uncertain)
EMNIST:'a' -> MNIST ❌ (Uncertain)
EMNIST:'b' -> MNIST ❌ (Uncertain)
EMNIST:'c' -> MNIST ❌ (Uncertain)
EMNIST:'d' -> MNIST ❌ (Uncertain)
EMNIST:'e' -> MNIST ❌ (Uncertain)
EMNIST:'f' -> MNIST ❌ (Uncertain)
EMNIST:'g' -> MNIST ❌ (Uncertain)
EMNIST:'h' -> MNIST ❌ (Uncertain)
EMNIST:'i' -> MNIST ❌ (Uncertain)
EMNIST:'j' -> MNIST ❌ (Uncertain)
EMNIST:'k' -> MNIST ❌ (Uncertain)
EMNIST:'l' -> MNIST ❌ (Uncertain)
EMNIST:'m' -> MNIST ❌ (Uncertain)
EMNIST:'n' -> MNIST ❌ (Uncertain)
EMNIST:'o' -> MNIST ❌ (Uncertain)
EMNIST:'p' -> MNIST ❌ (Uncertain)
EMNIST:'q' -> MNIST ❌ (Uncertain)
EMNIST:'r' -> MNIST ❌ (Uncertain)
EMNIST:'s' -> MNIST ❌ (Uncertain)
EMNIST:'t' -> MNIST ❌ (Uncertain)
EMNIST:'u' -> MNIST ❌ (Uncertain)
EMNIST:'v' -> MNIST ❌ (Uncertain)
EMNIST:'w' -> MNIST ❌ (Uncertain)
EMNIST:'x' -> MNIST ❌ (Uncertain)
EMNIST:'y' -> MNIST ❌ (Uncertain)
EMNIST:'z' -> MNIST ❌ (Uncertain)
EMNIST:'0' -> CIFAR10 ❌ (Uncertain)
EMNIST:'1' -> CIFAR10 ❌ (Uncertain)
EMNIST:'2' -> CIFAR10 ❌ (Uncertain)
EMNIST:'3' -> CIFAR10 ❌ (Uncertain)
EMNIST:'4' -> CIFAR10 ❌ (Uncertain)
EMNIST:'5' -> CIFAR10 ❌ (Uncertain)
EMNIST:'6' -> CIFAR10 ❌ (Uncertain)
EMNIST:'7' -> CIFAR10 ❌ (Uncertain)
EMNIST:'8' -> CIFAR10 ❌ (Uncertain)
EMNIST:'9' -> CIFAR10 ❌ (Uncertain)
EMNIST:'A' -> CIFAR10 ❌ (Uncertain)
EMNIST:'B' -> CIFAR10 ❌ (Uncertain)
EMNIST:'C' -> CIFAR10 ❌ (Uncertain)
EMNIST:'D' -> CIFAR10 ❌ (Uncertain)
EMNIST:'E' -> CIFAR10 ❌ (Uncertain)
EMNIST:'F' -> CIFAR10 ❌ (Uncertain)
EMNIST:'G' -> CIFAR10 ❌ (Uncertain)
EMNIST:'H' -> CIFAR10 ❌ (Uncertain)
EMNIST:'I' -> CIFAR10 ❌ (Uncertain)
EMNIST:'J' -> CIFAR10 ❌ (Uncertain)
EMNIST:'K' -> CIFAR10 ❌ (Uncertain)
EMNIST:'L' -> CIFAR10 ❌ (Uncertain)
EMNIST:'M' -> CIFAR10 ❌ (Uncertain)
EMNIST:'N' -> CIFAR10 ❌ (Uncertain)
EMNIST:'O' -> CIFAR10 ❌ (Uncertain)
EMNIST:'P' -> CIFAR10 ❌ (Uncertain)
EMNIST:'Q' -> CIFAR10 ❌ (Uncertain)
EMNIST:'R' -> CIFAR10 ❌ (Uncertain)
EMNIST:'S' -> CIFAR10 ❌ (Uncertain)
EMNIST:'T' -> CIFAR10 ❌ (Uncertain)
EMNIST:'U' -> CIFAR10 ❌ (Uncertain)
EMNIST:'V' -> CIFAR10 ❌ (Uncertain)
EMNIST:'W' -> CIFAR10 ❌ (Uncertain)
EMNIST:'X' -> CIFAR10 ❌ (Uncertain)
EMNIST:'Y' -> CIFAR10 ❌ (Uncertain)
EMNIST:'Z' -> CIFAR10 ❌ (Uncertain)
EMNIST:'a' -> CIFAR10 ❌ (Uncertain)
EMNIST:'b' -> CIFAR10 ❌ (Uncertain)
EMNIST:'c' -> CIFAR10 ❌ (Uncertain)
EMNIST:'d' -> CIFAR10 ❌ (Uncertain)
EMNIST:'e' -> CIFAR10 ❌ (Uncertain)
EMNIST:'f' -> CIFAR10 ❌ (Uncertain)
EMNIST:'g' -> CIFAR10 ❌ (Uncertain)
EMNIST:'h' -> CIFAR10 ❌ (Uncertain)
EMNIST:'i' -> CIFAR10 ❌ (Uncertain)
EMNIST:'j' -> CIFAR10 ❌ (Uncertain)
EMNIST:'k' -> CIFAR10 ❌ (Uncertain)
EMNIST:'l' -> CIFAR10 ❌ (Uncertain)
EMNIST:'m' -> CIFAR10 ❌ (Uncertain)
EMNIST:'n' -> CIFAR10 ❌ (Uncertain)
EMNIST:'o' -> CIFAR10 ❌ (Uncertain)
EMNIST:'p' -> CIFAR10 ❌ (Uncertain)
EMNIST:'q' -> CIFAR10 ❌ (Uncertain)
EMNIST:'r' -> CIFAR10 ❌ (Uncertain)
EMNIST:'s' -> CIFAR10 ❌ (Uncertain)
EMNIST:'t' -> CIFAR10 ❌ (Uncertain)
EMNIST:'u' -> CIFAR10 ❌ (Uncertain)
EMNIST:'v' -> CIFAR10 ❌ (Uncertain)
EMNIST:'w' -> CIFAR10 ❌ (Uncertain)
EMNIST:'x' -> CIFAR10 ❌ (Uncertain)
EMNIST:'y' -> CIFAR10 ❌ (Uncertain)
EMNIST:'z' -> CIFAR10 ❌ (Uncertain)
CIFAR10:'airplane' -> MNIST ❌ (Uncertain)
CIFAR10:'automobile' -> MNIST ❌ (Uncertain)
CIFAR10:'bird' -> MNIST ❌ (Uncertain)
CIFAR10:'cat' -> MNIST ❌ (Uncertain)
CIFAR10:'deer' -> MNIST ❌ (Uncertain)
CIFAR10:'dog' -> MNIST ❌ (Uncertain)
CIFAR10:'frog' -> MNIST ❌ (Uncertain)
CIFAR10:'horse' -> MNIST ❌ (Uncertain)
CIFAR10:'ship' -> MNIST ❌ (Uncertain)
CIFAR10:'truck' -> MNIST ❌ (Uncertain)
CIFAR10:'airplane' -> EMNIST ❌ (Uncertain)
CIFAR10:'automobile' -> EMNIST ❌ (Uncertain)
CIFAR10:'bird' -> EMNIST ❌ (Uncertain)
CIFAR10:'cat' -> EMNIST ❌ (Uncertain)
CIFAR10:'deer' -> EMNIST ❌ (Uncertain)
CIFAR10:'dog' -> EMNIST ❌ (Uncertain)
CIFAR10:'frog' -> EMNIST ❌ (Uncertain)
CIFAR10:'horse' -> EMNIST ❌ (Uncertain)
CIFAR10:'ship' -> EMNIST ❌ (Uncertain)
CIFAR10:'truck' -> EMNIST ❌ (Uncertain)
Exp: Old Gen + Old Ent (0.45)
dynamic_entropy_ratio: 0.45
MNIST:'0' -> EMNIST ❌ (Uncertain)
MNIST:'1' -> EMNIST ❌ (Uncertain)
MNIST:'2' -> EMNIST ❌ (Uncertain)
MNIST:'3' -> EMNIST ❌ (Uncertain)
MNIST:'4' -> EMNIST ❌ (Uncertain)
MNIST:'5' -> EMNIST ❌ (Uncertain)
MNIST:'6' -> EMNIST ❌ (Uncertain)
MNIST:'7' -> EMNIST ❌ (Uncertain)
MNIST:'8' -> EMNIST ❌ (Uncertain)
MNIST:'9' -> EMNIST ❌ (Uncertain)
MNIST:'0' -> CIFAR10 ❌ (Uncertain)
MNIST:'1' -> CIFAR10 ❌ (Uncertain)
MNIST:'2' -> CIFAR10 ❌ (Uncertain)
MNIST:'3' -> CIFAR10 ❌ (Uncertain)
MNIST:'4' -> CIFAR10 ❌ (Uncertain)
MNIST:'5' -> CIFAR10 ❌ (Uncertain)
MNIST:'6' -> CIFAR10 ❌ (Uncertain)
MNIST:'7' -> CIFAR10 ❌ (Uncertain)
MNIST:'8' -> CIFAR10 ❌ (Uncertain)
MNIST:'9' -> CIFAR10 ❌ (Uncertain)
EMNIST:'0' -> MNIST ❌ (Uncertain)
EMNIST:'1' -> MNIST ❌ (Uncertain)
EMNIST:'2' -> MNIST ❌ (Uncertain)
EMNIST:'3' -> MNIST ❌ (Uncertain)
EMNIST:'4' -> MNIST ❌ (Uncertain)
EMNIST:'5' -> MNIST ❌ (Uncertain)
EMNIST:'6' -> MNIST ❌ (Uncertain)
EMNIST:'7' -> MNIST ❌ (Uncertain)
EMNIST:'8' -> MNIST ❌ (Uncertain)
EMNIST:'9' -> MNIST ❌ (Uncertain)
EMNIST:'A' -> MNIST ❌ (Uncertain)
EMNIST:'B' -> MNIST ❌ (Uncertain)
EMNIST:'C' -> MNIST ❌ (Uncertain)
EMNIST:'D' -> MNIST ❌ (Uncertain)
EMNIST:'E' -> MNIST ❌ (Uncertain)
EMNIST:'F' -> MNIST ❌ (Uncertain)
EMNIST:'G' -> MNIST ❌ (Uncertain)
EMNIST:'H' -> MNIST ❌ (Uncertain)
EMNIST:'I' -> MNIST ❌ (Uncertain)
EMNIST:'J' -> MNIST ❌ (Uncertain)
EMNIST:'K' -> MNIST ❌ (Uncertain)
EMNIST:'L' -> MNIST ❌ (Uncertain)
EMNIST:'M' -> MNIST ❌ (Uncertain)
EMNIST:'N' -> MNIST ❌ (Uncertain)
EMNIST:'O' -> MNIST ❌ (Uncertain)
EMNIST:'P' -> MNIST ❌ (Uncertain)
EMNIST:'Q' -> MNIST ❌ (Uncertain)
EMNIST:'R' -> MNIST ❌ (Uncertain)
EMNIST:'S' -> MNIST ❌ (Uncertain)
EMNIST:'T' -> MNIST ❌ (Uncertain)
EMNIST:'U' -> MNIST ❌ (Uncertain)
EMNIST:'V' -> MNIST ❌ (Uncertain)
EMNIST:'W' -> MNIST ❌ (Uncertain)
EMNIST:'X' -> MNIST ❌ (Uncertain)
EMNIST:'Y' -> MNIST ❌ (Uncertain)
EMNIST:'Z' -> MNIST ❌ (Uncertain)
EMNIST:'a' -> MNIST ❌ (Uncertain)
EMNIST:'b' -> MNIST ❌ (Uncertain)
EMNIST:'c' -> MNIST ❌ (Uncertain)
EMNIST:'d' -> MNIST ❌ (Uncertain)
EMNIST:'e' -> MNIST ❌ (Uncertain)
EMNIST:'f' -> MNIST ❌ (Uncertain)
EMNIST:'g' -> MNIST ❌ (Uncertain)
EMNIST:'h' -> MNIST ❌ (Uncertain)
EMNIST:'i' -> MNIST ❌ (Uncertain)
EMNIST:'j' -> MNIST ❌ (Uncertain)
EMNIST:'k' -> MNIST ❌ (Uncertain)
EMNIST:'l' -> MNIST ❌ (Uncertain)
EMNIST:'m' -> MNIST ❌ (Uncertain)
EMNIST:'n' -> MNIST ❌ (Uncertain)
EMNIST:'o' -> MNIST ❌ (Uncertain)
EMNIST:'p' -> MNIST ❌ (Uncertain)
EMNIST:'q' -> MNIST ❌ (Uncertain)
EMNIST:'r' -> MNIST ❌ (Uncertain)
EMNIST:'s' -> MNIST ❌ (Uncertain)
EMNIST:'t' -> MNIST ❌ (Uncertain)
EMNIST:'u' -> MNIST ❌ (Uncertain)
EMNIST:'v' -> MNIST ❌ (Uncertain)
EMNIST:'w' -> MNIST ❌ (Uncertain)
EMNIST:'x' -> MNIST ❌ (Uncertain)
EMNIST:'y' -> MNIST ❌ (Uncertain)
EMNIST:'z' -> MNIST ❌ (Uncertain)
EMNIST:'0' -> CIFAR10 ❌ (Uncertain)
EMNIST:'1' -> CIFAR10 ❌ (Uncertain)
EMNIST:'2' -> CIFAR10 ❌ (Uncertain)
EMNIST:'3' -> CIFAR10 ❌ (Uncertain)
EMNIST:'4' -> CIFAR10 ❌ (Uncertain)
EMNIST:'5' -> CIFAR10 ❌ (Uncertain)
EMNIST:'6' -> CIFAR10 ❌ (Uncertain)
EMNIST:'7' -> CIFAR10 ❌ (Uncertain)
EMNIST:'8' -> CIFAR10 ❌ (Uncertain)
EMNIST:'9' -> CIFAR10 ❌ (Uncertain)
EMNIST:'A' -> CIFAR10 ❌ (Uncertain)
EMNIST:'B' -> CIFAR10 ❌ (Uncertain)
EMNIST:'C' -> CIFAR10 ❌ (Uncertain)
EMNIST:'D' -> CIFAR10 ❌ (Uncertain)
EMNIST:'E' -> CIFAR10 ❌ (Uncertain)
EMNIST:'F' -> CIFAR10 ❌ (Uncertain)
EMNIST:'G' -> CIFAR10 ❌ (Uncertain)
EMNIST:'H' -> CIFAR10 ❌ (Uncertain)
EMNIST:'I' -> CIFAR10 ❌ (Uncertain)
EMNIST:'J' -> CIFAR10 ❌ (Uncertain)
EMNIST:'K' -> CIFAR10 ❌ (Uncertain)
EMNIST:'L' -> CIFAR10 ❌ (Uncertain)
EMNIST:'M' -> CIFAR10 ❌ (Uncertain)
EMNIST:'N' -> CIFAR10 ❌ (Uncertain)
EMNIST:'O' -> CIFAR10 ❌ (Uncertain)
EMNIST:'P' -> CIFAR10 ❌ (Uncertain)
EMNIST:'Q' -> CIFAR10 ❌ (Uncertain)
EMNIST:'R' -> CIFAR10 ❌ (Uncertain)
EMNIST:'S' -> CIFAR10 ❌ (Uncertain)
EMNIST:'T' -> CIFAR10 ❌ (Uncertain)
EMNIST:'U' -> CIFAR10 ❌ (Uncertain)
EMNIST:'V' -> CIFAR10 ❌ (Uncertain)
EMNIST:'W' -> CIFAR10 ❌ (Uncertain)
EMNIST:'X' -> CIFAR10 ❌ (Uncertain)
EMNIST:'Y' -> CIFAR10 ❌ (Uncertain)
EMNIST:'Z' -> CIFAR10 ❌ (Uncertain)
EMNIST:'a' -> CIFAR10 ❌ (Uncertain)
EMNIST:'b' -> CIFAR10 ❌ (Uncertain)
EMNIST:'c' -> CIFAR10 ❌ (Uncertain)
EMNIST:'d' -> CIFAR10 ❌ (Uncertain)
EMNIST:'e' -> CIFAR10 ❌ (Uncertain)
EMNIST:'f' -> CIFAR10 ❌ (Uncertain)
EMNIST:'g' -> CIFAR10 ❌ (Uncertain)
EMNIST:'h' -> CIFAR10 ❌ (Uncertain)
EMNIST:'i' -> CIFAR10 ❌ (Uncertain)
EMNIST:'j' -> CIFAR10 ❌ (Uncertain)
EMNIST:'k' -> CIFAR10 ❌ (Uncertain)
EMNIST:'l' -> CIFAR10 ❌ (Uncertain)
EMNIST:'m' -> CIFAR10 ❌ (Uncertain)
EMNIST:'n' -> CIFAR10 ❌ (Uncertain)
EMNIST:'o' -> CIFAR10 ❌ (Uncertain)
EMNIST:'p' -> CIFAR10 ❌ (Uncertain)
EMNIST:'q' -> CIFAR10 ❌ (Uncertain)
EMNIST:'r' -> CIFAR10 ❌ (Uncertain)
EMNIST:'s' -> CIFAR10 ❌ (Uncertain)
EMNIST:'t' -> CIFAR10 ❌ (Uncertain)
EMNIST:'u' -> CIFAR10 ❌ (Uncertain)
EMNIST:'v' -> CIFAR10 ❌ (Uncertain)
EMNIST:'w' -> CIFAR10 ❌ (Uncertain)
EMNIST:'x' -> CIFAR10 ❌ (Uncertain)
EMNIST:'y' -> CIFAR10 ❌ (Uncertain)
EMNIST:'z' -> CIFAR10 ❌ (Uncertain)
CIFAR10:'airplane' -> MNIST ❌ (Uncertain)
CIFAR10:'automobile' -> MNIST ❌ (Uncertain)
CIFAR10:'bird' -> MNIST ❌ (Uncertain)
CIFAR10:'cat' -> MNIST ❌ (Uncertain)
CIFAR10:'deer' -> MNIST ❌ (Uncertain)
CIFAR10:'dog' -> MNIST ❌ (Uncertain)
CIFAR10:'frog' -> MNIST ❌ (Uncertain)
CIFAR10:'horse' -> MNIST ❌ (Uncertain)
CIFAR10:'ship' -> MNIST ❌ (Uncertain)
CIFAR10:'truck' -> MNIST ❌ (Uncertain)
CIFAR10:'airplane' -> EMNIST ❌ (Uncertain)
CIFAR10:'automobile' -> EMNIST ❌ (Uncertain)
CIFAR10:'bird' -> EMNIST ❌ (Uncertain)
CIFAR10:'cat' -> EMNIST ❌ (Uncertain)
CIFAR10:'deer' -> EMNIST ❌ (Uncertain)
CIFAR10:'dog' -> EMNIST ❌ (Uncertain)
CIFAR10:'frog' -> EMNIST ❌ (Uncertain)
CIFAR10:'horse' -> EMNIST ❌ (Uncertain)
CIFAR10:'ship' -> EMNIST ❌ (Uncertain)
CIFAR10:'truck' -> EMNIST ❌ (Uncertain)
Exp: Old Gen + Old Ent (0.5)
dynamic_entropy_ratio: 0.5
MNIST:'0' -> EMNIST ❌ (Uncertain)
MNIST:'1' -> EMNIST ❌ (Uncertain)
MNIST:'2' -> EMNIST ❌ (Uncertain)
MNIST:'3' -> EMNIST ❌ (Uncertain)
MNIST:'4' -> EMNIST ❌ (Uncertain)
MNIST:'5' -> EMNIST ❌ (Uncertain)
MNIST:'6' -> EMNIST ❌ (Uncertain)
MNIST:'7' -> EMNIST ❌ (Uncertain)
MNIST:'8' -> EMNIST ❌ (Uncertain)
MNIST:'9' -> EMNIST ❌ (Uncertain)
MNIST:'0' -> CIFAR10 ❌ (Uncertain)
MNIST:'1' -> CIFAR10 ❌ (Uncertain)
MNIST:'2' -> CIFAR10 ❌ (Uncertain)
MNIST:'3' -> CIFAR10 ❌ (Uncertain)
MNIST:'4' -> CIFAR10 ❌ (Uncertain)
MNIST:'5' -> CIFAR10 ❌ (Uncertain)
MNIST:'6' -> CIFAR10 ❌ (Uncertain)
MNIST:'7' -> CIFAR10 ❌ (Uncertain)
MNIST:'8' -> CIFAR10 ❌ (Uncertain)
MNIST:'9' -> CIFAR10 ❌ (Uncertain)
EMNIST:'0' -> MNIST ❌ (Uncertain)
EMNIST:'1' -> MNIST ❌ (Uncertain)
EMNIST:'2' -> MNIST ❌ (Uncertain)
EMNIST:'3' -> MNIST ❌ (Uncertain)
EMNIST:'4' -> MNIST ❌ (Uncertain)
EMNIST:'5' -> MNIST ❌ (Uncertain)
EMNIST:'6' -> MNIST ❌ (Uncertain)
EMNIST:'7' -> MNIST ❌ (Uncertain)
EMNIST:'8' -> MNIST ❌ (Uncertain)
EMNIST:'9' -> MNIST ❌ (Uncertain)
EMNIST:'A' -> MNIST ❌ (Uncertain)
EMNIST:'B' -> MNIST ❌ (Uncertain)
EMNIST:'C' -> MNIST ❌ (Uncertain)
EMNIST:'D' -> MNIST ❌ (Uncertain)
EMNIST:'E' -> MNIST ❌ (Uncertain)
EMNIST:'F' -> MNIST ❌ (Uncertain)
EMNIST:'G' -> MNIST ❌ (Uncertain)
EMNIST:'H' -> MNIST ❌ (Uncertain)
EMNIST:'I' -> MNIST ❌ (Uncertain)
EMNIST:'J' -> MNIST ❌ (Uncertain)
EMNIST:'K' -> MNIST ❌ (Uncertain)
EMNIST:'L' -> MNIST ❌ (Uncertain)
EMNIST:'M' -> MNIST ❌ (Uncertain)
EMNIST:'N' -> MNIST ❌ (Uncertain)
EMNIST:'O' -> MNIST ❌ (Uncertain)
EMNIST:'P' -> MNIST ❌ (Uncertain)
EMNIST:'Q' -> MNIST ❌ (Uncertain)
EMNIST:'R' -> MNIST ❌ (Uncertain)
EMNIST:'S' -> MNIST ❌ (Uncertain)
EMNIST:'T' -> MNIST ❌ (Uncertain)
EMNIST:'U' -> MNIST ❌ (Uncertain)
EMNIST:'V' -> MNIST ❌ (Uncertain)
EMNIST:'W' -> MNIST ❌ (Uncertain)
EMNIST:'X' -> MNIST ❌ (Uncertain)
EMNIST:'Y' -> MNIST ❌ (Uncertain)
EMNIST:'Z' -> MNIST ❌ (Uncertain)
EMNIST:'a' -> MNIST ❌ (Uncertain)
EMNIST:'b' -> MNIST ❌ (Uncertain)
EMNIST:'c' -> MNIST ❌ (Uncertain)
EMNIST:'d' -> MNIST ❌ (Uncertain)
EMNIST:'e' -> MNIST ❌ (Uncertain)
EMNIST:'f' -> MNIST ❌ (Uncertain)
EMNIST:'g' -> MNIST ❌ (Uncertain)
EMNIST:'h' -> MNIST ❌ (Uncertain)
EMNIST:'i' -> MNIST ❌ (Uncertain)
EMNIST:'j' -> MNIST ❌ (Uncertain)
EMNIST:'k' -> MNIST ❌ (Uncertain)
EMNIST:'l' -> MNIST ❌ (Uncertain)
EMNIST:'m' -> MNIST ❌ (Uncertain)
EMNIST:'n' -> MNIST ❌ (Uncertain)
EMNIST:'o' -> MNIST ❌ (Uncertain)
EMNIST:'p' -> MNIST ❌ (Uncertain)
EMNIST:'q' -> MNIST ❌ (Uncertain)
EMNIST:'r' -> MNIST ❌ (Uncertain)
EMNIST:'s' -> MNIST ❌ (Uncertain)
EMNIST:'t' -> MNIST ❌ (Uncertain)
EMNIST:'u' -> MNIST ❌ (Uncertain)
EMNIST:'v' -> MNIST ❌ (Uncertain)
EMNIST:'w' -> MNIST ❌ (Uncertain)
EMNIST:'x' -> MNIST ❌ (Uncertain)
EMNIST:'y' -> MNIST ❌ (Uncertain)
EMNIST:'z' -> MNIST ❌ (Uncertain)
EMNIST:'0' -> CIFAR10 ❌ (Uncertain)
EMNIST:'1' -> CIFAR10 ❌ (Uncertain)
EMNIST:'2' -> CIFAR10 ❌ (Uncertain)
EMNIST:'3' -> CIFAR10 ❌ (Uncertain)
EMNIST:'4' -> CIFAR10 ❌ (Uncertain)
EMNIST:'5' -> CIFAR10 ❌ (Uncertain)
EMNIST:'6' -> CIFAR10 ❌ (Uncertain)
EMNIST:'7' -> CIFAR10 ❌ (Uncertain)
EMNIST:'8' -> CIFAR10 ❌ (Uncertain)
EMNIST:'9' -> CIFAR10 ❌ (Uncertain)
EMNIST:'A' -> CIFAR10 ❌ (Uncertain)
EMNIST:'B' -> CIFAR10 ❌ (Uncertain)
EMNIST:'C' -> CIFAR10 ❌ (Uncertain)
EMNIST:'D' -> CIFAR10 ❌ (Uncertain)
EMNIST:'E' -> CIFAR10 ❌ (Uncertain)
EMNIST:'F' -> CIFAR10 ❌ (Uncertain)
EMNIST:'G' -> CIFAR10 ❌ (Uncertain)
EMNIST:'H' -> CIFAR10 ❌ (Uncertain)
EMNIST:'I' -> CIFAR10 ❌ (Uncertain)
EMNIST:'J' -> CIFAR10 ❌ (Uncertain)
EMNIST:'K' -> CIFAR10 ❌ (Uncertain)
EMNIST:'L' -> CIFAR10 ❌ (Uncertain)
EMNIST:'M' -> CIFAR10 ❌ (Uncertain)
EMNIST:'N' -> CIFAR10 ❌ (Uncertain)
EMNIST:'O' -> CIFAR10 ❌ (Uncertain)
EMNIST:'P' -> CIFAR10 ❌ (Uncertain)
EMNIST:'Q' -> CIFAR10 ❌ (Uncertain)
EMNIST:'R' -> CIFAR10 ❌ (Uncertain)
EMNIST:'S' -> CIFAR10 ❌ (Uncertain)
EMNIST:'T' -> CIFAR10 ❌ (Uncertain)
EMNIST:'U' -> CIFAR10 ❌ (Uncertain)
EMNIST:'V' -> CIFAR10 ❌ (Uncertain)
EMNIST:'W' -> CIFAR10 ❌ (Uncertain)
EMNIST:'X' -> CIFAR10 ❌ (Uncertain)
EMNIST:'Y' -> CIFAR10 ❌ (Uncertain)
EMNIST:'Z' -> CIFAR10 ❌ (Uncertain)
EMNIST:'a' -> CIFAR10 ❌ (Uncertain)
EMNIST:'b' -> CIFAR10 ❌ (Uncertain)
EMNIST:'c' -> CIFAR10 ❌ (Uncertain)
EMNIST:'d' -> CIFAR10 ❌ (Uncertain)
EMNIST:'e' -> CIFAR10 ❌ (Uncertain)
EMNIST:'f' -> CIFAR10 ❌ (Uncertain)
EMNIST:'g' -> CIFAR10 ❌ (Uncertain)
EMNIST:'h' -> CIFAR10 ❌ (Uncertain)
EMNIST:'i' -> CIFAR10 ❌ (Uncertain)
EMNIST:'j' -> CIFAR10 ❌ (Uncertain)
EMNIST:'k' -> CIFAR10 ❌ (Uncertain)
EMNIST:'l' -> CIFAR10 ❌ (Uncertain)
EMNIST:'m' -> CIFAR10 ❌ (Uncertain)
EMNIST:'n' -> CIFAR10 ❌ (Uncertain)
EMNIST:'o' -> CIFAR10 ❌ (Uncertain)
EMNIST:'p' -> CIFAR10 ❌ (Uncertain)
EMNIST:'q' -> CIFAR10 ❌ (Uncertain)
EMNIST:'r' -> CIFAR10 ❌ (Uncertain)
EMNIST:'s' -> CIFAR10 ❌ (Uncertain)
EMNIST:'t' -> CIFAR10 ❌ (Uncertain)
EMNIST:'u' -> CIFAR10 ❌ (Uncertain)
EMNIST:'v' -> CIFAR10 ❌ (Uncertain)
EMNIST:'w' -> CIFAR10 ❌ (Uncertain)
EMNIST:'x' -> CIFAR10 ❌ (Uncertain)
EMNIST:'y' -> CIFAR10 ❌ (Uncertain)
EMNIST:'z' -> CIFAR10 ❌ (Uncertain)
CIFAR10:'airplane' -> MNIST ❌ (Uncertain)
CIFAR10:'automobile' -> MNIST ❌ (Uncertain)
CIFAR10:'bird' -> MNIST ❌ (Uncertain)
CIFAR10:'cat' -> MNIST ❌ (Uncertain)
CIFAR10:'deer' -> MNIST ❌ (Uncertain)
CIFAR10:'dog' -> MNIST ❌ (Uncertain)
CIFAR10:'frog' -> MNIST ❌ (Uncertain)
CIFAR10:'horse' -> MNIST ❌ (Uncertain)
CIFAR10:'ship' -> MNIST ❌ (Uncertain)
CIFAR10:'truck' -> MNIST ❌ (Uncertain)
CIFAR10:'airplane' -> EMNIST ❌ (Uncertain)
CIFAR10:'automobile' -> EMNIST ❌ (Uncertain)
CIFAR10:'bird' -> EMNIST ❌ (Uncertain)
CIFAR10:'cat' -> EMNIST ❌ (Uncertain)
CIFAR10:'deer' -> EMNIST ❌ (Uncertain)
CIFAR10:'dog' -> EMNIST ❌ (Uncertain)
CIFAR10:'frog' -> EMNIST ❌ (Uncertain)
CIFAR10:'horse' -> EMNIST ❌ (Uncertain)
CIFAR10:'ship' -> EMNIST ❌ (Uncertain)
CIFAR10:'truck' -> EMNIST ❌ (Uncertain)
Exp: Old Gen + Old Ent (0.55)
dynamic_entropy_ratio: 0.55
MNIST:'0' -> EMNIST ❌ (Uncertain)
MNIST:'1' -> EMNIST ❌ (Uncertain)
MNIST:'2' -> EMNIST ❌ (Uncertain)
MNIST:'3' -> EMNIST ❌ (Uncertain)
MNIST:'4' -> EMNIST ❌ (Uncertain)
MNIST:'5' -> EMNIST ❌ (Uncertain)
MNIST:'6' -> EMNIST ❌ (Uncertain)
MNIST:'7' -> EMNIST ❌ (Uncertain)
MNIST:'8' -> EMNIST ❌ (Uncertain)
MNIST:'9' -> EMNIST ❌ (Uncertain)
MNIST:'0' -> CIFAR10 ❌ (Uncertain)
MNIST:'1' -> CIFAR10 ❌ (Uncertain)
MNIST:'2' -> CIFAR10 ❌ (Uncertain)
MNIST:'3' -> CIFAR10 ❌ (Uncertain)
MNIST:'4' -> CIFAR10 ❌ (Uncertain)
MNIST:'5' -> CIFAR10 ❌ (Uncertain)
MNIST:'6' -> CIFAR10 ❌ (Uncertain)
MNIST:'7' -> CIFAR10 ❌ (Uncertain)
MNIST:'8' -> CIFAR10 ❌ (Uncertain)
MNIST:'9' -> CIFAR10 ❌ (Uncertain)
EMNIST:'0' -> MNIST ❌ (Uncertain)
EMNIST:'1' -> MNIST ❌ (Uncertain)
EMNIST:'2' -> MNIST ❌ (Uncertain)
EMNIST:'3' -> MNIST ❌ (Uncertain)
EMNIST:'4' -> MNIST ❌ (Uncertain)
EMNIST:'5' -> MNIST ❌ (Uncertain)
EMNIST:'6' -> MNIST ❌ (Uncertain)
EMNIST:'7' -> MNIST ❌ (Uncertain)
EMNIST:'8' -> MNIST ❌ (Uncertain)
EMNIST:'9' -> MNIST ❌ (Uncertain)
EMNIST:'A' -> MNIST ❌ (Uncertain)
EMNIST:'B' -> MNIST ❌ (Uncertain)
EMNIST:'C' -> MNIST ❌ (Uncertain)
EMNIST:'D' -> MNIST ❌ (Uncertain)
EMNIST:'E' -> MNIST ❌ (Uncertain)
EMNIST:'F' -> MNIST ❌ (Uncertain)
EMNIST:'G' -> MNIST ❌ (Uncertain)
EMNIST:'H' -> MNIST ❌ (Uncertain)
EMNIST:'I' -> MNIST ❌ (Uncertain)
EMNIST:'J' -> MNIST ❌ (Uncertain)
EMNIST:'K' -> MNIST ❌ (Uncertain)
EMNIST:'L' -> MNIST ❌ (Uncertain)
EMNIST:'M' -> MNIST ❌ (Uncertain)
EMNIST:'N' -> MNIST ❌ (Uncertain)
EMNIST:'O' -> MNIST ❌ (Uncertain)
EMNIST:'P' -> MNIST ❌ (Uncertain)
EMNIST:'Q' -> MNIST ❌ (Uncertain)
EMNIST:'R' -> MNIST ❌ (Uncertain)
EMNIST:'S' -> MNIST ❌ (Uncertain)
EMNIST:'T' -> MNIST ❌ (Uncertain)
EMNIST:'U' -> MNIST ❌ (Uncertain)
EMNIST:'V' -> MNIST ❌ (Uncertain)
EMNIST:'W' -> MNIST ❌ (Uncertain)
EMNIST:'X' -> MNIST ❌ (Uncertain)
EMNIST:'Y' -> MNIST ❌ (Uncertain)
EMNIST:'Z' -> MNIST ❌ (Uncertain)
EMNIST:'a' -> MNIST ❌ (Uncertain)
EMNIST:'b' -> MNIST ❌ (Uncertain)
EMNIST:'c' -> MNIST ❌ (Uncertain)
EMNIST:'d' -> MNIST ❌ (Uncertain)
EMNIST:'e' -> MNIST ❌ (Uncertain)
EMNIST:'f' -> MNIST ❌ (Uncertain)
EMNIST:'g' -> MNIST ❌ (Uncertain)
EMNIST:'h' -> MNIST ❌ (Uncertain)
EMNIST:'i' -> MNIST ❌ (Uncertain)
EMNIST:'j' -> MNIST ❌ (Uncertain)
EMNIST:'k' -> MNIST ❌ (Uncertain)
EMNIST:'l' -> MNIST ❌ (Uncertain)
EMNIST:'m' -> MNIST ❌ (Uncertain)
EMNIST:'n' -> MNIST ❌ (Uncertain)
EMNIST:'o' -> MNIST ❌ (Uncertain)
EMNIST:'p' -> MNIST ❌ (Uncertain)
EMNIST:'q' -> MNIST ❌ (Uncertain)
EMNIST:'r' -> MNIST ❌ (Uncertain)
EMNIST:'s' -> MNIST ❌ (Uncertain)
EMNIST:'t' -> MNIST ❌ (Uncertain)
EMNIST:'u' -> MNIST ❌ (Uncertain)
EMNIST:'v' -> MNIST ❌ (Uncertain)
EMNIST:'w' -> MNIST ❌ (Uncertain)
EMNIST:'x' -> MNIST ❌ (Uncertain)
EMNIST:'y' -> MNIST ❌ (Uncertain)
EMNIST:'z' -> MNIST ❌ (Uncertain)
EMNIST:'0' -> CIFAR10 ❌ (Uncertain)
EMNIST:'1' -> CIFAR10 ❌ (Uncertain)
EMNIST:'2' -> CIFAR10 ❌ (Uncertain)
EMNIST:'3' -> CIFAR10 ❌ (Uncertain)
EMNIST:'4' -> CIFAR10 ❌ (Uncertain)
EMNIST:'5' -> CIFAR10 ❌ (Uncertain)
EMNIST:'6' -> CIFAR10 ❌ (Uncertain)
EMNIST:'7' -> CIFAR10 ❌ (Uncertain)
EMNIST:'8' -> CIFAR10 ❌ (Uncertain)
EMNIST:'9' -> CIFAR10 ❌ (Uncertain)
EMNIST:'A' -> CIFAR10 ❌ (Uncertain)
EMNIST:'B' -> CIFAR10 ❌ (Uncertain)
EMNIST:'C' -> CIFAR10 ❌ (Uncertain)
EMNIST:'D' -> CIFAR10 ❌ (Uncertain)
EMNIST:'E' -> CIFAR10 ❌ (Uncertain)
EMNIST:'F' -> CIFAR10 ❌ (Uncertain)
EMNIST:'G' -> CIFAR10 ❌ (Uncertain)
EMNIST:'H' -> CIFAR10 ❌ (Uncertain)
EMNIST:'I' -> CIFAR10 ❌ (Uncertain)
EMNIST:'J' -> CIFAR10 ❌ (Uncertain)
EMNIST:'K' -> CIFAR10 ❌ (Uncertain)
EMNIST:'L' -> CIFAR10 ❌ (Uncertain)
EMNIST:'M' -> CIFAR10 ❌ (Uncertain)
EMNIST:'N' -> CIFAR10 ❌ (Uncertain)
EMNIST:'O' -> CIFAR10 ❌ (Uncertain)
EMNIST:'P' -> CIFAR10 ❌ (Uncertain)
EMNIST:'Q' -> CIFAR10 ❌ (Uncertain)
EMNIST:'R' -> CIFAR10 ❌ (Uncertain)
EMNIST:'S' -> CIFAR10 ❌ (Uncertain)
EMNIST:'T' -> CIFAR10 ❌ (Uncertain)
EMNIST:'U' -> CIFAR10 ❌ (Uncertain)
EMNIST:'V' -> CIFAR10 ❌ (Uncertain)
EMNIST:'W' -> CIFAR10 ❌ (Uncertain)
EMNIST:'X' -> CIFAR10 ❌ (Uncertain)
EMNIST:'Y' -> CIFAR10 ❌ (Uncertain)
EMNIST:'Z' -> CIFAR10 ❌ (Uncertain)
EMNIST:'a' -> CIFAR10 ❌ (Uncertain)
EMNIST:'b' -> CIFAR10 ❌ (Uncertain)
EMNIST:'c' -> CIFAR10 ❌ (Uncertain)
EMNIST:'d' -> CIFAR10 ❌ (Uncertain)
EMNIST:'e' -> CIFAR10 ❌ (Uncertain)
EMNIST:'f' -> CIFAR10 ❌ (Uncertain)
EMNIST:'g' -> CIFAR10 ❌ (Uncertain)
EMNIST:'h' -> CIFAR10 ❌ (Uncertain)
EMNIST:'i' -> CIFAR10 ❌ (Uncertain)
EMNIST:'j' -> CIFAR10 ❌ (Uncertain)
EMNIST:'k' -> CIFAR10 ❌ (Uncertain)
EMNIST:'l' -> CIFAR10 ❌ (Uncertain)
EMNIST:'m' -> CIFAR10 ❌ (Uncertain)
EMNIST:'n' -> CIFAR10 ❌ (Uncertain)
EMNIST:'o' -> CIFAR10 ❌ (Uncertain)
EMNIST:'p' -> CIFAR10 ❌ (Uncertain)
EMNIST:'q' -> CIFAR10 ❌ (Uncertain)
EMNIST:'r' -> CIFAR10 ❌ (Uncertain)
EMNIST:'s' -> CIFAR10 ❌ (Uncertain)
EMNIST:'t' -> CIFAR10 ❌ (Uncertain)
EMNIST:'u' -> CIFAR10 ❌ (Uncertain)
EMNIST:'v' -> CIFAR10 ❌ (Uncertain)
EMNIST:'w' -> CIFAR10 ❌ (Uncertain)
EMNIST:'x' -> CIFAR10 ❌ (Uncertain)
EMNIST:'y' -> CIFAR10 ❌ (Uncertain)
EMNIST:'z' -> CIFAR10 ❌ (Uncertain)
CIFAR10:'airplane' -> MNIST ❌ (Uncertain)
CIFAR10:'automobile' -> MNIST ❌ (Uncertain)
CIFAR10:'bird' -> MNIST ❌ (Uncertain)
CIFAR10:'cat' -> MNIST ❌ (Uncertain)
CIFAR10:'deer' -> MNIST ❌ (Uncertain)
CIFAR10:'dog' -> MNIST ❌ (Uncertain)
CIFAR10:'frog' -> MNIST ❌ (Uncertain)
CIFAR10:'horse' -> MNIST ❌ (Uncertain)
CIFAR10:'ship' -> MNIST ❌ (Uncertain)
CIFAR10:'truck' -> MNIST ❌ (Uncertain)
CIFAR10:'airplane' -> EMNIST ❌ (Uncertain)
CIFAR10:'automobile' -> EMNIST ❌ (Uncertain)
CIFAR10:'bird' -> EMNIST ❌ (Uncertain)
CIFAR10:'cat' -> EMNIST ❌ (Uncertain)
CIFAR10:'deer' -> EMNIST ❌ (Uncertain)
CIFAR10:'dog' -> EMNIST ❌ (Uncertain)
CIFAR10:'frog' -> EMNIST ❌ (Uncertain)
CIFAR10:'horse' -> EMNIST ❌ (Uncertain)
CIFAR10:'ship' -> EMNIST ❌ (Uncertain)
CIFAR10:'truck' -> EMNIST ❌ (Uncertain)
Exp: Old Gen + Old Ent (0.6)
dynamic_entropy_ratio: 0.6
MNIST:'0' -> EMNIST ❌ (Uncertain)
MNIST:'1' -> EMNIST ❌ (Uncertain)
MNIST:'2' -> EMNIST ❌ (Uncertain)
MNIST:'3' -> EMNIST ❌ (Uncertain)
MNIST:'4' -> EMNIST ❌ (Uncertain)
MNIST:'5' -> EMNIST ❌ (Uncertain)
MNIST:'6' -> EMNIST ❌ (Uncertain)
MNIST:'7' -> EMNIST ❌ (Uncertain)
MNIST:'8' -> EMNIST ❌ (Uncertain)
MNIST:'9' -> EMNIST ❌ (Uncertain)
MNIST:'0' -> CIFAR10 ❌ (Uncertain)
MNIST:'1' -> CIFAR10 ❌ (Uncertain)
MNIST:'2' -> CIFAR10 ❌ (Uncertain)
MNIST:'3' -> CIFAR10 ❌ (Uncertain)
MNIST:'4' -> CIFAR10 ❌ (Uncertain)
MNIST:'5' -> CIFAR10 ❌ (Uncertain)
MNIST:'6' -> CIFAR10 ❌ (Uncertain)
MNIST:'7' -> CIFAR10 ❌ (Uncertain)
MNIST:'8' -> CIFAR10 ❌ (Uncertain)
MNIST:'9' -> CIFAR10 ❌ (Uncertain)
EMNIST:'0' -> MNIST ❌ (Uncertain)
EMNIST:'1' -> MNIST ❌ (Uncertain)
EMNIST:'2' -> MNIST ❌ (Uncertain)
EMNIST:'3' -> MNIST ❌ (Uncertain)
EMNIST:'4' -> MNIST ❌ (Uncertain)
EMNIST:'5' -> MNIST ❌ (Uncertain)
EMNIST:'6' -> MNIST ❌ (Uncertain)
EMNIST:'7' -> MNIST ❌ (Uncertain)
EMNIST:'8' -> MNIST ❌ (Uncertain)
EMNIST:'9' -> MNIST ❌ (Uncertain)
EMNIST:'A' -> MNIST ❌ (Uncertain)
EMNIST:'B' -> MNIST ❌ (Uncertain)
EMNIST:'C' -> MNIST ❌ (Uncertain)
EMNIST:'D' -> MNIST ❌ (Uncertain)
EMNIST:'E' -> MNIST ❌ (Uncertain)
EMNIST:'F' -> MNIST ❌ (Uncertain)
EMNIST:'G' -> MNIST ❌ (Uncertain)
EMNIST:'H' -> MNIST ❌ (Uncertain)
EMNIST:'I' -> MNIST ❌ (Uncertain)
EMNIST:'J' -> MNIST ❌ (Uncertain)
EMNIST:'K' -> MNIST ❌ (Uncertain)
EMNIST:'L' -> MNIST ❌ (Uncertain)
EMNIST:'M' -> MNIST ❌ (Uncertain)
EMNIST:'N' -> MNIST ❌ (Uncertain)
EMNIST:'O' -> MNIST ❌ (Uncertain)
EMNIST:'P' -> MNIST ❌ (Uncertain)
EMNIST:'Q' -> MNIST ❌ (Uncertain)
EMNIST:'R' -> MNIST ❌ (Uncertain)
EMNIST:'S' -> MNIST ❌ (Uncertain)
EMNIST:'T' -> MNIST ❌ (Uncertain)
EMNIST:'U' -> MNIST ❌ (Uncertain)
EMNIST:'V' -> MNIST ❌ (Uncertain)
EMNIST:'W' -> MNIST ❌ (Uncertain)
EMNIST:'X' -> MNIST ❌ (Uncertain)
EMNIST:'Y' -> MNIST ❌ (Uncertain)
EMNIST:'Z' -> MNIST ❌ (Uncertain)
EMNIST:'a' -> MNIST ❌ (Uncertain)
EMNIST:'b' -> MNIST ❌ (Uncertain)
EMNIST:'c' -> MNIST ❌ (Uncertain)
EMNIST:'d' -> MNIST ❌ (Uncertain)
EMNIST:'e' -> MNIST ❌ (Uncertain)
EMNIST:'f' -> MNIST ❌ (Uncertain)
EMNIST:'g' -> MNIST ❌ (Uncertain)
EMNIST:'h' -> MNIST ❌ (Uncertain)
EMNIST:'i' -> MNIST ❌ (Uncertain)
EMNIST:'j' -> MNIST ❌ (Uncertain)
EMNIST:'k' -> MNIST ❌ (Uncertain)
EMNIST:'l' -> MNIST ❌ (Uncertain)
EMNIST:'m' -> MNIST ❌ (Uncertain)
EMNIST:'n' -> MNIST ❌ (Uncertain)
EMNIST:'o' -> MNIST ❌ (Uncertain)
EMNIST:'p' -> MNIST ❌ (Uncertain)
EMNIST:'q' -> MNIST ❌ (Uncertain)
EMNIST:'r' -> MNIST ❌ (Uncertain)
EMNIST:'s' -> MNIST ❌ (Uncertain)
EMNIST:'t' -> MNIST ❌ (Uncertain)
EMNIST:'u' -> MNIST ❌ (Uncertain)
EMNIST:'v' -> MNIST ❌ (Uncertain)
EMNIST:'w' -> MNIST ❌ (Uncertain)
EMNIST:'x' -> MNIST ❌ (Uncertain)
EMNIST:'y' -> MNIST ❌ (Uncertain)
EMNIST:'z' -> MNIST ❌ (Uncertain)
EMNIST:'0' -> CIFAR10 ❌ (Uncertain)
EMNIST:'1' -> CIFAR10 ❌ (Uncertain)
EMNIST:'2' -> CIFAR10 ❌ (Uncertain)
EMNIST:'3' -> CIFAR10 ❌ (Uncertain)
EMNIST:'4' -> CIFAR10 ❌ (Uncertain)
EMNIST:'5' -> CIFAR10 ❌ (Uncertain)
EMNIST:'6' -> CIFAR10 ❌ (Uncertain)
EMNIST:'7' -> CIFAR10 ❌ (Uncertain)
EMNIST:'8' -> CIFAR10 ❌ (Uncertain)
EMNIST:'9' -> CIFAR10 ❌ (Uncertain)
EMNIST:'A' -> CIFAR10 ❌ (Uncertain)
EMNIST:'B' -> CIFAR10 ❌ (Uncertain)
EMNIST:'C' -> CIFAR10 ❌ (Uncertain)
EMNIST:'D' -> CIFAR10 ❌ (Uncertain)
EMNIST:'E' -> CIFAR10 ❌ (Uncertain)
EMNIST:'F' -> CIFAR10 ❌ (Uncertain)
EMNIST:'G' -> CIFAR10 ❌ (Uncertain)
EMNIST:'H' -> CIFAR10 ❌ (Uncertain)
EMNIST:'I' -> CIFAR10 ❌ (Uncertain)
EMNIST:'J' -> CIFAR10 ❌ (Uncertain)
EMNIST:'K' -> CIFAR10 ❌ (Uncertain)
EMNIST:'L' -> CIFAR10 ❌ (Uncertain)
EMNIST:'M' -> CIFAR10 ❌ (Uncertain)
EMNIST:'N' -> CIFAR10 ❌ (Uncertain)
EMNIST:'O' -> CIFAR10 ❌ (Uncertain)
EMNIST:'P' -> CIFAR10 ❌ (Uncertain)
EMNIST:'Q' -> CIFAR10 ❌ (Uncertain)
EMNIST:'R' -> CIFAR10 ❌ (Uncertain)
EMNIST:'S' -> CIFAR10 ❌ (Uncertain)
EMNIST:'T' -> CIFAR10 ❌ (Uncertain)
EMNIST:'U' -> CIFAR10 ❌ (Uncertain)
EMNIST:'V' -> CIFAR10 ❌ (Uncertain)
EMNIST:'W' -> CIFAR10 ❌ (Uncertain)
EMNIST:'X' -> CIFAR10 ❌ (Uncertain)
EMNIST:'Y' -> CIFAR10 ❌ (Uncertain)
EMNIST:'Z' -> CIFAR10 ❌ (Uncertain)
EMNIST:'a' -> CIFAR10 ❌ (Uncertain)
EMNIST:'b' -> CIFAR10 ❌ (Uncertain)
EMNIST:'c' -> CIFAR10 ❌ (Uncertain)
EMNIST:'d' -> CIFAR10 ❌ (Uncertain)
EMNIST:'e' -> CIFAR10 ❌ (Uncertain)
EMNIST:'f' -> CIFAR10 ❌ (Uncertain)
EMNIST:'g' -> CIFAR10 ❌ (Uncertain)
EMNIST:'h' -> CIFAR10 ❌ (Uncertain)
EMNIST:'i' -> CIFAR10 ❌ (Uncertain)
EMNIST:'j' -> CIFAR10 ❌ (Uncertain)
EMNIST:'k' -> CIFAR10 ❌ (Uncertain)
EMNIST:'l' -> CIFAR10 ❌ (Uncertain)
EMNIST:'m' -> CIFAR10 ❌ (Uncertain)
EMNIST:'n' -> CIFAR10 ❌ (Uncertain)
EMNIST:'o' -> CIFAR10 ❌ (Uncertain)
EMNIST:'p' -> CIFAR10 ❌ (Uncertain)
EMNIST:'q' -> CIFAR10 ❌ (Uncertain)
EMNIST:'r' -> CIFAR10 ❌ (Uncertain)
EMNIST:'s' -> CIFAR10 ❌ (Uncertain)
EMNIST:'t' -> CIFAR10 ❌ (Uncertain)
EMNIST:'u' -> CIFAR10 ❌ (Uncertain)
EMNIST:'v' -> CIFAR10 ❌ (Uncertain)
EMNIST:'w' -> CIFAR10 ❌ (Uncertain)
EMNIST:'x' -> CIFAR10 ❌ (Uncertain)
EMNIST:'y' -> CIFAR10 ❌ (Uncertain)
EMNIST:'z' -> CIFAR10 ❌ (Uncertain)
CIFAR10:'airplane' -> MNIST ❌ (Uncertain)
CIFAR10:'automobile' -> MNIST ❌ (Uncertain)
CIFAR10:'bird' -> MNIST ❌ (Uncertain)
CIFAR10:'cat' -> MNIST ❌ (Uncertain)
CIFAR10:'deer' -> MNIST ❌ (Uncertain)
CIFAR10:'dog' -> MNIST ❌ (Uncertain)
CIFAR10:'frog' -> MNIST ❌ (Uncertain)
CIFAR10:'horse' -> MNIST ❌ (Uncertain)
CIFAR10:'ship' -> MNIST ❌ (Uncertain)
CIFAR10:'truck' -> MNIST ❌ (Uncertain)
CIFAR10:'airplane' -> EMNIST ❌ (Uncertain)
CIFAR10:'automobile' -> EMNIST ❌ (Uncertain)
CIFAR10:'bird' -> EMNIST ❌ (Uncertain)
CIFAR10:'cat' -> EMNIST ❌ (Uncertain)
CIFAR10:'deer' -> EMNIST ❌ (Uncertain)
CIFAR10:'dog' -> EMNIST ❌ (Uncertain)
CIFAR10:'frog' -> EMNIST ❌ (Uncertain)
CIFAR10:'horse' -> EMNIST ❌ (Uncertain)
CIFAR10:'ship' -> EMNIST ❌ (Uncertain)
CIFAR10:'truck' -> EMNIST ❌ (Uncertain)
Exp: Old Gen + Old Ent (0.65)
dynamic_entropy_ratio: 0.65
MNIST:'0' -> EMNIST ❌ (Uncertain)
MNIST:'1' -> EMNIST ❌ (Uncertain)
MNIST:'2' -> EMNIST ❌ (Uncertain)
MNIST:'3' -> EMNIST ❌ (Uncertain)
MNIST:'4' -> EMNIST ❌ (Uncertain)
MNIST:'5' -> EMNIST ❌ (Uncertain)
MNIST:'6' -> EMNIST ❌ (Uncertain)
MNIST:'7' -> EMNIST ❌ (Uncertain)
MNIST:'8' -> EMNIST ❌ (Uncertain)
MNIST:'9' -> EMNIST ❌ (Uncertain)
MNIST:'0' -> CIFAR10 ❌ (Uncertain)
MNIST:'1' -> CIFAR10 ❌ (Uncertain)
MNIST:'2' -> CIFAR10 ❌ (Uncertain)
MNIST:'3' -> CIFAR10 ❌ (Uncertain)
MNIST:'4' -> CIFAR10 ❌ (Uncertain)
MNIST:'5' -> CIFAR10 ❌ (Uncertain)
MNIST:'6' -> CIFAR10 ❌ (Uncertain)
MNIST:'7' -> CIFAR10 ❌ (Uncertain)
MNIST:'8' -> CIFAR10 ❌ (Uncertain)
MNIST:'9' -> CIFAR10 ❌ (Uncertain)
EMNIST:'0' -> MNIST ❌ (Uncertain)
EMNIST:'1' -> MNIST ❌ (Uncertain)
EMNIST:'2' -> MNIST ❌ (Uncertain)
EMNIST:'3' -> MNIST ❌ (Uncertain)
EMNIST:'4' -> MNIST ❌ (Uncertain)
EMNIST:'5' -> MNIST ❌ (Uncertain)
EMNIST:'6' -> MNIST ❌ (Uncertain)
EMNIST:'7' -> MNIST ❌ (Uncertain)
EMNIST:'8' -> MNIST ❌ (Uncertain)
EMNIST:'9' -> MNIST ❌ (Uncertain)
EMNIST:'A' -> MNIST ❌ (Uncertain)
EMNIST:'B' -> MNIST ❌ (Uncertain)
EMNIST:'C' -> MNIST ❌ (Uncertain)
EMNIST:'D' -> MNIST ❌ (Uncertain)
EMNIST:'E' -> MNIST ❌ (Uncertain)
EMNIST:'F' -> MNIST ❌ (Uncertain)
EMNIST:'G' -> MNIST ❌ (Uncertain)
EMNIST:'H' -> MNIST ❌ (Uncertain)
EMNIST:'I' -> MNIST ❌ (Uncertain)
EMNIST:'J' -> MNIST ❌ (Uncertain)
EMNIST:'K' -> MNIST ❌ (Uncertain)
EMNIST:'L' -> MNIST ❌ (Uncertain)
EMNIST:'M' -> MNIST ❌ (Uncertain)
EMNIST:'N' -> MNIST ❌ (Uncertain)
EMNIST:'O' -> MNIST ❌ (Uncertain)
EMNIST:'P' -> MNIST ❌ (Uncertain)
EMNIST:'Q' -> MNIST ❌ (Uncertain)
EMNIST:'R' -> MNIST ❌ (Uncertain)
EMNIST:'S' -> MNIST ❌ (Uncertain)
EMNIST:'T' -> MNIST ❌ (Uncertain)
EMNIST:'U' -> MNIST ❌ (Uncertain)
EMNIST:'V' -> MNIST ❌ (Uncertain)
EMNIST:'W' -> MNIST ❌ (Uncertain)
EMNIST:'X' -> MNIST ❌ (Uncertain)
EMNIST:'Y' -> MNIST ❌ (Uncertain)
EMNIST:'Z' -> MNIST ❌ (Uncertain)
EMNIST:'a' -> MNIST ❌ (Uncertain)
EMNIST:'b' -> MNIST ❌ (Uncertain)
EMNIST:'c' -> MNIST ❌ (Uncertain)
EMNIST:'d' -> MNIST ❌ (Uncertain)
EMNIST:'e' -> MNIST ❌ (Uncertain)
EMNIST:'f' -> MNIST ❌ (Uncertain)
EMNIST:'g' -> MNIST ❌ (Uncertain)
EMNIST:'h' -> MNIST ❌ (Uncertain)
EMNIST:'i' -> MNIST ❌ (Uncertain)
EMNIST:'j' -> MNIST ❌ (Uncertain)
EMNIST:'k' -> MNIST ❌ (Uncertain)
EMNIST:'l' -> MNIST ❌ (Uncertain)
EMNIST:'m' -> MNIST ❌ (Uncertain)
EMNIST:'n' -> MNIST ❌ (Uncertain)
EMNIST:'o' -> MNIST ❌ (Uncertain)
EMNIST:'p' -> MNIST ❌ (Uncertain)
EMNIST:'q' -> MNIST ❌ (Uncertain)
EMNIST:'r' -> MNIST ❌ (Uncertain)
EMNIST:'s' -> MNIST ❌ (Uncertain)
EMNIST:'t' -> MNIST ❌ (Uncertain)
EMNIST:'u' -> MNIST ❌ (Uncertain)
EMNIST:'v' -> MNIST ❌ (Uncertain)
EMNIST:'w' -> MNIST ❌ (Uncertain)
EMNIST:'x' -> MNIST ❌ (Uncertain)
EMNIST:'y' -> MNIST ❌ (Uncertain)
EMNIST:'z' -> MNIST ❌ (Uncertain)
EMNIST:'0' -> CIFAR10 ❌ (Uncertain)
EMNIST:'1' -> CIFAR10 ❌ (Uncertain)
EMNIST:'2' -> CIFAR10 ❌ (Uncertain)
EMNIST:'3' -> CIFAR10 ❌ (Uncertain)
EMNIST:'4' -> CIFAR10 ❌ (Uncertain)
EMNIST:'5' -> CIFAR10 ❌ (Uncertain)
EMNIST:'6' -> CIFAR10 ❌ (Uncertain)
EMNIST:'7' -> CIFAR10 ❌ (Uncertain)
EMNIST:'8' -> CIFAR10 ❌ (Uncertain)
EMNIST:'9' -> CIFAR10 ❌ (Uncertain)
EMNIST:'A' -> CIFAR10 ❌ (Uncertain)
EMNIST:'B' -> CIFAR10 ❌ (Uncertain)
EMNIST:'C' -> CIFAR10 ❌ (Uncertain)
EMNIST:'D' -> CIFAR10 ❌ (Uncertain)
EMNIST:'E' -> CIFAR10 ❌ (Uncertain)
EMNIST:'F' -> CIFAR10 ❌ (Uncertain)
EMNIST:'G' -> CIFAR10 ❌ (Uncertain)
EMNIST:'H' -> CIFAR10 ❌ (Uncertain)
EMNIST:'I' -> CIFAR10 ❌ (Uncertain)
EMNIST:'J' -> CIFAR10 ❌ (Uncertain)
EMNIST:'K' -> CIFAR10 ❌ (Uncertain)
EMNIST:'L' -> CIFAR10 | Predict: 'bird' (Ent: 1.48)
EMNIST:'M' -> CIFAR10 ❌ (Uncertain)
EMNIST:'N' -> CIFAR10 ❌ (Uncertain)
EMNIST:'O' -> CIFAR10 ❌ (Uncertain)
EMNIST:'P' -> CIFAR10 ❌ (Uncertain)
EMNIST:'Q' -> CIFAR10 ❌ (Uncertain)
EMNIST:'R' -> CIFAR10 ❌ (Uncertain)
EMNIST:'S' -> CIFAR10 ❌ (Uncertain)
EMNIST:'T' -> CIFAR10 ❌ (Uncertain)
EMNIST:'U' -> CIFAR10 ❌ (Uncertain)
EMNIST:'V' -> CIFAR10 ❌ (Uncertain)
EMNIST:'W' -> CIFAR10 ❌ (Uncertain)
EMNIST:'X' -> CIFAR10 ❌ (Uncertain)
EMNIST:'Y' -> CIFAR10 ❌ (Uncertain)
EMNIST:'Z' -> CIFAR10 ❌ (Uncertain)
EMNIST:'a' -> CIFAR10 ❌ (Uncertain)
EMNIST:'b' -> CIFAR10 ❌ (Uncertain)
EMNIST:'c' -> CIFAR10 ❌ (Uncertain)
EMNIST:'d' -> CIFAR10 ❌ (Uncertain)
EMNIST:'e' -> CIFAR10 ❌ (Uncertain)
EMNIST:'f' -> CIFAR10 ❌ (Uncertain)
EMNIST:'g' -> CIFAR10 ❌ (Uncertain)
EMNIST:'h' -> CIFAR10 ❌ (Uncertain)
EMNIST:'i' -> CIFAR10 ❌ (Uncertain)
EMNIST:'j' -> CIFAR10 ❌ (Uncertain)
EMNIST:'k' -> CIFAR10 ❌ (Uncertain)
EMNIST:'l' -> CIFAR10 ❌ (Uncertain)
EMNIST:'m' -> CIFAR10 ❌ (Uncertain)
EMNIST:'n' -> CIFAR10 ❌ (Uncertain)
EMNIST:'o' -> CIFAR10 ❌ (Uncertain)
EMNIST:'p' -> CIFAR10 ❌ (Uncertain)
EMNIST:'q' -> CIFAR10 ❌ (Uncertain)
EMNIST:'r' -> CIFAR10 ❌ (Uncertain)
EMNIST:'s' -> CIFAR10 ❌ (Uncertain)
EMNIST:'t' -> CIFAR10 ❌ (Uncertain)
EMNIST:'u' -> CIFAR10 ❌ (Uncertain)
EMNIST:'v' -> CIFAR10 ❌ (Uncertain)
EMNIST:'w' -> CIFAR10 ❌ (Uncertain)
EMNIST:'x' -> CIFAR10 ❌ (Uncertain)
EMNIST:'y' -> CIFAR10 ❌ (Uncertain)
EMNIST:'z' -> CIFAR10 ❌ (Uncertain)
CIFAR10:'airplane' -> MNIST ❌ (Uncertain)
CIFAR10:'automobile' -> MNIST ❌ (Uncertain)
CIFAR10:'bird' -> MNIST ❌ (Uncertain)
CIFAR10:'cat' -> MNIST ❌ (Uncertain)
CIFAR10:'deer' -> MNIST ❌ (Uncertain)
CIFAR10:'dog' -> MNIST ❌ (Uncertain)
CIFAR10:'frog' -> MNIST ❌ (Uncertain)
CIFAR10:'horse' -> MNIST ❌ (Uncertain)
CIFAR10:'ship' -> MNIST ❌ (Uncertain)
CIFAR10:'truck' -> MNIST ❌ (Uncertain)
CIFAR10:'airplane' -> EMNIST ❌ (Uncertain)
CIFAR10:'automobile' -> EMNIST ❌ (Uncertain)
CIFAR10:'cat' -> EMNIST ❌ (Uncertain)
CIFAR10:'deer' -> EMNIST ❌ (Uncertain)
CIFAR10:'dog' -> EMNIST ❌ (Uncertain)
CIFAR10:'frog' -> EMNIST ❌ (Uncertain)
CIFAR10:'horse' -> EMNIST ❌ (Uncertain)
CIFAR10:'ship' -> EMNIST ❌ (Uncertain)
CIFAR10:'truck' -> EMNIST ❌ (Uncertain)
Exp: Old Gen + Old Ent (0.7)
dynamic_entropy_ratio: 0.7
MNIST:'0' -> EMNIST ❌ (Uncertain)
MNIST:'1' -> EMNIST ❌ (Uncertain)
MNIST:'2' -> EMNIST ❌ (Uncertain)
MNIST:'3' -> EMNIST ❌ (Uncertain)
MNIST:'4' -> EMNIST | Predict: 'E' (Ent: 2.87)
MNIST:'5' -> EMNIST ❌ (Uncertain)
MNIST:'6' -> EMNIST ❌ (Uncertain)
MNIST:'7' -> EMNIST ❌ (Uncertain)
MNIST:'8' -> EMNIST ❌ (Uncertain)
MNIST:'9' -> EMNIST | Predict: '8' (Ent: 2.71)
MNIST:'0' -> CIFAR10 ❌ (Uncertain)
MNIST:'1' -> CIFAR10 ❌ (Uncertain)
MNIST:'2' -> CIFAR10 ❌ (Uncertain)
MNIST:'3' -> CIFAR10 ❌ (Uncertain)
MNIST:'4' -> CIFAR10 ❌ (Uncertain)
MNIST:'5' -> CIFAR10 ❌ (Uncertain)
MNIST:'6' -> CIFAR10 ❌ (Uncertain)
MNIST:'7' -> CIFAR10 ❌ (Uncertain)
MNIST:'8' -> CIFAR10 ❌ (Uncertain)
MNIST:'9' -> CIFAR10 ❌ (Uncertain)
EMNIST:'0' -> MNIST ❌ (Uncertain)
EMNIST:'1' -> MNIST ❌ (Uncertain)
EMNIST:'2' -> MNIST ❌ (Uncertain)
EMNIST:'3' -> MNIST ❌ (Uncertain)
EMNIST:'4' -> MNIST ❌ (Uncertain)
EMNIST:'5' -> MNIST ❌ (Uncertain)
EMNIST:'6' -> MNIST ❌ (Uncertain)
EMNIST:'7' -> MNIST ❌ (Uncertain)
EMNIST:'9' -> MNIST ❌ (Uncertain)
EMNIST:'A' -> MNIST ❌ (Uncertain)
EMNIST:'B' -> MNIST ❌ (Uncertain)
EMNIST:'C' -> MNIST ❌ (Uncertain)
EMNIST:'D' -> MNIST ❌ (Uncertain)
EMNIST:'F' -> MNIST ❌ (Uncertain)
EMNIST:'G' -> MNIST ❌ (Uncertain)
EMNIST:'H' -> MNIST ❌ (Uncertain)
EMNIST:'I' -> MNIST ❌ (Uncertain)
EMNIST:'J' -> MNIST ❌ (Uncertain)
EMNIST:'K' -> MNIST ❌ (Uncertain)
EMNIST:'L' -> MNIST ❌ (Uncertain)
EMNIST:'M' -> MNIST ❌ (Uncertain)
EMNIST:'N' -> MNIST ❌ (Uncertain)
EMNIST:'O' -> MNIST ❌ (Uncertain)
EMNIST:'P' -> MNIST ❌ (Uncertain)
EMNIST:'Q' -> MNIST ❌ (Uncertain)
EMNIST:'R' -> MNIST ❌ (Uncertain)
EMNIST:'S' -> MNIST ❌ (Uncertain)
EMNIST:'T' -> MNIST ❌ (Uncertain)
EMNIST:'U' -> MNIST ❌ (Uncertain)
EMNIST:'V' -> MNIST ❌ (Uncertain)
EMNIST:'W' -> MNIST ❌ (Uncertain)
EMNIST:'X' -> MNIST ❌ (Uncertain)
EMNIST:'Y' -> MNIST ❌ (Uncertain)
EMNIST:'Z' -> MNIST ❌ (Uncertain)
EMNIST:'a' -> MNIST ❌ (Uncertain)
EMNIST:'b' -> MNIST ❌ (Uncertain)
EMNIST:'c' -> MNIST ❌ (Uncertain)
EMNIST:'d' -> MNIST ❌ (Uncertain)
EMNIST:'e' -> MNIST ❌ (Uncertain)
EMNIST:'f' -> MNIST ❌ (Uncertain)
EMNIST:'g' -> MNIST ❌ (Uncertain)
EMNIST:'h' -> MNIST ❌ (Uncertain)
EMNIST:'i' -> MNIST ❌ (Uncertain)
EMNIST:'j' -> MNIST ❌ (Uncertain)
EMNIST:'k' -> MNIST ❌ (Uncertain)
EMNIST:'l' -> MNIST ❌ (Uncertain)
EMNIST:'m' -> MNIST ❌ (Uncertain)
EMNIST:'n' -> MNIST ❌ (Uncertain)
EMNIST:'o' -> MNIST ❌ (Uncertain)
EMNIST:'p' -> MNIST ❌ (Uncertain)
EMNIST:'q' -> MNIST ❌ (Uncertain)
EMNIST:'r' -> MNIST ❌ (Uncertain)
EMNIST:'s' -> MNIST ❌ (Uncertain)
EMNIST:'t' -> MNIST ❌ (Uncertain)
EMNIST:'u' -> MNIST ❌ (Uncertain)
EMNIST:'v' -> MNIST ❌ (Uncertain)
EMNIST:'w' -> MNIST ❌ (Uncertain)
EMNIST:'x' -> MNIST ❌ (Uncertain)
EMNIST:'y' -> MNIST ❌ (Uncertain)
EMNIST:'z' -> MNIST ❌ (Uncertain)
EMNIST:'0' -> CIFAR10 | Predict: 'bird' (Ent: 1.60)
  ⚠️ [Mismatch] Cycle Back predicted '8' (Expected '0') (Ent: 2.83)
EMNIST:'1' -> CIFAR10 | Predict: 'bird' (Ent: 1.55)
  ⚠️ [Mismatch] Cycle Back predicted '8' (Expected '1') (Ent: 2.82)
EMNIST:'2' -> CIFAR10 ❌ (Uncertain)
EMNIST:'3' -> CIFAR10 | Predict: 'bird' (Ent: 1.59)
  ⚠️ [Mismatch] Cycle Back predicted '8' (Expected '3') (Ent: 2.84)
EMNIST:'4' -> CIFAR10 | Predict: 'bird' (Ent: 1.59)
  ⚠️ [Mismatch] Cycle Back predicted '8' (Expected '4') (Ent: 2.85)
EMNIST:'5' -> CIFAR10 ❌ (Uncertain)
EMNIST:'6' -> CIFAR10 | Predict: 'bird' (Ent: 1.57)
  ⚠️ [Mismatch] Cycle Back predicted '8' (Expected '6') (Ent: 2.83)
EMNIST:'7' -> CIFAR10 | Predict: 'bird' (Ent: 1.59)
  ⚠️ [Mismatch] Cycle Back predicted '8' (Expected '7') (Ent: 2.81)
EMNIST:'8' -> CIFAR10 | Predict: 'bird' (Ent: 1.56)
  ✅ [Match] EMNIST:'8' <==> CIFAR10:'bird' (Ent: 2.80)
EMNIST:'9' -> CIFAR10 | Predict: 'bird' (Ent: 1.59)
  ⚠️ [Mismatch] Cycle Back predicted '8' (Expected '9') (Ent: 2.81)
EMNIST:'A' -> CIFAR10 ❌ (Uncertain)
EMNIST:'B' -> CIFAR10 | Predict: 'bird' (Ent: 1.60)
  ⚠️ [Mismatch] Cycle Back predicted '8' (Expected 'B') (Ent: 2.83)
EMNIST:'C' -> CIFAR10 ❌ (Uncertain)
EMNIST:'D' -> CIFAR10 | Predict: 'bird' (Ent: 1.55)
  ⚠️ [Mismatch] Cycle Back predicted '8' (Expected 'D') (Ent: 2.85)
EMNIST:'E' -> CIFAR10 ❌ (Uncertain)
EMNIST:'F' -> CIFAR10 | Predict: 'bird' (Ent: 1.58)
  ⚠️ [Mismatch] Cycle Back predicted '8' (Expected 'F') (Ent: 2.80)
EMNIST:'G' -> CIFAR10 | Predict: 'bird' (Ent: 1.59)
  ⚠️ [Mismatch] Cycle Back predicted '8' (Expected 'G') (Ent: 2.81)
EMNIST:'H' -> CIFAR10 ❌ (Uncertain)
EMNIST:'I' -> CIFAR10 ❌ (Uncertain)
EMNIST:'J' -> CIFAR10 ❌ (Uncertain)
EMNIST:'K' -> CIFAR10 | Predict: 'bird' (Ent: 1.59)
  ⚠️ [Mismatch] Cycle Back predicted '8' (Expected 'K') (Ent: 2.84)
EMNIST:'L' -> CIFAR10 | Predict: 'bird' (Ent: 1.54)
  ⚠️ [Mismatch] Cycle Back predicted '8' (Expected 'L') (Ent: 2.83)
EMNIST:'M' -> CIFAR10 | Predict: 'bird' (Ent: 1.58)
  ⚠️ [Mismatch] Cycle Back predicted '8' (Expected 'M') (Ent: 2.79)
EMNIST:'N' -> CIFAR10 ❌ (Uncertain)
EMNIST:'O' -> CIFAR10 | Predict: 'bird' (Ent: 1.59)
  ⚠️ [Mismatch] Cycle Back predicted '8' (Expected 'O') (Ent: 2.85)
EMNIST:'P' -> CIFAR10 | Predict: 'bird' (Ent: 1.56)
  ⚠️ [Mismatch] Cycle Back predicted '8' (Expected 'P') (Ent: 2.79)
EMNIST:'Q' -> CIFAR10 ❌ (Uncertain)
EMNIST:'R' -> CIFAR10 ❌ (Uncertain)
EMNIST:'S' -> CIFAR10 | Predict: 'bird' (Ent: 1.61)
  ⚠️ [Mismatch] Cycle Back predicted '8' (Expected 'S') (Ent: 2.83)
EMNIST:'T' -> CIFAR10 ❌ (Uncertain)
EMNIST:'U' -> CIFAR10 | Predict: 'bird' (Ent: 1.60)
  ⚠️ [Mismatch] Cycle Back predicted '8' (Expected 'U') (Ent: 2.88)
EMNIST:'V' -> CIFAR10 | Predict: 'bird' (Ent: 1.59)
  ⚠️ [Mismatch] Cycle Back predicted '8' (Expected 'V') (Ent: 2.84)
EMNIST:'W' -> CIFAR10 ❌ (Uncertain)
EMNIST:'X' -> CIFAR10 ❌ (Uncertain)
EMNIST:'Y' -> CIFAR10 ❌ (Uncertain)
EMNIST:'Z' -> CIFAR10 | Predict: 'bird' (Ent: 1.61)
  ⚠️ [Mismatch] Cycle Back predicted '8' (Expected 'Z') (Ent: 2.80)
EMNIST:'a' -> CIFAR10 ❌ (Uncertain)
EMNIST:'b' -> CIFAR10 | Predict: 'bird' (Ent: 1.57)
  ⚠️ [Mismatch] Cycle Back predicted '8' (Expected 'b') (Ent: 2.81)
EMNIST:'c' -> CIFAR10 ❌ (Uncertain)
EMNIST:'d' -> CIFAR10 | Predict: 'bird' (Ent: 1.51)
  ⚠️ [Mismatch] Cycle Back predicted '8' (Expected 'd') (Ent: 2.84)
EMNIST:'e' -> CIFAR10 | Predict: 'bird' (Ent: 1.60)
  ⚠️ [Mismatch] Cycle Back predicted '8' (Expected 'e') (Ent: 2.82)
EMNIST:'f' -> CIFAR10 | Predict: 'bird' (Ent: 1.60)
  ⚠️ [Mismatch] Cycle Back predicted '8' (Expected 'f') (Ent: 2.84)
EMNIST:'g' -> CIFAR10 ❌ (Uncertain)
EMNIST:'h' -> CIFAR10 ❌ (Uncertain)
EMNIST:'i' -> CIFAR10 ❌ (Uncertain)
EMNIST:'j' -> CIFAR10 ❌ (Uncertain)
EMNIST:'k' -> CIFAR10 ❌ (Uncertain)
EMNIST:'l' -> CIFAR10 ❌ (Uncertain)
EMNIST:'m' -> CIFAR10 | Predict: 'bird' (Ent: 1.58)
  ⚠️ [Mismatch] Cycle Back predicted '8' (Expected 'm') (Ent: 2.84)
EMNIST:'n' -> CIFAR10 ❌ (Uncertain)
EMNIST:'o' -> CIFAR10 ❌ (Uncertain)
EMNIST:'p' -> CIFAR10 ❌ (Uncertain)
EMNIST:'q' -> CIFAR10 ❌ (Uncertain)
EMNIST:'r' -> CIFAR10 ❌ (Uncertain)
EMNIST:'s' -> CIFAR10 | Predict: 'bird' (Ent: 1.61)
  ⚠️ [Mismatch] Cycle Back predicted '8' (Expected 's') (Ent: 2.80)
EMNIST:'t' -> CIFAR10 ❌ (Uncertain)
EMNIST:'u' -> CIFAR10 ❌ (Uncertain)
EMNIST:'v' -> CIFAR10 | Predict: 'bird' (Ent: 1.57)
  ⚠️ [Mismatch] Cycle Back predicted '8' (Expected 'v') (Ent: 2.88)
EMNIST:'w' -> CIFAR10 ❌ (Uncertain)
EMNIST:'x' -> CIFAR10 | Predict: 'bird' (Ent: 1.57)
  ⚠️ [Mismatch] Cycle Back predicted '8' (Expected 'x') (Ent: 2.81)
EMNIST:'y' -> CIFAR10 | Predict: 'bird' (Ent: 1.60)
  ⚠️ [Mismatch] Cycle Back predicted '8' (Expected 'y') (Ent: 2.80)
EMNIST:'z' -> CIFAR10 ❌ (Uncertain)
CIFAR10:'airplane' -> MNIST ❌ (Uncertain)
CIFAR10:'automobile' -> MNIST ❌ (Uncertain)
CIFAR10:'bird' -> MNIST ❌ (Uncertain)
CIFAR10:'cat' -> MNIST ❌ (Uncertain)
CIFAR10:'deer' -> MNIST ❌ (Uncertain)
CIFAR10:'dog' -> MNIST ❌ (Uncertain)
CIFAR10:'frog' -> MNIST ❌ (Uncertain)
CIFAR10:'horse' -> MNIST ❌ (Uncertain)
CIFAR10:'ship' -> MNIST ❌ (Uncertain)
CIFAR10:'truck' -> MNIST ❌ (Uncertain)
CIFAR10:'airplane' -> EMNIST ❌ (Uncertain)
CIFAR10:'automobile' -> EMNIST ❌ (Uncertain)
CIFAR10:'cat' -> EMNIST ❌ (Uncertain)
CIFAR10:'deer' -> EMNIST | Predict: '8' (Ent: 2.83)
  ⚠️ [Mismatch] Cycle Back predicted 'bird' (Expected 'deer') (Ent: 1.58)
CIFAR10:'dog' -> EMNIST | Predict: '8' (Ent: 2.85)
  ⚠️ [Mismatch] Cycle Back predicted 'bird' (Expected 'dog') (Ent: 1.57)
CIFAR10:'frog' -> EMNIST | Predict: '0' (Ent: 2.85)
  ⚠️ [Mismatch] Cycle Back predicted 'bird' (Expected 'frog') (Ent: 1.59)
CIFAR10:'horse' -> EMNIST | Predict: '8' (Ent: 2.84)
  ⚠️ [Mismatch] Cycle Back predicted 'bird' (Expected 'horse') (Ent: 1.56)
CIFAR10:'ship' -> EMNIST | Predict: '8' (Ent: 2.79)
  ⚠️ [Mismatch] Cycle Back predicted 'bird' (Expected 'ship') (Ent: 1.56)
CIFAR10:'truck' -> EMNIST | Predict: '0' (Ent: 2.85)
  ⚠️ [Mismatch] Cycle Back predicted 'bird' (Expected 'truck') (Ent: 1.61)
Exp: Old Gen + Old Ent (0.75)
dynamic_entropy_ratio: 0.75
MNIST:'0' -> EMNIST | Predict: 'E' (Ent: 3.00)
  ⚠️ [Mismatch] Cycle Back predicted '8' (Expected '0') (Ent: 1.69)
MNIST:'1' -> EMNIST | Predict: 'a' (Ent: 2.91)
  ⚠️ [Mismatch] Cycle Back predicted '8' (Expected '1') (Ent: 1.69)
MNIST:'2' -> EMNIST ❌ (Uncertain)
MNIST:'3' -> EMNIST | Predict: 'g' (Ent: 3.07)
  ⚠️ [Mismatch] Cycle Back predicted '8' (Expected '3') (Ent: 1.70)
MNIST:'4' -> EMNIST | Predict: 'E' (Ent: 2.84)
  ⚠️ [Mismatch] Cycle Back predicted '8' (Expected '4') (Ent: 1.69)
MNIST:'5' -> EMNIST | Predict: 'E' (Ent: 2.72)
  ⚠️ [Mismatch] Cycle Back predicted '8' (Expected '5') (Ent: 1.70)
MNIST:'6' -> EMNIST ❌ (Uncertain)
MNIST:'7' -> EMNIST | Predict: '8' (Ent: 3.08)
  ⚠️ [Mismatch] Cycle Back predicted '8' (Expected '7') (Ent: 1.70)
MNIST:'8' -> EMNIST | Predict: 'E' (Ent: 3.01)
  ✅ [Match] MNIST:'8' <==> EMNIST:'E' (Ent: 1.69)
MNIST:'9' -> EMNIST | Predict: '8' (Ent: 2.70)
  ⚠️ [Mismatch] Cycle Back predicted '8' (Expected '9') (Ent: 1.71)
MNIST:'0' -> CIFAR10 ❌ (Uncertain)
MNIST:'1' -> CIFAR10 | Predict: 'automobile' (Ent: 1.72)
MNIST:'2' -> CIFAR10 ❌ (Uncertain)
MNIST:'3' -> CIFAR10 ❌ (Uncertain)
MNIST:'4' -> CIFAR10 ❌ (Uncertain)
MNIST:'5' -> CIFAR10 ❌ (Uncertain)
MNIST:'6' -> CIFAR10 ❌ (Uncertain)
MNIST:'7' -> CIFAR10 ❌ (Uncertain)
MNIST:'8' -> CIFAR10 ❌ (Uncertain)
MNIST:'9' -> CIFAR10 ❌ (Uncertain)
EMNIST:'0' -> MNIST | Predict: '8' (Ent: 1.69)
  ⚠️ [Mismatch] Cycle Back predicted '8' (Expected '0') (Ent: 2.95)
EMNIST:'1' -> MNIST | Predict: '8' (Ent: 1.67)
  ⚠️ [Mismatch] Cycle Back predicted 'E' (Expected '1') (Ent: 2.95)
EMNIST:'2' -> MNIST | Predict: '8' (Ent: 1.70)
  ⚠️ [Mismatch] Cycle Back predicted 'E' (Expected '2') (Ent: 2.93)
EMNIST:'3' -> MNIST | Predict: '8' (Ent: 1.69)
  ⚠️ [Mismatch] Cycle Back predicted '8' (Expected '3') (Ent: 2.96)
EMNIST:'4' -> MNIST | Predict: '8' (Ent: 1.71)
  ⚠️ [Mismatch] Cycle Back predicted '8' (Expected '4') (Ent: 3.02)
EMNIST:'5' -> MNIST | Predict: '8' (Ent: 1.69)
  ⚠️ [Mismatch] Cycle Back predicted '8' (Expected '5') (Ent: 3.00)
EMNIST:'6' -> MNIST | Predict: '8' (Ent: 1.69)
  ⚠️ [Mismatch] Cycle Back predicted '8' (Expected '6') (Ent: 2.97)
EMNIST:'7' -> MNIST | Predict: '8' (Ent: 1.69)
  ⚠️ [Mismatch] Cycle Back predicted 'B' (Expected '7') (Ent: 3.05)
EMNIST:'9' -> MNIST | Predict: '8' (Ent: 1.69)
  ⚠️ [Mismatch] Cycle Back predicted 'E' (Expected '9') (Ent: 3.05)
EMNIST:'A' -> MNIST | Predict: '8' (Ent: 1.66)
  ⚠️ [Mismatch] Cycle Back predicted 'E' (Expected 'A') (Ent: 2.96)
EMNIST:'B' -> MNIST | Predict: '8' (Ent: 1.65)
  ⚠️ [Mismatch] Cycle Back predicted 'E' (Expected 'B') (Ent: 2.94)
EMNIST:'C' -> MNIST | Predict: '8' (Ent: 1.68)
  ⚠️ [Mismatch] Cycle Back predicted 'B' (Expected 'C') (Ent: 2.96)
EMNIST:'D' -> MNIST | Predict: '8' (Ent: 1.69)
  ⚠️ [Mismatch] Cycle Back predicted 'E' (Expected 'D') (Ent: 2.97)
EMNIST:'F' -> MNIST | Predict: '8' (Ent: 1.70)
  ⚠️ [Mismatch] Cycle Back predicted '8' (Expected 'F') (Ent: 3.02)
EMNIST:'G' -> MNIST | Predict: '8' (Ent: 1.68)
  ⚠️ [Mismatch] Cycle Back predicted 'E' (Expected 'G') (Ent: 2.98)
EMNIST:'H' -> MNIST | Predict: '8' (Ent: 1.69)
  ⚠️ [Mismatch] Cycle Back predicted 'E' (Expected 'H') (Ent: 2.94)
EMNIST:'I' -> MNIST | Predict: '8' (Ent: 1.70)
  ⚠️ [Mismatch] Cycle Back predicted '8' (Expected 'I') (Ent: 2.93)
EMNIST:'J' -> MNIST | Predict: '8' (Ent: 1.69)
  ⚠️ [Mismatch] Cycle Back predicted '8' (Expected 'J') (Ent: 2.95)
EMNIST:'K' -> MNIST | Predict: '8' (Ent: 1.70)
  ⚠️ [Mismatch] Cycle Back predicted '8' (Expected 'K') (Ent: 2.94)
EMNIST:'L' -> MNIST | Predict: '8' (Ent: 1.68)
  ⚠️ [Mismatch] Cycle Back predicted '8' (Expected 'L') (Ent: 2.96)
EMNIST:'M' -> MNIST | Predict: '8' (Ent: 1.69)
  ⚠️ [Mismatch] Cycle Back predicted 'E' (Expected 'M') (Ent: 2.90)
EMNIST:'N' -> MNIST | Predict: '8' (Ent: 1.68)
  ⚠️ [Mismatch] Cycle Back predicted 'B' (Expected 'N') (Ent: 2.99)
EMNIST:'O' -> MNIST | Predict: '8' (Ent: 1.68)
  ⚠️ [Mismatch] Cycle Back predicted '8' (Expected 'O') (Ent: 2.93)
EMNIST:'P' -> MNIST | Predict: '8' (Ent: 1.69)
  ⚠️ [Mismatch] Cycle Back predicted 'E' (Expected 'P') (Ent: 3.00)
EMNIST:'Q' -> MNIST | Predict: '8' (Ent: 1.67)
  ⚠️ [Mismatch] Cycle Back predicted '8' (Expected 'Q') (Ent: 2.96)
EMNIST:'R' -> MNIST | Predict: '8' (Ent: 1.69)
  ⚠️ [Mismatch] Cycle Back predicted 'E' (Expected 'R') (Ent: 2.97)
EMNIST:'S' -> MNIST | Predict: '8' (Ent: 1.69)
  ⚠️ [Mismatch] Cycle Back predicted '8' (Expected 'S') (Ent: 2.97)
EMNIST:'T' -> MNIST | Predict: '8' (Ent: 1.71)
  ⚠️ [Mismatch] Cycle Back predicted '8' (Expected 'T') (Ent: 2.99)
EMNIST:'U' -> MNIST | Predict: '8' (Ent: 1.69)
  ⚠️ [Mismatch] Cycle Back predicted 'E' (Expected 'U') (Ent: 2.90)
EMNIST:'V' -> MNIST | Predict: '8' (Ent: 1.71)
  ⚠️ [Mismatch] Cycle Back predicted 'E' (Expected 'V') (Ent: 2.92)
EMNIST:'W' -> MNIST | Predict: '8' (Ent: 1.69)
  ⚠️ [Mismatch] Cycle Back predicted 'E' (Expected 'W') (Ent: 2.92)
EMNIST:'X' -> MNIST | Predict: '8' (Ent: 1.70)
  ⚠️ [Mismatch] Cycle Back predicted '8' (Expected 'X') (Ent: 3.07)
EMNIST:'Y' -> MNIST ❌ (Uncertain)
EMNIST:'Z' -> MNIST | Predict: '8' (Ent: 1.69)
  ⚠️ [Mismatch] Cycle Back predicted 'E' (Expected 'Z') (Ent: 3.01)
EMNIST:'b' -> MNIST | Predict: '8' (Ent: 1.71)
  ⚠️ [Mismatch] Cycle Back predicted 'E' (Expected 'b') (Ent: 2.97)
EMNIST:'c' -> MNIST | Predict: '8' (Ent: 1.69)
  ⚠️ [Mismatch] Cycle Back predicted '8' (Expected 'c') (Ent: 3.01)
EMNIST:'d' -> MNIST | Predict: '8' (Ent: 1.67)
  ⚠️ [Mismatch] Cycle Back predicted '8' (Expected 'd') (Ent: 3.01)
EMNIST:'e' -> MNIST | Predict: '8' (Ent: 1.69)
  ⚠️ [Mismatch] Cycle Back predicted '8' (Expected 'e') (Ent: 2.98)
EMNIST:'f' -> MNIST | Predict: '8' (Ent: 1.69)
  ⚠️ [Mismatch] Cycle Back predicted 'E' (Expected 'f') (Ent: 2.95)
EMNIST:'h' -> MNIST | Predict: '8' (Ent: 1.69)
  ⚠️ [Mismatch] Cycle Back predicted 'E' (Expected 'h') (Ent: 2.87)
EMNIST:'i' -> MNIST | Predict: '8' (Ent: 1.72)
  ⚠️ [Mismatch] Cycle Back predicted '8' (Expected 'i') (Ent: 2.97)
EMNIST:'j' -> MNIST | Predict: '8' (Ent: 1.72)
  ⚠️ [Mismatch] Cycle Back predicted 'E' (Expected 'j') (Ent: 2.96)
EMNIST:'k' -> MNIST | Predict: '8' (Ent: 1.71)
  ⚠️ [Mismatch] Cycle Back predicted 'E' (Expected 'k') (Ent: 3.04)
EMNIST:'l' -> MNIST | Predict: '8' (Ent: 1.68)
  ⚠️ [Mismatch] Cycle Back predicted 'E' (Expected 'l') (Ent: 2.97)
EMNIST:'m' -> MNIST | Predict: '8' (Ent: 1.66)
  ⚠️ [Mismatch] Cycle Back predicted '8' (Expected 'm') (Ent: 3.00)
EMNIST:'n' -> MNIST | Predict: '8' (Ent: 1.69)
  ⚠️ [Mismatch] Cycle Back predicted 'g' (Expected 'n') (Ent: 3.05)
EMNIST:'o' -> MNIST | Predict: '8' (Ent: 1.68)
  ⚠️ [Mismatch] Cycle Back predicted 'E' (Expected 'o') (Ent: 2.97)
EMNIST:'p' -> MNIST | Predict: '8' (Ent: 1.70)
  ⚠️ [Mismatch] Cycle Back predicted '8' (Expected 'p') (Ent: 3.01)
EMNIST:'q' -> MNIST | Predict: '8' (Ent: 1.69)
  ⚠️ [Mismatch] Cycle Back predicted '8' (Expected 'q') (Ent: 2.92)
EMNIST:'r' -> MNIST | Predict: '8' (Ent: 1.70)
  ⚠️ [Mismatch] Cycle Back predicted 'E' (Expected 'r') (Ent: 3.01)
EMNIST:'s' -> MNIST | Predict: '8' (Ent: 1.70)
  ⚠️ [Mismatch] Cycle Back predicted 'E' (Expected 's') (Ent: 2.97)
EMNIST:'t' -> MNIST | Predict: '8' (Ent: 1.68)
  ⚠️ [Mismatch] Cycle Back predicted 'E' (Expected 't') (Ent: 2.97)
EMNIST:'u' -> MNIST | Predict: '8' (Ent: 1.67)
  ⚠️ [Mismatch] Cycle Back predicted 'B' (Expected 'u') (Ent: 3.04)
EMNIST:'v' -> MNIST | Predict: '8' (Ent: 1.68)
  ⚠️ [Mismatch] Cycle Back predicted '8' (Expected 'v') (Ent: 3.05)
EMNIST:'w' -> MNIST | Predict: '8' (Ent: 1.69)
  ⚠️ [Mismatch] Cycle Back predicted 'E' (Expected 'w') (Ent: 2.99)
EMNIST:'x' -> MNIST | Predict: '8' (Ent: 1.67)
  ⚠️ [Mismatch] Cycle Back predicted '8' (Expected 'x') (Ent: 2.99)
EMNIST:'y' -> MNIST | Predict: '8' (Ent: 1.71)
  ⚠️ [Mismatch] Cycle Back predicted 'E' (Expected 'y') (Ent: 2.89)
EMNIST:'z' -> MNIST | Predict: '8' (Ent: 1.70)
  ⚠️ [Mismatch] Cycle Back predicted '8' (Expected 'z') (Ent: 2.99)
EMNIST:'0' -> CIFAR10 | Predict: 'bird' (Ent: 1.59)
  ⚠️ [Mismatch] Cycle Back predicted '8' (Expected '0') (Ent: 2.85)
EMNIST:'1' -> CIFAR10 | Predict: 'bird' (Ent: 1.57)
  ⚠️ [Mismatch] Cycle Back predicted '8' (Expected '1') (Ent: 2.84)
EMNIST:'2' -> CIFAR10 | Predict: 'bird' (Ent: 1.61)
  ⚠️ [Mismatch] Cycle Back predicted '8' (Expected '2') (Ent: 2.81)
EMNIST:'3' -> CIFAR10 | Predict: 'bird' (Ent: 1.57)
  ⚠️ [Mismatch] Cycle Back predicted '8' (Expected '3') (Ent: 2.85)
EMNIST:'4' -> CIFAR10 | Predict: 'bird' (Ent: 1.59)
  ⚠️ [Mismatch] Cycle Back predicted '8' (Expected '4') (Ent: 2.80)
EMNIST:'5' -> CIFAR10 | Predict: 'bird' (Ent: 1.63)
  ⚠️ [Mismatch] Cycle Back predicted '8' (Expected '5') (Ent: 2.82)
EMNIST:'6' -> CIFAR10 | Predict: 'bird' (Ent: 1.56)
  ⚠️ [Mismatch] Cycle Back predicted '8' (Expected '6') (Ent: 2.83)
EMNIST:'7' -> CIFAR10 | Predict: 'bird' (Ent: 1.61)
  ⚠️ [Mismatch] Cycle Back predicted '8' (Expected '7') (Ent: 2.85)
EMNIST:'8' -> CIFAR10 | Predict: 'bird' (Ent: 1.54)
  ✅ [Match] EMNIST:'8' <==> CIFAR10:'bird' (Ent: 2.80)
EMNIST:'9' -> CIFAR10 | Predict: 'bird' (Ent: 1.61)
  ⚠️ [Mismatch] Cycle Back predicted '8' (Expected '9') (Ent: 2.85)
EMNIST:'A' -> CIFAR10 | Predict: 'bird' (Ent: 1.69)
  ⚠️ [Mismatch] Cycle Back predicted '8' (Expected 'A') (Ent: 2.83)
EMNIST:'B' -> CIFAR10 | Predict: 'bird' (Ent: 1.63)
  ⚠️ [Mismatch] Cycle Back predicted '8' (Expected 'B') (Ent: 2.84)
EMNIST:'C' -> CIFAR10 | Predict: 'bird' (Ent: 1.65)
  ⚠️ [Mismatch] Cycle Back predicted '8' (Expected 'C') (Ent: 2.78)
EMNIST:'D' -> CIFAR10 | Predict: 'bird' (Ent: 1.57)
  ⚠️ [Mismatch] Cycle Back predicted '8' (Expected 'D') (Ent: 2.83)
EMNIST:'E' -> CIFAR10 | Predict: 'bird' (Ent: 1.61)
  ⚠️ [Mismatch] Cycle Back predicted '8' (Expected 'E') (Ent: 2.83)
EMNIST:'F' -> CIFAR10 | Predict: 'bird' (Ent: 1.55)
  ⚠️ [Mismatch] Cycle Back predicted '8' (Expected 'F') (Ent: 2.84)
EMNIST:'G' -> CIFAR10 | Predict: 'bird' (Ent: 1.56)
  ⚠️ [Mismatch] Cycle Back predicted '8' (Expected 'G') (Ent: 2.79)
EMNIST:'H' -> CIFAR10 | Predict: 'bird' (Ent: 1.65)
  ⚠️ [Mismatch] Cycle Back predicted '8' (Expected 'H') (Ent: 2.82)
EMNIST:'I' -> CIFAR10 | Predict: 'bird' (Ent: 1.64)
  ⚠️ [Mismatch] Cycle Back predicted '8' (Expected 'I') (Ent: 2.77)
EMNIST:'J' -> CIFAR10 | Predict: 'bird' (Ent: 1.62)
  ⚠️ [Mismatch] Cycle Back predicted '8' (Expected 'J') (Ent: 2.86)
EMNIST:'K' -> CIFAR10 | Predict: 'bird' (Ent: 1.61)
  ⚠️ [Mismatch] Cycle Back predicted '8' (Expected 'K') (Ent: 2.84)
EMNIST:'L' -> CIFAR10 | Predict: 'bird' (Ent: 1.51)
  ⚠️ [Mismatch] Cycle Back predicted '8' (Expected 'L') (Ent: 2.78)
EMNIST:'M' -> CIFAR10 | Predict: 'bird' (Ent: 1.57)
  ⚠️ [Mismatch] Cycle Back predicted '8' (Expected 'M') (Ent: 2.78)
EMNIST:'N' -> CIFAR10 | Predict: 'bird' (Ent: 1.64)
  ⚠️ [Mismatch] Cycle Back predicted '8' (Expected 'N') (Ent: 2.86)
EMNIST:'O' -> CIFAR10 | Predict: 'bird' (Ent: 1.60)
  ⚠️ [Mismatch] Cycle Back predicted '8' (Expected 'O') (Ent: 2.87)
EMNIST:'P' -> CIFAR10 | Predict: 'bird' (Ent: 1.57)
  ⚠️ [Mismatch] Cycle Back predicted '8' (Expected 'P') (Ent: 2.79)
EMNIST:'Q' -> CIFAR10 | Predict: 'bird' (Ent: 1.62)
  ⚠️ [Mismatch] Cycle Back predicted '8' (Expected 'Q') (Ent: 2.86)
EMNIST:'R' -> CIFAR10 | Predict: 'bird' (Ent: 1.61)
  ⚠️ [Mismatch] Cycle Back predicted '8' (Expected 'R') (Ent: 2.79)
EMNIST:'S' -> CIFAR10 | Predict: 'bird' (Ent: 1.62)
  ⚠️ [Mismatch] Cycle Back predicted '8' (Expected 'S') (Ent: 2.84)
EMNIST:'T' -> CIFAR10 | Predict: 'bird' (Ent: 1.61)
  ⚠️ [Mismatch] Cycle Back predicted '8' (Expected 'T') (Ent: 2.85)
EMNIST:'U' -> CIFAR10 | Predict: 'bird' (Ent: 1.60)
  ⚠️ [Mismatch] Cycle Back predicted '8' (Expected 'U') (Ent: 2.84)
EMNIST:'V' -> CIFAR10 | Predict: 'bird' (Ent: 1.57)
  ⚠️ [Mismatch] Cycle Back predicted '8' (Expected 'V') (Ent: 2.83)
EMNIST:'W' -> CIFAR10 | Predict: 'bird' (Ent: 1.65)
  ⚠️ [Mismatch] Cycle Back predicted '8' (Expected 'W') (Ent: 2.81)
EMNIST:'X' -> CIFAR10 | Predict: 'bird' (Ent: 1.62)
  ⚠️ [Mismatch] Cycle Back predicted '8' (Expected 'X') (Ent: 2.82)
EMNIST:'Y' -> CIFAR10 | Predict: 'bird' (Ent: 1.62)
  ⚠️ [Mismatch] Cycle Back predicted '8' (Expected 'Y') (Ent: 2.79)
EMNIST:'Z' -> CIFAR10 | Predict: 'bird' (Ent: 1.59)
  ⚠️ [Mismatch] Cycle Back predicted '8' (Expected 'Z') (Ent: 2.84)
EMNIST:'a' -> CIFAR10 | Predict: 'bird' (Ent: 1.61)
  ⚠️ [Mismatch] Cycle Back predicted '8' (Expected 'a') (Ent: 2.84)
EMNIST:'b' -> CIFAR10 | Predict: 'bird' (Ent: 1.57)
  ⚠️ [Mismatch] Cycle Back predicted '8' (Expected 'b') (Ent: 2.82)
EMNIST:'c' -> CIFAR10 | Predict: 'bird' (Ent: 1.59)
  ⚠️ [Mismatch] Cycle Back predicted '8' (Expected 'c') (Ent: 2.84)
EMNIST:'d' -> CIFAR10 | Predict: 'bird' (Ent: 1.54)
  ⚠️ [Mismatch] Cycle Back predicted '8' (Expected 'd') (Ent: 2.81)
EMNIST:'e' -> CIFAR10 | Predict: 'bird' (Ent: 1.61)
  ⚠️ [Mismatch] Cycle Back predicted '8' (Expected 'e') (Ent: 2.83)
EMNIST:'f' -> CIFAR10 | Predict: 'bird' (Ent: 1.60)
  ⚠️ [Mismatch] Cycle Back predicted '8' (Expected 'f') (Ent: 2.83)
EMNIST:'g' -> CIFAR10 | Predict: 'bird' (Ent: 1.64)
  ⚠️ [Mismatch] Cycle Back predicted '8' (Expected 'g') (Ent: 2.84)
EMNIST:'h' -> CIFAR10 | Predict: 'bird' (Ent: 1.62)
  ⚠️ [Mismatch] Cycle Back predicted '8' (Expected 'h') (Ent: 2.83)
EMNIST:'i' -> CIFAR10 | Predict: 'bird' (Ent: 1.67)
  ⚠️ [Mismatch] Cycle Back predicted '8' (Expected 'i') (Ent: 2.78)
EMNIST:'j' -> CIFAR10 ❌ (Uncertain)
EMNIST:'k' -> CIFAR10 | Predict: 'bird' (Ent: 1.63)
  ⚠️ [Mismatch] Cycle Back predicted '8' (Expected 'k') (Ent: 2.84)
EMNIST:'l' -> CIFAR10 | Predict: 'bird' (Ent: 1.61)
  ⚠️ [Mismatch] Cycle Back predicted '8' (Expected 'l') (Ent: 2.84)
EMNIST:'m' -> CIFAR10 | Predict: 'bird' (Ent: 1.59)
  ⚠️ [Mismatch] Cycle Back predicted '8' (Expected 'm') (Ent: 2.83)
EMNIST:'n' -> CIFAR10 | Predict: 'bird' (Ent: 1.61)
  ⚠️ [Mismatch] Cycle Back predicted '8' (Expected 'n') (Ent: 2.86)
EMNIST:'o' -> CIFAR10 | Predict: 'bird' (Ent: 1.60)
  ⚠️ [Mismatch] Cycle Back predicted '8' (Expected 'o') (Ent: 2.82)
EMNIST:'p' -> CIFAR10 ❌ (Uncertain)
EMNIST:'q' -> CIFAR10 | Predict: 'bird' (Ent: 1.66)
  ⚠️ [Mismatch] Cycle Back predicted '8' (Expected 'q') (Ent: 2.80)
EMNIST:'r' -> CIFAR10 | Predict: 'bird' (Ent: 1.63)
  ⚠️ [Mismatch] Cycle Back predicted '8' (Expected 'r') (Ent: 2.84)
EMNIST:'s' -> CIFAR10 | Predict: 'bird' (Ent: 1.60)
  ⚠️ [Mismatch] Cycle Back predicted '8' (Expected 's') (Ent: 2.79)
EMNIST:'t' -> CIFAR10 | Predict: 'bird' (Ent: 1.67)
  ⚠️ [Mismatch] Cycle Back predicted '8' (Expected 't') (Ent: 2.85)
EMNIST:'u' -> CIFAR10 | Predict: 'bird' (Ent: 1.63)
  ⚠️ [Mismatch] Cycle Back predicted '8' (Expected 'u') (Ent: 2.79)
EMNIST:'v' -> CIFAR10 | Predict: 'bird' (Ent: 1.57)
  ⚠️ [Mismatch] Cycle Back predicted '8' (Expected 'v') (Ent: 2.81)
EMNIST:'w' -> CIFAR10 | Predict: 'bird' (Ent: 1.62)
  ⚠️ [Mismatch] Cycle Back predicted '8' (Expected 'w') (Ent: 2.79)
EMNIST:'x' -> CIFAR10 | Predict: 'bird' (Ent: 1.58)
  ⚠️ [Mismatch] Cycle Back predicted '8' (Expected 'x') (Ent: 2.83)
EMNIST:'y' -> CIFAR10 | Predict: 'bird' (Ent: 1.60)
  ⚠️ [Mismatch] Cycle Back predicted '8' (Expected 'y') (Ent: 2.84)
EMNIST:'z' -> CIFAR10 | Predict: 'bird' (Ent: 1.63)
  ⚠️ [Mismatch] Cycle Back predicted '8' (Expected 'z') (Ent: 2.83)
CIFAR10:'airplane' -> MNIST ❌ (Uncertain)
CIFAR10:'bird' -> MNIST ❌ (Uncertain)
CIFAR10:'cat' -> MNIST ❌ (Uncertain)
CIFAR10:'deer' -> MNIST ❌ (Uncertain)
CIFAR10:'dog' -> MNIST ❌ (Uncertain)
CIFAR10:'frog' -> MNIST ❌ (Uncertain)
CIFAR10:'horse' -> MNIST ❌ (Uncertain)
CIFAR10:'ship' -> MNIST ❌ (Uncertain)
CIFAR10:'truck' -> MNIST ❌ (Uncertain)
CIFAR10:'airplane' -> EMNIST | Predict: '0' (Ent: 2.89)
  ⚠️ [Mismatch] Cycle Back predicted 'bird' (Expected 'airplane') (Ent: 1.60)
CIFAR10:'automobile' -> EMNIST | Predict: '0' (Ent: 2.93)
  ⚠️ [Mismatch] Cycle Back predicted 'bird' (Expected 'automobile') (Ent: 1.61)
CIFAR10:'cat' -> EMNIST | Predict: '0' (Ent: 2.95)
  ⚠️ [Mismatch] Cycle Back predicted 'bird' (Expected 'cat') (Ent: 1.62)
CIFAR10:'deer' -> EMNIST | Predict: '8' (Ent: 2.84)
  ⚠️ [Mismatch] Cycle Back predicted 'bird' (Expected 'deer') (Ent: 1.56)
CIFAR10:'dog' -> EMNIST | Predict: '8' (Ent: 2.88)
  ⚠️ [Mismatch] Cycle Back predicted 'bird' (Expected 'dog') (Ent: 1.56)
CIFAR10:'frog' -> EMNIST | Predict: '0' (Ent: 2.82)
  ⚠️ [Mismatch] Cycle Back predicted 'bird' (Expected 'frog') (Ent: 1.61)
CIFAR10:'horse' -> EMNIST | Predict: '8' (Ent: 2.82)
  ⚠️ [Mismatch] Cycle Back predicted 'bird' (Expected 'horse') (Ent: 1.56)
CIFAR10:'ship' -> EMNIST | Predict: '0' (Ent: 2.86)
  ⚠️ [Mismatch] Cycle Back predicted 'bird' (Expected 'ship') (Ent: 1.60)
CIFAR10:'truck' -> EMNIST | Predict: '0' (Ent: 2.84)
  ⚠️ [Mismatch] Cycle Back predicted 'bird' (Expected 'truck') (Ent: 1.61)
Exp: Old Gen + Old Ent (0.8)
dynamic_entropy_ratio: 0.8
MNIST:'0' -> EMNIST | Predict: 'E' (Ent: 3.02)
  ⚠️ [Mismatch] Cycle Back predicted '8' (Expected '0') (Ent: 1.69)
MNIST:'1' -> EMNIST | Predict: 'a' (Ent: 2.95)
  ⚠️ [Mismatch] Cycle Back predicted '8' (Expected '1') (Ent: 1.69)
MNIST:'2' -> EMNIST | Predict: '8' (Ent: 3.22)
  ⚠️ [Mismatch] Cycle Back predicted '8' (Expected '2') (Ent: 1.70)
MNIST:'3' -> EMNIST | Predict: 'g' (Ent: 3.02)
  ⚠️ [Mismatch] Cycle Back predicted '8' (Expected '3') (Ent: 1.70)
MNIST:'4' -> EMNIST | Predict: 'E' (Ent: 2.82)
  ⚠️ [Mismatch] Cycle Back predicted '8' (Expected '4') (Ent: 1.69)
MNIST:'5' -> EMNIST | Predict: 'E' (Ent: 2.77)
  ⚠️ [Mismatch] Cycle Back predicted '8' (Expected '5') (Ent: 1.69)
MNIST:'6' -> EMNIST | Predict: '8' (Ent: 3.05)
  ⚠️ [Mismatch] Cycle Back predicted '8' (Expected '6') (Ent: 1.70)
MNIST:'7' -> EMNIST | Predict: '8' (Ent: 3.06)
  ⚠️ [Mismatch] Cycle Back predicted '8' (Expected '7') (Ent: 1.71)
MNIST:'8' -> EMNIST | Predict: '8' (Ent: 2.99)
  ✅ [Match] MNIST:'8' <==> EMNIST:'8' (Ent: 1.71)
MNIST:'9' -> EMNIST | Predict: '8' (Ent: 2.70)
  ⚠️ [Mismatch] Cycle Back predicted '8' (Expected '9') (Ent: 1.70)
MNIST:'0' -> CIFAR10 ❌ (Uncertain)
MNIST:'1' -> CIFAR10 | Predict: 'automobile' (Ent: 1.69)
MNIST:'2' -> CIFAR10 ❌ (Uncertain)
MNIST:'3' -> CIFAR10 ❌ (Uncertain)
MNIST:'4' -> CIFAR10 ❌ (Uncertain)
MNIST:'5' -> CIFAR10 ❌ (Uncertain)
MNIST:'6' -> CIFAR10 ❌ (Uncertain)
MNIST:'7' -> CIFAR10 ❌ (Uncertain)
MNIST:'8' -> CIFAR10 ❌ (Uncertain)
MNIST:'9' -> CIFAR10 | Predict: 'automobile' (Ent: 1.77)
EMNIST:'0' -> MNIST | Predict: '8' (Ent: 1.68)
  ⚠️ [Mismatch] Cycle Back predicted 'E' (Expected '0') (Ent: 2.95)
EMNIST:'1' -> MNIST | Predict: '8' (Ent: 1.66)
  ⚠️ [Mismatch] Cycle Back predicted 'E' (Expected '1') (Ent: 2.95)
EMNIST:'2' -> MNIST | Predict: '8' (Ent: 1.71)
  ⚠️ [Mismatch] Cycle Back predicted '8' (Expected '2') (Ent: 2.97)
EMNIST:'3' -> MNIST | Predict: '8' (Ent: 1.69)
  ⚠️ [Mismatch] Cycle Back predicted '8' (Expected '3') (Ent: 3.03)
EMNIST:'4' -> MNIST | Predict: '8' (Ent: 1.71)
  ⚠️ [Mismatch] Cycle Back predicted 'B' (Expected '4') (Ent: 2.97)
EMNIST:'5' -> MNIST | Predict: '8' (Ent: 1.69)
  ⚠️ [Mismatch] Cycle Back predicted 'E' (Expected '5') (Ent: 2.93)
EMNIST:'6' -> MNIST | Predict: '8' (Ent: 1.69)
  ⚠️ [Mismatch] Cycle Back predicted 'E' (Expected '6') (Ent: 3.00)
EMNIST:'7' -> MNIST | Predict: '8' (Ent: 1.69)
  ⚠️ [Mismatch] Cycle Back predicted 'E' (Expected '7') (Ent: 2.91)
EMNIST:'9' -> MNIST | Predict: '8' (Ent: 1.68)
  ⚠️ [Mismatch] Cycle Back predicted 'E' (Expected '9') (Ent: 2.97)
EMNIST:'A' -> MNIST | Predict: '8' (Ent: 1.67)
  ⚠️ [Mismatch] Cycle Back predicted 'E' (Expected 'A') (Ent: 3.02)
EMNIST:'B' -> MNIST | Predict: '8' (Ent: 1.65)
  ⚠️ [Mismatch] Cycle Back predicted 'E' (Expected 'B') (Ent: 3.01)
EMNIST:'C' -> MNIST | Predict: '8' (Ent: 1.69)
  ⚠️ [Mismatch] Cycle Back predicted '8' (Expected 'C') (Ent: 3.00)
EMNIST:'D' -> MNIST | Predict: '8' (Ent: 1.69)
  ⚠️ [Mismatch] Cycle Back predicted '8' (Expected 'D') (Ent: 3.00)
EMNIST:'F' -> MNIST | Predict: '8' (Ent: 1.70)
  ⚠️ [Mismatch] Cycle Back predicted 'E' (Expected 'F') (Ent: 2.98)
EMNIST:'G' -> MNIST | Predict: '8' (Ent: 1.68)
  ⚠️ [Mismatch] Cycle Back predicted '8' (Expected 'G') (Ent: 2.96)
EMNIST:'H' -> MNIST | Predict: '8' (Ent: 1.70)
  ⚠️ [Mismatch] Cycle Back predicted 'E' (Expected 'H') (Ent: 3.02)
EMNIST:'I' -> MNIST | Predict: '8' (Ent: 1.69)
  ⚠️ [Mismatch] Cycle Back predicted '8' (Expected 'I') (Ent: 2.94)
EMNIST:'J' -> MNIST | Predict: '8' (Ent: 1.69)
  ⚠️ [Mismatch] Cycle Back predicted 'g' (Expected 'J') (Ent: 3.03)
EMNIST:'K' -> MNIST | Predict: '8' (Ent: 1.70)
  ⚠️ [Mismatch] Cycle Back predicted 'E' (Expected 'K') (Ent: 2.96)
EMNIST:'L' -> MNIST | Predict: '8' (Ent: 1.68)
  ⚠️ [Mismatch] Cycle Back predicted 'E' (Expected 'L') (Ent: 2.84)
EMNIST:'M' -> MNIST | Predict: '8' (Ent: 1.69)
  ⚠️ [Mismatch] Cycle Back predicted '8' (Expected 'M') (Ent: 2.93)
EMNIST:'N' -> MNIST | Predict: '8' (Ent: 1.68)
  ⚠️ [Mismatch] Cycle Back predicted 'E' (Expected 'N') (Ent: 2.95)
EMNIST:'O' -> MNIST | Predict: '8' (Ent: 1.68)
  ⚠️ [Mismatch] Cycle Back predicted '8' (Expected 'O') (Ent: 2.96)
EMNIST:'P' -> MNIST | Predict: '8' (Ent: 1.69)
  ⚠️ [Mismatch] Cycle Back predicted '8' (Expected 'P') (Ent: 3.01)
EMNIST:'Q' -> MNIST | Predict: '8' (Ent: 1.66)
  ⚠️ [Mismatch] Cycle Back predicted '8' (Expected 'Q') (Ent: 2.98)
EMNIST:'R' -> MNIST | Predict: '8' (Ent: 1.70)
  ⚠️ [Mismatch] Cycle Back predicted 'E' (Expected 'R') (Ent: 2.97)
EMNIST:'S' -> MNIST | Predict: '8' (Ent: 1.69)
  ⚠️ [Mismatch] Cycle Back predicted '8' (Expected 'S') (Ent: 2.98)
EMNIST:'T' -> MNIST | Predict: '8' (Ent: 1.70)
  ⚠️ [Mismatch] Cycle Back predicted '8' (Expected 'T') (Ent: 2.94)
EMNIST:'U' -> MNIST | Predict: '8' (Ent: 1.69)
  ⚠️ [Mismatch] Cycle Back predicted 'E' (Expected 'U') (Ent: 2.91)
EMNIST:'V' -> MNIST | Predict: '8' (Ent: 1.70)
  ⚠️ [Mismatch] Cycle Back predicted '8' (Expected 'V') (Ent: 2.97)
EMNIST:'W' -> MNIST | Predict: '8' (Ent: 1.69)
  ⚠️ [Mismatch] Cycle Back predicted 'E' (Expected 'W') (Ent: 2.96)
EMNIST:'X' -> MNIST | Predict: '8' (Ent: 1.70)
  ⚠️ [Mismatch] Cycle Back predicted 'B' (Expected 'X') (Ent: 2.98)
EMNIST:'Y' -> MNIST | Predict: '8' (Ent: 1.75)
  ⚠️ [Mismatch] Cycle Back predicted '8' (Expected 'Y') (Ent: 2.92)
EMNIST:'Z' -> MNIST | Predict: '8' (Ent: 1.69)
  ⚠️ [Mismatch] Cycle Back predicted 'B' (Expected 'Z') (Ent: 2.98)
EMNIST:'b' -> MNIST | Predict: '8' (Ent: 1.72)
  ⚠️ [Mismatch] Cycle Back predicted 'E' (Expected 'b') (Ent: 2.96)
EMNIST:'c' -> MNIST | Predict: '8' (Ent: 1.69)
  ⚠️ [Mismatch] Cycle Back predicted '8' (Expected 'c') (Ent: 3.05)
EMNIST:'d' -> MNIST | Predict: '8' (Ent: 1.66)
  ⚠️ [Mismatch] Cycle Back predicted 'B' (Expected 'd') (Ent: 3.02)
EMNIST:'e' -> MNIST | Predict: '8' (Ent: 1.69)
  ⚠️ [Mismatch] Cycle Back predicted '8' (Expected 'e') (Ent: 3.02)
EMNIST:'f' -> MNIST | Predict: '8' (Ent: 1.69)
  ⚠️ [Mismatch] Cycle Back predicted '8' (Expected 'f') (Ent: 2.98)
EMNIST:'h' -> MNIST | Predict: '8' (Ent: 1.69)
  ⚠️ [Mismatch] Cycle Back predicted 'B' (Expected 'h') (Ent: 2.99)
EMNIST:'i' -> MNIST | Predict: '8' (Ent: 1.70)
  ⚠️ [Mismatch] Cycle Back predicted 'E' (Expected 'i') (Ent: 2.93)
EMNIST:'j' -> MNIST | Predict: '8' (Ent: 1.71)
  ⚠️ [Mismatch] Cycle Back predicted '8' (Expected 'j') (Ent: 3.09)
EMNIST:'k' -> MNIST | Predict: '8' (Ent: 1.69)
  ⚠️ [Mismatch] Cycle Back predicted 'B' (Expected 'k') (Ent: 2.98)
EMNIST:'l' -> MNIST | Predict: '8' (Ent: 1.67)
  ⚠️ [Mismatch] Cycle Back predicted '8' (Expected 'l') (Ent: 3.05)
EMNIST:'m' -> MNIST | Predict: '8' (Ent: 1.66)
  ⚠️ [Mismatch] Cycle Back predicted 'E' (Expected 'm') (Ent: 2.97)
EMNIST:'n' -> MNIST | Predict: '8' (Ent: 1.69)
  ⚠️ [Mismatch] Cycle Back predicted 'E' (Expected 'n') (Ent: 2.97)
EMNIST:'o' -> MNIST | Predict: '8' (Ent: 1.69)
  ⚠️ [Mismatch] Cycle Back predicted 'E' (Expected 'o') (Ent: 2.97)
EMNIST:'p' -> MNIST | Predict: '8' (Ent: 1.71)
  ⚠️ [Mismatch] Cycle Back predicted 'E' (Expected 'p') (Ent: 2.98)
EMNIST:'q' -> MNIST | Predict: '8' (Ent: 1.69)
  ⚠️ [Mismatch] Cycle Back predicted 'E' (Expected 'q') (Ent: 2.96)
EMNIST:'r' -> MNIST | Predict: '8' (Ent: 1.70)
  ⚠️ [Mismatch] Cycle Back predicted 'E' (Expected 'r') (Ent: 2.94)
EMNIST:'s' -> MNIST | Predict: '8' (Ent: 1.70)
  ⚠️ [Mismatch] Cycle Back predicted '8' (Expected 's') (Ent: 3.03)
EMNIST:'t' -> MNIST | Predict: '8' (Ent: 1.67)
  ⚠️ [Mismatch] Cycle Back predicted '8' (Expected 't') (Ent: 3.01)
EMNIST:'u' -> MNIST | Predict: '8' (Ent: 1.64)
  ⚠️ [Mismatch] Cycle Back predicted 'E' (Expected 'u') (Ent: 2.94)
EMNIST:'v' -> MNIST | Predict: '8' (Ent: 1.69)
  ⚠️ [Mismatch] Cycle Back predicted 'E' (Expected 'v') (Ent: 2.96)
EMNIST:'w' -> MNIST | Predict: '8' (Ent: 1.70)
  ⚠️ [Mismatch] Cycle Back predicted 'E' (Expected 'w') (Ent: 2.93)
EMNIST:'x' -> MNIST | Predict: '8' (Ent: 1.67)
  ⚠️ [Mismatch] Cycle Back predicted '8' (Expected 'x') (Ent: 3.01)
EMNIST:'y' -> MNIST | Predict: '8' (Ent: 1.71)
  ⚠️ [Mismatch] Cycle Back predicted 'E' (Expected 'y') (Ent: 2.90)
EMNIST:'z' -> MNIST | Predict: '8' (Ent: 1.70)
  ⚠️ [Mismatch] Cycle Back predicted 'E' (Expected 'z') (Ent: 3.05)
EMNIST:'0' -> CIFAR10 | Predict: 'bird' (Ent: 1.60)
  ⚠️ [Mismatch] Cycle Back predicted '8' (Expected '0') (Ent: 2.82)
EMNIST:'1' -> CIFAR10 | Predict: 'bird' (Ent: 1.55)
  ⚠️ [Mismatch] Cycle Back predicted '8' (Expected '1') (Ent: 2.83)
EMNIST:'2' -> CIFAR10 | Predict: 'bird' (Ent: 1.62)
  ⚠️ [Mismatch] Cycle Back predicted '8' (Expected '2') (Ent: 2.84)
EMNIST:'3' -> CIFAR10 | Predict: 'bird' (Ent: 1.58)
  ⚠️ [Mismatch] Cycle Back predicted '8' (Expected '3') (Ent: 2.80)
EMNIST:'4' -> CIFAR10 | Predict: 'bird' (Ent: 1.58)
  ⚠️ [Mismatch] Cycle Back predicted '8' (Expected '4') (Ent: 2.77)
EMNIST:'5' -> CIFAR10 | Predict: 'bird' (Ent: 1.63)
  ⚠️ [Mismatch] Cycle Back predicted '8' (Expected '5') (Ent: 2.77)
EMNIST:'6' -> CIFAR10 | Predict: 'bird' (Ent: 1.59)
  ⚠️ [Mismatch] Cycle Back predicted '8' (Expected '6') (Ent: 2.88)
EMNIST:'7' -> CIFAR10 | Predict: 'bird' (Ent: 1.60)
  ⚠️ [Mismatch] Cycle Back predicted '8' (Expected '7') (Ent: 2.85)
EMNIST:'8' -> CIFAR10 | Predict: 'bird' (Ent: 1.57)
  ✅ [Match] EMNIST:'8' <==> CIFAR10:'bird' (Ent: 2.82)
EMNIST:'9' -> CIFAR10 | Predict: 'bird' (Ent: 1.61)
  ⚠️ [Mismatch] Cycle Back predicted '8' (Expected '9') (Ent: 2.85)
EMNIST:'A' -> CIFAR10 | Predict: 'bird' (Ent: 1.69)
  ⚠️ [Mismatch] Cycle Back predicted '8' (Expected 'A') (Ent: 2.84)
EMNIST:'B' -> CIFAR10 | Predict: 'bird' (Ent: 1.62)
  ⚠️ [Mismatch] Cycle Back predicted '8' (Expected 'B') (Ent: 2.83)
EMNIST:'C' -> CIFAR10 | Predict: 'bird' (Ent: 1.63)
  ⚠️ [Mismatch] Cycle Back predicted '8' (Expected 'C') (Ent: 2.78)
EMNIST:'D' -> CIFAR10 | Predict: 'bird' (Ent: 1.56)
  ⚠️ [Mismatch] Cycle Back predicted '8' (Expected 'D') (Ent: 2.82)
EMNIST:'E' -> CIFAR10 | Predict: 'bird' (Ent: 1.61)
  ⚠️ [Mismatch] Cycle Back predicted '8' (Expected 'E') (Ent: 2.81)
EMNIST:'F' -> CIFAR10 | Predict: 'bird' (Ent: 1.55)
  ⚠️ [Mismatch] Cycle Back predicted '8' (Expected 'F') (Ent: 2.81)
EMNIST:'G' -> CIFAR10 | Predict: 'bird' (Ent: 1.60)
  ⚠️ [Mismatch] Cycle Back predicted '8' (Expected 'G') (Ent: 2.84)
EMNIST:'H' -> CIFAR10 | Predict: 'bird' (Ent: 1.65)
  ⚠️ [Mismatch] Cycle Back predicted '8' (Expected 'H') (Ent: 2.84)
EMNIST:'I' -> CIFAR10 | Predict: 'bird' (Ent: 1.61)
  ⚠️ [Mismatch] Cycle Back predicted '8' (Expected 'I') (Ent: 2.85)
EMNIST:'J' -> CIFAR10 | Predict: 'bird' (Ent: 1.62)
  ⚠️ [Mismatch] Cycle Back predicted '8' (Expected 'J') (Ent: 2.86)
EMNIST:'K' -> CIFAR10 | Predict: 'bird' (Ent: 1.60)
  ⚠️ [Mismatch] Cycle Back predicted '8' (Expected 'K') (Ent: 2.84)
EMNIST:'L' -> CIFAR10 | Predict: 'bird' (Ent: 1.52)
  ⚠️ [Mismatch] Cycle Back predicted '8' (Expected 'L') (Ent: 2.80)
EMNIST:'M' -> CIFAR10 | Predict: 'bird' (Ent: 1.55)
  ⚠️ [Mismatch] Cycle Back predicted '8' (Expected 'M') (Ent: 2.82)
EMNIST:'N' -> CIFAR10 | Predict: 'bird' (Ent: 1.63)
  ⚠️ [Mismatch] Cycle Back predicted '8' (Expected 'N') (Ent: 2.83)
EMNIST:'O' -> CIFAR10 | Predict: 'bird' (Ent: 1.59)
  ⚠️ [Mismatch] Cycle Back predicted '8' (Expected 'O') (Ent: 2.82)
EMNIST:'P' -> CIFAR10 | Predict: 'bird' (Ent: 1.59)
  ⚠️ [Mismatch] Cycle Back predicted '8' (Expected 'P') (Ent: 2.86)
EMNIST:'Q' -> CIFAR10 | Predict: 'bird' (Ent: 1.62)
  ⚠️ [Mismatch] Cycle Back predicted '8' (Expected 'Q') (Ent: 2.83)
EMNIST:'R' -> CIFAR10 | Predict: 'bird' (Ent: 1.61)
  ⚠️ [Mismatch] Cycle Back predicted '8' (Expected 'R') (Ent: 2.81)
EMNIST:'S' -> CIFAR10 | Predict: 'bird' (Ent: 1.62)
  ⚠️ [Mismatch] Cycle Back predicted '8' (Expected 'S') (Ent: 2.83)
EMNIST:'T' -> CIFAR10 | Predict: 'bird' (Ent: 1.61)
  ⚠️ [Mismatch] Cycle Back predicted '8' (Expected 'T') (Ent: 2.82)
EMNIST:'U' -> CIFAR10 | Predict: 'bird' (Ent: 1.58)
  ⚠️ [Mismatch] Cycle Back predicted '8' (Expected 'U') (Ent: 2.83)
EMNIST:'V' -> CIFAR10 | Predict: 'bird' (Ent: 1.58)
  ⚠️ [Mismatch] Cycle Back predicted '8' (Expected 'V') (Ent: 2.84)
EMNIST:'W' -> CIFAR10 | Predict: 'bird' (Ent: 1.66)
  ⚠️ [Mismatch] Cycle Back predicted '8' (Expected 'W') (Ent: 2.82)
EMNIST:'X' -> CIFAR10 | Predict: 'bird' (Ent: 1.62)
  ⚠️ [Mismatch] Cycle Back predicted '8' (Expected 'X') (Ent: 2.86)
EMNIST:'Y' -> CIFAR10 | Predict: 'bird' (Ent: 1.59)
  ⚠️ [Mismatch] Cycle Back predicted '8' (Expected 'Y') (Ent: 2.81)
EMNIST:'Z' -> CIFAR10 | Predict: 'bird' (Ent: 1.60)
  ⚠️ [Mismatch] Cycle Back predicted '8' (Expected 'Z') (Ent: 2.81)
EMNIST:'a' -> CIFAR10 | Predict: 'bird' (Ent: 1.60)
  ⚠️ [Mismatch] Cycle Back predicted '8' (Expected 'a') (Ent: 2.88)
EMNIST:'b' -> CIFAR10 | Predict: 'bird' (Ent: 1.58)
  ⚠️ [Mismatch] Cycle Back predicted '8' (Expected 'b') (Ent: 2.83)
EMNIST:'c' -> CIFAR10 | Predict: 'bird' (Ent: 1.61)
  ⚠️ [Mismatch] Cycle Back predicted '8' (Expected 'c') (Ent: 2.82)
EMNIST:'d' -> CIFAR10 | Predict: 'bird' (Ent: 1.57)
  ⚠️ [Mismatch] Cycle Back predicted '8' (Expected 'd') (Ent: 2.79)
EMNIST:'e' -> CIFAR10 | Predict: 'bird' (Ent: 1.61)
  ⚠️ [Mismatch] Cycle Back predicted '8' (Expected 'e') (Ent: 2.80)
EMNIST:'f' -> CIFAR10 | Predict: 'bird' (Ent: 1.61)
  ⚠️ [Mismatch] Cycle Back predicted '8' (Expected 'f') (Ent: 2.82)
EMNIST:'g' -> CIFAR10 | Predict: 'bird' (Ent: 1.66)
  ⚠️ [Mismatch] Cycle Back predicted '8' (Expected 'g') (Ent: 2.81)
EMNIST:'h' -> CIFAR10 | Predict: 'bird' (Ent: 1.62)
  ⚠️ [Mismatch] Cycle Back predicted '8' (Expected 'h') (Ent: 2.82)
EMNIST:'i' -> CIFAR10 | Predict: 'bird' (Ent: 1.65)
  ⚠️ [Mismatch] Cycle Back predicted '8' (Expected 'i') (Ent: 2.80)
EMNIST:'j' -> CIFAR10 | Predict: 'bird' (Ent: 1.70)
  ⚠️ [Mismatch] Cycle Back predicted '8' (Expected 'j') (Ent: 2.82)
EMNIST:'k' -> CIFAR10 | Predict: 'bird' (Ent: 1.65)
  ⚠️ [Mismatch] Cycle Back predicted '8' (Expected 'k') (Ent: 2.84)
EMNIST:'l' -> CIFAR10 | Predict: 'bird' (Ent: 1.63)
  ⚠️ [Mismatch] Cycle Back predicted '8' (Expected 'l') (Ent: 2.80)
EMNIST:'m' -> CIFAR10 | Predict: 'bird' (Ent: 1.57)
  ⚠️ [Mismatch] Cycle Back predicted '8' (Expected 'm') (Ent: 2.84)
EMNIST:'n' -> CIFAR10 | Predict: 'bird' (Ent: 1.62)
  ⚠️ [Mismatch] Cycle Back predicted '8' (Expected 'n') (Ent: 2.82)
EMNIST:'o' -> CIFAR10 | Predict: 'bird' (Ent: 1.61)
  ⚠️ [Mismatch] Cycle Back predicted '8' (Expected 'o') (Ent: 2.82)
EMNIST:'p' -> CIFAR10 | Predict: 'bird' (Ent: 1.74)
  ⚠️ [Mismatch] Cycle Back predicted '8' (Expected 'p') (Ent: 2.80)
EMNIST:'q' -> CIFAR10 | Predict: 'bird' (Ent: 1.67)
  ⚠️ [Mismatch] Cycle Back predicted '8' (Expected 'q') (Ent: 2.81)
EMNIST:'r' -> CIFAR10 | Predict: 'bird' (Ent: 1.63)
  ⚠️ [Mismatch] Cycle Back predicted '8' (Expected 'r') (Ent: 2.84)
EMNIST:'s' -> CIFAR10 | Predict: 'bird' (Ent: 1.60)
  ⚠️ [Mismatch] Cycle Back predicted '8' (Expected 's') (Ent: 2.83)
EMNIST:'t' -> CIFAR10 | Predict: 'bird' (Ent: 1.66)
  ⚠️ [Mismatch] Cycle Back predicted '8' (Expected 't') (Ent: 2.82)
EMNIST:'u' -> CIFAR10 | Predict: 'bird' (Ent: 1.63)
  ⚠️ [Mismatch] Cycle Back predicted '8' (Expected 'u') (Ent: 2.85)
EMNIST:'v' -> CIFAR10 | Predict: 'bird' (Ent: 1.56)
  ⚠️ [Mismatch] Cycle Back predicted '8' (Expected 'v') (Ent: 2.79)
EMNIST:'w' -> CIFAR10 | Predict: 'bird' (Ent: 1.62)
  ⚠️ [Mismatch] Cycle Back predicted '8' (Expected 'w') (Ent: 2.81)
EMNIST:'x' -> CIFAR10 | Predict: 'bird' (Ent: 1.56)
  ⚠️ [Mismatch] Cycle Back predicted '8' (Expected 'x') (Ent: 2.86)
EMNIST:'y' -> CIFAR10 | Predict: 'bird' (Ent: 1.60)
  ⚠️ [Mismatch] Cycle Back predicted '8' (Expected 'y') (Ent: 2.78)
EMNIST:'z' -> CIFAR10 | Predict: 'bird' (Ent: 1.59)
  ⚠️ [Mismatch] Cycle Back predicted '8' (Expected 'z') (Ent: 2.83)
CIFAR10:'airplane' -> MNIST ❌ (Uncertain)
CIFAR10:'bird' -> MNIST ❌ (Uncertain)
CIFAR10:'cat' -> MNIST ❌ (Uncertain)
CIFAR10:'deer' -> MNIST ❌ (Uncertain)
CIFAR10:'dog' -> MNIST ❌ (Uncertain)
CIFAR10:'frog' -> MNIST ❌ (Uncertain)
CIFAR10:'horse' -> MNIST ❌ (Uncertain)
CIFAR10:'ship' -> MNIST ❌ (Uncertain)
CIFAR10:'truck' -> MNIST ❌ (Uncertain)
CIFAR10:'airplane' -> EMNIST | Predict: '0' (Ent: 2.90)
  ⚠️ [Mismatch] Cycle Back predicted 'bird' (Expected 'airplane') (Ent: 1.59)
CIFAR10:'automobile' -> EMNIST | Predict: '0' (Ent: 2.95)
  ⚠️ [Mismatch] Cycle Back predicted 'bird' (Expected 'automobile') (Ent: 1.60)
CIFAR10:'cat' -> EMNIST | Predict: '0' (Ent: 2.96)
  ⚠️ [Mismatch] Cycle Back predicted 'bird' (Expected 'cat') (Ent: 1.62)
CIFAR10:'deer' -> EMNIST | Predict: '8' (Ent: 2.81)
  ⚠️ [Mismatch] Cycle Back predicted 'bird' (Expected 'deer') (Ent: 1.58)
CIFAR10:'dog' -> EMNIST | Predict: '8' (Ent: 2.85)
  ⚠️ [Mismatch] Cycle Back predicted 'bird' (Expected 'dog') (Ent: 1.57)
CIFAR10:'frog' -> EMNIST | Predict: '0' (Ent: 2.86)
  ⚠️ [Mismatch] Cycle Back predicted 'bird' (Expected 'frog') (Ent: 1.61)
CIFAR10:'horse' -> EMNIST | Predict: '0' (Ent: 2.83)
  ⚠️ [Mismatch] Cycle Back predicted 'bird' (Expected 'horse') (Ent: 1.60)
CIFAR10:'ship' -> EMNIST | Predict: '8' (Ent: 2.84)
  ⚠️ [Mismatch] Cycle Back predicted 'bird' (Expected 'ship') (Ent: 1.56)
CIFAR10:'truck' -> EMNIST | Predict: '0' (Ent: 2.84)
  ⚠️ [Mismatch] Cycle Back predicted 'bird' (Expected 'truck') (Ent: 1.60)
Exp: Old Gen + Old Ent (0.85)
dynamic_entropy_ratio: 0.85
MNIST:'0' -> EMNIST | Predict: '8' (Ent: 2.88)
  ⚠️ [Mismatch] Cycle Back predicted '8' (Expected '0') (Ent: 1.71)
MNIST:'1' -> EMNIST | Predict: 'a' (Ent: 3.02)
  ⚠️ [Mismatch] Cycle Back predicted '8' (Expected '1') (Ent: 1.69)
MNIST:'2' -> EMNIST | Predict: '8' (Ent: 3.28)
  ⚠️ [Mismatch] Cycle Back predicted '8' (Expected '2') (Ent: 1.71)
MNIST:'3' -> EMNIST | Predict: '8' (Ent: 3.01)
  ⚠️ [Mismatch] Cycle Back predicted '8' (Expected '3') (Ent: 1.70)
MNIST:'4' -> EMNIST | Predict: 'E' (Ent: 2.83)
  ⚠️ [Mismatch] Cycle Back predicted '8' (Expected '4') (Ent: 1.69)
MNIST:'5' -> EMNIST | Predict: 'E' (Ent: 2.88)
  ⚠️ [Mismatch] Cycle Back predicted '8' (Expected '5') (Ent: 1.70)
MNIST:'6' -> EMNIST | Predict: '8' (Ent: 3.10)
  ⚠️ [Mismatch] Cycle Back predicted '8' (Expected '6') (Ent: 1.70)
MNIST:'7' -> EMNIST | Predict: 'E' (Ent: 2.96)
  ⚠️ [Mismatch] Cycle Back predicted '8' (Expected '7') (Ent: 1.69)
MNIST:'8' -> EMNIST | Predict: 'E' (Ent: 2.96)
  ✅ [Match] MNIST:'8' <==> EMNIST:'E' (Ent: 1.70)
MNIST:'9' -> EMNIST | Predict: '8' (Ent: 2.72)
  ⚠️ [Mismatch] Cycle Back predicted '8' (Expected '9') (Ent: 1.71)
MNIST:'0' -> CIFAR10 ❌ (Uncertain)
MNIST:'1' -> CIFAR10 | Predict: 'automobile' (Ent: 1.59)
  ⚠️ [Mismatch] Cycle Back predicted '8' (Expected '1') (Ent: 1.90)
MNIST:'2' -> CIFAR10 | Predict: 'truck' (Ent: 1.89)
  ⚠️ [Mismatch] Cycle Back predicted '8' (Expected '2') (Ent: 1.92)
MNIST:'3' -> CIFAR10 ❌ (Uncertain)
MNIST:'4' -> CIFAR10 ❌ (Uncertain)
MNIST:'5' -> CIFAR10 ❌ (Uncertain)
MNIST:'6' -> CIFAR10 | Predict: 'automobile' (Ent: 1.83)
  ⚠️ [Mismatch] Cycle Back predicted '8' (Expected '6') (Ent: 1.92)
MNIST:'7' -> CIFAR10 ❌ (Uncertain)
MNIST:'8' -> CIFAR10 ❌ (Uncertain)
MNIST:'9' -> CIFAR10 | Predict: 'automobile' (Ent: 1.83)
  ⚠️ [Mismatch] Cycle Back predicted '8' (Expected '9') (Ent: 1.92)
EMNIST:'0' -> MNIST | Predict: '8' (Ent: 1.68)
  ⚠️ [Mismatch] Cycle Back predicted 'E' (Expected '0') (Ent: 3.00)
EMNIST:'1' -> MNIST | Predict: '8' (Ent: 1.67)
  ⚠️ [Mismatch] Cycle Back predicted '8' (Expected '1') (Ent: 3.00)
EMNIST:'2' -> MNIST | Predict: '8' (Ent: 1.70)
  ⚠️ [Mismatch] Cycle Back predicted 'E' (Expected '2') (Ent: 2.95)
EMNIST:'3' -> MNIST | Predict: '8' (Ent: 1.69)
  ⚠️ [Mismatch] Cycle Back predicted '8' (Expected '3') (Ent: 2.88)
EMNIST:'4' -> MNIST | Predict: '8' (Ent: 1.71)
  ⚠️ [Mismatch] Cycle Back predicted '8' (Expected '4') (Ent: 2.98)
EMNIST:'5' -> MNIST | Predict: '8' (Ent: 1.69)
  ⚠️ [Mismatch] Cycle Back predicted 'g' (Expected '5') (Ent: 3.08)
EMNIST:'6' -> MNIST | Predict: '8' (Ent: 1.67)
  ⚠️ [Mismatch] Cycle Back predicted 'E' (Expected '6') (Ent: 2.95)
EMNIST:'7' -> MNIST | Predict: '8' (Ent: 1.70)
  ⚠️ [Mismatch] Cycle Back predicted 'E' (Expected '7') (Ent: 3.02)
EMNIST:'9' -> MNIST | Predict: '8' (Ent: 1.69)
  ⚠️ [Mismatch] Cycle Back predicted '8' (Expected '9') (Ent: 3.03)
EMNIST:'A' -> MNIST | Predict: '8' (Ent: 1.67)
  ⚠️ [Mismatch] Cycle Back predicted 'E' (Expected 'A') (Ent: 2.96)
EMNIST:'B' -> MNIST | Predict: '8' (Ent: 1.66)
  ⚠️ [Mismatch] Cycle Back predicted '8' (Expected 'B') (Ent: 3.05)
EMNIST:'C' -> MNIST | Predict: '8' (Ent: 1.68)
  ⚠️ [Mismatch] Cycle Back predicted 'E' (Expected 'C') (Ent: 2.95)
EMNIST:'D' -> MNIST | Predict: '8' (Ent: 1.69)
  ⚠️ [Mismatch] Cycle Back predicted 'E' (Expected 'D') (Ent: 2.99)
EMNIST:'F' -> MNIST | Predict: '8' (Ent: 1.70)
  ⚠️ [Mismatch] Cycle Back predicted 'B' (Expected 'F') (Ent: 2.98)
EMNIST:'G' -> MNIST | Predict: '8' (Ent: 1.69)
  ⚠️ [Mismatch] Cycle Back predicted 'E' (Expected 'G') (Ent: 2.97)
EMNIST:'H' -> MNIST | Predict: '8' (Ent: 1.69)
  ⚠️ [Mismatch] Cycle Back predicted 'E' (Expected 'H') (Ent: 2.95)
EMNIST:'I' -> MNIST | Predict: '8' (Ent: 1.69)
  ⚠️ [Mismatch] Cycle Back predicted 'E' (Expected 'I') (Ent: 2.91)
EMNIST:'J' -> MNIST | Predict: '8' (Ent: 1.69)
  ⚠️ [Mismatch] Cycle Back predicted 'E' (Expected 'J') (Ent: 2.98)
EMNIST:'K' -> MNIST | Predict: '8' (Ent: 1.70)
  ⚠️ [Mismatch] Cycle Back predicted '8' (Expected 'K') (Ent: 3.01)
EMNIST:'L' -> MNIST | Predict: '8' (Ent: 1.69)
  ⚠️ [Mismatch] Cycle Back predicted 'E' (Expected 'L') (Ent: 3.01)
EMNIST:'M' -> MNIST | Predict: '8' (Ent: 1.69)
  ⚠️ [Mismatch] Cycle Back predicted 'E' (Expected 'M') (Ent: 2.99)
EMNIST:'N' -> MNIST | Predict: '8' (Ent: 1.68)
  ⚠️ [Mismatch] Cycle Back predicted '8' (Expected 'N') (Ent: 3.01)
EMNIST:'O' -> MNIST | Predict: '8' (Ent: 1.68)
  ⚠️ [Mismatch] Cycle Back predicted 'E' (Expected 'O') (Ent: 2.95)
EMNIST:'P' -> MNIST | Predict: '8' (Ent: 1.69)
  ⚠️ [Mismatch] Cycle Back predicted '8' (Expected 'P') (Ent: 3.02)
EMNIST:'Q' -> MNIST | Predict: '8' (Ent: 1.66)
  ⚠️ [Mismatch] Cycle Back predicted '8' (Expected 'Q') (Ent: 3.02)
EMNIST:'R' -> MNIST | Predict: '8' (Ent: 1.70)
  ⚠️ [Mismatch] Cycle Back predicted 'E' (Expected 'R') (Ent: 2.93)
EMNIST:'S' -> MNIST | Predict: '8' (Ent: 1.70)
  ⚠️ [Mismatch] Cycle Back predicted 'E' (Expected 'S') (Ent: 2.98)
EMNIST:'T' -> MNIST | Predict: '8' (Ent: 1.70)
  ⚠️ [Mismatch] Cycle Back predicted 'E' (Expected 'T') (Ent: 2.97)
EMNIST:'U' -> MNIST | Predict: '8' (Ent: 1.70)
  ⚠️ [Mismatch] Cycle Back predicted '8' (Expected 'U') (Ent: 2.99)
EMNIST:'V' -> MNIST | Predict: '8' (Ent: 1.71)
  ⚠️ [Mismatch] Cycle Back predicted 'E' (Expected 'V') (Ent: 3.02)
EMNIST:'W' -> MNIST | Predict: '8' (Ent: 1.70)
  ⚠️ [Mismatch] Cycle Back predicted '8' (Expected 'W') (Ent: 3.06)
EMNIST:'X' -> MNIST | Predict: '8' (Ent: 1.70)
  ⚠️ [Mismatch] Cycle Back predicted 'B' (Expected 'X') (Ent: 3.00)
EMNIST:'Y' -> MNIST | Predict: '8' (Ent: 1.75)
  ⚠️ [Mismatch] Cycle Back predicted 'E' (Expected 'Y') (Ent: 2.97)
EMNIST:'Z' -> MNIST | Predict: '8' (Ent: 1.70)
  ⚠️ [Mismatch] Cycle Back predicted '8' (Expected 'Z') (Ent: 3.03)
EMNIST:'b' -> MNIST | Predict: '8' (Ent: 1.72)
  ⚠️ [Mismatch] Cycle Back predicted '8' (Expected 'b') (Ent: 3.00)
EMNIST:'c' -> MNIST | Predict: '8' (Ent: 1.70)
  ⚠️ [Mismatch] Cycle Back predicted '8' (Expected 'c') (Ent: 3.01)
EMNIST:'d' -> MNIST | Predict: '8' (Ent: 1.67)
  ⚠️ [Mismatch] Cycle Back predicted 'E' (Expected 'd') (Ent: 2.89)
EMNIST:'e' -> MNIST | Predict: '8' (Ent: 1.69)
  ⚠️ [Mismatch] Cycle Back predicted '8' (Expected 'e') (Ent: 2.97)
EMNIST:'f' -> MNIST | Predict: '8' (Ent: 1.69)
  ⚠️ [Mismatch] Cycle Back predicted 'E' (Expected 'f') (Ent: 2.89)
EMNIST:'g' -> MNIST | Predict: '8' (Ent: 1.70)
  ⚠️ [Mismatch] Cycle Back predicted 'E' (Expected 'g') (Ent: 2.94)
EMNIST:'h' -> MNIST | Predict: '8' (Ent: 1.69)
  ⚠️ [Mismatch] Cycle Back predicted 'E' (Expected 'h') (Ent: 2.90)
EMNIST:'i' -> MNIST | Predict: '8' (Ent: 1.71)
  ⚠️ [Mismatch] Cycle Back predicted 'E' (Expected 'i') (Ent: 2.94)
EMNIST:'j' -> MNIST | Predict: '8' (Ent: 1.72)
  ⚠️ [Mismatch] Cycle Back predicted '8' (Expected 'j') (Ent: 3.02)
EMNIST:'k' -> MNIST | Predict: '8' (Ent: 1.71)
  ⚠️ [Mismatch] Cycle Back predicted '8' (Expected 'k') (Ent: 3.00)
EMNIST:'l' -> MNIST | Predict: '8' (Ent: 1.69)
  ⚠️ [Mismatch] Cycle Back predicted 'E' (Expected 'l') (Ent: 3.00)
EMNIST:'m' -> MNIST | Predict: '8' (Ent: 1.67)
  ⚠️ [Mismatch] Cycle Back predicted 'E' (Expected 'm') (Ent: 2.99)
EMNIST:'n' -> MNIST | Predict: '8' (Ent: 1.69)
  ⚠️ [Mismatch] Cycle Back predicted 'B' (Expected 'n') (Ent: 3.07)
EMNIST:'o' -> MNIST | Predict: '8' (Ent: 1.68)
  ⚠️ [Mismatch] Cycle Back predicted 'B' (Expected 'o') (Ent: 2.95)
EMNIST:'p' -> MNIST | Predict: '8' (Ent: 1.71)
  ⚠️ [Mismatch] Cycle Back predicted '8' (Expected 'p') (Ent: 3.04)
EMNIST:'q' -> MNIST | Predict: '8' (Ent: 1.71)
  ⚠️ [Mismatch] Cycle Back predicted 'B' (Expected 'q') (Ent: 3.02)
EMNIST:'r' -> MNIST | Predict: '8' (Ent: 1.70)
  ⚠️ [Mismatch] Cycle Back predicted '8' (Expected 'r') (Ent: 2.98)
EMNIST:'s' -> MNIST | Predict: '8' (Ent: 1.71)
  ⚠️ [Mismatch] Cycle Back predicted '8' (Expected 's') (Ent: 2.91)
EMNIST:'t' -> MNIST | Predict: '8' (Ent: 1.67)
  ⚠️ [Mismatch] Cycle Back predicted '8' (Expected 't') (Ent: 2.98)
EMNIST:'u' -> MNIST | Predict: '8' (Ent: 1.66)
  ⚠️ [Mismatch] Cycle Back predicted 'E' (Expected 'u') (Ent: 2.98)
EMNIST:'v' -> MNIST | Predict: '8' (Ent: 1.68)
  ⚠️ [Mismatch] Cycle Back predicted 'B' (Expected 'v') (Ent: 2.96)
EMNIST:'w' -> MNIST | Predict: '8' (Ent: 1.69)
  ⚠️ [Mismatch] Cycle Back predicted 'E' (Expected 'w') (Ent: 2.96)
EMNIST:'x' -> MNIST | Predict: '8' (Ent: 1.66)
  ⚠️ [Mismatch] Cycle Back predicted '8' (Expected 'x') (Ent: 2.98)
EMNIST:'y' -> MNIST | Predict: '8' (Ent: 1.70)
  ⚠️ [Mismatch] Cycle Back predicted 'B' (Expected 'y') (Ent: 2.98)
EMNIST:'z' -> MNIST | Predict: '8' (Ent: 1.69)
  ⚠️ [Mismatch] Cycle Back predicted 'E' (Expected 'z') (Ent: 2.98)
EMNIST:'0' -> CIFAR10 | Predict: 'bird' (Ent: 1.59)
  ⚠️ [Mismatch] Cycle Back predicted '8' (Expected '0') (Ent: 2.78)
EMNIST:'1' -> CIFAR10 | Predict: 'bird' (Ent: 1.56)
  ⚠️ [Mismatch] Cycle Back predicted '8' (Expected '1') (Ent: 2.85)
EMNIST:'2' -> CIFAR10 | Predict: 'bird' (Ent: 1.61)
  ⚠️ [Mismatch] Cycle Back predicted '8' (Expected '2') (Ent: 2.82)
EMNIST:'3' -> CIFAR10 | Predict: 'bird' (Ent: 1.57)
  ⚠️ [Mismatch] Cycle Back predicted '8' (Expected '3') (Ent: 2.85)
EMNIST:'4' -> CIFAR10 | Predict: 'bird' (Ent: 1.59)
  ⚠️ [Mismatch] Cycle Back predicted '8' (Expected '4') (Ent: 2.80)
EMNIST:'5' -> CIFAR10 | Predict: 'bird' (Ent: 1.64)
  ⚠️ [Mismatch] Cycle Back predicted '8' (Expected '5') (Ent: 2.84)
EMNIST:'6' -> CIFAR10 | Predict: 'bird' (Ent: 1.57)
  ⚠️ [Mismatch] Cycle Back predicted '8' (Expected '6') (Ent: 2.83)
EMNIST:'7' -> CIFAR10 | Predict: 'bird' (Ent: 1.61)
  ⚠️ [Mismatch] Cycle Back predicted '8' (Expected '7') (Ent: 2.82)
EMNIST:'8' -> CIFAR10 | Predict: 'bird' (Ent: 1.57)
  ✅ [Match] EMNIST:'8' <==> CIFAR10:'bird' (Ent: 2.86)
EMNIST:'9' -> CIFAR10 | Predict: 'bird' (Ent: 1.62)
  ⚠️ [Mismatch] Cycle Back predicted '8' (Expected '9') (Ent: 2.83)
EMNIST:'A' -> CIFAR10 | Predict: 'bird' (Ent: 1.69)
  ⚠️ [Mismatch] Cycle Back predicted '8' (Expected 'A') (Ent: 2.82)
EMNIST:'B' -> CIFAR10 | Predict: 'bird' (Ent: 1.61)
  ⚠️ [Mismatch] Cycle Back predicted '8' (Expected 'B') (Ent: 2.85)
EMNIST:'C' -> CIFAR10 | Predict: 'bird' (Ent: 1.65)
  ⚠️ [Mismatch] Cycle Back predicted '8' (Expected 'C') (Ent: 2.78)
EMNIST:'D' -> CIFAR10 | Predict: 'bird' (Ent: 1.57)
  ⚠️ [Mismatch] Cycle Back predicted '8' (Expected 'D') (Ent: 2.82)
EMNIST:'E' -> CIFAR10 | Predict: 'bird' (Ent: 1.61)
  ⚠️ [Mismatch] Cycle Back predicted '8' (Expected 'E') (Ent: 2.81)
EMNIST:'F' -> CIFAR10 | Predict: 'bird' (Ent: 1.57)
  ⚠️ [Mismatch] Cycle Back predicted '8' (Expected 'F') (Ent: 2.84)
EMNIST:'G' -> CIFAR10 | Predict: 'bird' (Ent: 1.58)
  ⚠️ [Mismatch] Cycle Back predicted '8' (Expected 'G') (Ent: 2.79)
EMNIST:'H' -> CIFAR10 | Predict: 'bird' (Ent: 1.63)
  ⚠️ [Mismatch] Cycle Back predicted '8' (Expected 'H') (Ent: 2.81)
EMNIST:'I' -> CIFAR10 | Predict: 'bird' (Ent: 1.63)
  ⚠️ [Mismatch] Cycle Back predicted '8' (Expected 'I') (Ent: 2.83)
EMNIST:'J' -> CIFAR10 | Predict: 'bird' (Ent: 1.62)
  ⚠️ [Mismatch] Cycle Back predicted '8' (Expected 'J') (Ent: 2.79)
EMNIST:'K' -> CIFAR10 | Predict: 'bird' (Ent: 1.60)
  ⚠️ [Mismatch] Cycle Back predicted '8' (Expected 'K') (Ent: 2.85)
EMNIST:'L' -> CIFAR10 | Predict: 'bird' (Ent: 1.51)
  ⚠️ [Mismatch] Cycle Back predicted '8' (Expected 'L') (Ent: 2.84)
EMNIST:'M' -> CIFAR10 | Predict: 'bird' (Ent: 1.56)
  ⚠️ [Mismatch] Cycle Back predicted '8' (Expected 'M') (Ent: 2.88)
EMNIST:'N' -> CIFAR10 | Predict: 'bird' (Ent: 1.62)
  ⚠️ [Mismatch] Cycle Back predicted '8' (Expected 'N') (Ent: 2.85)
EMNIST:'O' -> CIFAR10 | Predict: 'bird' (Ent: 1.59)
  ⚠️ [Mismatch] Cycle Back predicted '8' (Expected 'O') (Ent: 2.85)
EMNIST:'P' -> CIFAR10 | Predict: 'bird' (Ent: 1.57)
  ⚠️ [Mismatch] Cycle Back predicted '8' (Expected 'P') (Ent: 2.83)
EMNIST:'Q' -> CIFAR10 | Predict: 'bird' (Ent: 1.61)
  ⚠️ [Mismatch] Cycle Back predicted '8' (Expected 'Q') (Ent: 2.79)
EMNIST:'R' -> CIFAR10 | Predict: 'bird' (Ent: 1.61)
  ⚠️ [Mismatch] Cycle Back predicted '8' (Expected 'R') (Ent: 2.83)
EMNIST:'S' -> CIFAR10 | Predict: 'bird' (Ent: 1.61)
  ⚠️ [Mismatch] Cycle Back predicted '8' (Expected 'S') (Ent: 2.82)
EMNIST:'T' -> CIFAR10 | Predict: 'bird' (Ent: 1.62)
  ⚠️ [Mismatch] Cycle Back predicted '8' (Expected 'T') (Ent: 2.81)
EMNIST:'U' -> CIFAR10 | Predict: 'bird' (Ent: 1.59)
  ⚠️ [Mismatch] Cycle Back predicted '8' (Expected 'U') (Ent: 2.83)
EMNIST:'V' -> CIFAR10 | Predict: 'bird' (Ent: 1.58)
  ⚠️ [Mismatch] Cycle Back predicted '8' (Expected 'V') (Ent: 2.83)
EMNIST:'W' -> CIFAR10 | Predict: 'bird' (Ent: 1.63)
  ⚠️ [Mismatch] Cycle Back predicted '8' (Expected 'W') (Ent: 2.84)
EMNIST:'X' -> CIFAR10 | Predict: 'bird' (Ent: 1.61)
  ⚠️ [Mismatch] Cycle Back predicted '8' (Expected 'X') (Ent: 2.83)
EMNIST:'Y' -> CIFAR10 | Predict: 'bird' (Ent: 1.62)
  ⚠️ [Mismatch] Cycle Back predicted '8' (Expected 'Y') (Ent: 2.80)
EMNIST:'Z' -> CIFAR10 | Predict: 'bird' (Ent: 1.61)
  ⚠️ [Mismatch] Cycle Back predicted '8' (Expected 'Z') (Ent: 2.84)
EMNIST:'a' -> CIFAR10 | Predict: 'bird' (Ent: 1.62)
  ⚠️ [Mismatch] Cycle Back predicted '8' (Expected 'a') (Ent: 2.84)
EMNIST:'b' -> CIFAR10 | Predict: 'bird' (Ent: 1.59)
  ⚠️ [Mismatch] Cycle Back predicted '8' (Expected 'b') (Ent: 2.84)
EMNIST:'c' -> CIFAR10 | Predict: 'bird' (Ent: 1.61)
  ⚠️ [Mismatch] Cycle Back predicted '8' (Expected 'c') (Ent: 2.81)
EMNIST:'d' -> CIFAR10 | Predict: 'bird' (Ent: 1.54)
  ⚠️ [Mismatch] Cycle Back predicted '8' (Expected 'd') (Ent: 2.81)
EMNIST:'e' -> CIFAR10 | Predict: 'bird' (Ent: 1.61)
  ⚠️ [Mismatch] Cycle Back predicted '8' (Expected 'e') (Ent: 2.80)
EMNIST:'f' -> CIFAR10 | Predict: 'bird' (Ent: 1.59)
  ⚠️ [Mismatch] Cycle Back predicted '8' (Expected 'f') (Ent: 2.78)
EMNIST:'g' -> CIFAR10 | Predict: 'bird' (Ent: 1.67)
  ⚠️ [Mismatch] Cycle Back predicted '8' (Expected 'g') (Ent: 2.83)
EMNIST:'h' -> CIFAR10 | Predict: 'bird' (Ent: 1.63)
  ⚠️ [Mismatch] Cycle Back predicted '8' (Expected 'h') (Ent: 2.85)
EMNIST:'i' -> CIFAR10 | Predict: 'bird' (Ent: 1.63)
  ⚠️ [Mismatch] Cycle Back predicted '8' (Expected 'i') (Ent: 2.78)
EMNIST:'j' -> CIFAR10 | Predict: 'bird' (Ent: 1.71)
  ⚠️ [Mismatch] Cycle Back predicted '8' (Expected 'j') (Ent: 2.83)
EMNIST:'k' -> CIFAR10 | Predict: 'bird' (Ent: 1.64)
  ⚠️ [Mismatch] Cycle Back predicted '8' (Expected 'k') (Ent: 2.80)
EMNIST:'l' -> CIFAR10 | Predict: 'bird' (Ent: 1.63)
  ⚠️ [Mismatch] Cycle Back predicted '8' (Expected 'l') (Ent: 2.79)
EMNIST:'m' -> CIFAR10 | Predict: 'bird' (Ent: 1.58)
  ⚠️ [Mismatch] Cycle Back predicted '8' (Expected 'm') (Ent: 2.85)
EMNIST:'n' -> CIFAR10 | Predict: 'bird' (Ent: 1.61)
  ⚠️ [Mismatch] Cycle Back predicted '8' (Expected 'n') (Ent: 2.85)
EMNIST:'o' -> CIFAR10 | Predict: 'bird' (Ent: 1.60)
  ⚠️ [Mismatch] Cycle Back predicted '8' (Expected 'o') (Ent: 2.84)
EMNIST:'p' -> CIFAR10 | Predict: 'bird' (Ent: 1.73)
  ⚠️ [Mismatch] Cycle Back predicted '8' (Expected 'p') (Ent: 2.84)
EMNIST:'q' -> CIFAR10 | Predict: 'bird' (Ent: 1.64)
  ⚠️ [Mismatch] Cycle Back predicted '8' (Expected 'q') (Ent: 2.84)
EMNIST:'r' -> CIFAR10 | Predict: 'bird' (Ent: 1.61)
  ⚠️ [Mismatch] Cycle Back predicted '8' (Expected 'r') (Ent: 2.80)
EMNIST:'s' -> CIFAR10 | Predict: 'bird' (Ent: 1.60)
  ⚠️ [Mismatch] Cycle Back predicted '8' (Expected 's') (Ent: 2.85)
EMNIST:'t' -> CIFAR10 | Predict: 'bird' (Ent: 1.70)
  ⚠️ [Mismatch] Cycle Back predicted '8' (Expected 't') (Ent: 2.81)
EMNIST:'u' -> CIFAR10 | Predict: 'bird' (Ent: 1.59)
  ⚠️ [Mismatch] Cycle Back predicted '8' (Expected 'u') (Ent: 2.82)
EMNIST:'v' -> CIFAR10 | Predict: 'bird' (Ent: 1.57)
  ⚠️ [Mismatch] Cycle Back predicted '8' (Expected 'v') (Ent: 2.84)
EMNIST:'w' -> CIFAR10 | Predict: 'bird' (Ent: 1.63)
  ⚠️ [Mismatch] Cycle Back predicted '8' (Expected 'w') (Ent: 2.85)
EMNIST:'x' -> CIFAR10 | Predict: 'bird' (Ent: 1.56)
  ⚠️ [Mismatch] Cycle Back predicted '8' (Expected 'x') (Ent: 2.82)
EMNIST:'y' -> CIFAR10 | Predict: 'bird' (Ent: 1.60)
  ⚠️ [Mismatch] Cycle Back predicted '8' (Expected 'y') (Ent: 2.83)
EMNIST:'z' -> CIFAR10 | Predict: 'bird' (Ent: 1.64)
  ⚠️ [Mismatch] Cycle Back predicted '8' (Expected 'z') (Ent: 2.87)
CIFAR10:'airplane' -> MNIST | Predict: '8' (Ent: 1.92)
CIFAR10:'bird' -> MNIST | Predict: '8' (Ent: 1.86)
CIFAR10:'cat' -> MNIST | Predict: '8' (Ent: 1.91)
CIFAR10:'deer' -> MNIST | Predict: '8' (Ent: 1.92)
CIFAR10:'dog' -> MNIST | Predict: '8' (Ent: 1.86)
CIFAR10:'frog' -> MNIST | Predict: '8' (Ent: 1.90)
CIFAR10:'horse' -> MNIST | Predict: '8' (Ent: 1.93)
CIFAR10:'ship' -> MNIST | Predict: '8' (Ent: 1.91)
CIFAR10:'airplane' -> EMNIST | Predict: '0' (Ent: 2.87)
  ⚠️ [Mismatch] Cycle Back predicted 'bird' (Expected 'airplane') (Ent: 1.60)
CIFAR10:'automobile' -> EMNIST | Predict: '0' (Ent: 2.97)
  ⚠️ [Mismatch] Cycle Back predicted 'bird' (Expected 'automobile') (Ent: 1.62)
CIFAR10:'cat' -> EMNIST | Predict: '0' (Ent: 2.94)
  ⚠️ [Mismatch] Cycle Back predicted 'bird' (Expected 'cat') (Ent: 1.59)
CIFAR10:'deer' -> EMNIST | Predict: '8' (Ent: 2.84)
  ⚠️ [Mismatch] Cycle Back predicted 'bird' (Expected 'deer') (Ent: 1.57)
CIFAR10:'dog' -> EMNIST | Predict: '8' (Ent: 2.83)
  ⚠️ [Mismatch] Cycle Back predicted 'bird' (Expected 'dog') (Ent: 1.58)
CIFAR10:'frog' -> EMNIST | Predict: '0' (Ent: 2.84)
  ⚠️ [Mismatch] Cycle Back predicted 'bird' (Expected 'frog') (Ent: 1.60)
CIFAR10:'horse' -> EMNIST | Predict: '8' (Ent: 2.83)
  ⚠️ [Mismatch] Cycle Back predicted 'bird' (Expected 'horse') (Ent: 1.56)
CIFAR10:'ship' -> EMNIST | Predict: '8' (Ent: 2.85)
  ⚠️ [Mismatch] Cycle Back predicted 'bird' (Expected 'ship') (Ent: 1.57)
CIFAR10:'truck' -> EMNIST | Predict: '0' (Ent: 2.84)
  ⚠️ [Mismatch] Cycle Back predicted 'bird' (Expected 'truck') (Ent: 1.60)
Exp: Old Gen + Old Ent (0.9)
dynamic_entropy_ratio: 0.9
MNIST:'0' -> EMNIST | Predict: '8' (Ent: 3.00)
  ⚠️ [Mismatch] Cycle Back predicted '8' (Expected '0') (Ent: 1.71)
MNIST:'1' -> EMNIST | Predict: 'a' (Ent: 2.90)
  ⚠️ [Mismatch] Cycle Back predicted '8' (Expected '1') (Ent: 1.69)
MNIST:'2' -> EMNIST | Predict: '8' (Ent: 3.27)
  ⚠️ [Mismatch] Cycle Back predicted '8' (Expected '2') (Ent: 1.71)
MNIST:'3' -> EMNIST | Predict: '8' (Ent: 3.08)
  ⚠️ [Mismatch] Cycle Back predicted '8' (Expected '3') (Ent: 1.71)
MNIST:'4' -> EMNIST | Predict: 'E' (Ent: 2.87)
  ⚠️ [Mismatch] Cycle Back predicted '8' (Expected '4') (Ent: 1.69)
MNIST:'5' -> EMNIST | Predict: 'E' (Ent: 2.77)
  ⚠️ [Mismatch] Cycle Back predicted '8' (Expected '5') (Ent: 1.70)
MNIST:'6' -> EMNIST | Predict: '8' (Ent: 3.15)
  ⚠️ [Mismatch] Cycle Back predicted '8' (Expected '6') (Ent: 1.71)
MNIST:'7' -> EMNIST | Predict: 'E' (Ent: 3.03)
  ⚠️ [Mismatch] Cycle Back predicted '8' (Expected '7') (Ent: 1.70)
MNIST:'8' -> EMNIST | Predict: 'B' (Ent: 3.00)
  ✅ [Match] MNIST:'8' <==> EMNIST:'B' (Ent: 1.66)
MNIST:'9' -> EMNIST | Predict: '8' (Ent: 2.71)
  ⚠️ [Mismatch] Cycle Back predicted '8' (Expected '9') (Ent: 1.70)
MNIST:'0' -> CIFAR10 | Predict: 'truck' (Ent: 2.03)
  ⚠️ [Mismatch] Cycle Back predicted '8' (Expected '0') (Ent: 1.91)
MNIST:'1' -> CIFAR10 | Predict: 'automobile' (Ent: 1.69)
  ⚠️ [Mismatch] Cycle Back predicted '8' (Expected '1') (Ent: 1.92)
MNIST:'2' -> CIFAR10 | Predict: 'truck' (Ent: 1.88)
  ⚠️ [Mismatch] Cycle Back predicted '8' (Expected '2') (Ent: 1.91)
MNIST:'3' -> CIFAR10 | Predict: 'truck' (Ent: 2.03)
  ⚠️ [Mismatch] Cycle Back predicted '8' (Expected '3') (Ent: 1.91)
MNIST:'4' -> CIFAR10 | Predict: 'automobile' (Ent: 2.06)
  ⚠️ [Mismatch] Cycle Back predicted '8' (Expected '4') (Ent: 1.91)
MNIST:'5' -> CIFAR10 | Predict: 'truck' (Ent: 2.00)
  ⚠️ [Mismatch] Cycle Back predicted '8' (Expected '5') (Ent: 1.91)
MNIST:'6' -> CIFAR10 | Predict: 'automobile' (Ent: 1.89)
  ⚠️ [Mismatch] Cycle Back predicted '8' (Expected '6') (Ent: 1.90)
MNIST:'7' -> CIFAR10 | Predict: 'automobile' (Ent: 1.97)
  ⚠️ [Mismatch] Cycle Back predicted '8' (Expected '7') (Ent: 1.91)
MNIST:'8' -> CIFAR10 | Predict: 'truck' (Ent: 2.06)
  ✅ [Match] MNIST:'8' <==> CIFAR10:'truck' (Ent: 1.90)
MNIST:'9' -> CIFAR10 | Predict: 'automobile' (Ent: 1.86)
  ⚠️ [Mismatch] Cycle Back predicted '8' (Expected '9') (Ent: 1.92)
EMNIST:'0' -> MNIST | Predict: '8' (Ent: 1.68)
  ⚠️ [Mismatch] Cycle Back predicted 'E' (Expected '0') (Ent: 2.94)
EMNIST:'1' -> MNIST | Predict: '8' (Ent: 1.67)
  ⚠️ [Mismatch] Cycle Back predicted 'E' (Expected '1') (Ent: 3.02)
EMNIST:'2' -> MNIST | Predict: '8' (Ent: 1.70)
  ⚠️ [Mismatch] Cycle Back predicted 'E' (Expected '2') (Ent: 3.00)
EMNIST:'3' -> MNIST | Predict: '8' (Ent: 1.69)
  ⚠️ [Mismatch] Cycle Back predicted 'E' (Expected '3') (Ent: 2.97)
EMNIST:'4' -> MNIST | Predict: '8' (Ent: 1.70)
  ⚠️ [Mismatch] Cycle Back predicted 'g' (Expected '4') (Ent: 3.01)
EMNIST:'5' -> MNIST | Predict: '8' (Ent: 1.68)
  ⚠️ [Mismatch] Cycle Back predicted 'B' (Expected '5') (Ent: 2.99)
EMNIST:'6' -> MNIST | Predict: '8' (Ent: 1.69)
  ⚠️ [Mismatch] Cycle Back predicted '8' (Expected '6') (Ent: 3.03)
EMNIST:'7' -> MNIST | Predict: '8' (Ent: 1.70)
  ⚠️ [Mismatch] Cycle Back predicted 'E' (Expected '7') (Ent: 2.93)
EMNIST:'9' -> MNIST | Predict: '8' (Ent: 1.69)
  ⚠️ [Mismatch] Cycle Back predicted 'E' (Expected '9') (Ent: 2.97)
EMNIST:'A' -> MNIST | Predict: '8' (Ent: 1.67)
  ⚠️ [Mismatch] Cycle Back predicted 'E' (Expected 'A') (Ent: 2.99)
EMNIST:'C' -> MNIST | Predict: '8' (Ent: 1.69)
  ⚠️ [Mismatch] Cycle Back predicted 'E' (Expected 'C') (Ent: 3.00)
EMNIST:'D' -> MNIST | Predict: '8' (Ent: 1.69)
  ⚠️ [Mismatch] Cycle Back predicted 'E' (Expected 'D') (Ent: 2.94)
EMNIST:'F' -> MNIST | Predict: '8' (Ent: 1.70)
  ⚠️ [Mismatch] Cycle Back predicted 'E' (Expected 'F') (Ent: 2.98)
EMNIST:'G' -> MNIST | Predict: '8' (Ent: 1.68)
  ⚠️ [Mismatch] Cycle Back predicted 'B' (Expected 'G') (Ent: 3.02)
EMNIST:'H' -> MNIST | Predict: '8' (Ent: 1.69)
  ⚠️ [Mismatch] Cycle Back predicted 'E' (Expected 'H') (Ent: 3.00)
EMNIST:'I' -> MNIST | Predict: '8' (Ent: 1.69)
  ⚠️ [Mismatch] Cycle Back predicted '8' (Expected 'I') (Ent: 2.94)
EMNIST:'J' -> MNIST | Predict: '8' (Ent: 1.69)
  ⚠️ [Mismatch] Cycle Back predicted 'E' (Expected 'J') (Ent: 2.92)
EMNIST:'K' -> MNIST | Predict: '8' (Ent: 1.70)
  ⚠️ [Mismatch] Cycle Back predicted 'E' (Expected 'K') (Ent: 2.91)
EMNIST:'L' -> MNIST | Predict: '8' (Ent: 1.67)
  ⚠️ [Mismatch] Cycle Back predicted 'E' (Expected 'L') (Ent: 3.02)
EMNIST:'M' -> MNIST | Predict: '8' (Ent: 1.69)
  ⚠️ [Mismatch] Cycle Back predicted 'E' (Expected 'M') (Ent: 2.98)
EMNIST:'N' -> MNIST | Predict: '8' (Ent: 1.68)
  ⚠️ [Mismatch] Cycle Back predicted 'E' (Expected 'N') (Ent: 2.94)
EMNIST:'O' -> MNIST | Predict: '8' (Ent: 1.68)
  ⚠️ [Mismatch] Cycle Back predicted '8' (Expected 'O') (Ent: 2.97)
EMNIST:'P' -> MNIST | Predict: '8' (Ent: 1.69)
  ⚠️ [Mismatch] Cycle Back predicted 'E' (Expected 'P') (Ent: 2.93)
EMNIST:'Q' -> MNIST | Predict: '8' (Ent: 1.67)
  ⚠️ [Mismatch] Cycle Back predicted 'E' (Expected 'Q') (Ent: 2.94)
EMNIST:'R' -> MNIST | Predict: '8' (Ent: 1.70)
  ⚠️ [Mismatch] Cycle Back predicted 'E' (Expected 'R') (Ent: 2.91)
EMNIST:'S' -> MNIST | Predict: '8' (Ent: 1.69)
  ⚠️ [Mismatch] Cycle Back predicted 'E' (Expected 'S') (Ent: 2.97)
EMNIST:'T' -> MNIST | Predict: '8' (Ent: 1.70)
  ⚠️ [Mismatch] Cycle Back predicted 'E' (Expected 'T') (Ent: 3.05)
EMNIST:'U' -> MNIST | Predict: '8' (Ent: 1.69)
  ⚠️ [Mismatch] Cycle Back predicted '8' (Expected 'U') (Ent: 3.00)
EMNIST:'V' -> MNIST | Predict: '8' (Ent: 1.70)
  ⚠️ [Mismatch] Cycle Back predicted '8' (Expected 'V') (Ent: 3.03)
EMNIST:'W' -> MNIST | Predict: '8' (Ent: 1.70)
  ⚠️ [Mismatch] Cycle Back predicted 'E' (Expected 'W') (Ent: 2.95)
EMNIST:'X' -> MNIST | Predict: '8' (Ent: 1.70)
  ⚠️ [Mismatch] Cycle Back predicted '8' (Expected 'X') (Ent: 2.99)
EMNIST:'Y' -> MNIST | Predict: '8' (Ent: 1.75)
  ⚠️ [Mismatch] Cycle Back predicted '8' (Expected 'Y') (Ent: 3.03)
EMNIST:'Z' -> MNIST | Predict: '8' (Ent: 1.69)
  ⚠️ [Mismatch] Cycle Back predicted '8' (Expected 'Z') (Ent: 2.95)
EMNIST:'b' -> MNIST | Predict: '8' (Ent: 1.72)
  ⚠️ [Mismatch] Cycle Back predicted '8' (Expected 'b') (Ent: 3.01)
EMNIST:'c' -> MNIST | Predict: '8' (Ent: 1.69)
  ⚠️ [Mismatch] Cycle Back predicted 'E' (Expected 'c') (Ent: 2.88)
EMNIST:'d' -> MNIST | Predict: '8' (Ent: 1.67)
  ⚠️ [Mismatch] Cycle Back predicted '8' (Expected 'd') (Ent: 2.92)
EMNIST:'e' -> MNIST | Predict: '8' (Ent: 1.69)
  ⚠️ [Mismatch] Cycle Back predicted 'E' (Expected 'e') (Ent: 2.99)
EMNIST:'f' -> MNIST | Predict: '8' (Ent: 1.69)
  ⚠️ [Mismatch] Cycle Back predicted '8' (Expected 'f') (Ent: 3.00)
EMNIST:'g' -> MNIST | Predict: '8' (Ent: 1.70)
  ⚠️ [Mismatch] Cycle Back predicted '8' (Expected 'g') (Ent: 2.97)
EMNIST:'h' -> MNIST | Predict: '8' (Ent: 1.70)
  ⚠️ [Mismatch] Cycle Back predicted '8' (Expected 'h') (Ent: 3.01)
EMNIST:'i' -> MNIST | Predict: '8' (Ent: 1.73)
  ⚠️ [Mismatch] Cycle Back predicted '8' (Expected 'i') (Ent: 3.01)
EMNIST:'j' -> MNIST | Predict: '8' (Ent: 1.71)
  ⚠️ [Mismatch] Cycle Back predicted '8' (Expected 'j') (Ent: 2.97)
EMNIST:'k' -> MNIST | Predict: '8' (Ent: 1.71)
  ⚠️ [Mismatch] Cycle Back predicted 'E' (Expected 'k') (Ent: 2.94)
EMNIST:'l' -> MNIST | Predict: '8' (Ent: 1.69)
  ⚠️ [Mismatch] Cycle Back predicted 'E' (Expected 'l') (Ent: 2.95)
EMNIST:'m' -> MNIST | Predict: '8' (Ent: 1.67)
  ⚠️ [Mismatch] Cycle Back predicted '8' (Expected 'm') (Ent: 2.99)
EMNIST:'n' -> MNIST | Predict: '8' (Ent: 1.70)
  ⚠️ [Mismatch] Cycle Back predicted 'E' (Expected 'n') (Ent: 2.98)
EMNIST:'o' -> MNIST | Predict: '8' (Ent: 1.69)
  ⚠️ [Mismatch] Cycle Back predicted 'E' (Expected 'o') (Ent: 3.08)
EMNIST:'p' -> MNIST | Predict: '8' (Ent: 1.73)
  ⚠️ [Mismatch] Cycle Back predicted 'E' (Expected 'p') (Ent: 2.98)
EMNIST:'q' -> MNIST | Predict: '8' (Ent: 1.69)
  ⚠️ [Mismatch] Cycle Back predicted 'E' (Expected 'q') (Ent: 3.00)
EMNIST:'r' -> MNIST | Predict: '8' (Ent: 1.70)
  ⚠️ [Mismatch] Cycle Back predicted 'E' (Expected 'r') (Ent: 2.97)
EMNIST:'s' -> MNIST | Predict: '8' (Ent: 1.70)
  ⚠️ [Mismatch] Cycle Back predicted '8' (Expected 's') (Ent: 2.90)
EMNIST:'t' -> MNIST | Predict: '8' (Ent: 1.67)
  ⚠️ [Mismatch] Cycle Back predicted '8' (Expected 't') (Ent: 2.96)
EMNIST:'u' -> MNIST | Predict: '8' (Ent: 1.65)
  ⚠️ [Mismatch] Cycle Back predicted '8' (Expected 'u') (Ent: 3.06)
EMNIST:'v' -> MNIST | Predict: '8' (Ent: 1.69)
  ⚠️ [Mismatch] Cycle Back predicted '8' (Expected 'v') (Ent: 2.98)
EMNIST:'w' -> MNIST | Predict: '8' (Ent: 1.70)
  ⚠️ [Mismatch] Cycle Back predicted '8' (Expected 'w') (Ent: 3.03)
EMNIST:'x' -> MNIST | Predict: '8' (Ent: 1.66)
  ⚠️ [Mismatch] Cycle Back predicted 'E' (Expected 'x') (Ent: 3.01)
EMNIST:'y' -> MNIST | Predict: '8' (Ent: 1.71)
  ⚠️ [Mismatch] Cycle Back predicted 'B' (Expected 'y') (Ent: 2.95)
EMNIST:'z' -> MNIST | Predict: '8' (Ent: 1.70)
  ⚠️ [Mismatch] Cycle Back predicted 'g' (Expected 'z') (Ent: 3.07)
EMNIST:'0' -> CIFAR10 | Predict: 'bird' (Ent: 1.61)
  ⚠️ [Mismatch] Cycle Back predicted '8' (Expected '0') (Ent: 2.84)
EMNIST:'1' -> CIFAR10 | Predict: 'bird' (Ent: 1.56)
  ⚠️ [Mismatch] Cycle Back predicted '8' (Expected '1') (Ent: 2.74)
EMNIST:'2' -> CIFAR10 | Predict: 'bird' (Ent: 1.62)
  ⚠️ [Mismatch] Cycle Back predicted '8' (Expected '2') (Ent: 2.82)
EMNIST:'3' -> CIFAR10 | Predict: 'bird' (Ent: 1.57)
  ⚠️ [Mismatch] Cycle Back predicted '8' (Expected '3') (Ent: 2.82)
EMNIST:'4' -> CIFAR10 | Predict: 'bird' (Ent: 1.58)
  ⚠️ [Mismatch] Cycle Back predicted '8' (Expected '4') (Ent: 2.83)
EMNIST:'5' -> CIFAR10 | Predict: 'bird' (Ent: 1.64)
  ⚠️ [Mismatch] Cycle Back predicted '8' (Expected '5') (Ent: 2.83)
EMNIST:'6' -> CIFAR10 | Predict: 'bird' (Ent: 1.58)
  ⚠️ [Mismatch] Cycle Back predicted '8' (Expected '6') (Ent: 2.76)
EMNIST:'7' -> CIFAR10 | Predict: 'bird' (Ent: 1.60)
  ⚠️ [Mismatch] Cycle Back predicted '8' (Expected '7') (Ent: 2.85)
EMNIST:'8' -> CIFAR10 | Predict: 'bird' (Ent: 1.57)
  ✅ [Match] EMNIST:'8' <==> CIFAR10:'bird' (Ent: 2.85)
EMNIST:'9' -> CIFAR10 | Predict: 'bird' (Ent: 1.60)
  ⚠️ [Mismatch] Cycle Back predicted '8' (Expected '9') (Ent: 2.83)
EMNIST:'A' -> CIFAR10 | Predict: 'bird' (Ent: 1.68)
  ⚠️ [Mismatch] Cycle Back predicted '8' (Expected 'A') (Ent: 2.86)
EMNIST:'B' -> CIFAR10 | Predict: 'bird' (Ent: 1.64)
  ⚠️ [Mismatch] Cycle Back predicted '8' (Expected 'B') (Ent: 2.81)
EMNIST:'C' -> CIFAR10 | Predict: 'bird' (Ent: 1.65)
  ⚠️ [Mismatch] Cycle Back predicted '8' (Expected 'C') (Ent: 2.84)
EMNIST:'D' -> CIFAR10 | Predict: 'bird' (Ent: 1.58)
  ⚠️ [Mismatch] Cycle Back predicted '8' (Expected 'D') (Ent: 2.88)
EMNIST:'E' -> CIFAR10 | Predict: 'bird' (Ent: 1.62)
  ⚠️ [Mismatch] Cycle Back predicted '8' (Expected 'E') (Ent: 2.87)
EMNIST:'F' -> CIFAR10 | Predict: 'bird' (Ent: 1.58)
  ⚠️ [Mismatch] Cycle Back predicted '8' (Expected 'F') (Ent: 2.81)
EMNIST:'G' -> CIFAR10 | Predict: 'bird' (Ent: 1.57)
  ⚠️ [Mismatch] Cycle Back predicted '8' (Expected 'G') (Ent: 2.85)
EMNIST:'H' -> CIFAR10 | Predict: 'bird' (Ent: 1.62)
  ⚠️ [Mismatch] Cycle Back predicted '8' (Expected 'H') (Ent: 2.86)
EMNIST:'I' -> CIFAR10 | Predict: 'bird' (Ent: 1.63)
  ⚠️ [Mismatch] Cycle Back predicted '8' (Expected 'I') (Ent: 2.84)
EMNIST:'J' -> CIFAR10 | Predict: 'bird' (Ent: 1.62)
  ⚠️ [Mismatch] Cycle Back predicted '8' (Expected 'J') (Ent: 2.82)
EMNIST:'K' -> CIFAR10 | Predict: 'bird' (Ent: 1.61)
  ⚠️ [Mismatch] Cycle Back predicted '8' (Expected 'K') (Ent: 2.82)
EMNIST:'L' -> CIFAR10 | Predict: 'bird' (Ent: 1.51)
  ⚠️ [Mismatch] Cycle Back predicted '8' (Expected 'L') (Ent: 2.79)
EMNIST:'M' -> CIFAR10 | Predict: 'bird' (Ent: 1.56)
  ⚠️ [Mismatch] Cycle Back predicted '8' (Expected 'M') (Ent: 2.84)
EMNIST:'N' -> CIFAR10 | Predict: 'bird' (Ent: 1.64)
  ⚠️ [Mismatch] Cycle Back predicted '8' (Expected 'N') (Ent: 2.85)
EMNIST:'O' -> CIFAR10 | Predict: 'bird' (Ent: 1.60)
  ⚠️ [Mismatch] Cycle Back predicted '8' (Expected 'O') (Ent: 2.85)
EMNIST:'P' -> CIFAR10 | Predict: 'bird' (Ent: 1.56)
  ⚠️ [Mismatch] Cycle Back predicted '8' (Expected 'P') (Ent: 2.79)
EMNIST:'Q' -> CIFAR10 | Predict: 'bird' (Ent: 1.62)
  ⚠️ [Mismatch] Cycle Back predicted '8' (Expected 'Q') (Ent: 2.82)
EMNIST:'R' -> CIFAR10 | Predict: 'bird' (Ent: 1.61)
  ⚠️ [Mismatch] Cycle Back predicted '8' (Expected 'R') (Ent: 2.85)
EMNIST:'S' -> CIFAR10 | Predict: 'bird' (Ent: 1.62)
  ⚠️ [Mismatch] Cycle Back predicted '8' (Expected 'S') (Ent: 2.86)
EMNIST:'T' -> CIFAR10 | Predict: 'bird' (Ent: 1.62)
  ⚠️ [Mismatch] Cycle Back predicted '8' (Expected 'T') (Ent: 2.86)
EMNIST:'U' -> CIFAR10 | Predict: 'bird' (Ent: 1.60)
  ⚠️ [Mismatch] Cycle Back predicted '8' (Expected 'U') (Ent: 2.84)
EMNIST:'V' -> CIFAR10 | Predict: 'bird' (Ent: 1.59)
  ⚠️ [Mismatch] Cycle Back predicted '8' (Expected 'V') (Ent: 2.81)
EMNIST:'W' -> CIFAR10 | Predict: 'bird' (Ent: 1.64)
  ⚠️ [Mismatch] Cycle Back predicted '8' (Expected 'W') (Ent: 2.80)
EMNIST:'X' -> CIFAR10 | Predict: 'bird' (Ent: 1.62)
  ⚠️ [Mismatch] Cycle Back predicted '8' (Expected 'X') (Ent: 2.83)
EMNIST:'Y' -> CIFAR10 | Predict: 'bird' (Ent: 1.59)
  ⚠️ [Mismatch] Cycle Back predicted '8' (Expected 'Y') (Ent: 2.86)
EMNIST:'Z' -> CIFAR10 | Predict: 'bird' (Ent: 1.60)
  ⚠️ [Mismatch] Cycle Back predicted '8' (Expected 'Z') (Ent: 2.85)
EMNIST:'a' -> CIFAR10 | Predict: 'bird' (Ent: 1.61)
  ⚠️ [Mismatch] Cycle Back predicted '8' (Expected 'a') (Ent: 2.83)
EMNIST:'b' -> CIFAR10 | Predict: 'bird' (Ent: 1.58)
  ⚠️ [Mismatch] Cycle Back predicted '8' (Expected 'b') (Ent: 2.85)
EMNIST:'c' -> CIFAR10 | Predict: 'bird' (Ent: 1.60)
  ⚠️ [Mismatch] Cycle Back predicted '8' (Expected 'c') (Ent: 2.87)
EMNIST:'d' -> CIFAR10 | Predict: 'bird' (Ent: 1.53)
  ⚠️ [Mismatch] Cycle Back predicted '8' (Expected 'd') (Ent: 2.81)
EMNIST:'e' -> CIFAR10 | Predict: 'bird' (Ent: 1.61)
  ⚠️ [Mismatch] Cycle Back predicted '8' (Expected 'e') (Ent: 2.78)
EMNIST:'f' -> CIFAR10 | Predict: 'bird' (Ent: 1.61)
  ⚠️ [Mismatch] Cycle Back predicted '8' (Expected 'f') (Ent: 2.83)
EMNIST:'g' -> CIFAR10 | Predict: 'bird' (Ent: 1.64)
  ⚠️ [Mismatch] Cycle Back predicted '8' (Expected 'g') (Ent: 2.83)
EMNIST:'h' -> CIFAR10 | Predict: 'bird' (Ent: 1.61)
  ⚠️ [Mismatch] Cycle Back predicted '8' (Expected 'h') (Ent: 2.80)
EMNIST:'i' -> CIFAR10 | Predict: 'bird' (Ent: 1.64)
  ⚠️ [Mismatch] Cycle Back predicted '8' (Expected 'i') (Ent: 2.82)
EMNIST:'j' -> CIFAR10 | Predict: 'bird' (Ent: 1.73)
  ⚠️ [Mismatch] Cycle Back predicted '8' (Expected 'j') (Ent: 2.83)
EMNIST:'k' -> CIFAR10 | Predict: 'bird' (Ent: 1.65)
  ⚠️ [Mismatch] Cycle Back predicted '8' (Expected 'k') (Ent: 2.78)
EMNIST:'l' -> CIFAR10 | Predict: 'bird' (Ent: 1.61)
  ⚠️ [Mismatch] Cycle Back predicted '8' (Expected 'l') (Ent: 2.83)
EMNIST:'m' -> CIFAR10 | Predict: 'bird' (Ent: 1.57)
  ⚠️ [Mismatch] Cycle Back predicted '8' (Expected 'm') (Ent: 2.80)
EMNIST:'n' -> CIFAR10 | Predict: 'bird' (Ent: 1.61)
  ⚠️ [Mismatch] Cycle Back predicted '8' (Expected 'n') (Ent: 2.80)
EMNIST:'o' -> CIFAR10 | Predict: 'bird' (Ent: 1.59)
  ⚠️ [Mismatch] Cycle Back predicted '8' (Expected 'o') (Ent: 2.79)
EMNIST:'p' -> CIFAR10 | Predict: 'bird' (Ent: 1.74)
  ⚠️ [Mismatch] Cycle Back predicted '8' (Expected 'p') (Ent: 2.81)
EMNIST:'q' -> CIFAR10 | Predict: 'bird' (Ent: 1.67)
  ⚠️ [Mismatch] Cycle Back predicted '8' (Expected 'q') (Ent: 2.85)
EMNIST:'r' -> CIFAR10 | Predict: 'bird' (Ent: 1.63)
  ⚠️ [Mismatch] Cycle Back predicted '8' (Expected 'r') (Ent: 2.83)
EMNIST:'s' -> CIFAR10 | Predict: 'bird' (Ent: 1.61)
  ⚠️ [Mismatch] Cycle Back predicted '8' (Expected 's') (Ent: 2.88)
EMNIST:'t' -> CIFAR10 | Predict: 'bird' (Ent: 1.68)
  ⚠️ [Mismatch] Cycle Back predicted '8' (Expected 't') (Ent: 2.87)
EMNIST:'u' -> CIFAR10 | Predict: 'bird' (Ent: 1.63)
  ⚠️ [Mismatch] Cycle Back predicted '8' (Expected 'u') (Ent: 2.89)
EMNIST:'v' -> CIFAR10 | Predict: 'bird' (Ent: 1.57)
  ⚠️ [Mismatch] Cycle Back predicted '8' (Expected 'v') (Ent: 2.83)
EMNIST:'w' -> CIFAR10 | Predict: 'bird' (Ent: 1.62)
  ⚠️ [Mismatch] Cycle Back predicted '8' (Expected 'w') (Ent: 2.84)
EMNIST:'x' -> CIFAR10 | Predict: 'bird' (Ent: 1.55)
  ⚠️ [Mismatch] Cycle Back predicted '8' (Expected 'x') (Ent: 2.82)
EMNIST:'y' -> CIFAR10 | Predict: 'bird' (Ent: 1.57)
  ⚠️ [Mismatch] Cycle Back predicted '8' (Expected 'y') (Ent: 2.83)
EMNIST:'z' -> CIFAR10 | Predict: 'bird' (Ent: 1.61)
  ⚠️ [Mismatch] Cycle Back predicted '8' (Expected 'z') (Ent: 2.86)
CIFAR10:'airplane' -> MNIST | Predict: '8' (Ent: 1.91)
  ⚠️ [Mismatch] Cycle Back predicted 'truck' (Expected 'airplane') (Ent: 2.05)
CIFAR10:'bird' -> MNIST | Predict: '8' (Ent: 1.88)
  ⚠️ [Mismatch] Cycle Back predicted 'truck' (Expected 'bird') (Ent: 2.04)
CIFAR10:'cat' -> MNIST | Predict: '8' (Ent: 1.92)
  ⚠️ [Mismatch] Cycle Back predicted 'truck' (Expected 'cat') (Ent: 2.07)
CIFAR10:'deer' -> MNIST | Predict: '8' (Ent: 1.92)
CIFAR10:'dog' -> MNIST | Predict: '8' (Ent: 1.89)
  ✅ [Match] CIFAR10:'dog' <==> MNIST:'8' (Ent: 2.04)
CIFAR10:'frog' -> MNIST | Predict: '8' (Ent: 1.90)
  ⚠️ [Mismatch] Cycle Back predicted 'automobile' (Expected 'frog') (Ent: 2.04)
CIFAR10:'horse' -> MNIST | Predict: '8' (Ent: 1.90)
CIFAR10:'ship' -> MNIST | Predict: '8' (Ent: 1.90)
  ⚠️ [Mismatch] Cycle Back predicted 'automobile' (Expected 'ship') (Ent: 2.04)
CIFAR10:'airplane' -> EMNIST | Predict: '0' (Ent: 2.91)
  ⚠️ [Mismatch] Cycle Back predicted 'bird' (Expected 'airplane') (Ent: 1.59)
CIFAR10:'automobile' -> EMNIST | Predict: '0' (Ent: 2.93)
  ⚠️ [Mismatch] Cycle Back predicted 'bird' (Expected 'automobile') (Ent: 1.59)
CIFAR10:'cat' -> EMNIST | Predict: '0' (Ent: 2.99)
  ⚠️ [Mismatch] Cycle Back predicted 'bird' (Expected 'cat') (Ent: 1.59)
CIFAR10:'deer' -> EMNIST | Predict: '8' (Ent: 2.80)
  ⚠️ [Mismatch] Cycle Back predicted 'bird' (Expected 'deer') (Ent: 1.56)
CIFAR10:'dog' -> EMNIST | Predict: '8' (Ent: 2.85)
  ⚠️ [Mismatch] Cycle Back predicted 'bird' (Expected 'dog') (Ent: 1.57)
CIFAR10:'frog' -> EMNIST | Predict: '0' (Ent: 2.82)
  ⚠️ [Mismatch] Cycle Back predicted 'bird' (Expected 'frog') (Ent: 1.60)
CIFAR10:'horse' -> EMNIST | Predict: '8' (Ent: 2.85)
  ⚠️ [Mismatch] Cycle Back predicted 'bird' (Expected 'horse') (Ent: 1.57)
CIFAR10:'ship' -> EMNIST | Predict: '8' (Ent: 2.84)
  ⚠️ [Mismatch] Cycle Back predicted 'bird' (Expected 'ship') (Ent: 1.57)
CIFAR10:'truck' -> EMNIST | Predict: '0' (Ent: 2.85)
  ⚠️ [Mismatch] Cycle Back predicted 'bird' (Expected 'truck') (Ent: 1.60)
Exp: Old Gen + Old Ent (0.95)
dynamic_entropy_ratio: 0.95
MNIST:'0' -> EMNIST | Predict: 'E' (Ent: 2.98)
  ⚠️ [Mismatch] Cycle Back predicted '8' (Expected '0') (Ent: 1.70)
MNIST:'1' -> EMNIST | Predict: 'a' (Ent: 2.90)
  ⚠️ [Mismatch] Cycle Back predicted '8' (Expected '1') (Ent: 1.69)
MNIST:'2' -> EMNIST | Predict: '8' (Ent: 3.26)
  ⚠️ [Mismatch] Cycle Back predicted '8' (Expected '2') (Ent: 1.71)
MNIST:'3' -> EMNIST | Predict: 'g' (Ent: 3.13)
  ⚠️ [Mismatch] Cycle Back predicted '8' (Expected '3') (Ent: 1.70)
MNIST:'4' -> EMNIST | Predict: 'E' (Ent: 2.88)
  ⚠️ [Mismatch] Cycle Back predicted '8' (Expected '4') (Ent: 1.69)
MNIST:'5' -> EMNIST | Predict: 'E' (Ent: 2.83)
  ⚠️ [Mismatch] Cycle Back predicted '8' (Expected '5') (Ent: 1.70)
MNIST:'6' -> EMNIST | Predict: '8' (Ent: 3.05)
  ⚠️ [Mismatch] Cycle Back predicted '8' (Expected '6') (Ent: 1.72)
MNIST:'7' -> EMNIST | Predict: 'E' (Ent: 3.03)
  ⚠️ [Mismatch] Cycle Back predicted '8' (Expected '7') (Ent: 1.70)
MNIST:'8' -> EMNIST | Predict: 'E' (Ent: 2.87)
  ✅ [Match] MNIST:'8' <==> EMNIST:'E' (Ent: 1.69)
MNIST:'9' -> EMNIST | Predict: 'B' (Ent: 2.71)
  ⚠️ [Mismatch] Cycle Back predicted '8' (Expected '9') (Ent: 1.66)
MNIST:'0' -> CIFAR10 | Predict: 'truck' (Ent: 2.00)
  ⚠️ [Mismatch] Cycle Back predicted '8' (Expected '0') (Ent: 1.90)
MNIST:'1' -> CIFAR10 | Predict: 'automobile' (Ent: 1.75)
  ⚠️ [Mismatch] Cycle Back predicted '8' (Expected '1') (Ent: 1.91)
MNIST:'2' -> CIFAR10 | Predict: 'truck' (Ent: 1.85)
  ⚠️ [Mismatch] Cycle Back predicted '8' (Expected '2') (Ent: 1.91)
MNIST:'3' -> CIFAR10 | Predict: 'automobile' (Ent: 1.99)
  ⚠️ [Mismatch] Cycle Back predicted '8' (Expected '3') (Ent: 1.91)
MNIST:'4' -> CIFAR10 | Predict: 'truck' (Ent: 2.04)
  ⚠️ [Mismatch] Cycle Back predicted '8' (Expected '4') (Ent: 1.90)
MNIST:'5' -> CIFAR10 | Predict: 'truck' (Ent: 2.04)
  ⚠️ [Mismatch] Cycle Back predicted '8' (Expected '5') (Ent: 1.91)
MNIST:'6' -> CIFAR10 | Predict: 'automobile' (Ent: 1.87)
  ⚠️ [Mismatch] Cycle Back predicted '8' (Expected '6') (Ent: 1.91)
MNIST:'7' -> CIFAR10 | Predict: 'automobile' (Ent: 2.04)
  ⚠️ [Mismatch] Cycle Back predicted '8' (Expected '7') (Ent: 1.91)
MNIST:'8' -> CIFAR10 | Predict: 'automobile' (Ent: 2.06)
  ✅ [Match] MNIST:'8' <==> CIFAR10:'automobile' (Ent: 1.90)
MNIST:'9' -> CIFAR10 | Predict: 'automobile' (Ent: 1.80)
  ⚠️ [Mismatch] Cycle Back predicted '8' (Expected '9') (Ent: 1.91)
EMNIST:'0' -> MNIST | Predict: '8' (Ent: 1.68)
  ⚠️ [Mismatch] Cycle Back predicted '8' (Expected '0') (Ent: 2.93)
EMNIST:'1' -> MNIST | Predict: '8' (Ent: 1.67)
  ⚠️ [Mismatch] Cycle Back predicted 'E' (Expected '1') (Ent: 3.00)
EMNIST:'2' -> MNIST | Predict: '8' (Ent: 1.71)
  ⚠️ [Mismatch] Cycle Back predicted '8' (Expected '2') (Ent: 2.98)
EMNIST:'3' -> MNIST | Predict: '8' (Ent: 1.69)
  ⚠️ [Mismatch] Cycle Back predicted 'E' (Expected '3') (Ent: 2.98)
EMNIST:'4' -> MNIST | Predict: '8' (Ent: 1.71)
  ⚠️ [Mismatch] Cycle Back predicted '8' (Expected '4') (Ent: 3.00)
EMNIST:'5' -> MNIST | Predict: '8' (Ent: 1.69)
  ⚠️ [Mismatch] Cycle Back predicted '8' (Expected '5') (Ent: 3.04)
EMNIST:'6' -> MNIST | Predict: '8' (Ent: 1.68)
  ⚠️ [Mismatch] Cycle Back predicted '8' (Expected '6') (Ent: 3.00)
EMNIST:'7' -> MNIST | Predict: '8' (Ent: 1.69)
  ⚠️ [Mismatch] Cycle Back predicted '8' (Expected '7') (Ent: 2.96)
EMNIST:'9' -> MNIST | Predict: '8' (Ent: 1.69)
  ⚠️ [Mismatch] Cycle Back predicted 'B' (Expected '9') (Ent: 3.04)
EMNIST:'A' -> MNIST | Predict: '8' (Ent: 1.66)
  ⚠️ [Mismatch] Cycle Back predicted 'E' (Expected 'A') (Ent: 2.97)
EMNIST:'C' -> MNIST | Predict: '8' (Ent: 1.69)
  ⚠️ [Mismatch] Cycle Back predicted '8' (Expected 'C') (Ent: 3.04)
EMNIST:'D' -> MNIST | Predict: '8' (Ent: 1.69)
  ⚠️ [Mismatch] Cycle Back predicted 'E' (Expected 'D') (Ent: 2.93)
EMNIST:'F' -> MNIST | Predict: '8' (Ent: 1.70)
  ⚠️ [Mismatch] Cycle Back predicted '8' (Expected 'F') (Ent: 2.94)
EMNIST:'G' -> MNIST | Predict: '8' (Ent: 1.68)
  ⚠️ [Mismatch] Cycle Back predicted 'E' (Expected 'G') (Ent: 2.95)
EMNIST:'H' -> MNIST | Predict: '8' (Ent: 1.69)
  ⚠️ [Mismatch] Cycle Back predicted 'g' (Expected 'H') (Ent: 3.04)
EMNIST:'I' -> MNIST | Predict: '8' (Ent: 1.69)
  ⚠️ [Mismatch] Cycle Back predicted '8' (Expected 'I') (Ent: 3.01)
EMNIST:'J' -> MNIST | Predict: '8' (Ent: 1.69)
  ⚠️ [Mismatch] Cycle Back predicted 'E' (Expected 'J') (Ent: 2.97)
EMNIST:'K' -> MNIST | Predict: '8' (Ent: 1.70)
  ⚠️ [Mismatch] Cycle Back predicted '8' (Expected 'K') (Ent: 3.00)
EMNIST:'L' -> MNIST | Predict: '8' (Ent: 1.68)
  ⚠️ [Mismatch] Cycle Back predicted 'E' (Expected 'L') (Ent: 2.97)
EMNIST:'M' -> MNIST | Predict: '8' (Ent: 1.68)
  ⚠️ [Mismatch] Cycle Back predicted 'E' (Expected 'M') (Ent: 2.94)
EMNIST:'N' -> MNIST | Predict: '8' (Ent: 1.68)
  ⚠️ [Mismatch] Cycle Back predicted 'E' (Expected 'N') (Ent: 3.06)
EMNIST:'O' -> MNIST | Predict: '8' (Ent: 1.68)
  ⚠️ [Mismatch] Cycle Back predicted '8' (Expected 'O') (Ent: 3.02)
EMNIST:'P' -> MNIST | Predict: '8' (Ent: 1.69)
  ⚠️ [Mismatch] Cycle Back predicted '8' (Expected 'P') (Ent: 3.01)
EMNIST:'Q' -> MNIST | Predict: '8' (Ent: 1.67)
  ⚠️ [Mismatch] Cycle Back predicted 'E' (Expected 'Q') (Ent: 2.97)
EMNIST:'R' -> MNIST | Predict: '8' (Ent: 1.70)
  ⚠️ [Mismatch] Cycle Back predicted 'E' (Expected 'R') (Ent: 2.98)
EMNIST:'S' -> MNIST | Predict: '8' (Ent: 1.70)
  ⚠️ [Mismatch] Cycle Back predicted 'E' (Expected 'S') (Ent: 3.05)
EMNIST:'T' -> MNIST | Predict: '8' (Ent: 1.70)
  ⚠️ [Mismatch] Cycle Back predicted '8' (Expected 'T') (Ent: 3.02)
EMNIST:'U' -> MNIST | Predict: '8' (Ent: 1.69)
  ⚠️ [Mismatch] Cycle Back predicted '8' (Expected 'U') (Ent: 2.97)
EMNIST:'V' -> MNIST | Predict: '8' (Ent: 1.71)
  ⚠️ [Mismatch] Cycle Back predicted 'E' (Expected 'V') (Ent: 2.93)
EMNIST:'W' -> MNIST | Predict: '8' (Ent: 1.70)
  ⚠️ [Mismatch] Cycle Back predicted 'E' (Expected 'W') (Ent: 2.93)
EMNIST:'X' -> MNIST | Predict: '8' (Ent: 1.69)
  ⚠️ [Mismatch] Cycle Back predicted 'B' (Expected 'X') (Ent: 2.99)
EMNIST:'Y' -> MNIST | Predict: '8' (Ent: 1.75)
  ⚠️ [Mismatch] Cycle Back predicted 'E' (Expected 'Y') (Ent: 3.01)
EMNIST:'Z' -> MNIST | Predict: '8' (Ent: 1.69)
  ⚠️ [Mismatch] Cycle Back predicted '8' (Expected 'Z') (Ent: 2.92)
EMNIST:'b' -> MNIST | Predict: '8' (Ent: 1.73)
  ⚠️ [Mismatch] Cycle Back predicted 'E' (Expected 'b') (Ent: 2.93)
EMNIST:'c' -> MNIST | Predict: '8' (Ent: 1.69)
  ⚠️ [Mismatch] Cycle Back predicted '8' (Expected 'c') (Ent: 2.99)
EMNIST:'d' -> MNIST | Predict: '8' (Ent: 1.66)
  ⚠️ [Mismatch] Cycle Back predicted 'B' (Expected 'd') (Ent: 2.94)
EMNIST:'e' -> MNIST | Predict: '8' (Ent: 1.69)
  ⚠️ [Mismatch] Cycle Back predicted 'E' (Expected 'e') (Ent: 3.01)
EMNIST:'f' -> MNIST | Predict: '8' (Ent: 1.69)
  ⚠️ [Mismatch] Cycle Back predicted 'E' (Expected 'f') (Ent: 3.01)
EMNIST:'h' -> MNIST | Predict: '8' (Ent: 1.70)
  ⚠️ [Mismatch] Cycle Back predicted '8' (Expected 'h') (Ent: 2.94)
EMNIST:'i' -> MNIST | Predict: '8' (Ent: 1.72)
  ⚠️ [Mismatch] Cycle Back predicted 'E' (Expected 'i') (Ent: 3.02)
EMNIST:'j' -> MNIST | Predict: '8' (Ent: 1.71)
  ⚠️ [Mismatch] Cycle Back predicted '8' (Expected 'j') (Ent: 2.96)
EMNIST:'k' -> MNIST | Predict: '8' (Ent: 1.69)
  ⚠️ [Mismatch] Cycle Back predicted 'E' (Expected 'k') (Ent: 2.95)
EMNIST:'l' -> MNIST | Predict: '8' (Ent: 1.68)
  ⚠️ [Mismatch] Cycle Back predicted '8' (Expected 'l') (Ent: 2.97)
EMNIST:'m' -> MNIST | Predict: '8' (Ent: 1.67)
  ⚠️ [Mismatch] Cycle Back predicted '8' (Expected 'm') (Ent: 2.99)
EMNIST:'n' -> MNIST | Predict: '8' (Ent: 1.70)
  ⚠️ [Mismatch] Cycle Back predicted 'E' (Expected 'n') (Ent: 2.89)
EMNIST:'o' -> MNIST | Predict: '8' (Ent: 1.69)
  ⚠️ [Mismatch] Cycle Back predicted 'E' (Expected 'o') (Ent: 2.94)
EMNIST:'p' -> MNIST | Predict: '8' (Ent: 1.73)
  ⚠️ [Mismatch] Cycle Back predicted '8' (Expected 'p') (Ent: 3.06)
EMNIST:'q' -> MNIST | Predict: '8' (Ent: 1.68)
  ⚠️ [Mismatch] Cycle Back predicted 'E' (Expected 'q') (Ent: 2.89)
EMNIST:'r' -> MNIST | Predict: '8' (Ent: 1.70)
  ⚠️ [Mismatch] Cycle Back predicted 'G' (Expected 'r') (Ent: 3.09)
EMNIST:'s' -> MNIST | Predict: '8' (Ent: 1.70)
  ⚠️ [Mismatch] Cycle Back predicted 'E' (Expected 's') (Ent: 2.96)
EMNIST:'t' -> MNIST | Predict: '8' (Ent: 1.66)
  ⚠️ [Mismatch] Cycle Back predicted '8' (Expected 't') (Ent: 2.99)
EMNIST:'u' -> MNIST | Predict: '8' (Ent: 1.67)
  ⚠️ [Mismatch] Cycle Back predicted 'E' (Expected 'u') (Ent: 2.93)
EMNIST:'v' -> MNIST | Predict: '8' (Ent: 1.68)
  ⚠️ [Mismatch] Cycle Back predicted '8' (Expected 'v') (Ent: 2.95)
EMNIST:'w' -> MNIST | Predict: '8' (Ent: 1.69)
  ⚠️ [Mismatch] Cycle Back predicted 'E' (Expected 'w') (Ent: 2.99)
EMNIST:'x' -> MNIST | Predict: '8' (Ent: 1.67)
  ⚠️ [Mismatch] Cycle Back predicted 'E' (Expected 'x') (Ent: 3.03)
EMNIST:'y' -> MNIST | Predict: '8' (Ent: 1.71)
  ⚠️ [Mismatch] Cycle Back predicted 'g' (Expected 'y') (Ent: 3.01)
EMNIST:'z' -> MNIST | Predict: '8' (Ent: 1.70)
  ⚠️ [Mismatch] Cycle Back predicted 'E' (Expected 'z') (Ent: 2.99)
EMNIST:'0' -> CIFAR10 | Predict: 'bird' (Ent: 1.60)
  ⚠️ [Mismatch] Cycle Back predicted '8' (Expected '0') (Ent: 2.85)
EMNIST:'1' -> CIFAR10 | Predict: 'bird' (Ent: 1.56)
  ⚠️ [Mismatch] Cycle Back predicted '8' (Expected '1') (Ent: 2.83)
EMNIST:'2' -> CIFAR10 | Predict: 'bird' (Ent: 1.62)
  ⚠️ [Mismatch] Cycle Back predicted '8' (Expected '2') (Ent: 2.85)
EMNIST:'3' -> CIFAR10 | Predict: 'bird' (Ent: 1.58)
  ⚠️ [Mismatch] Cycle Back predicted '8' (Expected '3') (Ent: 2.80)
EMNIST:'4' -> CIFAR10 | Predict: 'bird' (Ent: 1.59)
  ⚠️ [Mismatch] Cycle Back predicted '8' (Expected '4') (Ent: 2.84)
EMNIST:'5' -> CIFAR10 | Predict: 'bird' (Ent: 1.63)
  ⚠️ [Mismatch] Cycle Back predicted '8' (Expected '5') (Ent: 2.83)
EMNIST:'6' -> CIFAR10 | Predict: 'bird' (Ent: 1.60)
  ⚠️ [Mismatch] Cycle Back predicted '8' (Expected '6') (Ent: 2.82)
EMNIST:'7' -> CIFAR10 | Predict: 'bird' (Ent: 1.60)
  ⚠️ [Mismatch] Cycle Back predicted '8' (Expected '7') (Ent: 2.88)
EMNIST:'8' -> CIFAR10 | Predict: 'bird' (Ent: 1.57)
  ✅ [Match] EMNIST:'8' <==> CIFAR10:'bird' (Ent: 2.81)
EMNIST:'9' -> CIFAR10 | Predict: 'bird' (Ent: 1.61)
  ⚠️ [Mismatch] Cycle Back predicted '8' (Expected '9') (Ent: 2.81)
EMNIST:'A' -> CIFAR10 | Predict: 'bird' (Ent: 1.68)
  ⚠️ [Mismatch] Cycle Back predicted '8' (Expected 'A') (Ent: 2.79)
EMNIST:'B' -> CIFAR10 | Predict: 'bird' (Ent: 1.65)
  ⚠️ [Mismatch] Cycle Back predicted '8' (Expected 'B') (Ent: 2.82)
EMNIST:'C' -> CIFAR10 | Predict: 'bird' (Ent: 1.64)
  ⚠️ [Mismatch] Cycle Back predicted '8' (Expected 'C') (Ent: 2.81)
EMNIST:'D' -> CIFAR10 | Predict: 'bird' (Ent: 1.57)
  ⚠️ [Mismatch] Cycle Back predicted '8' (Expected 'D') (Ent: 2.83)
EMNIST:'E' -> CIFAR10 | Predict: 'bird' (Ent: 1.62)
  ⚠️ [Mismatch] Cycle Back predicted '8' (Expected 'E') (Ent: 2.82)
EMNIST:'F' -> CIFAR10 | Predict: 'bird' (Ent: 1.58)
  ⚠️ [Mismatch] Cycle Back predicted '8' (Expected 'F') (Ent: 2.83)
EMNIST:'G' -> CIFAR10 | Predict: 'bird' (Ent: 1.59)
  ⚠️ [Mismatch] Cycle Back predicted '8' (Expected 'G') (Ent: 2.81)
EMNIST:'H' -> CIFAR10 | Predict: 'bird' (Ent: 1.64)
  ⚠️ [Mismatch] Cycle Back predicted '8' (Expected 'H') (Ent: 2.86)
EMNIST:'I' -> CIFAR10 | Predict: 'bird' (Ent: 1.62)
  ⚠️ [Mismatch] Cycle Back predicted '8' (Expected 'I') (Ent: 2.82)
EMNIST:'J' -> CIFAR10 | Predict: 'bird' (Ent: 1.62)
  ⚠️ [Mismatch] Cycle Back predicted '8' (Expected 'J') (Ent: 2.80)
EMNIST:'K' -> CIFAR10 | Predict: 'bird' (Ent: 1.60)
  ⚠️ [Mismatch] Cycle Back predicted '8' (Expected 'K') (Ent: 2.81)
EMNIST:'L' -> CIFAR10 | Predict: 'bird' (Ent: 1.54)
  ⚠️ [Mismatch] Cycle Back predicted '8' (Expected 'L') (Ent: 2.84)
EMNIST:'M' -> CIFAR10 | Predict: 'bird' (Ent: 1.56)
  ⚠️ [Mismatch] Cycle Back predicted '8' (Expected 'M') (Ent: 2.85)
EMNIST:'N' -> CIFAR10 | Predict: 'bird' (Ent: 1.64)
  ⚠️ [Mismatch] Cycle Back predicted '8' (Expected 'N') (Ent: 2.81)
EMNIST:'O' -> CIFAR10 | Predict: 'bird' (Ent: 1.60)
  ⚠️ [Mismatch] Cycle Back predicted '8' (Expected 'O') (Ent: 2.87)
EMNIST:'P' -> CIFAR10 | Predict: 'bird' (Ent: 1.57)
  ⚠️ [Mismatch] Cycle Back predicted '8' (Expected 'P') (Ent: 2.83)
EMNIST:'Q' -> CIFAR10 | Predict: 'bird' (Ent: 1.63)
  ⚠️ [Mismatch] Cycle Back predicted '8' (Expected 'Q') (Ent: 2.85)
EMNIST:'R' -> CIFAR10 | Predict: 'bird' (Ent: 1.62)
  ⚠️ [Mismatch] Cycle Back predicted '8' (Expected 'R') (Ent: 2.84)
EMNIST:'S' -> CIFAR10 | Predict: 'bird' (Ent: 1.61)
  ⚠️ [Mismatch] Cycle Back predicted '8' (Expected 'S') (Ent: 2.84)
EMNIST:'T' -> CIFAR10 | Predict: 'bird' (Ent: 1.64)
  ⚠️ [Mismatch] Cycle Back predicted '8' (Expected 'T') (Ent: 2.82)
EMNIST:'U' -> CIFAR10 | Predict: 'bird' (Ent: 1.59)
  ⚠️ [Mismatch] Cycle Back predicted '8' (Expected 'U') (Ent: 2.84)
EMNIST:'V' -> CIFAR10 | Predict: 'bird' (Ent: 1.58)
  ⚠️ [Mismatch] Cycle Back predicted '8' (Expected 'V') (Ent: 2.84)
EMNIST:'W' -> CIFAR10 | Predict: 'bird' (Ent: 1.65)
  ⚠️ [Mismatch] Cycle Back predicted '8' (Expected 'W') (Ent: 2.80)
EMNIST:'X' -> CIFAR10 | Predict: 'bird' (Ent: 1.62)
  ⚠️ [Mismatch] Cycle Back predicted '8' (Expected 'X') (Ent: 2.84)
EMNIST:'Y' -> CIFAR10 | Predict: 'bird' (Ent: 1.61)
  ⚠️ [Mismatch] Cycle Back predicted '8' (Expected 'Y') (Ent: 2.88)
EMNIST:'Z' -> CIFAR10 | Predict: 'bird' (Ent: 1.60)
  ⚠️ [Mismatch] Cycle Back predicted '8' (Expected 'Z') (Ent: 2.83)
EMNIST:'a' -> CIFAR10 | Predict: 'bird' (Ent: 1.61)
  ⚠️ [Mismatch] Cycle Back predicted '8' (Expected 'a') (Ent: 2.90)
EMNIST:'b' -> CIFAR10 | Predict: 'bird' (Ent: 1.58)
  ⚠️ [Mismatch] Cycle Back predicted '8' (Expected 'b') (Ent: 2.78)
EMNIST:'c' -> CIFAR10 | Predict: 'bird' (Ent: 1.58)
  ⚠️ [Mismatch] Cycle Back predicted '8' (Expected 'c') (Ent: 2.83)
EMNIST:'d' -> CIFAR10 | Predict: 'bird' (Ent: 1.55)
  ⚠️ [Mismatch] Cycle Back predicted '8' (Expected 'd') (Ent: 2.84)
EMNIST:'e' -> CIFAR10 | Predict: 'bird' (Ent: 1.62)
  ⚠️ [Mismatch] Cycle Back predicted '8' (Expected 'e') (Ent: 2.81)
EMNIST:'f' -> CIFAR10 | Predict: 'bird' (Ent: 1.62)
  ⚠️ [Mismatch] Cycle Back predicted '8' (Expected 'f') (Ent: 2.83)
EMNIST:'g' -> CIFAR10 | Predict: 'bird' (Ent: 1.65)
  ⚠️ [Mismatch] Cycle Back predicted '8' (Expected 'g') (Ent: 2.80)
EMNIST:'h' -> CIFAR10 | Predict: 'bird' (Ent: 1.61)
  ⚠️ [Mismatch] Cycle Back predicted '8' (Expected 'h') (Ent: 2.83)
EMNIST:'i' -> CIFAR10 | Predict: 'bird' (Ent: 1.64)
  ⚠️ [Mismatch] Cycle Back predicted '8' (Expected 'i') (Ent: 2.79)
EMNIST:'j' -> CIFAR10 | Predict: 'bird' (Ent: 1.75)
  ⚠️ [Mismatch] Cycle Back predicted '8' (Expected 'j') (Ent: 2.88)
EMNIST:'k' -> CIFAR10 | Predict: 'bird' (Ent: 1.64)
  ⚠️ [Mismatch] Cycle Back predicted '8' (Expected 'k') (Ent: 2.82)
EMNIST:'l' -> CIFAR10 | Predict: 'bird' (Ent: 1.60)
  ⚠️ [Mismatch] Cycle Back predicted '8' (Expected 'l') (Ent: 2.81)
EMNIST:'m' -> CIFAR10 | Predict: 'bird' (Ent: 1.58)
  ⚠️ [Mismatch] Cycle Back predicted '8' (Expected 'm') (Ent: 2.82)
EMNIST:'n' -> CIFAR10 | Predict: 'bird' (Ent: 1.60)
  ⚠️ [Mismatch] Cycle Back predicted '8' (Expected 'n') (Ent: 2.82)
EMNIST:'o' -> CIFAR10 | Predict: 'bird' (Ent: 1.60)
  ⚠️ [Mismatch] Cycle Back predicted '8' (Expected 'o') (Ent: 2.86)
EMNIST:'p' -> CIFAR10 | Predict: 'bird' (Ent: 1.74)
  ⚠️ [Mismatch] Cycle Back predicted '8' (Expected 'p') (Ent: 2.83)
EMNIST:'q' -> CIFAR10 | Predict: 'bird' (Ent: 1.65)
  ⚠️ [Mismatch] Cycle Back predicted '8' (Expected 'q') (Ent: 2.83)
EMNIST:'r' -> CIFAR10 | Predict: 'bird' (Ent: 1.62)
  ⚠️ [Mismatch] Cycle Back predicted '8' (Expected 'r') (Ent: 2.82)
EMNIST:'s' -> CIFAR10 | Predict: 'bird' (Ent: 1.60)
  ⚠️ [Mismatch] Cycle Back predicted '8' (Expected 's') (Ent: 2.84)
EMNIST:'t' -> CIFAR10 | Predict: 'bird' (Ent: 1.71)
  ⚠️ [Mismatch] Cycle Back predicted '8' (Expected 't') (Ent: 2.84)
EMNIST:'u' -> CIFAR10 | Predict: 'bird' (Ent: 1.62)
  ⚠️ [Mismatch] Cycle Back predicted '8' (Expected 'u') (Ent: 2.87)
EMNIST:'v' -> CIFAR10 | Predict: 'bird' (Ent: 1.58)
  ⚠️ [Mismatch] Cycle Back predicted '8' (Expected 'v') (Ent: 2.79)
EMNIST:'w' -> CIFAR10 | Predict: 'bird' (Ent: 1.61)
  ⚠️ [Mismatch] Cycle Back predicted '8' (Expected 'w') (Ent: 2.78)
EMNIST:'x' -> CIFAR10 | Predict: 'bird' (Ent: 1.57)
  ⚠️ [Mismatch] Cycle Back predicted '8' (Expected 'x') (Ent: 2.83)
EMNIST:'y' -> CIFAR10 | Predict: 'bird' (Ent: 1.59)
  ⚠️ [Mismatch] Cycle Back predicted '8' (Expected 'y') (Ent: 2.80)
EMNIST:'z' -> CIFAR10 | Predict: 'bird' (Ent: 1.61)
  ⚠️ [Mismatch] Cycle Back predicted '8' (Expected 'z') (Ent: 2.82)
CIFAR10:'airplane' -> MNIST | Predict: '8' (Ent: 1.92)
  ⚠️ [Mismatch] Cycle Back predicted 'truck' (Expected 'airplane') (Ent: 2.05)
CIFAR10:'bird' -> MNIST | Predict: '8' (Ent: 1.86)
  ⚠️ [Mismatch] Cycle Back predicted 'truck' (Expected 'bird') (Ent: 2.05)
CIFAR10:'cat' -> MNIST | Predict: '8' (Ent: 1.92)
  ⚠️ [Mismatch] Cycle Back predicted 'truck' (Expected 'cat') (Ent: 2.04)
CIFAR10:'deer' -> MNIST | Predict: '8' (Ent: 1.92)
  ⚠️ [Mismatch] Cycle Back predicted 'automobile' (Expected 'deer') (Ent: 2.04)
CIFAR10:'dog' -> MNIST | Predict: '8' (Ent: 1.89)
  ⚠️ [Mismatch] Cycle Back predicted 'automobile' (Expected 'dog') (Ent: 2.05)
CIFAR10:'frog' -> MNIST | Predict: '8' (Ent: 1.91)
  ⚠️ [Mismatch] Cycle Back predicted 'truck' (Expected 'frog') (Ent: 2.02)
CIFAR10:'horse' -> MNIST | Predict: '8' (Ent: 1.94)
  ⚠️ [Mismatch] Cycle Back predicted 'truck' (Expected 'horse') (Ent: 2.05)
CIFAR10:'ship' -> MNIST | Predict: '8' (Ent: 1.92)
  ⚠️ [Mismatch] Cycle Back predicted 'truck' (Expected 'ship') (Ent: 2.04)
CIFAR10:'airplane' -> EMNIST | Predict: '0' (Ent: 2.93)
  ⚠️ [Mismatch] Cycle Back predicted 'bird' (Expected 'airplane') (Ent: 1.60)
CIFAR10:'automobile' -> EMNIST | Predict: '0' (Ent: 2.95)
  ⚠️ [Mismatch] Cycle Back predicted 'bird' (Expected 'automobile') (Ent: 1.62)
CIFAR10:'cat' -> EMNIST | Predict: '0' (Ent: 2.97)
  ⚠️ [Mismatch] Cycle Back predicted 'bird' (Expected 'cat') (Ent: 1.60)
CIFAR10:'deer' -> EMNIST | Predict: '8' (Ent: 2.82)
  ⚠️ [Mismatch] Cycle Back predicted 'bird' (Expected 'deer') (Ent: 1.56)
CIFAR10:'dog' -> EMNIST | Predict: '8' (Ent: 2.81)
  ⚠️ [Mismatch] Cycle Back predicted 'bird' (Expected 'dog') (Ent: 1.56)
CIFAR10:'frog' -> EMNIST | Predict: '0' (Ent: 2.86)
  ⚠️ [Mismatch] Cycle Back predicted 'bird' (Expected 'frog') (Ent: 1.61)
CIFAR10:'horse' -> EMNIST | Predict: '8' (Ent: 2.87)
  ⚠️ [Mismatch] Cycle Back predicted 'bird' (Expected 'horse') (Ent: 1.56)
CIFAR10:'ship' -> EMNIST | Predict: '8' (Ent: 2.84)
  ⚠️ [Mismatch] Cycle Back predicted 'bird' (Expected 'ship') (Ent: 1.55)
CIFAR10:'truck' -> EMNIST | Predict: '0' (Ent: 2.82)
  ⚠️ [Mismatch] Cycle Back predicted 'bird' (Expected 'truck') (Ent: 1.61)
Exp: Old Gen + Old Ent (1.0)
dynamic_entropy_ratio: 1.0
MNIST:'0' -> EMNIST | Predict: 'E' (Ent: 2.89)
  ⚠️ [Mismatch] Cycle Back predicted '8' (Expected '0') (Ent: 1.69)
MNIST:'1' -> EMNIST | Predict: 'a' (Ent: 3.01)
  ⚠️ [Mismatch] Cycle Back predicted '8' (Expected '1') (Ent: 1.69)
MNIST:'2' -> EMNIST | Predict: '8' (Ent: 3.22)
  ⚠️ [Mismatch] Cycle Back predicted '8' (Expected '2') (Ent: 1.71)
MNIST:'3' -> EMNIST | Predict: 'B' (Ent: 3.13)
  ⚠️ [Mismatch] Cycle Back predicted '8' (Expected '3') (Ent: 1.66)
MNIST:'4' -> EMNIST | Predict: 'E' (Ent: 2.91)
  ⚠️ [Mismatch] Cycle Back predicted '8' (Expected '4') (Ent: 1.70)
MNIST:'5' -> EMNIST | Predict: 'E' (Ent: 2.86)
  ⚠️ [Mismatch] Cycle Back predicted '8' (Expected '5') (Ent: 1.69)
MNIST:'6' -> EMNIST | Predict: '8' (Ent: 3.10)
  ⚠️ [Mismatch] Cycle Back predicted '8' (Expected '6') (Ent: 1.71)
MNIST:'7' -> EMNIST | Predict: 'E' (Ent: 3.03)
  ⚠️ [Mismatch] Cycle Back predicted '8' (Expected '7') (Ent: 1.70)
MNIST:'8' -> EMNIST | Predict: '8' (Ent: 3.00)
  ✅ [Match] MNIST:'8' <==> EMNIST:'8' (Ent: 1.71)
MNIST:'9' -> EMNIST | Predict: '8' (Ent: 2.70)
  ⚠️ [Mismatch] Cycle Back predicted '8' (Expected '9') (Ent: 1.71)
MNIST:'0' -> CIFAR10 | Predict: 'truck' (Ent: 2.03)
  ⚠️ [Mismatch] Cycle Back predicted '8' (Expected '0') (Ent: 1.89)
MNIST:'1' -> CIFAR10 | Predict: 'automobile' (Ent: 1.75)
  ⚠️ [Mismatch] Cycle Back predicted '8' (Expected '1') (Ent: 1.91)
MNIST:'2' -> CIFAR10 | Predict: 'truck' (Ent: 1.92)
  ⚠️ [Mismatch] Cycle Back predicted '8' (Expected '2') (Ent: 1.91)
MNIST:'3' -> CIFAR10 | Predict: 'truck' (Ent: 1.99)
  ⚠️ [Mismatch] Cycle Back predicted '8' (Expected '3') (Ent: 1.90)
MNIST:'4' -> CIFAR10 | Predict: 'truck' (Ent: 2.02)
  ⚠️ [Mismatch] Cycle Back predicted '8' (Expected '4') (Ent: 1.91)
MNIST:'5' -> CIFAR10 | Predict: 'truck' (Ent: 2.03)
  ⚠️ [Mismatch] Cycle Back predicted '8' (Expected '5') (Ent: 1.90)
MNIST:'6' -> CIFAR10 | Predict: 'automobile' (Ent: 1.86)
  ⚠️ [Mismatch] Cycle Back predicted '8' (Expected '6') (Ent: 1.92)
MNIST:'7' -> CIFAR10 | Predict: 'automobile' (Ent: 2.01)
  ⚠️ [Mismatch] Cycle Back predicted '8' (Expected '7') (Ent: 1.90)
MNIST:'8' -> CIFAR10 | Predict: 'truck' (Ent: 2.03)
  ✅ [Match] MNIST:'8' <==> CIFAR10:'truck' (Ent: 1.91)
MNIST:'9' -> CIFAR10 | Predict: 'automobile' (Ent: 1.87)
  ⚠️ [Mismatch] Cycle Back predicted '8' (Expected '9') (Ent: 1.90)
EMNIST:'0' -> MNIST | Predict: '8' (Ent: 1.69)
  ⚠️ [Mismatch] Cycle Back predicted 'E' (Expected '0') (Ent: 3.00)
EMNIST:'1' -> MNIST | Predict: '8' (Ent: 1.67)
  ⚠️ [Mismatch] Cycle Back predicted 'E' (Expected '1') (Ent: 2.95)
EMNIST:'2' -> MNIST | Predict: '8' (Ent: 1.70)
  ⚠️ [Mismatch] Cycle Back predicted 'E' (Expected '2') (Ent: 2.91)
EMNIST:'3' -> MNIST | Predict: '8' (Ent: 1.68)
  ⚠️ [Mismatch] Cycle Back predicted '8' (Expected '3') (Ent: 3.02)
EMNIST:'4' -> MNIST | Predict: '8' (Ent: 1.70)
  ⚠️ [Mismatch] Cycle Back predicted 'E' (Expected '4') (Ent: 3.02)
EMNIST:'5' -> MNIST | Predict: '8' (Ent: 1.69)
  ⚠️ [Mismatch] Cycle Back predicted '8' (Expected '5') (Ent: 2.90)
EMNIST:'6' -> MNIST | Predict: '8' (Ent: 1.68)
  ⚠️ [Mismatch] Cycle Back predicted 'E' (Expected '6') (Ent: 3.02)
EMNIST:'7' -> MNIST | Predict: '8' (Ent: 1.68)
  ⚠️ [Mismatch] Cycle Back predicted 'E' (Expected '7') (Ent: 2.95)
EMNIST:'9' -> MNIST | Predict: '8' (Ent: 1.68)
  ⚠️ [Mismatch] Cycle Back predicted 'E' (Expected '9') (Ent: 3.02)
EMNIST:'A' -> MNIST | Predict: '8' (Ent: 1.67)
  ⚠️ [Mismatch] Cycle Back predicted 'E' (Expected 'A') (Ent: 3.02)
EMNIST:'C' -> MNIST | Predict: '8' (Ent: 1.69)
  ⚠️ [Mismatch] Cycle Back predicted 'E' (Expected 'C') (Ent: 2.96)
EMNIST:'D' -> MNIST | Predict: '8' (Ent: 1.70)
  ⚠️ [Mismatch] Cycle Back predicted 'E' (Expected 'D') (Ent: 2.97)
EMNIST:'F' -> MNIST | Predict: '8' (Ent: 1.70)
  ⚠️ [Mismatch] Cycle Back predicted 'E' (Expected 'F') (Ent: 2.88)
EMNIST:'G' -> MNIST | Predict: '8' (Ent: 1.69)
  ⚠️ [Mismatch] Cycle Back predicted '8' (Expected 'G') (Ent: 2.90)
EMNIST:'H' -> MNIST | Predict: '8' (Ent: 1.69)
  ⚠️ [Mismatch] Cycle Back predicted 'E' (Expected 'H') (Ent: 2.92)
EMNIST:'I' -> MNIST | Predict: '8' (Ent: 1.68)
  ⚠️ [Mismatch] Cycle Back predicted 'E' (Expected 'I') (Ent: 3.01)
EMNIST:'J' -> MNIST | Predict: '8' (Ent: 1.69)
  ⚠️ [Mismatch] Cycle Back predicted 'E' (Expected 'J') (Ent: 3.05)
EMNIST:'K' -> MNIST | Predict: '8' (Ent: 1.70)
  ⚠️ [Mismatch] Cycle Back predicted '8' (Expected 'K') (Ent: 2.96)
EMNIST:'L' -> MNIST | Predict: '8' (Ent: 1.69)
  ⚠️ [Mismatch] Cycle Back predicted 'E' (Expected 'L') (Ent: 2.98)
EMNIST:'M' -> MNIST | Predict: '8' (Ent: 1.68)
  ⚠️ [Mismatch] Cycle Back predicted '8' (Expected 'M') (Ent: 2.99)
EMNIST:'N' -> MNIST | Predict: '8' (Ent: 1.68)
  ⚠️ [Mismatch] Cycle Back predicted 'E' (Expected 'N') (Ent: 2.96)
EMNIST:'O' -> MNIST | Predict: '8' (Ent: 1.69)
  ⚠️ [Mismatch] Cycle Back predicted '8' (Expected 'O') (Ent: 2.97)
EMNIST:'P' -> MNIST | Predict: '8' (Ent: 1.68)
  ⚠️ [Mismatch] Cycle Back predicted '8' (Expected 'P') (Ent: 3.09)
EMNIST:'Q' -> MNIST | Predict: '8' (Ent: 1.66)
  ⚠️ [Mismatch] Cycle Back predicted 'E' (Expected 'Q') (Ent: 2.97)
EMNIST:'R' -> MNIST | Predict: '8' (Ent: 1.70)
  ⚠️ [Mismatch] Cycle Back predicted 'E' (Expected 'R') (Ent: 2.93)
EMNIST:'S' -> MNIST | Predict: '8' (Ent: 1.69)
  ⚠️ [Mismatch] Cycle Back predicted 'E' (Expected 'S') (Ent: 2.91)
EMNIST:'T' -> MNIST | Predict: '8' (Ent: 1.70)
  ⚠️ [Mismatch] Cycle Back predicted 'E' (Expected 'T') (Ent: 2.95)
EMNIST:'U' -> MNIST | Predict: '8' (Ent: 1.70)
  ⚠️ [Mismatch] Cycle Back predicted 'E' (Expected 'U') (Ent: 2.99)
EMNIST:'V' -> MNIST | Predict: '8' (Ent: 1.71)
  ⚠️ [Mismatch] Cycle Back predicted 'B' (Expected 'V') (Ent: 2.98)
EMNIST:'W' -> MNIST | Predict: '8' (Ent: 1.70)
  ⚠️ [Mismatch] Cycle Back predicted 'E' (Expected 'W') (Ent: 2.96)
EMNIST:'X' -> MNIST | Predict: '8' (Ent: 1.70)
  ⚠️ [Mismatch] Cycle Back predicted 'E' (Expected 'X') (Ent: 2.96)
EMNIST:'Y' -> MNIST | Predict: '8' (Ent: 1.75)
  ⚠️ [Mismatch] Cycle Back predicted '8' (Expected 'Y') (Ent: 2.99)
EMNIST:'Z' -> MNIST | Predict: '8' (Ent: 1.69)
  ⚠️ [Mismatch] Cycle Back predicted 'B' (Expected 'Z') (Ent: 3.01)
EMNIST:'b' -> MNIST | Predict: '8' (Ent: 1.72)
  ⚠️ [Mismatch] Cycle Back predicted 'E' (Expected 'b') (Ent: 3.03)
EMNIST:'c' -> MNIST | Predict: '8' (Ent: 1.69)
  ⚠️ [Mismatch] Cycle Back predicted 'B' (Expected 'c') (Ent: 2.97)
EMNIST:'d' -> MNIST | Predict: '8' (Ent: 1.66)
  ⚠️ [Mismatch] Cycle Back predicted 'E' (Expected 'd') (Ent: 3.04)
EMNIST:'e' -> MNIST | Predict: '8' (Ent: 1.69)
  ⚠️ [Mismatch] Cycle Back predicted 'B' (Expected 'e') (Ent: 2.93)
EMNIST:'f' -> MNIST | Predict: '8' (Ent: 1.69)
  ⚠️ [Mismatch] Cycle Back predicted '8' (Expected 'f') (Ent: 2.95)
EMNIST:'g' -> MNIST | Predict: '8' (Ent: 1.70)
  ⚠️ [Mismatch] Cycle Back predicted '8' (Expected 'g') (Ent: 2.95)
EMNIST:'h' -> MNIST | Predict: '8' (Ent: 1.69)
  ⚠️ [Mismatch] Cycle Back predicted 'B' (Expected 'h') (Ent: 2.98)
EMNIST:'i' -> MNIST | Predict: '8' (Ent: 1.72)
  ⚠️ [Mismatch] Cycle Back predicted 'E' (Expected 'i') (Ent: 2.95)
EMNIST:'j' -> MNIST | Predict: '8' (Ent: 1.70)
  ⚠️ [Mismatch] Cycle Back predicted 'g' (Expected 'j') (Ent: 3.04)
EMNIST:'k' -> MNIST | Predict: '8' (Ent: 1.70)
  ⚠️ [Mismatch] Cycle Back predicted 'E' (Expected 'k') (Ent: 2.96)
EMNIST:'l' -> MNIST | Predict: '8' (Ent: 1.69)
  ⚠️ [Mismatch] Cycle Back predicted '8' (Expected 'l') (Ent: 3.03)
EMNIST:'m' -> MNIST | Predict: '8' (Ent: 1.67)
  ⚠️ [Mismatch] Cycle Back predicted '8' (Expected 'm') (Ent: 2.95)
EMNIST:'n' -> MNIST | Predict: '8' (Ent: 1.70)
  ⚠️ [Mismatch] Cycle Back predicted 'E' (Expected 'n') (Ent: 3.01)
EMNIST:'o' -> MNIST | Predict: '8' (Ent: 1.68)
  ⚠️ [Mismatch] Cycle Back predicted '8' (Expected 'o') (Ent: 2.99)
EMNIST:'p' -> MNIST | Predict: '8' (Ent: 1.72)
  ⚠️ [Mismatch] Cycle Back predicted '8' (Expected 'p') (Ent: 2.91)
EMNIST:'q' -> MNIST | Predict: '8' (Ent: 1.69)
  ⚠️ [Mismatch] Cycle Back predicted 'B' (Expected 'q') (Ent: 2.99)
EMNIST:'r' -> MNIST | Predict: '8' (Ent: 1.70)
  ⚠️ [Mismatch] Cycle Back predicted 'B' (Expected 'r') (Ent: 3.01)
EMNIST:'s' -> MNIST | Predict: '8' (Ent: 1.70)
  ⚠️ [Mismatch] Cycle Back predicted 'E' (Expected 's') (Ent: 2.98)
EMNIST:'t' -> MNIST | Predict: '8' (Ent: 1.68)
  ⚠️ [Mismatch] Cycle Back predicted '8' (Expected 't') (Ent: 2.94)
EMNIST:'u' -> MNIST | Predict: '8' (Ent: 1.66)
  ⚠️ [Mismatch] Cycle Back predicted 'g' (Expected 'u') (Ent: 3.04)
EMNIST:'v' -> MNIST | Predict: '8' (Ent: 1.69)
  ⚠️ [Mismatch] Cycle Back predicted 'E' (Expected 'v') (Ent: 2.99)
EMNIST:'w' -> MNIST | Predict: '8' (Ent: 1.69)
  ⚠️ [Mismatch] Cycle Back predicted 'E' (Expected 'w') (Ent: 3.02)
EMNIST:'x' -> MNIST | Predict: '8' (Ent: 1.66)
  ⚠️ [Mismatch] Cycle Back predicted 'E' (Expected 'x') (Ent: 2.94)
EMNIST:'y' -> MNIST | Predict: '8' (Ent: 1.71)
  ⚠️ [Mismatch] Cycle Back predicted 'E' (Expected 'y') (Ent: 3.01)
EMNIST:'z' -> MNIST | Predict: '8' (Ent: 1.69)
  ⚠️ [Mismatch] Cycle Back predicted 'E' (Expected 'z') (Ent: 2.94)
EMNIST:'0' -> CIFAR10 | Predict: 'bird' (Ent: 1.59)
  ⚠️ [Mismatch] Cycle Back predicted '8' (Expected '0') (Ent: 2.82)
EMNIST:'1' -> CIFAR10 | Predict: 'bird' (Ent: 1.57)
  ⚠️ [Mismatch] Cycle Back predicted '8' (Expected '1') (Ent: 2.80)
EMNIST:'2' -> CIFAR10 | Predict: 'bird' (Ent: 1.62)
  ⚠️ [Mismatch] Cycle Back predicted '8' (Expected '2') (Ent: 2.82)
EMNIST:'3' -> CIFAR10 | Predict: 'bird' (Ent: 1.58)
  ⚠️ [Mismatch] Cycle Back predicted '8' (Expected '3') (Ent: 2.85)
EMNIST:'4' -> CIFAR10 | Predict: 'bird' (Ent: 1.59)
  ⚠️ [Mismatch] Cycle Back predicted '8' (Expected '4') (Ent: 2.80)
EMNIST:'5' -> CIFAR10 | Predict: 'bird' (Ent: 1.65)
  ⚠️ [Mismatch] Cycle Back predicted '8' (Expected '5') (Ent: 2.83)
EMNIST:'6' -> CIFAR10 | Predict: 'bird' (Ent: 1.58)
  ⚠️ [Mismatch] Cycle Back predicted '8' (Expected '6') (Ent: 2.82)
EMNIST:'7' -> CIFAR10 | Predict: 'bird' (Ent: 1.60)
  ⚠️ [Mismatch] Cycle Back predicted '8' (Expected '7') (Ent: 2.83)
EMNIST:'8' -> CIFAR10 | Predict: 'bird' (Ent: 1.58)
  ✅ [Match] EMNIST:'8' <==> CIFAR10:'bird' (Ent: 2.82)
EMNIST:'9' -> CIFAR10 | Predict: 'bird' (Ent: 1.61)
  ⚠️ [Mismatch] Cycle Back predicted '8' (Expected '9') (Ent: 2.82)
EMNIST:'A' -> CIFAR10 | Predict: 'bird' (Ent: 1.68)
  ⚠️ [Mismatch] Cycle Back predicted '8' (Expected 'A') (Ent: 2.82)
EMNIST:'B' -> CIFAR10 | Predict: 'bird' (Ent: 1.62)
  ⚠️ [Mismatch] Cycle Back predicted '8' (Expected 'B') (Ent: 2.80)
EMNIST:'C' -> CIFAR10 | Predict: 'bird' (Ent: 1.64)
  ⚠️ [Mismatch] Cycle Back predicted '8' (Expected 'C') (Ent: 2.79)
EMNIST:'D' -> CIFAR10 | Predict: 'bird' (Ent: 1.56)
  ⚠️ [Mismatch] Cycle Back predicted '8' (Expected 'D') (Ent: 2.79)
EMNIST:'E' -> CIFAR10 | Predict: 'bird' (Ent: 1.62)
  ⚠️ [Mismatch] Cycle Back predicted '8' (Expected 'E') (Ent: 2.82)
EMNIST:'F' -> CIFAR10 | Predict: 'bird' (Ent: 1.57)
  ⚠️ [Mismatch] Cycle Back predicted '8' (Expected 'F') (Ent: 2.84)
EMNIST:'G' -> CIFAR10 | Predict: 'bird' (Ent: 1.57)
  ⚠️ [Mismatch] Cycle Back predicted '8' (Expected 'G') (Ent: 2.85)
EMNIST:'H' -> CIFAR10 | Predict: 'bird' (Ent: 1.63)
  ⚠️ [Mismatch] Cycle Back predicted '8' (Expected 'H') (Ent: 2.88)
EMNIST:'I' -> CIFAR10 | Predict: 'bird' (Ent: 1.62)
  ⚠️ [Mismatch] Cycle Back predicted '8' (Expected 'I') (Ent: 2.88)
EMNIST:'J' -> CIFAR10 | Predict: 'bird' (Ent: 1.63)
  ⚠️ [Mismatch] Cycle Back predicted '8' (Expected 'J') (Ent: 2.79)
EMNIST:'K' -> CIFAR10 | Predict: 'bird' (Ent: 1.61)
  ⚠️ [Mismatch] Cycle Back predicted '8' (Expected 'K') (Ent: 2.82)
EMNIST:'L' -> CIFAR10 | Predict: 'bird' (Ent: 1.55)
  ⚠️ [Mismatch] Cycle Back predicted '8' (Expected 'L') (Ent: 2.80)
EMNIST:'M' -> CIFAR10 | Predict: 'bird' (Ent: 1.56)
  ⚠️ [Mismatch] Cycle Back predicted '8' (Expected 'M') (Ent: 2.81)
EMNIST:'N' -> CIFAR10 | Predict: 'bird' (Ent: 1.62)
  ⚠️ [Mismatch] Cycle Back predicted '8' (Expected 'N') (Ent: 2.82)
EMNIST:'O' -> CIFAR10 | Predict: 'bird' (Ent: 1.61)
  ⚠️ [Mismatch] Cycle Back predicted '8' (Expected 'O') (Ent: 2.81)
EMNIST:'P' -> CIFAR10 | Predict: 'bird' (Ent: 1.57)
  ⚠️ [Mismatch] Cycle Back predicted '8' (Expected 'P') (Ent: 2.85)
EMNIST:'Q' -> CIFAR10 | Predict: 'bird' (Ent: 1.63)
  ⚠️ [Mismatch] Cycle Back predicted '8' (Expected 'Q') (Ent: 2.80)
EMNIST:'R' -> CIFAR10 | Predict: 'bird' (Ent: 1.61)
  ⚠️ [Mismatch] Cycle Back predicted '8' (Expected 'R') (Ent: 2.86)
EMNIST:'S' -> CIFAR10 | Predict: 'bird' (Ent: 1.61)
  ⚠️ [Mismatch] Cycle Back predicted '8' (Expected 'S') (Ent: 2.82)
EMNIST:'T' -> CIFAR10 | Predict: 'bird' (Ent: 1.64)
  ⚠️ [Mismatch] Cycle Back predicted '8' (Expected 'T') (Ent: 2.86)
EMNIST:'U' -> CIFAR10 | Predict: 'bird' (Ent: 1.61)
  ⚠️ [Mismatch] Cycle Back predicted '8' (Expected 'U') (Ent: 2.85)
EMNIST:'V' -> CIFAR10 | Predict: 'bird' (Ent: 1.59)
  ⚠️ [Mismatch] Cycle Back predicted '8' (Expected 'V') (Ent: 2.82)
EMNIST:'W' -> CIFAR10 | Predict: 'bird' (Ent: 1.64)
  ⚠️ [Mismatch] Cycle Back predicted '8' (Expected 'W') (Ent: 2.84)
EMNIST:'X' -> CIFAR10 | Predict: 'bird' (Ent: 1.62)
  ⚠️ [Mismatch] Cycle Back predicted '8' (Expected 'X') (Ent: 2.84)
EMNIST:'Y' -> CIFAR10 | Predict: 'bird' (Ent: 1.63)
  ⚠️ [Mismatch] Cycle Back predicted '8' (Expected 'Y') (Ent: 2.77)
EMNIST:'Z' -> CIFAR10 | Predict: 'bird' (Ent: 1.60)
  ⚠️ [Mismatch] Cycle Back predicted '8' (Expected 'Z') (Ent: 2.77)
EMNIST:'a' -> CIFAR10 | Predict: 'bird' (Ent: 1.62)
  ⚠️ [Mismatch] Cycle Back predicted '8' (Expected 'a') (Ent: 2.78)
EMNIST:'b' -> CIFAR10 | Predict: 'bird' (Ent: 1.59)
  ⚠️ [Mismatch] Cycle Back predicted '8' (Expected 'b') (Ent: 2.82)
EMNIST:'c' -> CIFAR10 | Predict: 'bird' (Ent: 1.59)
  ⚠️ [Mismatch] Cycle Back predicted '8' (Expected 'c') (Ent: 2.84)
EMNIST:'d' -> CIFAR10 | Predict: 'bird' (Ent: 1.54)
  ⚠️ [Mismatch] Cycle Back predicted '8' (Expected 'd') (Ent: 2.78)
EMNIST:'e' -> CIFAR10 | Predict: 'bird' (Ent: 1.62)
  ⚠️ [Mismatch] Cycle Back predicted '8' (Expected 'e') (Ent: 2.80)
EMNIST:'f' -> CIFAR10 | Predict: 'bird' (Ent: 1.60)
  ⚠️ [Mismatch] Cycle Back predicted '8' (Expected 'f') (Ent: 2.83)
EMNIST:'g' -> CIFAR10 | Predict: 'bird' (Ent: 1.65)
  ⚠️ [Mismatch] Cycle Back predicted '8' (Expected 'g') (Ent: 2.83)
EMNIST:'h' -> CIFAR10 | Predict: 'bird' (Ent: 1.62)
  ⚠️ [Mismatch] Cycle Back predicted '8' (Expected 'h') (Ent: 2.82)
EMNIST:'i' -> CIFAR10 | Predict: 'bird' (Ent: 1.64)
  ⚠️ [Mismatch] Cycle Back predicted '8' (Expected 'i') (Ent: 2.81)
EMNIST:'j' -> CIFAR10 | Predict: 'bird' (Ent: 1.74)
  ⚠️ [Mismatch] Cycle Back predicted '8' (Expected 'j') (Ent: 2.82)
EMNIST:'k' -> CIFAR10 | Predict: 'bird' (Ent: 1.65)
  ⚠️ [Mismatch] Cycle Back predicted '8' (Expected 'k') (Ent: 2.82)
EMNIST:'l' -> CIFAR10 | Predict: 'bird' (Ent: 1.63)
  ⚠️ [Mismatch] Cycle Back predicted '8' (Expected 'l') (Ent: 2.82)
EMNIST:'m' -> CIFAR10 | Predict: 'bird' (Ent: 1.59)
  ⚠️ [Mismatch] Cycle Back predicted '8' (Expected 'm') (Ent: 2.81)
EMNIST:'n' -> CIFAR10 | Predict: 'bird' (Ent: 1.60)
  ⚠️ [Mismatch] Cycle Back predicted '8' (Expected 'n') (Ent: 2.81)
EMNIST:'o' -> CIFAR10 | Predict: 'bird' (Ent: 1.60)
  ⚠️ [Mismatch] Cycle Back predicted '8' (Expected 'o') (Ent: 2.81)
EMNIST:'p' -> CIFAR10 | Predict: 'bird' (Ent: 1.75)
  ⚠️ [Mismatch] Cycle Back predicted '8' (Expected 'p') (Ent: 2.81)
EMNIST:'q' -> CIFAR10 | Predict: 'bird' (Ent: 1.69)
  ⚠️ [Mismatch] Cycle Back predicted '8' (Expected 'q') (Ent: 2.84)
EMNIST:'r' -> CIFAR10 | Predict: 'bird' (Ent: 1.61)
  ⚠️ [Mismatch] Cycle Back predicted '8' (Expected 'r') (Ent: 2.82)
EMNIST:'s' -> CIFAR10 | Predict: 'bird' (Ent: 1.62)
  ⚠️ [Mismatch] Cycle Back predicted '8' (Expected 's') (Ent: 2.80)
EMNIST:'t' -> CIFAR10 | Predict: 'bird' (Ent: 1.68)
  ⚠️ [Mismatch] Cycle Back predicted '8' (Expected 't') (Ent: 2.83)
EMNIST:'u' -> CIFAR10 | Predict: 'bird' (Ent: 1.62)
  ⚠️ [Mismatch] Cycle Back predicted '8' (Expected 'u') (Ent: 2.86)
EMNIST:'v' -> CIFAR10 | Predict: 'bird' (Ent: 1.57)
  ⚠️ [Mismatch] Cycle Back predicted '8' (Expected 'v') (Ent: 2.82)
EMNIST:'w' -> CIFAR10 | Predict: 'bird' (Ent: 1.62)
  ⚠️ [Mismatch] Cycle Back predicted '8' (Expected 'w') (Ent: 2.84)
EMNIST:'x' -> CIFAR10 | Predict: 'bird' (Ent: 1.55)
  ⚠️ [Mismatch] Cycle Back predicted '8' (Expected 'x') (Ent: 2.82)
EMNIST:'y' -> CIFAR10 | Predict: 'bird' (Ent: 1.59)
  ⚠️ [Mismatch] Cycle Back predicted '8' (Expected 'y') (Ent: 2.85)
EMNIST:'z' -> CIFAR10 | Predict: 'bird' (Ent: 1.59)
  ⚠️ [Mismatch] Cycle Back predicted '8' (Expected 'z') (Ent: 2.83)
CIFAR10:'airplane' -> MNIST | Predict: '8' (Ent: 1.91)
  ⚠️ [Mismatch] Cycle Back predicted 'truck' (Expected 'airplane') (Ent: 2.05)
CIFAR10:'bird' -> MNIST | Predict: '8' (Ent: 1.88)
  ⚠️ [Mismatch] Cycle Back predicted 'truck' (Expected 'bird') (Ent: 2.04)
CIFAR10:'cat' -> MNIST | Predict: '8' (Ent: 1.92)
  ⚠️ [Mismatch] Cycle Back predicted 'dog' (Expected 'cat') (Ent: 2.04)
CIFAR10:'deer' -> MNIST | Predict: '8' (Ent: 1.92)
  ⚠️ [Mismatch] Cycle Back predicted 'dog' (Expected 'deer') (Ent: 2.08)
CIFAR10:'dog' -> MNIST | Predict: '8' (Ent: 1.91)
  ⚠️ [Mismatch] Cycle Back predicted 'truck' (Expected 'dog') (Ent: 2.03)
CIFAR10:'frog' -> MNIST | Predict: '8' (Ent: 1.90)
  ⚠️ [Mismatch] Cycle Back predicted 'automobile' (Expected 'frog') (Ent: 2.04)
CIFAR10:'horse' -> MNIST | Predict: '8' (Ent: 1.92)
  ⚠️ [Mismatch] Cycle Back predicted 'truck' (Expected 'horse') (Ent: 2.05)
CIFAR10:'ship' -> MNIST | Predict: '8' (Ent: 1.92)
  ⚠️ [Mismatch] Cycle Back predicted 'truck' (Expected 'ship') (Ent: 2.04)
CIFAR10:'airplane' -> EMNIST | Predict: '0' (Ent: 2.87)
  ⚠️ [Mismatch] Cycle Back predicted 'bird' (Expected 'airplane') (Ent: 1.61)
CIFAR10:'automobile' -> EMNIST | Predict: '0' (Ent: 2.92)
  ⚠️ [Mismatch] Cycle Back predicted 'bird' (Expected 'automobile') (Ent: 1.61)
CIFAR10:'cat' -> EMNIST | Predict: '0' (Ent: 2.99)
  ⚠️ [Mismatch] Cycle Back predicted 'bird' (Expected 'cat') (Ent: 1.60)
CIFAR10:'deer' -> EMNIST | Predict: '8' (Ent: 2.82)
  ⚠️ [Mismatch] Cycle Back predicted 'bird' (Expected 'deer') (Ent: 1.56)
CIFAR10:'dog' -> EMNIST | Predict: '8' (Ent: 2.82)
  ⚠️ [Mismatch] Cycle Back predicted 'bird' (Expected 'dog') (Ent: 1.57)
CIFAR10:'frog' -> EMNIST | Predict: '0' (Ent: 2.88)
  ⚠️ [Mismatch] Cycle Back predicted 'bird' (Expected 'frog') (Ent: 1.62)
CIFAR10:'horse' -> EMNIST | Predict: '8' (Ent: 2.80)
  ⚠️ [Mismatch] Cycle Back predicted 'bird' (Expected 'horse') (Ent: 1.57)
CIFAR10:'ship' -> EMNIST | Predict: '8' (Ent: 2.86)
  ⚠️ [Mismatch] Cycle Back predicted 'bird' (Expected 'ship') (Ent: 1.57)
CIFAR10:'truck' -> EMNIST | Predict: '0' (Ent: 2.86)
  ⚠️ [Mismatch] Cycle Back predicted 'bird' (Expected 'truck') (Ent: 1.61)
Exp: Old Gen + New Ent (0.1)
dynamic_entropy_ratio: 0.1
MNIST:'0' -> EMNIST ❌ (Uncertain)
MNIST:'1' -> EMNIST ❌ (Uncertain)
MNIST:'2' -> EMNIST ❌ (Uncertain)
MNIST:'3' -> EMNIST ❌ (Uncertain)
MNIST:'4' -> EMNIST ❌ (Uncertain)
MNIST:'5' -> EMNIST ❌ (Uncertain)
MNIST:'6' -> EMNIST ❌ (Uncertain)
MNIST:'7' -> EMNIST ❌ (Uncertain)
MNIST:'8' -> EMNIST ❌ (Uncertain)
MNIST:'9' -> EMNIST ❌ (Uncertain)
MNIST:'0' -> CIFAR10 ❌ (Uncertain)
MNIST:'1' -> CIFAR10 ❌ (Uncertain)
MNIST:'2' -> CIFAR10 ❌ (Uncertain)
MNIST:'3' -> CIFAR10 ❌ (Uncertain)
MNIST:'4' -> CIFAR10 ❌ (Uncertain)
MNIST:'5' -> CIFAR10 ❌ (Uncertain)
MNIST:'6' -> CIFAR10 ❌ (Uncertain)
MNIST:'7' -> CIFAR10 ❌ (Uncertain)
MNIST:'8' -> CIFAR10 ❌ (Uncertain)
MNIST:'9' -> CIFAR10 ❌ (Uncertain)
EMNIST:'0' -> MNIST ❌ (Uncertain)
EMNIST:'1' -> MNIST ❌ (Uncertain)
EMNIST:'2' -> MNIST ❌ (Uncertain)
EMNIST:'3' -> MNIST ❌ (Uncertain)
EMNIST:'4' -> MNIST ❌ (Uncertain)
EMNIST:'5' -> MNIST ❌ (Uncertain)
EMNIST:'6' -> MNIST ❌ (Uncertain)
EMNIST:'7' -> MNIST ❌ (Uncertain)
EMNIST:'8' -> MNIST ❌ (Uncertain)
EMNIST:'9' -> MNIST ❌ (Uncertain)
EMNIST:'A' -> MNIST ❌ (Uncertain)
EMNIST:'B' -> MNIST ❌ (Uncertain)
EMNIST:'C' -> MNIST ❌ (Uncertain)
EMNIST:'D' -> MNIST ❌ (Uncertain)
EMNIST:'E' -> MNIST ❌ (Uncertain)
EMNIST:'F' -> MNIST ❌ (Uncertain)
EMNIST:'G' -> MNIST ❌ (Uncertain)
EMNIST:'H' -> MNIST ❌ (Uncertain)
EMNIST:'I' -> MNIST ❌ (Uncertain)
EMNIST:'J' -> MNIST ❌ (Uncertain)
EMNIST:'K' -> MNIST ❌ (Uncertain)
EMNIST:'L' -> MNIST ❌ (Uncertain)
EMNIST:'M' -> MNIST ❌ (Uncertain)
EMNIST:'N' -> MNIST ❌ (Uncertain)
EMNIST:'O' -> MNIST ❌ (Uncertain)
EMNIST:'P' -> MNIST ❌ (Uncertain)
EMNIST:'Q' -> MNIST ❌ (Uncertain)
EMNIST:'R' -> MNIST ❌ (Uncertain)
EMNIST:'S' -> MNIST ❌ (Uncertain)
EMNIST:'T' -> MNIST ❌ (Uncertain)
EMNIST:'U' -> MNIST ❌ (Uncertain)
EMNIST:'V' -> MNIST ❌ (Uncertain)
EMNIST:'W' -> MNIST ❌ (Uncertain)
EMNIST:'X' -> MNIST ❌ (Uncertain)
EMNIST:'Y' -> MNIST ❌ (Uncertain)
EMNIST:'Z' -> MNIST ❌ (Uncertain)
EMNIST:'a' -> MNIST ❌ (Uncertain)
EMNIST:'b' -> MNIST ❌ (Uncertain)
EMNIST:'c' -> MNIST ❌ (Uncertain)
EMNIST:'d' -> MNIST ❌ (Uncertain)
EMNIST:'e' -> MNIST ❌ (Uncertain)
EMNIST:'f' -> MNIST ❌ (Uncertain)
EMNIST:'g' -> MNIST ❌ (Uncertain)
EMNIST:'h' -> MNIST ❌ (Uncertain)
EMNIST:'i' -> MNIST ❌ (Uncertain)
EMNIST:'j' -> MNIST ❌ (Uncertain)
EMNIST:'k' -> MNIST ❌ (Uncertain)
EMNIST:'l' -> MNIST ❌ (Uncertain)
EMNIST:'m' -> MNIST ❌ (Uncertain)
EMNIST:'n' -> MNIST ❌ (Uncertain)
EMNIST:'o' -> MNIST ❌ (Uncertain)
EMNIST:'p' -> MNIST ❌ (Uncertain)
EMNIST:'q' -> MNIST ❌ (Uncertain)
EMNIST:'r' -> MNIST ❌ (Uncertain)
EMNIST:'s' -> MNIST ❌ (Uncertain)
EMNIST:'t' -> MNIST ❌ (Uncertain)
EMNIST:'u' -> MNIST ❌ (Uncertain)
EMNIST:'v' -> MNIST ❌ (Uncertain)
EMNIST:'w' -> MNIST ❌ (Uncertain)
EMNIST:'x' -> MNIST ❌ (Uncertain)
EMNIST:'y' -> MNIST ❌ (Uncertain)
EMNIST:'z' -> MNIST ❌ (Uncertain)
EMNIST:'0' -> CIFAR10 ❌ (Uncertain)
EMNIST:'1' -> CIFAR10 ❌ (Uncertain)
EMNIST:'2' -> CIFAR10 ❌ (Uncertain)
EMNIST:'3' -> CIFAR10 ❌ (Uncertain)
EMNIST:'4' -> CIFAR10 ❌ (Uncertain)
EMNIST:'5' -> CIFAR10 ❌ (Uncertain)
EMNIST:'6' -> CIFAR10 ❌ (Uncertain)
EMNIST:'7' -> CIFAR10 ❌ (Uncertain)
EMNIST:'8' -> CIFAR10 ❌ (Uncertain)
EMNIST:'9' -> CIFAR10 ❌ (Uncertain)
EMNIST:'A' -> CIFAR10 ❌ (Uncertain)
EMNIST:'B' -> CIFAR10 ❌ (Uncertain)
EMNIST:'C' -> CIFAR10 ❌ (Uncertain)
EMNIST:'D' -> CIFAR10 ❌ (Uncertain)
EMNIST:'E' -> CIFAR10 ❌ (Uncertain)
EMNIST:'F' -> CIFAR10 ❌ (Uncertain)
EMNIST:'G' -> CIFAR10 | Predict: 'bird' (Ent: 0.01)
EMNIST:'H' -> CIFAR10 ❌ (Uncertain)
EMNIST:'I' -> CIFAR10 ❌ (Uncertain)
EMNIST:'J' -> CIFAR10 ❌ (Uncertain)
EMNIST:'K' -> CIFAR10 ❌ (Uncertain)
EMNIST:'L' -> CIFAR10 ❌ (Uncertain)
EMNIST:'M' -> CIFAR10 ❌ (Uncertain)
EMNIST:'N' -> CIFAR10 ❌ (Uncertain)
EMNIST:'O' -> CIFAR10 ❌ (Uncertain)
EMNIST:'P' -> CIFAR10 ❌ (Uncertain)
EMNIST:'Q' -> CIFAR10 ❌ (Uncertain)
EMNIST:'R' -> CIFAR10 ❌ (Uncertain)
EMNIST:'S' -> CIFAR10 ❌ (Uncertain)
EMNIST:'T' -> CIFAR10 ❌ (Uncertain)
EMNIST:'U' -> CIFAR10 ❌ (Uncertain)
EMNIST:'V' -> CIFAR10 ❌ (Uncertain)
EMNIST:'W' -> CIFAR10 | Predict: 'bird' (Ent: 0.02)
EMNIST:'X' -> CIFAR10 ❌ (Uncertain)
EMNIST:'Y' -> CIFAR10 ❌ (Uncertain)
EMNIST:'Z' -> CIFAR10 ❌ (Uncertain)
EMNIST:'a' -> CIFAR10 ❌ (Uncertain)
EMNIST:'b' -> CIFAR10 ❌ (Uncertain)
EMNIST:'c' -> CIFAR10 ❌ (Uncertain)
EMNIST:'d' -> CIFAR10 | Predict: 'bird' (Ent: 0.00)
EMNIST:'e' -> CIFAR10 ❌ (Uncertain)
EMNIST:'f' -> CIFAR10 ❌ (Uncertain)
EMNIST:'g' -> CIFAR10 ❌ (Uncertain)
EMNIST:'h' -> CIFAR10 | Predict: 'bird' (Ent: 0.01)
EMNIST:'i' -> CIFAR10 ❌ (Uncertain)
EMNIST:'j' -> CIFAR10 | Predict: 'bird' (Ent: 0.00)
EMNIST:'k' -> CIFAR10 ❌ (Uncertain)
EMNIST:'l' -> CIFAR10 | Predict: 'bird' (Ent: 0.02)
EMNIST:'m' -> CIFAR10 | Predict: 'bird' (Ent: 0.01)
EMNIST:'n' -> CIFAR10 ❌ (Uncertain)
EMNIST:'o' -> CIFAR10 ❌ (Uncertain)
EMNIST:'p' -> CIFAR10 | Predict: 'bird' (Ent: 0.00)
EMNIST:'q' -> CIFAR10 ❌ (Uncertain)
EMNIST:'r' -> CIFAR10 ❌ (Uncertain)
EMNIST:'s' -> CIFAR10 ❌ (Uncertain)
EMNIST:'t' -> CIFAR10 ❌ (Uncertain)
EMNIST:'u' -> CIFAR10 ❌ (Uncertain)
EMNIST:'v' -> CIFAR10 ❌ (Uncertain)
EMNIST:'w' -> CIFAR10 ❌ (Uncertain)
EMNIST:'x' -> CIFAR10 ❌ (Uncertain)
EMNIST:'y' -> CIFAR10 ❌ (Uncertain)
EMNIST:'z' -> CIFAR10 | Predict: 'bird' (Ent: 0.11)
CIFAR10:'airplane' -> MNIST ❌ (Uncertain)
CIFAR10:'automobile' -> MNIST ❌ (Uncertain)
CIFAR10:'bird' -> MNIST ❌ (Uncertain)
CIFAR10:'cat' -> MNIST ❌ (Uncertain)
CIFAR10:'deer' -> MNIST ❌ (Uncertain)
CIFAR10:'dog' -> MNIST ❌ (Uncertain)
CIFAR10:'frog' -> MNIST ❌ (Uncertain)
CIFAR10:'horse' -> MNIST ❌ (Uncertain)
CIFAR10:'ship' -> MNIST ❌ (Uncertain)
CIFAR10:'truck' -> MNIST ❌ (Uncertain)
CIFAR10:'airplane' -> EMNIST ❌ (Uncertain)
CIFAR10:'automobile' -> EMNIST ❌ (Uncertain)
CIFAR10:'cat' -> EMNIST ❌ (Uncertain)
CIFAR10:'deer' -> EMNIST ❌ (Uncertain)
CIFAR10:'dog' -> EMNIST ❌ (Uncertain)
CIFAR10:'frog' -> EMNIST ❌ (Uncertain)
CIFAR10:'horse' -> EMNIST ❌ (Uncertain)
CIFAR10:'ship' -> EMNIST ❌ (Uncertain)
CIFAR10:'truck' -> EMNIST ❌ (Uncertain)
Exp: Old Gen + New Ent (0.15)
dynamic_entropy_ratio: 0.15
MNIST:'0' -> EMNIST ❌ (Uncertain)
MNIST:'1' -> EMNIST ❌ (Uncertain)
MNIST:'2' -> EMNIST ❌ (Uncertain)
MNIST:'3' -> EMNIST ❌ (Uncertain)
MNIST:'4' -> EMNIST ❌ (Uncertain)
MNIST:'5' -> EMNIST ❌ (Uncertain)
MNIST:'6' -> EMNIST ❌ (Uncertain)
MNIST:'7' -> EMNIST ❌ (Uncertain)
MNIST:'8' -> EMNIST ❌ (Uncertain)
MNIST:'9' -> EMNIST ❌ (Uncertain)
MNIST:'0' -> CIFAR10 ❌ (Uncertain)
MNIST:'1' -> CIFAR10 ❌ (Uncertain)
MNIST:'2' -> CIFAR10 ❌ (Uncertain)
MNIST:'3' -> CIFAR10 ❌ (Uncertain)
MNIST:'4' -> CIFAR10 ❌ (Uncertain)
MNIST:'5' -> CIFAR10 ❌ (Uncertain)
MNIST:'6' -> CIFAR10 ❌ (Uncertain)
MNIST:'7' -> CIFAR10 ❌ (Uncertain)
MNIST:'8' -> CIFAR10 ❌ (Uncertain)
MNIST:'9' -> CIFAR10 ❌ (Uncertain)
EMNIST:'0' -> MNIST ❌ (Uncertain)
EMNIST:'1' -> MNIST ❌ (Uncertain)
EMNIST:'2' -> MNIST ❌ (Uncertain)
EMNIST:'3' -> MNIST ❌ (Uncertain)
EMNIST:'4' -> MNIST ❌ (Uncertain)
EMNIST:'5' -> MNIST ❌ (Uncertain)
EMNIST:'6' -> MNIST ❌ (Uncertain)
EMNIST:'7' -> MNIST ❌ (Uncertain)
EMNIST:'8' -> MNIST ❌ (Uncertain)
EMNIST:'9' -> MNIST ❌ (Uncertain)
EMNIST:'A' -> MNIST ❌ (Uncertain)
EMNIST:'B' -> MNIST ❌ (Uncertain)
EMNIST:'C' -> MNIST ❌ (Uncertain)
EMNIST:'D' -> MNIST ❌ (Uncertain)
EMNIST:'E' -> MNIST ❌ (Uncertain)
EMNIST:'F' -> MNIST ❌ (Uncertain)
EMNIST:'G' -> MNIST ❌ (Uncertain)
EMNIST:'H' -> MNIST ❌ (Uncertain)
EMNIST:'I' -> MNIST ❌ (Uncertain)
EMNIST:'J' -> MNIST ❌ (Uncertain)
EMNIST:'K' -> MNIST ❌ (Uncertain)
EMNIST:'L' -> MNIST ❌ (Uncertain)
EMNIST:'M' -> MNIST ❌ (Uncertain)
EMNIST:'N' -> MNIST ❌ (Uncertain)
EMNIST:'O' -> MNIST ❌ (Uncertain)
EMNIST:'P' -> MNIST ❌ (Uncertain)
EMNIST:'Q' -> MNIST ❌ (Uncertain)
EMNIST:'R' -> MNIST ❌ (Uncertain)
EMNIST:'S' -> MNIST ❌ (Uncertain)
EMNIST:'T' -> MNIST ❌ (Uncertain)
EMNIST:'U' -> MNIST ❌ (Uncertain)
EMNIST:'V' -> MNIST ❌ (Uncertain)
EMNIST:'W' -> MNIST ❌ (Uncertain)
EMNIST:'X' -> MNIST ❌ (Uncertain)
EMNIST:'Y' -> MNIST ❌ (Uncertain)
EMNIST:'Z' -> MNIST ❌ (Uncertain)
EMNIST:'a' -> MNIST ❌ (Uncertain)
EMNIST:'b' -> MNIST ❌ (Uncertain)
EMNIST:'c' -> MNIST ❌ (Uncertain)
EMNIST:'d' -> MNIST ❌ (Uncertain)
EMNIST:'e' -> MNIST ❌ (Uncertain)
EMNIST:'f' -> MNIST ❌ (Uncertain)
EMNIST:'g' -> MNIST ❌ (Uncertain)
EMNIST:'h' -> MNIST ❌ (Uncertain)
EMNIST:'i' -> MNIST ❌ (Uncertain)
EMNIST:'j' -> MNIST ❌ (Uncertain)
EMNIST:'k' -> MNIST ❌ (Uncertain)
EMNIST:'l' -> MNIST ❌ (Uncertain)
EMNIST:'m' -> MNIST ❌ (Uncertain)
EMNIST:'n' -> MNIST ❌ (Uncertain)
EMNIST:'o' -> MNIST ❌ (Uncertain)
EMNIST:'p' -> MNIST ❌ (Uncertain)
EMNIST:'q' -> MNIST ❌ (Uncertain)
EMNIST:'r' -> MNIST ❌ (Uncertain)
EMNIST:'s' -> MNIST ❌ (Uncertain)
EMNIST:'t' -> MNIST ❌ (Uncertain)
EMNIST:'u' -> MNIST ❌ (Uncertain)
EMNIST:'v' -> MNIST ❌ (Uncertain)
EMNIST:'w' -> MNIST ❌ (Uncertain)
EMNIST:'x' -> MNIST ❌ (Uncertain)
EMNIST:'y' -> MNIST ❌ (Uncertain)
EMNIST:'z' -> MNIST ❌ (Uncertain)
EMNIST:'0' -> CIFAR10 ❌ (Uncertain)
EMNIST:'1' -> CIFAR10 ❌ (Uncertain)
EMNIST:'2' -> CIFAR10 ❌ (Uncertain)
EMNIST:'3' -> CIFAR10 ❌ (Uncertain)
EMNIST:'4' -> CIFAR10 ❌ (Uncertain)
EMNIST:'5' -> CIFAR10 ❌ (Uncertain)
EMNIST:'6' -> CIFAR10 ❌ (Uncertain)
EMNIST:'7' -> CIFAR10 ❌ (Uncertain)
EMNIST:'8' -> CIFAR10 ❌ (Uncertain)
EMNIST:'9' -> CIFAR10 ❌ (Uncertain)
EMNIST:'A' -> CIFAR10 ❌ (Uncertain)
EMNIST:'B' -> CIFAR10 ❌ (Uncertain)
EMNIST:'C' -> CIFAR10 ❌ (Uncertain)
EMNIST:'D' -> CIFAR10 ❌ (Uncertain)
EMNIST:'E' -> CIFAR10 ❌ (Uncertain)
EMNIST:'F' -> CIFAR10 ❌ (Uncertain)
EMNIST:'G' -> CIFAR10 ❌ (Uncertain)
EMNIST:'H' -> CIFAR10 ❌ (Uncertain)
EMNIST:'I' -> CIFAR10 ❌ (Uncertain)
EMNIST:'J' -> CIFAR10 ❌ (Uncertain)
EMNIST:'K' -> CIFAR10 ❌ (Uncertain)
EMNIST:'L' -> CIFAR10 ❌ (Uncertain)
EMNIST:'M' -> CIFAR10 ❌ (Uncertain)
EMNIST:'N' -> CIFAR10 ❌ (Uncertain)
EMNIST:'O' -> CIFAR10 ❌ (Uncertain)
EMNIST:'P' -> CIFAR10 ❌ (Uncertain)
EMNIST:'Q' -> CIFAR10 ❌ (Uncertain)
EMNIST:'R' -> CIFAR10 ❌ (Uncertain)
EMNIST:'S' -> CIFAR10 ❌ (Uncertain)
EMNIST:'T' -> CIFAR10 ❌ (Uncertain)
EMNIST:'U' -> CIFAR10 ❌ (Uncertain)
EMNIST:'V' -> CIFAR10 ❌ (Uncertain)
EMNIST:'W' -> CIFAR10 ❌ (Uncertain)
EMNIST:'X' -> CIFAR10 ❌ (Uncertain)
EMNIST:'Y' -> CIFAR10 ❌ (Uncertain)
EMNIST:'Z' -> CIFAR10 ❌ (Uncertain)
EMNIST:'a' -> CIFAR10 ❌ (Uncertain)
EMNIST:'b' -> CIFAR10 ❌ (Uncertain)
EMNIST:'c' -> CIFAR10 ❌ (Uncertain)
EMNIST:'d' -> CIFAR10 | Predict: 'bird' (Ent: 0.13)
EMNIST:'e' -> CIFAR10 ❌ (Uncertain)
EMNIST:'f' -> CIFAR10 ❌ (Uncertain)
EMNIST:'g' -> CIFAR10 ❌ (Uncertain)
EMNIST:'h' -> CIFAR10 ❌ (Uncertain)
EMNIST:'i' -> CIFAR10 ❌ (Uncertain)
EMNIST:'j' -> CIFAR10 ❌ (Uncertain)
EMNIST:'k' -> CIFAR10 ❌ (Uncertain)
EMNIST:'l' -> CIFAR10 ❌ (Uncertain)
EMNIST:'m' -> CIFAR10 ❌ (Uncertain)
EMNIST:'n' -> CIFAR10 ❌ (Uncertain)
EMNIST:'o' -> CIFAR10 ❌ (Uncertain)
EMNIST:'p' -> CIFAR10 | Predict: 'bird' (Ent: 0.19)
EMNIST:'q' -> CIFAR10 ❌ (Uncertain)
EMNIST:'r' -> CIFAR10 ❌ (Uncertain)
EMNIST:'s' -> CIFAR10 ❌ (Uncertain)
EMNIST:'t' -> CIFAR10 ❌ (Uncertain)
EMNIST:'u' -> CIFAR10 ❌ (Uncertain)
EMNIST:'v' -> CIFAR10 ❌ (Uncertain)
EMNIST:'w' -> CIFAR10 ❌ (Uncertain)
EMNIST:'x' -> CIFAR10 ❌ (Uncertain)
EMNIST:'y' -> CIFAR10 ❌ (Uncertain)
EMNIST:'z' -> CIFAR10 | Predict: 'bird' (Ent: 0.04)
CIFAR10:'airplane' -> MNIST ❌ (Uncertain)
CIFAR10:'automobile' -> MNIST ❌ (Uncertain)
CIFAR10:'bird' -> MNIST ❌ (Uncertain)
CIFAR10:'cat' -> MNIST ❌ (Uncertain)
CIFAR10:'deer' -> MNIST ❌ (Uncertain)
CIFAR10:'dog' -> MNIST ❌ (Uncertain)
CIFAR10:'frog' -> MNIST ❌ (Uncertain)
CIFAR10:'horse' -> MNIST ❌ (Uncertain)
CIFAR10:'ship' -> MNIST ❌ (Uncertain)
CIFAR10:'truck' -> MNIST ❌ (Uncertain)
CIFAR10:'airplane' -> EMNIST ❌ (Uncertain)
CIFAR10:'automobile' -> EMNIST ❌ (Uncertain)
CIFAR10:'cat' -> EMNIST ❌ (Uncertain)
CIFAR10:'deer' -> EMNIST ❌ (Uncertain)
CIFAR10:'dog' -> EMNIST ❌ (Uncertain)
CIFAR10:'frog' -> EMNIST ❌ (Uncertain)
CIFAR10:'horse' -> EMNIST ❌ (Uncertain)
CIFAR10:'ship' -> EMNIST ❌ (Uncertain)
CIFAR10:'truck' -> EMNIST ❌ (Uncertain)
Exp: Old Gen + New Ent (0.2)
dynamic_entropy_ratio: 0.2
MNIST:'0' -> EMNIST ❌ (Uncertain)
MNIST:'1' -> EMNIST | Predict: 'a' (Ent: 0.82)
MNIST:'2' -> EMNIST ❌ (Uncertain)
MNIST:'3' -> EMNIST ❌ (Uncertain)
MNIST:'4' -> EMNIST ❌ (Uncertain)
MNIST:'5' -> EMNIST ❌ (Uncertain)
MNIST:'6' -> EMNIST ❌ (Uncertain)
MNIST:'7' -> EMNIST ❌ (Uncertain)
MNIST:'8' -> EMNIST ❌ (Uncertain)
MNIST:'9' -> EMNIST ❌ (Uncertain)
MNIST:'0' -> CIFAR10 ❌ (Uncertain)
MNIST:'1' -> CIFAR10 ❌ (Uncertain)
MNIST:'2' -> CIFAR10 ❌ (Uncertain)
MNIST:'3' -> CIFAR10 ❌ (Uncertain)
MNIST:'4' -> CIFAR10 ❌ (Uncertain)
MNIST:'5' -> CIFAR10 ❌ (Uncertain)
MNIST:'6' -> CIFAR10 ❌ (Uncertain)
MNIST:'7' -> CIFAR10 ❌ (Uncertain)
MNIST:'8' -> CIFAR10 ❌ (Uncertain)
MNIST:'9' -> CIFAR10 | Predict: 'automobile' (Ent: 0.42)
EMNIST:'0' -> MNIST ❌ (Uncertain)
EMNIST:'1' -> MNIST ❌ (Uncertain)
EMNIST:'2' -> MNIST ❌ (Uncertain)
EMNIST:'3' -> MNIST ❌ (Uncertain)
EMNIST:'4' -> MNIST ❌ (Uncertain)
EMNIST:'5' -> MNIST ❌ (Uncertain)
EMNIST:'6' -> MNIST ❌ (Uncertain)
EMNIST:'7' -> MNIST ❌ (Uncertain)
EMNIST:'8' -> MNIST ❌ (Uncertain)
EMNIST:'9' -> MNIST ❌ (Uncertain)
EMNIST:'A' -> MNIST ❌ (Uncertain)
EMNIST:'B' -> MNIST ❌ (Uncertain)
EMNIST:'C' -> MNIST ❌ (Uncertain)
EMNIST:'D' -> MNIST ❌ (Uncertain)
EMNIST:'E' -> MNIST ❌ (Uncertain)
EMNIST:'F' -> MNIST ❌ (Uncertain)
EMNIST:'G' -> MNIST ❌ (Uncertain)
EMNIST:'H' -> MNIST ❌ (Uncertain)
EMNIST:'I' -> MNIST ❌ (Uncertain)
EMNIST:'J' -> MNIST ❌ (Uncertain)
EMNIST:'K' -> MNIST ❌ (Uncertain)
EMNIST:'L' -> MNIST ❌ (Uncertain)
EMNIST:'M' -> MNIST ❌ (Uncertain)
EMNIST:'N' -> MNIST ❌ (Uncertain)
EMNIST:'O' -> MNIST ❌ (Uncertain)
EMNIST:'P' -> MNIST ❌ (Uncertain)
EMNIST:'Q' -> MNIST ❌ (Uncertain)
EMNIST:'R' -> MNIST ❌ (Uncertain)
EMNIST:'S' -> MNIST ❌ (Uncertain)
EMNIST:'T' -> MNIST ❌ (Uncertain)
EMNIST:'U' -> MNIST ❌ (Uncertain)
EMNIST:'V' -> MNIST ❌ (Uncertain)
EMNIST:'W' -> MNIST ❌ (Uncertain)
EMNIST:'X' -> MNIST ❌ (Uncertain)
EMNIST:'Y' -> MNIST ❌ (Uncertain)
EMNIST:'Z' -> MNIST ❌ (Uncertain)
EMNIST:'b' -> MNIST ❌ (Uncertain)
EMNIST:'c' -> MNIST ❌ (Uncertain)
EMNIST:'d' -> MNIST ❌ (Uncertain)
EMNIST:'e' -> MNIST ❌ (Uncertain)
EMNIST:'f' -> MNIST ❌ (Uncertain)
EMNIST:'g' -> MNIST ❌ (Uncertain)
EMNIST:'h' -> MNIST ❌ (Uncertain)
EMNIST:'i' -> MNIST ❌ (Uncertain)
EMNIST:'j' -> MNIST ❌ (Uncertain)
EMNIST:'k' -> MNIST ❌ (Uncertain)
EMNIST:'l' -> MNIST ❌ (Uncertain)
EMNIST:'m' -> MNIST ❌ (Uncertain)
EMNIST:'n' -> MNIST ❌ (Uncertain)
EMNIST:'o' -> MNIST ❌ (Uncertain)
EMNIST:'p' -> MNIST ❌ (Uncertain)
EMNIST:'q' -> MNIST ❌ (Uncertain)
EMNIST:'r' -> MNIST ❌ (Uncertain)
EMNIST:'s' -> MNIST ❌ (Uncertain)
EMNIST:'t' -> MNIST ❌ (Uncertain)
EMNIST:'u' -> MNIST ❌ (Uncertain)
EMNIST:'v' -> MNIST ❌ (Uncertain)
EMNIST:'w' -> MNIST ❌ (Uncertain)
EMNIST:'x' -> MNIST ❌ (Uncertain)
EMNIST:'y' -> MNIST ❌ (Uncertain)
EMNIST:'z' -> MNIST ❌ (Uncertain)
EMNIST:'0' -> CIFAR10 ❌ (Uncertain)
EMNIST:'1' -> CIFAR10 ❌ (Uncertain)
EMNIST:'2' -> CIFAR10 ❌ (Uncertain)
EMNIST:'3' -> CIFAR10 ❌ (Uncertain)
EMNIST:'4' -> CIFAR10 ❌ (Uncertain)
EMNIST:'5' -> CIFAR10 ❌ (Uncertain)
EMNIST:'6' -> CIFAR10 ❌ (Uncertain)
EMNIST:'7' -> CIFAR10 ❌ (Uncertain)
EMNIST:'8' -> CIFAR10 ❌ (Uncertain)
EMNIST:'9' -> CIFAR10 ❌ (Uncertain)
EMNIST:'A' -> CIFAR10 ❌ (Uncertain)
EMNIST:'B' -> CIFAR10 ❌ (Uncertain)
EMNIST:'C' -> CIFAR10 ❌ (Uncertain)
EMNIST:'D' -> CIFAR10 ❌ (Uncertain)
EMNIST:'E' -> CIFAR10 ❌ (Uncertain)
EMNIST:'F' -> CIFAR10 ❌ (Uncertain)
EMNIST:'G' -> CIFAR10 ❌ (Uncertain)
EMNIST:'H' -> CIFAR10 ❌ (Uncertain)
EMNIST:'I' -> CIFAR10 ❌ (Uncertain)
EMNIST:'J' -> CIFAR10 ❌ (Uncertain)
EMNIST:'K' -> CIFAR10 ❌ (Uncertain)
EMNIST:'L' -> CIFAR10 ❌ (Uncertain)
EMNIST:'M' -> CIFAR10 ❌ (Uncertain)
EMNIST:'N' -> CIFAR10 ❌ (Uncertain)
EMNIST:'O' -> CIFAR10 ❌ (Uncertain)
EMNIST:'P' -> CIFAR10 ❌ (Uncertain)
EMNIST:'Q' -> CIFAR10 ❌ (Uncertain)
EMNIST:'R' -> CIFAR10 ❌ (Uncertain)
EMNIST:'S' -> CIFAR10 ❌ (Uncertain)
EMNIST:'T' -> CIFAR10 ❌ (Uncertain)
EMNIST:'U' -> CIFAR10 ❌ (Uncertain)
EMNIST:'V' -> CIFAR10 ❌ (Uncertain)
EMNIST:'W' -> CIFAR10 ❌ (Uncertain)
EMNIST:'X' -> CIFAR10 ❌ (Uncertain)
EMNIST:'Y' -> CIFAR10 ❌ (Uncertain)
EMNIST:'Z' -> CIFAR10 ❌ (Uncertain)
EMNIST:'a' -> CIFAR10 ❌ (Uncertain)
EMNIST:'b' -> CIFAR10 ❌ (Uncertain)
EMNIST:'c' -> CIFAR10 ❌ (Uncertain)
EMNIST:'d' -> CIFAR10 ❌ (Uncertain)
EMNIST:'e' -> CIFAR10 ❌ (Uncertain)
EMNIST:'f' -> CIFAR10 ❌ (Uncertain)
EMNIST:'g' -> CIFAR10 ❌ (Uncertain)
EMNIST:'h' -> CIFAR10 ❌ (Uncertain)
EMNIST:'i' -> CIFAR10 ❌ (Uncertain)
EMNIST:'j' -> CIFAR10 ❌ (Uncertain)
EMNIST:'k' -> CIFAR10 ❌ (Uncertain)
EMNIST:'l' -> CIFAR10 ❌ (Uncertain)
EMNIST:'m' -> CIFAR10 ❌ (Uncertain)
EMNIST:'n' -> CIFAR10 ❌ (Uncertain)
EMNIST:'o' -> CIFAR10 ❌ (Uncertain)
EMNIST:'p' -> CIFAR10 | Predict: 'bird' (Ent: 0.25)
EMNIST:'q' -> CIFAR10 ❌ (Uncertain)
EMNIST:'r' -> CIFAR10 ❌ (Uncertain)
EMNIST:'s' -> CIFAR10 ❌ (Uncertain)
EMNIST:'t' -> CIFAR10 ❌ (Uncertain)
EMNIST:'u' -> CIFAR10 ❌ (Uncertain)
EMNIST:'v' -> CIFAR10 ❌ (Uncertain)
EMNIST:'w' -> CIFAR10 ❌ (Uncertain)
EMNIST:'x' -> CIFAR10 ❌ (Uncertain)
EMNIST:'y' -> CIFAR10 ❌ (Uncertain)
EMNIST:'z' -> CIFAR10 ❌ (Uncertain)
CIFAR10:'airplane' -> MNIST ❌ (Uncertain)
CIFAR10:'bird' -> MNIST ❌ (Uncertain)
CIFAR10:'cat' -> MNIST ❌ (Uncertain)
CIFAR10:'deer' -> MNIST ❌ (Uncertain)
CIFAR10:'dog' -> MNIST ❌ (Uncertain)
CIFAR10:'frog' -> MNIST ❌ (Uncertain)
CIFAR10:'horse' -> MNIST ❌ (Uncertain)
CIFAR10:'ship' -> MNIST ❌ (Uncertain)
CIFAR10:'truck' -> MNIST ❌ (Uncertain)
CIFAR10:'airplane' -> EMNIST ❌ (Uncertain)
CIFAR10:'automobile' -> EMNIST ❌ (Uncertain)
CIFAR10:'cat' -> EMNIST ❌ (Uncertain)
CIFAR10:'deer' -> EMNIST ❌ (Uncertain)
CIFAR10:'dog' -> EMNIST ❌ (Uncertain)
CIFAR10:'frog' -> EMNIST ❌ (Uncertain)
CIFAR10:'horse' -> EMNIST ❌ (Uncertain)
CIFAR10:'ship' -> EMNIST ❌ (Uncertain)
CIFAR10:'truck' -> EMNIST ❌ (Uncertain)
Exp: Old Gen + New Ent (0.25)
dynamic_entropy_ratio: 0.25
MNIST:'0' -> EMNIST ❌ (Uncertain)
MNIST:'1' -> EMNIST ❌ (Uncertain)
MNIST:'2' -> EMNIST ❌ (Uncertain)
MNIST:'3' -> EMNIST ❌ (Uncertain)
MNIST:'4' -> EMNIST ❌ (Uncertain)
MNIST:'5' -> EMNIST ❌ (Uncertain)
MNIST:'6' -> EMNIST ❌ (Uncertain)
MNIST:'7' -> EMNIST ❌ (Uncertain)
MNIST:'8' -> EMNIST ❌ (Uncertain)
MNIST:'9' -> EMNIST ❌ (Uncertain)
MNIST:'0' -> CIFAR10 ❌ (Uncertain)
MNIST:'1' -> CIFAR10 | Predict: 'truck' (Ent: 0.50)
MNIST:'2' -> CIFAR10 | Predict: 'truck' (Ent: 0.46)
MNIST:'3' -> CIFAR10 ❌ (Uncertain)
MNIST:'4' -> CIFAR10 ❌ (Uncertain)
MNIST:'5' -> CIFAR10 ❌ (Uncertain)
MNIST:'6' -> CIFAR10 ❌ (Uncertain)
MNIST:'7' -> CIFAR10 ❌ (Uncertain)
MNIST:'8' -> CIFAR10 ❌ (Uncertain)
MNIST:'9' -> CIFAR10 | Predict: 'automobile' (Ent: 0.49)
EMNIST:'0' -> MNIST ❌ (Uncertain)
EMNIST:'1' -> MNIST ❌ (Uncertain)
EMNIST:'2' -> MNIST ❌ (Uncertain)
EMNIST:'3' -> MNIST ❌ (Uncertain)
EMNIST:'4' -> MNIST ❌ (Uncertain)
EMNIST:'5' -> MNIST ❌ (Uncertain)
EMNIST:'6' -> MNIST ❌ (Uncertain)
EMNIST:'7' -> MNIST ❌ (Uncertain)
EMNIST:'8' -> MNIST ❌ (Uncertain)
EMNIST:'9' -> MNIST ❌ (Uncertain)
EMNIST:'A' -> MNIST ❌ (Uncertain)
EMNIST:'B' -> MNIST ❌ (Uncertain)
EMNIST:'C' -> MNIST ❌ (Uncertain)
EMNIST:'D' -> MNIST ❌ (Uncertain)
EMNIST:'E' -> MNIST ❌ (Uncertain)
EMNIST:'F' -> MNIST ❌ (Uncertain)
EMNIST:'G' -> MNIST ❌ (Uncertain)
EMNIST:'H' -> MNIST ❌ (Uncertain)
EMNIST:'I' -> MNIST ❌ (Uncertain)
EMNIST:'J' -> MNIST ❌ (Uncertain)
EMNIST:'K' -> MNIST ❌ (Uncertain)
EMNIST:'L' -> MNIST ❌ (Uncertain)
EMNIST:'M' -> MNIST ❌ (Uncertain)
EMNIST:'N' -> MNIST ❌ (Uncertain)
EMNIST:'O' -> MNIST ❌ (Uncertain)
EMNIST:'P' -> MNIST ❌ (Uncertain)
EMNIST:'Q' -> MNIST ❌ (Uncertain)
EMNIST:'R' -> MNIST ❌ (Uncertain)
EMNIST:'S' -> MNIST ❌ (Uncertain)
EMNIST:'T' -> MNIST ❌ (Uncertain)
EMNIST:'U' -> MNIST ❌ (Uncertain)
EMNIST:'V' -> MNIST ❌ (Uncertain)
EMNIST:'W' -> MNIST ❌ (Uncertain)
EMNIST:'X' -> MNIST ❌ (Uncertain)
EMNIST:'Y' -> MNIST ❌ (Uncertain)
EMNIST:'Z' -> MNIST ❌ (Uncertain)
EMNIST:'a' -> MNIST ❌ (Uncertain)
EMNIST:'b' -> MNIST ❌ (Uncertain)
EMNIST:'c' -> MNIST ❌ (Uncertain)
EMNIST:'d' -> MNIST ❌ (Uncertain)
EMNIST:'e' -> MNIST ❌ (Uncertain)
EMNIST:'f' -> MNIST ❌ (Uncertain)
EMNIST:'g' -> MNIST ❌ (Uncertain)
EMNIST:'h' -> MNIST ❌ (Uncertain)
EMNIST:'i' -> MNIST ❌ (Uncertain)
EMNIST:'j' -> MNIST ❌ (Uncertain)
EMNIST:'k' -> MNIST ❌ (Uncertain)
EMNIST:'l' -> MNIST ❌ (Uncertain)
EMNIST:'m' -> MNIST ❌ (Uncertain)
EMNIST:'n' -> MNIST ❌ (Uncertain)
EMNIST:'o' -> MNIST ❌ (Uncertain)
EMNIST:'p' -> MNIST ❌ (Uncertain)
EMNIST:'q' -> MNIST ❌ (Uncertain)
EMNIST:'r' -> MNIST ❌ (Uncertain)
EMNIST:'s' -> MNIST ❌ (Uncertain)
EMNIST:'t' -> MNIST ❌ (Uncertain)
EMNIST:'u' -> MNIST ❌ (Uncertain)
EMNIST:'v' -> MNIST ❌ (Uncertain)
EMNIST:'w' -> MNIST ❌ (Uncertain)
EMNIST:'x' -> MNIST ❌ (Uncertain)
EMNIST:'y' -> MNIST ❌ (Uncertain)
EMNIST:'z' -> MNIST ❌ (Uncertain)
EMNIST:'0' -> CIFAR10 ❌ (Uncertain)
EMNIST:'1' -> CIFAR10 ❌ (Uncertain)
EMNIST:'2' -> CIFAR10 ❌ (Uncertain)
EMNIST:'3' -> CIFAR10 ❌ (Uncertain)
EMNIST:'4' -> CIFAR10 ❌ (Uncertain)
EMNIST:'5' -> CIFAR10 ❌ (Uncertain)
EMNIST:'6' -> CIFAR10 ❌ (Uncertain)
EMNIST:'7' -> CIFAR10 ❌ (Uncertain)
EMNIST:'8' -> CIFAR10 ❌ (Uncertain)
EMNIST:'9' -> CIFAR10 ❌ (Uncertain)
EMNIST:'A' -> CIFAR10 ❌ (Uncertain)
EMNIST:'B' -> CIFAR10 ❌ (Uncertain)
EMNIST:'C' -> CIFAR10 ❌ (Uncertain)
EMNIST:'D' -> CIFAR10 ❌ (Uncertain)
EMNIST:'E' -> CIFAR10 ❌ (Uncertain)
EMNIST:'F' -> CIFAR10 ❌ (Uncertain)
EMNIST:'G' -> CIFAR10 ❌ (Uncertain)
EMNIST:'H' -> CIFAR10 ❌ (Uncertain)
EMNIST:'I' -> CIFAR10 ❌ (Uncertain)
EMNIST:'J' -> CIFAR10 ❌ (Uncertain)
EMNIST:'K' -> CIFAR10 ❌ (Uncertain)
EMNIST:'L' -> CIFAR10 ❌ (Uncertain)
EMNIST:'M' -> CIFAR10 ❌ (Uncertain)
EMNIST:'N' -> CIFAR10 ❌ (Uncertain)
EMNIST:'O' -> CIFAR10 ❌ (Uncertain)
EMNIST:'P' -> CIFAR10 ❌ (Uncertain)
EMNIST:'Q' -> CIFAR10 ❌ (Uncertain)
EMNIST:'R' -> CIFAR10 ❌ (Uncertain)
EMNIST:'S' -> CIFAR10 ❌ (Uncertain)
EMNIST:'T' -> CIFAR10 ❌ (Uncertain)
EMNIST:'U' -> CIFAR10 ❌ (Uncertain)
EMNIST:'V' -> CIFAR10 ❌ (Uncertain)
EMNIST:'W' -> CIFAR10 ❌ (Uncertain)
EMNIST:'X' -> CIFAR10 ❌ (Uncertain)
EMNIST:'Y' -> CIFAR10 ❌ (Uncertain)
EMNIST:'Z' -> CIFAR10 ❌ (Uncertain)
EMNIST:'a' -> CIFAR10 ❌ (Uncertain)
EMNIST:'b' -> CIFAR10 ❌ (Uncertain)
EMNIST:'c' -> CIFAR10 ❌ (Uncertain)
EMNIST:'d' -> CIFAR10 ❌ (Uncertain)
EMNIST:'e' -> CIFAR10 ❌ (Uncertain)
EMNIST:'f' -> CIFAR10 ❌ (Uncertain)
EMNIST:'g' -> CIFAR10 ❌ (Uncertain)
EMNIST:'h' -> CIFAR10 ❌ (Uncertain)
EMNIST:'i' -> CIFAR10 ❌ (Uncertain)
EMNIST:'j' -> CIFAR10 ❌ (Uncertain)
EMNIST:'k' -> CIFAR10 ❌ (Uncertain)
EMNIST:'l' -> CIFAR10 ❌ (Uncertain)
EMNIST:'m' -> CIFAR10 ❌ (Uncertain)
EMNIST:'n' -> CIFAR10 ❌ (Uncertain)
EMNIST:'o' -> CIFAR10 ❌ (Uncertain)
EMNIST:'p' -> CIFAR10 ❌ (Uncertain)
EMNIST:'q' -> CIFAR10 ❌ (Uncertain)
EMNIST:'r' -> CIFAR10 ❌ (Uncertain)
EMNIST:'s' -> CIFAR10 ❌ (Uncertain)
EMNIST:'t' -> CIFAR10 ❌ (Uncertain)
EMNIST:'u' -> CIFAR10 ❌ (Uncertain)
EMNIST:'v' -> CIFAR10 ❌ (Uncertain)
EMNIST:'w' -> CIFAR10 ❌ (Uncertain)
EMNIST:'x' -> CIFAR10 ❌ (Uncertain)
EMNIST:'y' -> CIFAR10 ❌ (Uncertain)
EMNIST:'z' -> CIFAR10 ❌ (Uncertain)
CIFAR10:'airplane' -> MNIST ❌ (Uncertain)
CIFAR10:'bird' -> MNIST ❌ (Uncertain)
CIFAR10:'cat' -> MNIST ❌ (Uncertain)
CIFAR10:'deer' -> MNIST ❌ (Uncertain)
CIFAR10:'dog' -> MNIST ❌ (Uncertain)
CIFAR10:'frog' -> MNIST ❌ (Uncertain)
CIFAR10:'horse' -> MNIST ❌ (Uncertain)
CIFAR10:'ship' -> MNIST ❌ (Uncertain)
CIFAR10:'airplane' -> EMNIST ❌ (Uncertain)
CIFAR10:'automobile' -> EMNIST ❌ (Uncertain)
CIFAR10:'bird' -> EMNIST ❌ (Uncertain)
CIFAR10:'cat' -> EMNIST ❌ (Uncertain)
CIFAR10:'deer' -> EMNIST ❌ (Uncertain)
CIFAR10:'dog' -> EMNIST ❌ (Uncertain)
CIFAR10:'frog' -> EMNIST ❌ (Uncertain)
CIFAR10:'horse' -> EMNIST ❌ (Uncertain)
CIFAR10:'ship' -> EMNIST ❌ (Uncertain)
CIFAR10:'truck' -> EMNIST ❌ (Uncertain)
Exp: Old Gen + New Ent (0.3)
dynamic_entropy_ratio: 0.3
MNIST:'0' -> EMNIST ❌ (Uncertain)
MNIST:'1' -> EMNIST ❌ (Uncertain)
MNIST:'2' -> EMNIST ❌ (Uncertain)
MNIST:'3' -> EMNIST ❌ (Uncertain)
MNIST:'4' -> EMNIST ❌ (Uncertain)
MNIST:'5' -> EMNIST | Predict: 'B' (Ent: 1.18)
MNIST:'6' -> EMNIST | Predict: 'B' (Ent: 1.13)
MNIST:'7' -> EMNIST ❌ (Uncertain)
MNIST:'8' -> EMNIST ❌ (Uncertain)
MNIST:'9' -> EMNIST ❌ (Uncertain)
MNIST:'0' -> CIFAR10 ❌ (Uncertain)
MNIST:'1' -> CIFAR10 | Predict: 'truck' (Ent: 0.51)
MNIST:'2' -> CIFAR10 | Predict: 'truck' (Ent: 0.41)
MNIST:'3' -> CIFAR10 ❌ (Uncertain)
MNIST:'4' -> CIFAR10 ❌ (Uncertain)
MNIST:'5' -> CIFAR10 ❌ (Uncertain)
MNIST:'6' -> CIFAR10 | Predict: 'truck' (Ent: 0.55)
MNIST:'7' -> CIFAR10 ❌ (Uncertain)
MNIST:'8' -> CIFAR10 ❌ (Uncertain)
MNIST:'9' -> CIFAR10 ❌ (Uncertain)
EMNIST:'0' -> MNIST ❌ (Uncertain)
EMNIST:'1' -> MNIST ❌ (Uncertain)
EMNIST:'2' -> MNIST ❌ (Uncertain)
EMNIST:'3' -> MNIST ❌ (Uncertain)
EMNIST:'4' -> MNIST ❌ (Uncertain)
EMNIST:'5' -> MNIST ❌ (Uncertain)
EMNIST:'6' -> MNIST ❌ (Uncertain)
EMNIST:'7' -> MNIST ❌ (Uncertain)
EMNIST:'8' -> MNIST ❌ (Uncertain)
EMNIST:'9' -> MNIST ❌ (Uncertain)
EMNIST:'A' -> MNIST ❌ (Uncertain)
EMNIST:'C' -> MNIST ❌ (Uncertain)
EMNIST:'D' -> MNIST ❌ (Uncertain)
EMNIST:'E' -> MNIST ❌ (Uncertain)
EMNIST:'F' -> MNIST ❌ (Uncertain)
EMNIST:'G' -> MNIST ❌ (Uncertain)
EMNIST:'H' -> MNIST ❌ (Uncertain)
EMNIST:'I' -> MNIST ❌ (Uncertain)
EMNIST:'J' -> MNIST ❌ (Uncertain)
EMNIST:'K' -> MNIST ❌ (Uncertain)
EMNIST:'L' -> MNIST ❌ (Uncertain)
EMNIST:'M' -> MNIST ❌ (Uncertain)
EMNIST:'N' -> MNIST ❌ (Uncertain)
EMNIST:'O' -> MNIST ❌ (Uncertain)
EMNIST:'P' -> MNIST ❌ (Uncertain)
EMNIST:'Q' -> MNIST ❌ (Uncertain)
EMNIST:'R' -> MNIST ❌ (Uncertain)
EMNIST:'S' -> MNIST ❌ (Uncertain)
EMNIST:'T' -> MNIST ❌ (Uncertain)
EMNIST:'U' -> MNIST ❌ (Uncertain)
EMNIST:'V' -> MNIST ❌ (Uncertain)
EMNIST:'W' -> MNIST ❌ (Uncertain)
EMNIST:'X' -> MNIST ❌ (Uncertain)
EMNIST:'Y' -> MNIST ❌ (Uncertain)
EMNIST:'Z' -> MNIST ❌ (Uncertain)
EMNIST:'a' -> MNIST ❌ (Uncertain)
EMNIST:'b' -> MNIST ❌ (Uncertain)
EMNIST:'c' -> MNIST ❌ (Uncertain)
EMNIST:'d' -> MNIST ❌ (Uncertain)
EMNIST:'e' -> MNIST ❌ (Uncertain)
EMNIST:'f' -> MNIST ❌ (Uncertain)
EMNIST:'g' -> MNIST ❌ (Uncertain)
EMNIST:'h' -> MNIST ❌ (Uncertain)
EMNIST:'i' -> MNIST ❌ (Uncertain)
EMNIST:'j' -> MNIST ❌ (Uncertain)
EMNIST:'k' -> MNIST ❌ (Uncertain)
EMNIST:'l' -> MNIST ❌ (Uncertain)
EMNIST:'m' -> MNIST ❌ (Uncertain)
EMNIST:'n' -> MNIST ❌ (Uncertain)
EMNIST:'o' -> MNIST ❌ (Uncertain)
EMNIST:'p' -> MNIST ❌ (Uncertain)
EMNIST:'q' -> MNIST ❌ (Uncertain)
EMNIST:'r' -> MNIST ❌ (Uncertain)
EMNIST:'s' -> MNIST ❌ (Uncertain)
EMNIST:'t' -> MNIST ❌ (Uncertain)
EMNIST:'u' -> MNIST ❌ (Uncertain)
EMNIST:'v' -> MNIST ❌ (Uncertain)
EMNIST:'w' -> MNIST ❌ (Uncertain)
EMNIST:'x' -> MNIST ❌ (Uncertain)
EMNIST:'y' -> MNIST ❌ (Uncertain)
EMNIST:'z' -> MNIST ❌ (Uncertain)
EMNIST:'0' -> CIFAR10 ❌ (Uncertain)
EMNIST:'1' -> CIFAR10 ❌ (Uncertain)
EMNIST:'2' -> CIFAR10 ❌ (Uncertain)
EMNIST:'3' -> CIFAR10 ❌ (Uncertain)
EMNIST:'4' -> CIFAR10 ❌ (Uncertain)
EMNIST:'5' -> CIFAR10 ❌ (Uncertain)
EMNIST:'6' -> CIFAR10 ❌ (Uncertain)
EMNIST:'7' -> CIFAR10 ❌ (Uncertain)
EMNIST:'8' -> CIFAR10 ❌ (Uncertain)
EMNIST:'9' -> CIFAR10 ❌ (Uncertain)
EMNIST:'A' -> CIFAR10 ❌ (Uncertain)
EMNIST:'B' -> CIFAR10 ❌ (Uncertain)
EMNIST:'C' -> CIFAR10 ❌ (Uncertain)
EMNIST:'D' -> CIFAR10 ❌ (Uncertain)
EMNIST:'E' -> CIFAR10 ❌ (Uncertain)
EMNIST:'F' -> CIFAR10 ❌ (Uncertain)
EMNIST:'G' -> CIFAR10 ❌ (Uncertain)
EMNIST:'H' -> CIFAR10 ❌ (Uncertain)
EMNIST:'I' -> CIFAR10 ❌ (Uncertain)
EMNIST:'J' -> CIFAR10 ❌ (Uncertain)
EMNIST:'K' -> CIFAR10 ❌ (Uncertain)
EMNIST:'L' -> CIFAR10 ❌ (Uncertain)
EMNIST:'M' -> CIFAR10 ❌ (Uncertain)
EMNIST:'N' -> CIFAR10 ❌ (Uncertain)
EMNIST:'O' -> CIFAR10 ❌ (Uncertain)
EMNIST:'P' -> CIFAR10 ❌ (Uncertain)
EMNIST:'Q' -> CIFAR10 ❌ (Uncertain)
EMNIST:'R' -> CIFAR10 ❌ (Uncertain)
EMNIST:'S' -> CIFAR10 ❌ (Uncertain)
EMNIST:'T' -> CIFAR10 ❌ (Uncertain)
EMNIST:'U' -> CIFAR10 ❌ (Uncertain)
EMNIST:'V' -> CIFAR10 ❌ (Uncertain)
EMNIST:'W' -> CIFAR10 ❌ (Uncertain)
EMNIST:'X' -> CIFAR10 ❌ (Uncertain)
EMNIST:'Y' -> CIFAR10 ❌ (Uncertain)
EMNIST:'Z' -> CIFAR10 ❌ (Uncertain)
EMNIST:'a' -> CIFAR10 ❌ (Uncertain)
EMNIST:'b' -> CIFAR10 ❌ (Uncertain)
EMNIST:'c' -> CIFAR10 ❌ (Uncertain)
EMNIST:'d' -> CIFAR10 ❌ (Uncertain)
EMNIST:'e' -> CIFAR10 ❌ (Uncertain)
EMNIST:'f' -> CIFAR10 ❌ (Uncertain)
EMNIST:'g' -> CIFAR10 ❌ (Uncertain)
EMNIST:'h' -> CIFAR10 ❌ (Uncertain)
EMNIST:'i' -> CIFAR10 ❌ (Uncertain)
EMNIST:'j' -> CIFAR10 ❌ (Uncertain)
EMNIST:'k' -> CIFAR10 ❌ (Uncertain)
EMNIST:'l' -> CIFAR10 ❌ (Uncertain)
EMNIST:'m' -> CIFAR10 ❌ (Uncertain)
EMNIST:'n' -> CIFAR10 ❌ (Uncertain)
EMNIST:'o' -> CIFAR10 ❌ (Uncertain)
EMNIST:'p' -> CIFAR10 ❌ (Uncertain)
EMNIST:'q' -> CIFAR10 ❌ (Uncertain)
EMNIST:'r' -> CIFAR10 ❌ (Uncertain)
EMNIST:'s' -> CIFAR10 ❌ (Uncertain)
EMNIST:'t' -> CIFAR10 ❌ (Uncertain)
EMNIST:'u' -> CIFAR10 ❌ (Uncertain)
EMNIST:'v' -> CIFAR10 ❌ (Uncertain)
EMNIST:'w' -> CIFAR10 ❌ (Uncertain)
EMNIST:'x' -> CIFAR10 ❌ (Uncertain)
EMNIST:'y' -> CIFAR10 ❌ (Uncertain)
EMNIST:'z' -> CIFAR10 ❌ (Uncertain)
CIFAR10:'airplane' -> MNIST ❌ (Uncertain)
CIFAR10:'automobile' -> MNIST ❌ (Uncertain)
CIFAR10:'bird' -> MNIST ❌ (Uncertain)
CIFAR10:'cat' -> MNIST ❌ (Uncertain)
CIFAR10:'deer' -> MNIST ❌ (Uncertain)
CIFAR10:'dog' -> MNIST ❌ (Uncertain)
CIFAR10:'frog' -> MNIST ❌ (Uncertain)
CIFAR10:'horse' -> MNIST ❌ (Uncertain)
CIFAR10:'ship' -> MNIST ❌ (Uncertain)
CIFAR10:'airplane' -> EMNIST ❌ (Uncertain)
CIFAR10:'automobile' -> EMNIST ❌ (Uncertain)
CIFAR10:'bird' -> EMNIST ❌ (Uncertain)
CIFAR10:'cat' -> EMNIST ❌ (Uncertain)
CIFAR10:'deer' -> EMNIST ❌ (Uncertain)
CIFAR10:'dog' -> EMNIST ❌ (Uncertain)
CIFAR10:'frog' -> EMNIST ❌ (Uncertain)
CIFAR10:'horse' -> EMNIST ❌ (Uncertain)
CIFAR10:'ship' -> EMNIST ❌ (Uncertain)
CIFAR10:'truck' -> EMNIST ❌ (Uncertain)
Exp: Old Gen + New Ent (0.35)
dynamic_entropy_ratio: 0.35
MNIST:'0' -> EMNIST | Predict: 'B' (Ent: 1.27)
MNIST:'1' -> EMNIST ❌ (Uncertain)
MNIST:'2' -> EMNIST ❌ (Uncertain)
MNIST:'3' -> EMNIST ❌ (Uncertain)
MNIST:'4' -> EMNIST ❌ (Uncertain)
MNIST:'5' -> EMNIST | Predict: 'B' (Ent: 0.94)
MNIST:'6' -> EMNIST | Predict: 'B' (Ent: 1.19)
MNIST:'7' -> EMNIST ❌ (Uncertain)
MNIST:'8' -> EMNIST ❌ (Uncertain)
MNIST:'9' -> EMNIST ❌ (Uncertain)
MNIST:'0' -> CIFAR10 ❌ (Uncertain)
MNIST:'1' -> CIFAR10 ❌ (Uncertain)
MNIST:'2' -> CIFAR10 | Predict: 'truck' (Ent: 0.46)
MNIST:'3' -> CIFAR10 ❌ (Uncertain)
MNIST:'4' -> CIFAR10 ❌ (Uncertain)
MNIST:'5' -> CIFAR10 ❌ (Uncertain)
MNIST:'6' -> CIFAR10 | Predict: 'truck' (Ent: 0.71)
MNIST:'7' -> CIFAR10 ❌ (Uncertain)
MNIST:'8' -> CIFAR10 ❌ (Uncertain)
MNIST:'9' -> CIFAR10 ❌ (Uncertain)
EMNIST:'0' -> MNIST ❌ (Uncertain)
EMNIST:'1' -> MNIST ❌ (Uncertain)
EMNIST:'2' -> MNIST ❌ (Uncertain)
EMNIST:'3' -> MNIST ❌ (Uncertain)
EMNIST:'4' -> MNIST ❌ (Uncertain)
EMNIST:'5' -> MNIST ❌ (Uncertain)
EMNIST:'6' -> MNIST ❌ (Uncertain)
EMNIST:'7' -> MNIST ❌ (Uncertain)
EMNIST:'8' -> MNIST ❌ (Uncertain)
EMNIST:'9' -> MNIST ❌ (Uncertain)
EMNIST:'A' -> MNIST ❌ (Uncertain)
EMNIST:'C' -> MNIST ❌ (Uncertain)
EMNIST:'D' -> MNIST ❌ (Uncertain)
EMNIST:'E' -> MNIST ❌ (Uncertain)
EMNIST:'F' -> MNIST ❌ (Uncertain)
EMNIST:'G' -> MNIST ❌ (Uncertain)
EMNIST:'H' -> MNIST ❌ (Uncertain)
EMNIST:'I' -> MNIST ❌ (Uncertain)
EMNIST:'J' -> MNIST ❌ (Uncertain)
EMNIST:'K' -> MNIST ❌ (Uncertain)
EMNIST:'L' -> MNIST ❌ (Uncertain)
EMNIST:'M' -> MNIST ❌ (Uncertain)
EMNIST:'N' -> MNIST ❌ (Uncertain)
EMNIST:'O' -> MNIST ❌ (Uncertain)
EMNIST:'P' -> MNIST ❌ (Uncertain)
EMNIST:'Q' -> MNIST ❌ (Uncertain)
EMNIST:'R' -> MNIST ❌ (Uncertain)
EMNIST:'S' -> MNIST ❌ (Uncertain)
EMNIST:'T' -> MNIST ❌ (Uncertain)
EMNIST:'U' -> MNIST ❌ (Uncertain)
EMNIST:'V' -> MNIST ❌ (Uncertain)
EMNIST:'W' -> MNIST ❌ (Uncertain)
EMNIST:'X' -> MNIST ❌ (Uncertain)
EMNIST:'Y' -> MNIST ❌ (Uncertain)
EMNIST:'Z' -> MNIST ❌ (Uncertain)
EMNIST:'a' -> MNIST ❌ (Uncertain)
EMNIST:'b' -> MNIST ❌ (Uncertain)
EMNIST:'c' -> MNIST ❌ (Uncertain)
EMNIST:'d' -> MNIST ❌ (Uncertain)
EMNIST:'e' -> MNIST ❌ (Uncertain)
EMNIST:'f' -> MNIST ❌ (Uncertain)
EMNIST:'g' -> MNIST ❌ (Uncertain)
EMNIST:'h' -> MNIST ❌ (Uncertain)
EMNIST:'i' -> MNIST ❌ (Uncertain)
EMNIST:'j' -> MNIST ❌ (Uncertain)
EMNIST:'k' -> MNIST ❌ (Uncertain)
EMNIST:'l' -> MNIST ❌ (Uncertain)
EMNIST:'m' -> MNIST ❌ (Uncertain)
EMNIST:'n' -> MNIST ❌ (Uncertain)
EMNIST:'o' -> MNIST ❌ (Uncertain)
EMNIST:'p' -> MNIST ❌ (Uncertain)
EMNIST:'q' -> MNIST ❌ (Uncertain)
EMNIST:'r' -> MNIST ❌ (Uncertain)
EMNIST:'s' -> MNIST ❌ (Uncertain)
EMNIST:'t' -> MNIST ❌ (Uncertain)
EMNIST:'u' -> MNIST ❌ (Uncertain)
EMNIST:'v' -> MNIST ❌ (Uncertain)
EMNIST:'w' -> MNIST ❌ (Uncertain)
EMNIST:'x' -> MNIST ❌ (Uncertain)
EMNIST:'y' -> MNIST ❌ (Uncertain)
EMNIST:'z' -> MNIST ❌ (Uncertain)
EMNIST:'0' -> CIFAR10 ❌ (Uncertain)
EMNIST:'1' -> CIFAR10 ❌ (Uncertain)
EMNIST:'2' -> CIFAR10 ❌ (Uncertain)
EMNIST:'3' -> CIFAR10 ❌ (Uncertain)
EMNIST:'4' -> CIFAR10 ❌ (Uncertain)
EMNIST:'5' -> CIFAR10 ❌ (Uncertain)
EMNIST:'6' -> CIFAR10 ❌ (Uncertain)
EMNIST:'7' -> CIFAR10 ❌ (Uncertain)
EMNIST:'8' -> CIFAR10 ❌ (Uncertain)
EMNIST:'9' -> CIFAR10 ❌ (Uncertain)
EMNIST:'A' -> CIFAR10 ❌ (Uncertain)
EMNIST:'B' -> CIFAR10 ❌ (Uncertain)
EMNIST:'C' -> CIFAR10 ❌ (Uncertain)
EMNIST:'D' -> CIFAR10 ❌ (Uncertain)
EMNIST:'E' -> CIFAR10 ❌ (Uncertain)
EMNIST:'F' -> CIFAR10 ❌ (Uncertain)
EMNIST:'G' -> CIFAR10 ❌ (Uncertain)
EMNIST:'H' -> CIFAR10 ❌ (Uncertain)
EMNIST:'I' -> CIFAR10 ❌ (Uncertain)
EMNIST:'J' -> CIFAR10 ❌ (Uncertain)
EMNIST:'K' -> CIFAR10 ❌ (Uncertain)
EMNIST:'L' -> CIFAR10 ❌ (Uncertain)
EMNIST:'M' -> CIFAR10 ❌ (Uncertain)
EMNIST:'N' -> CIFAR10 ❌ (Uncertain)
EMNIST:'O' -> CIFAR10 ❌ (Uncertain)
EMNIST:'P' -> CIFAR10 ❌ (Uncertain)
EMNIST:'Q' -> CIFAR10 ❌ (Uncertain)
EMNIST:'R' -> CIFAR10 ❌ (Uncertain)
EMNIST:'S' -> CIFAR10 ❌ (Uncertain)
EMNIST:'T' -> CIFAR10 ❌ (Uncertain)
EMNIST:'U' -> CIFAR10 ❌ (Uncertain)
EMNIST:'V' -> CIFAR10 ❌ (Uncertain)
EMNIST:'W' -> CIFAR10 ❌ (Uncertain)
EMNIST:'X' -> CIFAR10 ❌ (Uncertain)
EMNIST:'Y' -> CIFAR10 ❌ (Uncertain)
EMNIST:'Z' -> CIFAR10 ❌ (Uncertain)
EMNIST:'a' -> CIFAR10 ❌ (Uncertain)
EMNIST:'b' -> CIFAR10 ❌ (Uncertain)
EMNIST:'c' -> CIFAR10 ❌ (Uncertain)
EMNIST:'d' -> CIFAR10 ❌ (Uncertain)
EMNIST:'e' -> CIFAR10 ❌ (Uncertain)
EMNIST:'f' -> CIFAR10 ❌ (Uncertain)
EMNIST:'g' -> CIFAR10 ❌ (Uncertain)
EMNIST:'h' -> CIFAR10 ❌ (Uncertain)
EMNIST:'i' -> CIFAR10 ❌ (Uncertain)
EMNIST:'j' -> CIFAR10 ❌ (Uncertain)
EMNIST:'k' -> CIFAR10 ❌ (Uncertain)
EMNIST:'l' -> CIFAR10 ❌ (Uncertain)
EMNIST:'m' -> CIFAR10 ❌ (Uncertain)
EMNIST:'n' -> CIFAR10 ❌ (Uncertain)
EMNIST:'o' -> CIFAR10 ❌ (Uncertain)
EMNIST:'p' -> CIFAR10 ❌ (Uncertain)
EMNIST:'q' -> CIFAR10 ❌ (Uncertain)
EMNIST:'r' -> CIFAR10 ❌ (Uncertain)
EMNIST:'s' -> CIFAR10 ❌ (Uncertain)
EMNIST:'t' -> CIFAR10 ❌ (Uncertain)
EMNIST:'u' -> CIFAR10 ❌ (Uncertain)
EMNIST:'v' -> CIFAR10 ❌ (Uncertain)
EMNIST:'w' -> CIFAR10 ❌ (Uncertain)
EMNIST:'x' -> CIFAR10 ❌ (Uncertain)
EMNIST:'y' -> CIFAR10 ❌ (Uncertain)
EMNIST:'z' -> CIFAR10 ❌ (Uncertain)
CIFAR10:'airplane' -> MNIST ❌ (Uncertain)
CIFAR10:'automobile' -> MNIST ❌ (Uncertain)
CIFAR10:'bird' -> MNIST ❌ (Uncertain)
CIFAR10:'cat' -> MNIST ❌ (Uncertain)
CIFAR10:'deer' -> MNIST ❌ (Uncertain)
CIFAR10:'dog' -> MNIST ❌ (Uncertain)
CIFAR10:'frog' -> MNIST ❌ (Uncertain)
CIFAR10:'horse' -> MNIST ❌ (Uncertain)
CIFAR10:'ship' -> MNIST ❌ (Uncertain)
CIFAR10:'airplane' -> EMNIST ❌ (Uncertain)
CIFAR10:'automobile' -> EMNIST ❌ (Uncertain)
CIFAR10:'bird' -> EMNIST ❌ (Uncertain)
CIFAR10:'cat' -> EMNIST ❌ (Uncertain)
CIFAR10:'deer' -> EMNIST ❌ (Uncertain)
CIFAR10:'dog' -> EMNIST ❌ (Uncertain)
CIFAR10:'frog' -> EMNIST ❌ (Uncertain)
CIFAR10:'horse' -> EMNIST ❌ (Uncertain)
CIFAR10:'ship' -> EMNIST ❌ (Uncertain)
CIFAR10:'truck' -> EMNIST ❌ (Uncertain)
Exp: Old Gen + New Ent (0.4)
dynamic_entropy_ratio: 0.4
MNIST:'0' -> EMNIST ❌ (Uncertain)
MNIST:'1' -> EMNIST ❌ (Uncertain)
MNIST:'2' -> EMNIST ❌ (Uncertain)
MNIST:'3' -> EMNIST ❌ (Uncertain)
MNIST:'4' -> EMNIST | Predict: 'B' (Ent: 1.39)
MNIST:'5' -> EMNIST | Predict: 'B' (Ent: 0.83)
MNIST:'6' -> EMNIST ❌ (Uncertain)
MNIST:'7' -> EMNIST ❌ (Uncertain)
MNIST:'8' -> EMNIST ❌ (Uncertain)
MNIST:'9' -> EMNIST ❌ (Uncertain)
MNIST:'0' -> CIFAR10 | Predict: 'automobile' (Ent: 0.82)
MNIST:'1' -> CIFAR10 ❌ (Uncertain)
MNIST:'2' -> CIFAR10 ❌ (Uncertain)
MNIST:'3' -> CIFAR10 | Predict: 'automobile' (Ent: 0.84)
MNIST:'4' -> CIFAR10 | Predict: 'automobile' (Ent: 0.82)
MNIST:'5' -> CIFAR10 | Predict: 'truck' (Ent: 0.89)
MNIST:'6' -> CIFAR10 ❌ (Uncertain)
MNIST:'7' -> CIFAR10 | Predict: 'automobile' (Ent: 0.88)
MNIST:'8' -> CIFAR10 | Predict: 'truck' (Ent: 0.87)
MNIST:'9' -> CIFAR10 ❌ (Uncertain)
EMNIST:'0' -> MNIST ❌ (Uncertain)
EMNIST:'1' -> MNIST ❌ (Uncertain)
EMNIST:'2' -> MNIST ❌ (Uncertain)
EMNIST:'3' -> MNIST ❌ (Uncertain)
EMNIST:'4' -> MNIST ❌ (Uncertain)
EMNIST:'5' -> MNIST ❌ (Uncertain)
EMNIST:'6' -> MNIST ❌ (Uncertain)
EMNIST:'7' -> MNIST ❌ (Uncertain)
EMNIST:'8' -> MNIST ❌ (Uncertain)
EMNIST:'9' -> MNIST ❌ (Uncertain)
EMNIST:'A' -> MNIST ❌ (Uncertain)
EMNIST:'C' -> MNIST ❌ (Uncertain)
EMNIST:'D' -> MNIST ❌ (Uncertain)
EMNIST:'E' -> MNIST ❌ (Uncertain)
EMNIST:'F' -> MNIST ❌ (Uncertain)
EMNIST:'G' -> MNIST ❌ (Uncertain)
EMNIST:'H' -> MNIST ❌ (Uncertain)
EMNIST:'I' -> MNIST ❌ (Uncertain)
EMNIST:'J' -> MNIST ❌ (Uncertain)
EMNIST:'K' -> MNIST ❌ (Uncertain)
EMNIST:'L' -> MNIST ❌ (Uncertain)
EMNIST:'M' -> MNIST ❌ (Uncertain)
EMNIST:'N' -> MNIST ❌ (Uncertain)
EMNIST:'O' -> MNIST ❌ (Uncertain)
EMNIST:'P' -> MNIST ❌ (Uncertain)
EMNIST:'Q' -> MNIST ❌ (Uncertain)
EMNIST:'R' -> MNIST ❌ (Uncertain)
EMNIST:'S' -> MNIST ❌ (Uncertain)
EMNIST:'T' -> MNIST ❌ (Uncertain)
EMNIST:'U' -> MNIST ❌ (Uncertain)
EMNIST:'V' -> MNIST ❌ (Uncertain)
EMNIST:'W' -> MNIST ❌ (Uncertain)
EMNIST:'X' -> MNIST ❌ (Uncertain)
EMNIST:'Y' -> MNIST ❌ (Uncertain)
EMNIST:'Z' -> MNIST ❌ (Uncertain)
EMNIST:'a' -> MNIST ❌ (Uncertain)
EMNIST:'b' -> MNIST ❌ (Uncertain)
EMNIST:'c' -> MNIST ❌ (Uncertain)
EMNIST:'d' -> MNIST ❌ (Uncertain)
EMNIST:'e' -> MNIST ❌ (Uncertain)
EMNIST:'f' -> MNIST ❌ (Uncertain)
EMNIST:'g' -> MNIST ❌ (Uncertain)
EMNIST:'h' -> MNIST ❌ (Uncertain)
EMNIST:'i' -> MNIST ❌ (Uncertain)
EMNIST:'j' -> MNIST ❌ (Uncertain)
EMNIST:'k' -> MNIST ❌ (Uncertain)
EMNIST:'l' -> MNIST ❌ (Uncertain)
EMNIST:'m' -> MNIST ❌ (Uncertain)
EMNIST:'n' -> MNIST ❌ (Uncertain)
EMNIST:'o' -> MNIST ❌ (Uncertain)
EMNIST:'p' -> MNIST ❌ (Uncertain)
EMNIST:'q' -> MNIST ❌ (Uncertain)
EMNIST:'r' -> MNIST ❌ (Uncertain)
EMNIST:'s' -> MNIST ❌ (Uncertain)
EMNIST:'t' -> MNIST ❌ (Uncertain)
EMNIST:'u' -> MNIST ❌ (Uncertain)
EMNIST:'v' -> MNIST ❌ (Uncertain)
EMNIST:'w' -> MNIST ❌ (Uncertain)
EMNIST:'x' -> MNIST ❌ (Uncertain)
EMNIST:'y' -> MNIST ❌ (Uncertain)
EMNIST:'z' -> MNIST ❌ (Uncertain)
EMNIST:'0' -> CIFAR10 ❌ (Uncertain)
EMNIST:'1' -> CIFAR10 ❌ (Uncertain)
EMNIST:'2' -> CIFAR10 ❌ (Uncertain)
EMNIST:'3' -> CIFAR10 ❌ (Uncertain)
EMNIST:'4' -> CIFAR10 ❌ (Uncertain)
EMNIST:'5' -> CIFAR10 ❌ (Uncertain)
EMNIST:'6' -> CIFAR10 ❌ (Uncertain)
EMNIST:'7' -> CIFAR10 ❌ (Uncertain)
EMNIST:'8' -> CIFAR10 ❌ (Uncertain)
EMNIST:'9' -> CIFAR10 ❌ (Uncertain)
EMNIST:'A' -> CIFAR10 ❌ (Uncertain)
EMNIST:'B' -> CIFAR10 ❌ (Uncertain)
EMNIST:'C' -> CIFAR10 ❌ (Uncertain)
EMNIST:'D' -> CIFAR10 ❌ (Uncertain)
EMNIST:'E' -> CIFAR10 ❌ (Uncertain)
EMNIST:'F' -> CIFAR10 ❌ (Uncertain)
EMNIST:'G' -> CIFAR10 ❌ (Uncertain)
EMNIST:'H' -> CIFAR10 ❌ (Uncertain)
EMNIST:'I' -> CIFAR10 ❌ (Uncertain)
EMNIST:'J' -> CIFAR10 ❌ (Uncertain)
EMNIST:'K' -> CIFAR10 ❌ (Uncertain)
EMNIST:'L' -> CIFAR10 ❌ (Uncertain)
EMNIST:'M' -> CIFAR10 ❌ (Uncertain)
EMNIST:'N' -> CIFAR10 ❌ (Uncertain)
EMNIST:'O' -> CIFAR10 ❌ (Uncertain)
EMNIST:'P' -> CIFAR10 ❌ (Uncertain)
EMNIST:'Q' -> CIFAR10 ❌ (Uncertain)
EMNIST:'R' -> CIFAR10 ❌ (Uncertain)
EMNIST:'S' -> CIFAR10 ❌ (Uncertain)
EMNIST:'T' -> CIFAR10 ❌ (Uncertain)
EMNIST:'U' -> CIFAR10 ❌ (Uncertain)
EMNIST:'V' -> CIFAR10 ❌ (Uncertain)
EMNIST:'W' -> CIFAR10 ❌ (Uncertain)
EMNIST:'X' -> CIFAR10 ❌ (Uncertain)
EMNIST:'Y' -> CIFAR10 ❌ (Uncertain)
EMNIST:'Z' -> CIFAR10 ❌ (Uncertain)
EMNIST:'a' -> CIFAR10 ❌ (Uncertain)
EMNIST:'b' -> CIFAR10 ❌ (Uncertain)
EMNIST:'c' -> CIFAR10 ❌ (Uncertain)
EMNIST:'d' -> CIFAR10 ❌ (Uncertain)
EMNIST:'e' -> CIFAR10 ❌ (Uncertain)
EMNIST:'f' -> CIFAR10 ❌ (Uncertain)
EMNIST:'g' -> CIFAR10 ❌ (Uncertain)
EMNIST:'h' -> CIFAR10 ❌ (Uncertain)
EMNIST:'i' -> CIFAR10 ❌ (Uncertain)
EMNIST:'j' -> CIFAR10 ❌ (Uncertain)
EMNIST:'k' -> CIFAR10 ❌ (Uncertain)
EMNIST:'l' -> CIFAR10 ❌ (Uncertain)
EMNIST:'m' -> CIFAR10 ❌ (Uncertain)
EMNIST:'n' -> CIFAR10 ❌ (Uncertain)
EMNIST:'o' -> CIFAR10 ❌ (Uncertain)
EMNIST:'p' -> CIFAR10 ❌ (Uncertain)
EMNIST:'q' -> CIFAR10 ❌ (Uncertain)
EMNIST:'r' -> CIFAR10 ❌ (Uncertain)
EMNIST:'s' -> CIFAR10 ❌ (Uncertain)
EMNIST:'t' -> CIFAR10 ❌ (Uncertain)
EMNIST:'u' -> CIFAR10 ❌ (Uncertain)
EMNIST:'v' -> CIFAR10 ❌ (Uncertain)
EMNIST:'w' -> CIFAR10 ❌ (Uncertain)
EMNIST:'x' -> CIFAR10 ❌ (Uncertain)
EMNIST:'y' -> CIFAR10 ❌ (Uncertain)
EMNIST:'z' -> CIFAR10 ❌ (Uncertain)
CIFAR10:'airplane' -> MNIST ❌ (Uncertain)
CIFAR10:'bird' -> MNIST ❌ (Uncertain)
CIFAR10:'cat' -> MNIST ❌ (Uncertain)
CIFAR10:'deer' -> MNIST ❌ (Uncertain)
CIFAR10:'dog' -> MNIST ❌ (Uncertain)
CIFAR10:'frog' -> MNIST ❌ (Uncertain)
CIFAR10:'horse' -> MNIST ❌ (Uncertain)
CIFAR10:'ship' -> MNIST ❌ (Uncertain)
CIFAR10:'airplane' -> EMNIST | Predict: '0' (Ent: 1.56)
CIFAR10:'automobile' -> EMNIST | Predict: '0' (Ent: 1.56)
CIFAR10:'bird' -> EMNIST ❌ (Uncertain)
CIFAR10:'cat' -> EMNIST | Predict: '0' (Ent: 1.61)
CIFAR10:'deer' -> EMNIST ❌ (Uncertain)
CIFAR10:'dog' -> EMNIST | Predict: '8' (Ent: 1.60)
CIFAR10:'frog' -> EMNIST ❌ (Uncertain)
CIFAR10:'horse' -> EMNIST ❌ (Uncertain)
CIFAR10:'ship' -> EMNIST | Predict: '0' (Ent: 1.55)
CIFAR10:'truck' -> EMNIST | Predict: '0' (Ent: 1.60)
Exp: Old Gen + New Ent (0.45)
dynamic_entropy_ratio: 0.45
MNIST:'0' -> EMNIST ❌ (Uncertain)
MNIST:'1' -> EMNIST ❌ (Uncertain)
MNIST:'2' -> EMNIST ❌ (Uncertain)
MNIST:'3' -> EMNIST ❌ (Uncertain)
MNIST:'4' -> EMNIST ❌ (Uncertain)
MNIST:'5' -> EMNIST ❌ (Uncertain)
MNIST:'6' -> EMNIST ❌ (Uncertain)
MNIST:'7' -> EMNIST ❌ (Uncertain)
MNIST:'8' -> EMNIST ❌ (Uncertain)
MNIST:'9' -> EMNIST ❌ (Uncertain)
MNIST:'0' -> CIFAR10 | Predict: 'automobile' (Ent: 0.88)
MNIST:'1' -> CIFAR10 ❌ (Uncertain)
MNIST:'2' -> CIFAR10 ❌ (Uncertain)
MNIST:'3' -> CIFAR10 | Predict: 'automobile' (Ent: 0.95)
MNIST:'4' -> CIFAR10 | Predict: 'automobile' (Ent: 0.92)
MNIST:'5' -> CIFAR10 ❌ (Uncertain)
MNIST:'6' -> CIFAR10 ❌ (Uncertain)
MNIST:'7' -> CIFAR10 | Predict: 'automobile' (Ent: 0.85)
MNIST:'8' -> CIFAR10 | Predict: 'automobile' (Ent: 0.82)
MNIST:'9' -> CIFAR10 ❌ (Uncertain)
EMNIST:'0' -> MNIST ❌ (Uncertain)
EMNIST:'1' -> MNIST ❌ (Uncertain)
EMNIST:'2' -> MNIST ❌ (Uncertain)
EMNIST:'3' -> MNIST ❌ (Uncertain)
EMNIST:'4' -> MNIST ❌ (Uncertain)
EMNIST:'5' -> MNIST ❌ (Uncertain)
EMNIST:'6' -> MNIST ❌ (Uncertain)
EMNIST:'7' -> MNIST ❌ (Uncertain)
EMNIST:'8' -> MNIST ❌ (Uncertain)
EMNIST:'9' -> MNIST ❌ (Uncertain)
EMNIST:'A' -> MNIST ❌ (Uncertain)
EMNIST:'B' -> MNIST ❌ (Uncertain)
EMNIST:'C' -> MNIST ❌ (Uncertain)
EMNIST:'D' -> MNIST ❌ (Uncertain)
EMNIST:'E' -> MNIST ❌ (Uncertain)
EMNIST:'F' -> MNIST ❌ (Uncertain)
EMNIST:'G' -> MNIST ❌ (Uncertain)
EMNIST:'H' -> MNIST ❌ (Uncertain)
EMNIST:'I' -> MNIST ❌ (Uncertain)
EMNIST:'J' -> MNIST ❌ (Uncertain)
EMNIST:'K' -> MNIST ❌ (Uncertain)
EMNIST:'L' -> MNIST ❌ (Uncertain)
EMNIST:'M' -> MNIST ❌ (Uncertain)
EMNIST:'N' -> MNIST ❌ (Uncertain)
EMNIST:'O' -> MNIST ❌ (Uncertain)
EMNIST:'P' -> MNIST ❌ (Uncertain)
EMNIST:'Q' -> MNIST ❌ (Uncertain)
EMNIST:'R' -> MNIST ❌ (Uncertain)
EMNIST:'S' -> MNIST ❌ (Uncertain)
EMNIST:'T' -> MNIST ❌ (Uncertain)
EMNIST:'U' -> MNIST ❌ (Uncertain)
EMNIST:'V' -> MNIST ❌ (Uncertain)
EMNIST:'W' -> MNIST ❌ (Uncertain)
EMNIST:'X' -> MNIST ❌ (Uncertain)
EMNIST:'Y' -> MNIST ❌ (Uncertain)
EMNIST:'Z' -> MNIST ❌ (Uncertain)
EMNIST:'a' -> MNIST ❌ (Uncertain)
EMNIST:'b' -> MNIST ❌ (Uncertain)
EMNIST:'c' -> MNIST ❌ (Uncertain)
EMNIST:'d' -> MNIST ❌ (Uncertain)
EMNIST:'e' -> MNIST ❌ (Uncertain)
EMNIST:'f' -> MNIST ❌ (Uncertain)
EMNIST:'g' -> MNIST ❌ (Uncertain)
EMNIST:'h' -> MNIST ❌ (Uncertain)
EMNIST:'i' -> MNIST ❌ (Uncertain)
EMNIST:'j' -> MNIST ❌ (Uncertain)
EMNIST:'k' -> MNIST ❌ (Uncertain)
EMNIST:'l' -> MNIST ❌ (Uncertain)
EMNIST:'m' -> MNIST ❌ (Uncertain)
EMNIST:'n' -> MNIST ❌ (Uncertain)
EMNIST:'o' -> MNIST ❌ (Uncertain)
EMNIST:'p' -> MNIST ❌ (Uncertain)
EMNIST:'q' -> MNIST ❌ (Uncertain)
EMNIST:'r' -> MNIST ❌ (Uncertain)
EMNIST:'s' -> MNIST ❌ (Uncertain)
EMNIST:'t' -> MNIST ❌ (Uncertain)
EMNIST:'u' -> MNIST ❌ (Uncertain)
EMNIST:'v' -> MNIST ❌ (Uncertain)
EMNIST:'w' -> MNIST ❌ (Uncertain)
EMNIST:'x' -> MNIST ❌ (Uncertain)
EMNIST:'y' -> MNIST ❌ (Uncertain)
EMNIST:'z' -> MNIST ❌ (Uncertain)
EMNIST:'0' -> CIFAR10 ❌ (Uncertain)
EMNIST:'1' -> CIFAR10 ❌ (Uncertain)
EMNIST:'2' -> CIFAR10 ❌ (Uncertain)
EMNIST:'3' -> CIFAR10 ❌ (Uncertain)
EMNIST:'4' -> CIFAR10 ❌ (Uncertain)
EMNIST:'5' -> CIFAR10 ❌ (Uncertain)
EMNIST:'6' -> CIFAR10 ❌ (Uncertain)
EMNIST:'7' -> CIFAR10 ❌ (Uncertain)
EMNIST:'8' -> CIFAR10 ❌ (Uncertain)
EMNIST:'9' -> CIFAR10 ❌ (Uncertain)
EMNIST:'A' -> CIFAR10 ❌ (Uncertain)
EMNIST:'B' -> CIFAR10 ❌ (Uncertain)
EMNIST:'C' -> CIFAR10 ❌ (Uncertain)
EMNIST:'D' -> CIFAR10 ❌ (Uncertain)
EMNIST:'E' -> CIFAR10 ❌ (Uncertain)
EMNIST:'F' -> CIFAR10 ❌ (Uncertain)
EMNIST:'G' -> CIFAR10 ❌ (Uncertain)
EMNIST:'H' -> CIFAR10 ❌ (Uncertain)
EMNIST:'I' -> CIFAR10 ❌ (Uncertain)
EMNIST:'J' -> CIFAR10 ❌ (Uncertain)
EMNIST:'K' -> CIFAR10 ❌ (Uncertain)
EMNIST:'L' -> CIFAR10 ❌ (Uncertain)
EMNIST:'M' -> CIFAR10 ❌ (Uncertain)
EMNIST:'N' -> CIFAR10 ❌ (Uncertain)
EMNIST:'O' -> CIFAR10 ❌ (Uncertain)
EMNIST:'P' -> CIFAR10 ❌ (Uncertain)
EMNIST:'Q' -> CIFAR10 ❌ (Uncertain)
EMNIST:'R' -> CIFAR10 ❌ (Uncertain)
EMNIST:'S' -> CIFAR10 ❌ (Uncertain)
EMNIST:'T' -> CIFAR10 ❌ (Uncertain)
EMNIST:'U' -> CIFAR10 ❌ (Uncertain)
EMNIST:'V' -> CIFAR10 ❌ (Uncertain)
EMNIST:'W' -> CIFAR10 ❌ (Uncertain)
EMNIST:'X' -> CIFAR10 ❌ (Uncertain)
EMNIST:'Y' -> CIFAR10 ❌ (Uncertain)
EMNIST:'Z' -> CIFAR10 ❌ (Uncertain)
EMNIST:'a' -> CIFAR10 ❌ (Uncertain)
EMNIST:'b' -> CIFAR10 ❌ (Uncertain)
EMNIST:'c' -> CIFAR10 ❌ (Uncertain)
EMNIST:'d' -> CIFAR10 ❌ (Uncertain)
EMNIST:'e' -> CIFAR10 ❌ (Uncertain)
EMNIST:'f' -> CIFAR10 ❌ (Uncertain)
EMNIST:'g' -> CIFAR10 ❌ (Uncertain)
EMNIST:'h' -> CIFAR10 ❌ (Uncertain)
EMNIST:'i' -> CIFAR10 ❌ (Uncertain)
EMNIST:'j' -> CIFAR10 ❌ (Uncertain)
EMNIST:'k' -> CIFAR10 ❌ (Uncertain)
EMNIST:'l' -> CIFAR10 ❌ (Uncertain)
EMNIST:'m' -> CIFAR10 ❌ (Uncertain)
EMNIST:'n' -> CIFAR10 ❌ (Uncertain)
EMNIST:'o' -> CIFAR10 ❌ (Uncertain)
EMNIST:'p' -> CIFAR10 ❌ (Uncertain)
EMNIST:'q' -> CIFAR10 ❌ (Uncertain)
EMNIST:'r' -> CIFAR10 ❌ (Uncertain)
EMNIST:'s' -> CIFAR10 ❌ (Uncertain)
EMNIST:'t' -> CIFAR10 ❌ (Uncertain)
EMNIST:'u' -> CIFAR10 ❌ (Uncertain)
EMNIST:'v' -> CIFAR10 ❌ (Uncertain)
EMNIST:'w' -> CIFAR10 ❌ (Uncertain)
EMNIST:'x' -> CIFAR10 ❌ (Uncertain)
EMNIST:'y' -> CIFAR10 ❌ (Uncertain)
EMNIST:'z' -> CIFAR10 ❌ (Uncertain)
CIFAR10:'airplane' -> MNIST ❌ (Uncertain)
CIFAR10:'bird' -> MNIST ❌ (Uncertain)
CIFAR10:'cat' -> MNIST ❌ (Uncertain)
CIFAR10:'deer' -> MNIST ❌ (Uncertain)
CIFAR10:'dog' -> MNIST ❌ (Uncertain)
CIFAR10:'frog' -> MNIST ❌ (Uncertain)
CIFAR10:'horse' -> MNIST ❌ (Uncertain)
CIFAR10:'ship' -> MNIST ❌ (Uncertain)
CIFAR10:'truck' -> MNIST ❌ (Uncertain)
CIFAR10:'airplane' -> EMNIST | Predict: '0' (Ent: 1.73)
CIFAR10:'automobile' -> EMNIST | Predict: '0' (Ent: 1.65)
CIFAR10:'bird' -> EMNIST | Predict: '8' (Ent: 1.62)
CIFAR10:'cat' -> EMNIST ❌ (Uncertain)
CIFAR10:'deer' -> EMNIST | Predict: '8' (Ent: 1.81)
CIFAR10:'dog' -> EMNIST | Predict: '8' (Ent: 1.85)
CIFAR10:'frog' -> EMNIST ❌ (Uncertain)
CIFAR10:'horse' -> EMNIST | Predict: '8' (Ent: 1.77)
CIFAR10:'ship' -> EMNIST | Predict: '0' (Ent: 1.76)
CIFAR10:'truck' -> EMNIST | Predict: '0' (Ent: 1.61)
Exp: Old Gen + New Ent (0.5)
dynamic_entropy_ratio: 0.5
MNIST:'0' -> EMNIST ❌ (Uncertain)
MNIST:'1' -> EMNIST ❌ (Uncertain)
MNIST:'2' -> EMNIST ❌ (Uncertain)
MNIST:'3' -> EMNIST ❌ (Uncertain)
MNIST:'4' -> EMNIST ❌ (Uncertain)
MNIST:'5' -> EMNIST ❌ (Uncertain)
MNIST:'6' -> EMNIST ❌ (Uncertain)
MNIST:'7' -> EMNIST ❌ (Uncertain)
MNIST:'8' -> EMNIST ❌ (Uncertain)
MNIST:'9' -> EMNIST ❌ (Uncertain)
MNIST:'0' -> CIFAR10 | Predict: 'automobile' (Ent: 0.92)
MNIST:'1' -> CIFAR10 ❌ (Uncertain)
MNIST:'2' -> CIFAR10 ❌ (Uncertain)
MNIST:'3' -> CIFAR10 | Predict: 'automobile' (Ent: 0.93)
MNIST:'4' -> CIFAR10 | Predict: 'automobile' (Ent: 1.10)
MNIST:'5' -> CIFAR10 ❌ (Uncertain)
MNIST:'6' -> CIFAR10 ❌ (Uncertain)
MNIST:'7' -> CIFAR10 | Predict: 'automobile' (Ent: 0.86)
MNIST:'8' -> CIFAR10 | Predict: 'automobile' (Ent: 0.98)
MNIST:'9' -> CIFAR10 ❌ (Uncertain)
EMNIST:'0' -> MNIST ❌ (Uncertain)
EMNIST:'1' -> MNIST ❌ (Uncertain)
EMNIST:'2' -> MNIST ❌ (Uncertain)
EMNIST:'3' -> MNIST ❌ (Uncertain)
EMNIST:'4' -> MNIST ❌ (Uncertain)
EMNIST:'5' -> MNIST ❌ (Uncertain)
EMNIST:'6' -> MNIST ❌ (Uncertain)
EMNIST:'7' -> MNIST ❌ (Uncertain)
EMNIST:'8' -> MNIST ❌ (Uncertain)
EMNIST:'9' -> MNIST ❌ (Uncertain)
EMNIST:'A' -> MNIST ❌ (Uncertain)
EMNIST:'B' -> MNIST ❌ (Uncertain)
EMNIST:'C' -> MNIST ❌ (Uncertain)
EMNIST:'D' -> MNIST ❌ (Uncertain)
EMNIST:'E' -> MNIST ❌ (Uncertain)
EMNIST:'F' -> MNIST ❌ (Uncertain)
EMNIST:'G' -> MNIST ❌ (Uncertain)
EMNIST:'H' -> MNIST ❌ (Uncertain)
EMNIST:'I' -> MNIST ❌ (Uncertain)
EMNIST:'J' -> MNIST ❌ (Uncertain)
EMNIST:'K' -> MNIST ❌ (Uncertain)
EMNIST:'L' -> MNIST ❌ (Uncertain)
EMNIST:'M' -> MNIST ❌ (Uncertain)
EMNIST:'N' -> MNIST ❌ (Uncertain)
EMNIST:'O' -> MNIST ❌ (Uncertain)
EMNIST:'P' -> MNIST ❌ (Uncertain)
EMNIST:'Q' -> MNIST ❌ (Uncertain)
EMNIST:'R' -> MNIST ❌ (Uncertain)
EMNIST:'S' -> MNIST ❌ (Uncertain)
EMNIST:'T' -> MNIST ❌ (Uncertain)
EMNIST:'U' -> MNIST ❌ (Uncertain)
EMNIST:'V' -> MNIST ❌ (Uncertain)
EMNIST:'W' -> MNIST ❌ (Uncertain)
EMNIST:'X' -> MNIST ❌ (Uncertain)
EMNIST:'Y' -> MNIST ❌ (Uncertain)
EMNIST:'Z' -> MNIST ❌ (Uncertain)
EMNIST:'a' -> MNIST ❌ (Uncertain)
EMNIST:'b' -> MNIST ❌ (Uncertain)
EMNIST:'c' -> MNIST ❌ (Uncertain)
EMNIST:'d' -> MNIST ❌ (Uncertain)
EMNIST:'e' -> MNIST ❌ (Uncertain)
EMNIST:'f' -> MNIST ❌ (Uncertain)
EMNIST:'g' -> MNIST ❌ (Uncertain)
EMNIST:'h' -> MNIST ❌ (Uncertain)
EMNIST:'i' -> MNIST ❌ (Uncertain)
EMNIST:'j' -> MNIST ❌ (Uncertain)
EMNIST:'k' -> MNIST ❌ (Uncertain)
EMNIST:'l' -> MNIST ❌ (Uncertain)
EMNIST:'m' -> MNIST ❌ (Uncertain)
EMNIST:'n' -> MNIST ❌ (Uncertain)
EMNIST:'o' -> MNIST ❌ (Uncertain)
EMNIST:'p' -> MNIST ❌ (Uncertain)
EMNIST:'q' -> MNIST ❌ (Uncertain)
EMNIST:'r' -> MNIST ❌ (Uncertain)
EMNIST:'s' -> MNIST ❌ (Uncertain)
EMNIST:'t' -> MNIST ❌ (Uncertain)
EMNIST:'u' -> MNIST ❌ (Uncertain)
EMNIST:'v' -> MNIST ❌ (Uncertain)
EMNIST:'w' -> MNIST ❌ (Uncertain)
EMNIST:'x' -> MNIST ❌ (Uncertain)
EMNIST:'y' -> MNIST ❌ (Uncertain)
EMNIST:'z' -> MNIST ❌ (Uncertain)
EMNIST:'0' -> CIFAR10 ❌ (Uncertain)
EMNIST:'1' -> CIFAR10 ❌ (Uncertain)
EMNIST:'2' -> CIFAR10 ❌ (Uncertain)
EMNIST:'3' -> CIFAR10 ❌ (Uncertain)
EMNIST:'4' -> CIFAR10 ❌ (Uncertain)
EMNIST:'5' -> CIFAR10 ❌ (Uncertain)
EMNIST:'6' -> CIFAR10 ❌ (Uncertain)
EMNIST:'7' -> CIFAR10 ❌ (Uncertain)
EMNIST:'8' -> CIFAR10 ❌ (Uncertain)
EMNIST:'9' -> CIFAR10 ❌ (Uncertain)
EMNIST:'A' -> CIFAR10 ❌ (Uncertain)
EMNIST:'B' -> CIFAR10 ❌ (Uncertain)
EMNIST:'C' -> CIFAR10 ❌ (Uncertain)
EMNIST:'D' -> CIFAR10 ❌ (Uncertain)
EMNIST:'E' -> CIFAR10 ❌ (Uncertain)
EMNIST:'F' -> CIFAR10 ❌ (Uncertain)
EMNIST:'G' -> CIFAR10 ❌ (Uncertain)
EMNIST:'H' -> CIFAR10 ❌ (Uncertain)
EMNIST:'I' -> CIFAR10 ❌ (Uncertain)
EMNIST:'J' -> CIFAR10 ❌ (Uncertain)
EMNIST:'K' -> CIFAR10 ❌ (Uncertain)
EMNIST:'L' -> CIFAR10 ❌ (Uncertain)
EMNIST:'M' -> CIFAR10 ❌ (Uncertain)
EMNIST:'N' -> CIFAR10 ❌ (Uncertain)
EMNIST:'O' -> CIFAR10 ❌ (Uncertain)
EMNIST:'P' -> CIFAR10 ❌ (Uncertain)
EMNIST:'Q' -> CIFAR10 ❌ (Uncertain)
EMNIST:'R' -> CIFAR10 ❌ (Uncertain)
EMNIST:'S' -> CIFAR10 ❌ (Uncertain)
EMNIST:'T' -> CIFAR10 ❌ (Uncertain)
EMNIST:'U' -> CIFAR10 ❌ (Uncertain)
EMNIST:'V' -> CIFAR10 ❌ (Uncertain)
EMNIST:'W' -> CIFAR10 ❌ (Uncertain)
EMNIST:'X' -> CIFAR10 ❌ (Uncertain)
EMNIST:'Y' -> CIFAR10 ❌ (Uncertain)
EMNIST:'Z' -> CIFAR10 ❌ (Uncertain)
EMNIST:'a' -> CIFAR10 ❌ (Uncertain)
EMNIST:'b' -> CIFAR10 ❌ (Uncertain)
EMNIST:'c' -> CIFAR10 ❌ (Uncertain)
EMNIST:'d' -> CIFAR10 ❌ (Uncertain)
EMNIST:'e' -> CIFAR10 ❌ (Uncertain)
EMNIST:'f' -> CIFAR10 ❌ (Uncertain)
EMNIST:'g' -> CIFAR10 ❌ (Uncertain)
EMNIST:'h' -> CIFAR10 ❌ (Uncertain)
EMNIST:'i' -> CIFAR10 ❌ (Uncertain)
EMNIST:'j' -> CIFAR10 ❌ (Uncertain)
EMNIST:'k' -> CIFAR10 ❌ (Uncertain)
EMNIST:'l' -> CIFAR10 ❌ (Uncertain)
EMNIST:'m' -> CIFAR10 ❌ (Uncertain)
EMNIST:'n' -> CIFAR10 ❌ (Uncertain)
EMNIST:'o' -> CIFAR10 ❌ (Uncertain)
EMNIST:'p' -> CIFAR10 ❌ (Uncertain)
EMNIST:'q' -> CIFAR10 ❌ (Uncertain)
EMNIST:'r' -> CIFAR10 ❌ (Uncertain)
EMNIST:'s' -> CIFAR10 ❌ (Uncertain)
EMNIST:'t' -> CIFAR10 ❌ (Uncertain)
EMNIST:'u' -> CIFAR10 ❌ (Uncertain)
EMNIST:'v' -> CIFAR10 ❌ (Uncertain)
EMNIST:'w' -> CIFAR10 ❌ (Uncertain)
EMNIST:'x' -> CIFAR10 ❌ (Uncertain)
EMNIST:'y' -> CIFAR10 ❌ (Uncertain)
EMNIST:'z' -> CIFAR10 ❌ (Uncertain)
CIFAR10:'airplane' -> MNIST ❌ (Uncertain)
CIFAR10:'bird' -> MNIST ❌ (Uncertain)
CIFAR10:'cat' -> MNIST ❌ (Uncertain)
CIFAR10:'deer' -> MNIST ❌ (Uncertain)
CIFAR10:'dog' -> MNIST ❌ (Uncertain)
CIFAR10:'frog' -> MNIST ❌ (Uncertain)
CIFAR10:'horse' -> MNIST ❌ (Uncertain)
CIFAR10:'ship' -> MNIST ❌ (Uncertain)
CIFAR10:'truck' -> MNIST ❌ (Uncertain)
CIFAR10:'airplane' -> EMNIST | Predict: '0' (Ent: 2.04)
CIFAR10:'automobile' -> EMNIST ❌ (Uncertain)
CIFAR10:'bird' -> EMNIST | Predict: '8' (Ent: 1.88)
CIFAR10:'cat' -> EMNIST | Predict: '0' (Ent: 1.91)
CIFAR10:'deer' -> EMNIST | Predict: '8' (Ent: 1.82)
CIFAR10:'dog' -> EMNIST | Predict: '8' (Ent: 1.90)
CIFAR10:'frog' -> EMNIST ❌ (Uncertain)
CIFAR10:'horse' -> EMNIST | Predict: '8' (Ent: 1.75)
CIFAR10:'ship' -> EMNIST | Predict: '0' (Ent: 1.71)
CIFAR10:'truck' -> EMNIST ❌ (Uncertain)
Exp: Old Gen + New Ent (0.55)
dynamic_entropy_ratio: 0.55
MNIST:'0' -> EMNIST ❌ (Uncertain)
MNIST:'1' -> EMNIST ❌ (Uncertain)
MNIST:'2' -> EMNIST | Predict: 'B' (Ent: 2.03)
MNIST:'3' -> EMNIST ❌ (Uncertain)
MNIST:'4' -> EMNIST ❌ (Uncertain)
MNIST:'5' -> EMNIST ❌ (Uncertain)
MNIST:'6' -> EMNIST ❌ (Uncertain)
MNIST:'7' -> EMNIST ❌ (Uncertain)
MNIST:'8' -> EMNIST ❌ (Uncertain)
MNIST:'9' -> EMNIST ❌ (Uncertain)
MNIST:'0' -> CIFAR10 ❌ (Uncertain)
MNIST:'1' -> CIFAR10 ❌ (Uncertain)
MNIST:'2' -> CIFAR10 ❌ (Uncertain)
MNIST:'3' -> CIFAR10 | Predict: 'automobile' (Ent: 0.82)
MNIST:'4' -> CIFAR10 ❌ (Uncertain)
MNIST:'5' -> CIFAR10 ❌ (Uncertain)
MNIST:'6' -> CIFAR10 ❌ (Uncertain)
MNIST:'7' -> CIFAR10 | Predict: 'automobile' (Ent: 1.01)
MNIST:'8' -> CIFAR10 | Predict: 'automobile' (Ent: 0.94)
MNIST:'9' -> CIFAR10 ❌ (Uncertain)
EMNIST:'0' -> MNIST ❌ (Uncertain)
EMNIST:'1' -> MNIST ❌ (Uncertain)
EMNIST:'2' -> MNIST ❌ (Uncertain)
EMNIST:'3' -> MNIST ❌ (Uncertain)
EMNIST:'4' -> MNIST ❌ (Uncertain)
EMNIST:'5' -> MNIST ❌ (Uncertain)
EMNIST:'6' -> MNIST ❌ (Uncertain)
EMNIST:'7' -> MNIST ❌ (Uncertain)
EMNIST:'8' -> MNIST ❌ (Uncertain)
EMNIST:'9' -> MNIST ❌ (Uncertain)
EMNIST:'A' -> MNIST ❌ (Uncertain)
EMNIST:'C' -> MNIST ❌ (Uncertain)
EMNIST:'D' -> MNIST ❌ (Uncertain)
EMNIST:'E' -> MNIST ❌ (Uncertain)
EMNIST:'F' -> MNIST ❌ (Uncertain)
EMNIST:'G' -> MNIST ❌ (Uncertain)
EMNIST:'H' -> MNIST ❌ (Uncertain)
EMNIST:'I' -> MNIST ❌ (Uncertain)
EMNIST:'J' -> MNIST ❌ (Uncertain)
EMNIST:'K' -> MNIST ❌ (Uncertain)
EMNIST:'L' -> MNIST ❌ (Uncertain)
EMNIST:'M' -> MNIST ❌ (Uncertain)
EMNIST:'N' -> MNIST ❌ (Uncertain)
EMNIST:'O' -> MNIST ❌ (Uncertain)
EMNIST:'P' -> MNIST ❌ (Uncertain)
EMNIST:'Q' -> MNIST ❌ (Uncertain)
EMNIST:'R' -> MNIST ❌ (Uncertain)
EMNIST:'S' -> MNIST ❌ (Uncertain)
EMNIST:'T' -> MNIST ❌ (Uncertain)
EMNIST:'U' -> MNIST ❌ (Uncertain)
EMNIST:'V' -> MNIST ❌ (Uncertain)
EMNIST:'W' -> MNIST ❌ (Uncertain)
EMNIST:'X' -> MNIST ❌ (Uncertain)
EMNIST:'Y' -> MNIST ❌ (Uncertain)
EMNIST:'Z' -> MNIST ❌ (Uncertain)
EMNIST:'a' -> MNIST ❌ (Uncertain)
EMNIST:'b' -> MNIST ❌ (Uncertain)
EMNIST:'c' -> MNIST ❌ (Uncertain)
EMNIST:'d' -> MNIST ❌ (Uncertain)
EMNIST:'e' -> MNIST ❌ (Uncertain)
EMNIST:'f' -> MNIST ❌ (Uncertain)
EMNIST:'g' -> MNIST ❌ (Uncertain)
EMNIST:'h' -> MNIST ❌ (Uncertain)
EMNIST:'i' -> MNIST ❌ (Uncertain)
EMNIST:'j' -> MNIST ❌ (Uncertain)
EMNIST:'k' -> MNIST ❌ (Uncertain)
EMNIST:'l' -> MNIST ❌ (Uncertain)
EMNIST:'m' -> MNIST ❌ (Uncertain)
EMNIST:'n' -> MNIST ❌ (Uncertain)
EMNIST:'o' -> MNIST ❌ (Uncertain)
EMNIST:'p' -> MNIST ❌ (Uncertain)
EMNIST:'q' -> MNIST ❌ (Uncertain)
EMNIST:'r' -> MNIST ❌ (Uncertain)
EMNIST:'s' -> MNIST ❌ (Uncertain)
EMNIST:'t' -> MNIST ❌ (Uncertain)
EMNIST:'u' -> MNIST ❌ (Uncertain)
EMNIST:'v' -> MNIST ❌ (Uncertain)
EMNIST:'w' -> MNIST ❌ (Uncertain)
EMNIST:'x' -> MNIST ❌ (Uncertain)
EMNIST:'y' -> MNIST ❌ (Uncertain)
EMNIST:'z' -> MNIST ❌ (Uncertain)
EMNIST:'0' -> CIFAR10 ❌ (Uncertain)
EMNIST:'1' -> CIFAR10 ❌ (Uncertain)
EMNIST:'2' -> CIFAR10 ❌ (Uncertain)
EMNIST:'3' -> CIFAR10 ❌ (Uncertain)
EMNIST:'4' -> CIFAR10 ❌ (Uncertain)
EMNIST:'5' -> CIFAR10 ❌ (Uncertain)
EMNIST:'6' -> CIFAR10 ❌ (Uncertain)
EMNIST:'7' -> CIFAR10 ❌ (Uncertain)
EMNIST:'8' -> CIFAR10 ❌ (Uncertain)
EMNIST:'9' -> CIFAR10 ❌ (Uncertain)
EMNIST:'A' -> CIFAR10 ❌ (Uncertain)
EMNIST:'B' -> CIFAR10 ❌ (Uncertain)
EMNIST:'C' -> CIFAR10 ❌ (Uncertain)
EMNIST:'D' -> CIFAR10 ❌ (Uncertain)
EMNIST:'E' -> CIFAR10 ❌ (Uncertain)
EMNIST:'F' -> CIFAR10 ❌ (Uncertain)
EMNIST:'G' -> CIFAR10 ❌ (Uncertain)
EMNIST:'H' -> CIFAR10 ❌ (Uncertain)
EMNIST:'I' -> CIFAR10 ❌ (Uncertain)
EMNIST:'J' -> CIFAR10 ❌ (Uncertain)
EMNIST:'K' -> CIFAR10 ❌ (Uncertain)
EMNIST:'L' -> CIFAR10 ❌ (Uncertain)
EMNIST:'M' -> CIFAR10 ❌ (Uncertain)
EMNIST:'N' -> CIFAR10 ❌ (Uncertain)
EMNIST:'O' -> CIFAR10 ❌ (Uncertain)
EMNIST:'P' -> CIFAR10 ❌ (Uncertain)
EMNIST:'Q' -> CIFAR10 ❌ (Uncertain)
EMNIST:'R' -> CIFAR10 ❌ (Uncertain)
EMNIST:'S' -> CIFAR10 ❌ (Uncertain)
EMNIST:'T' -> CIFAR10 ❌ (Uncertain)
EMNIST:'U' -> CIFAR10 ❌ (Uncertain)
EMNIST:'V' -> CIFAR10 ❌ (Uncertain)
EMNIST:'W' -> CIFAR10 ❌ (Uncertain)
EMNIST:'X' -> CIFAR10 ❌ (Uncertain)
EMNIST:'Y' -> CIFAR10 ❌ (Uncertain)
EMNIST:'Z' -> CIFAR10 ❌ (Uncertain)
EMNIST:'a' -> CIFAR10 ❌ (Uncertain)
EMNIST:'b' -> CIFAR10 ❌ (Uncertain)
EMNIST:'c' -> CIFAR10 ❌ (Uncertain)
EMNIST:'d' -> CIFAR10 ❌ (Uncertain)
EMNIST:'e' -> CIFAR10 ❌ (Uncertain)
EMNIST:'f' -> CIFAR10 ❌ (Uncertain)
EMNIST:'g' -> CIFAR10 ❌ (Uncertain)
EMNIST:'h' -> CIFAR10 ❌ (Uncertain)
EMNIST:'i' -> CIFAR10 ❌ (Uncertain)
EMNIST:'j' -> CIFAR10 ❌ (Uncertain)
EMNIST:'k' -> CIFAR10 ❌ (Uncertain)
EMNIST:'l' -> CIFAR10 ❌ (Uncertain)
EMNIST:'m' -> CIFAR10 ❌ (Uncertain)
EMNIST:'n' -> CIFAR10 ❌ (Uncertain)
EMNIST:'o' -> CIFAR10 ❌ (Uncertain)
EMNIST:'p' -> CIFAR10 ❌ (Uncertain)
EMNIST:'q' -> CIFAR10 ❌ (Uncertain)
EMNIST:'r' -> CIFAR10 ❌ (Uncertain)
EMNIST:'s' -> CIFAR10 ❌ (Uncertain)
EMNIST:'t' -> CIFAR10 ❌ (Uncertain)
EMNIST:'u' -> CIFAR10 ❌ (Uncertain)
EMNIST:'v' -> CIFAR10 ❌ (Uncertain)
EMNIST:'w' -> CIFAR10 ❌ (Uncertain)
EMNIST:'x' -> CIFAR10 ❌ (Uncertain)
EMNIST:'y' -> CIFAR10 ❌ (Uncertain)
EMNIST:'z' -> CIFAR10 ❌ (Uncertain)
CIFAR10:'airplane' -> MNIST ❌ (Uncertain)
CIFAR10:'bird' -> MNIST ❌ (Uncertain)
CIFAR10:'cat' -> MNIST ❌ (Uncertain)
CIFAR10:'deer' -> MNIST ❌ (Uncertain)
CIFAR10:'dog' -> MNIST ❌ (Uncertain)
CIFAR10:'frog' -> MNIST ❌ (Uncertain)
CIFAR10:'horse' -> MNIST ❌ (Uncertain)
CIFAR10:'ship' -> MNIST ❌ (Uncertain)
CIFAR10:'truck' -> MNIST ❌ (Uncertain)
CIFAR10:'airplane' -> EMNIST ❌ (Uncertain)
CIFAR10:'automobile' -> EMNIST ❌ (Uncertain)
CIFAR10:'bird' -> EMNIST | Predict: '8' (Ent: 2.18)
CIFAR10:'cat' -> EMNIST ❌ (Uncertain)
CIFAR10:'deer' -> EMNIST | Predict: '8' (Ent: 2.17)
CIFAR10:'dog' -> EMNIST | Predict: '8' (Ent: 2.18)
CIFAR10:'frog' -> EMNIST ❌ (Uncertain)
CIFAR10:'horse' -> EMNIST | Predict: '8' (Ent: 2.02)
CIFAR10:'ship' -> EMNIST | Predict: '8' (Ent: 2.15)
CIFAR10:'truck' -> EMNIST ❌ (Uncertain)
Exp: Old Gen + New Ent (0.6)
dynamic_entropy_ratio: 0.6
MNIST:'0' -> EMNIST | Predict: '8' (Ent: 2.45)
MNIST:'1' -> EMNIST ❌ (Uncertain)
MNIST:'2' -> EMNIST ❌ (Uncertain)
MNIST:'3' -> EMNIST | Predict: 'B' (Ent: 2.45)
MNIST:'4' -> EMNIST ❌ (Uncertain)
MNIST:'5' -> EMNIST ❌ (Uncertain)
MNIST:'6' -> EMNIST | Predict: '8' (Ent: 2.38)
MNIST:'7' -> EMNIST ❌ (Uncertain)
MNIST:'8' -> EMNIST ❌ (Uncertain)
MNIST:'9' -> EMNIST ❌ (Uncertain)
MNIST:'0' -> CIFAR10 ❌ (Uncertain)
MNIST:'1' -> CIFAR10 ❌ (Uncertain)
MNIST:'2' -> CIFAR10 ❌ (Uncertain)
MNIST:'3' -> CIFAR10 | Predict: 'automobile' (Ent: 1.12)
MNIST:'4' -> CIFAR10 ❌ (Uncertain)
MNIST:'5' -> CIFAR10 ❌ (Uncertain)
MNIST:'6' -> CIFAR10 ❌ (Uncertain)
MNIST:'7' -> CIFAR10 | Predict: 'automobile' (Ent: 1.21)
MNIST:'8' -> CIFAR10 ❌ (Uncertain)
MNIST:'9' -> CIFAR10 ❌ (Uncertain)
EMNIST:'0' -> MNIST ❌ (Uncertain)
EMNIST:'1' -> MNIST ❌ (Uncertain)
EMNIST:'2' -> MNIST ❌ (Uncertain)
EMNIST:'3' -> MNIST ❌ (Uncertain)
EMNIST:'4' -> MNIST ❌ (Uncertain)
EMNIST:'5' -> MNIST ❌ (Uncertain)
EMNIST:'6' -> MNIST ❌ (Uncertain)
EMNIST:'7' -> MNIST ❌ (Uncertain)
EMNIST:'9' -> MNIST ❌ (Uncertain)
EMNIST:'A' -> MNIST ❌ (Uncertain)
EMNIST:'C' -> MNIST ❌ (Uncertain)
EMNIST:'D' -> MNIST ❌ (Uncertain)
EMNIST:'E' -> MNIST ❌ (Uncertain)
EMNIST:'F' -> MNIST ❌ (Uncertain)
EMNIST:'G' -> MNIST ❌ (Uncertain)
EMNIST:'H' -> MNIST ❌ (Uncertain)
EMNIST:'I' -> MNIST ❌ (Uncertain)
EMNIST:'J' -> MNIST ❌ (Uncertain)
EMNIST:'K' -> MNIST ❌ (Uncertain)
EMNIST:'L' -> MNIST ❌ (Uncertain)
EMNIST:'M' -> MNIST ❌ (Uncertain)
EMNIST:'N' -> MNIST ❌ (Uncertain)
EMNIST:'O' -> MNIST ❌ (Uncertain)
EMNIST:'P' -> MNIST ❌ (Uncertain)
EMNIST:'Q' -> MNIST ❌ (Uncertain)
EMNIST:'R' -> MNIST ❌ (Uncertain)
EMNIST:'S' -> MNIST ❌ (Uncertain)
EMNIST:'T' -> MNIST ❌ (Uncertain)
EMNIST:'U' -> MNIST ❌ (Uncertain)
EMNIST:'V' -> MNIST ❌ (Uncertain)
EMNIST:'W' -> MNIST ❌ (Uncertain)
EMNIST:'X' -> MNIST ❌ (Uncertain)
EMNIST:'Y' -> MNIST ❌ (Uncertain)
EMNIST:'Z' -> MNIST ❌ (Uncertain)
EMNIST:'a' -> MNIST ❌ (Uncertain)
EMNIST:'b' -> MNIST ❌ (Uncertain)
EMNIST:'c' -> MNIST ❌ (Uncertain)
EMNIST:'d' -> MNIST ❌ (Uncertain)
EMNIST:'e' -> MNIST ❌ (Uncertain)
EMNIST:'f' -> MNIST ❌ (Uncertain)
EMNIST:'g' -> MNIST ❌ (Uncertain)
EMNIST:'h' -> MNIST ❌ (Uncertain)
EMNIST:'i' -> MNIST ❌ (Uncertain)
EMNIST:'j' -> MNIST ❌ (Uncertain)
EMNIST:'k' -> MNIST ❌ (Uncertain)
EMNIST:'l' -> MNIST ❌ (Uncertain)
EMNIST:'m' -> MNIST ❌ (Uncertain)
EMNIST:'n' -> MNIST ❌ (Uncertain)
EMNIST:'o' -> MNIST ❌ (Uncertain)
EMNIST:'p' -> MNIST ❌ (Uncertain)
EMNIST:'q' -> MNIST ❌ (Uncertain)
EMNIST:'r' -> MNIST ❌ (Uncertain)
EMNIST:'s' -> MNIST ❌ (Uncertain)
EMNIST:'t' -> MNIST ❌ (Uncertain)
EMNIST:'u' -> MNIST ❌ (Uncertain)
EMNIST:'v' -> MNIST ❌ (Uncertain)
EMNIST:'w' -> MNIST ❌ (Uncertain)
EMNIST:'x' -> MNIST ❌ (Uncertain)
EMNIST:'y' -> MNIST ❌ (Uncertain)
EMNIST:'z' -> MNIST ❌ (Uncertain)
EMNIST:'0' -> CIFAR10 ❌ (Uncertain)
EMNIST:'1' -> CIFAR10 ❌ (Uncertain)
EMNIST:'2' -> CIFAR10 ❌ (Uncertain)
EMNIST:'3' -> CIFAR10 ❌ (Uncertain)
EMNIST:'4' -> CIFAR10 ❌ (Uncertain)
EMNIST:'5' -> CIFAR10 ❌ (Uncertain)
EMNIST:'6' -> CIFAR10 ❌ (Uncertain)
EMNIST:'7' -> CIFAR10 ❌ (Uncertain)
EMNIST:'8' -> CIFAR10 ❌ (Uncertain)
EMNIST:'9' -> CIFAR10 ❌ (Uncertain)
EMNIST:'A' -> CIFAR10 ❌ (Uncertain)
EMNIST:'B' -> CIFAR10 ❌ (Uncertain)
EMNIST:'C' -> CIFAR10 ❌ (Uncertain)
EMNIST:'D' -> CIFAR10 ❌ (Uncertain)
EMNIST:'E' -> CIFAR10 ❌ (Uncertain)
EMNIST:'F' -> CIFAR10 ❌ (Uncertain)
EMNIST:'G' -> CIFAR10 ❌ (Uncertain)
EMNIST:'H' -> CIFAR10 ❌ (Uncertain)
EMNIST:'I' -> CIFAR10 ❌ (Uncertain)
EMNIST:'J' -> CIFAR10 ❌ (Uncertain)
EMNIST:'K' -> CIFAR10 ❌ (Uncertain)
EMNIST:'L' -> CIFAR10 ❌ (Uncertain)
EMNIST:'M' -> CIFAR10 ❌ (Uncertain)
EMNIST:'N' -> CIFAR10 ❌ (Uncertain)
EMNIST:'O' -> CIFAR10 ❌ (Uncertain)
EMNIST:'P' -> CIFAR10 ❌ (Uncertain)
EMNIST:'Q' -> CIFAR10 ❌ (Uncertain)
EMNIST:'R' -> CIFAR10 ❌ (Uncertain)
EMNIST:'S' -> CIFAR10 ❌ (Uncertain)
EMNIST:'T' -> CIFAR10 ❌ (Uncertain)
EMNIST:'U' -> CIFAR10 ❌ (Uncertain)
EMNIST:'V' -> CIFAR10 ❌ (Uncertain)
EMNIST:'W' -> CIFAR10 ❌ (Uncertain)
EMNIST:'X' -> CIFAR10 ❌ (Uncertain)
EMNIST:'Y' -> CIFAR10 ❌ (Uncertain)
EMNIST:'Z' -> CIFAR10 ❌ (Uncertain)
EMNIST:'a' -> CIFAR10 ❌ (Uncertain)
EMNIST:'b' -> CIFAR10 ❌ (Uncertain)
EMNIST:'c' -> CIFAR10 ❌ (Uncertain)
EMNIST:'d' -> CIFAR10 ❌ (Uncertain)
EMNIST:'e' -> CIFAR10 ❌ (Uncertain)
EMNIST:'f' -> CIFAR10 ❌ (Uncertain)
EMNIST:'g' -> CIFAR10 ❌ (Uncertain)
EMNIST:'h' -> CIFAR10 ❌ (Uncertain)
EMNIST:'i' -> CIFAR10 ❌ (Uncertain)
EMNIST:'j' -> CIFAR10 ❌ (Uncertain)
EMNIST:'k' -> CIFAR10 ❌ (Uncertain)
EMNIST:'l' -> CIFAR10 ❌ (Uncertain)
EMNIST:'m' -> CIFAR10 ❌ (Uncertain)
EMNIST:'n' -> CIFAR10 ❌ (Uncertain)
EMNIST:'o' -> CIFAR10 ❌ (Uncertain)
EMNIST:'p' -> CIFAR10 ❌ (Uncertain)
EMNIST:'q' -> CIFAR10 ❌ (Uncertain)
EMNIST:'r' -> CIFAR10 ❌ (Uncertain)
EMNIST:'s' -> CIFAR10 ❌ (Uncertain)
EMNIST:'t' -> CIFAR10 ❌ (Uncertain)
EMNIST:'u' -> CIFAR10 ❌ (Uncertain)
EMNIST:'v' -> CIFAR10 ❌ (Uncertain)
EMNIST:'w' -> CIFAR10 ❌ (Uncertain)
EMNIST:'x' -> CIFAR10 ❌ (Uncertain)
EMNIST:'y' -> CIFAR10 ❌ (Uncertain)
EMNIST:'z' -> CIFAR10 ❌ (Uncertain)
CIFAR10:'airplane' -> MNIST ❌ (Uncertain)
CIFAR10:'bird' -> MNIST ❌ (Uncertain)
CIFAR10:'cat' -> MNIST ❌ (Uncertain)
CIFAR10:'deer' -> MNIST ❌ (Uncertain)
CIFAR10:'dog' -> MNIST ❌ (Uncertain)
CIFAR10:'frog' -> MNIST ❌ (Uncertain)
CIFAR10:'horse' -> MNIST ❌ (Uncertain)
CIFAR10:'ship' -> MNIST ❌ (Uncertain)
CIFAR10:'truck' -> MNIST ❌ (Uncertain)
CIFAR10:'airplane' -> EMNIST | Predict: '0' (Ent: 2.43)
CIFAR10:'automobile' -> EMNIST | Predict: '0' (Ent: 2.45)
CIFAR10:'bird' -> EMNIST | Predict: '8' (Ent: 2.39)
CIFAR10:'cat' -> EMNIST ❌ (Uncertain)
CIFAR10:'deer' -> EMNIST | Predict: '8' (Ent: 2.38)
CIFAR10:'dog' -> EMNIST | Predict: '8' (Ent: 2.17)
CIFAR10:'frog' -> EMNIST ❌ (Uncertain)
CIFAR10:'horse' -> EMNIST ❌ (Uncertain)
CIFAR10:'ship' -> EMNIST ❌ (Uncertain)
CIFAR10:'truck' -> EMNIST ❌ (Uncertain)
Exp: Old Gen + New Ent (0.65)
dynamic_entropy_ratio: 0.65
MNIST:'0' -> EMNIST ❌ (Uncertain)
MNIST:'1' -> EMNIST ❌ (Uncertain)
MNIST:'2' -> EMNIST ❌ (Uncertain)
MNIST:'3' -> EMNIST ❌ (Uncertain)
MNIST:'4' -> EMNIST ❌ (Uncertain)
MNIST:'5' -> EMNIST | Predict: 'E' (Ent: 2.65)
  ⚠️ [Mismatch] Cycle Back predicted '8' (Expected '5') (Ent: 1.49)
MNIST:'6' -> EMNIST | Predict: '8' (Ent: 2.42)
MNIST:'7' -> EMNIST | Predict: '8' (Ent: 2.63)
MNIST:'8' -> EMNIST ❌ (Uncertain)
MNIST:'9' -> EMNIST | Predict: '8' (Ent: 2.50)
MNIST:'0' -> CIFAR10 ❌ (Uncertain)
MNIST:'1' -> CIFAR10 ❌ (Uncertain)
MNIST:'2' -> CIFAR10 ❌ (Uncertain)
MNIST:'3' -> CIFAR10 ❌ (Uncertain)
MNIST:'4' -> CIFAR10 ❌ (Uncertain)
MNIST:'5' -> CIFAR10 ❌ (Uncertain)
MNIST:'6' -> CIFAR10 ❌ (Uncertain)
MNIST:'7' -> CIFAR10 | Predict: 'automobile' (Ent: 1.47)
MNIST:'8' -> CIFAR10 ❌ (Uncertain)
MNIST:'9' -> CIFAR10 ❌ (Uncertain)
EMNIST:'0' -> MNIST | Predict: '8' (Ent: 1.48)
EMNIST:'1' -> MNIST | Predict: '8' (Ent: 1.49)
EMNIST:'2' -> MNIST ❌ (Uncertain)
EMNIST:'3' -> MNIST | Predict: '8' (Ent: 1.49)
EMNIST:'4' -> MNIST ❌ (Uncertain)
EMNIST:'5' -> MNIST | Predict: '8' (Ent: 1.49)
EMNIST:'6' -> MNIST ❌ (Uncertain)
EMNIST:'7' -> MNIST ❌ (Uncertain)
EMNIST:'9' -> MNIST | Predict: '8' (Ent: 1.49)
EMNIST:'A' -> MNIST | Predict: '8' (Ent: 1.47)
EMNIST:'B' -> MNIST | Predict: '8' (Ent: 1.43)
EMNIST:'C' -> MNIST | Predict: '8' (Ent: 1.49)
EMNIST:'D' -> MNIST | Predict: '8' (Ent: 1.49)
EMNIST:'F' -> MNIST ❌ (Uncertain)
EMNIST:'G' -> MNIST | Predict: '8' (Ent: 1.47)
EMNIST:'H' -> MNIST ❌ (Uncertain)
EMNIST:'I' -> MNIST | Predict: '8' (Ent: 1.47)
EMNIST:'J' -> MNIST | Predict: '8' (Ent: 1.49)
EMNIST:'K' -> MNIST ❌ (Uncertain)
EMNIST:'L' -> MNIST | Predict: '8' (Ent: 1.49)
EMNIST:'M' -> MNIST | Predict: '8' (Ent: 1.47)
EMNIST:'N' -> MNIST | Predict: '8' (Ent: 1.48)
EMNIST:'O' -> MNIST | Predict: '8' (Ent: 1.48)
EMNIST:'P' -> MNIST | Predict: '8' (Ent: 1.48)
  ⚠️ [Mismatch] Cycle Back predicted 'g' (Expected 'P') (Ent: 2.65)
EMNIST:'Q' -> MNIST | Predict: '8' (Ent: 1.48)
EMNIST:'R' -> MNIST | Predict: '8' (Ent: 1.49)
EMNIST:'S' -> MNIST | Predict: '8' (Ent: 1.49)
EMNIST:'T' -> MNIST ❌ (Uncertain)
EMNIST:'U' -> MNIST | Predict: '8' (Ent: 1.49)
EMNIST:'V' -> MNIST ❌ (Uncertain)
EMNIST:'W' -> MNIST | Predict: '8' (Ent: 1.48)
  ⚠️ [Mismatch] Cycle Back predicted 'B' (Expected 'W') (Ent: 2.66)
EMNIST:'X' -> MNIST | Predict: '8' (Ent: 1.49)
EMNIST:'Y' -> MNIST ❌ (Uncertain)
EMNIST:'Z' -> MNIST | Predict: '8' (Ent: 1.49)
EMNIST:'a' -> MNIST | Predict: '8' (Ent: 1.49)
EMNIST:'b' -> MNIST ❌ (Uncertain)
EMNIST:'c' -> MNIST | Predict: '8' (Ent: 1.47)
EMNIST:'d' -> MNIST | Predict: '8' (Ent: 1.47)
EMNIST:'e' -> MNIST | Predict: '8' (Ent: 1.49)
EMNIST:'f' -> MNIST | Predict: '8' (Ent: 1.49)
EMNIST:'g' -> MNIST ❌ (Uncertain)
EMNIST:'h' -> MNIST | Predict: '8' (Ent: 1.48)
EMNIST:'i' -> MNIST ❌ (Uncertain)
EMNIST:'j' -> MNIST ❌ (Uncertain)
EMNIST:'k' -> MNIST ❌ (Uncertain)
EMNIST:'l' -> MNIST | Predict: '8' (Ent: 1.49)
EMNIST:'m' -> MNIST | Predict: '8' (Ent: 1.45)
  ⚠️ [Mismatch] Cycle Back predicted 'B' (Expected 'm') (Ent: 2.65)
EMNIST:'n' -> MNIST | Predict: '8' (Ent: 1.49)
  ⚠️ [Mismatch] Cycle Back predicted '8' (Expected 'n') (Ent: 2.67)
EMNIST:'o' -> MNIST | Predict: '8' (Ent: 1.48)
EMNIST:'p' -> MNIST ❌ (Uncertain)
EMNIST:'q' -> MNIST ❌ (Uncertain)
EMNIST:'r' -> MNIST | Predict: '8' (Ent: 1.50)
EMNIST:'s' -> MNIST ❌ (Uncertain)
EMNIST:'t' -> MNIST | Predict: '8' (Ent: 1.49)
EMNIST:'u' -> MNIST | Predict: '8' (Ent: 1.49)
EMNIST:'v' -> MNIST | Predict: '8' (Ent: 1.50)
EMNIST:'w' -> MNIST ❌ (Uncertain)
EMNIST:'x' -> MNIST | Predict: '8' (Ent: 1.48)
EMNIST:'y' -> MNIST ❌ (Uncertain)
EMNIST:'z' -> MNIST | Predict: '8' (Ent: 1.49)
EMNIST:'0' -> CIFAR10 ❌ (Uncertain)
EMNIST:'1' -> CIFAR10 ❌ (Uncertain)
EMNIST:'2' -> CIFAR10 ❌ (Uncertain)
EMNIST:'3' -> CIFAR10 ❌ (Uncertain)
EMNIST:'4' -> CIFAR10 ❌ (Uncertain)
EMNIST:'5' -> CIFAR10 ❌ (Uncertain)
EMNIST:'6' -> CIFAR10 ❌ (Uncertain)
EMNIST:'7' -> CIFAR10 ❌ (Uncertain)
EMNIST:'8' -> CIFAR10 ❌ (Uncertain)
EMNIST:'9' -> CIFAR10 ❌ (Uncertain)
EMNIST:'A' -> CIFAR10 ❌ (Uncertain)
EMNIST:'B' -> CIFAR10 ❌ (Uncertain)
EMNIST:'C' -> CIFAR10 ❌ (Uncertain)
EMNIST:'D' -> CIFAR10 ❌ (Uncertain)
EMNIST:'E' -> CIFAR10 ❌ (Uncertain)
EMNIST:'F' -> CIFAR10 ❌ (Uncertain)
EMNIST:'G' -> CIFAR10 ❌ (Uncertain)
EMNIST:'H' -> CIFAR10 ❌ (Uncertain)
EMNIST:'I' -> CIFAR10 ❌ (Uncertain)
EMNIST:'J' -> CIFAR10 ❌ (Uncertain)
EMNIST:'K' -> CIFAR10 ❌ (Uncertain)
EMNIST:'L' -> CIFAR10 ❌ (Uncertain)
EMNIST:'M' -> CIFAR10 ❌ (Uncertain)
EMNIST:'N' -> CIFAR10 ❌ (Uncertain)
EMNIST:'O' -> CIFAR10 ❌ (Uncertain)
EMNIST:'P' -> CIFAR10 ❌ (Uncertain)
EMNIST:'Q' -> CIFAR10 ❌ (Uncertain)
EMNIST:'R' -> CIFAR10 ❌ (Uncertain)
EMNIST:'S' -> CIFAR10 ❌ (Uncertain)
EMNIST:'T' -> CIFAR10 ❌ (Uncertain)
EMNIST:'U' -> CIFAR10 ❌ (Uncertain)
EMNIST:'V' -> CIFAR10 ❌ (Uncertain)
EMNIST:'W' -> CIFAR10 ❌ (Uncertain)
EMNIST:'X' -> CIFAR10 ❌ (Uncertain)
EMNIST:'Y' -> CIFAR10 ❌ (Uncertain)
EMNIST:'Z' -> CIFAR10 ❌ (Uncertain)
EMNIST:'a' -> CIFAR10 ❌ (Uncertain)
EMNIST:'b' -> CIFAR10 ❌ (Uncertain)
EMNIST:'c' -> CIFAR10 ❌ (Uncertain)
EMNIST:'d' -> CIFAR10 ❌ (Uncertain)
EMNIST:'e' -> CIFAR10 ❌ (Uncertain)
EMNIST:'f' -> CIFAR10 ❌ (Uncertain)
EMNIST:'g' -> CIFAR10 ❌ (Uncertain)
EMNIST:'h' -> CIFAR10 ❌ (Uncertain)
EMNIST:'i' -> CIFAR10 ❌ (Uncertain)
EMNIST:'j' -> CIFAR10 ❌ (Uncertain)
EMNIST:'k' -> CIFAR10 ❌ (Uncertain)
EMNIST:'l' -> CIFAR10 ❌ (Uncertain)
EMNIST:'m' -> CIFAR10 ❌ (Uncertain)
EMNIST:'n' -> CIFAR10 ❌ (Uncertain)
EMNIST:'o' -> CIFAR10 ❌ (Uncertain)
EMNIST:'p' -> CIFAR10 ❌ (Uncertain)
EMNIST:'q' -> CIFAR10 ❌ (Uncertain)
EMNIST:'r' -> CIFAR10 ❌ (Uncertain)
EMNIST:'s' -> CIFAR10 ❌ (Uncertain)
EMNIST:'t' -> CIFAR10 ❌ (Uncertain)
EMNIST:'u' -> CIFAR10 ❌ (Uncertain)
EMNIST:'v' -> CIFAR10 ❌ (Uncertain)
EMNIST:'w' -> CIFAR10 ❌ (Uncertain)
EMNIST:'x' -> CIFAR10 ❌ (Uncertain)
EMNIST:'y' -> CIFAR10 ❌ (Uncertain)
EMNIST:'z' -> CIFAR10 ❌ (Uncertain)
CIFAR10:'airplane' -> MNIST ❌ (Uncertain)
CIFAR10:'bird' -> MNIST ❌ (Uncertain)
CIFAR10:'cat' -> MNIST ❌ (Uncertain)
CIFAR10:'deer' -> MNIST ❌ (Uncertain)
CIFAR10:'dog' -> MNIST ❌ (Uncertain)
CIFAR10:'frog' -> MNIST ❌ (Uncertain)
CIFAR10:'horse' -> MNIST ❌ (Uncertain)
CIFAR10:'ship' -> MNIST ❌ (Uncertain)
CIFAR10:'truck' -> MNIST ❌ (Uncertain)
CIFAR10:'airplane' -> EMNIST | Predict: '0' (Ent: 2.66)
CIFAR10:'automobile' -> EMNIST ❌ (Uncertain)
CIFAR10:'bird' -> EMNIST | Predict: '8' (Ent: 2.60)
CIFAR10:'cat' -> EMNIST ❌ (Uncertain)
CIFAR10:'deer' -> EMNIST | Predict: '8' (Ent: 2.62)
CIFAR10:'dog' -> EMNIST | Predict: '8' (Ent: 2.59)
CIFAR10:'frog' -> EMNIST | Predict: '0' (Ent: 2.63)
CIFAR10:'horse' -> EMNIST | Predict: '8' (Ent: 2.60)
CIFAR10:'ship' -> EMNIST | Predict: '0' (Ent: 2.58)
CIFAR10:'truck' -> EMNIST | Predict: '0' (Ent: 2.63)
Exp: Old Gen + New Ent (0.7)
dynamic_entropy_ratio: 0.7
MNIST:'0' -> EMNIST ❌ (Uncertain)
MNIST:'1' -> EMNIST | Predict: '8' (Ent: 2.88)
  ⚠️ [Mismatch] Cycle Back predicted '8' (Expected '1') (Ent: 1.50)
MNIST:'2' -> EMNIST | Predict: '8' (Ent: 2.83)
  ⚠️ [Mismatch] Cycle Back predicted '8' (Expected '2') (Ent: 1.52)
MNIST:'3' -> EMNIST | Predict: 'g' (Ent: 2.86)
  ⚠️ [Mismatch] Cycle Back predicted '8' (Expected '3') (Ent: 1.51)
MNIST:'4' -> EMNIST | Predict: 'E' (Ent: 2.85)
  ⚠️ [Mismatch] Cycle Back predicted '8' (Expected '4') (Ent: 1.49)
MNIST:'5' -> EMNIST | Predict: 'E' (Ent: 2.86)
  ⚠️ [Mismatch] Cycle Back predicted '8' (Expected '5') (Ent: 1.47)
MNIST:'6' -> EMNIST ❌ (Uncertain)
MNIST:'7' -> EMNIST ❌ (Uncertain)
MNIST:'8' -> EMNIST ❌ (Uncertain)
MNIST:'9' -> EMNIST | Predict: '8' (Ent: 2.51)
  ⚠️ [Mismatch] Cycle Back predicted '8' (Expected '9') (Ent: 1.51)
MNIST:'0' -> CIFAR10 ❌ (Uncertain)
MNIST:'1' -> CIFAR10 | Predict: 'automobile' (Ent: 1.48)
MNIST:'2' -> CIFAR10 ❌ (Uncertain)
MNIST:'3' -> CIFAR10 | Predict: 'automobile' (Ent: 1.59)
MNIST:'4' -> CIFAR10 | Predict: 'automobile' (Ent: 1.57)
MNIST:'5' -> CIFAR10 ❌ (Uncertain)
MNIST:'6' -> CIFAR10 ❌ (Uncertain)
MNIST:'7' -> CIFAR10 ❌ (Uncertain)
MNIST:'8' -> CIFAR10 ❌ (Uncertain)
MNIST:'9' -> CIFAR10 ❌ (Uncertain)
EMNIST:'0' -> MNIST | Predict: '8' (Ent: 1.48)
EMNIST:'1' -> MNIST | Predict: '8' (Ent: 1.50)
  ⚠️ [Mismatch] Cycle Back predicted 'E' (Expected '1') (Ent: 2.88)
EMNIST:'2' -> MNIST | Predict: '8' (Ent: 1.50)
  ⚠️ [Mismatch] Cycle Back predicted 'B' (Expected '2') (Ent: 2.89)
EMNIST:'3' -> MNIST | Predict: '8' (Ent: 1.48)
  ⚠️ [Mismatch] Cycle Back predicted '8' (Expected '3') (Ent: 2.84)
EMNIST:'4' -> MNIST | Predict: '8' (Ent: 1.51)
EMNIST:'5' -> MNIST | Predict: '8' (Ent: 1.50)
EMNIST:'6' -> MNIST | Predict: '8' (Ent: 1.48)
EMNIST:'7' -> MNIST | Predict: '8' (Ent: 1.49)
  ⚠️ [Mismatch] Cycle Back predicted '8' (Expected '7') (Ent: 2.84)
EMNIST:'9' -> MNIST | Predict: '8' (Ent: 1.50)
  ⚠️ [Mismatch] Cycle Back predicted 'E' (Expected '9') (Ent: 2.81)
EMNIST:'A' -> MNIST | Predict: '8' (Ent: 1.48)
EMNIST:'B' -> MNIST | Predict: '8' (Ent: 1.43)
  ✅ [Match] EMNIST:'B' <==> MNIST:'8' (Ent: 2.83)
EMNIST:'C' -> MNIST | Predict: '8' (Ent: 1.49)
  ⚠️ [Mismatch] Cycle Back predicted 'B' (Expected 'C') (Ent: 2.74)
EMNIST:'D' -> MNIST | Predict: '8' (Ent: 1.49)
EMNIST:'F' -> MNIST | Predict: '8' (Ent: 1.51)
EMNIST:'G' -> MNIST | Predict: '8' (Ent: 1.48)
EMNIST:'H' -> MNIST | Predict: '8' (Ent: 1.51)
EMNIST:'I' -> MNIST | Predict: '8' (Ent: 1.49)
EMNIST:'J' -> MNIST | Predict: '8' (Ent: 1.49)
EMNIST:'K' -> MNIST | Predict: '8' (Ent: 1.51)
EMNIST:'L' -> MNIST | Predict: '8' (Ent: 1.47)
EMNIST:'M' -> MNIST | Predict: '8' (Ent: 1.46)
  ⚠️ [Mismatch] Cycle Back predicted 'B' (Expected 'M') (Ent: 2.86)
EMNIST:'N' -> MNIST | Predict: '8' (Ent: 1.47)
  ⚠️ [Mismatch] Cycle Back predicted 'B' (Expected 'N') (Ent: 2.82)
EMNIST:'O' -> MNIST | Predict: '8' (Ent: 1.48)
  ⚠️ [Mismatch] Cycle Back predicted 'B' (Expected 'O') (Ent: 2.83)
EMNIST:'P' -> MNIST | Predict: '8' (Ent: 1.49)
  ⚠️ [Mismatch] Cycle Back predicted 'B' (Expected 'P') (Ent: 2.74)
EMNIST:'Q' -> MNIST | Predict: '8' (Ent: 1.48)
  ⚠️ [Mismatch] Cycle Back predicted 'B' (Expected 'Q') (Ent: 2.76)
EMNIST:'R' -> MNIST | Predict: '8' (Ent: 1.49)
EMNIST:'S' -> MNIST | Predict: '8' (Ent: 1.50)
EMNIST:'T' -> MNIST | Predict: '8' (Ent: 1.54)
  ⚠️ [Mismatch] Cycle Back predicted '8' (Expected 'T') (Ent: 2.88)
EMNIST:'U' -> MNIST | Predict: '8' (Ent: 1.49)
EMNIST:'V' -> MNIST | Predict: '8' (Ent: 1.55)
EMNIST:'W' -> MNIST | Predict: '8' (Ent: 1.47)
EMNIST:'X' -> MNIST | Predict: '8' (Ent: 1.49)
EMNIST:'Y' -> MNIST | Predict: '8' (Ent: 1.59)
  ⚠️ [Mismatch] Cycle Back predicted 'B' (Expected 'Y') (Ent: 2.86)
EMNIST:'Z' -> MNIST | Predict: '8' (Ent: 1.49)
  ⚠️ [Mismatch] Cycle Back predicted 'E' (Expected 'Z') (Ent: 2.85)
EMNIST:'a' -> MNIST | Predict: '8' (Ent: 1.48)
EMNIST:'b' -> MNIST | Predict: '8' (Ent: 1.53)
  ⚠️ [Mismatch] Cycle Back predicted 'B' (Expected 'b') (Ent: 2.82)
EMNIST:'c' -> MNIST | Predict: '8' (Ent: 1.49)
EMNIST:'d' -> MNIST | Predict: '8' (Ent: 1.44)
  ⚠️ [Mismatch] Cycle Back predicted 'B' (Expected 'd') (Ent: 2.87)
EMNIST:'e' -> MNIST | Predict: '8' (Ent: 1.49)
  ⚠️ [Mismatch] Cycle Back predicted 'E' (Expected 'e') (Ent: 2.84)
EMNIST:'f' -> MNIST | Predict: '8' (Ent: 1.49)
  ⚠️ [Mismatch] Cycle Back predicted 'E' (Expected 'f') (Ent: 2.88)
EMNIST:'h' -> MNIST | Predict: '8' (Ent: 1.48)
  ⚠️ [Mismatch] Cycle Back predicted 'E' (Expected 'h') (Ent: 2.85)
EMNIST:'i' -> MNIST | Predict: '8' (Ent: 1.54)
EMNIST:'j' -> MNIST | Predict: '8' (Ent: 1.57)
  ⚠️ [Mismatch] Cycle Back predicted 'B' (Expected 'j') (Ent: 2.86)
EMNIST:'k' -> MNIST | Predict: '8' (Ent: 1.55)
EMNIST:'l' -> MNIST | Predict: '8' (Ent: 1.48)
  ⚠️ [Mismatch] Cycle Back predicted 'E' (Expected 'l') (Ent: 2.89)
EMNIST:'m' -> MNIST | Predict: '8' (Ent: 1.47)
EMNIST:'n' -> MNIST | Predict: '8' (Ent: 1.49)
EMNIST:'o' -> MNIST | Predict: '8' (Ent: 1.48)
EMNIST:'p' -> MNIST ❌ (Uncertain)
EMNIST:'q' -> MNIST | Predict: '8' (Ent: 1.51)
EMNIST:'r' -> MNIST | Predict: '8' (Ent: 1.50)
EMNIST:'s' -> MNIST | Predict: '8' (Ent: 1.50)
  ⚠️ [Mismatch] Cycle Back predicted 'E' (Expected 's') (Ent: 2.88)
EMNIST:'t' -> MNIST | Predict: '8' (Ent: 1.50)
EMNIST:'u' -> MNIST | Predict: '8' (Ent: 1.50)
EMNIST:'v' -> MNIST | Predict: '8' (Ent: 1.49)
EMNIST:'w' -> MNIST | Predict: '8' (Ent: 1.51)
EMNIST:'x' -> MNIST | Predict: '8' (Ent: 1.49)
EMNIST:'y' -> MNIST | Predict: '8' (Ent: 1.52)
  ⚠️ [Mismatch] Cycle Back predicted 'B' (Expected 'y') (Ent: 2.83)
EMNIST:'z' -> MNIST | Predict: '8' (Ent: 1.49)
EMNIST:'0' -> CIFAR10 ❌ (Uncertain)
EMNIST:'1' -> CIFAR10 | Predict: 'bird' (Ent: 1.56)
  ⚠️ [Mismatch] Cycle Back predicted '8' (Expected '1') (Ent: 2.62)
EMNIST:'2' -> CIFAR10 ❌ (Uncertain)
EMNIST:'3' -> CIFAR10 | Predict: 'bird' (Ent: 1.58)
  ⚠️ [Mismatch] Cycle Back predicted '8' (Expected '3') (Ent: 2.60)
EMNIST:'4' -> CIFAR10 | Predict: 'bird' (Ent: 1.59)
  ⚠️ [Mismatch] Cycle Back predicted '8' (Expected '4') (Ent: 2.64)
EMNIST:'5' -> CIFAR10 ❌ (Uncertain)
EMNIST:'6' -> CIFAR10 | Predict: 'bird' (Ent: 1.54)
  ⚠️ [Mismatch] Cycle Back predicted '8' (Expected '6') (Ent: 2.64)
EMNIST:'7' -> CIFAR10 ❌ (Uncertain)
EMNIST:'8' -> CIFAR10 | Predict: 'bird' (Ent: 1.56)
  ✅ [Match] EMNIST:'8' <==> CIFAR10:'bird' (Ent: 2.63)
EMNIST:'9' -> CIFAR10 ❌ (Uncertain)
EMNIST:'A' -> CIFAR10 ❌ (Uncertain)
EMNIST:'B' -> CIFAR10 | Predict: 'bird' (Ent: 1.61)
  ⚠️ [Mismatch] Cycle Back predicted '8' (Expected 'B') (Ent: 2.65)
EMNIST:'C' -> CIFAR10 ❌ (Uncertain)
EMNIST:'D' -> CIFAR10 | Predict: 'bird' (Ent: 1.57)
  ⚠️ [Mismatch] Cycle Back predicted '8' (Expected 'D') (Ent: 2.57)
EMNIST:'E' -> CIFAR10 ❌ (Uncertain)
EMNIST:'F' -> CIFAR10 | Predict: 'bird' (Ent: 1.57)
  ⚠️ [Mismatch] Cycle Back predicted '8' (Expected 'F') (Ent: 2.55)
EMNIST:'G' -> CIFAR10 | Predict: 'bird' (Ent: 1.60)
  ⚠️ [Mismatch] Cycle Back predicted '8' (Expected 'G') (Ent: 2.65)
EMNIST:'H' -> CIFAR10 ❌ (Uncertain)
EMNIST:'I' -> CIFAR10 ❌ (Uncertain)
EMNIST:'J' -> CIFAR10 ❌ (Uncertain)
EMNIST:'K' -> CIFAR10 | Predict: 'bird' (Ent: 1.61)
  ⚠️ [Mismatch] Cycle Back predicted '8' (Expected 'K') (Ent: 2.62)
EMNIST:'L' -> CIFAR10 | Predict: 'bird' (Ent: 1.52)
  ⚠️ [Mismatch] Cycle Back predicted '8' (Expected 'L') (Ent: 2.61)
EMNIST:'M' -> CIFAR10 | Predict: 'bird' (Ent: 1.55)
  ⚠️ [Mismatch] Cycle Back predicted '8' (Expected 'M') (Ent: 2.66)
EMNIST:'N' -> CIFAR10 ❌ (Uncertain)
EMNIST:'O' -> CIFAR10 | Predict: 'bird' (Ent: 1.58)
  ⚠️ [Mismatch] Cycle Back predicted '8' (Expected 'O') (Ent: 2.61)
EMNIST:'P' -> CIFAR10 | Predict: 'bird' (Ent: 1.56)
  ⚠️ [Mismatch] Cycle Back predicted '8' (Expected 'P') (Ent: 2.60)
EMNIST:'Q' -> CIFAR10 ❌ (Uncertain)
EMNIST:'R' -> CIFAR10 ❌ (Uncertain)
EMNIST:'S' -> CIFAR10 | Predict: 'bird' (Ent: 1.61)
  ⚠️ [Mismatch] Cycle Back predicted '8' (Expected 'S') (Ent: 2.62)
EMNIST:'T' -> CIFAR10 ❌ (Uncertain)
EMNIST:'U' -> CIFAR10 ❌ (Uncertain)
EMNIST:'V' -> CIFAR10 | Predict: 'bird' (Ent: 1.58)
  ⚠️ [Mismatch] Cycle Back predicted '8' (Expected 'V') (Ent: 2.65)
EMNIST:'W' -> CIFAR10 ❌ (Uncertain)
EMNIST:'X' -> CIFAR10 ❌ (Uncertain)
EMNIST:'Y' -> CIFAR10 | Predict: 'bird' (Ent: 1.59)
  ⚠️ [Mismatch] Cycle Back predicted '8' (Expected 'Y') (Ent: 2.57)
EMNIST:'Z' -> CIFAR10 | Predict: 'bird' (Ent: 1.59)
  ⚠️ [Mismatch] Cycle Back predicted '8' (Expected 'Z') (Ent: 2.62)
EMNIST:'a' -> CIFAR10 ❌ (Uncertain)
EMNIST:'b' -> CIFAR10 | Predict: 'bird' (Ent: 1.56)
  ⚠️ [Mismatch] Cycle Back predicted '8' (Expected 'b') (Ent: 2.65)
EMNIST:'c' -> CIFAR10 | Predict: 'bird' (Ent: 1.59)
  ⚠️ [Mismatch] Cycle Back predicted '8' (Expected 'c') (Ent: 2.62)
EMNIST:'d' -> CIFAR10 | Predict: 'bird' (Ent: 1.54)
  ⚠️ [Mismatch] Cycle Back predicted '8' (Expected 'd') (Ent: 2.62)
EMNIST:'e' -> CIFAR10 ❌ (Uncertain)
EMNIST:'f' -> CIFAR10 | Predict: 'bird' (Ent: 1.60)
  ⚠️ [Mismatch] Cycle Back predicted '8' (Expected 'f') (Ent: 2.59)
EMNIST:'g' -> CIFAR10 ❌ (Uncertain)
EMNIST:'h' -> CIFAR10 | Predict: 'bird' (Ent: 1.59)
  ⚠️ [Mismatch] Cycle Back predicted '8' (Expected 'h') (Ent: 2.59)
EMNIST:'i' -> CIFAR10 ❌ (Uncertain)
EMNIST:'j' -> CIFAR10 ❌ (Uncertain)
EMNIST:'k' -> CIFAR10 ❌ (Uncertain)
EMNIST:'l' -> CIFAR10 | Predict: 'bird' (Ent: 1.60)
  ⚠️ [Mismatch] Cycle Back predicted '8' (Expected 'l') (Ent: 2.60)
EMNIST:'m' -> CIFAR10 | Predict: 'bird' (Ent: 1.59)
  ⚠️ [Mismatch] Cycle Back predicted '8' (Expected 'm') (Ent: 2.59)
EMNIST:'n' -> CIFAR10 ❌ (Uncertain)
EMNIST:'o' -> CIFAR10 | Predict: 'bird' (Ent: 1.61)
  ⚠️ [Mismatch] Cycle Back predicted '8' (Expected 'o') (Ent: 2.57)
EMNIST:'p' -> CIFAR10 ❌ (Uncertain)
EMNIST:'q' -> CIFAR10 ❌ (Uncertain)
EMNIST:'r' -> CIFAR10 ❌ (Uncertain)
EMNIST:'s' -> CIFAR10 | Predict: 'bird' (Ent: 1.60)
  ⚠️ [Mismatch] Cycle Back predicted '8' (Expected 's') (Ent: 2.62)
EMNIST:'t' -> CIFAR10 ❌ (Uncertain)
EMNIST:'u' -> CIFAR10 ❌ (Uncertain)
EMNIST:'v' -> CIFAR10 | Predict: 'bird' (Ent: 1.57)
  ⚠️ [Mismatch] Cycle Back predicted '8' (Expected 'v') (Ent: 2.59)
EMNIST:'w' -> CIFAR10 ❌ (Uncertain)
EMNIST:'x' -> CIFAR10 | Predict: 'bird' (Ent: 1.58)
  ⚠️ [Mismatch] Cycle Back predicted '8' (Expected 'x') (Ent: 2.60)
EMNIST:'y' -> CIFAR10 | Predict: 'bird' (Ent: 1.59)
  ⚠️ [Mismatch] Cycle Back predicted '8' (Expected 'y') (Ent: 2.61)
EMNIST:'z' -> CIFAR10 | Predict: 'bird' (Ent: 1.60)
  ⚠️ [Mismatch] Cycle Back predicted '8' (Expected 'z') (Ent: 2.60)
CIFAR10:'airplane' -> MNIST ❌ (Uncertain)
CIFAR10:'bird' -> MNIST ❌ (Uncertain)
CIFAR10:'cat' -> MNIST ❌ (Uncertain)
CIFAR10:'deer' -> MNIST ❌ (Uncertain)
CIFAR10:'dog' -> MNIST ❌ (Uncertain)
CIFAR10:'frog' -> MNIST ❌ (Uncertain)
CIFAR10:'horse' -> MNIST ❌ (Uncertain)
CIFAR10:'ship' -> MNIST ❌ (Uncertain)
CIFAR10:'truck' -> MNIST ❌ (Uncertain)
CIFAR10:'airplane' -> EMNIST | Predict: '0' (Ent: 2.65)
  ⚠️ [Mismatch] Cycle Back predicted 'bird' (Expected 'airplane') (Ent: 1.60)
CIFAR10:'automobile' -> EMNIST | Predict: '0' (Ent: 2.74)
  ⚠️ [Mismatch] Cycle Back predicted 'bird' (Expected 'automobile') (Ent: 1.61)
CIFAR10:'cat' -> EMNIST | Predict: '0' (Ent: 2.71)
  ⚠️ [Mismatch] Cycle Back predicted 'bird' (Expected 'cat') (Ent: 1.61)
CIFAR10:'deer' -> EMNIST | Predict: '8' (Ent: 2.62)
  ⚠️ [Mismatch] Cycle Back predicted 'bird' (Expected 'deer') (Ent: 1.57)
CIFAR10:'dog' -> EMNIST | Predict: '8' (Ent: 2.63)
  ⚠️ [Mismatch] Cycle Back predicted 'bird' (Expected 'dog') (Ent: 1.59)
CIFAR10:'frog' -> EMNIST | Predict: '0' (Ent: 2.55)
  ⚠️ [Mismatch] Cycle Back predicted 'bird' (Expected 'frog') (Ent: 1.61)
CIFAR10:'horse' -> EMNIST | Predict: '8' (Ent: 2.56)
  ⚠️ [Mismatch] Cycle Back predicted 'bird' (Expected 'horse') (Ent: 1.57)
CIFAR10:'ship' -> EMNIST | Predict: '8' (Ent: 2.63)
  ⚠️ [Mismatch] Cycle Back predicted 'bird' (Expected 'ship') (Ent: 1.55)
CIFAR10:'truck' -> EMNIST | Predict: '0' (Ent: 2.60)
  ⚠️ [Mismatch] Cycle Back predicted 'bird' (Expected 'truck') (Ent: 1.59)
Exp: Old Gen + New Ent (0.75)
dynamic_entropy_ratio: 0.75
MNIST:'0' -> EMNIST | Predict: 'E' (Ent: 2.94)
  ⚠️ [Mismatch] Cycle Back predicted '8' (Expected '0') (Ent: 1.49)
MNIST:'1' -> EMNIST | Predict: '8' (Ent: 2.89)
  ⚠️ [Mismatch] Cycle Back predicted '8' (Expected '1') (Ent: 1.51)
MNIST:'2' -> EMNIST ❌ (Uncertain)
MNIST:'3' -> EMNIST | Predict: '8' (Ent: 2.98)
  ⚠️ [Mismatch] Cycle Back predicted '8' (Expected '3') (Ent: 1.52)
MNIST:'4' -> EMNIST | Predict: 'E' (Ent: 2.79)
  ⚠️ [Mismatch] Cycle Back predicted '8' (Expected '4') (Ent: 1.49)
MNIST:'5' -> EMNIST | Predict: 'E' (Ent: 2.82)
  ⚠️ [Mismatch] Cycle Back predicted '8' (Expected '5') (Ent: 1.49)
MNIST:'6' -> EMNIST | Predict: '8' (Ent: 3.00)
  ⚠️ [Mismatch] Cycle Back predicted '8' (Expected '6') (Ent: 1.52)
MNIST:'7' -> EMNIST | Predict: 'E' (Ent: 3.07)
  ⚠️ [Mismatch] Cycle Back predicted '8' (Expected '7') (Ent: 1.48)
MNIST:'8' -> EMNIST | Predict: '8' (Ent: 2.99)
  ✅ [Match] MNIST:'8' <==> EMNIST:'8' (Ent: 1.51)
MNIST:'9' -> EMNIST | Predict: '8' (Ent: 2.43)
  ⚠️ [Mismatch] Cycle Back predicted '8' (Expected '9') (Ent: 1.51)
MNIST:'0' -> CIFAR10 ❌ (Uncertain)
MNIST:'1' -> CIFAR10 | Predict: 'automobile' (Ent: 1.67)
MNIST:'2' -> CIFAR10 ❌ (Uncertain)
MNIST:'3' -> CIFAR10 ❌ (Uncertain)
MNIST:'4' -> CIFAR10 ❌ (Uncertain)
MNIST:'5' -> CIFAR10 ❌ (Uncertain)
MNIST:'6' -> CIFAR10 ❌ (Uncertain)
MNIST:'7' -> CIFAR10 ❌ (Uncertain)
MNIST:'8' -> CIFAR10 ❌ (Uncertain)
MNIST:'9' -> CIFAR10 ❌ (Uncertain)
EMNIST:'0' -> MNIST | Predict: '8' (Ent: 1.47)
  ⚠️ [Mismatch] Cycle Back predicted 'E' (Expected '0') (Ent: 3.01)
EMNIST:'1' -> MNIST | Predict: '8' (Ent: 1.50)
  ⚠️ [Mismatch] Cycle Back predicted 'B' (Expected '1') (Ent: 3.03)
EMNIST:'2' -> MNIST | Predict: '8' (Ent: 1.51)
  ⚠️ [Mismatch] Cycle Back predicted 'E' (Expected '2') (Ent: 3.02)
EMNIST:'3' -> MNIST | Predict: '8' (Ent: 1.48)
  ⚠️ [Mismatch] Cycle Back predicted '8' (Expected '3') (Ent: 3.03)
EMNIST:'4' -> MNIST | Predict: '8' (Ent: 1.51)
  ⚠️ [Mismatch] Cycle Back predicted '8' (Expected '4') (Ent: 3.00)
EMNIST:'5' -> MNIST | Predict: '8' (Ent: 1.49)
  ⚠️ [Mismatch] Cycle Back predicted '8' (Expected '5') (Ent: 2.96)
EMNIST:'6' -> MNIST | Predict: '8' (Ent: 1.49)
  ⚠️ [Mismatch] Cycle Back predicted 'E' (Expected '6') (Ent: 2.91)
EMNIST:'7' -> MNIST | Predict: '8' (Ent: 1.50)
  ⚠️ [Mismatch] Cycle Back predicted 'E' (Expected '7') (Ent: 2.96)
EMNIST:'9' -> MNIST | Predict: '8' (Ent: 1.48)
  ⚠️ [Mismatch] Cycle Back predicted '8' (Expected '9') (Ent: 2.99)
EMNIST:'A' -> MNIST | Predict: '8' (Ent: 1.48)
  ⚠️ [Mismatch] Cycle Back predicted '8' (Expected 'A') (Ent: 2.95)
EMNIST:'B' -> MNIST | Predict: '8' (Ent: 1.43)
  ⚠️ [Mismatch] Cycle Back predicted '8' (Expected 'B') (Ent: 3.01)
EMNIST:'C' -> MNIST | Predict: '8' (Ent: 1.50)
  ⚠️ [Mismatch] Cycle Back predicted '8' (Expected 'C') (Ent: 3.06)
EMNIST:'D' -> MNIST | Predict: '8' (Ent: 1.48)
  ⚠️ [Mismatch] Cycle Back predicted '8' (Expected 'D') (Ent: 2.91)
EMNIST:'F' -> MNIST | Predict: '8' (Ent: 1.50)
  ⚠️ [Mismatch] Cycle Back predicted 'E' (Expected 'F') (Ent: 2.97)
EMNIST:'G' -> MNIST | Predict: '8' (Ent: 1.49)
  ⚠️ [Mismatch] Cycle Back predicted '8' (Expected 'G') (Ent: 3.01)
EMNIST:'H' -> MNIST | Predict: '8' (Ent: 1.51)
  ⚠️ [Mismatch] Cycle Back predicted 'E' (Expected 'H') (Ent: 2.97)
EMNIST:'I' -> MNIST | Predict: '8' (Ent: 1.47)
  ⚠️ [Mismatch] Cycle Back predicted '8' (Expected 'I') (Ent: 3.03)
EMNIST:'J' -> MNIST | Predict: '8' (Ent: 1.49)
  ⚠️ [Mismatch] Cycle Back predicted 'E' (Expected 'J') (Ent: 2.94)
EMNIST:'K' -> MNIST | Predict: '8' (Ent: 1.51)
  ⚠️ [Mismatch] Cycle Back predicted 'B' (Expected 'K') (Ent: 2.99)
EMNIST:'L' -> MNIST | Predict: '8' (Ent: 1.49)
  ⚠️ [Mismatch] Cycle Back predicted 'E' (Expected 'L') (Ent: 2.96)
EMNIST:'M' -> MNIST | Predict: '8' (Ent: 1.46)
  ⚠️ [Mismatch] Cycle Back predicted 'E' (Expected 'M') (Ent: 3.01)
EMNIST:'N' -> MNIST | Predict: '8' (Ent: 1.47)
  ⚠️ [Mismatch] Cycle Back predicted 'E' (Expected 'N') (Ent: 2.96)
EMNIST:'O' -> MNIST | Predict: '8' (Ent: 1.48)
  ⚠️ [Mismatch] Cycle Back predicted 'E' (Expected 'O') (Ent: 2.95)
EMNIST:'P' -> MNIST | Predict: '8' (Ent: 1.48)
  ⚠️ [Mismatch] Cycle Back predicted 'E' (Expected 'P') (Ent: 2.97)
EMNIST:'Q' -> MNIST | Predict: '8' (Ent: 1.47)
  ⚠️ [Mismatch] Cycle Back predicted '8' (Expected 'Q') (Ent: 2.96)
EMNIST:'R' -> MNIST | Predict: '8' (Ent: 1.49)
  ⚠️ [Mismatch] Cycle Back predicted 'B' (Expected 'R') (Ent: 2.98)
EMNIST:'S' -> MNIST | Predict: '8' (Ent: 1.50)
  ⚠️ [Mismatch] Cycle Back predicted '8' (Expected 'S') (Ent: 3.08)
EMNIST:'T' -> MNIST | Predict: '8' (Ent: 1.54)
  ⚠️ [Mismatch] Cycle Back predicted '8' (Expected 'T') (Ent: 3.06)
EMNIST:'U' -> MNIST | Predict: '8' (Ent: 1.49)
  ⚠️ [Mismatch] Cycle Back predicted 'E' (Expected 'U') (Ent: 2.91)
EMNIST:'V' -> MNIST | Predict: '8' (Ent: 1.55)
  ⚠️ [Mismatch] Cycle Back predicted '8' (Expected 'V') (Ent: 2.98)
EMNIST:'W' -> MNIST | Predict: '8' (Ent: 1.49)
  ⚠️ [Mismatch] Cycle Back predicted 'E' (Expected 'W') (Ent: 2.94)
EMNIST:'X' -> MNIST | Predict: '8' (Ent: 1.49)
  ⚠️ [Mismatch] Cycle Back predicted 'E' (Expected 'X') (Ent: 2.93)
EMNIST:'Y' -> MNIST | Predict: '8' (Ent: 1.59)
  ⚠️ [Mismatch] Cycle Back predicted 'g' (Expected 'Y') (Ent: 2.99)
EMNIST:'Z' -> MNIST | Predict: '8' (Ent: 1.49)
  ⚠️ [Mismatch] Cycle Back predicted 'E' (Expected 'Z') (Ent: 2.92)
EMNIST:'a' -> MNIST | Predict: '8' (Ent: 1.48)
  ⚠️ [Mismatch] Cycle Back predicted '8' (Expected 'a') (Ent: 2.97)
EMNIST:'b' -> MNIST | Predict: '8' (Ent: 1.53)
  ⚠️ [Mismatch] Cycle Back predicted 'E' (Expected 'b') (Ent: 2.86)
EMNIST:'c' -> MNIST | Predict: '8' (Ent: 1.49)
  ⚠️ [Mismatch] Cycle Back predicted '8' (Expected 'c') (Ent: 3.00)
EMNIST:'d' -> MNIST | Predict: '8' (Ent: 1.48)
  ⚠️ [Mismatch] Cycle Back predicted '8' (Expected 'd') (Ent: 3.03)
EMNIST:'e' -> MNIST | Predict: '8' (Ent: 1.49)
  ⚠️ [Mismatch] Cycle Back predicted '8' (Expected 'e') (Ent: 3.02)
EMNIST:'f' -> MNIST | Predict: '8' (Ent: 1.49)
  ⚠️ [Mismatch] Cycle Back predicted 'E' (Expected 'f') (Ent: 2.92)
EMNIST:'g' -> MNIST | Predict: '8' (Ent: 1.51)
  ⚠️ [Mismatch] Cycle Back predicted 'E' (Expected 'g') (Ent: 2.95)
EMNIST:'h' -> MNIST | Predict: '8' (Ent: 1.47)
  ⚠️ [Mismatch] Cycle Back predicted 'E' (Expected 'h') (Ent: 2.96)
EMNIST:'i' -> MNIST | Predict: '8' (Ent: 1.55)
  ⚠️ [Mismatch] Cycle Back predicted 'E' (Expected 'i') (Ent: 2.91)
EMNIST:'j' -> MNIST | Predict: '8' (Ent: 1.55)
  ⚠️ [Mismatch] Cycle Back predicted 'B' (Expected 'j') (Ent: 3.00)
EMNIST:'k' -> MNIST | Predict: '8' (Ent: 1.58)
  ⚠️ [Mismatch] Cycle Back predicted 'B' (Expected 'k') (Ent: 3.00)
EMNIST:'l' -> MNIST | Predict: '8' (Ent: 1.49)
  ⚠️ [Mismatch] Cycle Back predicted 'g' (Expected 'l') (Ent: 3.06)
EMNIST:'m' -> MNIST | Predict: '8' (Ent: 1.46)
  ⚠️ [Mismatch] Cycle Back predicted '8' (Expected 'm') (Ent: 2.98)
EMNIST:'n' -> MNIST | Predict: '8' (Ent: 1.49)
  ⚠️ [Mismatch] Cycle Back predicted 'E' (Expected 'n') (Ent: 2.95)
EMNIST:'o' -> MNIST | Predict: '8' (Ent: 1.48)
  ⚠️ [Mismatch] Cycle Back predicted 'E' (Expected 'o') (Ent: 2.99)
EMNIST:'p' -> MNIST | Predict: '8' (Ent: 1.71)
  ⚠️ [Mismatch] Cycle Back predicted '8' (Expected 'p') (Ent: 2.94)
EMNIST:'q' -> MNIST | Predict: '8' (Ent: 1.51)
  ⚠️ [Mismatch] Cycle Back predicted '8' (Expected 'q') (Ent: 3.01)
EMNIST:'r' -> MNIST | Predict: '8' (Ent: 1.50)
  ⚠️ [Mismatch] Cycle Back predicted 'E' (Expected 'r') (Ent: 3.00)
EMNIST:'s' -> MNIST | Predict: '8' (Ent: 1.50)
  ⚠️ [Mismatch] Cycle Back predicted 'E' (Expected 's') (Ent: 3.02)
EMNIST:'t' -> MNIST | Predict: '8' (Ent: 1.47)
  ⚠️ [Mismatch] Cycle Back predicted '8' (Expected 't') (Ent: 2.96)
EMNIST:'u' -> MNIST | Predict: '8' (Ent: 1.51)
  ⚠️ [Mismatch] Cycle Back predicted 'E' (Expected 'u') (Ent: 3.05)
EMNIST:'v' -> MNIST | Predict: '8' (Ent: 1.50)
  ⚠️ [Mismatch] Cycle Back predicted 'E' (Expected 'v') (Ent: 2.93)
EMNIST:'w' -> MNIST | Predict: '8' (Ent: 1.52)
  ⚠️ [Mismatch] Cycle Back predicted 'E' (Expected 'w') (Ent: 2.99)
EMNIST:'x' -> MNIST | Predict: '8' (Ent: 1.47)
  ⚠️ [Mismatch] Cycle Back predicted 'E' (Expected 'x') (Ent: 2.99)
EMNIST:'y' -> MNIST | Predict: '8' (Ent: 1.51)
  ⚠️ [Mismatch] Cycle Back predicted '8' (Expected 'y') (Ent: 3.04)
EMNIST:'z' -> MNIST | Predict: '8' (Ent: 1.51)
  ⚠️ [Mismatch] Cycle Back predicted '8' (Expected 'z') (Ent: 3.05)
EMNIST:'0' -> CIFAR10 | Predict: 'bird' (Ent: 1.61)
  ⚠️ [Mismatch] Cycle Back predicted '8' (Expected '0') (Ent: 2.63)
EMNIST:'1' -> CIFAR10 | Predict: 'bird' (Ent: 1.56)
  ⚠️ [Mismatch] Cycle Back predicted '8' (Expected '1') (Ent: 2.53)
EMNIST:'2' -> CIFAR10 | Predict: 'bird' (Ent: 1.62)
  ⚠️ [Mismatch] Cycle Back predicted '8' (Expected '2') (Ent: 2.64)
EMNIST:'3' -> CIFAR10 | Predict: 'bird' (Ent: 1.58)
  ⚠️ [Mismatch] Cycle Back predicted '8' (Expected '3') (Ent: 2.60)
EMNIST:'4' -> CIFAR10 | Predict: 'bird' (Ent: 1.60)
  ⚠️ [Mismatch] Cycle Back predicted '8' (Expected '4') (Ent: 2.58)
EMNIST:'5' -> CIFAR10 | Predict: 'bird' (Ent: 1.63)
  ⚠️ [Mismatch] Cycle Back predicted '8' (Expected '5') (Ent: 2.65)
EMNIST:'6' -> CIFAR10 | Predict: 'bird' (Ent: 1.58)
  ⚠️ [Mismatch] Cycle Back predicted '8' (Expected '6') (Ent: 2.60)
EMNIST:'7' -> CIFAR10 | Predict: 'bird' (Ent: 1.59)
  ⚠️ [Mismatch] Cycle Back predicted '8' (Expected '7') (Ent: 2.57)
EMNIST:'8' -> CIFAR10 | Predict: 'bird' (Ent: 1.56)
  ✅ [Match] EMNIST:'8' <==> CIFAR10:'bird' (Ent: 2.56)
EMNIST:'9' -> CIFAR10 | Predict: 'bird' (Ent: 1.59)
  ⚠️ [Mismatch] Cycle Back predicted '8' (Expected '9') (Ent: 2.59)
EMNIST:'A' -> CIFAR10 | Predict: 'bird' (Ent: 1.69)
  ⚠️ [Mismatch] Cycle Back predicted '8' (Expected 'A') (Ent: 2.55)
EMNIST:'B' -> CIFAR10 | Predict: 'bird' (Ent: 1.62)
  ⚠️ [Mismatch] Cycle Back predicted '8' (Expected 'B') (Ent: 2.60)
EMNIST:'C' -> CIFAR10 | Predict: 'bird' (Ent: 1.65)
  ⚠️ [Mismatch] Cycle Back predicted '8' (Expected 'C') (Ent: 2.55)
EMNIST:'D' -> CIFAR10 | Predict: 'bird' (Ent: 1.55)
  ⚠️ [Mismatch] Cycle Back predicted '8' (Expected 'D') (Ent: 2.63)
EMNIST:'E' -> CIFAR10 | Predict: 'bird' (Ent: 1.63)
  ⚠️ [Mismatch] Cycle Back predicted '8' (Expected 'E') (Ent: 2.65)
EMNIST:'F' -> CIFAR10 | Predict: 'bird' (Ent: 1.59)
  ⚠️ [Mismatch] Cycle Back predicted '8' (Expected 'F') (Ent: 2.64)
EMNIST:'G' -> CIFAR10 | Predict: 'bird' (Ent: 1.59)
  ⚠️ [Mismatch] Cycle Back predicted '8' (Expected 'G') (Ent: 2.62)
EMNIST:'H' -> CIFAR10 | Predict: 'bird' (Ent: 1.63)
  ⚠️ [Mismatch] Cycle Back predicted '8' (Expected 'H') (Ent: 2.60)
EMNIST:'I' -> CIFAR10 | Predict: 'bird' (Ent: 1.64)
  ⚠️ [Mismatch] Cycle Back predicted '8' (Expected 'I') (Ent: 2.60)
EMNIST:'J' -> CIFAR10 | Predict: 'bird' (Ent: 1.62)
  ⚠️ [Mismatch] Cycle Back predicted '8' (Expected 'J') (Ent: 2.67)
EMNIST:'K' -> CIFAR10 | Predict: 'bird' (Ent: 1.60)
  ⚠️ [Mismatch] Cycle Back predicted '8' (Expected 'K') (Ent: 2.61)
EMNIST:'L' -> CIFAR10 | Predict: 'bird' (Ent: 1.52)
  ⚠️ [Mismatch] Cycle Back predicted '8' (Expected 'L') (Ent: 2.62)
EMNIST:'M' -> CIFAR10 | Predict: 'bird' (Ent: 1.56)
  ⚠️ [Mismatch] Cycle Back predicted '8' (Expected 'M') (Ent: 2.58)
EMNIST:'N' -> CIFAR10 | Predict: 'bird' (Ent: 1.63)
  ⚠️ [Mismatch] Cycle Back predicted '8' (Expected 'N') (Ent: 2.61)
EMNIST:'O' -> CIFAR10 | Predict: 'bird' (Ent: 1.60)
  ⚠️ [Mismatch] Cycle Back predicted '8' (Expected 'O') (Ent: 2.60)
EMNIST:'P' -> CIFAR10 | Predict: 'bird' (Ent: 1.56)
  ⚠️ [Mismatch] Cycle Back predicted '8' (Expected 'P') (Ent: 2.59)
EMNIST:'Q' -> CIFAR10 | Predict: 'bird' (Ent: 1.63)
  ⚠️ [Mismatch] Cycle Back predicted '8' (Expected 'Q') (Ent: 2.61)
EMNIST:'R' -> CIFAR10 | Predict: 'bird' (Ent: 1.62)
  ⚠️ [Mismatch] Cycle Back predicted '8' (Expected 'R') (Ent: 2.64)
EMNIST:'S' -> CIFAR10 | Predict: 'bird' (Ent: 1.62)
  ⚠️ [Mismatch] Cycle Back predicted '8' (Expected 'S') (Ent: 2.61)
EMNIST:'T' -> CIFAR10 | Predict: 'bird' (Ent: 1.63)
  ⚠️ [Mismatch] Cycle Back predicted '8' (Expected 'T') (Ent: 2.65)
EMNIST:'U' -> CIFAR10 | Predict: 'bird' (Ent: 1.59)
  ⚠️ [Mismatch] Cycle Back predicted '8' (Expected 'U') (Ent: 2.58)
EMNIST:'V' -> CIFAR10 | Predict: 'bird' (Ent: 1.57)
  ⚠️ [Mismatch] Cycle Back predicted '8' (Expected 'V') (Ent: 2.62)
EMNIST:'W' -> CIFAR10 | Predict: 'bird' (Ent: 1.64)
  ⚠️ [Mismatch] Cycle Back predicted '8' (Expected 'W') (Ent: 2.59)
EMNIST:'X' -> CIFAR10 | Predict: 'bird' (Ent: 1.61)
  ⚠️ [Mismatch] Cycle Back predicted '8' (Expected 'X') (Ent: 2.63)
EMNIST:'Y' -> CIFAR10 | Predict: 'bird' (Ent: 1.59)
  ⚠️ [Mismatch] Cycle Back predicted '8' (Expected 'Y') (Ent: 2.56)
EMNIST:'Z' -> CIFAR10 | Predict: 'bird' (Ent: 1.59)
  ⚠️ [Mismatch] Cycle Back predicted '8' (Expected 'Z') (Ent: 2.62)
EMNIST:'a' -> CIFAR10 | Predict: 'bird' (Ent: 1.62)
  ⚠️ [Mismatch] Cycle Back predicted '8' (Expected 'a') (Ent: 2.58)
EMNIST:'b' -> CIFAR10 | Predict: 'bird' (Ent: 1.59)
  ⚠️ [Mismatch] Cycle Back predicted '8' (Expected 'b') (Ent: 2.64)
EMNIST:'c' -> CIFAR10 | Predict: 'bird' (Ent: 1.58)
  ⚠️ [Mismatch] Cycle Back predicted '8' (Expected 'c') (Ent: 2.58)
EMNIST:'d' -> CIFAR10 | Predict: 'bird' (Ent: 1.53)
  ⚠️ [Mismatch] Cycle Back predicted '8' (Expected 'd') (Ent: 2.59)
EMNIST:'e' -> CIFAR10 | Predict: 'bird' (Ent: 1.61)
  ⚠️ [Mismatch] Cycle Back predicted '8' (Expected 'e') (Ent: 2.59)
EMNIST:'f' -> CIFAR10 | Predict: 'bird' (Ent: 1.61)
  ⚠️ [Mismatch] Cycle Back predicted '8' (Expected 'f') (Ent: 2.66)
EMNIST:'g' -> CIFAR10 | Predict: 'bird' (Ent: 1.66)
  ⚠️ [Mismatch] Cycle Back predicted '8' (Expected 'g') (Ent: 2.61)
EMNIST:'h' -> CIFAR10 | Predict: 'bird' (Ent: 1.62)
  ⚠️ [Mismatch] Cycle Back predicted '8' (Expected 'h') (Ent: 2.62)
EMNIST:'i' -> CIFAR10 | Predict: 'bird' (Ent: 1.65)
  ⚠️ [Mismatch] Cycle Back predicted '8' (Expected 'i') (Ent: 2.62)
EMNIST:'j' -> CIFAR10 ❌ (Uncertain)
EMNIST:'k' -> CIFAR10 | Predict: 'bird' (Ent: 1.65)
  ⚠️ [Mismatch] Cycle Back predicted '8' (Expected 'k') (Ent: 2.60)
EMNIST:'l' -> CIFAR10 | Predict: 'bird' (Ent: 1.61)
  ⚠️ [Mismatch] Cycle Back predicted '8' (Expected 'l') (Ent: 2.65)
EMNIST:'m' -> CIFAR10 | Predict: 'bird' (Ent: 1.60)
  ⚠️ [Mismatch] Cycle Back predicted '8' (Expected 'm') (Ent: 2.60)
EMNIST:'n' -> CIFAR10 | Predict: 'bird' (Ent: 1.62)
  ⚠️ [Mismatch] Cycle Back predicted '8' (Expected 'n') (Ent: 2.55)
EMNIST:'o' -> CIFAR10 | Predict: 'bird' (Ent: 1.61)
  ⚠️ [Mismatch] Cycle Back predicted '8' (Expected 'o') (Ent: 2.58)
EMNIST:'p' -> CIFAR10 | Predict: 'bird' (Ent: 1.72)
  ⚠️ [Mismatch] Cycle Back predicted '8' (Expected 'p') (Ent: 2.66)
EMNIST:'q' -> CIFAR10 | Predict: 'bird' (Ent: 1.68)
  ⚠️ [Mismatch] Cycle Back predicted '8' (Expected 'q') (Ent: 2.61)
EMNIST:'r' -> CIFAR10 | Predict: 'bird' (Ent: 1.62)
  ⚠️ [Mismatch] Cycle Back predicted '8' (Expected 'r') (Ent: 2.60)
EMNIST:'s' -> CIFAR10 | Predict: 'bird' (Ent: 1.61)
  ⚠️ [Mismatch] Cycle Back predicted '8' (Expected 's') (Ent: 2.58)
EMNIST:'t' -> CIFAR10 | Predict: 'bird' (Ent: 1.67)
  ⚠️ [Mismatch] Cycle Back predicted '8' (Expected 't') (Ent: 2.61)
EMNIST:'u' -> CIFAR10 | Predict: 'bird' (Ent: 1.61)
  ⚠️ [Mismatch] Cycle Back predicted '8' (Expected 'u') (Ent: 2.54)
EMNIST:'v' -> CIFAR10 | Predict: 'bird' (Ent: 1.58)
  ⚠️ [Mismatch] Cycle Back predicted '8' (Expected 'v') (Ent: 2.59)
EMNIST:'w' -> CIFAR10 | Predict: 'bird' (Ent: 1.64)
  ⚠️ [Mismatch] Cycle Back predicted '8' (Expected 'w') (Ent: 2.54)
EMNIST:'x' -> CIFAR10 | Predict: 'bird' (Ent: 1.56)
  ⚠️ [Mismatch] Cycle Back predicted '8' (Expected 'x') (Ent: 2.62)
EMNIST:'y' -> CIFAR10 | Predict: 'bird' (Ent: 1.58)
  ⚠️ [Mismatch] Cycle Back predicted '8' (Expected 'y') (Ent: 2.64)
EMNIST:'z' -> CIFAR10 | Predict: 'bird' (Ent: 1.64)
  ⚠️ [Mismatch] Cycle Back predicted '8' (Expected 'z') (Ent: 2.56)
CIFAR10:'airplane' -> MNIST ❌ (Uncertain)
CIFAR10:'bird' -> MNIST | Predict: '8' (Ent: 1.67)
CIFAR10:'cat' -> MNIST | Predict: '8' (Ent: 1.73)
CIFAR10:'deer' -> MNIST ❌ (Uncertain)
CIFAR10:'dog' -> MNIST | Predict: '8' (Ent: 1.72)
CIFAR10:'frog' -> MNIST | Predict: '8' (Ent: 1.73)
CIFAR10:'horse' -> MNIST ❌ (Uncertain)
CIFAR10:'ship' -> MNIST ❌ (Uncertain)
CIFAR10:'truck' -> MNIST ❌ (Uncertain)
CIFAR10:'airplane' -> EMNIST | Predict: '0' (Ent: 2.69)
  ⚠️ [Mismatch] Cycle Back predicted 'bird' (Expected 'airplane') (Ent: 1.60)
CIFAR10:'automobile' -> EMNIST | Predict: '0' (Ent: 2.71)
  ⚠️ [Mismatch] Cycle Back predicted 'bird' (Expected 'automobile') (Ent: 1.61)
CIFAR10:'cat' -> EMNIST | Predict: '0' (Ent: 2.71)
  ⚠️ [Mismatch] Cycle Back predicted 'bird' (Expected 'cat') (Ent: 1.59)
CIFAR10:'deer' -> EMNIST | Predict: '8' (Ent: 2.57)
  ⚠️ [Mismatch] Cycle Back predicted 'bird' (Expected 'deer') (Ent: 1.57)
CIFAR10:'dog' -> EMNIST | Predict: '8' (Ent: 2.60)
  ⚠️ [Mismatch] Cycle Back predicted 'bird' (Expected 'dog') (Ent: 1.56)
CIFAR10:'frog' -> EMNIST | Predict: '0' (Ent: 2.60)
  ⚠️ [Mismatch] Cycle Back predicted 'bird' (Expected 'frog') (Ent: 1.60)
CIFAR10:'horse' -> EMNIST | Predict: '8' (Ent: 2.61)
  ⚠️ [Mismatch] Cycle Back predicted 'bird' (Expected 'horse') (Ent: 1.57)
CIFAR10:'ship' -> EMNIST | Predict: '8' (Ent: 2.59)
  ⚠️ [Mismatch] Cycle Back predicted 'bird' (Expected 'ship') (Ent: 1.57)
CIFAR10:'truck' -> EMNIST | Predict: '0' (Ent: 2.56)
  ⚠️ [Mismatch] Cycle Back predicted 'bird' (Expected 'truck') (Ent: 1.61)
Exp: Old Gen + New Ent (0.8)
dynamic_entropy_ratio: 0.8
MNIST:'0' -> EMNIST | Predict: '8' (Ent: 3.01)
  ⚠️ [Mismatch] Cycle Back predicted '8' (Expected '0') (Ent: 1.51)
MNIST:'1' -> EMNIST | Predict: 'a' (Ent: 2.96)
  ⚠️ [Mismatch] Cycle Back predicted '8' (Expected '1') (Ent: 1.48)
MNIST:'2' -> EMNIST | Predict: '8' (Ent: 3.24)
  ⚠️ [Mismatch] Cycle Back predicted '8' (Expected '2') (Ent: 1.52)
MNIST:'3' -> EMNIST | Predict: 'g' (Ent: 3.05)
  ⚠️ [Mismatch] Cycle Back predicted '8' (Expected '3') (Ent: 1.59)
MNIST:'4' -> EMNIST | Predict: 'E' (Ent: 2.82)
  ⚠️ [Mismatch] Cycle Back predicted '8' (Expected '4') (Ent: 1.49)
MNIST:'5' -> EMNIST | Predict: 'E' (Ent: 2.87)
  ⚠️ [Mismatch] Cycle Back predicted '8' (Expected '5') (Ent: 1.48)
MNIST:'6' -> EMNIST | Predict: '8' (Ent: 3.15)
  ⚠️ [Mismatch] Cycle Back predicted '8' (Expected '6') (Ent: 1.51)
MNIST:'7' -> EMNIST | Predict: 'E' (Ent: 2.95)
  ⚠️ [Mismatch] Cycle Back predicted '8' (Expected '7') (Ent: 1.49)
MNIST:'8' -> EMNIST | Predict: 'E' (Ent: 2.97)
  ✅ [Match] MNIST:'8' <==> EMNIST:'E' (Ent: 1.48)
MNIST:'9' -> EMNIST | Predict: '8' (Ent: 2.69)
  ⚠️ [Mismatch] Cycle Back predicted '8' (Expected '9') (Ent: 1.51)
MNIST:'0' -> CIFAR10 ❌ (Uncertain)
MNIST:'1' -> CIFAR10 | Predict: 'automobile' (Ent: 1.71)
  ⚠️ [Mismatch] Cycle Back predicted '8' (Expected '1') (Ent: 1.75)
MNIST:'2' -> CIFAR10 | Predict: 'automobile' (Ent: 1.84)
  ⚠️ [Mismatch] Cycle Back predicted '8' (Expected '2') (Ent: 1.75)
MNIST:'3' -> CIFAR10 ❌ (Uncertain)
MNIST:'4' -> CIFAR10 ❌ (Uncertain)
MNIST:'5' -> CIFAR10 ❌ (Uncertain)
MNIST:'6' -> CIFAR10 ❌ (Uncertain)
MNIST:'7' -> CIFAR10 | Predict: 'automobile' (Ent: 1.81)
  ⚠️ [Mismatch] Cycle Back predicted '8' (Expected '7') (Ent: 1.76)
MNIST:'8' -> CIFAR10 ❌ (Uncertain)
MNIST:'9' -> CIFAR10 | Predict: 'automobile' (Ent: 1.72)
  ⚠️ [Mismatch] Cycle Back predicted '8' (Expected '9') (Ent: 1.74)
EMNIST:'0' -> MNIST | Predict: '8' (Ent: 1.56)
  ⚠️ [Mismatch] Cycle Back predicted 'B' (Expected '0') (Ent: 2.96)
EMNIST:'1' -> MNIST | Predict: '8' (Ent: 1.48)
  ⚠️ [Mismatch] Cycle Back predicted 'E' (Expected '1') (Ent: 2.95)
EMNIST:'2' -> MNIST | Predict: '8' (Ent: 1.50)
  ⚠️ [Mismatch] Cycle Back predicted 'E' (Expected '2') (Ent: 2.99)
EMNIST:'3' -> MNIST | Predict: '8' (Ent: 1.48)
  ⚠️ [Mismatch] Cycle Back predicted 'E' (Expected '3') (Ent: 2.96)
EMNIST:'4' -> MNIST | Predict: '8' (Ent: 1.50)
  ⚠️ [Mismatch] Cycle Back predicted 'E' (Expected '4') (Ent: 2.96)
EMNIST:'5' -> MNIST | Predict: '8' (Ent: 1.49)
  ⚠️ [Mismatch] Cycle Back predicted '8' (Expected '5') (Ent: 2.95)
EMNIST:'6' -> MNIST | Predict: '8' (Ent: 1.48)
  ⚠️ [Mismatch] Cycle Back predicted '8' (Expected '6') (Ent: 2.98)
EMNIST:'7' -> MNIST | Predict: '8' (Ent: 1.49)
  ⚠️ [Mismatch] Cycle Back predicted 'B' (Expected '7') (Ent: 2.91)
EMNIST:'9' -> MNIST | Predict: '8' (Ent: 1.50)
  ⚠️ [Mismatch] Cycle Back predicted 'E' (Expected '9') (Ent: 2.93)
EMNIST:'A' -> MNIST | Predict: '8' (Ent: 1.47)
  ⚠️ [Mismatch] Cycle Back predicted '8' (Expected 'A') (Ent: 2.98)
EMNIST:'B' -> MNIST | Predict: '8' (Ent: 1.42)
  ⚠️ [Mismatch] Cycle Back predicted 'E' (Expected 'B') (Ent: 2.87)
EMNIST:'C' -> MNIST | Predict: '8' (Ent: 1.49)
  ⚠️ [Mismatch] Cycle Back predicted '8' (Expected 'C') (Ent: 3.04)
EMNIST:'D' -> MNIST | Predict: '8' (Ent: 1.48)
  ⚠️ [Mismatch] Cycle Back predicted '8' (Expected 'D') (Ent: 2.98)
EMNIST:'F' -> MNIST | Predict: '8' (Ent: 1.51)
  ⚠️ [Mismatch] Cycle Back predicted 'E' (Expected 'F') (Ent: 2.94)
EMNIST:'G' -> MNIST | Predict: '8' (Ent: 1.48)
  ⚠️ [Mismatch] Cycle Back predicted '8' (Expected 'G') (Ent: 3.03)
EMNIST:'H' -> MNIST | Predict: '8' (Ent: 1.50)
  ⚠️ [Mismatch] Cycle Back predicted 'E' (Expected 'H') (Ent: 3.03)
EMNIST:'I' -> MNIST | Predict: '8' (Ent: 1.47)
  ⚠️ [Mismatch] Cycle Back predicted 'E' (Expected 'I') (Ent: 3.01)
EMNIST:'J' -> MNIST | Predict: '8' (Ent: 1.49)
  ⚠️ [Mismatch] Cycle Back predicted '8' (Expected 'J') (Ent: 2.94)
EMNIST:'K' -> MNIST | Predict: '8' (Ent: 1.50)
  ⚠️ [Mismatch] Cycle Back predicted 'B' (Expected 'K') (Ent: 3.00)
EMNIST:'L' -> MNIST | Predict: '8' (Ent: 1.68)
  ⚠️ [Mismatch] Cycle Back predicted '8' (Expected 'L') (Ent: 2.99)
EMNIST:'M' -> MNIST | Predict: '8' (Ent: 1.46)
  ⚠️ [Mismatch] Cycle Back predicted '8' (Expected 'M') (Ent: 3.01)
EMNIST:'N' -> MNIST | Predict: '8' (Ent: 1.47)
  ⚠️ [Mismatch] Cycle Back predicted 'E' (Expected 'N') (Ent: 3.00)
EMNIST:'O' -> MNIST | Predict: '8' (Ent: 1.47)
  ⚠️ [Mismatch] Cycle Back predicted '8' (Expected 'O') (Ent: 2.99)
EMNIST:'P' -> MNIST | Predict: '8' (Ent: 1.55)
  ⚠️ [Mismatch] Cycle Back predicted 'E' (Expected 'P') (Ent: 3.03)
EMNIST:'Q' -> MNIST | Predict: '8' (Ent: 1.48)
  ⚠️ [Mismatch] Cycle Back predicted '8' (Expected 'Q') (Ent: 3.03)
EMNIST:'R' -> MNIST | Predict: '8' (Ent: 1.49)
  ⚠️ [Mismatch] Cycle Back predicted '8' (Expected 'R') (Ent: 2.89)
EMNIST:'S' -> MNIST | Predict: '8' (Ent: 1.49)
  ⚠️ [Mismatch] Cycle Back predicted '8' (Expected 'S') (Ent: 2.97)
EMNIST:'T' -> MNIST | Predict: '8' (Ent: 1.52)
  ⚠️ [Mismatch] Cycle Back predicted 'B' (Expected 'T') (Ent: 2.92)
EMNIST:'U' -> MNIST | Predict: '8' (Ent: 1.49)
  ⚠️ [Mismatch] Cycle Back predicted 'E' (Expected 'U') (Ent: 2.95)
EMNIST:'V' -> MNIST | Predict: '8' (Ent: 1.56)
  ⚠️ [Mismatch] Cycle Back predicted 'E' (Expected 'V') (Ent: 2.98)
EMNIST:'W' -> MNIST | Predict: '8' (Ent: 1.49)
  ⚠️ [Mismatch] Cycle Back predicted 'B' (Expected 'W') (Ent: 2.98)
EMNIST:'X' -> MNIST | Predict: '8' (Ent: 1.49)
  ⚠️ [Mismatch] Cycle Back predicted '8' (Expected 'X') (Ent: 2.99)
EMNIST:'Y' -> MNIST | Predict: '8' (Ent: 1.57)
  ⚠️ [Mismatch] Cycle Back predicted '8' (Expected 'Y') (Ent: 2.98)
EMNIST:'Z' -> MNIST | Predict: '8' (Ent: 1.49)
  ⚠️ [Mismatch] Cycle Back predicted 'E' (Expected 'Z') (Ent: 2.97)
EMNIST:'b' -> MNIST | Predict: '8' (Ent: 1.61)
  ⚠️ [Mismatch] Cycle Back predicted '8' (Expected 'b') (Ent: 2.96)
EMNIST:'c' -> MNIST | Predict: '8' (Ent: 1.49)
  ⚠️ [Mismatch] Cycle Back predicted '8' (Expected 'c') (Ent: 2.91)
EMNIST:'d' -> MNIST | Predict: '8' (Ent: 1.53)
  ⚠️ [Mismatch] Cycle Back predicted '8' (Expected 'd') (Ent: 2.85)
EMNIST:'e' -> MNIST | Predict: '8' (Ent: 1.57)
  ⚠️ [Mismatch] Cycle Back predicted 'E' (Expected 'e') (Ent: 2.87)
EMNIST:'f' -> MNIST | Predict: '8' (Ent: 1.49)
  ⚠️ [Mismatch] Cycle Back predicted 'E' (Expected 'f') (Ent: 3.00)
EMNIST:'h' -> MNIST | Predict: '8' (Ent: 1.49)
  ⚠️ [Mismatch] Cycle Back predicted 'B' (Expected 'h') (Ent: 3.08)
EMNIST:'i' -> MNIST | Predict: '8' (Ent: 1.55)
  ⚠️ [Mismatch] Cycle Back predicted 'E' (Expected 'i') (Ent: 2.96)
EMNIST:'j' -> MNIST | Predict: '8' (Ent: 1.54)
  ⚠️ [Mismatch] Cycle Back predicted 'E' (Expected 'j') (Ent: 2.99)
EMNIST:'k' -> MNIST | Predict: '8' (Ent: 1.56)
  ⚠️ [Mismatch] Cycle Back predicted '8' (Expected 'k') (Ent: 3.02)
EMNIST:'l' -> MNIST | Predict: '8' (Ent: 1.50)
  ⚠️ [Mismatch] Cycle Back predicted 'B' (Expected 'l') (Ent: 2.99)
EMNIST:'m' -> MNIST | Predict: '8' (Ent: 1.45)
  ⚠️ [Mismatch] Cycle Back predicted 'E' (Expected 'm') (Ent: 2.98)
EMNIST:'n' -> MNIST | Predict: '8' (Ent: 1.50)
  ⚠️ [Mismatch] Cycle Back predicted '8' (Expected 'n') (Ent: 2.95)
EMNIST:'o' -> MNIST | Predict: '8' (Ent: 1.48)
  ⚠️ [Mismatch] Cycle Back predicted '8' (Expected 'o') (Ent: 2.98)
EMNIST:'p' -> MNIST | Predict: '8' (Ent: 1.71)
  ⚠️ [Mismatch] Cycle Back predicted 'E' (Expected 'p') (Ent: 2.91)
EMNIST:'q' -> MNIST | Predict: '8' (Ent: 1.52)
  ⚠️ [Mismatch] Cycle Back predicted 'E' (Expected 'q') (Ent: 2.96)
EMNIST:'r' -> MNIST | Predict: '8' (Ent: 1.50)
  ⚠️ [Mismatch] Cycle Back predicted '8' (Expected 'r') (Ent: 2.93)
EMNIST:'s' -> MNIST | Predict: '8' (Ent: 1.50)
  ⚠️ [Mismatch] Cycle Back predicted '8' (Expected 's') (Ent: 3.05)
EMNIST:'t' -> MNIST | Predict: '8' (Ent: 1.49)
  ⚠️ [Mismatch] Cycle Back predicted 'E' (Expected 't') (Ent: 2.94)
EMNIST:'u' -> MNIST | Predict: '8' (Ent: 1.50)
  ⚠️ [Mismatch] Cycle Back predicted 'B' (Expected 'u') (Ent: 2.97)
EMNIST:'v' -> MNIST | Predict: '8' (Ent: 1.56)
  ⚠️ [Mismatch] Cycle Back predicted '8' (Expected 'v') (Ent: 2.99)
EMNIST:'w' -> MNIST | Predict: '8' (Ent: 1.57)
  ⚠️ [Mismatch] Cycle Back predicted 'E' (Expected 'w') (Ent: 3.00)
EMNIST:'x' -> MNIST | Predict: '8' (Ent: 1.49)
  ⚠️ [Mismatch] Cycle Back predicted 'B' (Expected 'x') (Ent: 3.02)
EMNIST:'y' -> MNIST | Predict: '8' (Ent: 1.50)
  ⚠️ [Mismatch] Cycle Back predicted '8' (Expected 'y') (Ent: 3.07)
EMNIST:'z' -> MNIST | Predict: '8' (Ent: 1.49)
  ⚠️ [Mismatch] Cycle Back predicted '8' (Expected 'z') (Ent: 3.00)
EMNIST:'0' -> CIFAR10 | Predict: 'bird' (Ent: 1.59)
  ⚠️ [Mismatch] Cycle Back predicted '8' (Expected '0') (Ent: 2.60)
EMNIST:'1' -> CIFAR10 | Predict: 'bird' (Ent: 1.55)
  ⚠️ [Mismatch] Cycle Back predicted '8' (Expected '1') (Ent: 2.58)
EMNIST:'2' -> CIFAR10 | Predict: 'bird' (Ent: 1.61)
  ⚠️ [Mismatch] Cycle Back predicted '8' (Expected '2') (Ent: 2.64)
EMNIST:'3' -> CIFAR10 | Predict: 'bird' (Ent: 1.58)
  ⚠️ [Mismatch] Cycle Back predicted '8' (Expected '3') (Ent: 2.59)
EMNIST:'4' -> CIFAR10 | Predict: 'bird' (Ent: 1.58)
  ⚠️ [Mismatch] Cycle Back predicted '8' (Expected '4') (Ent: 2.60)
EMNIST:'5' -> CIFAR10 | Predict: 'bird' (Ent: 1.64)
  ⚠️ [Mismatch] Cycle Back predicted '8' (Expected '5') (Ent: 2.58)
EMNIST:'6' -> CIFAR10 | Predict: 'bird' (Ent: 1.59)
  ⚠️ [Mismatch] Cycle Back predicted '8' (Expected '6') (Ent: 2.62)
EMNIST:'7' -> CIFAR10 | Predict: 'bird' (Ent: 1.60)
  ⚠️ [Mismatch] Cycle Back predicted '8' (Expected '7') (Ent: 2.56)
EMNIST:'8' -> CIFAR10 | Predict: 'bird' (Ent: 1.57)
  ✅ [Match] EMNIST:'8' <==> CIFAR10:'bird' (Ent: 2.64)
EMNIST:'9' -> CIFAR10 | Predict: 'bird' (Ent: 1.60)
  ⚠️ [Mismatch] Cycle Back predicted '8' (Expected '9') (Ent: 2.64)
EMNIST:'A' -> CIFAR10 | Predict: 'bird' (Ent: 1.68)
  ⚠️ [Mismatch] Cycle Back predicted '8' (Expected 'A') (Ent: 2.58)
EMNIST:'B' -> CIFAR10 | Predict: 'bird' (Ent: 1.61)
  ⚠️ [Mismatch] Cycle Back predicted '8' (Expected 'B') (Ent: 2.63)
EMNIST:'C' -> CIFAR10 | Predict: 'bird' (Ent: 1.63)
  ⚠️ [Mismatch] Cycle Back predicted '8' (Expected 'C') (Ent: 2.58)
EMNIST:'D' -> CIFAR10 | Predict: 'bird' (Ent: 1.57)
  ⚠️ [Mismatch] Cycle Back predicted '8' (Expected 'D') (Ent: 2.59)
EMNIST:'E' -> CIFAR10 | Predict: 'bird' (Ent: 1.62)
  ⚠️ [Mismatch] Cycle Back predicted '8' (Expected 'E') (Ent: 2.57)
EMNIST:'F' -> CIFAR10 | Predict: 'bird' (Ent: 1.58)
  ⚠️ [Mismatch] Cycle Back predicted '8' (Expected 'F') (Ent: 2.62)
EMNIST:'G' -> CIFAR10 | Predict: 'bird' (Ent: 1.60)
  ⚠️ [Mismatch] Cycle Back predicted '8' (Expected 'G') (Ent: 2.65)
EMNIST:'H' -> CIFAR10 | Predict: 'bird' (Ent: 1.64)
  ⚠️ [Mismatch] Cycle Back predicted '8' (Expected 'H') (Ent: 2.60)
EMNIST:'I' -> CIFAR10 | Predict: 'bird' (Ent: 1.62)
  ⚠️ [Mismatch] Cycle Back predicted '8' (Expected 'I') (Ent: 2.55)
EMNIST:'J' -> CIFAR10 | Predict: 'bird' (Ent: 1.63)
  ⚠️ [Mismatch] Cycle Back predicted '8' (Expected 'J') (Ent: 2.63)
EMNIST:'K' -> CIFAR10 | Predict: 'bird' (Ent: 1.61)
  ⚠️ [Mismatch] Cycle Back predicted '8' (Expected 'K') (Ent: 2.59)
EMNIST:'L' -> CIFAR10 | Predict: 'bird' (Ent: 1.53)
  ⚠️ [Mismatch] Cycle Back predicted '8' (Expected 'L') (Ent: 2.59)
EMNIST:'M' -> CIFAR10 | Predict: 'bird' (Ent: 1.54)
  ⚠️ [Mismatch] Cycle Back predicted '8' (Expected 'M') (Ent: 2.62)
EMNIST:'N' -> CIFAR10 | Predict: 'bird' (Ent: 1.63)
  ⚠️ [Mismatch] Cycle Back predicted '8' (Expected 'N') (Ent: 2.60)
EMNIST:'O' -> CIFAR10 | Predict: 'bird' (Ent: 1.60)
  ⚠️ [Mismatch] Cycle Back predicted '8' (Expected 'O') (Ent: 2.63)
EMNIST:'P' -> CIFAR10 | Predict: 'bird' (Ent: 1.56)
  ⚠️ [Mismatch] Cycle Back predicted '8' (Expected 'P') (Ent: 2.66)
EMNIST:'Q' -> CIFAR10 | Predict: 'bird' (Ent: 1.62)
  ⚠️ [Mismatch] Cycle Back predicted '8' (Expected 'Q') (Ent: 2.59)
EMNIST:'R' -> CIFAR10 | Predict: 'bird' (Ent: 1.62)
  ⚠️ [Mismatch] Cycle Back predicted '8' (Expected 'R') (Ent: 2.67)
EMNIST:'S' -> CIFAR10 | Predict: 'bird' (Ent: 1.63)
  ⚠️ [Mismatch] Cycle Back predicted '8' (Expected 'S') (Ent: 2.61)
EMNIST:'T' -> CIFAR10 | Predict: 'bird' (Ent: 1.63)
  ⚠️ [Mismatch] Cycle Back predicted '8' (Expected 'T') (Ent: 2.62)
EMNIST:'U' -> CIFAR10 | Predict: 'bird' (Ent: 1.60)
  ⚠️ [Mismatch] Cycle Back predicted '8' (Expected 'U') (Ent: 2.65)
EMNIST:'V' -> CIFAR10 | Predict: 'bird' (Ent: 1.58)
  ⚠️ [Mismatch] Cycle Back predicted '8' (Expected 'V') (Ent: 2.60)
EMNIST:'W' -> CIFAR10 | Predict: 'bird' (Ent: 1.65)
  ⚠️ [Mismatch] Cycle Back predicted '8' (Expected 'W') (Ent: 2.62)
EMNIST:'X' -> CIFAR10 | Predict: 'bird' (Ent: 1.61)
  ⚠️ [Mismatch] Cycle Back predicted '8' (Expected 'X') (Ent: 2.61)
EMNIST:'Y' -> CIFAR10 | Predict: 'bird' (Ent: 1.61)
  ⚠️ [Mismatch] Cycle Back predicted '8' (Expected 'Y') (Ent: 2.70)
EMNIST:'Z' -> CIFAR10 | Predict: 'bird' (Ent: 1.61)
  ⚠️ [Mismatch] Cycle Back predicted '8' (Expected 'Z') (Ent: 2.57)
EMNIST:'a' -> CIFAR10 | Predict: 'bird' (Ent: 1.62)
  ⚠️ [Mismatch] Cycle Back predicted '8' (Expected 'a') (Ent: 2.63)
EMNIST:'b' -> CIFAR10 | Predict: 'bird' (Ent: 1.56)
  ⚠️ [Mismatch] Cycle Back predicted '8' (Expected 'b') (Ent: 2.61)
EMNIST:'c' -> CIFAR10 | Predict: 'bird' (Ent: 1.59)
  ⚠️ [Mismatch] Cycle Back predicted '8' (Expected 'c') (Ent: 2.63)
EMNIST:'d' -> CIFAR10 | Predict: 'bird' (Ent: 1.56)
  ⚠️ [Mismatch] Cycle Back predicted '8' (Expected 'd') (Ent: 2.63)
EMNIST:'e' -> CIFAR10 | Predict: 'bird' (Ent: 1.61)
  ⚠️ [Mismatch] Cycle Back predicted '8' (Expected 'e') (Ent: 2.62)
EMNIST:'f' -> CIFAR10 | Predict: 'bird' (Ent: 1.59)
  ⚠️ [Mismatch] Cycle Back predicted '8' (Expected 'f') (Ent: 2.60)
EMNIST:'g' -> CIFAR10 | Predict: 'bird' (Ent: 1.66)
  ⚠️ [Mismatch] Cycle Back predicted '8' (Expected 'g') (Ent: 2.65)
EMNIST:'h' -> CIFAR10 | Predict: 'bird' (Ent: 1.60)
  ⚠️ [Mismatch] Cycle Back predicted '8' (Expected 'h') (Ent: 2.59)
EMNIST:'i' -> CIFAR10 | Predict: 'bird' (Ent: 1.65)
  ⚠️ [Mismatch] Cycle Back predicted '8' (Expected 'i') (Ent: 2.56)
EMNIST:'j' -> CIFAR10 | Predict: 'bird' (Ent: 1.73)
  ⚠️ [Mismatch] Cycle Back predicted '8' (Expected 'j') (Ent: 2.55)
EMNIST:'k' -> CIFAR10 | Predict: 'bird' (Ent: 1.65)
  ⚠️ [Mismatch] Cycle Back predicted '8' (Expected 'k') (Ent: 2.57)
EMNIST:'l' -> CIFAR10 | Predict: 'bird' (Ent: 1.61)
  ⚠️ [Mismatch] Cycle Back predicted '8' (Expected 'l') (Ent: 2.55)
EMNIST:'m' -> CIFAR10 | Predict: 'bird' (Ent: 1.56)
  ⚠️ [Mismatch] Cycle Back predicted '8' (Expected 'm') (Ent: 2.65)
EMNIST:'n' -> CIFAR10 | Predict: 'bird' (Ent: 1.60)
  ⚠️ [Mismatch] Cycle Back predicted '8' (Expected 'n') (Ent: 2.59)
EMNIST:'o' -> CIFAR10 | Predict: 'bird' (Ent: 1.61)
  ⚠️ [Mismatch] Cycle Back predicted '8' (Expected 'o') (Ent: 2.64)
EMNIST:'p' -> CIFAR10 | Predict: 'bird' (Ent: 1.71)
  ⚠️ [Mismatch] Cycle Back predicted '8' (Expected 'p') (Ent: 2.63)
EMNIST:'q' -> CIFAR10 | Predict: 'bird' (Ent: 1.70)
  ⚠️ [Mismatch] Cycle Back predicted '8' (Expected 'q') (Ent: 2.60)
EMNIST:'r' -> CIFAR10 | Predict: 'bird' (Ent: 1.63)
  ⚠️ [Mismatch] Cycle Back predicted '8' (Expected 'r') (Ent: 2.61)
EMNIST:'s' -> CIFAR10 | Predict: 'bird' (Ent: 1.61)
  ⚠️ [Mismatch] Cycle Back predicted '8' (Expected 's') (Ent: 2.62)
EMNIST:'t' -> CIFAR10 | Predict: 'bird' (Ent: 1.66)
  ⚠️ [Mismatch] Cycle Back predicted '8' (Expected 't') (Ent: 2.59)
EMNIST:'u' -> CIFAR10 | Predict: 'bird' (Ent: 1.64)
  ⚠️ [Mismatch] Cycle Back predicted '8' (Expected 'u') (Ent: 2.63)
EMNIST:'v' -> CIFAR10 | Predict: 'bird' (Ent: 1.58)
  ⚠️ [Mismatch] Cycle Back predicted '8' (Expected 'v') (Ent: 2.56)
EMNIST:'w' -> CIFAR10 | Predict: 'bird' (Ent: 1.61)
  ⚠️ [Mismatch] Cycle Back predicted '8' (Expected 'w') (Ent: 2.59)
EMNIST:'x' -> CIFAR10 | Predict: 'bird' (Ent: 1.58)
  ⚠️ [Mismatch] Cycle Back predicted '8' (Expected 'x') (Ent: 2.57)
EMNIST:'y' -> CIFAR10 | Predict: 'bird' (Ent: 1.59)
  ⚠️ [Mismatch] Cycle Back predicted '8' (Expected 'y') (Ent: 2.60)
EMNIST:'z' -> CIFAR10 | Predict: 'bird' (Ent: 1.64)
  ⚠️ [Mismatch] Cycle Back predicted '8' (Expected 'z') (Ent: 2.53)
CIFAR10:'airplane' -> MNIST | Predict: '8' (Ent: 1.74)
CIFAR10:'bird' -> MNIST | Predict: '8' (Ent: 1.73)
CIFAR10:'cat' -> MNIST | Predict: '8' (Ent: 1.72)
CIFAR10:'deer' -> MNIST | Predict: '8' (Ent: 1.77)
CIFAR10:'dog' -> MNIST | Predict: '8' (Ent: 1.74)
CIFAR10:'frog' -> MNIST | Predict: '8' (Ent: 1.71)
CIFAR10:'horse' -> MNIST | Predict: '8' (Ent: 1.75)
CIFAR10:'ship' -> MNIST | Predict: '8' (Ent: 1.75)
CIFAR10:'truck' -> MNIST | Predict: '8' (Ent: 1.73)
CIFAR10:'airplane' -> EMNIST | Predict: '0' (Ent: 2.68)
  ⚠️ [Mismatch] Cycle Back predicted 'bird' (Expected 'airplane') (Ent: 1.60)
CIFAR10:'automobile' -> EMNIST | Predict: '0' (Ent: 2.67)
  ⚠️ [Mismatch] Cycle Back predicted 'bird' (Expected 'automobile') (Ent: 1.61)
CIFAR10:'cat' -> EMNIST | Predict: '0' (Ent: 2.77)
  ⚠️ [Mismatch] Cycle Back predicted 'bird' (Expected 'cat') (Ent: 1.61)
CIFAR10:'deer' -> EMNIST | Predict: '8' (Ent: 2.59)
  ⚠️ [Mismatch] Cycle Back predicted 'bird' (Expected 'deer') (Ent: 1.56)
CIFAR10:'dog' -> EMNIST | Predict: '8' (Ent: 2.62)
  ⚠️ [Mismatch] Cycle Back predicted 'bird' (Expected 'dog') (Ent: 1.57)
CIFAR10:'frog' -> EMNIST | Predict: '0' (Ent: 2.59)
  ⚠️ [Mismatch] Cycle Back predicted 'bird' (Expected 'frog') (Ent: 1.62)
CIFAR10:'horse' -> EMNIST | Predict: '8' (Ent: 2.58)
  ⚠️ [Mismatch] Cycle Back predicted 'bird' (Expected 'horse') (Ent: 1.58)
CIFAR10:'ship' -> EMNIST | Predict: '0' (Ent: 2.58)
  ⚠️ [Mismatch] Cycle Back predicted 'bird' (Expected 'ship') (Ent: 1.60)
CIFAR10:'truck' -> EMNIST | Predict: '0' (Ent: 2.59)
  ⚠️ [Mismatch] Cycle Back predicted 'bird' (Expected 'truck') (Ent: 1.61)
Exp: Old Gen + New Ent (0.85)
dynamic_entropy_ratio: 0.85
MNIST:'0' -> EMNIST | Predict: '8' (Ent: 2.95)
  ⚠️ [Mismatch] Cycle Back predicted '8' (Expected '0') (Ent: 1.59)
MNIST:'1' -> EMNIST | Predict: '8' (Ent: 2.99)
  ⚠️ [Mismatch] Cycle Back predicted '8' (Expected '1') (Ent: 1.60)
MNIST:'2' -> EMNIST | Predict: '8' (Ent: 3.18)
  ⚠️ [Mismatch] Cycle Back predicted '8' (Expected '2') (Ent: 1.59)
MNIST:'3' -> EMNIST | Predict: 'g' (Ent: 3.12)
  ⚠️ [Mismatch] Cycle Back predicted '8' (Expected '3') (Ent: 1.58)
MNIST:'4' -> EMNIST | Predict: 'E' (Ent: 2.86)
  ⚠️ [Mismatch] Cycle Back predicted '8' (Expected '4') (Ent: 1.56)
MNIST:'5' -> EMNIST | Predict: 'E' (Ent: 2.96)
  ⚠️ [Mismatch] Cycle Back predicted '8' (Expected '5') (Ent: 1.57)
MNIST:'6' -> EMNIST | Predict: '8' (Ent: 3.14)
  ⚠️ [Mismatch] Cycle Back predicted '8' (Expected '6') (Ent: 1.59)
MNIST:'7' -> EMNIST | Predict: '8' (Ent: 3.05)
  ⚠️ [Mismatch] Cycle Back predicted '8' (Expected '7') (Ent: 1.58)
MNIST:'8' -> EMNIST | Predict: 'B' (Ent: 3.00)
  ✅ [Match] MNIST:'8' <==> EMNIST:'B' (Ent: 1.65)
MNIST:'9' -> EMNIST | Predict: '8' (Ent: 2.73)
  ⚠️ [Mismatch] Cycle Back predicted '8' (Expected '9') (Ent: 1.59)
MNIST:'0' -> CIFAR10 ❌ (Uncertain)
MNIST:'1' -> CIFAR10 | Predict: 'automobile' (Ent: 1.67)
  ⚠️ [Mismatch] Cycle Back predicted '8' (Expected '1') (Ent: 1.75)
MNIST:'2' -> CIFAR10 | Predict: 'truck' (Ent: 1.87)
  ⚠️ [Mismatch] Cycle Back predicted '8' (Expected '2') (Ent: 1.73)
MNIST:'3' -> CIFAR10 ❌ (Uncertain)
MNIST:'4' -> CIFAR10 ❌ (Uncertain)
MNIST:'5' -> CIFAR10 | Predict: 'truck' (Ent: 1.94)
  ⚠️ [Mismatch] Cycle Back predicted '8' (Expected '5') (Ent: 1.74)
MNIST:'6' -> CIFAR10 | Predict: 'automobile' (Ent: 1.88)
  ⚠️ [Mismatch] Cycle Back predicted '8' (Expected '6') (Ent: 1.73)
MNIST:'7' -> CIFAR10 ❌ (Uncertain)
MNIST:'8' -> CIFAR10 ❌ (Uncertain)
MNIST:'9' -> CIFAR10 | Predict: 'automobile' (Ent: 1.73)
  ⚠️ [Mismatch] Cycle Back predicted '8' (Expected '9') (Ent: 1.73)
EMNIST:'0' -> MNIST | Predict: '8' (Ent: 1.55)
  ⚠️ [Mismatch] Cycle Back predicted '8' (Expected '0') (Ent: 2.94)
EMNIST:'1' -> MNIST | Predict: '8' (Ent: 1.57)
  ⚠️ [Mismatch] Cycle Back predicted '8' (Expected '1') (Ent: 2.98)
EMNIST:'2' -> MNIST | Predict: '8' (Ent: 1.58)
  ⚠️ [Mismatch] Cycle Back predicted '8' (Expected '2') (Ent: 2.91)
EMNIST:'3' -> MNIST | Predict: '8' (Ent: 1.57)
  ⚠️ [Mismatch] Cycle Back predicted 'B' (Expected '3') (Ent: 3.00)
EMNIST:'4' -> MNIST | Predict: '8' (Ent: 1.58)
  ⚠️ [Mismatch] Cycle Back predicted '8' (Expected '4') (Ent: 2.99)
EMNIST:'5' -> MNIST | Predict: '8' (Ent: 1.56)
  ⚠️ [Mismatch] Cycle Back predicted 'g' (Expected '5') (Ent: 3.06)
EMNIST:'6' -> MNIST | Predict: '8' (Ent: 1.57)
  ⚠️ [Mismatch] Cycle Back predicted '8' (Expected '6') (Ent: 2.97)
EMNIST:'7' -> MNIST | Predict: '8' (Ent: 1.58)
  ⚠️ [Mismatch] Cycle Back predicted 'E' (Expected '7') (Ent: 2.91)
EMNIST:'9' -> MNIST | Predict: '8' (Ent: 1.58)
  ⚠️ [Mismatch] Cycle Back predicted '8' (Expected '9') (Ent: 2.99)
EMNIST:'A' -> MNIST | Predict: '8' (Ent: 1.56)
  ⚠️ [Mismatch] Cycle Back predicted 'E' (Expected 'A') (Ent: 3.00)
EMNIST:'C' -> MNIST | Predict: '8' (Ent: 1.56)
  ⚠️ [Mismatch] Cycle Back predicted 'E' (Expected 'C') (Ent: 2.96)
EMNIST:'D' -> MNIST | Predict: '8' (Ent: 1.57)
  ⚠️ [Mismatch] Cycle Back predicted 'E' (Expected 'D') (Ent: 2.94)
EMNIST:'F' -> MNIST | Predict: '8' (Ent: 1.58)
  ⚠️ [Mismatch] Cycle Back predicted 'E' (Expected 'F') (Ent: 3.01)
EMNIST:'G' -> MNIST | Predict: '8' (Ent: 1.55)
  ⚠️ [Mismatch] Cycle Back predicted 'E' (Expected 'G') (Ent: 2.96)
EMNIST:'H' -> MNIST | Predict: '8' (Ent: 1.68)
  ⚠️ [Mismatch] Cycle Back predicted 'E' (Expected 'H') (Ent: 3.03)
EMNIST:'I' -> MNIST | Predict: '8' (Ent: 1.55)
  ⚠️ [Mismatch] Cycle Back predicted 'E' (Expected 'I') (Ent: 2.95)
EMNIST:'J' -> MNIST | Predict: '8' (Ent: 1.57)
  ⚠️ [Mismatch] Cycle Back predicted 'E' (Expected 'J') (Ent: 2.94)
EMNIST:'K' -> MNIST | Predict: '8' (Ent: 1.58)
  ⚠️ [Mismatch] Cycle Back predicted '8' (Expected 'K') (Ent: 3.02)
EMNIST:'L' -> MNIST | Predict: '8' (Ent: 1.68)
  ⚠️ [Mismatch] Cycle Back predicted 'E' (Expected 'L') (Ent: 3.02)
EMNIST:'M' -> MNIST | Predict: '8' (Ent: 1.69)
  ⚠️ [Mismatch] Cycle Back predicted 'E' (Expected 'M') (Ent: 3.03)
EMNIST:'N' -> MNIST | Predict: '8' (Ent: 1.55)
  ⚠️ [Mismatch] Cycle Back predicted 'E' (Expected 'N') (Ent: 2.93)
EMNIST:'O' -> MNIST | Predict: '8' (Ent: 1.55)
  ⚠️ [Mismatch] Cycle Back predicted '8' (Expected 'O') (Ent: 3.02)
EMNIST:'P' -> MNIST | Predict: '8' (Ent: 1.56)
  ⚠️ [Mismatch] Cycle Back predicted '8' (Expected 'P') (Ent: 3.01)
EMNIST:'Q' -> MNIST | Predict: '8' (Ent: 1.56)
  ⚠️ [Mismatch] Cycle Back predicted 'E' (Expected 'Q') (Ent: 2.98)
EMNIST:'R' -> MNIST | Predict: '8' (Ent: 1.56)
  ⚠️ [Mismatch] Cycle Back predicted '8' (Expected 'R') (Ent: 2.96)
EMNIST:'S' -> MNIST | Predict: '8' (Ent: 1.57)
  ⚠️ [Mismatch] Cycle Back predicted 'g' (Expected 'S') (Ent: 3.05)
EMNIST:'T' -> MNIST | Predict: '8' (Ent: 1.58)
  ⚠️ [Mismatch] Cycle Back predicted 'E' (Expected 'T') (Ent: 3.03)
EMNIST:'U' -> MNIST | Predict: '8' (Ent: 1.56)
  ⚠️ [Mismatch] Cycle Back predicted 'E' (Expected 'U') (Ent: 2.95)
EMNIST:'V' -> MNIST | Predict: '8' (Ent: 1.70)
  ⚠️ [Mismatch] Cycle Back predicted 'E' (Expected 'V') (Ent: 2.98)
EMNIST:'W' -> MNIST | Predict: '8' (Ent: 1.57)
  ⚠️ [Mismatch] Cycle Back predicted '8' (Expected 'W') (Ent: 3.00)
EMNIST:'X' -> MNIST | Predict: '8' (Ent: 1.57)
  ⚠️ [Mismatch] Cycle Back predicted '8' (Expected 'X') (Ent: 3.05)
EMNIST:'Y' -> MNIST | Predict: '8' (Ent: 1.64)
  ⚠️ [Mismatch] Cycle Back predicted '8' (Expected 'Y') (Ent: 3.00)
EMNIST:'Z' -> MNIST | Predict: '8' (Ent: 1.57)
  ⚠️ [Mismatch] Cycle Back predicted 'E' (Expected 'Z') (Ent: 2.84)
EMNIST:'a' -> MNIST | Predict: '8' (Ent: 1.56)
  ⚠️ [Mismatch] Cycle Back predicted 'E' (Expected 'a') (Ent: 3.00)
EMNIST:'b' -> MNIST | Predict: '8' (Ent: 1.58)
  ⚠️ [Mismatch] Cycle Back predicted 'E' (Expected 'b') (Ent: 3.03)
EMNIST:'c' -> MNIST | Predict: '8' (Ent: 1.56)
  ⚠️ [Mismatch] Cycle Back predicted 'E' (Expected 'c') (Ent: 2.88)
EMNIST:'d' -> MNIST | Predict: '8' (Ent: 1.54)
  ⚠️ [Mismatch] Cycle Back predicted '8' (Expected 'd') (Ent: 2.97)
EMNIST:'e' -> MNIST | Predict: '8' (Ent: 1.56)
  ⚠️ [Mismatch] Cycle Back predicted '8' (Expected 'e') (Ent: 2.98)
EMNIST:'f' -> MNIST | Predict: '8' (Ent: 1.56)
  ⚠️ [Mismatch] Cycle Back predicted 'E' (Expected 'f') (Ent: 2.98)
EMNIST:'h' -> MNIST | Predict: '8' (Ent: 1.56)
  ⚠️ [Mismatch] Cycle Back predicted '8' (Expected 'h') (Ent: 2.93)
EMNIST:'i' -> MNIST | Predict: '8' (Ent: 1.61)
  ⚠️ [Mismatch] Cycle Back predicted '8' (Expected 'i') (Ent: 3.05)
EMNIST:'j' -> MNIST | Predict: '8' (Ent: 1.62)
  ⚠️ [Mismatch] Cycle Back predicted 'E' (Expected 'j') (Ent: 2.94)
EMNIST:'k' -> MNIST | Predict: '8' (Ent: 1.68)
  ⚠️ [Mismatch] Cycle Back predicted 'E' (Expected 'k') (Ent: 3.00)
EMNIST:'l' -> MNIST | Predict: '8' (Ent: 1.56)
  ⚠️ [Mismatch] Cycle Back predicted 'E' (Expected 'l') (Ent: 3.03)
EMNIST:'m' -> MNIST | Predict: '8' (Ent: 1.54)
  ⚠️ [Mismatch] Cycle Back predicted '8' (Expected 'm') (Ent: 3.02)
EMNIST:'n' -> MNIST | Predict: '8' (Ent: 1.57)
  ⚠️ [Mismatch] Cycle Back predicted 'E' (Expected 'n') (Ent: 2.92)
EMNIST:'o' -> MNIST | Predict: '8' (Ent: 1.56)
  ⚠️ [Mismatch] Cycle Back predicted 'E' (Expected 'o') (Ent: 2.96)
EMNIST:'p' -> MNIST | Predict: '8' (Ent: 1.73)
  ⚠️ [Mismatch] Cycle Back predicted 'E' (Expected 'p') (Ent: 2.94)
EMNIST:'q' -> MNIST | Predict: '8' (Ent: 1.59)
  ⚠️ [Mismatch] Cycle Back predicted 'E' (Expected 'q') (Ent: 2.93)
EMNIST:'r' -> MNIST | Predict: '8' (Ent: 1.57)
  ⚠️ [Mismatch] Cycle Back predicted 'E' (Expected 'r') (Ent: 3.01)
EMNIST:'s' -> MNIST | Predict: '8' (Ent: 1.57)
  ⚠️ [Mismatch] Cycle Back predicted 'E' (Expected 's') (Ent: 2.99)
EMNIST:'t' -> MNIST | Predict: '8' (Ent: 1.67)
  ⚠️ [Mismatch] Cycle Back predicted '8' (Expected 't') (Ent: 3.01)
EMNIST:'u' -> MNIST | Predict: '8' (Ent: 1.65)
  ⚠️ [Mismatch] Cycle Back predicted 'E' (Expected 'u') (Ent: 2.98)
EMNIST:'v' -> MNIST | Predict: '8' (Ent: 1.57)
  ⚠️ [Mismatch] Cycle Back predicted 'E' (Expected 'v') (Ent: 2.96)
EMNIST:'w' -> MNIST | Predict: '8' (Ent: 1.57)
  ⚠️ [Mismatch] Cycle Back predicted '8' (Expected 'w') (Ent: 3.01)
EMNIST:'x' -> MNIST | Predict: '8' (Ent: 1.56)
  ⚠️ [Mismatch] Cycle Back predicted '8' (Expected 'x') (Ent: 2.98)
EMNIST:'y' -> MNIST | Predict: '8' (Ent: 1.59)
  ⚠️ [Mismatch] Cycle Back predicted 'E' (Expected 'y') (Ent: 2.99)
EMNIST:'z' -> MNIST | Predict: '8' (Ent: 1.57)
  ⚠️ [Mismatch] Cycle Back predicted '8' (Expected 'z') (Ent: 3.05)
EMNIST:'0' -> CIFAR10 | Predict: 'bird' (Ent: 1.62)
  ⚠️ [Mismatch] Cycle Back predicted '8' (Expected '0') (Ent: 2.66)
EMNIST:'1' -> CIFAR10 | Predict: 'bird' (Ent: 1.54)
  ⚠️ [Mismatch] Cycle Back predicted '8' (Expected '1') (Ent: 2.60)
EMNIST:'2' -> CIFAR10 | Predict: 'bird' (Ent: 1.64)
  ⚠️ [Mismatch] Cycle Back predicted '8' (Expected '2') (Ent: 2.67)
EMNIST:'3' -> CIFAR10 | Predict: 'bird' (Ent: 1.57)
  ⚠️ [Mismatch] Cycle Back predicted '8' (Expected '3') (Ent: 2.60)
EMNIST:'4' -> CIFAR10 | Predict: 'bird' (Ent: 1.58)
  ⚠️ [Mismatch] Cycle Back predicted '8' (Expected '4') (Ent: 2.61)
EMNIST:'5' -> CIFAR10 | Predict: 'bird' (Ent: 1.64)
  ⚠️ [Mismatch] Cycle Back predicted '8' (Expected '5') (Ent: 2.63)
EMNIST:'6' -> CIFAR10 | Predict: 'bird' (Ent: 1.57)
  ⚠️ [Mismatch] Cycle Back predicted '8' (Expected '6') (Ent: 2.62)
EMNIST:'7' -> CIFAR10 | Predict: 'bird' (Ent: 1.59)
  ⚠️ [Mismatch] Cycle Back predicted '8' (Expected '7') (Ent: 2.56)
EMNIST:'8' -> CIFAR10 | Predict: 'bird' (Ent: 1.55)
  ✅ [Match] EMNIST:'8' <==> CIFAR10:'bird' (Ent: 2.63)
EMNIST:'9' -> CIFAR10 | Predict: 'bird' (Ent: 1.61)
  ⚠️ [Mismatch] Cycle Back predicted '8' (Expected '9') (Ent: 2.64)
EMNIST:'A' -> CIFAR10 | Predict: 'bird' (Ent: 1.68)
  ⚠️ [Mismatch] Cycle Back predicted '8' (Expected 'A') (Ent: 2.62)
EMNIST:'B' -> CIFAR10 | Predict: 'bird' (Ent: 1.62)
  ⚠️ [Mismatch] Cycle Back predicted '8' (Expected 'B') (Ent: 2.64)
EMNIST:'C' -> CIFAR10 | Predict: 'bird' (Ent: 1.64)
  ⚠️ [Mismatch] Cycle Back predicted '8' (Expected 'C') (Ent: 2.63)
EMNIST:'D' -> CIFAR10 | Predict: 'bird' (Ent: 1.57)
  ⚠️ [Mismatch] Cycle Back predicted '8' (Expected 'D') (Ent: 2.64)
EMNIST:'E' -> CIFAR10 | Predict: 'bird' (Ent: 1.63)
  ⚠️ [Mismatch] Cycle Back predicted '8' (Expected 'E') (Ent: 2.56)
EMNIST:'F' -> CIFAR10 | Predict: 'bird' (Ent: 1.56)
  ⚠️ [Mismatch] Cycle Back predicted '8' (Expected 'F') (Ent: 2.63)
EMNIST:'G' -> CIFAR10 | Predict: 'bird' (Ent: 1.58)
  ⚠️ [Mismatch] Cycle Back predicted '8' (Expected 'G') (Ent: 2.63)
EMNIST:'H' -> CIFAR10 | Predict: 'bird' (Ent: 1.65)
  ⚠️ [Mismatch] Cycle Back predicted '8' (Expected 'H') (Ent: 2.59)
EMNIST:'I' -> CIFAR10 | Predict: 'bird' (Ent: 1.63)
  ⚠️ [Mismatch] Cycle Back predicted '8' (Expected 'I') (Ent: 2.65)
EMNIST:'J' -> CIFAR10 | Predict: 'bird' (Ent: 1.62)
  ⚠️ [Mismatch] Cycle Back predicted '8' (Expected 'J') (Ent: 2.58)
EMNIST:'K' -> CIFAR10 | Predict: 'bird' (Ent: 1.61)
  ⚠️ [Mismatch] Cycle Back predicted '8' (Expected 'K') (Ent: 2.63)
EMNIST:'L' -> CIFAR10 | Predict: 'bird' (Ent: 1.54)
  ⚠️ [Mismatch] Cycle Back predicted '8' (Expected 'L') (Ent: 2.55)
EMNIST:'M' -> CIFAR10 | Predict: 'bird' (Ent: 1.57)
  ⚠️ [Mismatch] Cycle Back predicted '8' (Expected 'M') (Ent: 2.54)
EMNIST:'N' -> CIFAR10 | Predict: 'bird' (Ent: 1.63)
  ⚠️ [Mismatch] Cycle Back predicted '8' (Expected 'N') (Ent: 2.62)
EMNIST:'O' -> CIFAR10 | Predict: 'bird' (Ent: 1.59)
  ⚠️ [Mismatch] Cycle Back predicted '8' (Expected 'O') (Ent: 2.55)
EMNIST:'P' -> CIFAR10 | Predict: 'bird' (Ent: 1.54)
  ⚠️ [Mismatch] Cycle Back predicted '8' (Expected 'P') (Ent: 2.60)
EMNIST:'Q' -> CIFAR10 | Predict: 'bird' (Ent: 1.62)
  ⚠️ [Mismatch] Cycle Back predicted '8' (Expected 'Q') (Ent: 2.65)
EMNIST:'R' -> CIFAR10 | Predict: 'bird' (Ent: 1.63)
  ⚠️ [Mismatch] Cycle Back predicted '8' (Expected 'R') (Ent: 2.60)
EMNIST:'S' -> CIFAR10 | Predict: 'bird' (Ent: 1.60)
  ⚠️ [Mismatch] Cycle Back predicted '8' (Expected 'S') (Ent: 2.58)
EMNIST:'T' -> CIFAR10 | Predict: 'bird' (Ent: 1.63)
  ⚠️ [Mismatch] Cycle Back predicted '8' (Expected 'T') (Ent: 2.60)
EMNIST:'U' -> CIFAR10 | Predict: 'bird' (Ent: 1.61)
  ⚠️ [Mismatch] Cycle Back predicted '8' (Expected 'U') (Ent: 2.64)
EMNIST:'V' -> CIFAR10 | Predict: 'bird' (Ent: 1.58)
  ⚠️ [Mismatch] Cycle Back predicted '8' (Expected 'V') (Ent: 2.60)
EMNIST:'W' -> CIFAR10 | Predict: 'bird' (Ent: 1.64)
  ⚠️ [Mismatch] Cycle Back predicted '8' (Expected 'W') (Ent: 2.59)
EMNIST:'X' -> CIFAR10 | Predict: 'bird' (Ent: 1.61)
  ⚠️ [Mismatch] Cycle Back predicted '8' (Expected 'X') (Ent: 2.60)
EMNIST:'Y' -> CIFAR10 | Predict: 'bird' (Ent: 1.61)
  ⚠️ [Mismatch] Cycle Back predicted '8' (Expected 'Y') (Ent: 2.57)
EMNIST:'Z' -> CIFAR10 | Predict: 'bird' (Ent: 1.60)
  ⚠️ [Mismatch] Cycle Back predicted '8' (Expected 'Z') (Ent: 2.64)
EMNIST:'a' -> CIFAR10 | Predict: 'bird' (Ent: 1.61)
  ⚠️ [Mismatch] Cycle Back predicted '8' (Expected 'a') (Ent: 2.55)
EMNIST:'b' -> CIFAR10 | Predict: 'bird' (Ent: 1.58)
  ⚠️ [Mismatch] Cycle Back predicted '8' (Expected 'b') (Ent: 2.61)
EMNIST:'c' -> CIFAR10 | Predict: 'bird' (Ent: 1.59)
  ⚠️ [Mismatch] Cycle Back predicted '8' (Expected 'c') (Ent: 2.62)
EMNIST:'d' -> CIFAR10 | Predict: 'bird' (Ent: 1.53)
  ⚠️ [Mismatch] Cycle Back predicted '8' (Expected 'd') (Ent: 2.64)
EMNIST:'e' -> CIFAR10 | Predict: 'bird' (Ent: 1.60)
  ⚠️ [Mismatch] Cycle Back predicted '8' (Expected 'e') (Ent: 2.62)
EMNIST:'f' -> CIFAR10 | Predict: 'bird' (Ent: 1.60)
  ⚠️ [Mismatch] Cycle Back predicted '8' (Expected 'f') (Ent: 2.61)
EMNIST:'g' -> CIFAR10 | Predict: 'bird' (Ent: 1.66)
  ⚠️ [Mismatch] Cycle Back predicted '8' (Expected 'g') (Ent: 2.67)
EMNIST:'h' -> CIFAR10 | Predict: 'bird' (Ent: 1.62)
  ⚠️ [Mismatch] Cycle Back predicted '8' (Expected 'h') (Ent: 2.69)
EMNIST:'i' -> CIFAR10 | Predict: 'bird' (Ent: 1.60)
  ⚠️ [Mismatch] Cycle Back predicted '8' (Expected 'i') (Ent: 2.61)
EMNIST:'j' -> CIFAR10 | Predict: 'bird' (Ent: 1.72)
  ⚠️ [Mismatch] Cycle Back predicted '8' (Expected 'j') (Ent: 2.62)
EMNIST:'k' -> CIFAR10 | Predict: 'bird' (Ent: 1.62)
  ⚠️ [Mismatch] Cycle Back predicted '8' (Expected 'k') (Ent: 2.62)
EMNIST:'l' -> CIFAR10 | Predict: 'bird' (Ent: 1.61)
  ⚠️ [Mismatch] Cycle Back predicted '8' (Expected 'l') (Ent: 2.61)
EMNIST:'m' -> CIFAR10 | Predict: 'bird' (Ent: 1.58)
  ⚠️ [Mismatch] Cycle Back predicted '8' (Expected 'm') (Ent: 2.62)
EMNIST:'n' -> CIFAR10 | Predict: 'bird' (Ent: 1.59)
  ⚠️ [Mismatch] Cycle Back predicted '8' (Expected 'n') (Ent: 2.63)
EMNIST:'o' -> CIFAR10 | Predict: 'bird' (Ent: 1.60)
  ⚠️ [Mismatch] Cycle Back predicted '8' (Expected 'o') (Ent: 2.60)
EMNIST:'p' -> CIFAR10 | Predict: 'bird' (Ent: 1.71)
  ⚠️ [Mismatch] Cycle Back predicted '8' (Expected 'p') (Ent: 2.56)
EMNIST:'q' -> CIFAR10 | Predict: 'bird' (Ent: 1.66)
  ⚠️ [Mismatch] Cycle Back predicted '8' (Expected 'q') (Ent: 2.65)
EMNIST:'r' -> CIFAR10 | Predict: 'bird' (Ent: 1.61)
  ⚠️ [Mismatch] Cycle Back predicted '8' (Expected 'r') (Ent: 2.57)
EMNIST:'s' -> CIFAR10 | Predict: 'bird' (Ent: 1.60)
  ⚠️ [Mismatch] Cycle Back predicted '8' (Expected 's') (Ent: 2.65)
EMNIST:'t' -> CIFAR10 | Predict: 'bird' (Ent: 1.69)
  ⚠️ [Mismatch] Cycle Back predicted '8' (Expected 't') (Ent: 2.55)
EMNIST:'u' -> CIFAR10 | Predict: 'bird' (Ent: 1.62)
  ⚠️ [Mismatch] Cycle Back predicted '8' (Expected 'u') (Ent: 2.58)
EMNIST:'v' -> CIFAR10 | Predict: 'bird' (Ent: 1.58)
  ⚠️ [Mismatch] Cycle Back predicted '8' (Expected 'v') (Ent: 2.59)
EMNIST:'w' -> CIFAR10 | Predict: 'bird' (Ent: 1.62)
  ⚠️ [Mismatch] Cycle Back predicted '8' (Expected 'w') (Ent: 2.64)
EMNIST:'x' -> CIFAR10 | Predict: 'bird' (Ent: 1.56)
  ⚠️ [Mismatch] Cycle Back predicted '8' (Expected 'x') (Ent: 2.60)
EMNIST:'y' -> CIFAR10 | Predict: 'bird' (Ent: 1.59)
  ⚠️ [Mismatch] Cycle Back predicted '8' (Expected 'y') (Ent: 2.63)
EMNIST:'z' -> CIFAR10 | Predict: 'bird' (Ent: 1.61)
  ⚠️ [Mismatch] Cycle Back predicted '8' (Expected 'z') (Ent: 2.61)
CIFAR10:'airplane' -> MNIST | Predict: '8' (Ent: 1.74)
CIFAR10:'bird' -> MNIST | Predict: '8' (Ent: 1.68)
CIFAR10:'cat' -> MNIST | Predict: '8' (Ent: 1.72)
CIFAR10:'deer' -> MNIST | Predict: '8' (Ent: 1.75)
CIFAR10:'dog' -> MNIST | Predict: '8' (Ent: 1.75)
CIFAR10:'frog' -> MNIST | Predict: '8' (Ent: 1.72)
CIFAR10:'horse' -> MNIST | Predict: '8' (Ent: 1.76)
CIFAR10:'ship' -> MNIST | Predict: '8' (Ent: 1.76)
CIFAR10:'airplane' -> EMNIST | Predict: '0' (Ent: 2.88)
  ⚠️ [Mismatch] Cycle Back predicted 'bird' (Expected 'airplane') (Ent: 1.60)
CIFAR10:'automobile' -> EMNIST | Predict: '0' (Ent: 2.94)
  ⚠️ [Mismatch] Cycle Back predicted 'bird' (Expected 'automobile') (Ent: 1.60)
CIFAR10:'cat' -> EMNIST | Predict: '0' (Ent: 2.97)
  ⚠️ [Mismatch] Cycle Back predicted 'bird' (Expected 'cat') (Ent: 1.60)
CIFAR10:'deer' -> EMNIST | Predict: '8' (Ent: 2.61)
  ⚠️ [Mismatch] Cycle Back predicted 'bird' (Expected 'deer') (Ent: 1.56)
CIFAR10:'dog' -> EMNIST | Predict: '8' (Ent: 2.59)
  ⚠️ [Mismatch] Cycle Back predicted 'bird' (Expected 'dog') (Ent: 1.57)
CIFAR10:'frog' -> EMNIST | Predict: '0' (Ent: 2.86)
  ⚠️ [Mismatch] Cycle Back predicted 'bird' (Expected 'frog') (Ent: 1.61)
CIFAR10:'horse' -> EMNIST | Predict: '8' (Ent: 2.54)
  ⚠️ [Mismatch] Cycle Back predicted 'bird' (Expected 'horse') (Ent: 1.56)
CIFAR10:'ship' -> EMNIST | Predict: '8' (Ent: 2.63)
  ⚠️ [Mismatch] Cycle Back predicted 'bird' (Expected 'ship') (Ent: 1.58)
CIFAR10:'truck' -> EMNIST | Predict: '0' (Ent: 2.59)
  ⚠️ [Mismatch] Cycle Back predicted 'bird' (Expected 'truck') (Ent: 1.59)
Exp: Old Gen + New Ent (0.9)
dynamic_entropy_ratio: 0.9
MNIST:'0' -> EMNIST | Predict: 'E' (Ent: 2.97)
  ⚠️ [Mismatch] Cycle Back predicted '8' (Expected '0') (Ent: 1.57)
MNIST:'1' -> EMNIST | Predict: 'a' (Ent: 2.96)
  ⚠️ [Mismatch] Cycle Back predicted '8' (Expected '1') (Ent: 1.56)
MNIST:'2' -> EMNIST | Predict: '8' (Ent: 3.25)
  ⚠️ [Mismatch] Cycle Back predicted '8' (Expected '2') (Ent: 1.58)
MNIST:'3' -> EMNIST | Predict: 'E' (Ent: 3.10)
  ⚠️ [Mismatch] Cycle Back predicted '8' (Expected '3') (Ent: 1.57)
MNIST:'4' -> EMNIST | Predict: 'E' (Ent: 2.93)
  ⚠️ [Mismatch] Cycle Back predicted '8' (Expected '4') (Ent: 1.57)
MNIST:'5' -> EMNIST | Predict: 'E' (Ent: 3.03)
  ⚠️ [Mismatch] Cycle Back predicted '8' (Expected '5') (Ent: 1.57)
MNIST:'6' -> EMNIST | Predict: '8' (Ent: 3.10)
  ⚠️ [Mismatch] Cycle Back predicted '8' (Expected '6') (Ent: 1.58)
MNIST:'7' -> EMNIST | Predict: 'E' (Ent: 3.07)
  ⚠️ [Mismatch] Cycle Back predicted '8' (Expected '7') (Ent: 1.56)
MNIST:'8' -> EMNIST | Predict: 'E' (Ent: 2.91)
  ✅ [Match] MNIST:'8' <==> EMNIST:'E' (Ent: 1.57)
MNIST:'9' -> EMNIST | Predict: '8' (Ent: 2.75)
  ⚠️ [Mismatch] Cycle Back predicted '8' (Expected '9') (Ent: 1.60)
MNIST:'0' -> CIFAR10 | Predict: 'truck' (Ent: 2.02)
  ⚠️ [Mismatch] Cycle Back predicted '8' (Expected '0') (Ent: 1.73)
MNIST:'1' -> CIFAR10 | Predict: 'automobile' (Ent: 1.73)
  ⚠️ [Mismatch] Cycle Back predicted '8' (Expected '1') (Ent: 1.74)
MNIST:'2' -> CIFAR10 | Predict: 'truck' (Ent: 1.87)
  ⚠️ [Mismatch] Cycle Back predicted '8' (Expected '2') (Ent: 1.73)
MNIST:'3' -> CIFAR10 | Predict: 'automobile' (Ent: 2.02)
  ⚠️ [Mismatch] Cycle Back predicted '8' (Expected '3') (Ent: 1.74)
MNIST:'4' -> CIFAR10 | Predict: 'truck' (Ent: 2.06)
  ⚠️ [Mismatch] Cycle Back predicted '8' (Expected '4') (Ent: 1.82)
MNIST:'5' -> CIFAR10 | Predict: 'truck' (Ent: 2.03)
  ⚠️ [Mismatch] Cycle Back predicted '8' (Expected '5') (Ent: 1.73)
MNIST:'6' -> CIFAR10 | Predict: 'automobile' (Ent: 1.88)
  ⚠️ [Mismatch] Cycle Back predicted '8' (Expected '6') (Ent: 1.75)
MNIST:'7' -> CIFAR10 | Predict: 'automobile' (Ent: 2.00)
  ⚠️ [Mismatch] Cycle Back predicted '8' (Expected '7') (Ent: 1.75)
MNIST:'8' -> CIFAR10 | Predict: 'truck' (Ent: 2.05)
  ✅ [Match] MNIST:'8' <==> CIFAR10:'truck' (Ent: 1.75)
MNIST:'9' -> CIFAR10 | Predict: 'automobile' (Ent: 1.89)
  ⚠️ [Mismatch] Cycle Back predicted '8' (Expected '9') (Ent: 1.74)
EMNIST:'0' -> MNIST | Predict: '8' (Ent: 1.55)
  ⚠️ [Mismatch] Cycle Back predicted 'E' (Expected '0') (Ent: 2.98)
EMNIST:'1' -> MNIST | Predict: '8' (Ent: 1.67)
  ⚠️ [Mismatch] Cycle Back predicted '8' (Expected '1') (Ent: 2.99)
EMNIST:'2' -> MNIST | Predict: '8' (Ent: 1.59)
  ⚠️ [Mismatch] Cycle Back predicted 'E' (Expected '2') (Ent: 2.97)
EMNIST:'3' -> MNIST | Predict: '8' (Ent: 1.56)
  ⚠️ [Mismatch] Cycle Back predicted 'E' (Expected '3') (Ent: 2.93)
EMNIST:'4' -> MNIST | Predict: '8' (Ent: 1.59)
  ⚠️ [Mismatch] Cycle Back predicted 'E' (Expected '4') (Ent: 2.95)
EMNIST:'5' -> MNIST | Predict: '8' (Ent: 1.57)
  ⚠️ [Mismatch] Cycle Back predicted 'E' (Expected '5') (Ent: 3.05)
EMNIST:'6' -> MNIST | Predict: '8' (Ent: 1.68)
  ⚠️ [Mismatch] Cycle Back predicted '8' (Expected '6') (Ent: 3.04)
EMNIST:'7' -> MNIST | Predict: '8' (Ent: 1.57)
  ⚠️ [Mismatch] Cycle Back predicted '8' (Expected '7') (Ent: 3.00)
EMNIST:'9' -> MNIST | Predict: '8' (Ent: 1.69)
  ⚠️ [Mismatch] Cycle Back predicted 'E' (Expected '9') (Ent: 2.99)
EMNIST:'A' -> MNIST | Predict: '8' (Ent: 1.66)
  ⚠️ [Mismatch] Cycle Back predicted 'E' (Expected 'A') (Ent: 2.98)
EMNIST:'B' -> MNIST | Predict: '8' (Ent: 1.65)
  ✅ [Match] EMNIST:'B' <==> MNIST:'8' (Ent: 3.06)
EMNIST:'C' -> MNIST | Predict: '8' (Ent: 1.56)
  ⚠️ [Mismatch] Cycle Back predicted 'E' (Expected 'C') (Ent: 2.93)
EMNIST:'D' -> MNIST | Predict: '8' (Ent: 1.57)
  ⚠️ [Mismatch] Cycle Back predicted 'E' (Expected 'D') (Ent: 2.95)
EMNIST:'F' -> MNIST | Predict: '8' (Ent: 1.70)
  ⚠️ [Mismatch] Cycle Back predicted '8' (Expected 'F') (Ent: 3.00)
EMNIST:'G' -> MNIST | Predict: '8' (Ent: 1.69)
  ⚠️ [Mismatch] Cycle Back predicted 'E' (Expected 'G') (Ent: 2.95)
EMNIST:'H' -> MNIST | Predict: '8' (Ent: 1.69)
  ⚠️ [Mismatch] Cycle Back predicted '8' (Expected 'H') (Ent: 3.04)
EMNIST:'I' -> MNIST | Predict: '8' (Ent: 1.56)
  ⚠️ [Mismatch] Cycle Back predicted 'B' (Expected 'I') (Ent: 3.00)
EMNIST:'J' -> MNIST | Predict: '8' (Ent: 1.56)
  ⚠️ [Mismatch] Cycle Back predicted 'E' (Expected 'J') (Ent: 3.00)
EMNIST:'K' -> MNIST | Predict: '8' (Ent: 1.58)
  ⚠️ [Mismatch] Cycle Back predicted 'g' (Expected 'K') (Ent: 3.03)
EMNIST:'L' -> MNIST | Predict: '8' (Ent: 1.67)
  ⚠️ [Mismatch] Cycle Back predicted '8' (Expected 'L') (Ent: 2.99)
EMNIST:'M' -> MNIST | Predict: '8' (Ent: 1.69)
  ⚠️ [Mismatch] Cycle Back predicted 'G' (Expected 'M') (Ent: 3.01)
EMNIST:'N' -> MNIST | Predict: '8' (Ent: 1.56)
  ⚠️ [Mismatch] Cycle Back predicted 'B' (Expected 'N') (Ent: 3.07)
EMNIST:'O' -> MNIST | Predict: '8' (Ent: 1.55)
  ⚠️ [Mismatch] Cycle Back predicted 'E' (Expected 'O') (Ent: 3.03)
EMNIST:'P' -> MNIST | Predict: '8' (Ent: 1.56)
  ⚠️ [Mismatch] Cycle Back predicted 'B' (Expected 'P') (Ent: 3.02)
EMNIST:'Q' -> MNIST | Predict: '8' (Ent: 1.66)
  ⚠️ [Mismatch] Cycle Back predicted 'E' (Expected 'Q') (Ent: 3.00)
EMNIST:'R' -> MNIST | Predict: '8' (Ent: 1.57)
  ⚠️ [Mismatch] Cycle Back predicted 'B' (Expected 'R') (Ent: 3.01)
EMNIST:'S' -> MNIST | Predict: '8' (Ent: 1.58)
  ⚠️ [Mismatch] Cycle Back predicted '8' (Expected 'S') (Ent: 2.98)
EMNIST:'T' -> MNIST | Predict: '8' (Ent: 1.58)
  ⚠️ [Mismatch] Cycle Back predicted 'B' (Expected 'T') (Ent: 2.96)
EMNIST:'U' -> MNIST | Predict: '8' (Ent: 1.56)
  ⚠️ [Mismatch] Cycle Back predicted 'E' (Expected 'U') (Ent: 3.05)
EMNIST:'V' -> MNIST | Predict: '8' (Ent: 1.71)
  ⚠️ [Mismatch] Cycle Back predicted '8' (Expected 'V') (Ent: 2.99)
EMNIST:'W' -> MNIST | Predict: '8' (Ent: 1.57)
  ⚠️ [Mismatch] Cycle Back predicted 'B' (Expected 'W') (Ent: 2.99)
EMNIST:'X' -> MNIST | Predict: '8' (Ent: 1.57)
  ⚠️ [Mismatch] Cycle Back predicted 'E' (Expected 'X') (Ent: 3.09)
EMNIST:'Y' -> MNIST | Predict: '8' (Ent: 1.65)
  ⚠️ [Mismatch] Cycle Back predicted '8' (Expected 'Y') (Ent: 2.94)
EMNIST:'Z' -> MNIST | Predict: '8' (Ent: 1.57)
  ⚠️ [Mismatch] Cycle Back predicted '8' (Expected 'Z') (Ent: 2.98)
EMNIST:'b' -> MNIST | Predict: '8' (Ent: 1.63)
  ⚠️ [Mismatch] Cycle Back predicted '8' (Expected 'b') (Ent: 2.96)
EMNIST:'c' -> MNIST | Predict: '8' (Ent: 1.70)
  ⚠️ [Mismatch] Cycle Back predicted 'E' (Expected 'c') (Ent: 2.93)
EMNIST:'d' -> MNIST | Predict: '8' (Ent: 1.54)
  ⚠️ [Mismatch] Cycle Back predicted '8' (Expected 'd') (Ent: 2.95)
EMNIST:'e' -> MNIST | Predict: '8' (Ent: 1.57)
  ⚠️ [Mismatch] Cycle Back predicted '8' (Expected 'e') (Ent: 2.90)
EMNIST:'f' -> MNIST | Predict: '8' (Ent: 1.70)
  ⚠️ [Mismatch] Cycle Back predicted '8' (Expected 'f') (Ent: 3.08)
EMNIST:'g' -> MNIST | Predict: '8' (Ent: 1.70)
  ⚠️ [Mismatch] Cycle Back predicted 'E' (Expected 'g') (Ent: 3.03)
EMNIST:'h' -> MNIST | Predict: '8' (Ent: 1.57)
  ⚠️ [Mismatch] Cycle Back predicted '8' (Expected 'h') (Ent: 2.96)
EMNIST:'i' -> MNIST | Predict: '8' (Ent: 1.71)
  ⚠️ [Mismatch] Cycle Back predicted 'E' (Expected 'i') (Ent: 2.94)
EMNIST:'j' -> MNIST | Predict: '8' (Ent: 1.72)
  ⚠️ [Mismatch] Cycle Back predicted '8' (Expected 'j') (Ent: 2.91)
EMNIST:'k' -> MNIST | Predict: '8' (Ent: 1.71)
  ⚠️ [Mismatch] Cycle Back predicted '8' (Expected 'k') (Ent: 2.97)
EMNIST:'l' -> MNIST | Predict: '8' (Ent: 1.56)
  ⚠️ [Mismatch] Cycle Back predicted 'B' (Expected 'l') (Ent: 3.01)
EMNIST:'m' -> MNIST | Predict: '8' (Ent: 1.66)
  ⚠️ [Mismatch] Cycle Back predicted '8' (Expected 'm') (Ent: 3.10)
EMNIST:'n' -> MNIST | Predict: '8' (Ent: 1.57)
  ⚠️ [Mismatch] Cycle Back predicted 'E' (Expected 'n') (Ent: 2.96)
EMNIST:'o' -> MNIST | Predict: '8' (Ent: 1.56)
  ⚠️ [Mismatch] Cycle Back predicted 'E' (Expected 'o') (Ent: 3.08)
EMNIST:'p' -> MNIST | Predict: '8' (Ent: 1.71)
  ⚠️ [Mismatch] Cycle Back predicted '8' (Expected 'p') (Ent: 2.89)
EMNIST:'q' -> MNIST | Predict: '8' (Ent: 1.70)
  ⚠️ [Mismatch] Cycle Back predicted '8' (Expected 'q') (Ent: 2.90)
EMNIST:'r' -> MNIST | Predict: '8' (Ent: 1.57)
  ⚠️ [Mismatch] Cycle Back predicted 'E' (Expected 'r') (Ent: 3.00)
EMNIST:'s' -> MNIST | Predict: '8' (Ent: 1.57)
  ⚠️ [Mismatch] Cycle Back predicted '8' (Expected 's') (Ent: 2.93)
EMNIST:'t' -> MNIST | Predict: '8' (Ent: 1.67)
  ⚠️ [Mismatch] Cycle Back predicted 'B' (Expected 't') (Ent: 3.05)
EMNIST:'u' -> MNIST | Predict: '8' (Ent: 1.67)
  ⚠️ [Mismatch] Cycle Back predicted 'B' (Expected 'u') (Ent: 3.09)
EMNIST:'v' -> MNIST | Predict: '8' (Ent: 1.69)
  ⚠️ [Mismatch] Cycle Back predicted '8' (Expected 'v') (Ent: 2.94)
EMNIST:'w' -> MNIST | Predict: '8' (Ent: 1.57)
  ⚠️ [Mismatch] Cycle Back predicted 'E' (Expected 'w') (Ent: 2.94)
EMNIST:'x' -> MNIST | Predict: '8' (Ent: 1.67)
  ⚠️ [Mismatch] Cycle Back predicted 'E' (Expected 'x') (Ent: 3.02)
EMNIST:'y' -> MNIST | Predict: '8' (Ent: 1.57)
  ⚠️ [Mismatch] Cycle Back predicted 'B' (Expected 'y') (Ent: 3.02)
EMNIST:'z' -> MNIST | Predict: '8' (Ent: 1.69)
  ⚠️ [Mismatch] Cycle Back predicted 'E' (Expected 'z') (Ent: 2.99)
EMNIST:'0' -> CIFAR10 | Predict: 'bird' (Ent: 1.60)
  ⚠️ [Mismatch] Cycle Back predicted '8' (Expected '0') (Ent: 2.83)
EMNIST:'1' -> CIFAR10 | Predict: 'bird' (Ent: 1.56)
  ⚠️ [Mismatch] Cycle Back predicted '8' (Expected '1') (Ent: 2.85)
EMNIST:'2' -> CIFAR10 | Predict: 'bird' (Ent: 1.61)
  ⚠️ [Mismatch] Cycle Back predicted '8' (Expected '2') (Ent: 2.82)
EMNIST:'3' -> CIFAR10 | Predict: 'bird' (Ent: 1.59)
  ⚠️ [Mismatch] Cycle Back predicted '8' (Expected '3') (Ent: 2.88)
EMNIST:'4' -> CIFAR10 | Predict: 'bird' (Ent: 1.57)
  ⚠️ [Mismatch] Cycle Back predicted '8' (Expected '4') (Ent: 2.79)
EMNIST:'5' -> CIFAR10 | Predict: 'bird' (Ent: 1.64)
  ⚠️ [Mismatch] Cycle Back predicted '8' (Expected '5') (Ent: 2.80)
EMNIST:'6' -> CIFAR10 | Predict: 'bird' (Ent: 1.59)
  ⚠️ [Mismatch] Cycle Back predicted '8' (Expected '6') (Ent: 2.82)
EMNIST:'7' -> CIFAR10 | Predict: 'bird' (Ent: 1.60)
  ⚠️ [Mismatch] Cycle Back predicted '8' (Expected '7') (Ent: 2.81)
EMNIST:'8' -> CIFAR10 | Predict: 'bird' (Ent: 1.58)
  ✅ [Match] EMNIST:'8' <==> CIFAR10:'bird' (Ent: 2.87)
EMNIST:'9' -> CIFAR10 | Predict: 'bird' (Ent: 1.60)
  ⚠️ [Mismatch] Cycle Back predicted '8' (Expected '9') (Ent: 2.83)
EMNIST:'A' -> CIFAR10 | Predict: 'bird' (Ent: 1.69)
  ⚠️ [Mismatch] Cycle Back predicted '8' (Expected 'A') (Ent: 2.84)
EMNIST:'B' -> CIFAR10 | Predict: 'bird' (Ent: 1.64)
  ⚠️ [Mismatch] Cycle Back predicted '8' (Expected 'B') (Ent: 2.85)
EMNIST:'C' -> CIFAR10 | Predict: 'bird' (Ent: 1.64)
  ⚠️ [Mismatch] Cycle Back predicted '8' (Expected 'C') (Ent: 2.82)
EMNIST:'D' -> CIFAR10 | Predict: 'bird' (Ent: 1.56)
  ⚠️ [Mismatch] Cycle Back predicted '8' (Expected 'D') (Ent: 2.59)
EMNIST:'E' -> CIFAR10 | Predict: 'bird' (Ent: 1.62)
  ⚠️ [Mismatch] Cycle Back predicted '8' (Expected 'E') (Ent: 2.82)
EMNIST:'F' -> CIFAR10 | Predict: 'bird' (Ent: 1.56)
  ⚠️ [Mismatch] Cycle Back predicted '8' (Expected 'F') (Ent: 2.81)
EMNIST:'G' -> CIFAR10 | Predict: 'bird' (Ent: 1.60)
  ⚠️ [Mismatch] Cycle Back predicted '8' (Expected 'G') (Ent: 2.85)
EMNIST:'H' -> CIFAR10 | Predict: 'bird' (Ent: 1.64)
  ⚠️ [Mismatch] Cycle Back predicted '8' (Expected 'H') (Ent: 2.83)
EMNIST:'I' -> CIFAR10 | Predict: 'bird' (Ent: 1.63)
  ⚠️ [Mismatch] Cycle Back predicted '8' (Expected 'I') (Ent: 2.58)
EMNIST:'J' -> CIFAR10 | Predict: 'bird' (Ent: 1.62)
  ⚠️ [Mismatch] Cycle Back predicted '8' (Expected 'J') (Ent: 2.78)
EMNIST:'K' -> CIFAR10 | Predict: 'bird' (Ent: 1.60)
  ⚠️ [Mismatch] Cycle Back predicted '8' (Expected 'K') (Ent: 2.86)
EMNIST:'L' -> CIFAR10 | Predict: 'bird' (Ent: 1.51)
  ⚠️ [Mismatch] Cycle Back predicted '8' (Expected 'L') (Ent: 2.84)
EMNIST:'M' -> CIFAR10 | Predict: 'bird' (Ent: 1.56)
  ⚠️ [Mismatch] Cycle Back predicted '8' (Expected 'M') (Ent: 2.80)
EMNIST:'N' -> CIFAR10 | Predict: 'bird' (Ent: 1.62)
  ⚠️ [Mismatch] Cycle Back predicted '8' (Expected 'N') (Ent: 2.78)
EMNIST:'O' -> CIFAR10 | Predict: 'bird' (Ent: 1.60)
  ⚠️ [Mismatch] Cycle Back predicted '8' (Expected 'O') (Ent: 2.84)
EMNIST:'P' -> CIFAR10 | Predict: 'bird' (Ent: 1.58)
  ⚠️ [Mismatch] Cycle Back predicted '8' (Expected 'P') (Ent: 2.81)
EMNIST:'Q' -> CIFAR10 | Predict: 'bird' (Ent: 1.61)
  ⚠️ [Mismatch] Cycle Back predicted '8' (Expected 'Q') (Ent: 2.87)
EMNIST:'R' -> CIFAR10 | Predict: 'bird' (Ent: 1.61)
  ⚠️ [Mismatch] Cycle Back predicted '8' (Expected 'R') (Ent: 2.83)
EMNIST:'S' -> CIFAR10 | Predict: 'bird' (Ent: 1.62)
  ⚠️ [Mismatch] Cycle Back predicted '8' (Expected 'S') (Ent: 2.63)
EMNIST:'T' -> CIFAR10 | Predict: 'bird' (Ent: 1.62)
  ⚠️ [Mismatch] Cycle Back predicted '8' (Expected 'T') (Ent: 2.82)
EMNIST:'U' -> CIFAR10 | Predict: 'bird' (Ent: 1.60)
  ⚠️ [Mismatch] Cycle Back predicted '8' (Expected 'U') (Ent: 2.83)
EMNIST:'V' -> CIFAR10 | Predict: 'bird' (Ent: 1.59)
  ⚠️ [Mismatch] Cycle Back predicted '8' (Expected 'V') (Ent: 2.85)
EMNIST:'W' -> CIFAR10 | Predict: 'bird' (Ent: 1.64)
  ⚠️ [Mismatch] Cycle Back predicted '8' (Expected 'W') (Ent: 2.82)
EMNIST:'X' -> CIFAR10 | Predict: 'bird' (Ent: 1.61)
  ⚠️ [Mismatch] Cycle Back predicted '8' (Expected 'X') (Ent: 2.85)
EMNIST:'Y' -> CIFAR10 | Predict: 'bird' (Ent: 1.61)
  ⚠️ [Mismatch] Cycle Back predicted '8' (Expected 'Y') (Ent: 2.80)
EMNIST:'Z' -> CIFAR10 | Predict: 'bird' (Ent: 1.60)
  ⚠️ [Mismatch] Cycle Back predicted '8' (Expected 'Z') (Ent: 2.88)
EMNIST:'a' -> CIFAR10 | Predict: 'bird' (Ent: 1.62)
  ⚠️ [Mismatch] Cycle Back predicted '8' (Expected 'a') (Ent: 2.83)
EMNIST:'b' -> CIFAR10 | Predict: 'bird' (Ent: 1.55)
  ⚠️ [Mismatch] Cycle Back predicted '8' (Expected 'b') (Ent: 2.84)
EMNIST:'c' -> CIFAR10 | Predict: 'bird' (Ent: 1.61)
  ⚠️ [Mismatch] Cycle Back predicted '8' (Expected 'c') (Ent: 2.79)
EMNIST:'d' -> CIFAR10 | Predict: 'bird' (Ent: 1.54)
  ⚠️ [Mismatch] Cycle Back predicted '8' (Expected 'd') (Ent: 2.85)
EMNIST:'e' -> CIFAR10 | Predict: 'bird' (Ent: 1.60)
  ⚠️ [Mismatch] Cycle Back predicted '8' (Expected 'e') (Ent: 2.79)
EMNIST:'f' -> CIFAR10 | Predict: 'bird' (Ent: 1.61)
  ⚠️ [Mismatch] Cycle Back predicted '8' (Expected 'f') (Ent: 2.84)
EMNIST:'g' -> CIFAR10 | Predict: 'bird' (Ent: 1.66)
  ⚠️ [Mismatch] Cycle Back predicted '8' (Expected 'g') (Ent: 2.82)
EMNIST:'h' -> CIFAR10 | Predict: 'bird' (Ent: 1.61)
  ⚠️ [Mismatch] Cycle Back predicted '8' (Expected 'h') (Ent: 2.84)
EMNIST:'i' -> CIFAR10 | Predict: 'bird' (Ent: 1.63)
  ⚠️ [Mismatch] Cycle Back predicted '8' (Expected 'i') (Ent: 2.63)
EMNIST:'j' -> CIFAR10 | Predict: 'bird' (Ent: 1.75)
  ⚠️ [Mismatch] Cycle Back predicted '8' (Expected 'j') (Ent: 2.82)
EMNIST:'k' -> CIFAR10 | Predict: 'bird' (Ent: 1.61)
  ⚠️ [Mismatch] Cycle Back predicted '8' (Expected 'k') (Ent: 2.84)
EMNIST:'l' -> CIFAR10 | Predict: 'bird' (Ent: 1.63)
  ⚠️ [Mismatch] Cycle Back predicted '8' (Expected 'l') (Ent: 2.81)
EMNIST:'m' -> CIFAR10 | Predict: 'bird' (Ent: 1.57)
  ⚠️ [Mismatch] Cycle Back predicted '8' (Expected 'm') (Ent: 2.81)
EMNIST:'n' -> CIFAR10 | Predict: 'bird' (Ent: 1.61)
  ⚠️ [Mismatch] Cycle Back predicted '8' (Expected 'n') (Ent: 2.83)
EMNIST:'o' -> CIFAR10 | Predict: 'bird' (Ent: 1.61)
  ⚠️ [Mismatch] Cycle Back predicted '8' (Expected 'o') (Ent: 2.84)
EMNIST:'p' -> CIFAR10 | Predict: 'bird' (Ent: 1.73)
  ⚠️ [Mismatch] Cycle Back predicted '8' (Expected 'p') (Ent: 2.82)
EMNIST:'q' -> CIFAR10 | Predict: 'bird' (Ent: 1.68)
  ⚠️ [Mismatch] Cycle Back predicted '8' (Expected 'q') (Ent: 2.85)
EMNIST:'r' -> CIFAR10 | Predict: 'bird' (Ent: 1.62)
  ⚠️ [Mismatch] Cycle Back predicted '8' (Expected 'r') (Ent: 2.84)
EMNIST:'s' -> CIFAR10 | Predict: 'bird' (Ent: 1.61)
  ⚠️ [Mismatch] Cycle Back predicted '8' (Expected 's') (Ent: 2.82)
EMNIST:'t' -> CIFAR10 | Predict: 'bird' (Ent: 1.68)
  ⚠️ [Mismatch] Cycle Back predicted '8' (Expected 't') (Ent: 2.81)
EMNIST:'u' -> CIFAR10 | Predict: 'bird' (Ent: 1.60)
  ⚠️ [Mismatch] Cycle Back predicted '8' (Expected 'u') (Ent: 2.84)
EMNIST:'v' -> CIFAR10 | Predict: 'bird' (Ent: 1.58)
  ⚠️ [Mismatch] Cycle Back predicted '8' (Expected 'v') (Ent: 2.87)
EMNIST:'w' -> CIFAR10 | Predict: 'bird' (Ent: 1.60)
  ⚠️ [Mismatch] Cycle Back predicted '8' (Expected 'w') (Ent: 2.86)
EMNIST:'x' -> CIFAR10 | Predict: 'bird' (Ent: 1.57)
  ⚠️ [Mismatch] Cycle Back predicted '8' (Expected 'x') (Ent: 2.80)
EMNIST:'y' -> CIFAR10 | Predict: 'bird' (Ent: 1.59)
  ⚠️ [Mismatch] Cycle Back predicted '8' (Expected 'y') (Ent: 2.83)
EMNIST:'z' -> CIFAR10 | Predict: 'bird' (Ent: 1.61)
  ⚠️ [Mismatch] Cycle Back predicted '8' (Expected 'z') (Ent: 2.85)
CIFAR10:'airplane' -> MNIST | Predict: '8' (Ent: 1.74)
  ⚠️ [Mismatch] Cycle Back predicted 'truck' (Expected 'airplane') (Ent: 2.06)
CIFAR10:'bird' -> MNIST | Predict: '8' (Ent: 1.65)
  ⚠️ [Mismatch] Cycle Back predicted 'automobile' (Expected 'bird') (Ent: 2.04)
CIFAR10:'cat' -> MNIST | Predict: '8' (Ent: 1.73)
  ⚠️ [Mismatch] Cycle Back predicted 'automobile' (Expected 'cat') (Ent: 2.06)
CIFAR10:'deer' -> MNIST | Predict: '8' (Ent: 1.84)
CIFAR10:'dog' -> MNIST | Predict: '8' (Ent: 1.83)
  ⚠️ [Mismatch] Cycle Back predicted 'automobile' (Expected 'dog') (Ent: 2.06)
CIFAR10:'frog' -> MNIST | Predict: '8' (Ent: 1.72)
  ⚠️ [Mismatch] Cycle Back predicted 'automobile' (Expected 'frog') (Ent: 2.06)
CIFAR10:'horse' -> MNIST | Predict: '8' (Ent: 1.78)
  ⚠️ [Mismatch] Cycle Back predicted 'automobile' (Expected 'horse') (Ent: 2.02)
CIFAR10:'ship' -> MNIST | Predict: '8' (Ent: 1.76)
  ⚠️ [Mismatch] Cycle Back predicted 'automobile' (Expected 'ship') (Ent: 2.05)
CIFAR10:'airplane' -> EMNIST | Predict: '0' (Ent: 2.91)
  ⚠️ [Mismatch] Cycle Back predicted 'bird' (Expected 'airplane') (Ent: 1.61)
CIFAR10:'automobile' -> EMNIST | Predict: '0' (Ent: 2.97)
  ⚠️ [Mismatch] Cycle Back predicted 'bird' (Expected 'automobile') (Ent: 1.61)
CIFAR10:'cat' -> EMNIST | Predict: '0' (Ent: 3.00)
  ⚠️ [Mismatch] Cycle Back predicted 'bird' (Expected 'cat') (Ent: 1.60)
CIFAR10:'deer' -> EMNIST | Predict: '8' (Ent: 2.84)
  ⚠️ [Mismatch] Cycle Back predicted 'bird' (Expected 'deer') (Ent: 1.57)
CIFAR10:'dog' -> EMNIST | Predict: '8' (Ent: 2.87)
  ⚠️ [Mismatch] Cycle Back predicted 'bird' (Expected 'dog') (Ent: 1.57)
CIFAR10:'frog' -> EMNIST | Predict: '0' (Ent: 2.84)
  ⚠️ [Mismatch] Cycle Back predicted 'bird' (Expected 'frog') (Ent: 1.61)
CIFAR10:'horse' -> EMNIST | Predict: '8' (Ent: 2.83)
  ⚠️ [Mismatch] Cycle Back predicted 'bird' (Expected 'horse') (Ent: 1.56)
CIFAR10:'ship' -> EMNIST | Predict: '8' (Ent: 2.88)
  ⚠️ [Mismatch] Cycle Back predicted 'bird' (Expected 'ship') (Ent: 1.56)
CIFAR10:'truck' -> EMNIST | Predict: '0' (Ent: 2.83)
  ⚠️ [Mismatch] Cycle Back predicted 'bird' (Expected 'truck') (Ent: 1.59)
Exp: Old Gen + New Ent (0.95)
dynamic_entropy_ratio: 0.95
MNIST:'0' -> EMNIST | Predict: 'E' (Ent: 2.92)
  ⚠️ [Mismatch] Cycle Back predicted '8' (Expected '0') (Ent: 1.69)
MNIST:'1' -> EMNIST | Predict: 'a' (Ent: 3.02)
  ⚠️ [Mismatch] Cycle Back predicted '8' (Expected '1') (Ent: 1.69)
MNIST:'2' -> EMNIST | Predict: '8' (Ent: 3.26)
  ⚠️ [Mismatch] Cycle Back predicted '8' (Expected '2') (Ent: 1.71)
MNIST:'3' -> EMNIST | Predict: '8' (Ent: 3.10)
  ⚠️ [Mismatch] Cycle Back predicted '8' (Expected '3') (Ent: 1.71)
MNIST:'4' -> EMNIST | Predict: 'E' (Ent: 2.83)
  ⚠️ [Mismatch] Cycle Back predicted '8' (Expected '4') (Ent: 1.70)
MNIST:'5' -> EMNIST | Predict: 'E' (Ent: 2.83)
  ⚠️ [Mismatch] Cycle Back predicted '8' (Expected '5') (Ent: 1.70)
MNIST:'6' -> EMNIST | Predict: '8' (Ent: 3.08)
  ⚠️ [Mismatch] Cycle Back predicted '8' (Expected '6') (Ent: 1.71)
MNIST:'7' -> EMNIST | Predict: '8' (Ent: 3.08)
  ⚠️ [Mismatch] Cycle Back predicted '8' (Expected '7') (Ent: 1.71)
MNIST:'8' -> EMNIST | Predict: '8' (Ent: 2.97)
  ✅ [Match] MNIST:'8' <==> EMNIST:'8' (Ent: 1.70)
MNIST:'9' -> EMNIST | Predict: '8' (Ent: 2.67)
  ⚠️ [Mismatch] Cycle Back predicted '8' (Expected '9') (Ent: 1.71)
MNIST:'0' -> CIFAR10 | Predict: 'truck' (Ent: 2.06)
  ⚠️ [Mismatch] Cycle Back predicted '8' (Expected '0') (Ent: 1.81)
MNIST:'1' -> CIFAR10 | Predict: 'automobile' (Ent: 1.71)
  ⚠️ [Mismatch] Cycle Back predicted '8' (Expected '1') (Ent: 1.84)
MNIST:'2' -> CIFAR10 | Predict: 'truck' (Ent: 1.87)
  ⚠️ [Mismatch] Cycle Back predicted '8' (Expected '2') (Ent: 1.81)
MNIST:'3' -> CIFAR10 | Predict: 'automobile' (Ent: 1.99)
  ⚠️ [Mismatch] Cycle Back predicted '8' (Expected '3') (Ent: 1.91)
MNIST:'4' -> CIFAR10 | Predict: 'truck' (Ent: 2.03)
  ⚠️ [Mismatch] Cycle Back predicted '8' (Expected '4') (Ent: 1.81)
MNIST:'5' -> CIFAR10 | Predict: 'truck' (Ent: 2.02)
  ⚠️ [Mismatch] Cycle Back predicted '8' (Expected '5') (Ent: 1.81)
MNIST:'6' -> CIFAR10 | Predict: 'automobile' (Ent: 1.94)
  ⚠️ [Mismatch] Cycle Back predicted '8' (Expected '6') (Ent: 1.91)
MNIST:'7' -> CIFAR10 | Predict: 'truck' (Ent: 2.01)
  ⚠️ [Mismatch] Cycle Back predicted '8' (Expected '7') (Ent: 1.82)
MNIST:'8' -> CIFAR10 | Predict: 'automobile' (Ent: 2.04)
  ✅ [Match] MNIST:'8' <==> CIFAR10:'automobile' (Ent: 1.83)
MNIST:'9' -> CIFAR10 | Predict: 'automobile' (Ent: 1.83)
  ⚠️ [Mismatch] Cycle Back predicted '8' (Expected '9') (Ent: 1.82)
EMNIST:'0' -> MNIST | Predict: '8' (Ent: 1.68)
  ⚠️ [Mismatch] Cycle Back predicted '8' (Expected '0') (Ent: 2.94)
EMNIST:'1' -> MNIST | Predict: '8' (Ent: 1.68)
  ⚠️ [Mismatch] Cycle Back predicted 'E' (Expected '1') (Ent: 2.95)
EMNIST:'2' -> MNIST | Predict: '8' (Ent: 1.70)
  ⚠️ [Mismatch] Cycle Back predicted 'E' (Expected '2') (Ent: 3.01)
EMNIST:'3' -> MNIST | Predict: '8' (Ent: 1.68)
  ⚠️ [Mismatch] Cycle Back predicted '8' (Expected '3') (Ent: 3.00)
EMNIST:'4' -> MNIST | Predict: '8' (Ent: 1.70)
  ⚠️ [Mismatch] Cycle Back predicted 'E' (Expected '4') (Ent: 2.96)
EMNIST:'5' -> MNIST | Predict: '8' (Ent: 1.69)
  ⚠️ [Mismatch] Cycle Back predicted 'E' (Expected '5') (Ent: 3.07)
EMNIST:'6' -> MNIST | Predict: '8' (Ent: 1.68)
  ⚠️ [Mismatch] Cycle Back predicted 'E' (Expected '6') (Ent: 2.96)
EMNIST:'7' -> MNIST | Predict: '8' (Ent: 1.70)
  ⚠️ [Mismatch] Cycle Back predicted 'g' (Expected '7') (Ent: 2.99)
EMNIST:'9' -> MNIST | Predict: '8' (Ent: 1.69)
  ⚠️ [Mismatch] Cycle Back predicted 'E' (Expected '9') (Ent: 3.00)
EMNIST:'A' -> MNIST | Predict: '8' (Ent: 1.67)
  ⚠️ [Mismatch] Cycle Back predicted 'E' (Expected 'A') (Ent: 2.97)
EMNIST:'B' -> MNIST | Predict: '8' (Ent: 1.66)
  ⚠️ [Mismatch] Cycle Back predicted '8' (Expected 'B') (Ent: 2.90)
EMNIST:'C' -> MNIST | Predict: '8' (Ent: 1.69)
  ⚠️ [Mismatch] Cycle Back predicted 'E' (Expected 'C') (Ent: 2.97)
EMNIST:'D' -> MNIST | Predict: '8' (Ent: 1.69)
  ⚠️ [Mismatch] Cycle Back predicted 'E' (Expected 'D') (Ent: 2.97)
EMNIST:'F' -> MNIST | Predict: '8' (Ent: 1.70)
  ⚠️ [Mismatch] Cycle Back predicted 'B' (Expected 'F') (Ent: 3.00)
EMNIST:'G' -> MNIST | Predict: '8' (Ent: 1.69)
  ⚠️ [Mismatch] Cycle Back predicted '8' (Expected 'G') (Ent: 2.95)
EMNIST:'H' -> MNIST | Predict: '8' (Ent: 1.69)
  ⚠️ [Mismatch] Cycle Back predicted 'E' (Expected 'H') (Ent: 3.02)
EMNIST:'I' -> MNIST | Predict: '8' (Ent: 1.69)
  ⚠️ [Mismatch] Cycle Back predicted '8' (Expected 'I') (Ent: 2.99)
EMNIST:'J' -> MNIST | Predict: '8' (Ent: 1.69)
  ⚠️ [Mismatch] Cycle Back predicted 'E' (Expected 'J') (Ent: 3.00)
EMNIST:'K' -> MNIST | Predict: '8' (Ent: 1.70)
  ⚠️ [Mismatch] Cycle Back predicted 'E' (Expected 'K') (Ent: 3.03)
EMNIST:'L' -> MNIST | Predict: '8' (Ent: 1.69)
  ⚠️ [Mismatch] Cycle Back predicted '8' (Expected 'L') (Ent: 2.97)
EMNIST:'M' -> MNIST | Predict: '8' (Ent: 1.68)
  ⚠️ [Mismatch] Cycle Back predicted 'E' (Expected 'M') (Ent: 2.93)
EMNIST:'N' -> MNIST | Predict: '8' (Ent: 1.68)
  ⚠️ [Mismatch] Cycle Back predicted 'E' (Expected 'N') (Ent: 2.95)
EMNIST:'O' -> MNIST | Predict: '8' (Ent: 1.69)
  ⚠️ [Mismatch] Cycle Back predicted 'B' (Expected 'O') (Ent: 3.01)
EMNIST:'P' -> MNIST | Predict: '8' (Ent: 1.68)
  ⚠️ [Mismatch] Cycle Back predicted '8' (Expected 'P') (Ent: 2.93)
EMNIST:'Q' -> MNIST | Predict: '8' (Ent: 1.66)
  ⚠️ [Mismatch] Cycle Back predicted '8' (Expected 'Q') (Ent: 3.00)
EMNIST:'R' -> MNIST | Predict: '8' (Ent: 1.70)
  ⚠️ [Mismatch] Cycle Back predicted '8' (Expected 'R') (Ent: 2.95)
EMNIST:'S' -> MNIST | Predict: '8' (Ent: 1.69)
  ⚠️ [Mismatch] Cycle Back predicted '8' (Expected 'S') (Ent: 2.97)
EMNIST:'T' -> MNIST | Predict: '8' (Ent: 1.71)
  ⚠️ [Mismatch] Cycle Back predicted 'B' (Expected 'T') (Ent: 2.94)
EMNIST:'U' -> MNIST | Predict: '8' (Ent: 1.69)
  ⚠️ [Mismatch] Cycle Back predicted '8' (Expected 'U') (Ent: 2.97)
EMNIST:'V' -> MNIST | Predict: '8' (Ent: 1.70)
  ⚠️ [Mismatch] Cycle Back predicted 'E' (Expected 'V') (Ent: 2.91)
EMNIST:'W' -> MNIST | Predict: '8' (Ent: 1.69)
  ⚠️ [Mismatch] Cycle Back predicted 'E' (Expected 'W') (Ent: 3.01)
EMNIST:'X' -> MNIST | Predict: '8' (Ent: 1.69)
  ⚠️ [Mismatch] Cycle Back predicted 'E' (Expected 'X') (Ent: 2.99)
EMNIST:'Y' -> MNIST | Predict: '8' (Ent: 1.74)
  ⚠️ [Mismatch] Cycle Back predicted '8' (Expected 'Y') (Ent: 2.98)
EMNIST:'Z' -> MNIST | Predict: '8' (Ent: 1.69)
  ⚠️ [Mismatch] Cycle Back predicted '8' (Expected 'Z') (Ent: 2.99)
EMNIST:'b' -> MNIST | Predict: '8' (Ent: 1.72)
  ⚠️ [Mismatch] Cycle Back predicted '8' (Expected 'b') (Ent: 2.93)
EMNIST:'c' -> MNIST | Predict: '8' (Ent: 1.69)
  ⚠️ [Mismatch] Cycle Back predicted '8' (Expected 'c') (Ent: 3.00)
EMNIST:'d' -> MNIST | Predict: '8' (Ent: 1.65)
  ⚠️ [Mismatch] Cycle Back predicted 'E' (Expected 'd') (Ent: 2.93)
EMNIST:'e' -> MNIST | Predict: '8' (Ent: 1.68)
  ⚠️ [Mismatch] Cycle Back predicted '8' (Expected 'e') (Ent: 3.05)
EMNIST:'f' -> MNIST | Predict: '8' (Ent: 1.69)
  ⚠️ [Mismatch] Cycle Back predicted 'E' (Expected 'f') (Ent: 2.93)
EMNIST:'g' -> MNIST | Predict: '8' (Ent: 1.70)
  ⚠️ [Mismatch] Cycle Back predicted '8' (Expected 'g') (Ent: 3.00)
EMNIST:'h' -> MNIST | Predict: '8' (Ent: 1.69)
  ⚠️ [Mismatch] Cycle Back predicted 'B' (Expected 'h') (Ent: 2.96)
EMNIST:'i' -> MNIST | Predict: '8' (Ent: 1.72)
  ⚠️ [Mismatch] Cycle Back predicted '8' (Expected 'i') (Ent: 2.99)
EMNIST:'j' -> MNIST | Predict: '8' (Ent: 1.71)
  ⚠️ [Mismatch] Cycle Back predicted 'E' (Expected 'j') (Ent: 2.92)
EMNIST:'k' -> MNIST | Predict: '8' (Ent: 1.70)
  ⚠️ [Mismatch] Cycle Back predicted 'E' (Expected 'k') (Ent: 2.89)
EMNIST:'l' -> MNIST | Predict: '8' (Ent: 1.68)
  ⚠️ [Mismatch] Cycle Back predicted 'B' (Expected 'l') (Ent: 2.99)
EMNIST:'m' -> MNIST | Predict: '8' (Ent: 1.65)
  ⚠️ [Mismatch] Cycle Back predicted 'E' (Expected 'm') (Ent: 2.98)
EMNIST:'n' -> MNIST | Predict: '8' (Ent: 1.70)
  ⚠️ [Mismatch] Cycle Back predicted 'B' (Expected 'n') (Ent: 3.00)
EMNIST:'o' -> MNIST | Predict: '8' (Ent: 1.68)
  ⚠️ [Mismatch] Cycle Back predicted 'B' (Expected 'o') (Ent: 2.95)
EMNIST:'p' -> MNIST | Predict: '8' (Ent: 1.72)
  ⚠️ [Mismatch] Cycle Back predicted '8' (Expected 'p') (Ent: 3.02)
EMNIST:'q' -> MNIST | Predict: '8' (Ent: 1.70)
  ⚠️ [Mismatch] Cycle Back predicted '8' (Expected 'q') (Ent: 2.99)
EMNIST:'r' -> MNIST | Predict: '8' (Ent: 1.70)
  ⚠️ [Mismatch] Cycle Back predicted '8' (Expected 'r') (Ent: 3.07)
EMNIST:'s' -> MNIST | Predict: '8' (Ent: 1.70)
  ⚠️ [Mismatch] Cycle Back predicted 'B' (Expected 's') (Ent: 3.02)
EMNIST:'t' -> MNIST | Predict: '8' (Ent: 1.69)
  ⚠️ [Mismatch] Cycle Back predicted 'E' (Expected 't') (Ent: 2.95)
EMNIST:'u' -> MNIST | Predict: '8' (Ent: 1.65)
  ⚠️ [Mismatch] Cycle Back predicted '8' (Expected 'u') (Ent: 2.97)
EMNIST:'v' -> MNIST | Predict: '8' (Ent: 1.69)
  ⚠️ [Mismatch] Cycle Back predicted 'E' (Expected 'v') (Ent: 2.95)
EMNIST:'w' -> MNIST | Predict: '8' (Ent: 1.70)
  ⚠️ [Mismatch] Cycle Back predicted 'B' (Expected 'w') (Ent: 3.05)
EMNIST:'x' -> MNIST | Predict: '8' (Ent: 1.66)
  ⚠️ [Mismatch] Cycle Back predicted 'E' (Expected 'x') (Ent: 2.99)
EMNIST:'y' -> MNIST | Predict: '8' (Ent: 1.70)
  ⚠️ [Mismatch] Cycle Back predicted 'E' (Expected 'y') (Ent: 2.97)
EMNIST:'z' -> MNIST | Predict: '8' (Ent: 1.71)
  ⚠️ [Mismatch] Cycle Back predicted 'E' (Expected 'z') (Ent: 2.91)
EMNIST:'0' -> CIFAR10 | Predict: 'bird' (Ent: 1.60)
  ⚠️ [Mismatch] Cycle Back predicted '8' (Expected '0') (Ent: 2.78)
EMNIST:'1' -> CIFAR10 | Predict: 'bird' (Ent: 1.55)
  ⚠️ [Mismatch] Cycle Back predicted '8' (Expected '1') (Ent: 2.86)
EMNIST:'2' -> CIFAR10 | Predict: 'bird' (Ent: 1.62)
  ⚠️ [Mismatch] Cycle Back predicted '8' (Expected '2') (Ent: 2.79)
EMNIST:'3' -> CIFAR10 | Predict: 'bird' (Ent: 1.57)
  ⚠️ [Mismatch] Cycle Back predicted '8' (Expected '3') (Ent: 2.84)
EMNIST:'4' -> CIFAR10 | Predict: 'bird' (Ent: 1.60)
  ⚠️ [Mismatch] Cycle Back predicted '8' (Expected '4') (Ent: 2.84)
EMNIST:'5' -> CIFAR10 | Predict: 'bird' (Ent: 1.64)
  ⚠️ [Mismatch] Cycle Back predicted '8' (Expected '5') (Ent: 2.83)
EMNIST:'6' -> CIFAR10 | Predict: 'bird' (Ent: 1.59)
  ⚠️ [Mismatch] Cycle Back predicted '8' (Expected '6') (Ent: 2.86)
EMNIST:'7' -> CIFAR10 | Predict: 'bird' (Ent: 1.62)
  ⚠️ [Mismatch] Cycle Back predicted '8' (Expected '7') (Ent: 2.86)
EMNIST:'8' -> CIFAR10 | Predict: 'bird' (Ent: 1.56)
  ✅ [Match] EMNIST:'8' <==> CIFAR10:'bird' (Ent: 2.84)
EMNIST:'9' -> CIFAR10 | Predict: 'bird' (Ent: 1.61)
  ⚠️ [Mismatch] Cycle Back predicted '8' (Expected '9') (Ent: 2.84)
EMNIST:'A' -> CIFAR10 | Predict: 'bird' (Ent: 1.68)
  ⚠️ [Mismatch] Cycle Back predicted '8' (Expected 'A') (Ent: 2.85)
EMNIST:'B' -> CIFAR10 | Predict: 'bird' (Ent: 1.60)
  ⚠️ [Mismatch] Cycle Back predicted '8' (Expected 'B') (Ent: 2.77)
EMNIST:'C' -> CIFAR10 | Predict: 'bird' (Ent: 1.63)
  ⚠️ [Mismatch] Cycle Back predicted '8' (Expected 'C') (Ent: 2.82)
EMNIST:'D' -> CIFAR10 | Predict: 'bird' (Ent: 1.56)
  ⚠️ [Mismatch] Cycle Back predicted '8' (Expected 'D') (Ent: 2.83)
EMNIST:'E' -> CIFAR10 | Predict: 'bird' (Ent: 1.63)
  ⚠️ [Mismatch] Cycle Back predicted '8' (Expected 'E') (Ent: 2.80)
EMNIST:'F' -> CIFAR10 | Predict: 'bird' (Ent: 1.58)
  ⚠️ [Mismatch] Cycle Back predicted '8' (Expected 'F') (Ent: 2.81)
EMNIST:'G' -> CIFAR10 | Predict: 'bird' (Ent: 1.58)
  ⚠️ [Mismatch] Cycle Back predicted '8' (Expected 'G') (Ent: 2.84)
EMNIST:'H' -> CIFAR10 | Predict: 'bird' (Ent: 1.63)
  ⚠️ [Mismatch] Cycle Back predicted '8' (Expected 'H') (Ent: 2.81)
EMNIST:'I' -> CIFAR10 | Predict: 'bird' (Ent: 1.61)
  ⚠️ [Mismatch] Cycle Back predicted '8' (Expected 'I') (Ent: 2.86)
EMNIST:'J' -> CIFAR10 | Predict: 'bird' (Ent: 1.62)
  ⚠️ [Mismatch] Cycle Back predicted '8' (Expected 'J') (Ent: 2.78)
EMNIST:'K' -> CIFAR10 | Predict: 'bird' (Ent: 1.62)
  ⚠️ [Mismatch] Cycle Back predicted '8' (Expected 'K') (Ent: 2.80)
EMNIST:'L' -> CIFAR10 | Predict: 'bird' (Ent: 1.53)
  ⚠️ [Mismatch] Cycle Back predicted '8' (Expected 'L') (Ent: 2.79)
EMNIST:'M' -> CIFAR10 | Predict: 'bird' (Ent: 1.57)
  ⚠️ [Mismatch] Cycle Back predicted '8' (Expected 'M') (Ent: 2.87)
EMNIST:'N' -> CIFAR10 | Predict: 'bird' (Ent: 1.63)
  ⚠️ [Mismatch] Cycle Back predicted '8' (Expected 'N') (Ent: 2.83)
EMNIST:'O' -> CIFAR10 | Predict: 'bird' (Ent: 1.60)
  ⚠️ [Mismatch] Cycle Back predicted '8' (Expected 'O') (Ent: 2.83)
EMNIST:'P' -> CIFAR10 | Predict: 'bird' (Ent: 1.57)
  ⚠️ [Mismatch] Cycle Back predicted '8' (Expected 'P') (Ent: 2.83)
EMNIST:'Q' -> CIFAR10 | Predict: 'bird' (Ent: 1.62)
  ⚠️ [Mismatch] Cycle Back predicted '8' (Expected 'Q') (Ent: 2.83)
EMNIST:'R' -> CIFAR10 | Predict: 'bird' (Ent: 1.62)
  ⚠️ [Mismatch] Cycle Back predicted '8' (Expected 'R') (Ent: 2.87)
EMNIST:'S' -> CIFAR10 | Predict: 'bird' (Ent: 1.60)
  ⚠️ [Mismatch] Cycle Back predicted '8' (Expected 'S') (Ent: 2.79)
EMNIST:'T' -> CIFAR10 | Predict: 'bird' (Ent: 1.62)
  ⚠️ [Mismatch] Cycle Back predicted '8' (Expected 'T') (Ent: 2.83)
EMNIST:'U' -> CIFAR10 | Predict: 'bird' (Ent: 1.60)
  ⚠️ [Mismatch] Cycle Back predicted '8' (Expected 'U') (Ent: 2.83)
EMNIST:'V' -> CIFAR10 | Predict: 'bird' (Ent: 1.57)
  ⚠️ [Mismatch] Cycle Back predicted '8' (Expected 'V') (Ent: 2.79)
EMNIST:'W' -> CIFAR10 | Predict: 'bird' (Ent: 1.66)
  ⚠️ [Mismatch] Cycle Back predicted '8' (Expected 'W') (Ent: 2.79)
EMNIST:'X' -> CIFAR10 | Predict: 'bird' (Ent: 1.62)
  ⚠️ [Mismatch] Cycle Back predicted '8' (Expected 'X') (Ent: 2.85)
EMNIST:'Y' -> CIFAR10 | Predict: 'bird' (Ent: 1.61)
  ⚠️ [Mismatch] Cycle Back predicted '8' (Expected 'Y') (Ent: 2.80)
EMNIST:'Z' -> CIFAR10 | Predict: 'bird' (Ent: 1.60)
  ⚠️ [Mismatch] Cycle Back predicted '8' (Expected 'Z') (Ent: 2.87)
EMNIST:'a' -> CIFAR10 | Predict: 'bird' (Ent: 1.61)
  ⚠️ [Mismatch] Cycle Back predicted '8' (Expected 'a') (Ent: 2.85)
EMNIST:'b' -> CIFAR10 | Predict: 'bird' (Ent: 1.57)
  ⚠️ [Mismatch] Cycle Back predicted '8' (Expected 'b') (Ent: 2.76)
EMNIST:'c' -> CIFAR10 | Predict: 'bird' (Ent: 1.61)
  ⚠️ [Mismatch] Cycle Back predicted '8' (Expected 'c') (Ent: 2.83)
EMNIST:'d' -> CIFAR10 | Predict: 'bird' (Ent: 1.52)
  ⚠️ [Mismatch] Cycle Back predicted '8' (Expected 'd') (Ent: 2.82)
EMNIST:'e' -> CIFAR10 | Predict: 'bird' (Ent: 1.62)
  ⚠️ [Mismatch] Cycle Back predicted '8' (Expected 'e') (Ent: 2.87)
EMNIST:'f' -> CIFAR10 | Predict: 'bird' (Ent: 1.60)
  ⚠️ [Mismatch] Cycle Back predicted '8' (Expected 'f') (Ent: 2.84)
EMNIST:'g' -> CIFAR10 | Predict: 'bird' (Ent: 1.67)
  ⚠️ [Mismatch] Cycle Back predicted '8' (Expected 'g') (Ent: 2.80)
EMNIST:'h' -> CIFAR10 | Predict: 'bird' (Ent: 1.63)
  ⚠️ [Mismatch] Cycle Back predicted '8' (Expected 'h') (Ent: 2.79)
EMNIST:'i' -> CIFAR10 | Predict: 'bird' (Ent: 1.64)
  ⚠️ [Mismatch] Cycle Back predicted '8' (Expected 'i') (Ent: 2.83)
EMNIST:'j' -> CIFAR10 | Predict: 'bird' (Ent: 1.73)
  ⚠️ [Mismatch] Cycle Back predicted '8' (Expected 'j') (Ent: 2.85)
EMNIST:'k' -> CIFAR10 | Predict: 'bird' (Ent: 1.62)
  ⚠️ [Mismatch] Cycle Back predicted '8' (Expected 'k') (Ent: 2.85)
EMNIST:'l' -> CIFAR10 | Predict: 'bird' (Ent: 1.62)
  ⚠️ [Mismatch] Cycle Back predicted '8' (Expected 'l') (Ent: 2.82)
EMNIST:'m' -> CIFAR10 | Predict: 'bird' (Ent: 1.58)
  ⚠️ [Mismatch] Cycle Back predicted '8' (Expected 'm') (Ent: 2.80)
EMNIST:'n' -> CIFAR10 | Predict: 'bird' (Ent: 1.60)
  ⚠️ [Mismatch] Cycle Back predicted '8' (Expected 'n') (Ent: 2.81)
EMNIST:'o' -> CIFAR10 | Predict: 'bird' (Ent: 1.62)
  ⚠️ [Mismatch] Cycle Back predicted '8' (Expected 'o') (Ent: 2.84)
EMNIST:'p' -> CIFAR10 | Predict: 'bird' (Ent: 1.75)
  ⚠️ [Mismatch] Cycle Back predicted '8' (Expected 'p') (Ent: 2.81)
EMNIST:'q' -> CIFAR10 | Predict: 'bird' (Ent: 1.66)
  ⚠️ [Mismatch] Cycle Back predicted '8' (Expected 'q') (Ent: 2.80)
EMNIST:'r' -> CIFAR10 | Predict: 'bird' (Ent: 1.64)
  ⚠️ [Mismatch] Cycle Back predicted '8' (Expected 'r') (Ent: 2.84)
EMNIST:'s' -> CIFAR10 | Predict: 'bird' (Ent: 1.61)
  ⚠️ [Mismatch] Cycle Back predicted '8' (Expected 's') (Ent: 2.87)
EMNIST:'t' -> CIFAR10 | Predict: 'bird' (Ent: 1.66)
  ⚠️ [Mismatch] Cycle Back predicted '8' (Expected 't') (Ent: 2.84)
EMNIST:'u' -> CIFAR10 | Predict: 'bird' (Ent: 1.63)
  ⚠️ [Mismatch] Cycle Back predicted '8' (Expected 'u') (Ent: 2.87)
EMNIST:'v' -> CIFAR10 | Predict: 'bird' (Ent: 1.58)
  ⚠️ [Mismatch] Cycle Back predicted '8' (Expected 'v') (Ent: 2.80)
EMNIST:'w' -> CIFAR10 | Predict: 'bird' (Ent: 1.61)
  ⚠️ [Mismatch] Cycle Back predicted '8' (Expected 'w') (Ent: 2.85)
EMNIST:'x' -> CIFAR10 | Predict: 'bird' (Ent: 1.54)
  ⚠️ [Mismatch] Cycle Back predicted '8' (Expected 'x') (Ent: 2.81)
EMNIST:'y' -> CIFAR10 | Predict: 'bird' (Ent: 1.58)
  ⚠️ [Mismatch] Cycle Back predicted '8' (Expected 'y') (Ent: 2.85)
EMNIST:'z' -> CIFAR10 | Predict: 'bird' (Ent: 1.62)
  ⚠️ [Mismatch] Cycle Back predicted '8' (Expected 'z') (Ent: 2.86)
CIFAR10:'airplane' -> MNIST | Predict: '8' (Ent: 1.84)
  ⚠️ [Mismatch] Cycle Back predicted 'truck' (Expected 'airplane') (Ent: 2.03)
CIFAR10:'bird' -> MNIST | Predict: '8' (Ent: 1.82)
  ⚠️ [Mismatch] Cycle Back predicted 'automobile' (Expected 'bird') (Ent: 2.04)
CIFAR10:'cat' -> MNIST | Predict: '8' (Ent: 1.82)
  ⚠️ [Mismatch] Cycle Back predicted 'automobile' (Expected 'cat') (Ent: 2.05)
CIFAR10:'deer' -> MNIST | Predict: '8' (Ent: 1.84)
  ⚠️ [Mismatch] Cycle Back predicted 'truck' (Expected 'deer') (Ent: 2.08)
CIFAR10:'dog' -> MNIST | Predict: '8' (Ent: 1.82)
  ⚠️ [Mismatch] Cycle Back predicted 'truck' (Expected 'dog') (Ent: 2.05)
CIFAR10:'frog' -> MNIST | Predict: '8' (Ent: 1.80)
  ⚠️ [Mismatch] Cycle Back predicted 'automobile' (Expected 'frog') (Ent: 2.03)
CIFAR10:'horse' -> MNIST | Predict: '8' (Ent: 1.83)
  ⚠️ [Mismatch] Cycle Back predicted 'dog' (Expected 'horse') (Ent: 2.04)
CIFAR10:'ship' -> MNIST | Predict: '8' (Ent: 1.82)
  ⚠️ [Mismatch] Cycle Back predicted 'automobile' (Expected 'ship') (Ent: 2.06)
CIFAR10:'airplane' -> EMNIST | Predict: '0' (Ent: 2.91)
  ⚠️ [Mismatch] Cycle Back predicted 'bird' (Expected 'airplane') (Ent: 1.61)
CIFAR10:'automobile' -> EMNIST | Predict: '0' (Ent: 2.97)
  ⚠️ [Mismatch] Cycle Back predicted 'bird' (Expected 'automobile') (Ent: 1.61)
CIFAR10:'cat' -> EMNIST | Predict: '0' (Ent: 2.96)
  ⚠️ [Mismatch] Cycle Back predicted 'bird' (Expected 'cat') (Ent: 1.58)
CIFAR10:'deer' -> EMNIST | Predict: '8' (Ent: 2.77)
  ⚠️ [Mismatch] Cycle Back predicted 'bird' (Expected 'deer') (Ent: 1.56)
CIFAR10:'dog' -> EMNIST | Predict: '8' (Ent: 2.87)
  ⚠️ [Mismatch] Cycle Back predicted 'bird' (Expected 'dog') (Ent: 1.57)
CIFAR10:'frog' -> EMNIST | Predict: '0' (Ent: 2.85)
  ⚠️ [Mismatch] Cycle Back predicted 'bird' (Expected 'frog') (Ent: 1.61)
CIFAR10:'horse' -> EMNIST | Predict: '8' (Ent: 2.83)
  ⚠️ [Mismatch] Cycle Back predicted 'bird' (Expected 'horse') (Ent: 1.56)
CIFAR10:'ship' -> EMNIST | Predict: '8' (Ent: 2.87)
  ⚠️ [Mismatch] Cycle Back predicted 'bird' (Expected 'ship') (Ent: 1.57)
CIFAR10:'truck' -> EMNIST | Predict: '0' (Ent: 2.82)
  ⚠️ [Mismatch] Cycle Back predicted 'bird' (Expected 'truck') (Ent: 1.61)
Exp: Old Gen + New Ent (1.0)
dynamic_entropy_ratio: 1.0
MNIST:'0' -> EMNIST | Predict: '8' (Ent: 2.99)
  ⚠️ [Mismatch] Cycle Back predicted '8' (Expected '0') (Ent: 1.70)
MNIST:'1' -> EMNIST | Predict: 'a' (Ent: 2.97)
  ⚠️ [Mismatch] Cycle Back predicted '8' (Expected '1') (Ent: 1.69)
MNIST:'2' -> EMNIST | Predict: '8' (Ent: 3.23)
  ⚠️ [Mismatch] Cycle Back predicted '8' (Expected '2') (Ent: 1.71)
MNIST:'3' -> EMNIST | Predict: 'g' (Ent: 3.00)
  ⚠️ [Mismatch] Cycle Back predicted '8' (Expected '3') (Ent: 1.71)
MNIST:'4' -> EMNIST | Predict: 'E' (Ent: 3.02)
  ⚠️ [Mismatch] Cycle Back predicted '8' (Expected '4') (Ent: 1.69)
MNIST:'5' -> EMNIST | Predict: 'E' (Ent: 2.91)
  ⚠️ [Mismatch] Cycle Back predicted '8' (Expected '5') (Ent: 1.69)
MNIST:'6' -> EMNIST | Predict: '8' (Ent: 3.10)
  ⚠️ [Mismatch] Cycle Back predicted '8' (Expected '6') (Ent: 1.71)
MNIST:'7' -> EMNIST | Predict: 'E' (Ent: 3.07)
  ⚠️ [Mismatch] Cycle Back predicted '8' (Expected '7') (Ent: 1.69)
MNIST:'8' -> EMNIST | Predict: '8' (Ent: 2.98)
  ✅ [Match] MNIST:'8' <==> EMNIST:'8' (Ent: 1.71)
MNIST:'9' -> EMNIST | Predict: '8' (Ent: 2.70)
  ⚠️ [Mismatch] Cycle Back predicted '8' (Expected '9') (Ent: 1.72)
MNIST:'0' -> CIFAR10 | Predict: 'truck' (Ent: 2.04)
  ⚠️ [Mismatch] Cycle Back predicted '8' (Expected '0') (Ent: 1.90)
MNIST:'1' -> CIFAR10 | Predict: 'automobile' (Ent: 1.64)
  ⚠️ [Mismatch] Cycle Back predicted '8' (Expected '1') (Ent: 1.91)
MNIST:'2' -> CIFAR10 | Predict: 'truck' (Ent: 1.85)
  ⚠️ [Mismatch] Cycle Back predicted '8' (Expected '2') (Ent: 1.91)
MNIST:'3' -> CIFAR10 | Predict: 'truck' (Ent: 2.01)
  ⚠️ [Mismatch] Cycle Back predicted '8' (Expected '3') (Ent: 1.90)
MNIST:'4' -> CIFAR10 | Predict: 'truck' (Ent: 2.05)
  ⚠️ [Mismatch] Cycle Back predicted '8' (Expected '4') (Ent: 1.90)
MNIST:'5' -> CIFAR10 | Predict: 'truck' (Ent: 2.02)
  ⚠️ [Mismatch] Cycle Back predicted '8' (Expected '5') (Ent: 1.91)
MNIST:'6' -> CIFAR10 | Predict: 'automobile' (Ent: 1.91)
  ⚠️ [Mismatch] Cycle Back predicted '8' (Expected '6') (Ent: 1.91)
MNIST:'7' -> CIFAR10 | Predict: 'automobile' (Ent: 1.99)
  ⚠️ [Mismatch] Cycle Back predicted '8' (Expected '7') (Ent: 1.91)
MNIST:'8' -> CIFAR10 | Predict: 'truck' (Ent: 2.05)
  ✅ [Match] MNIST:'8' <==> CIFAR10:'truck' (Ent: 1.91)
MNIST:'9' -> CIFAR10 | Predict: 'automobile' (Ent: 1.87)
  ⚠️ [Mismatch] Cycle Back predicted '8' (Expected '9') (Ent: 1.92)
EMNIST:'0' -> MNIST | Predict: '8' (Ent: 1.68)
  ⚠️ [Mismatch] Cycle Back predicted 'E' (Expected '0') (Ent: 2.94)
EMNIST:'1' -> MNIST | Predict: '8' (Ent: 1.68)
  ⚠️ [Mismatch] Cycle Back predicted '8' (Expected '1') (Ent: 2.97)
EMNIST:'2' -> MNIST | Predict: '8' (Ent: 1.70)
  ⚠️ [Mismatch] Cycle Back predicted '8' (Expected '2') (Ent: 2.94)
EMNIST:'3' -> MNIST | Predict: '8' (Ent: 1.68)
  ⚠️ [Mismatch] Cycle Back predicted 'B' (Expected '3') (Ent: 2.95)
EMNIST:'4' -> MNIST | Predict: '8' (Ent: 1.70)
  ⚠️ [Mismatch] Cycle Back predicted 'B' (Expected '4') (Ent: 2.96)
EMNIST:'5' -> MNIST | Predict: '8' (Ent: 1.69)
  ⚠️ [Mismatch] Cycle Back predicted 'E' (Expected '5') (Ent: 2.98)
EMNIST:'6' -> MNIST | Predict: '8' (Ent: 1.67)
  ⚠️ [Mismatch] Cycle Back predicted 'E' (Expected '6') (Ent: 2.95)
EMNIST:'7' -> MNIST | Predict: '8' (Ent: 1.70)
  ⚠️ [Mismatch] Cycle Back predicted 'B' (Expected '7') (Ent: 3.00)
EMNIST:'9' -> MNIST | Predict: '8' (Ent: 1.69)
  ⚠️ [Mismatch] Cycle Back predicted '8' (Expected '9') (Ent: 2.99)
EMNIST:'A' -> MNIST | Predict: '8' (Ent: 1.67)
  ⚠️ [Mismatch] Cycle Back predicted 'E' (Expected 'A') (Ent: 2.96)
EMNIST:'B' -> MNIST | Predict: '8' (Ent: 1.65)
  ⚠️ [Mismatch] Cycle Back predicted '8' (Expected 'B') (Ent: 3.01)
EMNIST:'C' -> MNIST | Predict: '8' (Ent: 1.69)
  ⚠️ [Mismatch] Cycle Back predicted 'E' (Expected 'C') (Ent: 2.99)
EMNIST:'D' -> MNIST | Predict: '8' (Ent: 1.69)
  ⚠️ [Mismatch] Cycle Back predicted 'E' (Expected 'D') (Ent: 2.93)
EMNIST:'F' -> MNIST | Predict: '8' (Ent: 1.71)
  ⚠️ [Mismatch] Cycle Back predicted '8' (Expected 'F') (Ent: 2.96)
EMNIST:'G' -> MNIST | Predict: '8' (Ent: 1.68)
  ⚠️ [Mismatch] Cycle Back predicted 'E' (Expected 'G') (Ent: 2.96)
EMNIST:'H' -> MNIST | Predict: '8' (Ent: 1.69)
  ⚠️ [Mismatch] Cycle Back predicted 'E' (Expected 'H') (Ent: 2.95)
EMNIST:'I' -> MNIST | Predict: '8' (Ent: 1.69)
  ⚠️ [Mismatch] Cycle Back predicted 'E' (Expected 'I') (Ent: 2.87)
EMNIST:'J' -> MNIST | Predict: '8' (Ent: 1.70)
  ⚠️ [Mismatch] Cycle Back predicted '8' (Expected 'J') (Ent: 2.90)
EMNIST:'K' -> MNIST | Predict: '8' (Ent: 1.70)
  ⚠️ [Mismatch] Cycle Back predicted 'E' (Expected 'K') (Ent: 3.01)
EMNIST:'L' -> MNIST | Predict: '8' (Ent: 1.68)
  ⚠️ [Mismatch] Cycle Back predicted 'E' (Expected 'L') (Ent: 2.96)
EMNIST:'M' -> MNIST | Predict: '8' (Ent: 1.68)
  ⚠️ [Mismatch] Cycle Back predicted 'E' (Expected 'M') (Ent: 2.95)
EMNIST:'N' -> MNIST | Predict: '8' (Ent: 1.68)
  ⚠️ [Mismatch] Cycle Back predicted 'E' (Expected 'N') (Ent: 2.99)
EMNIST:'O' -> MNIST | Predict: '8' (Ent: 1.68)
  ⚠️ [Mismatch] Cycle Back predicted '8' (Expected 'O') (Ent: 2.93)
EMNIST:'P' -> MNIST | Predict: '8' (Ent: 1.69)
  ⚠️ [Mismatch] Cycle Back predicted 'g' (Expected 'P') (Ent: 3.02)
EMNIST:'Q' -> MNIST | Predict: '8' (Ent: 1.67)
  ⚠️ [Mismatch] Cycle Back predicted 'E' (Expected 'Q') (Ent: 2.94)
EMNIST:'R' -> MNIST | Predict: '8' (Ent: 1.70)
  ⚠️ [Mismatch] Cycle Back predicted 'E' (Expected 'R') (Ent: 3.03)
EMNIST:'S' -> MNIST | Predict: '8' (Ent: 1.69)
  ⚠️ [Mismatch] Cycle Back predicted '8' (Expected 'S') (Ent: 2.93)
EMNIST:'T' -> MNIST | Predict: '8' (Ent: 1.71)
  ⚠️ [Mismatch] Cycle Back predicted 'E' (Expected 'T') (Ent: 2.99)
EMNIST:'U' -> MNIST | Predict: '8' (Ent: 1.70)
  ⚠️ [Mismatch] Cycle Back predicted '8' (Expected 'U') (Ent: 3.01)
EMNIST:'V' -> MNIST | Predict: '8' (Ent: 1.71)
  ⚠️ [Mismatch] Cycle Back predicted 'E' (Expected 'V') (Ent: 2.93)
EMNIST:'W' -> MNIST | Predict: '8' (Ent: 1.70)
  ⚠️ [Mismatch] Cycle Back predicted 'B' (Expected 'W') (Ent: 2.89)
EMNIST:'X' -> MNIST | Predict: '8' (Ent: 1.69)
  ⚠️ [Mismatch] Cycle Back predicted 'B' (Expected 'X') (Ent: 2.98)
EMNIST:'Y' -> MNIST | Predict: '8' (Ent: 1.74)
  ⚠️ [Mismatch] Cycle Back predicted 'B' (Expected 'Y') (Ent: 3.03)
EMNIST:'Z' -> MNIST | Predict: '8' (Ent: 1.69)
  ⚠️ [Mismatch] Cycle Back predicted 'E' (Expected 'Z') (Ent: 2.94)
EMNIST:'b' -> MNIST | Predict: '8' (Ent: 1.71)
  ⚠️ [Mismatch] Cycle Back predicted 'E' (Expected 'b') (Ent: 3.02)
EMNIST:'c' -> MNIST | Predict: '8' (Ent: 1.70)
  ⚠️ [Mismatch] Cycle Back predicted '8' (Expected 'c') (Ent: 2.96)
EMNIST:'d' -> MNIST | Predict: '8' (Ent: 1.66)
  ⚠️ [Mismatch] Cycle Back predicted '8' (Expected 'd') (Ent: 3.02)
EMNIST:'e' -> MNIST | Predict: '8' (Ent: 1.69)
  ⚠️ [Mismatch] Cycle Back predicted 'E' (Expected 'e') (Ent: 2.88)
EMNIST:'f' -> MNIST | Predict: '8' (Ent: 1.69)
  ⚠️ [Mismatch] Cycle Back predicted '8' (Expected 'f') (Ent: 2.90)
EMNIST:'h' -> MNIST | Predict: '8' (Ent: 1.69)
  ⚠️ [Mismatch] Cycle Back predicted 'E' (Expected 'h') (Ent: 2.93)
EMNIST:'i' -> MNIST | Predict: '8' (Ent: 1.71)
  ⚠️ [Mismatch] Cycle Back predicted '8' (Expected 'i') (Ent: 3.01)
EMNIST:'j' -> MNIST | Predict: '8' (Ent: 1.70)
  ⚠️ [Mismatch] Cycle Back predicted 'E' (Expected 'j') (Ent: 2.93)
EMNIST:'k' -> MNIST | Predict: '8' (Ent: 1.69)
  ⚠️ [Mismatch] Cycle Back predicted '8' (Expected 'k') (Ent: 2.96)
EMNIST:'l' -> MNIST | Predict: '8' (Ent: 1.68)
  ⚠️ [Mismatch] Cycle Back predicted 'g' (Expected 'l') (Ent: 2.96)
EMNIST:'m' -> MNIST | Predict: '8' (Ent: 1.66)
  ⚠️ [Mismatch] Cycle Back predicted '8' (Expected 'm') (Ent: 2.97)
EMNIST:'n' -> MNIST | Predict: '8' (Ent: 1.69)
  ⚠️ [Mismatch] Cycle Back predicted 'E' (Expected 'n') (Ent: 2.99)
EMNIST:'o' -> MNIST | Predict: '8' (Ent: 1.68)
  ⚠️ [Mismatch] Cycle Back predicted 'E' (Expected 'o') (Ent: 3.03)
EMNIST:'p' -> MNIST | Predict: '8' (Ent: 1.71)
  ⚠️ [Mismatch] Cycle Back predicted '8' (Expected 'p') (Ent: 2.98)
EMNIST:'q' -> MNIST | Predict: '8' (Ent: 1.70)
  ⚠️ [Mismatch] Cycle Back predicted '8' (Expected 'q') (Ent: 3.00)
EMNIST:'r' -> MNIST | Predict: '8' (Ent: 1.70)
  ⚠️ [Mismatch] Cycle Back predicted '8' (Expected 'r') (Ent: 2.98)
EMNIST:'s' -> MNIST | Predict: '8' (Ent: 1.70)
  ⚠️ [Mismatch] Cycle Back predicted 'E' (Expected 's') (Ent: 2.99)
EMNIST:'t' -> MNIST | Predict: '8' (Ent: 1.67)
  ⚠️ [Mismatch] Cycle Back predicted 'E' (Expected 't') (Ent: 2.98)
EMNIST:'u' -> MNIST | Predict: '8' (Ent: 1.66)
  ⚠️ [Mismatch] Cycle Back predicted 'E' (Expected 'u') (Ent: 2.99)
EMNIST:'v' -> MNIST | Predict: '8' (Ent: 1.70)
  ⚠️ [Mismatch] Cycle Back predicted 'B' (Expected 'v') (Ent: 3.03)
EMNIST:'w' -> MNIST | Predict: '8' (Ent: 1.69)
  ⚠️ [Mismatch] Cycle Back predicted 'E' (Expected 'w') (Ent: 2.94)
EMNIST:'x' -> MNIST | Predict: '8' (Ent: 1.66)
  ⚠️ [Mismatch] Cycle Back predicted 'E' (Expected 'x') (Ent: 2.98)
EMNIST:'y' -> MNIST | Predict: '8' (Ent: 1.72)
  ⚠️ [Mismatch] Cycle Back predicted '8' (Expected 'y') (Ent: 2.97)
EMNIST:'z' -> MNIST | Predict: '8' (Ent: 1.70)
  ⚠️ [Mismatch] Cycle Back predicted '8' (Expected 'z') (Ent: 3.01)
EMNIST:'0' -> CIFAR10 | Predict: 'bird' (Ent: 1.61)
  ⚠️ [Mismatch] Cycle Back predicted '8' (Expected '0') (Ent: 2.84)
EMNIST:'1' -> CIFAR10 | Predict: 'bird' (Ent: 1.56)
  ⚠️ [Mismatch] Cycle Back predicted '8' (Expected '1') (Ent: 2.83)
EMNIST:'2' -> CIFAR10 | Predict: 'bird' (Ent: 1.61)
  ⚠️ [Mismatch] Cycle Back predicted '8' (Expected '2') (Ent: 2.81)
EMNIST:'3' -> CIFAR10 | Predict: 'bird' (Ent: 1.57)
  ⚠️ [Mismatch] Cycle Back predicted '8' (Expected '3') (Ent: 2.79)
EMNIST:'4' -> CIFAR10 | Predict: 'bird' (Ent: 1.59)
  ⚠️ [Mismatch] Cycle Back predicted '8' (Expected '4') (Ent: 2.83)
EMNIST:'5' -> CIFAR10 | Predict: 'bird' (Ent: 1.63)
  ⚠️ [Mismatch] Cycle Back predicted '8' (Expected '5') (Ent: 2.84)
EMNIST:'6' -> CIFAR10 | Predict: 'bird' (Ent: 1.57)
  ⚠️ [Mismatch] Cycle Back predicted '8' (Expected '6') (Ent: 2.86)
EMNIST:'7' -> CIFAR10 | Predict: 'bird' (Ent: 1.61)
  ⚠️ [Mismatch] Cycle Back predicted '8' (Expected '7') (Ent: 2.71)
EMNIST:'8' -> CIFAR10 | Predict: 'bird' (Ent: 1.55)
  ✅ [Match] EMNIST:'8' <==> CIFAR10:'bird' (Ent: 2.86)
EMNIST:'9' -> CIFAR10 | Predict: 'bird' (Ent: 1.60)
  ⚠️ [Mismatch] Cycle Back predicted '8' (Expected '9') (Ent: 2.86)
EMNIST:'A' -> CIFAR10 | Predict: 'bird' (Ent: 1.69)
  ⚠️ [Mismatch] Cycle Back predicted '8' (Expected 'A') (Ent: 2.78)
EMNIST:'B' -> CIFAR10 | Predict: 'bird' (Ent: 1.61)
  ⚠️ [Mismatch] Cycle Back predicted '8' (Expected 'B') (Ent: 2.79)
EMNIST:'C' -> CIFAR10 | Predict: 'bird' (Ent: 1.64)
  ⚠️ [Mismatch] Cycle Back predicted '8' (Expected 'C') (Ent: 2.84)
EMNIST:'D' -> CIFAR10 | Predict: 'bird' (Ent: 1.58)
  ⚠️ [Mismatch] Cycle Back predicted '8' (Expected 'D') (Ent: 2.83)
EMNIST:'E' -> CIFAR10 | Predict: 'bird' (Ent: 1.62)
  ⚠️ [Mismatch] Cycle Back predicted '8' (Expected 'E') (Ent: 2.81)
EMNIST:'F' -> CIFAR10 | Predict: 'bird' (Ent: 1.57)
  ⚠️ [Mismatch] Cycle Back predicted '8' (Expected 'F') (Ent: 2.82)
EMNIST:'G' -> CIFAR10 | Predict: 'bird' (Ent: 1.58)
  ⚠️ [Mismatch] Cycle Back predicted '8' (Expected 'G') (Ent: 2.80)
EMNIST:'H' -> CIFAR10 | Predict: 'bird' (Ent: 1.64)
  ⚠️ [Mismatch] Cycle Back predicted '8' (Expected 'H') (Ent: 2.82)
EMNIST:'I' -> CIFAR10 | Predict: 'bird' (Ent: 1.60)
  ⚠️ [Mismatch] Cycle Back predicted '8' (Expected 'I') (Ent: 2.83)
EMNIST:'J' -> CIFAR10 | Predict: 'bird' (Ent: 1.62)
  ⚠️ [Mismatch] Cycle Back predicted '8' (Expected 'J') (Ent: 2.82)
EMNIST:'K' -> CIFAR10 | Predict: 'bird' (Ent: 1.60)
  ⚠️ [Mismatch] Cycle Back predicted '8' (Expected 'K') (Ent: 2.85)
EMNIST:'L' -> CIFAR10 | Predict: 'bird' (Ent: 1.50)
  ⚠️ [Mismatch] Cycle Back predicted '8' (Expected 'L') (Ent: 2.83)
EMNIST:'M' -> CIFAR10 | Predict: 'bird' (Ent: 1.55)
  ⚠️ [Mismatch] Cycle Back predicted '8' (Expected 'M') (Ent: 2.81)
EMNIST:'N' -> CIFAR10 | Predict: 'bird' (Ent: 1.61)
  ⚠️ [Mismatch] Cycle Back predicted '8' (Expected 'N') (Ent: 2.83)
EMNIST:'O' -> CIFAR10 | Predict: 'bird' (Ent: 1.60)
  ⚠️ [Mismatch] Cycle Back predicted '8' (Expected 'O') (Ent: 2.83)
EMNIST:'P' -> CIFAR10 | Predict: 'bird' (Ent: 1.57)
  ⚠️ [Mismatch] Cycle Back predicted '8' (Expected 'P') (Ent: 2.84)
EMNIST:'Q' -> CIFAR10 | Predict: 'bird' (Ent: 1.63)
  ⚠️ [Mismatch] Cycle Back predicted '8' (Expected 'Q') (Ent: 2.85)
EMNIST:'R' -> CIFAR10 | Predict: 'bird' (Ent: 1.61)
  ⚠️ [Mismatch] Cycle Back predicted '8' (Expected 'R') (Ent: 2.84)
EMNIST:'S' -> CIFAR10 | Predict: 'bird' (Ent: 1.62)
  ⚠️ [Mismatch] Cycle Back predicted '8' (Expected 'S') (Ent: 2.84)
EMNIST:'T' -> CIFAR10 | Predict: 'bird' (Ent: 1.62)
  ⚠️ [Mismatch] Cycle Back predicted '8' (Expected 'T') (Ent: 2.82)
EMNIST:'U' -> CIFAR10 | Predict: 'bird' (Ent: 1.59)
  ⚠️ [Mismatch] Cycle Back predicted '8' (Expected 'U') (Ent: 2.85)
EMNIST:'V' -> CIFAR10 | Predict: 'bird' (Ent: 1.56)
  ⚠️ [Mismatch] Cycle Back predicted '8' (Expected 'V') (Ent: 2.80)
EMNIST:'W' -> CIFAR10 | Predict: 'bird' (Ent: 1.65)
  ⚠️ [Mismatch] Cycle Back predicted '8' (Expected 'W') (Ent: 2.85)
EMNIST:'X' -> CIFAR10 | Predict: 'bird' (Ent: 1.62)
  ⚠️ [Mismatch] Cycle Back predicted '8' (Expected 'X') (Ent: 2.82)
EMNIST:'Y' -> CIFAR10 | Predict: 'bird' (Ent: 1.61)
  ⚠️ [Mismatch] Cycle Back predicted '8' (Expected 'Y') (Ent: 2.78)
EMNIST:'Z' -> CIFAR10 | Predict: 'bird' (Ent: 1.60)
  ⚠️ [Mismatch] Cycle Back predicted '8' (Expected 'Z') (Ent: 2.84)
EMNIST:'a' -> CIFAR10 | Predict: 'bird' (Ent: 1.62)
  ⚠️ [Mismatch] Cycle Back predicted '8' (Expected 'a') (Ent: 2.78)
EMNIST:'b' -> CIFAR10 | Predict: 'bird' (Ent: 1.58)
  ⚠️ [Mismatch] Cycle Back predicted '8' (Expected 'b') (Ent: 2.80)
EMNIST:'c' -> CIFAR10 | Predict: 'bird' (Ent: 1.59)
  ⚠️ [Mismatch] Cycle Back predicted '8' (Expected 'c') (Ent: 2.76)
EMNIST:'d' -> CIFAR10 | Predict: 'bird' (Ent: 1.56)
  ⚠️ [Mismatch] Cycle Back predicted '8' (Expected 'd') (Ent: 2.80)
EMNIST:'e' -> CIFAR10 | Predict: 'bird' (Ent: 1.61)
  ⚠️ [Mismatch] Cycle Back predicted '8' (Expected 'e') (Ent: 2.85)
EMNIST:'f' -> CIFAR10 | Predict: 'bird' (Ent: 1.61)
  ⚠️ [Mismatch] Cycle Back predicted '8' (Expected 'f') (Ent: 2.88)
EMNIST:'g' -> CIFAR10 | Predict: 'bird' (Ent: 1.65)
  ⚠️ [Mismatch] Cycle Back predicted '8' (Expected 'g') (Ent: 2.78)
EMNIST:'h' -> CIFAR10 | Predict: 'bird' (Ent: 1.62)
  ⚠️ [Mismatch] Cycle Back predicted '8' (Expected 'h') (Ent: 2.82)
EMNIST:'i' -> CIFAR10 | Predict: 'bird' (Ent: 1.66)
  ⚠️ [Mismatch] Cycle Back predicted '8' (Expected 'i') (Ent: 2.88)
EMNIST:'j' -> CIFAR10 | Predict: 'bird' (Ent: 1.74)
  ⚠️ [Mismatch] Cycle Back predicted '8' (Expected 'j') (Ent: 2.77)
EMNIST:'k' -> CIFAR10 | Predict: 'bird' (Ent: 1.61)
  ⚠️ [Mismatch] Cycle Back predicted '8' (Expected 'k') (Ent: 2.83)
EMNIST:'l' -> CIFAR10 | Predict: 'bird' (Ent: 1.63)
  ⚠️ [Mismatch] Cycle Back predicted '8' (Expected 'l') (Ent: 2.83)
EMNIST:'m' -> CIFAR10 | Predict: 'bird' (Ent: 1.59)
  ⚠️ [Mismatch] Cycle Back predicted '8' (Expected 'm') (Ent: 2.83)
EMNIST:'n' -> CIFAR10 | Predict: 'bird' (Ent: 1.61)
  ⚠️ [Mismatch] Cycle Back predicted '8' (Expected 'n') (Ent: 2.81)
EMNIST:'o' -> CIFAR10 | Predict: 'bird' (Ent: 1.59)
  ⚠️ [Mismatch] Cycle Back predicted '8' (Expected 'o') (Ent: 2.81)
EMNIST:'p' -> CIFAR10 | Predict: 'bird' (Ent: 1.72)
  ⚠️ [Mismatch] Cycle Back predicted '8' (Expected 'p') (Ent: 2.82)
EMNIST:'q' -> CIFAR10 | Predict: 'bird' (Ent: 1.66)
  ⚠️ [Mismatch] Cycle Back predicted '8' (Expected 'q') (Ent: 2.77)
EMNIST:'r' -> CIFAR10 | Predict: 'bird' (Ent: 1.63)
  ⚠️ [Mismatch] Cycle Back predicted '8' (Expected 'r') (Ent: 2.88)
EMNIST:'s' -> CIFAR10 | Predict: 'bird' (Ent: 1.60)
  ⚠️ [Mismatch] Cycle Back predicted '8' (Expected 's') (Ent: 2.80)
EMNIST:'t' -> CIFAR10 | Predict: 'bird' (Ent: 1.67)
  ⚠️ [Mismatch] Cycle Back predicted '8' (Expected 't') (Ent: 2.82)
EMNIST:'u' -> CIFAR10 | Predict: 'bird' (Ent: 1.62)
  ⚠️ [Mismatch] Cycle Back predicted '8' (Expected 'u') (Ent: 2.86)
EMNIST:'v' -> CIFAR10 | Predict: 'bird' (Ent: 1.57)
  ⚠️ [Mismatch] Cycle Back predicted '8' (Expected 'v') (Ent: 2.82)
EMNIST:'w' -> CIFAR10 | Predict: 'bird' (Ent: 1.62)
  ⚠️ [Mismatch] Cycle Back predicted '8' (Expected 'w') (Ent: 2.86)
EMNIST:'x' -> CIFAR10 | Predict: 'bird' (Ent: 1.55)
  ⚠️ [Mismatch] Cycle Back predicted '8' (Expected 'x') (Ent: 2.81)
EMNIST:'y' -> CIFAR10 | Predict: 'bird' (Ent: 1.59)
  ⚠️ [Mismatch] Cycle Back predicted '8' (Expected 'y') (Ent: 2.86)
EMNIST:'z' -> CIFAR10 | Predict: 'bird' (Ent: 1.62)
  ⚠️ [Mismatch] Cycle Back predicted '8' (Expected 'z') (Ent: 2.85)
CIFAR10:'airplane' -> MNIST | Predict: '8' (Ent: 1.90)
  ⚠️ [Mismatch] Cycle Back predicted 'truck' (Expected 'airplane') (Ent: 2.03)
CIFAR10:'bird' -> MNIST | Predict: '8' (Ent: 1.88)
  ⚠️ [Mismatch] Cycle Back predicted 'truck' (Expected 'bird') (Ent: 2.06)
CIFAR10:'cat' -> MNIST | Predict: '8' (Ent: 1.92)
  ⚠️ [Mismatch] Cycle Back predicted 'automobile' (Expected 'cat') (Ent: 2.06)
CIFAR10:'deer' -> MNIST | Predict: '8' (Ent: 1.91)
  ⚠️ [Mismatch] Cycle Back predicted 'automobile' (Expected 'deer') (Ent: 2.06)
CIFAR10:'dog' -> MNIST | Predict: '8' (Ent: 1.91)
  ⚠️ [Mismatch] Cycle Back predicted 'truck' (Expected 'dog') (Ent: 2.05)
CIFAR10:'frog' -> MNIST | Predict: '8' (Ent: 1.90)
  ⚠️ [Mismatch] Cycle Back predicted 'automobile' (Expected 'frog') (Ent: 2.04)
CIFAR10:'horse' -> MNIST | Predict: '8' (Ent: 1.93)
  ⚠️ [Mismatch] Cycle Back predicted 'truck' (Expected 'horse') (Ent: 2.07)
CIFAR10:'ship' -> MNIST | Predict: '8' (Ent: 1.92)
  ⚠️ [Mismatch] Cycle Back predicted 'truck' (Expected 'ship') (Ent: 2.09)
CIFAR10:'airplane' -> EMNIST | Predict: '0' (Ent: 2.91)
  ⚠️ [Mismatch] Cycle Back predicted 'bird' (Expected 'airplane') (Ent: 1.61)
CIFAR10:'automobile' -> EMNIST | Predict: '0' (Ent: 2.95)
  ⚠️ [Mismatch] Cycle Back predicted 'bird' (Expected 'automobile') (Ent: 1.60)
CIFAR10:'cat' -> EMNIST | Predict: '0' (Ent: 2.97)
  ⚠️ [Mismatch] Cycle Back predicted 'bird' (Expected 'cat') (Ent: 1.59)
CIFAR10:'deer' -> EMNIST | Predict: '8' (Ent: 2.83)
  ⚠️ [Mismatch] Cycle Back predicted 'bird' (Expected 'deer') (Ent: 1.57)
CIFAR10:'dog' -> EMNIST | Predict: '8' (Ent: 2.83)
  ⚠️ [Mismatch] Cycle Back predicted 'bird' (Expected 'dog') (Ent: 1.57)
CIFAR10:'frog' -> EMNIST | Predict: '0' (Ent: 2.84)
  ⚠️ [Mismatch] Cycle Back predicted 'bird' (Expected 'frog') (Ent: 1.62)
CIFAR10:'horse' -> EMNIST | Predict: '8' (Ent: 2.85)
  ⚠️ [Mismatch] Cycle Back predicted 'bird' (Expected 'horse') (Ent: 1.58)
CIFAR10:'ship' -> EMNIST | Predict: '8' (Ent: 2.84)
  ⚠️ [Mismatch] Cycle Back predicted 'bird' (Expected 'ship') (Ent: 1.57)
CIFAR10:'truck' -> EMNIST | Predict: '0' (Ent: 2.83)
  ⚠️ [Mismatch] Cycle Back predicted 'bird' (Expected 'truck') (Ent: 1.61)
