
##################################################
Entropy Ratio = 0.1
##################################################

==================================================
Label Mapping Summary:
Global ID = 0  | from: Cluster_0: '2', Cluster_1: '2', Cluster_2: '3', Cluster_5: '2', Cluster_7: '2'
Global ID = 1  | from: Cluster_0: '5', Cluster_4: '2', Cluster_6: '5'
Global ID = 2  | from: Cluster_1: '1', Cluster_10: 'I', Cluster_11: '1', Cluster_3: '1', Cluster_4: '1', Cluster_5: '1', Cluster_7: 'l', Cluster_8: '1'
Global ID = 3  | from: Cluster_1: '3', Cluster_11: '3', Cluster_3: '3'
Global ID = 4  | from: Cluster_1: '4', Cluster_3: '4', Cluster_5: '4', Cluster_7: '4'
Global ID = 5  | from: Cluster_1: '6', Cluster_10: '6', Cluster_11: '6', Cluster_3: '6', Cluster_5: '6', Cluster_6: '6'
Global ID = 7  | from: Cluster_2: '9', Cluster_3: '9', Cluster_4: '9', Cluster_6: '9', Cluster_7: 'q', Cluster_8: '9', Cluster_9: '9'
Global ID = 8  | from: Cluster_10: 'O', Cluster_11: 'O', Cluster_3: '0', Cluster_5: '0', Cluster_8: 'O', Cluster_9: 'o'
Global ID = 9  | from: Cluster_3: '7', Cluster_5: '7', Cluster_7: '7', Cluster_9: '7'
Global ID = 10 | from: Cluster_7: '5', Cluster_8: '5'
Global ID = 11 | from: Cluster_12: 'cat', Cluster_7: '8', Cluster_8: '8', Cluster_9: '8'
Global ID = 12 | from: Cluster_11: 'y', Cluster_7: 'Y', Cluster_9: 'Y'
Global ID = 13 | from: Cluster_10: '0', Cluster_12: 'airplane', Cluster_7: 'D', Cluster_8: '7'
Global ID = 14 | from: Cluster_11: 'd', Cluster_7: 'd'
Global ID = 15 | from: Cluster_8: 'M', Cluster_9: 'M'
Global ID = 16 | from: Cluster_11: 'X', Cluster_9: 'X'
Global ID = 17 | from: Cluster_10: 'C', Cluster_11: 'c'
Global ID = 18 | from: Cluster_10: 'E', Cluster_11: 'E'
Global ID = 19 | from: Cluster_0: '1'
Global ID = 20 | from: Cluster_1: '5'
Global ID = 21 | from: Cluster_1: '7'
Global ID = 22 | from: Cluster_1: '8'
Global ID = 23 | from: Cluster_1: '9'
Global ID = 24 | from: Cluster_2: '4'
Global ID = 25 | from: Cluster_2: '5'
Global ID = 26 | from: Cluster_2: '8'
Global ID = 27 | from: Cluster_4: '0'
Global ID = 28 | from: Cluster_4: '3'
Global ID = 29 | from: Cluster_4: '8'
Global ID = 30 | from: Cluster_6: '0'
Global ID = 31 | from: Cluster_6: '1'
Global ID = 32 | from: Cluster_6: '2'
Global ID = 33 | from: Cluster_6: '3'
Global ID = 34 | from: Cluster_6: '4'
Global ID = 35 | from: Cluster_6: '7'
Global ID = 36 | from: Cluster_6: '8'
Global ID = 37 | from: Cluster_7: '1'
Global ID = 38 | from: Cluster_7: '9'
Global ID = 39 | from: Cluster_7: 'B'
Global ID = 40 | from: Cluster_7: 'C'
Global ID = 41 | from: Cluster_7: 'F'
Global ID = 42 | from: Cluster_7: 'H'
Global ID = 43 | from: Cluster_7: 'I'
Global ID = 44 | from: Cluster_7: 'J'
Global ID = 45 | from: Cluster_7: 'K'
Global ID = 46 | from: Cluster_7: 'L'
Global ID = 47 | from: Cluster_7: 'N'
Global ID = 48 | from: Cluster_7: 'O'
Global ID = 49 | from: Cluster_7: 'P'
Global ID = 50 | from: Cluster_7: 'R'
Global ID = 51 | from: Cluster_7: 'S'
Global ID = 52 | from: Cluster_7: 'T'
Global ID = 53 | from: Cluster_7: 'U'
Global ID = 54 | from: Cluster_7: 'V'
Global ID = 55 | from: Cluster_7: 'W'
Global ID = 56 | from: Cluster_7: 'X'
Global ID = 57 | from: Cluster_7: 'Z'
Global ID = 58 | from: Cluster_7: 'a'
Global ID = 59 | from: Cluster_7: 'b'
Global ID = 60 | from: Cluster_7: 'c'
Global ID = 61 | from: Cluster_7: 'e'
Global ID = 62 | from: Cluster_7: 'f'
Global ID = 63 | from: Cluster_7: 'g'
Global ID = 64 | from: Cluster_7: 'h'
Global ID = 65 | from: Cluster_7: 'i'
Global ID = 66 | from: Cluster_7: 'k'
Global ID = 67 | from: Cluster_7: 'm'
Global ID = 68 | from: Cluster_7: 'o'
Global ID = 69 | from: Cluster_7: 'r'
Global ID = 70 | from: Cluster_7: 's'
Global ID = 71 | from: Cluster_7: 'u'
Global ID = 72 | from: Cluster_7: 'w'
Global ID = 73 | from: Cluster_8: '0'
Global ID = 74 | from: Cluster_8: '2'
Global ID = 75 | from: Cluster_8: '3'
Global ID = 76 | from: Cluster_8: '4'
Global ID = 77 | from: Cluster_8: '6'
Global ID = 78 | from: Cluster_8: 'A'
Global ID = 79 | from: Cluster_8: 'B'
Global ID = 80 | from: Cluster_8: 'C'
Global ID = 81 | from: Cluster_8: 'D'
Global ID = 82 | from: Cluster_8: 'E'
Global ID = 83 | from: Cluster_8: 'F'
Global ID = 84 | from: Cluster_8: 'G'
Global ID = 85 | from: Cluster_8: 'H'
Global ID = 86 | from: Cluster_8: 'I'
Global ID = 87 | from: Cluster_8: 'J'
Global ID = 88 | from: Cluster_8: 'K'
Global ID = 89 | from: Cluster_8: 'L'
Global ID = 90 | from: Cluster_8: 'N'
Global ID = 91 | from: Cluster_8: 'P'
Global ID = 92 | from: Cluster_8: 'Q'
Global ID = 93 | from: Cluster_8: 'R'
Global ID = 94 | from: Cluster_8: 'S'
Global ID = 95 | from: Cluster_8: 'T'
Global ID = 96 | from: Cluster_8: 'U'
Global ID = 97 | from: Cluster_8: 'V'
Global ID = 98 | from: Cluster_8: 'W'
Global ID = 99 | from: Cluster_8: 'X'
Global ID = 100 | from: Cluster_8: 'Y'
Global ID = 101 | from: Cluster_8: 'Z'
Global ID = 102 | from: Cluster_8: 'a'
Global ID = 103 | from: Cluster_8: 'b'
Global ID = 104 | from: Cluster_8: 'c'
Global ID = 105 | from: Cluster_8: 'd'
Global ID = 106 | from: Cluster_8: 'e'
Global ID = 107 | from: Cluster_8: 'f'
Global ID = 108 | from: Cluster_8: 'g'
Global ID = 109 | from: Cluster_8: 'h'
Global ID = 110 | from: Cluster_8: 'i'
Global ID = 111 | from: Cluster_8: 'j'
Global ID = 112 | from: Cluster_8: 'k'
Global ID = 113 | from: Cluster_8: 'l'
Global ID = 114 | from: Cluster_8: 'm'
Global ID = 115 | from: Cluster_8: 'n'
Global ID = 116 | from: Cluster_8: 'o'
Global ID = 117 | from: Cluster_8: 'p'
Global ID = 118 | from: Cluster_8: 'q'
Global ID = 119 | from: Cluster_8: 'r'
Global ID = 120 | from: Cluster_8: 's'
Global ID = 121 | from: Cluster_8: 't'
Global ID = 122 | from: Cluster_8: 'u'
Global ID = 123 | from: Cluster_8: 'v'
Global ID = 124 | from: Cluster_8: 'w'
Global ID = 125 | from: Cluster_8: 'x'
Global ID = 126 | from: Cluster_8: 'y'
Global ID = 127 | from: Cluster_8: 'z'
Global ID = 128 | from: Cluster_9: '1'
Global ID = 129 | from: Cluster_9: '2'
Global ID = 130 | from: Cluster_9: '3'
Global ID = 131 | from: Cluster_9: '4'
Global ID = 132 | from: Cluster_9: 'D'
Global ID = 133 | from: Cluster_9: 'F'
Global ID = 134 | from: Cluster_9: 'G'
Global ID = 135 | from: Cluster_9: 'I'
Global ID = 136 | from: Cluster_9: 'J'
Global ID = 137 | from: Cluster_9: 'K'
Global ID = 138 | from: Cluster_9: 'S'
Global ID = 139 | from: Cluster_9: 'T'
Global ID = 140 | from: Cluster_9: 'U'
Global ID = 141 | from: Cluster_9: 'W'
Global ID = 142 | from: Cluster_9: 'c'
Global ID = 143 | from: Cluster_9: 'd'
Global ID = 144 | from: Cluster_9: 'f'
Global ID = 145 | from: Cluster_9: 'i'
Global ID = 146 | from: Cluster_9: 'l'
Global ID = 147 | from: Cluster_9: 'm'
Global ID = 148 | from: Cluster_9: 'p'
Global ID = 149 | from: Cluster_9: 's'
Global ID = 150 | from: Cluster_9: 'u'
Global ID = 151 | from: Cluster_9: 'v'
Global ID = 152 | from: Cluster_9: 'w'
Global ID = 153 | from: Cluster_9: 'x'
Global ID = 154 | from: Cluster_9: 'z'
Global ID = 155 | from: Cluster_10: '7'
Global ID = 156 | from: Cluster_10: '9'
Global ID = 157 | from: Cluster_10: 'A'
Global ID = 158 | from: Cluster_10: 'B'
Global ID = 159 | from: Cluster_10: 'D'
Global ID = 160 | from: Cluster_10: 'F'
Global ID = 161 | from: Cluster_10: 'G'
Global ID = 162 | from: Cluster_10: 'M'
Global ID = 163 | from: Cluster_10: 'P'
Global ID = 164 | from: Cluster_10: 'V'
Global ID = 165 | from: Cluster_10: 'W'
Global ID = 166 | from: Cluster_10: 'b'
Global ID = 167 | from: Cluster_10: 'c'
Global ID = 168 | from: Cluster_10: 'h'
Global ID = 169 | from: Cluster_10: 'j'
Global ID = 170 | from: Cluster_10: 'l'
Global ID = 171 | from: Cluster_10: 'm'
Global ID = 172 | from: Cluster_10: 'n'
Global ID = 173 | from: Cluster_10: 'p'
Global ID = 174 | from: Cluster_10: 'q'
Global ID = 175 | from: Cluster_10: 'r'
Global ID = 176 | from: Cluster_10: 's'
Global ID = 177 | from: Cluster_10: 'u'
Global ID = 178 | from: Cluster_10: 'v'
Global ID = 179 | from: Cluster_10: 'z'
Global ID = 180 | from: Cluster_11: '8'
Global ID = 181 | from: Cluster_11: '9'
Global ID = 182 | from: Cluster_11: 'A'
Global ID = 183 | from: Cluster_11: 'I'
Global ID = 184 | from: Cluster_11: 'J'
Global ID = 185 | from: Cluster_11: 'K'
Global ID = 186 | from: Cluster_11: 'M'
Global ID = 187 | from: Cluster_11: 'N'
Global ID = 188 | from: Cluster_11: 'P'
Global ID = 189 | from: Cluster_11: 'Q'
Global ID = 190 | from: Cluster_11: 'T'
Global ID = 191 | from: Cluster_11: 'V'
Global ID = 192 | from: Cluster_11: 'W'
Global ID = 193 | from: Cluster_11: 'Y'
Global ID = 194 | from: Cluster_11: 'Z'
Global ID = 195 | from: Cluster_11: 'a'
Global ID = 196 | from: Cluster_11: 'f'
Global ID = 197 | from: Cluster_11: 'g'
Global ID = 198 | from: Cluster_11: 'h'
Global ID = 199 | from: Cluster_11: 'k'
Global ID = 200 | from: Cluster_11: 'l'
Global ID = 201 | from: Cluster_11: 'm'
Global ID = 202 | from: Cluster_11: 'n'
Global ID = 203 | from: Cluster_11: 'p'
Global ID = 204 | from: Cluster_11: 'r'
Global ID = 205 | from: Cluster_11: 's'
Global ID = 206 | from: Cluster_11: 'u'
Global ID = 207 | from: Cluster_11: 'v'
Global ID = 208 | from: Cluster_11: 'z'
Global ID = 209 | from: Cluster_12: 'automobile'
Global ID = 210 | from: Cluster_12: 'bird'
Global ID = 211 | from: Cluster_12: 'deer'
Global ID = 212 | from: Cluster_12: 'dog'
Global ID = 213 | from: Cluster_12: 'frog'
Global ID = 214 | from: Cluster_12: 'horse'
Global ID = 215 | from: Cluster_12: 'ship'
Global ID = 216 | from: Cluster_12: 'truck'
==================================================


##################################################
Entropy Ratio = 0.15
##################################################

==================================================
Label Mapping Summary:
Global ID = 0  | from: Cluster_0: '2', Cluster_1: '2', Cluster_2: '3', Cluster_5: '2', Cluster_7: '2'
Global ID = 1  | from: Cluster_0: '5', Cluster_1: '5', Cluster_4: '2', Cluster_6: '5', Cluster_7: '5', Cluster_8: '5'
Global ID = 2  | from: Cluster_1: '1', Cluster_10: 'I', Cluster_11: '1', Cluster_3: '1', Cluster_4: '1', Cluster_5: '1', Cluster_7: 'l', Cluster_8: '1', Cluster_9: '1'
Global ID = 3  | from: Cluster_1: '3', Cluster_11: '3', Cluster_2: '5', Cluster_3: '3', Cluster_6: '3'
Global ID = 4  | from: Cluster_1: '4', Cluster_11: 'y', Cluster_3: '4', Cluster_5: '4', Cluster_6: '4', Cluster_7: '4'
Global ID = 5  | from: Cluster_1: '6', Cluster_10: '6', Cluster_11: '6', Cluster_3: '6', Cluster_5: '6', Cluster_6: '6', Cluster_7: 'b'
Global ID = 8  | from: Cluster_11: 'g', Cluster_2: '9', Cluster_3: '9', Cluster_4: '9', Cluster_6: '9', Cluster_7: 'q', Cluster_8: '9', Cluster_9: '9'
Global ID = 9  | from: Cluster_10: '0', Cluster_11: 'O', Cluster_12: 'automobile', Cluster_3: '0', Cluster_5: '0', Cluster_7: 'D', Cluster_8: 'O', Cluster_9: 'o'
Global ID = 10 | from: Cluster_10: 'j', Cluster_12: 'airplane', Cluster_3: '7', Cluster_5: '7', Cluster_7: '7', Cluster_9: '7'
Global ID = 11 | from: Cluster_1: '8', Cluster_11: '8', Cluster_12: 'cat', Cluster_7: '8', Cluster_8: '8', Cluster_9: '8'
Global ID = 12 | from: Cluster_7: 'Y', Cluster_9: 'Y'
Global ID = 13 | from: Cluster_10: 's', Cluster_7: 'S'
Global ID = 14 | from: Cluster_11: 'W', Cluster_7: 'W'
Global ID = 15 | from: Cluster_11: 'd', Cluster_7: 'd'
Global ID = 16 | from: Cluster_10: 'M', Cluster_8: 'M', Cluster_9: 'M'
Global ID = 17 | from: Cluster_10: 'C', Cluster_11: 'c', Cluster_8: 'C'
Global ID = 18 | from: Cluster_11: 'T', Cluster_9: 'T'
Global ID = 19 | from: Cluster_11: 'X', Cluster_9: 'X'
Global ID = 20 | from: Cluster_10: 'E', Cluster_11: 'E'
Global ID = 21 | from: Cluster_0: '1'
Global ID = 22 | from: Cluster_1: '7'
Global ID = 23 | from: Cluster_1: '9'
Global ID = 24 | from: Cluster_2: '4'
Global ID = 25 | from: Cluster_2: '8'
Global ID = 26 | from: Cluster_4: '0'
Global ID = 27 | from: Cluster_4: '3'
Global ID = 28 | from: Cluster_4: '8'
Global ID = 29 | from: Cluster_6: '0'
Global ID = 30 | from: Cluster_6: '1'
Global ID = 31 | from: Cluster_6: '2'
Global ID = 32 | from: Cluster_6: '7'
Global ID = 33 | from: Cluster_6: '8'
Global ID = 34 | from: Cluster_7: '1'
Global ID = 35 | from: Cluster_7: '9'
Global ID = 36 | from: Cluster_7: 'B'
Global ID = 37 | from: Cluster_7: 'C'
Global ID = 38 | from: Cluster_7: 'F'
Global ID = 39 | from: Cluster_7: 'H'
Global ID = 40 | from: Cluster_7: 'I'
Global ID = 41 | from: Cluster_7: 'J'
Global ID = 42 | from: Cluster_7: 'K'
Global ID = 43 | from: Cluster_7: 'L'
Global ID = 44 | from: Cluster_7: 'N'
Global ID = 45 | from: Cluster_7: 'O'
Global ID = 46 | from: Cluster_7: 'P'
Global ID = 47 | from: Cluster_7: 'R'
Global ID = 48 | from: Cluster_7: 'T'
Global ID = 49 | from: Cluster_7: 'U'
Global ID = 50 | from: Cluster_7: 'V'
Global ID = 51 | from: Cluster_7: 'X'
Global ID = 52 | from: Cluster_7: 'Z'
Global ID = 53 | from: Cluster_7: 'a'
Global ID = 54 | from: Cluster_7: 'c'
Global ID = 55 | from: Cluster_7: 'e'
Global ID = 56 | from: Cluster_7: 'f'
Global ID = 57 | from: Cluster_7: 'g'
Global ID = 58 | from: Cluster_7: 'h'
Global ID = 59 | from: Cluster_7: 'i'
Global ID = 60 | from: Cluster_7: 'k'
Global ID = 61 | from: Cluster_7: 'm'
Global ID = 62 | from: Cluster_7: 'o'
Global ID = 63 | from: Cluster_7: 'r'
Global ID = 64 | from: Cluster_7: 's'
Global ID = 65 | from: Cluster_7: 'u'
Global ID = 66 | from: Cluster_7: 'w'
Global ID = 67 | from: Cluster_8: '0'
Global ID = 68 | from: Cluster_8: '2'
Global ID = 69 | from: Cluster_8: '3'
Global ID = 70 | from: Cluster_8: '4'
Global ID = 71 | from: Cluster_8: '6'
Global ID = 72 | from: Cluster_8: '7'
Global ID = 73 | from: Cluster_8: 'A'
Global ID = 74 | from: Cluster_8: 'B'
Global ID = 75 | from: Cluster_8: 'D'
Global ID = 76 | from: Cluster_8: 'E'
Global ID = 77 | from: Cluster_8: 'F'
Global ID = 78 | from: Cluster_8: 'G'
Global ID = 79 | from: Cluster_8: 'H'
Global ID = 80 | from: Cluster_8: 'I'
Global ID = 81 | from: Cluster_8: 'J'
Global ID = 82 | from: Cluster_8: 'K'
Global ID = 83 | from: Cluster_8: 'L'
Global ID = 84 | from: Cluster_8: 'N'
Global ID = 85 | from: Cluster_8: 'P'
Global ID = 86 | from: Cluster_8: 'Q'
Global ID = 87 | from: Cluster_8: 'R'
Global ID = 88 | from: Cluster_8: 'S'
Global ID = 89 | from: Cluster_8: 'T'
Global ID = 90 | from: Cluster_8: 'U'
Global ID = 91 | from: Cluster_8: 'V'
Global ID = 92 | from: Cluster_8: 'W'
Global ID = 93 | from: Cluster_8: 'X'
Global ID = 94 | from: Cluster_8: 'Y'
Global ID = 95 | from: Cluster_8: 'Z'
Global ID = 96 | from: Cluster_8: 'a'
Global ID = 97 | from: Cluster_8: 'b'
Global ID = 98 | from: Cluster_8: 'c'
Global ID = 99 | from: Cluster_8: 'd'
Global ID = 100 | from: Cluster_8: 'e'
Global ID = 101 | from: Cluster_8: 'f'
Global ID = 102 | from: Cluster_8: 'g'
Global ID = 103 | from: Cluster_8: 'h'
Global ID = 104 | from: Cluster_8: 'i'
Global ID = 105 | from: Cluster_8: 'j'
Global ID = 106 | from: Cluster_8: 'k'
Global ID = 107 | from: Cluster_8: 'l'
Global ID = 108 | from: Cluster_8: 'm'
Global ID = 109 | from: Cluster_8: 'n'
Global ID = 110 | from: Cluster_8: 'o'
Global ID = 111 | from: Cluster_8: 'p'
Global ID = 112 | from: Cluster_8: 'q'
Global ID = 113 | from: Cluster_8: 'r'
Global ID = 114 | from: Cluster_8: 's'
Global ID = 115 | from: Cluster_8: 't'
Global ID = 116 | from: Cluster_8: 'u'
Global ID = 117 | from: Cluster_8: 'v'
Global ID = 118 | from: Cluster_8: 'w'
Global ID = 119 | from: Cluster_8: 'x'
Global ID = 120 | from: Cluster_8: 'y'
Global ID = 121 | from: Cluster_8: 'z'
Global ID = 122 | from: Cluster_9: '2'
Global ID = 123 | from: Cluster_9: '3'
Global ID = 124 | from: Cluster_9: '4'
Global ID = 125 | from: Cluster_9: 'D'
Global ID = 126 | from: Cluster_9: 'F'
Global ID = 127 | from: Cluster_9: 'G'
Global ID = 128 | from: Cluster_9: 'I'
Global ID = 129 | from: Cluster_9: 'J'
Global ID = 130 | from: Cluster_9: 'K'
Global ID = 131 | from: Cluster_9: 'S'
Global ID = 132 | from: Cluster_9: 'U'
Global ID = 133 | from: Cluster_9: 'W'
Global ID = 134 | from: Cluster_9: 'c'
Global ID = 135 | from: Cluster_9: 'd'
Global ID = 136 | from: Cluster_9: 'f'
Global ID = 137 | from: Cluster_9: 'i'
Global ID = 138 | from: Cluster_9: 'l'
Global ID = 139 | from: Cluster_9: 'm'
Global ID = 140 | from: Cluster_9: 'p'
Global ID = 141 | from: Cluster_9: 's'
Global ID = 142 | from: Cluster_9: 'u'
Global ID = 143 | from: Cluster_9: 'v'
Global ID = 144 | from: Cluster_9: 'w'
Global ID = 145 | from: Cluster_9: 'x'
Global ID = 146 | from: Cluster_9: 'z'
Global ID = 147 | from: Cluster_10: '7'
Global ID = 148 | from: Cluster_10: '9'
Global ID = 149 | from: Cluster_10: 'A'
Global ID = 150 | from: Cluster_10: 'B'
Global ID = 151 | from: Cluster_10: 'D'
Global ID = 152 | from: Cluster_10: 'F'
Global ID = 153 | from: Cluster_10: 'G'
Global ID = 154 | from: Cluster_10: 'O'
Global ID = 155 | from: Cluster_10: 'P'
Global ID = 156 | from: Cluster_10: 'V'
Global ID = 157 | from: Cluster_10: 'W'
Global ID = 158 | from: Cluster_10: 'b'
Global ID = 159 | from: Cluster_10: 'c'
Global ID = 160 | from: Cluster_10: 'h'
Global ID = 161 | from: Cluster_10: 'l'
Global ID = 162 | from: Cluster_10: 'm'
Global ID = 163 | from: Cluster_10: 'n'
Global ID = 164 | from: Cluster_10: 'p'
Global ID = 165 | from: Cluster_10: 'q'
Global ID = 166 | from: Cluster_10: 'r'
Global ID = 167 | from: Cluster_10: 'u'
Global ID = 168 | from: Cluster_10: 'v'
Global ID = 169 | from: Cluster_10: 'z'
Global ID = 170 | from: Cluster_11: '9'
Global ID = 171 | from: Cluster_11: 'A'
Global ID = 172 | from: Cluster_11: 'I'
Global ID = 173 | from: Cluster_11: 'J'
Global ID = 174 | from: Cluster_11: 'K'
Global ID = 175 | from: Cluster_11: 'M'
Global ID = 176 | from: Cluster_11: 'N'
Global ID = 177 | from: Cluster_11: 'P'
Global ID = 178 | from: Cluster_11: 'Q'
Global ID = 179 | from: Cluster_11: 'V'
Global ID = 180 | from: Cluster_11: 'Y'
Global ID = 181 | from: Cluster_11: 'Z'
Global ID = 182 | from: Cluster_11: 'a'
Global ID = 183 | from: Cluster_11: 'f'
Global ID = 184 | from: Cluster_11: 'h'
Global ID = 185 | from: Cluster_11: 'k'
Global ID = 186 | from: Cluster_11: 'l'
Global ID = 187 | from: Cluster_11: 'm'
Global ID = 188 | from: Cluster_11: 'n'
Global ID = 189 | from: Cluster_11: 'p'
Global ID = 190 | from: Cluster_11: 'r'
Global ID = 191 | from: Cluster_11: 's'
Global ID = 192 | from: Cluster_11: 'u'
Global ID = 193 | from: Cluster_11: 'v'
Global ID = 194 | from: Cluster_11: 'z'
Global ID = 195 | from: Cluster_12: 'bird'
Global ID = 196 | from: Cluster_12: 'deer'
Global ID = 197 | from: Cluster_12: 'dog'
Global ID = 198 | from: Cluster_12: 'frog'
Global ID = 199 | from: Cluster_12: 'horse'
Global ID = 200 | from: Cluster_12: 'ship'
Global ID = 201 | from: Cluster_12: 'truck'
==================================================


##################################################
Entropy Ratio = 0.2
##################################################

==================================================
Label Mapping Summary:
Global ID = 0  | from: Cluster_0: '2', Cluster_1: '2', Cluster_11: '3', Cluster_2: '3', Cluster_4: '2', Cluster_5: '2', Cluster_6: '3', Cluster_7: '2'
Global ID = 1  | from: Cluster_0: '5', Cluster_1: '5', Cluster_6: '5', Cluster_7: '5', Cluster_8: '5'
Global ID = 3  | from: Cluster_0: '1', Cluster_1: '1', Cluster_10: 'j', Cluster_11: '1', Cluster_3: '1', Cluster_4: '1', Cluster_5: '1', Cluster_6: '1', Cluster_7: 'l', Cluster_8: '1', Cluster_9: 'l'
Global ID = 4  | from: Cluster_1: '3', Cluster_3: '3'
Global ID = 5  | from: Cluster_1: '4', Cluster_11: 'y', Cluster_3: '4', Cluster_5: '4', Cluster_6: '4', Cluster_7: '4'
Global ID = 6  | from: Cluster_1: '6', Cluster_10: '6', Cluster_11: '6', Cluster_3: '6', Cluster_5: '6', Cluster_6: '6', Cluster_7: 'b'
Global ID = 9  | from: Cluster_11: 'g', Cluster_2: '9', Cluster_3: '9', Cluster_4: '9', Cluster_6: '9', Cluster_7: 'q', Cluster_8: '9', Cluster_9: '9'
Global ID = 10 | from: Cluster_10: '0', Cluster_11: 'O', Cluster_12: 'bird', Cluster_3: '0', Cluster_5: '0', Cluster_7: 'D', Cluster_8: 'O', Cluster_9: 'o'
Global ID = 11 | from: Cluster_11: 'T', Cluster_12: 'airplane', Cluster_3: '7', Cluster_5: '7', Cluster_7: '7', Cluster_9: '7'
Global ID = 12 | from: Cluster_1: '8', Cluster_11: '8', Cluster_12: 'automobile', Cluster_7: '8', Cluster_8: '8', Cluster_9: '8'
Global ID = 13 | from: Cluster_7: 'Y', Cluster_8: 'y', Cluster_9: 'Y'
Global ID = 14 | from: Cluster_10: 's', Cluster_7: 'S'
Global ID = 15 | from: Cluster_10: 'W', Cluster_11: 'W', Cluster_7: 'W'
Global ID = 16 | from: Cluster_11: 'd', Cluster_7: 'd'
Global ID = 17 | from: Cluster_10: 'M', Cluster_11: 'm', Cluster_8: 'M', Cluster_9: 'M'
Global ID = 18 | from: Cluster_8: 'T', Cluster_9: 'T'
Global ID = 19 | from: Cluster_10: 'C', Cluster_11: 'c', Cluster_8: 'C'
Global ID = 20 | from: Cluster_11: 'X', Cluster_9: 'X'
Global ID = 21 | from: Cluster_10: 'E', Cluster_11: 'E'
Global ID = 22 | from: Cluster_10: 'p', Cluster_11: 'p'
Global ID = 23 | from: Cluster_1: '7'
Global ID = 24 | from: Cluster_1: '9'
Global ID = 25 | from: Cluster_2: '4'
Global ID = 26 | from: Cluster_2: '5'
Global ID = 27 | from: Cluster_2: '8'
Global ID = 28 | from: Cluster_4: '0'
Global ID = 29 | from: Cluster_4: '3'
Global ID = 30 | from: Cluster_4: '8'
Global ID = 31 | from: Cluster_6: '0'
Global ID = 32 | from: Cluster_6: '2'
Global ID = 33 | from: Cluster_6: '7'
Global ID = 34 | from: Cluster_6: '8'
Global ID = 35 | from: Cluster_7: '1'
Global ID = 36 | from: Cluster_7: '9'
Global ID = 37 | from: Cluster_7: 'B'
Global ID = 38 | from: Cluster_7: 'C'
Global ID = 39 | from: Cluster_7: 'F'
Global ID = 40 | from: Cluster_7: 'H'
Global ID = 41 | from: Cluster_7: 'I'
Global ID = 42 | from: Cluster_7: 'J'
Global ID = 43 | from: Cluster_7: 'K'
Global ID = 44 | from: Cluster_7: 'L'
Global ID = 45 | from: Cluster_7: 'N'
Global ID = 46 | from: Cluster_7: 'O'
Global ID = 47 | from: Cluster_7: 'P'
Global ID = 48 | from: Cluster_7: 'R'
Global ID = 49 | from: Cluster_7: 'T'
Global ID = 50 | from: Cluster_7: 'U'
Global ID = 51 | from: Cluster_7: 'V'
Global ID = 52 | from: Cluster_7: 'X'
Global ID = 53 | from: Cluster_7: 'Z'
Global ID = 54 | from: Cluster_7: 'a'
Global ID = 55 | from: Cluster_7: 'c'
Global ID = 56 | from: Cluster_7: 'e'
Global ID = 57 | from: Cluster_7: 'f'
Global ID = 58 | from: Cluster_7: 'g'
Global ID = 59 | from: Cluster_7: 'h'
Global ID = 60 | from: Cluster_7: 'i'
Global ID = 61 | from: Cluster_7: 'k'
Global ID = 62 | from: Cluster_7: 'm'
Global ID = 63 | from: Cluster_7: 'o'
Global ID = 64 | from: Cluster_7: 'r'
Global ID = 65 | from: Cluster_7: 's'
Global ID = 66 | from: Cluster_7: 'u'
Global ID = 67 | from: Cluster_7: 'w'
Global ID = 68 | from: Cluster_8: '0'
Global ID = 69 | from: Cluster_8: '2'
Global ID = 70 | from: Cluster_8: '3'
Global ID = 71 | from: Cluster_8: '4'
Global ID = 72 | from: Cluster_8: '6'
Global ID = 73 | from: Cluster_8: '7'
Global ID = 74 | from: Cluster_8: 'A'
Global ID = 75 | from: Cluster_8: 'B'
Global ID = 76 | from: Cluster_8: 'D'
Global ID = 77 | from: Cluster_8: 'E'
Global ID = 78 | from: Cluster_8: 'F'
Global ID = 79 | from: Cluster_8: 'G'
Global ID = 80 | from: Cluster_8: 'H'
Global ID = 81 | from: Cluster_8: 'I'
Global ID = 82 | from: Cluster_8: 'J'
Global ID = 83 | from: Cluster_8: 'K'
Global ID = 84 | from: Cluster_8: 'L'
Global ID = 85 | from: Cluster_8: 'N'
Global ID = 86 | from: Cluster_8: 'P'
Global ID = 87 | from: Cluster_8: 'Q'
Global ID = 88 | from: Cluster_8: 'R'
Global ID = 89 | from: Cluster_8: 'S'
Global ID = 90 | from: Cluster_8: 'U'
Global ID = 91 | from: Cluster_8: 'V'
Global ID = 92 | from: Cluster_8: 'W'
Global ID = 93 | from: Cluster_8: 'X'
Global ID = 94 | from: Cluster_8: 'Y'
Global ID = 95 | from: Cluster_8: 'Z'
Global ID = 96 | from: Cluster_8: 'a'
Global ID = 97 | from: Cluster_8: 'b'
Global ID = 98 | from: Cluster_8: 'c'
Global ID = 99 | from: Cluster_8: 'd'
Global ID = 100 | from: Cluster_8: 'e'
Global ID = 101 | from: Cluster_8: 'f'
Global ID = 102 | from: Cluster_8: 'g'
Global ID = 103 | from: Cluster_8: 'h'
Global ID = 104 | from: Cluster_8: 'i'
Global ID = 105 | from: Cluster_8: 'j'
Global ID = 106 | from: Cluster_8: 'k'
Global ID = 107 | from: Cluster_8: 'l'
Global ID = 108 | from: Cluster_8: 'm'
Global ID = 109 | from: Cluster_8: 'n'
Global ID = 110 | from: Cluster_8: 'o'
Global ID = 111 | from: Cluster_8: 'p'
Global ID = 112 | from: Cluster_8: 'q'
Global ID = 113 | from: Cluster_8: 'r'
Global ID = 114 | from: Cluster_8: 's'
Global ID = 115 | from: Cluster_8: 't'
Global ID = 116 | from: Cluster_8: 'u'
Global ID = 117 | from: Cluster_8: 'v'
Global ID = 118 | from: Cluster_8: 'w'
Global ID = 119 | from: Cluster_8: 'x'
Global ID = 120 | from: Cluster_8: 'z'
Global ID = 121 | from: Cluster_9: '1'
Global ID = 122 | from: Cluster_9: '2'
Global ID = 123 | from: Cluster_9: '3'
Global ID = 124 | from: Cluster_9: '4'
Global ID = 125 | from: Cluster_9: 'D'
Global ID = 126 | from: Cluster_9: 'F'
Global ID = 127 | from: Cluster_9: 'G'
Global ID = 128 | from: Cluster_9: 'I'
Global ID = 129 | from: Cluster_9: 'J'
Global ID = 130 | from: Cluster_9: 'K'
Global ID = 131 | from: Cluster_9: 'S'
Global ID = 132 | from: Cluster_9: 'U'
Global ID = 133 | from: Cluster_9: 'W'
Global ID = 134 | from: Cluster_9: 'c'
Global ID = 135 | from: Cluster_9: 'd'
Global ID = 136 | from: Cluster_9: 'f'
Global ID = 137 | from: Cluster_9: 'i'
Global ID = 138 | from: Cluster_9: 'm'
Global ID = 139 | from: Cluster_9: 'p'
Global ID = 140 | from: Cluster_9: 's'
Global ID = 141 | from: Cluster_9: 'u'
Global ID = 142 | from: Cluster_9: 'v'
Global ID = 143 | from: Cluster_9: 'w'
Global ID = 144 | from: Cluster_9: 'x'
Global ID = 145 | from: Cluster_9: 'z'
Global ID = 146 | from: Cluster_10: '7'
Global ID = 147 | from: Cluster_10: '9'
Global ID = 148 | from: Cluster_10: 'A'
Global ID = 149 | from: Cluster_10: 'B'
Global ID = 150 | from: Cluster_10: 'D'
Global ID = 151 | from: Cluster_10: 'F'
Global ID = 152 | from: Cluster_10: 'G'
Global ID = 153 | from: Cluster_10: 'I'
Global ID = 154 | from: Cluster_10: 'O'
Global ID = 155 | from: Cluster_10: 'P'
Global ID = 156 | from: Cluster_10: 'V'
Global ID = 157 | from: Cluster_10: 'b'
Global ID = 158 | from: Cluster_10: 'c'
Global ID = 159 | from: Cluster_10: 'h'
Global ID = 160 | from: Cluster_10: 'l'
Global ID = 161 | from: Cluster_10: 'm'
Global ID = 162 | from: Cluster_10: 'n'
Global ID = 163 | from: Cluster_10: 'q'
Global ID = 164 | from: Cluster_10: 'r'
Global ID = 165 | from: Cluster_10: 'u'
Global ID = 166 | from: Cluster_10: 'v'
Global ID = 167 | from: Cluster_10: 'z'
Global ID = 168 | from: Cluster_11: '9'
Global ID = 169 | from: Cluster_11: 'A'
Global ID = 170 | from: Cluster_11: 'I'
Global ID = 171 | from: Cluster_11: 'J'
Global ID = 172 | from: Cluster_11: 'K'
Global ID = 173 | from: Cluster_11: 'M'
Global ID = 174 | from: Cluster_11: 'N'
Global ID = 175 | from: Cluster_11: 'P'
Global ID = 176 | from: Cluster_11: 'Q'
Global ID = 177 | from: Cluster_11: 'V'
Global ID = 178 | from: Cluster_11: 'Y'
Global ID = 179 | from: Cluster_11: 'Z'
Global ID = 180 | from: Cluster_11: 'a'
Global ID = 181 | from: Cluster_11: 'f'
Global ID = 182 | from: Cluster_11: 'h'
Global ID = 183 | from: Cluster_11: 'k'
Global ID = 184 | from: Cluster_11: 'l'
Global ID = 185 | from: Cluster_11: 'n'
Global ID = 186 | from: Cluster_11: 'r'
Global ID = 187 | from: Cluster_11: 's'
Global ID = 188 | from: Cluster_11: 'u'
Global ID = 189 | from: Cluster_11: 'v'
Global ID = 190 | from: Cluster_11: 'z'
Global ID = 191 | from: Cluster_12: 'cat'
Global ID = 192 | from: Cluster_12: 'deer'
Global ID = 193 | from: Cluster_12: 'dog'
Global ID = 194 | from: Cluster_12: 'frog'
Global ID = 195 | from: Cluster_12: 'horse'
Global ID = 196 | from: Cluster_12: 'ship'
Global ID = 197 | from: Cluster_12: 'truck'
==================================================


##################################################
Entropy Ratio = 0.25
##################################################

==================================================
Label Mapping Summary:
Global ID = 0  | from: Cluster_0: '2', Cluster_1: '2', Cluster_11: '3', Cluster_2: '3', Cluster_4: '2', Cluster_5: '2', Cluster_6: '3', Cluster_7: '2', Cluster_8: '2'
Global ID = 3  | from: Cluster_0: '1', Cluster_1: '1', Cluster_10: 'j', Cluster_11: '1', Cluster_3: '1', Cluster_4: '1', Cluster_5: '1', Cluster_6: '1', Cluster_7: 'l', Cluster_8: '1', Cluster_9: 'l'
Global ID = 4  | from: Cluster_0: '5', Cluster_1: '3', Cluster_3: '3', Cluster_6: '5', Cluster_7: '5'
Global ID = 5  | from: Cluster_1: '4', Cluster_11: 'y', Cluster_3: '4', Cluster_4: '9', Cluster_5: '4', Cluster_6: '4', Cluster_7: '4'
Global ID = 6  | from: Cluster_1: '6', Cluster_10: '6', Cluster_11: '6', Cluster_3: '6', Cluster_5: '6', Cluster_6: '6', Cluster_7: 'b', Cluster_9: 'K'
Global ID = 7  | from: Cluster_1: '8', Cluster_11: '8', Cluster_12: 'automobile', Cluster_7: '8', Cluster_8: '8', Cluster_9: '8'
Global ID = 8  | from: Cluster_1: '5', Cluster_10: 's', Cluster_7: 'S', Cluster_8: '5'
Global ID = 9  | from: Cluster_10: 'q', Cluster_11: 'g', Cluster_2: '9', Cluster_3: '7', Cluster_5: '7', Cluster_6: '9', Cluster_7: 'q', Cluster_8: 'g', Cluster_9: '9'
Global ID = 10 | from: Cluster_10: '0', Cluster_11: 'O', Cluster_12: 'bird', Cluster_3: '0', Cluster_5: '0', Cluster_7: 'D', Cluster_8: 'O', Cluster_9: 'o'
Global ID = 11 | from: Cluster_11: 'v', Cluster_7: 'V', Cluster_8: 'V'
Global ID = 12 | from: Cluster_11: 'T', Cluster_12: 'airplane', Cluster_7: '7', Cluster_9: '7'
Global ID = 13 | from: Cluster_10: 'W', Cluster_11: 'W', Cluster_7: 'W', Cluster_9: 'W'
Global ID = 14 | from: Cluster_7: 'Y', Cluster_8: 'y', Cluster_9: 'Y'
Global ID = 15 | from: Cluster_10: 'P', Cluster_7: 'P'
Global ID = 16 | from: Cluster_11: 'd', Cluster_7: 'd'
Global ID = 17 | from: Cluster_10: 'M', Cluster_11: 'm', Cluster_8: 'M', Cluster_9: 'M'
Global ID = 18 | from: Cluster_8: 'T', Cluster_9: 'T'
Global ID = 19 | from: Cluster_10: 'C', Cluster_11: 'c', Cluster_8: 'C'
Global ID = 20 | from: Cluster_10: 'G', Cluster_9: 'G'
Global ID = 21 | from: Cluster_11: 'X', Cluster_9: 'X'
Global ID = 22 | from: Cluster_10: 'E', Cluster_11: 'E'
Global ID = 23 | from: Cluster_10: 'p', Cluster_11: 'p'
Global ID = 24 | from: Cluster_1: '7'
Global ID = 25 | from: Cluster_1: '9'
Global ID = 26 | from: Cluster_2: '4'
Global ID = 27 | from: Cluster_2: '5'
Global ID = 28 | from: Cluster_2: '8'
Global ID = 29 | from: Cluster_3: '9'
Global ID = 30 | from: Cluster_4: '0'
Global ID = 31 | from: Cluster_4: '3'
Global ID = 32 | from: Cluster_4: '8'
Global ID = 33 | from: Cluster_6: '0'
Global ID = 34 | from: Cluster_6: '2'
Global ID = 35 | from: Cluster_6: '7'
Global ID = 36 | from: Cluster_6: '8'
Global ID = 37 | from: Cluster_7: '1'
Global ID = 38 | from: Cluster_7: '9'
Global ID = 39 | from: Cluster_7: 'B'
Global ID = 40 | from: Cluster_7: 'C'
Global ID = 41 | from: Cluster_7: 'F'
Global ID = 42 | from: Cluster_7: 'H'
Global ID = 43 | from: Cluster_7: 'I'
Global ID = 44 | from: Cluster_7: 'J'
Global ID = 45 | from: Cluster_7: 'K'
Global ID = 46 | from: Cluster_7: 'L'
Global ID = 47 | from: Cluster_7: 'N'
Global ID = 48 | from: Cluster_7: 'O'
Global ID = 49 | from: Cluster_7: 'R'
Global ID = 50 | from: Cluster_7: 'T'
Global ID = 51 | from: Cluster_7: 'U'
Global ID = 52 | from: Cluster_7: 'X'
Global ID = 53 | from: Cluster_7: 'Z'
Global ID = 54 | from: Cluster_7: 'a'
Global ID = 55 | from: Cluster_7: 'c'
Global ID = 56 | from: Cluster_7: 'e'
Global ID = 57 | from: Cluster_7: 'f'
Global ID = 58 | from: Cluster_7: 'g'
Global ID = 59 | from: Cluster_7: 'h'
Global ID = 60 | from: Cluster_7: 'i'
Global ID = 61 | from: Cluster_7: 'k'
Global ID = 62 | from: Cluster_7: 'm'
Global ID = 63 | from: Cluster_7: 'o'
Global ID = 64 | from: Cluster_7: 'r'
Global ID = 65 | from: Cluster_7: 's'
Global ID = 66 | from: Cluster_7: 'u'
Global ID = 67 | from: Cluster_7: 'w'
Global ID = 68 | from: Cluster_8: '0'
Global ID = 69 | from: Cluster_8: '3'
Global ID = 70 | from: Cluster_8: '4'
Global ID = 71 | from: Cluster_8: '6'
Global ID = 72 | from: Cluster_8: '7'
Global ID = 73 | from: Cluster_8: '9'
Global ID = 74 | from: Cluster_8: 'A'
Global ID = 75 | from: Cluster_8: 'B'
Global ID = 76 | from: Cluster_8: 'D'
Global ID = 77 | from: Cluster_8: 'E'
Global ID = 78 | from: Cluster_8: 'F'
Global ID = 79 | from: Cluster_8: 'G'
Global ID = 80 | from: Cluster_8: 'H'
Global ID = 81 | from: Cluster_8: 'I'
Global ID = 82 | from: Cluster_8: 'J'
Global ID = 83 | from: Cluster_8: 'K'
Global ID = 84 | from: Cluster_8: 'L'
Global ID = 85 | from: Cluster_8: 'N'
Global ID = 86 | from: Cluster_8: 'P'
Global ID = 87 | from: Cluster_8: 'Q'
Global ID = 88 | from: Cluster_8: 'R'
Global ID = 89 | from: Cluster_8: 'S'
Global ID = 90 | from: Cluster_8: 'U'
Global ID = 91 | from: Cluster_8: 'W'
Global ID = 92 | from: Cluster_8: 'X'
Global ID = 93 | from: Cluster_8: 'Y'
Global ID = 94 | from: Cluster_8: 'Z'
Global ID = 95 | from: Cluster_8: 'a'
Global ID = 96 | from: Cluster_8: 'b'
Global ID = 97 | from: Cluster_8: 'c'
Global ID = 98 | from: Cluster_8: 'd'
Global ID = 99 | from: Cluster_8: 'e'
Global ID = 100 | from: Cluster_8: 'f'
Global ID = 101 | from: Cluster_8: 'h'
Global ID = 102 | from: Cluster_8: 'i'
Global ID = 103 | from: Cluster_8: 'j'
Global ID = 104 | from: Cluster_8: 'k'
Global ID = 105 | from: Cluster_8: 'l'
Global ID = 106 | from: Cluster_8: 'm'
Global ID = 107 | from: Cluster_8: 'n'
Global ID = 108 | from: Cluster_8: 'o'
Global ID = 109 | from: Cluster_8: 'p'
Global ID = 110 | from: Cluster_8: 'q'
Global ID = 111 | from: Cluster_8: 'r'
Global ID = 112 | from: Cluster_8: 's'
Global ID = 113 | from: Cluster_8: 't'
Global ID = 114 | from: Cluster_8: 'u'
Global ID = 115 | from: Cluster_8: 'v'
Global ID = 116 | from: Cluster_8: 'w'
Global ID = 117 | from: Cluster_8: 'x'
Global ID = 118 | from: Cluster_8: 'z'
Global ID = 119 | from: Cluster_9: '1'
Global ID = 120 | from: Cluster_9: '2'
Global ID = 121 | from: Cluster_9: '3'
Global ID = 122 | from: Cluster_9: '4'
Global ID = 123 | from: Cluster_9: 'D'
Global ID = 124 | from: Cluster_9: 'F'
Global ID = 125 | from: Cluster_9: 'I'
Global ID = 126 | from: Cluster_9: 'J'
Global ID = 127 | from: Cluster_9: 'S'
Global ID = 128 | from: Cluster_9: 'U'
Global ID = 129 | from: Cluster_9: 'c'
Global ID = 130 | from: Cluster_9: 'd'
Global ID = 131 | from: Cluster_9: 'f'
Global ID = 132 | from: Cluster_9: 'i'
Global ID = 133 | from: Cluster_9: 'm'
Global ID = 134 | from: Cluster_9: 'p'
Global ID = 135 | from: Cluster_9: 's'
Global ID = 136 | from: Cluster_9: 'u'
Global ID = 137 | from: Cluster_9: 'v'
Global ID = 138 | from: Cluster_9: 'w'
Global ID = 139 | from: Cluster_9: 'x'
Global ID = 140 | from: Cluster_9: 'z'
Global ID = 141 | from: Cluster_10: '7'
Global ID = 142 | from: Cluster_10: '9'
Global ID = 143 | from: Cluster_10: 'A'
Global ID = 144 | from: Cluster_10: 'B'
Global ID = 145 | from: Cluster_10: 'D'
Global ID = 146 | from: Cluster_10: 'F'
Global ID = 147 | from: Cluster_10: 'I'
Global ID = 148 | from: Cluster_10: 'O'
Global ID = 149 | from: Cluster_10: 'V'
Global ID = 150 | from: Cluster_10: 'b'
Global ID = 151 | from: Cluster_10: 'c'
Global ID = 152 | from: Cluster_10: 'h'
Global ID = 153 | from: Cluster_10: 'l'
Global ID = 154 | from: Cluster_10: 'm'
Global ID = 155 | from: Cluster_10: 'n'
Global ID = 156 | from: Cluster_10: 'r'
Global ID = 157 | from: Cluster_10: 'u'
Global ID = 158 | from: Cluster_10: 'v'
Global ID = 159 | from: Cluster_10: 'z'
Global ID = 160 | from: Cluster_11: '9'
Global ID = 161 | from: Cluster_11: 'A'
Global ID = 162 | from: Cluster_11: 'I'
Global ID = 163 | from: Cluster_11: 'J'
Global ID = 164 | from: Cluster_11: 'K'
Global ID = 165 | from: Cluster_11: 'M'
Global ID = 166 | from: Cluster_11: 'N'
Global ID = 167 | from: Cluster_11: 'P'
Global ID = 168 | from: Cluster_11: 'Q'
Global ID = 169 | from: Cluster_11: 'V'
Global ID = 170 | from: Cluster_11: 'Y'
Global ID = 171 | from: Cluster_11: 'Z'
Global ID = 172 | from: Cluster_11: 'a'
Global ID = 173 | from: Cluster_11: 'f'
Global ID = 174 | from: Cluster_11: 'h'
Global ID = 175 | from: Cluster_11: 'k'
Global ID = 176 | from: Cluster_11: 'l'
Global ID = 177 | from: Cluster_11: 'n'
Global ID = 178 | from: Cluster_11: 'r'
Global ID = 179 | from: Cluster_11: 's'
Global ID = 180 | from: Cluster_11: 'u'
Global ID = 181 | from: Cluster_11: 'z'
Global ID = 182 | from: Cluster_12: 'cat'
Global ID = 183 | from: Cluster_12: 'deer'
Global ID = 184 | from: Cluster_12: 'dog'
Global ID = 185 | from: Cluster_12: 'frog'
Global ID = 186 | from: Cluster_12: 'horse'
Global ID = 187 | from: Cluster_12: 'ship'
Global ID = 188 | from: Cluster_12: 'truck'
==================================================


##################################################
Entropy Ratio = 0.3
##################################################

==================================================
Label Mapping Summary:
Global ID = 0  | from: Cluster_0: '2', Cluster_1: '2', Cluster_11: '3', Cluster_2: '3', Cluster_4: '2', Cluster_5: '2', Cluster_6: '3', Cluster_7: '2', Cluster_8: '2'
Global ID = 3  | from: Cluster_0: '1', Cluster_1: '1', Cluster_10: 'j', Cluster_11: '1', Cluster_3: '1', Cluster_4: '1', Cluster_5: '1', Cluster_6: '1', Cluster_7: 'l', Cluster_8: '1', Cluster_9: 'l'
Global ID = 4  | from: Cluster_0: '5', Cluster_1: '3', Cluster_3: '3', Cluster_6: '5', Cluster_7: '5'
Global ID = 5  | from: Cluster_1: '4', Cluster_10: '6', Cluster_11: 'y', Cluster_3: '4', Cluster_4: '9', Cluster_5: '4', Cluster_6: '4', Cluster_7: '4', Cluster_8: 'y', Cluster_9: 'Y'
Global ID = 7  | from: Cluster_1: '8', Cluster_11: '8', Cluster_12: 'automobile', Cluster_7: '8', Cluster_8: '8', Cluster_9: '8'
Global ID = 8  | from: Cluster_1: '5', Cluster_10: 's', Cluster_7: 'S', Cluster_8: '5'
Global ID = 9  | from: Cluster_11: 'g', Cluster_12: 'airplane', Cluster_2: '9', Cluster_3: '7', Cluster_5: '7', Cluster_6: '9', Cluster_7: '7', Cluster_8: '9', Cluster_9: '9'
Global ID = 10 | from: Cluster_10: '0', Cluster_11: 'O', Cluster_12: 'bird', Cluster_3: '0', Cluster_5: '0', Cluster_7: 'D', Cluster_8: 'O', Cluster_9: 'o'
Global ID = 11 | from: Cluster_10: 'P', Cluster_11: 'p', Cluster_7: 'P', Cluster_8: 'P'
Global ID = 12 | from: Cluster_10: 'V', Cluster_11: 'v', Cluster_7: 'V', Cluster_8: 'V'
Global ID = 13 | from: Cluster_10: 'C', Cluster_11: 'c', Cluster_7: 'c', Cluster_8: 'C'
Global ID = 14 | from: Cluster_10: 'W', Cluster_11: 'W', Cluster_7: 'W', Cluster_9: 'W'
Global ID = 15 | from: Cluster_10: 'I', Cluster_7: 'I', Cluster_9: '1'
Global ID = 16 | from: Cluster_10: 'q', Cluster_11: '9', Cluster_7: 'q'
Global ID = 17 | from: Cluster_11: 'd', Cluster_7: 'd'
Global ID = 18 | from: Cluster_10: 'M', Cluster_11: 'm', Cluster_8: 'H', Cluster_9: 'M'
Global ID = 19 | from: Cluster_11: 'T', Cluster_8: 'T', Cluster_9: 'T'
Global ID = 20 | from: Cluster_11: 'Z', Cluster_8: 'z'
Global ID = 21 | from: Cluster_1: '6', Cluster_10: 'G', Cluster_11: '6', Cluster_3: '6', Cluster_5: '6', Cluster_6: '6', Cluster_7: 'b', Cluster_8: '6', Cluster_9: 'G'
Global ID = 22 | from: Cluster_10: 'u', Cluster_9: 'U'
Global ID = 23 | from: Cluster_11: 'X', Cluster_9: 'X'
Global ID = 24 | from: Cluster_10: 'E', Cluster_11: 'E'
Global ID = 25 | from: Cluster_1: '7'
Global ID = 26 | from: Cluster_1: '9'
Global ID = 27 | from: Cluster_2: '4'
Global ID = 28 | from: Cluster_2: '5'
Global ID = 29 | from: Cluster_2: '8'
Global ID = 30 | from: Cluster_3: '9'
Global ID = 31 | from: Cluster_4: '0'
Global ID = 32 | from: Cluster_4: '3'
Global ID = 33 | from: Cluster_4: '8'
Global ID = 34 | from: Cluster_6: '0'
Global ID = 35 | from: Cluster_6: '2'
Global ID = 36 | from: Cluster_6: '7'
Global ID = 37 | from: Cluster_6: '8'
Global ID = 38 | from: Cluster_7: '1'
Global ID = 39 | from: Cluster_7: '9'
Global ID = 40 | from: Cluster_7: 'B'
Global ID = 41 | from: Cluster_7: 'C'
Global ID = 42 | from: Cluster_7: 'F'
Global ID = 43 | from: Cluster_7: 'H'
Global ID = 44 | from: Cluster_7: 'J'
Global ID = 45 | from: Cluster_7: 'K'
Global ID = 46 | from: Cluster_7: 'L'
Global ID = 47 | from: Cluster_7: 'N'
Global ID = 48 | from: Cluster_7: 'O'
Global ID = 49 | from: Cluster_7: 'R'
Global ID = 50 | from: Cluster_7: 'T'
Global ID = 51 | from: Cluster_7: 'U'
Global ID = 52 | from: Cluster_7: 'X'
Global ID = 53 | from: Cluster_7: 'Y'
Global ID = 54 | from: Cluster_7: 'Z'
Global ID = 55 | from: Cluster_7: 'a'
Global ID = 56 | from: Cluster_7: 'e'
Global ID = 57 | from: Cluster_7: 'f'
Global ID = 58 | from: Cluster_7: 'g'
Global ID = 59 | from: Cluster_7: 'h'
Global ID = 60 | from: Cluster_7: 'i'
Global ID = 61 | from: Cluster_7: 'k'
Global ID = 62 | from: Cluster_7: 'm'
Global ID = 63 | from: Cluster_7: 'o'
Global ID = 64 | from: Cluster_7: 'r'
Global ID = 65 | from: Cluster_7: 's'
Global ID = 66 | from: Cluster_7: 'u'
Global ID = 67 | from: Cluster_7: 'w'
Global ID = 68 | from: Cluster_8: '0'
Global ID = 69 | from: Cluster_8: '3'
Global ID = 70 | from: Cluster_8: '4'
Global ID = 71 | from: Cluster_8: '7'
Global ID = 72 | from: Cluster_8: 'A'
Global ID = 73 | from: Cluster_8: 'B'
Global ID = 74 | from: Cluster_8: 'D'
Global ID = 75 | from: Cluster_8: 'E'
Global ID = 76 | from: Cluster_8: 'F'
Global ID = 77 | from: Cluster_8: 'G'
Global ID = 78 | from: Cluster_8: 'I'
Global ID = 79 | from: Cluster_8: 'J'
Global ID = 80 | from: Cluster_8: 'K'
Global ID = 81 | from: Cluster_8: 'L'
Global ID = 82 | from: Cluster_8: 'M'
Global ID = 83 | from: Cluster_8: 'N'
Global ID = 84 | from: Cluster_8: 'Q'
Global ID = 85 | from: Cluster_8: 'R'
Global ID = 86 | from: Cluster_8: 'S'
Global ID = 87 | from: Cluster_8: 'U'
Global ID = 88 | from: Cluster_8: 'W'
Global ID = 89 | from: Cluster_8: 'X'
Global ID = 90 | from: Cluster_8: 'Y'
Global ID = 91 | from: Cluster_8: 'Z'
Global ID = 92 | from: Cluster_8: 'a'
Global ID = 93 | from: Cluster_8: 'b'
Global ID = 94 | from: Cluster_8: 'c'
Global ID = 95 | from: Cluster_8: 'd'
Global ID = 96 | from: Cluster_8: 'e'
Global ID = 97 | from: Cluster_8: 'f'
Global ID = 98 | from: Cluster_8: 'g'
Global ID = 99 | from: Cluster_8: 'h'
Global ID = 100 | from: Cluster_8: 'i'
Global ID = 101 | from: Cluster_8: 'j'
Global ID = 102 | from: Cluster_8: 'k'
Global ID = 103 | from: Cluster_8: 'l'
Global ID = 104 | from: Cluster_8: 'm'
Global ID = 105 | from: Cluster_8: 'n'
Global ID = 106 | from: Cluster_8: 'o'
Global ID = 107 | from: Cluster_8: 'p'
Global ID = 108 | from: Cluster_8: 'q'
Global ID = 109 | from: Cluster_8: 'r'
Global ID = 110 | from: Cluster_8: 's'
Global ID = 111 | from: Cluster_8: 't'
Global ID = 112 | from: Cluster_8: 'u'
Global ID = 113 | from: Cluster_8: 'v'
Global ID = 114 | from: Cluster_8: 'w'
Global ID = 115 | from: Cluster_8: 'x'
Global ID = 116 | from: Cluster_9: '2'
Global ID = 117 | from: Cluster_9: '3'
Global ID = 118 | from: Cluster_9: '4'
Global ID = 119 | from: Cluster_9: '7'
Global ID = 120 | from: Cluster_9: 'D'
Global ID = 121 | from: Cluster_9: 'F'
Global ID = 122 | from: Cluster_9: 'I'
Global ID = 123 | from: Cluster_9: 'J'
Global ID = 124 | from: Cluster_9: 'K'
Global ID = 125 | from: Cluster_9: 'S'
Global ID = 126 | from: Cluster_9: 'c'
Global ID = 127 | from: Cluster_9: 'd'
Global ID = 128 | from: Cluster_9: 'f'
Global ID = 129 | from: Cluster_9: 'i'
Global ID = 130 | from: Cluster_9: 'm'
Global ID = 131 | from: Cluster_9: 'p'
Global ID = 132 | from: Cluster_9: 's'
Global ID = 133 | from: Cluster_9: 'u'
Global ID = 134 | from: Cluster_9: 'v'
Global ID = 135 | from: Cluster_9: 'w'
Global ID = 136 | from: Cluster_9: 'x'
Global ID = 137 | from: Cluster_9: 'z'
Global ID = 138 | from: Cluster_10: '7'
Global ID = 139 | from: Cluster_10: '9'
Global ID = 140 | from: Cluster_10: 'A'
Global ID = 141 | from: Cluster_10: 'B'
Global ID = 142 | from: Cluster_10: 'D'
Global ID = 143 | from: Cluster_10: 'F'
Global ID = 144 | from: Cluster_10: 'O'
Global ID = 145 | from: Cluster_10: 'b'
Global ID = 146 | from: Cluster_10: 'c'
Global ID = 147 | from: Cluster_10: 'h'
Global ID = 148 | from: Cluster_10: 'l'
Global ID = 149 | from: Cluster_10: 'm'
Global ID = 150 | from: Cluster_10: 'n'
Global ID = 151 | from: Cluster_10: 'p'
Global ID = 152 | from: Cluster_10: 'r'
Global ID = 153 | from: Cluster_10: 'v'
Global ID = 154 | from: Cluster_10: 'z'
Global ID = 155 | from: Cluster_11: 'A'
Global ID = 156 | from: Cluster_11: 'I'
Global ID = 157 | from: Cluster_11: 'J'
Global ID = 158 | from: Cluster_11: 'K'
Global ID = 159 | from: Cluster_11: 'M'
Global ID = 160 | from: Cluster_11: 'N'
Global ID = 161 | from: Cluster_11: 'P'
Global ID = 162 | from: Cluster_11: 'Q'
Global ID = 163 | from: Cluster_11: 'V'
Global ID = 164 | from: Cluster_11: 'Y'
Global ID = 165 | from: Cluster_11: 'a'
Global ID = 166 | from: Cluster_11: 'f'
Global ID = 167 | from: Cluster_11: 'h'
Global ID = 168 | from: Cluster_11: 'k'
Global ID = 169 | from: Cluster_11: 'l'
Global ID = 170 | from: Cluster_11: 'n'
Global ID = 171 | from: Cluster_11: 'r'
Global ID = 172 | from: Cluster_11: 's'
Global ID = 173 | from: Cluster_11: 'u'
Global ID = 174 | from: Cluster_11: 'z'
Global ID = 175 | from: Cluster_12: 'cat'
Global ID = 176 | from: Cluster_12: 'deer'
Global ID = 177 | from: Cluster_12: 'dog'
Global ID = 178 | from: Cluster_12: 'frog'
Global ID = 179 | from: Cluster_12: 'horse'
Global ID = 180 | from: Cluster_12: 'ship'
Global ID = 181 | from: Cluster_12: 'truck'
==================================================


##################################################
Entropy Ratio = 0.35
##################################################

==================================================
Label Mapping Summary:
Global ID = 0  | from: Cluster_0: '5', Cluster_1: '5', Cluster_11: '3', Cluster_2: '5', Cluster_4: '3', Cluster_6: '5', Cluster_7: '5', Cluster_8: '5'
Global ID = 1  | from: Cluster_0: '1', Cluster_1: '2', Cluster_10: 'j', Cluster_11: '1', Cluster_2: '3', Cluster_4: '1', Cluster_5: '1', Cluster_6: '1', Cluster_7: 'l', Cluster_8: 'I', Cluster_9: 'l'
Global ID = 3  | from: Cluster_1: '1', Cluster_3: '1', Cluster_8: '1'
Global ID = 4  | from: Cluster_0: '2', Cluster_1: '3', Cluster_11: 'd', Cluster_3: '3', Cluster_4: '2', Cluster_5: '2', Cluster_7: '2', Cluster_8: '2'
Global ID = 5  | from: Cluster_1: '4', Cluster_10: '6', Cluster_11: 'g', Cluster_2: '9', Cluster_3: '4', Cluster_4: '9', Cluster_5: '4', Cluster_6: '9', Cluster_7: '4', Cluster_8: 'g', Cluster_9: '9'
Global ID = 7  | from: Cluster_1: '8', Cluster_11: '8', Cluster_12: 'automobile', Cluster_7: '8', Cluster_8: '8', Cluster_9: '8'
Global ID = 8  | from: Cluster_10: '0', Cluster_11: 'O', Cluster_12: 'bird', Cluster_3: '0', Cluster_5: '0', Cluster_7: 'D', Cluster_8: 'O', Cluster_9: 'o'
Global ID = 9  | from: Cluster_11: 'T', Cluster_12: 'airplane', Cluster_3: '7', Cluster_5: '7', Cluster_6: '7', Cluster_7: '7', Cluster_9: '7'
Global ID = 10 | from: Cluster_10: 'P', Cluster_11: 'p', Cluster_7: 'P', Cluster_8: 'P'
Global ID = 11 | from: Cluster_10: 'V', Cluster_11: 'v', Cluster_7: 'V', Cluster_8: 'V'
Global ID = 12 | from: Cluster_10: 'C', Cluster_11: 'c', Cluster_7: 'c', Cluster_8: 'C'
Global ID = 13 | from: Cluster_10: 'W', Cluster_11: 'W', Cluster_7: 'W', Cluster_9: 'W'
Global ID = 14 | from: Cluster_11: 'y', Cluster_7: 'Y', Cluster_8: '4', Cluster_9: 'Y'
Global ID = 15 | from: Cluster_10: 'B', Cluster_7: 'B'
Global ID = 16 | from: Cluster_10: 'I', Cluster_7: 'I', Cluster_9: '1'
Global ID = 17 | from: Cluster_10: 's', Cluster_7: 'S'
Global ID = 18 | from: Cluster_10: 'q', Cluster_11: '9', Cluster_7: 'q', Cluster_8: '9'
Global ID = 19 | from: Cluster_10: 'E', Cluster_11: 'E', Cluster_7: 'e'
Global ID = 20 | from: Cluster_10: 'M', Cluster_8: 'H', Cluster_9: 'M'
Global ID = 21 | from: Cluster_8: 'T', Cluster_9: 'T'
Global ID = 22 | from: Cluster_11: 'm', Cluster_8: 'M'
Global ID = 23 | from: Cluster_11: 'Z', Cluster_8: 'z'
Global ID = 24 | from: Cluster_1: '6', Cluster_10: 'G', Cluster_11: '6', Cluster_3: '6', Cluster_5: '6', Cluster_6: '6', Cluster_7: 'b', Cluster_8: '6', Cluster_9: 'G'
Global ID = 25 | from: Cluster_10: 'u', Cluster_9: 'U'
Global ID = 26 | from: Cluster_11: 'k', Cluster_9: 'K'
Global ID = 27 | from: Cluster_11: 'X', Cluster_9: 'X'
Global ID = 28 | from: Cluster_1: '7'
Global ID = 29 | from: Cluster_1: '9'
Global ID = 30 | from: Cluster_2: '4'
Global ID = 31 | from: Cluster_2: '8'
Global ID = 32 | from: Cluster_3: '9'
Global ID = 33 | from: Cluster_4: '0'
Global ID = 34 | from: Cluster_4: '8'
Global ID = 35 | from: Cluster_6: '0'
Global ID = 36 | from: Cluster_6: '2'
Global ID = 37 | from: Cluster_6: '3'
Global ID = 38 | from: Cluster_6: '4'
Global ID = 39 | from: Cluster_6: '8'
Global ID = 40 | from: Cluster_7: '1'
Global ID = 41 | from: Cluster_7: '9'
Global ID = 42 | from: Cluster_7: 'C'
Global ID = 43 | from: Cluster_7: 'F'
Global ID = 44 | from: Cluster_7: 'H'
Global ID = 45 | from: Cluster_7: 'J'
Global ID = 46 | from: Cluster_7: 'K'
Global ID = 47 | from: Cluster_7: 'L'
Global ID = 48 | from: Cluster_7: 'N'
Global ID = 49 | from: Cluster_7: 'O'
Global ID = 50 | from: Cluster_7: 'R'
Global ID = 51 | from: Cluster_7: 'T'
Global ID = 52 | from: Cluster_7: 'U'
Global ID = 53 | from: Cluster_7: 'X'
Global ID = 54 | from: Cluster_7: 'Z'
Global ID = 55 | from: Cluster_7: 'a'
Global ID = 56 | from: Cluster_7: 'd'
Global ID = 57 | from: Cluster_7: 'f'
Global ID = 58 | from: Cluster_7: 'g'
Global ID = 59 | from: Cluster_7: 'h'
Global ID = 60 | from: Cluster_7: 'i'
Global ID = 61 | from: Cluster_7: 'k'
Global ID = 62 | from: Cluster_7: 'm'
Global ID = 63 | from: Cluster_7: 'o'
Global ID = 64 | from: Cluster_7: 'r'
Global ID = 65 | from: Cluster_7: 's'
Global ID = 66 | from: Cluster_7: 'u'
Global ID = 67 | from: Cluster_7: 'w'
Global ID = 68 | from: Cluster_8: '0'
Global ID = 69 | from: Cluster_8: '3'
Global ID = 70 | from: Cluster_8: '7'
Global ID = 71 | from: Cluster_8: 'A'
Global ID = 72 | from: Cluster_8: 'B'
Global ID = 73 | from: Cluster_8: 'D'
Global ID = 74 | from: Cluster_8: 'E'
Global ID = 75 | from: Cluster_8: 'F'
Global ID = 76 | from: Cluster_8: 'G'
Global ID = 77 | from: Cluster_8: 'J'
Global ID = 78 | from: Cluster_8: 'K'
Global ID = 79 | from: Cluster_8: 'L'
Global ID = 80 | from: Cluster_8: 'N'
Global ID = 81 | from: Cluster_8: 'Q'
Global ID = 82 | from: Cluster_8: 'R'
Global ID = 83 | from: Cluster_8: 'S'
Global ID = 84 | from: Cluster_8: 'U'
Global ID = 85 | from: Cluster_8: 'W'
Global ID = 86 | from: Cluster_8: 'X'
Global ID = 87 | from: Cluster_8: 'Y'
Global ID = 88 | from: Cluster_8: 'Z'
Global ID = 89 | from: Cluster_8: 'a'
Global ID = 90 | from: Cluster_8: 'b'
Global ID = 91 | from: Cluster_8: 'c'
Global ID = 92 | from: Cluster_8: 'd'
Global ID = 93 | from: Cluster_8: 'e'
Global ID = 94 | from: Cluster_8: 'f'
Global ID = 95 | from: Cluster_8: 'h'
Global ID = 96 | from: Cluster_8: 'i'
Global ID = 97 | from: Cluster_8: 'j'
Global ID = 98 | from: Cluster_8: 'k'
Global ID = 99 | from: Cluster_8: 'l'
Global ID = 100 | from: Cluster_8: 'm'
Global ID = 101 | from: Cluster_8: 'n'
Global ID = 102 | from: Cluster_8: 'o'
Global ID = 103 | from: Cluster_8: 'p'
Global ID = 104 | from: Cluster_8: 'q'
Global ID = 105 | from: Cluster_8: 'r'
Global ID = 106 | from: Cluster_8: 's'
Global ID = 107 | from: Cluster_8: 't'
Global ID = 108 | from: Cluster_8: 'u'
Global ID = 109 | from: Cluster_8: 'v'
Global ID = 110 | from: Cluster_8: 'w'
Global ID = 111 | from: Cluster_8: 'x'
Global ID = 112 | from: Cluster_8: 'y'
Global ID = 113 | from: Cluster_9: '2'
Global ID = 114 | from: Cluster_9: '3'
Global ID = 115 | from: Cluster_9: '4'
Global ID = 116 | from: Cluster_9: 'D'
Global ID = 117 | from: Cluster_9: 'F'
Global ID = 118 | from: Cluster_9: 'I'
Global ID = 119 | from: Cluster_9: 'J'
Global ID = 120 | from: Cluster_9: 'S'
Global ID = 121 | from: Cluster_9: 'c'
Global ID = 122 | from: Cluster_9: 'd'
Global ID = 123 | from: Cluster_9: 'f'
Global ID = 124 | from: Cluster_9: 'i'
Global ID = 125 | from: Cluster_9: 'm'
Global ID = 126 | from: Cluster_9: 'p'
Global ID = 127 | from: Cluster_9: 's'
Global ID = 128 | from: Cluster_9: 'u'
Global ID = 129 | from: Cluster_9: 'v'
Global ID = 130 | from: Cluster_9: 'w'
Global ID = 131 | from: Cluster_9: 'x'
Global ID = 132 | from: Cluster_9: 'z'
Global ID = 133 | from: Cluster_10: '7'
Global ID = 134 | from: Cluster_10: '9'
Global ID = 135 | from: Cluster_10: 'A'
Global ID = 136 | from: Cluster_10: 'D'
Global ID = 137 | from: Cluster_10: 'F'
Global ID = 138 | from: Cluster_10: 'O'
Global ID = 139 | from: Cluster_10: 'b'
Global ID = 140 | from: Cluster_10: 'c'
Global ID = 141 | from: Cluster_10: 'h'
Global ID = 142 | from: Cluster_10: 'l'
Global ID = 143 | from: Cluster_10: 'm'
Global ID = 144 | from: Cluster_10: 'n'
Global ID = 145 | from: Cluster_10: 'p'
Global ID = 146 | from: Cluster_10: 'r'
Global ID = 147 | from: Cluster_10: 'v'
Global ID = 148 | from: Cluster_10: 'z'
Global ID = 149 | from: Cluster_11: 'A'
Global ID = 150 | from: Cluster_11: 'I'
Global ID = 151 | from: Cluster_11: 'J'
Global ID = 152 | from: Cluster_11: 'K'
Global ID = 153 | from: Cluster_11: 'M'
Global ID = 154 | from: Cluster_11: 'N'
Global ID = 155 | from: Cluster_11: 'P'
Global ID = 156 | from: Cluster_11: 'Q'
Global ID = 157 | from: Cluster_11: 'V'
Global ID = 158 | from: Cluster_11: 'Y'
Global ID = 159 | from: Cluster_11: 'a'
Global ID = 160 | from: Cluster_11: 'f'
Global ID = 161 | from: Cluster_11: 'h'
Global ID = 162 | from: Cluster_11: 'l'
Global ID = 163 | from: Cluster_11: 'n'
Global ID = 164 | from: Cluster_11: 'r'
Global ID = 165 | from: Cluster_11: 's'
Global ID = 166 | from: Cluster_11: 'u'
Global ID = 167 | from: Cluster_11: 'z'
Global ID = 168 | from: Cluster_12: 'cat'
Global ID = 169 | from: Cluster_12: 'deer'
Global ID = 170 | from: Cluster_12: 'dog'
Global ID = 171 | from: Cluster_12: 'frog'
Global ID = 172 | from: Cluster_12: 'horse'
Global ID = 173 | from: Cluster_12: 'ship'
Global ID = 174 | from: Cluster_12: 'truck'
==================================================


##################################################
Entropy Ratio = 0.4
##################################################

==================================================
Label Mapping Summary:
Global ID = 0  | from: Cluster_0: '2', Cluster_1: '2', Cluster_10: '0', Cluster_11: 'd', Cluster_12: 'bird', Cluster_2: '5', Cluster_3: '0', Cluster_4: '2', Cluster_5: '2', Cluster_7: '2', Cluster_8: '2', Cluster_9: 'o'
Global ID = 1  | from: Cluster_0: '5', Cluster_1: '5', Cluster_11: '3', Cluster_2: '8', Cluster_3: '6', Cluster_4: '3', Cluster_5: '0', Cluster_6: '5', Cluster_7: '5', Cluster_8: '5'
Global ID = 2  | from: Cluster_0: '1', Cluster_1: '3', Cluster_10: 'j', Cluster_11: '1', Cluster_2: '3', Cluster_3: '3', Cluster_4: '1', Cluster_5: '1', Cluster_6: '1', Cluster_7: 'l', Cluster_8: 'I', Cluster_9: 'l'
Global ID = 3  | from: Cluster_1: '1', Cluster_3: '1', Cluster_8: '1'
Global ID = 4  | from: Cluster_1: '4', Cluster_10: '6', Cluster_11: 'y', Cluster_2: '4', Cluster_3: '4', Cluster_4: '9', Cluster_5: '4', Cluster_6: '0', Cluster_7: '4', Cluster_8: '4', Cluster_9: 'Y'
Global ID = 5  | from: Cluster_1: '6', Cluster_11: '6', Cluster_5: '6', Cluster_6: '6', Cluster_7: 'b', Cluster_8: 'b'
Global ID = 6  | from: Cluster_1: '8', Cluster_11: '8', Cluster_12: 'automobile', Cluster_7: '8', Cluster_8: '8', Cluster_9: '8'
Global ID = 7  | from: Cluster_10: 'q', Cluster_11: 'g', Cluster_12: 'airplane', Cluster_2: '9', Cluster_3: '7', Cluster_5: '7', Cluster_6: '9', Cluster_7: '7', Cluster_8: 'g', Cluster_9: '9'
Global ID = 8  | from: Cluster_7: 'F', Cluster_8: 'F'
Global ID = 9  | from: Cluster_10: 'P', Cluster_11: 'p', Cluster_7: 'P', Cluster_8: 'P'
Global ID = 10 | from: Cluster_11: 'v', Cluster_7: 'V', Cluster_8: 'V'
Global ID = 11 | from: Cluster_10: 'G', Cluster_11: 'c', Cluster_7: 'c', Cluster_8: 'C', Cluster_9: 'G'
Global ID = 12 | from: Cluster_10: 'E', Cluster_11: 'E', Cluster_7: 'e', Cluster_8: 'e'
Global ID = 13 | from: Cluster_10: 'W', Cluster_11: 'W', Cluster_7: 'W', Cluster_9: 'W'
Global ID = 14 | from: Cluster_10: 'V', Cluster_7: '1'
Global ID = 15 | from: Cluster_10: 'B', Cluster_7: 'B'
Global ID = 16 | from: Cluster_10: 'I', Cluster_7: 'I', Cluster_9: '1'
Global ID = 17 | from: Cluster_10: 's', Cluster_7: 'S'
Global ID = 18 | from: Cluster_10: 'D', Cluster_11: 'O', Cluster_7: 'D', Cluster_8: '0'
Global ID = 19 | from: Cluster_11: '9', Cluster_7: 'q', Cluster_8: '9'
Global ID = 20 | from: Cluster_10: 'M', Cluster_8: 'H', Cluster_9: 'M'
Global ID = 21 | from: Cluster_11: 'T', Cluster_8: 'T', Cluster_9: 'T'
Global ID = 22 | from: Cluster_11: 'm', Cluster_8: 'M'
Global ID = 23 | from: Cluster_11: 'Z', Cluster_8: 'z'
Global ID = 24 | from: Cluster_10: 'F', Cluster_9: 'F'
Global ID = 25 | from: Cluster_10: 'u', Cluster_9: 'U'
Global ID = 26 | from: Cluster_11: 'k', Cluster_9: 'K'
Global ID = 27 | from: Cluster_11: 'X', Cluster_9: 'X'
Global ID = 28 | from: Cluster_10: 'A', Cluster_11: 'A'
Global ID = 29 | from: Cluster_1: '7'
Global ID = 30 | from: Cluster_1: '9'
Global ID = 31 | from: Cluster_3: '9'
Global ID = 32 | from: Cluster_4: '0'
Global ID = 33 | from: Cluster_4: '8'
Global ID = 34 | from: Cluster_6: '2'
Global ID = 35 | from: Cluster_6: '3'
Global ID = 36 | from: Cluster_6: '4'
Global ID = 37 | from: Cluster_6: '7'
Global ID = 38 | from: Cluster_6: '8'
Global ID = 39 | from: Cluster_7: '9'
Global ID = 40 | from: Cluster_7: 'C'
Global ID = 41 | from: Cluster_7: 'H'
Global ID = 42 | from: Cluster_7: 'J'
Global ID = 43 | from: Cluster_7: 'K'
Global ID = 44 | from: Cluster_7: 'L'
Global ID = 45 | from: Cluster_7: 'N'
Global ID = 46 | from: Cluster_7: 'O'
Global ID = 47 | from: Cluster_7: 'R'
Global ID = 48 | from: Cluster_7: 'T'
Global ID = 49 | from: Cluster_7: 'U'
Global ID = 50 | from: Cluster_7: 'X'
Global ID = 51 | from: Cluster_7: 'Y'
Global ID = 52 | from: Cluster_7: 'Z'
Global ID = 53 | from: Cluster_7: 'a'
Global ID = 54 | from: Cluster_7: 'd'
Global ID = 55 | from: Cluster_7: 'f'
Global ID = 56 | from: Cluster_7: 'g'
Global ID = 57 | from: Cluster_7: 'h'
Global ID = 58 | from: Cluster_7: 'i'
Global ID = 59 | from: Cluster_7: 'k'
Global ID = 60 | from: Cluster_7: 'm'
Global ID = 61 | from: Cluster_7: 'o'
Global ID = 62 | from: Cluster_7: 'r'
Global ID = 63 | from: Cluster_7: 's'
Global ID = 64 | from: Cluster_7: 'u'
Global ID = 65 | from: Cluster_7: 'w'
Global ID = 66 | from: Cluster_8: '3'
Global ID = 67 | from: Cluster_8: '6'
Global ID = 68 | from: Cluster_8: '7'
Global ID = 69 | from: Cluster_8: 'A'
Global ID = 70 | from: Cluster_8: 'B'
Global ID = 71 | from: Cluster_8: 'D'
Global ID = 72 | from: Cluster_8: 'E'
Global ID = 73 | from: Cluster_8: 'G'
Global ID = 74 | from: Cluster_8: 'J'
Global ID = 75 | from: Cluster_8: 'K'
Global ID = 76 | from: Cluster_8: 'L'
Global ID = 77 | from: Cluster_8: 'N'
Global ID = 78 | from: Cluster_8: 'O'
Global ID = 79 | from: Cluster_8: 'Q'
Global ID = 80 | from: Cluster_8: 'R'
Global ID = 81 | from: Cluster_8: 'S'
Global ID = 82 | from: Cluster_8: 'U'
Global ID = 83 | from: Cluster_8: 'W'
Global ID = 84 | from: Cluster_8: 'X'
Global ID = 85 | from: Cluster_8: 'Y'
Global ID = 86 | from: Cluster_8: 'Z'
Global ID = 87 | from: Cluster_8: 'a'
Global ID = 88 | from: Cluster_8: 'c'
Global ID = 89 | from: Cluster_8: 'd'
Global ID = 90 | from: Cluster_8: 'f'
Global ID = 91 | from: Cluster_8: 'h'
Global ID = 92 | from: Cluster_8: 'i'
Global ID = 93 | from: Cluster_8: 'j'
Global ID = 94 | from: Cluster_8: 'k'
Global ID = 95 | from: Cluster_8: 'l'
Global ID = 96 | from: Cluster_8: 'm'
Global ID = 97 | from: Cluster_8: 'n'
Global ID = 98 | from: Cluster_8: 'o'
Global ID = 99 | from: Cluster_8: 'p'
Global ID = 100 | from: Cluster_8: 'q'
Global ID = 101 | from: Cluster_8: 'r'
Global ID = 102 | from: Cluster_8: 's'
Global ID = 103 | from: Cluster_8: 't'
Global ID = 104 | from: Cluster_8: 'u'
Global ID = 105 | from: Cluster_8: 'v'
Global ID = 106 | from: Cluster_8: 'w'
Global ID = 107 | from: Cluster_8: 'x'
Global ID = 108 | from: Cluster_8: 'y'
Global ID = 109 | from: Cluster_9: '2'
Global ID = 110 | from: Cluster_9: '3'
Global ID = 111 | from: Cluster_9: '4'
Global ID = 112 | from: Cluster_9: '7'
Global ID = 113 | from: Cluster_9: 'D'
Global ID = 114 | from: Cluster_9: 'I'
Global ID = 115 | from: Cluster_9: 'J'
Global ID = 116 | from: Cluster_9: 'S'
Global ID = 117 | from: Cluster_9: 'c'
Global ID = 118 | from: Cluster_9: 'd'
Global ID = 119 | from: Cluster_9: 'f'
Global ID = 120 | from: Cluster_9: 'i'
Global ID = 121 | from: Cluster_9: 'm'
Global ID = 122 | from: Cluster_9: 'p'
Global ID = 123 | from: Cluster_9: 's'
Global ID = 124 | from: Cluster_9: 'u'
Global ID = 125 | from: Cluster_9: 'v'
Global ID = 126 | from: Cluster_9: 'w'
Global ID = 127 | from: Cluster_9: 'x'
Global ID = 128 | from: Cluster_9: 'z'
Global ID = 129 | from: Cluster_10: '7'
Global ID = 130 | from: Cluster_10: '9'
Global ID = 131 | from: Cluster_10: 'C'
Global ID = 132 | from: Cluster_10: 'O'
Global ID = 133 | from: Cluster_10: 'b'
Global ID = 134 | from: Cluster_10: 'c'
Global ID = 135 | from: Cluster_10: 'h'
Global ID = 136 | from: Cluster_10: 'l'
Global ID = 137 | from: Cluster_10: 'm'
Global ID = 138 | from: Cluster_10: 'n'
Global ID = 139 | from: Cluster_10: 'p'
Global ID = 140 | from: Cluster_10: 'r'
Global ID = 141 | from: Cluster_10: 'v'
Global ID = 142 | from: Cluster_10: 'z'
Global ID = 143 | from: Cluster_11: 'I'
Global ID = 144 | from: Cluster_11: 'J'
Global ID = 145 | from: Cluster_11: 'K'
Global ID = 146 | from: Cluster_11: 'M'
Global ID = 147 | from: Cluster_11: 'N'
Global ID = 148 | from: Cluster_11: 'P'
Global ID = 149 | from: Cluster_11: 'Q'
Global ID = 150 | from: Cluster_11: 'V'
Global ID = 151 | from: Cluster_11: 'Y'
Global ID = 152 | from: Cluster_11: 'a'
Global ID = 153 | from: Cluster_11: 'f'
Global ID = 154 | from: Cluster_11: 'h'
Global ID = 155 | from: Cluster_11: 'l'
Global ID = 156 | from: Cluster_11: 'n'
Global ID = 157 | from: Cluster_11: 'r'
Global ID = 158 | from: Cluster_11: 's'
Global ID = 159 | from: Cluster_11: 'u'
Global ID = 160 | from: Cluster_11: 'z'
Global ID = 161 | from: Cluster_12: 'cat'
Global ID = 162 | from: Cluster_12: 'deer'
Global ID = 163 | from: Cluster_12: 'dog'
Global ID = 164 | from: Cluster_12: 'frog'
Global ID = 165 | from: Cluster_12: 'horse'
Global ID = 166 | from: Cluster_12: 'ship'
Global ID = 167 | from: Cluster_12: 'truck'
==================================================


##################################################
Entropy Ratio = 0.45
##################################################

==================================================
Label Mapping Summary:
Global ID = 0  | from: Cluster_0: '2', Cluster_1: '2', Cluster_10: '0', Cluster_11: 'd', Cluster_12: 'bird', Cluster_2: '5', Cluster_3: '0', Cluster_4: '2', Cluster_5: '2', Cluster_7: '2', Cluster_8: '2', Cluster_9: 'o'
Global ID = 1  | from: Cluster_0: '5', Cluster_1: '5', Cluster_11: 's', Cluster_2: '8', Cluster_3: '6', Cluster_4: '3', Cluster_5: '0', Cluster_6: '5', Cluster_7: 'D', Cluster_8: '5'
Global ID = 2  | from: Cluster_0: '1', Cluster_1: '3', Cluster_10: 'j', Cluster_11: '1', Cluster_2: '3', Cluster_3: '3', Cluster_4: '1', Cluster_5: '1', Cluster_6: '1', Cluster_7: 'l', Cluster_8: '1', Cluster_9: 'l'
Global ID = 3  | from: Cluster_1: '1', Cluster_3: '1'
Global ID = 4  | from: Cluster_1: '4', Cluster_10: '6', Cluster_11: 'y', Cluster_2: '4', Cluster_3: '4', Cluster_4: '9', Cluster_5: '4', Cluster_6: '0', Cluster_7: '4', Cluster_8: 'g', Cluster_9: 'Y'
Global ID = 5  | from: Cluster_1: '6', Cluster_11: '6', Cluster_5: '6', Cluster_6: '6', Cluster_7: 'b', Cluster_8: 'b'
Global ID = 6  | from: Cluster_1: '8', Cluster_11: '8', Cluster_12: 'automobile', Cluster_7: '8', Cluster_8: '8', Cluster_9: '8'
Global ID = 7  | from: Cluster_1: '9', Cluster_10: 'M', Cluster_7: 'N', Cluster_8: 'H', Cluster_9: 'M'
Global ID = 9  | from: Cluster_1: '7', Cluster_10: 'q', Cluster_11: 'g', Cluster_12: 'airplane', Cluster_2: '9', Cluster_3: '7', Cluster_5: '7', Cluster_6: '9', Cluster_7: '7', Cluster_8: '9', Cluster_9: '9'
Global ID = 11 | from: Cluster_10: 's', Cluster_11: '3', Cluster_4: '8', Cluster_6: '3', Cluster_7: '5'
Global ID = 12 | from: Cluster_10: 'F', Cluster_11: 'E', Cluster_7: 'F', Cluster_8: 'F', Cluster_9: 'F'
Global ID = 13 | from: Cluster_10: 'P', Cluster_11: 'p', Cluster_7: 'P', Cluster_8: 'P'
Global ID = 15 | from: Cluster_10: 'G', Cluster_11: 'c', Cluster_7: 'c', Cluster_8: 'C', Cluster_9: 'G'
Global ID = 16 | from: Cluster_10: 'E', Cluster_7: 'e', Cluster_8: 'e'
Global ID = 17 | from: Cluster_10: 'W', Cluster_11: 'W', Cluster_7: 'W', Cluster_9: 'W'
Global ID = 18 | from: Cluster_10: 'V', Cluster_7: '1'
Global ID = 19 | from: Cluster_10: 'B', Cluster_7: 'B'
Global ID = 20 | from: Cluster_10: 'I', Cluster_7: 'I', Cluster_9: '1'
Global ID = 21 | from: Cluster_11: 'V', Cluster_7: 'U'
Global ID = 22 | from: Cluster_11: 'Z', Cluster_7: 'Z', Cluster_8: 'z'
Global ID = 23 | from: Cluster_11: '9', Cluster_7: 'q'
Global ID = 24 | from: Cluster_10: 'r', Cluster_11: 'T', Cluster_8: 'T', Cluster_9: 'T'
Global ID = 25 | from: Cluster_10: 'D', Cluster_11: 'O', Cluster_8: '0'
Global ID = 26 | from: Cluster_11: 'J', Cluster_8: 'J'
Global ID = 27 | from: Cluster_11: 'm', Cluster_8: 'M'
Global ID = 28 | from: Cluster_11: 'n', Cluster_8: 'n'
Global ID = 29 | from: Cluster_10: '7', Cluster_9: '7'
Global ID = 30 | from: Cluster_10: 'u', Cluster_11: 'v', Cluster_7: 'V', Cluster_8: 'V', Cluster_9: 'U'
Global ID = 31 | from: Cluster_11: 'k', Cluster_9: 'K'
Global ID = 32 | from: Cluster_11: 'X', Cluster_9: 'X'
Global ID = 33 | from: Cluster_10: 'A', Cluster_11: 'A'
Global ID = 34 | from: Cluster_3: '9'
Global ID = 35 | from: Cluster_4: '0'
Global ID = 36 | from: Cluster_6: '2'
Global ID = 37 | from: Cluster_6: '4'
Global ID = 38 | from: Cluster_6: '7'
Global ID = 39 | from: Cluster_6: '8'
Global ID = 40 | from: Cluster_7: '9'
Global ID = 41 | from: Cluster_7: 'C'
Global ID = 42 | from: Cluster_7: 'H'
Global ID = 43 | from: Cluster_7: 'J'
Global ID = 44 | from: Cluster_7: 'K'
Global ID = 45 | from: Cluster_7: 'L'
Global ID = 46 | from: Cluster_7: 'O'
Global ID = 47 | from: Cluster_7: 'R'
Global ID = 48 | from: Cluster_7: 'S'
Global ID = 49 | from: Cluster_7: 'T'
Global ID = 50 | from: Cluster_7: 'X'
Global ID = 51 | from: Cluster_7: 'Y'
Global ID = 52 | from: Cluster_7: 'a'
Global ID = 53 | from: Cluster_7: 'd'
Global ID = 54 | from: Cluster_7: 'f'
Global ID = 55 | from: Cluster_7: 'g'
Global ID = 56 | from: Cluster_7: 'h'
Global ID = 57 | from: Cluster_7: 'i'
Global ID = 58 | from: Cluster_7: 'k'
Global ID = 59 | from: Cluster_7: 'm'
Global ID = 60 | from: Cluster_7: 'o'
Global ID = 61 | from: Cluster_7: 'r'
Global ID = 62 | from: Cluster_7: 's'
Global ID = 63 | from: Cluster_7: 'u'
Global ID = 64 | from: Cluster_7: 'w'
Global ID = 65 | from: Cluster_8: '3'
Global ID = 66 | from: Cluster_8: '4'
Global ID = 67 | from: Cluster_8: '6'
Global ID = 68 | from: Cluster_8: '7'
Global ID = 69 | from: Cluster_8: 'A'
Global ID = 70 | from: Cluster_8: 'B'
Global ID = 71 | from: Cluster_8: 'D'
Global ID = 72 | from: Cluster_8: 'E'
Global ID = 73 | from: Cluster_8: 'G'
Global ID = 74 | from: Cluster_8: 'I'
Global ID = 75 | from: Cluster_8: 'K'
Global ID = 76 | from: Cluster_8: 'L'
Global ID = 77 | from: Cluster_8: 'N'
Global ID = 78 | from: Cluster_8: 'O'
Global ID = 79 | from: Cluster_8: 'Q'
Global ID = 80 | from: Cluster_8: 'R'
Global ID = 81 | from: Cluster_8: 'S'
Global ID = 82 | from: Cluster_8: 'U'
Global ID = 83 | from: Cluster_8: 'W'
Global ID = 84 | from: Cluster_8: 'X'
Global ID = 85 | from: Cluster_8: 'Y'
Global ID = 86 | from: Cluster_8: 'Z'
Global ID = 87 | from: Cluster_8: 'a'
Global ID = 88 | from: Cluster_8: 'c'
Global ID = 89 | from: Cluster_8: 'd'
Global ID = 90 | from: Cluster_8: 'f'
Global ID = 91 | from: Cluster_8: 'h'
Global ID = 92 | from: Cluster_8: 'i'
Global ID = 93 | from: Cluster_8: 'j'
Global ID = 94 | from: Cluster_8: 'k'
Global ID = 95 | from: Cluster_8: 'l'
Global ID = 96 | from: Cluster_8: 'm'
Global ID = 97 | from: Cluster_8: 'o'
Global ID = 98 | from: Cluster_8: 'p'
Global ID = 99 | from: Cluster_8: 'q'
Global ID = 100 | from: Cluster_8: 'r'
Global ID = 101 | from: Cluster_8: 's'
Global ID = 102 | from: Cluster_8: 't'
Global ID = 103 | from: Cluster_8: 'u'
Global ID = 104 | from: Cluster_8: 'v'
Global ID = 105 | from: Cluster_8: 'w'
Global ID = 106 | from: Cluster_8: 'x'
Global ID = 107 | from: Cluster_8: 'y'
Global ID = 108 | from: Cluster_9: '2'
Global ID = 109 | from: Cluster_9: '3'
Global ID = 110 | from: Cluster_9: '4'
Global ID = 111 | from: Cluster_9: 'D'
Global ID = 112 | from: Cluster_9: 'I'
Global ID = 113 | from: Cluster_9: 'J'
Global ID = 114 | from: Cluster_9: 'S'
Global ID = 115 | from: Cluster_9: 'c'
Global ID = 116 | from: Cluster_9: 'd'
Global ID = 117 | from: Cluster_9: 'f'
Global ID = 118 | from: Cluster_9: 'i'
Global ID = 119 | from: Cluster_9: 'm'
Global ID = 120 | from: Cluster_9: 'p'
Global ID = 121 | from: Cluster_9: 's'
Global ID = 122 | from: Cluster_9: 'u'
Global ID = 123 | from: Cluster_9: 'v'
Global ID = 124 | from: Cluster_9: 'w'
Global ID = 125 | from: Cluster_9: 'x'
Global ID = 126 | from: Cluster_9: 'z'
Global ID = 127 | from: Cluster_10: '9'
Global ID = 128 | from: Cluster_10: 'C'
Global ID = 129 | from: Cluster_10: 'O'
Global ID = 130 | from: Cluster_10: 'b'
Global ID = 131 | from: Cluster_10: 'c'
Global ID = 132 | from: Cluster_10: 'h'
Global ID = 133 | from: Cluster_10: 'l'
Global ID = 134 | from: Cluster_10: 'm'
Global ID = 135 | from: Cluster_10: 'n'
Global ID = 136 | from: Cluster_10: 'p'
Global ID = 137 | from: Cluster_10: 'v'
Global ID = 138 | from: Cluster_10: 'z'
Global ID = 139 | from: Cluster_11: 'I'
Global ID = 140 | from: Cluster_11: 'K'
Global ID = 141 | from: Cluster_11: 'M'
Global ID = 142 | from: Cluster_11: 'N'
Global ID = 143 | from: Cluster_11: 'P'
Global ID = 144 | from: Cluster_11: 'Q'
Global ID = 145 | from: Cluster_11: 'Y'
Global ID = 146 | from: Cluster_11: 'a'
Global ID = 147 | from: Cluster_11: 'f'
Global ID = 148 | from: Cluster_11: 'h'
Global ID = 149 | from: Cluster_11: 'l'
Global ID = 150 | from: Cluster_11: 'r'
Global ID = 151 | from: Cluster_11: 'u'
Global ID = 152 | from: Cluster_11: 'z'
Global ID = 153 | from: Cluster_12: 'cat'
Global ID = 154 | from: Cluster_12: 'deer'
Global ID = 155 | from: Cluster_12: 'dog'
Global ID = 156 | from: Cluster_12: 'frog'
Global ID = 157 | from: Cluster_12: 'horse'
Global ID = 158 | from: Cluster_12: 'ship'
Global ID = 159 | from: Cluster_12: 'truck'
==================================================


##################################################
Entropy Ratio = 0.5
##################################################

==================================================
Label Mapping Summary:
Global ID = 1  | from: Cluster_0: '5', Cluster_1: '5', Cluster_10: '6', Cluster_11: 's', Cluster_2: '8', Cluster_3: '6', Cluster_4: '3', Cluster_6: '5', Cluster_7: 'q', Cluster_8: '5', Cluster_9: '4'
Global ID = 2  | from: Cluster_0: '1', Cluster_1: '3', Cluster_10: 'j', Cluster_11: '1', Cluster_2: '3', Cluster_3: '1', Cluster_4: '1', Cluster_5: '1', Cluster_6: '1', Cluster_7: 'l', Cluster_8: '1', Cluster_9: 'l'
Global ID = 3  | from: Cluster_1: '4', Cluster_11: 'y', Cluster_2: '4', Cluster_3: '4', Cluster_4: '9', Cluster_5: '4', Cluster_6: '4', Cluster_7: '4', Cluster_8: '4', Cluster_9: 'Y'
Global ID = 4  | from: Cluster_1: '6', Cluster_11: '6', Cluster_5: '6', Cluster_6: '6', Cluster_7: 'b', Cluster_8: 'b'
Global ID = 5  | from: Cluster_1: '8', Cluster_11: '8', Cluster_12: 'automobile', Cluster_7: '8', Cluster_8: '8', Cluster_9: '8'
Global ID = 6  | from: Cluster_1: '9', Cluster_10: 'M', Cluster_7: 'C', Cluster_8: 'H', Cluster_9: 'M'
Global ID = 8  | from: Cluster_0: '2', Cluster_1: '2', Cluster_11: 'd', Cluster_2: '5', Cluster_3: '3', Cluster_4: '2', Cluster_5: '2', Cluster_7: '2', Cluster_8: '2'
Global ID = 9  | from: Cluster_1: '7', Cluster_10: 'q', Cluster_11: 'g', Cluster_2: '9', Cluster_3: '7', Cluster_4: '0', Cluster_5: '7', Cluster_6: '9', Cluster_7: '9', Cluster_8: '9', Cluster_9: '9'
Global ID = 10 | from: Cluster_10: '0', Cluster_11: 'O', Cluster_12: 'bird', Cluster_3: '0', Cluster_5: '0', Cluster_7: 'D', Cluster_8: 'O', Cluster_9: 'o'
Global ID = 12 | from: Cluster_10: 's', Cluster_11: '3', Cluster_4: '8', Cluster_6: '3', Cluster_7: '5'
Global ID = 13 | from: Cluster_10: '7', Cluster_11: 'T', Cluster_12: 'airplane', Cluster_6: '7', Cluster_7: '7', Cluster_9: '7'
Global ID = 14 | from: Cluster_10: 'F', Cluster_11: 'E', Cluster_7: 'F', Cluster_8: 'F'
Global ID = 15 | from: Cluster_10: 'G', Cluster_11: 'k', Cluster_7: 'L', Cluster_8: 'C', Cluster_9: 'G'
Global ID = 16 | from: Cluster_10: 'P', Cluster_11: 'p', Cluster_7: 'P', Cluster_8: 'P'
Global ID = 17 | from: Cluster_11: 'v', Cluster_7: 'V', Cluster_8: 'V'
Global ID = 18 | from: Cluster_10: 'E', Cluster_7: 'e', Cluster_8: 'e'
Global ID = 19 | from: Cluster_10: 'u', Cluster_11: 'V', Cluster_7: 'U', Cluster_9: 'U'
Global ID = 20 | from: Cluster_10: 'W', Cluster_11: 'W', Cluster_7: 'W', Cluster_9: 'W'
Global ID = 21 | from: Cluster_10: 'V', Cluster_7: '1', Cluster_9: 's'
Global ID = 22 | from: Cluster_10: 'B', Cluster_7: 'B'
Global ID = 23 | from: Cluster_10: 'I', Cluster_7: 'I', Cluster_9: '1'
Global ID = 24 | from: Cluster_11: 'Z', Cluster_7: 'Z', Cluster_8: 'Z'
Global ID = 25 | from: Cluster_10: 'C', Cluster_11: 'c', Cluster_7: 'c'
Global ID = 26 | from: Cluster_8: 'T', Cluster_9: 'T'
Global ID = 27 | from: Cluster_11: 'r', Cluster_8: 'r', Cluster_9: 'F'
Global ID = 28 | from: Cluster_11: 'J', Cluster_8: 'J'
Global ID = 29 | from: Cluster_11: 'm', Cluster_8: 'M'
Global ID = 30 | from: Cluster_11: 'n', Cluster_8: 'n'
Global ID = 31 | from: Cluster_10: 'c', Cluster_9: 'z'
Global ID = 32 | from: Cluster_11: 'X', Cluster_9: 'X'
Global ID = 33 | from: Cluster_10: 'A', Cluster_11: 'A'
Global ID = 34 | from: Cluster_1: '1'
Global ID = 35 | from: Cluster_3: '9'
Global ID = 36 | from: Cluster_6: '0'
Global ID = 37 | from: Cluster_6: '2'
Global ID = 38 | from: Cluster_6: '8'
Global ID = 39 | from: Cluster_7: 'H'
Global ID = 40 | from: Cluster_7: 'J'
Global ID = 41 | from: Cluster_7: 'K'
Global ID = 42 | from: Cluster_7: 'N'
Global ID = 43 | from: Cluster_7: 'O'
Global ID = 44 | from: Cluster_7: 'R'
Global ID = 45 | from: Cluster_7: 'S'
Global ID = 46 | from: Cluster_7: 'T'
Global ID = 47 | from: Cluster_7: 'X'
Global ID = 48 | from: Cluster_7: 'Y'
Global ID = 49 | from: Cluster_7: 'a'
Global ID = 50 | from: Cluster_7: 'd'
Global ID = 51 | from: Cluster_7: 'f'
Global ID = 52 | from: Cluster_7: 'g'
Global ID = 53 | from: Cluster_7: 'h'
Global ID = 54 | from: Cluster_7: 'i'
Global ID = 55 | from: Cluster_7: 'k'
Global ID = 56 | from: Cluster_7: 'm'
Global ID = 57 | from: Cluster_7: 'o'
Global ID = 58 | from: Cluster_7: 'r'
Global ID = 59 | from: Cluster_7: 's'
Global ID = 60 | from: Cluster_7: 'u'
Global ID = 61 | from: Cluster_7: 'w'
Global ID = 62 | from: Cluster_8: '0'
Global ID = 63 | from: Cluster_8: '3'
Global ID = 64 | from: Cluster_8: '6'
Global ID = 65 | from: Cluster_8: '7'
Global ID = 66 | from: Cluster_8: 'A'
Global ID = 67 | from: Cluster_8: 'B'
Global ID = 68 | from: Cluster_8: 'D'
Global ID = 69 | from: Cluster_8: 'E'
Global ID = 70 | from: Cluster_8: 'G'
Global ID = 71 | from: Cluster_8: 'I'
Global ID = 72 | from: Cluster_8: 'K'
Global ID = 73 | from: Cluster_8: 'L'
Global ID = 74 | from: Cluster_8: 'N'
Global ID = 75 | from: Cluster_8: 'Q'
Global ID = 76 | from: Cluster_8: 'R'
Global ID = 77 | from: Cluster_8: 'S'
Global ID = 78 | from: Cluster_8: 'U'
Global ID = 79 | from: Cluster_8: 'W'
Global ID = 80 | from: Cluster_8: 'X'
Global ID = 81 | from: Cluster_8: 'Y'
Global ID = 82 | from: Cluster_8: 'a'
Global ID = 83 | from: Cluster_8: 'c'
Global ID = 84 | from: Cluster_8: 'd'
Global ID = 85 | from: Cluster_8: 'f'
Global ID = 86 | from: Cluster_8: 'g'
Global ID = 87 | from: Cluster_8: 'h'
Global ID = 88 | from: Cluster_8: 'i'
Global ID = 89 | from: Cluster_8: 'j'
Global ID = 90 | from: Cluster_8: 'k'
Global ID = 91 | from: Cluster_8: 'l'
Global ID = 92 | from: Cluster_8: 'm'
Global ID = 93 | from: Cluster_8: 'o'
Global ID = 94 | from: Cluster_8: 'p'
Global ID = 95 | from: Cluster_8: 'q'
Global ID = 96 | from: Cluster_8: 's'
Global ID = 97 | from: Cluster_8: 't'
Global ID = 98 | from: Cluster_8: 'u'
Global ID = 99 | from: Cluster_8: 'v'
Global ID = 100 | from: Cluster_8: 'w'
Global ID = 101 | from: Cluster_8: 'x'
Global ID = 102 | from: Cluster_8: 'y'
Global ID = 103 | from: Cluster_8: 'z'
Global ID = 104 | from: Cluster_9: '2'
Global ID = 105 | from: Cluster_9: '3'
Global ID = 106 | from: Cluster_9: 'D'
Global ID = 107 | from: Cluster_9: 'I'
Global ID = 108 | from: Cluster_9: 'J'
Global ID = 109 | from: Cluster_9: 'K'
Global ID = 110 | from: Cluster_9: 'S'
Global ID = 111 | from: Cluster_9: 'c'
Global ID = 112 | from: Cluster_9: 'd'
Global ID = 113 | from: Cluster_9: 'f'
Global ID = 114 | from: Cluster_9: 'i'
Global ID = 115 | from: Cluster_9: 'm'
Global ID = 116 | from: Cluster_9: 'p'
Global ID = 117 | from: Cluster_9: 'u'
Global ID = 118 | from: Cluster_9: 'v'
Global ID = 119 | from: Cluster_9: 'w'
Global ID = 120 | from: Cluster_9: 'x'
Global ID = 121 | from: Cluster_10: '9'
Global ID = 122 | from: Cluster_10: 'D'
Global ID = 123 | from: Cluster_10: 'O'
Global ID = 124 | from: Cluster_10: 'b'
Global ID = 125 | from: Cluster_10: 'h'
Global ID = 126 | from: Cluster_10: 'l'
Global ID = 127 | from: Cluster_10: 'm'
Global ID = 128 | from: Cluster_10: 'n'
Global ID = 129 | from: Cluster_10: 'p'
Global ID = 130 | from: Cluster_10: 'r'
Global ID = 131 | from: Cluster_10: 'v'
Global ID = 132 | from: Cluster_10: 'z'
Global ID = 133 | from: Cluster_11: '9'
Global ID = 134 | from: Cluster_11: 'I'
Global ID = 135 | from: Cluster_11: 'K'
Global ID = 136 | from: Cluster_11: 'M'
Global ID = 137 | from: Cluster_11: 'N'
Global ID = 138 | from: Cluster_11: 'P'
Global ID = 139 | from: Cluster_11: 'Q'
Global ID = 140 | from: Cluster_11: 'Y'
Global ID = 141 | from: Cluster_11: 'a'
Global ID = 142 | from: Cluster_11: 'f'
Global ID = 143 | from: Cluster_11: 'h'
Global ID = 144 | from: Cluster_11: 'l'
Global ID = 145 | from: Cluster_11: 'u'
Global ID = 146 | from: Cluster_11: 'z'
Global ID = 147 | from: Cluster_12: 'cat'
Global ID = 148 | from: Cluster_12: 'deer'
Global ID = 149 | from: Cluster_12: 'dog'
Global ID = 150 | from: Cluster_12: 'frog'
Global ID = 151 | from: Cluster_12: 'horse'
Global ID = 152 | from: Cluster_12: 'ship'
Global ID = 153 | from: Cluster_12: 'truck'
==================================================


##################################################
Entropy Ratio = 0.55
##################################################

==================================================
Label Mapping Summary:
Global ID = 2  | from: Cluster_0: '1', Cluster_1: '3', Cluster_10: 'j', Cluster_11: '1', Cluster_2: '3', Cluster_3: '1', Cluster_4: '1', Cluster_5: '1', Cluster_6: '1', Cluster_7: 'l', Cluster_8: '1', Cluster_9: 'l'
Global ID = 3  | from: Cluster_1: '4', Cluster_10: 'q', Cluster_11: 'g', Cluster_2: '4', Cluster_3: '4', Cluster_4: '9', Cluster_5: '4', Cluster_6: '0', Cluster_7: '4', Cluster_8: '9', Cluster_9: '9'
Global ID = 4  | from: Cluster_1: '6', Cluster_11: '6', Cluster_5: '6', Cluster_6: '6', Cluster_7: 'b', Cluster_8: 'Q', Cluster_9: 'o'
Global ID = 5  | from: Cluster_1: '8', Cluster_11: '8', Cluster_12: 'airplane', Cluster_7: '8', Cluster_8: '8', Cluster_9: '8'
Global ID = 6  | from: Cluster_1: '9', Cluster_10: 'M', Cluster_7: 'C', Cluster_8: 'H', Cluster_9: 'M'
Global ID = 7  | from: Cluster_0: '2', Cluster_1: '2', Cluster_10: 's', Cluster_11: 'd', Cluster_2: '5', Cluster_3: '3', Cluster_4: '2', Cluster_5: '2', Cluster_6: '5', Cluster_7: '2', Cluster_9: '7'
Global ID = 9  | from: Cluster_0: '5', Cluster_1: '5', Cluster_10: '6', Cluster_11: 's', Cluster_2: '8', Cluster_3: '6', Cluster_4: '0', Cluster_6: '3', Cluster_7: 'q', Cluster_8: '5', Cluster_9: '4'
Global ID = 10 | from: Cluster_10: '0', Cluster_11: 'O', Cluster_12: 'bird', Cluster_3: '0', Cluster_5: '0', Cluster_7: 'D', Cluster_8: 'O', Cluster_9: '2'
Global ID = 11 | from: Cluster_11: '3', Cluster_4: '3', Cluster_6: '8', Cluster_7: 'S'
Global ID = 12 | from: Cluster_6: '2', Cluster_7: '5'
Global ID = 13 | from: Cluster_10: '7', Cluster_12: 'automobile', Cluster_6: '7', Cluster_7: '7'
Global ID = 15 | from: Cluster_10: 'F', Cluster_11: 'E', Cluster_7: 'F', Cluster_8: 'F'
Global ID = 16 | from: Cluster_10: 'G', Cluster_11: 'k', Cluster_7: 'L', Cluster_8: 'C', Cluster_9: 'G'
Global ID = 17 | from: Cluster_10: 'P', Cluster_11: 'p', Cluster_7: 'P', Cluster_8: 'P'
Global ID = 18 | from: Cluster_11: 'v', Cluster_7: 'V', Cluster_8: 'V'
Global ID = 19 | from: Cluster_10: 'E', Cluster_7: 'e', Cluster_8: 'e'
Global ID = 20 | from: Cluster_10: 'u', Cluster_11: 'V', Cluster_7: 'U', Cluster_8: 'u', Cluster_9: 'U'
Global ID = 21 | from: Cluster_10: 'W', Cluster_11: 'W', Cluster_7: 'W', Cluster_9: 'W'
Global ID = 22 | from: Cluster_11: 'y', Cluster_6: '4', Cluster_7: 'Y', Cluster_8: '4', Cluster_9: 'Y'
Global ID = 23 | from: Cluster_10: 'V', Cluster_7: '1', Cluster_9: 's'
Global ID = 24 | from: Cluster_10: 'B', Cluster_7: 'B'
Global ID = 25 | from: Cluster_10: 'I', Cluster_7: 'I', Cluster_9: '1'
Global ID = 26 | from: Cluster_10: 'A', Cluster_11: 'A', Cluster_7: 'R'
Global ID = 27 | from: Cluster_11: 'Z', Cluster_7: 'Z', Cluster_8: 'Z'
Global ID = 28 | from: Cluster_11: 'Q', Cluster_7: 'a'
Global ID = 29 | from: Cluster_10: 'C', Cluster_11: 'c', Cluster_7: 'c'
Global ID = 30 | from: Cluster_12: 'dog', Cluster_7: 'd'
Global ID = 31 | from: Cluster_10: 'r', Cluster_11: 'T', Cluster_2: '9', Cluster_3: '7', Cluster_5: '7', Cluster_6: '9', Cluster_8: 'T', Cluster_9: 'T'
Global ID = 32 | from: Cluster_11: 'r', Cluster_8: 'r', Cluster_9: 'F'
Global ID = 33 | from: Cluster_11: 'J', Cluster_8: 'J'
Global ID = 34 | from: Cluster_11: 'm', Cluster_8: 'M'
Global ID = 35 | from: Cluster_11: 'a', Cluster_8: 'a'
Global ID = 36 | from: Cluster_11: 'n', Cluster_8: 'n'
Global ID = 37 | from: Cluster_10: 'c', Cluster_9: 'z'
Global ID = 38 | from: Cluster_11: 'X', Cluster_9: 'X'
Global ID = 39 | from: Cluster_1: '1'
Global ID = 40 | from: Cluster_1: '7'
Global ID = 41 | from: Cluster_3: '9'
Global ID = 42 | from: Cluster_4: '8'
Global ID = 43 | from: Cluster_7: '9'
Global ID = 44 | from: Cluster_7: 'H'
Global ID = 45 | from: Cluster_7: 'J'
Global ID = 46 | from: Cluster_7: 'K'
Global ID = 47 | from: Cluster_7: 'N'
Global ID = 48 | from: Cluster_7: 'O'
Global ID = 49 | from: Cluster_7: 'T'
Global ID = 50 | from: Cluster_7: 'X'
Global ID = 51 | from: Cluster_7: 'f'
Global ID = 52 | from: Cluster_7: 'g'
Global ID = 53 | from: Cluster_7: 'h'
Global ID = 54 | from: Cluster_7: 'i'
Global ID = 55 | from: Cluster_7: 'k'
Global ID = 56 | from: Cluster_7: 'm'
Global ID = 57 | from: Cluster_7: 'o'
Global ID = 58 | from: Cluster_7: 'r'
Global ID = 59 | from: Cluster_7: 's'
Global ID = 60 | from: Cluster_7: 'u'
Global ID = 61 | from: Cluster_7: 'w'
Global ID = 62 | from: Cluster_8: '0'
Global ID = 63 | from: Cluster_8: '2'
Global ID = 64 | from: Cluster_8: '3'
Global ID = 65 | from: Cluster_8: '6'
Global ID = 66 | from: Cluster_8: '7'
Global ID = 67 | from: Cluster_8: 'A'
Global ID = 68 | from: Cluster_8: 'B'
Global ID = 69 | from: Cluster_8: 'D'
Global ID = 70 | from: Cluster_8: 'E'
Global ID = 71 | from: Cluster_8: 'G'
Global ID = 72 | from: Cluster_8: 'I'
Global ID = 73 | from: Cluster_8: 'K'
Global ID = 74 | from: Cluster_8: 'L'
Global ID = 75 | from: Cluster_8: 'N'
Global ID = 76 | from: Cluster_8: 'R'
Global ID = 77 | from: Cluster_8: 'S'
Global ID = 78 | from: Cluster_8: 'U'
Global ID = 79 | from: Cluster_8: 'W'
Global ID = 80 | from: Cluster_8: 'X'
Global ID = 81 | from: Cluster_8: 'Y'
Global ID = 82 | from: Cluster_8: 'b'
Global ID = 83 | from: Cluster_8: 'c'
Global ID = 84 | from: Cluster_8: 'd'
Global ID = 85 | from: Cluster_8: 'f'
Global ID = 86 | from: Cluster_8: 'g'
Global ID = 87 | from: Cluster_8: 'h'
Global ID = 88 | from: Cluster_8: 'i'
Global ID = 89 | from: Cluster_8: 'j'
Global ID = 90 | from: Cluster_8: 'k'
Global ID = 91 | from: Cluster_8: 'l'
Global ID = 92 | from: Cluster_8: 'm'
Global ID = 93 | from: Cluster_8: 'o'
Global ID = 94 | from: Cluster_8: 'p'
Global ID = 95 | from: Cluster_8: 'q'
Global ID = 96 | from: Cluster_8: 's'
Global ID = 97 | from: Cluster_8: 't'
Global ID = 98 | from: Cluster_8: 'v'
Global ID = 99 | from: Cluster_8: 'w'
Global ID = 100 | from: Cluster_8: 'x'
Global ID = 101 | from: Cluster_8: 'y'
Global ID = 102 | from: Cluster_8: 'z'
Global ID = 103 | from: Cluster_9: '3'
Global ID = 104 | from: Cluster_9: 'D'
Global ID = 105 | from: Cluster_9: 'I'
Global ID = 106 | from: Cluster_9: 'J'
Global ID = 107 | from: Cluster_9: 'K'
Global ID = 108 | from: Cluster_9: 'S'
Global ID = 109 | from: Cluster_9: 'c'
Global ID = 110 | from: Cluster_9: 'd'
Global ID = 111 | from: Cluster_9: 'f'
Global ID = 112 | from: Cluster_9: 'i'
Global ID = 113 | from: Cluster_9: 'm'
Global ID = 114 | from: Cluster_9: 'p'
Global ID = 115 | from: Cluster_9: 'u'
Global ID = 116 | from: Cluster_9: 'v'
Global ID = 117 | from: Cluster_9: 'w'
Global ID = 118 | from: Cluster_9: 'x'
Global ID = 119 | from: Cluster_10: '9'
Global ID = 120 | from: Cluster_10: 'D'
Global ID = 121 | from: Cluster_10: 'O'
Global ID = 122 | from: Cluster_10: 'b'
Global ID = 123 | from: Cluster_10: 'h'
Global ID = 124 | from: Cluster_10: 'l'
Global ID = 125 | from: Cluster_10: 'm'
Global ID = 126 | from: Cluster_10: 'n'
Global ID = 127 | from: Cluster_10: 'p'
Global ID = 128 | from: Cluster_10: 'v'
Global ID = 129 | from: Cluster_10: 'z'
Global ID = 130 | from: Cluster_11: '9'
Global ID = 131 | from: Cluster_11: 'I'
Global ID = 132 | from: Cluster_11: 'K'
Global ID = 133 | from: Cluster_11: 'M'
Global ID = 134 | from: Cluster_11: 'N'
Global ID = 135 | from: Cluster_11: 'P'
Global ID = 136 | from: Cluster_11: 'Y'
Global ID = 137 | from: Cluster_11: 'f'
Global ID = 138 | from: Cluster_11: 'h'
Global ID = 139 | from: Cluster_11: 'l'
Global ID = 140 | from: Cluster_11: 'u'
Global ID = 141 | from: Cluster_11: 'z'
Global ID = 142 | from: Cluster_12: 'cat'
Global ID = 143 | from: Cluster_12: 'deer'
Global ID = 144 | from: Cluster_12: 'frog'
Global ID = 145 | from: Cluster_12: 'horse'
Global ID = 146 | from: Cluster_12: 'ship'
Global ID = 147 | from: Cluster_12: 'truck'
==================================================


##################################################
Entropy Ratio = 0.6
##################################################

==================================================
Label Mapping Summary:
Global ID = 1  | from: Cluster_0: '5', Cluster_1: '5', Cluster_10: '6', Cluster_11: 's', Cluster_3: '6', Cluster_4: '0', Cluster_6: '3', Cluster_7: 'S', Cluster_8: '5', Cluster_9: 'G'
Global ID = 2  | from: Cluster_0: '1', Cluster_1: '1', Cluster_10: 'j', Cluster_11: '1', Cluster_2: '3', Cluster_3: '1', Cluster_4: '1', Cluster_5: '1', Cluster_6: '1', Cluster_7: 'l', Cluster_8: '1', Cluster_9: 'l'
Global ID = 3  | from: Cluster_1: '8', Cluster_11: '8', Cluster_12: 'airplane', Cluster_2: '8', Cluster_7: '8', Cluster_8: '8', Cluster_9: '8'
Global ID = 4  | from: Cluster_1: '4', Cluster_10: 'q', Cluster_11: 'g', Cluster_2: '4', Cluster_3: '4', Cluster_4: '9', Cluster_5: '4', Cluster_6: '4', Cluster_7: '4', Cluster_8: '9', Cluster_9: '9'
Global ID = 6  | from: Cluster_1: '9', Cluster_10: 'M', Cluster_11: 'T', Cluster_2: '9', Cluster_3: '7', Cluster_5: '7', Cluster_6: '9', Cluster_7: 'C', Cluster_8: 'H', Cluster_9: 'M'
Global ID = 7  | from: Cluster_1: '7', Cluster_6: '2', Cluster_7: '5'
Global ID = 8  | from: Cluster_1: '3', Cluster_10: '7', Cluster_11: '3', Cluster_12: 'horse', Cluster_4: '3', Cluster_6: '7', Cluster_7: '7', Cluster_9: '7'
Global ID = 9  | from: Cluster_0: '2', Cluster_1: '2', Cluster_10: 's', Cluster_11: 'd', Cluster_2: '5', Cluster_3: '3', Cluster_4: '2', Cluster_5: '2', Cluster_6: '5', Cluster_7: '2'
Global ID = 10 | from: Cluster_10: '0', Cluster_11: 'O', Cluster_12: 'automobile', Cluster_3: '0', Cluster_5: '0', Cluster_7: 'D', Cluster_8: 'O', Cluster_9: '2'
Global ID = 11 | from: Cluster_11: '9', Cluster_6: '0', Cluster_7: 'q'
Global ID = 12 | from: Cluster_10: 'F', Cluster_11: 'E', Cluster_7: 'F', Cluster_8: 'F'
Global ID = 13 | from: Cluster_11: 'k', Cluster_7: 'L', Cluster_8: 'C', Cluster_9: 'K'
Global ID = 14 | from: Cluster_10: 'P', Cluster_11: 'p', Cluster_7: 'P', Cluster_8: 'P'
Global ID = 15 | from: Cluster_11: 'v', Cluster_7: 'V', Cluster_8: 'V'
Global ID = 16 | from: Cluster_1: '6', Cluster_10: 'G', Cluster_11: '6', Cluster_5: '6', Cluster_6: '6', Cluster_7: 'a', Cluster_8: 'a', Cluster_9: 'o'
Global ID = 17 | from: Cluster_10: 'E', Cluster_7: 'e', Cluster_8: 'e'
Global ID = 18 | from: Cluster_10: 'u', Cluster_11: 'V', Cluster_7: 'U', Cluster_8: 'u', Cluster_9: 'U'
Global ID = 19 | from: Cluster_10: 'W', Cluster_11: 'W', Cluster_7: 'W', Cluster_9: 'W'
Global ID = 20 | from: Cluster_11: 'y', Cluster_7: 'Y', Cluster_8: '4', Cluster_9: 'Y'
Global ID = 21 | from: Cluster_10: 'V', Cluster_7: '1', Cluster_9: 's'
Global ID = 22 | from: Cluster_10: 'B', Cluster_7: 'B'
Global ID = 23 | from: Cluster_10: 'I', Cluster_7: 'I', Cluster_9: '1'
Global ID = 24 | from: Cluster_10: 'A', Cluster_11: 'A', Cluster_7: 'R'
Global ID = 25 | from: Cluster_11: 'Z', Cluster_7: 'Z', Cluster_8: 'Z'
Global ID = 26 | from: Cluster_10: 'C', Cluster_11: 'c', Cluster_7: 'c'
Global ID = 27 | from: Cluster_8: 'T', Cluster_9: 'T'
Global ID = 28 | from: Cluster_8: 'X', Cluster_9: 'x'
Global ID = 29 | from: Cluster_11: 'r', Cluster_8: 'r', Cluster_9: 'F'
Global ID = 30 | from: Cluster_11: 'J', Cluster_8: 'J'
Global ID = 31 | from: Cluster_11: 'm', Cluster_8: 'M'
Global ID = 32 | from: Cluster_11: 'n', Cluster_8: 'n'
Global ID = 33 | from: Cluster_10: 'c', Cluster_9: 'z'
Global ID = 34 | from: Cluster_11: 'X', Cluster_9: 'X'
Global ID = 35 | from: Cluster_3: '9'
Global ID = 36 | from: Cluster_4: '8'
Global ID = 37 | from: Cluster_6: '8'
Global ID = 38 | from: Cluster_7: '9'
Global ID = 39 | from: Cluster_7: 'H'
Global ID = 40 | from: Cluster_7: 'J'
Global ID = 41 | from: Cluster_7: 'K'
Global ID = 42 | from: Cluster_7: 'N'
Global ID = 43 | from: Cluster_7: 'O'
Global ID = 44 | from: Cluster_7: 'T'
Global ID = 45 | from: Cluster_7: 'X'
Global ID = 46 | from: Cluster_7: 'b'
Global ID = 47 | from: Cluster_7: 'd'
Global ID = 48 | from: Cluster_7: 'f'
Global ID = 49 | from: Cluster_7: 'g'
Global ID = 50 | from: Cluster_7: 'h'
Global ID = 51 | from: Cluster_7: 'i'
Global ID = 52 | from: Cluster_7: 'k'
Global ID = 53 | from: Cluster_7: 'm'
Global ID = 54 | from: Cluster_7: 'o'
Global ID = 55 | from: Cluster_7: 'r'
Global ID = 56 | from: Cluster_7: 's'
Global ID = 57 | from: Cluster_7: 'u'
Global ID = 58 | from: Cluster_7: 'w'
Global ID = 59 | from: Cluster_8: '0'
Global ID = 60 | from: Cluster_8: '2'
Global ID = 61 | from: Cluster_8: '3'
Global ID = 62 | from: Cluster_8: '6'
Global ID = 63 | from: Cluster_8: '7'
Global ID = 64 | from: Cluster_8: 'A'
Global ID = 65 | from: Cluster_8: 'B'
Global ID = 66 | from: Cluster_8: 'D'
Global ID = 67 | from: Cluster_8: 'E'
Global ID = 68 | from: Cluster_8: 'G'
Global ID = 69 | from: Cluster_8: 'I'
Global ID = 70 | from: Cluster_8: 'K'
Global ID = 71 | from: Cluster_8: 'L'
Global ID = 72 | from: Cluster_8: 'N'
Global ID = 73 | from: Cluster_8: 'Q'
Global ID = 74 | from: Cluster_8: 'R'
Global ID = 75 | from: Cluster_8: 'S'
Global ID = 76 | from: Cluster_8: 'U'
Global ID = 77 | from: Cluster_8: 'W'
Global ID = 78 | from: Cluster_8: 'Y'
Global ID = 79 | from: Cluster_8: 'b'
Global ID = 80 | from: Cluster_8: 'c'
Global ID = 81 | from: Cluster_8: 'd'
Global ID = 82 | from: Cluster_8: 'f'
Global ID = 83 | from: Cluster_8: 'g'
Global ID = 84 | from: Cluster_8: 'h'
Global ID = 85 | from: Cluster_8: 'i'
Global ID = 86 | from: Cluster_8: 'j'
Global ID = 87 | from: Cluster_8: 'k'
Global ID = 88 | from: Cluster_8: 'l'
Global ID = 89 | from: Cluster_8: 'm'
Global ID = 90 | from: Cluster_8: 'o'
Global ID = 91 | from: Cluster_8: 'p'
Global ID = 92 | from: Cluster_8: 'q'
Global ID = 93 | from: Cluster_8: 's'
Global ID = 94 | from: Cluster_8: 't'
Global ID = 95 | from: Cluster_8: 'v'
Global ID = 96 | from: Cluster_8: 'w'
Global ID = 97 | from: Cluster_8: 'x'
Global ID = 98 | from: Cluster_8: 'y'
Global ID = 99 | from: Cluster_8: 'z'
Global ID = 100 | from: Cluster_9: '3'
Global ID = 101 | from: Cluster_9: '4'
Global ID = 102 | from: Cluster_9: 'D'
Global ID = 103 | from: Cluster_9: 'I'
Global ID = 104 | from: Cluster_9: 'J'
Global ID = 105 | from: Cluster_9: 'S'
Global ID = 106 | from: Cluster_9: 'c'
Global ID = 107 | from: Cluster_9: 'd'
Global ID = 108 | from: Cluster_9: 'f'
Global ID = 109 | from: Cluster_9: 'i'
Global ID = 110 | from: Cluster_9: 'm'
Global ID = 111 | from: Cluster_9: 'p'
Global ID = 112 | from: Cluster_9: 'u'
Global ID = 113 | from: Cluster_9: 'v'
Global ID = 114 | from: Cluster_9: 'w'
Global ID = 115 | from: Cluster_10: '9'
Global ID = 116 | from: Cluster_10: 'D'
Global ID = 117 | from: Cluster_10: 'O'
Global ID = 118 | from: Cluster_10: 'b'
Global ID = 119 | from: Cluster_10: 'h'
Global ID = 120 | from: Cluster_10: 'l'
Global ID = 121 | from: Cluster_10: 'm'
Global ID = 122 | from: Cluster_10: 'n'
Global ID = 123 | from: Cluster_10: 'p'
Global ID = 124 | from: Cluster_10: 'r'
Global ID = 125 | from: Cluster_10: 'v'
Global ID = 126 | from: Cluster_10: 'z'
Global ID = 127 | from: Cluster_11: 'I'
Global ID = 128 | from: Cluster_11: 'K'
Global ID = 129 | from: Cluster_11: 'M'
Global ID = 130 | from: Cluster_11: 'N'
Global ID = 131 | from: Cluster_11: 'P'
Global ID = 132 | from: Cluster_11: 'Q'
Global ID = 133 | from: Cluster_11: 'Y'
Global ID = 134 | from: Cluster_11: 'a'
Global ID = 135 | from: Cluster_11: 'f'
Global ID = 136 | from: Cluster_11: 'h'
Global ID = 137 | from: Cluster_11: 'l'
Global ID = 138 | from: Cluster_11: 'u'
Global ID = 139 | from: Cluster_11: 'z'
Global ID = 140 | from: Cluster_12: 'bird'
Global ID = 141 | from: Cluster_12: 'cat'
Global ID = 142 | from: Cluster_12: 'deer'
Global ID = 143 | from: Cluster_12: 'dog'
Global ID = 144 | from: Cluster_12: 'frog'
Global ID = 145 | from: Cluster_12: 'ship'
Global ID = 146 | from: Cluster_12: 'truck'
==================================================


##################################################
Entropy Ratio = 0.65
##################################################

==================================================
Label Mapping Summary:
Global ID = 1  | from: Cluster_0: '5', Cluster_1: '5', Cluster_10: '6', Cluster_11: 's', Cluster_3: '6', Cluster_4: '8', Cluster_6: '0', Cluster_7: 'S', Cluster_8: '5', Cluster_9: 'G'
Global ID = 2  | from: Cluster_0: '1', Cluster_1: '1', Cluster_10: 'j', Cluster_11: '1', Cluster_2: '3', Cluster_3: '1', Cluster_4: '1', Cluster_5: '1', Cluster_6: '1', Cluster_7: 'l', Cluster_8: '1', Cluster_9: 'l'
Global ID = 3  | from: Cluster_1: '8', Cluster_11: '8', Cluster_12: 'airplane', Cluster_2: '8', Cluster_7: '8', Cluster_8: '8', Cluster_9: '8'
Global ID = 4  | from: Cluster_1: '4', Cluster_10: 'q', Cluster_11: 'g', Cluster_2: '4', Cluster_3: '4', Cluster_4: '9', Cluster_5: '4', Cluster_6: '2', Cluster_7: '4', Cluster_8: '9', Cluster_9: '9'
Global ID = 6  | from: Cluster_1: '9', Cluster_10: 'M', Cluster_11: 'T', Cluster_2: '9', Cluster_3: '7', Cluster_5: '7', Cluster_6: '9', Cluster_7: 'C', Cluster_8: 'H', Cluster_9: 'M'
Global ID = 7  | from: Cluster_1: '7', Cluster_7: '5'
Global ID = 9  | from: Cluster_0: '2', Cluster_1: '2', Cluster_10: 's', Cluster_11: 'd', Cluster_2: '5', Cluster_3: '3', Cluster_4: '2', Cluster_5: '2', Cluster_6: '5', Cluster_7: '2', Cluster_9: '7'
Global ID = 10 | from: Cluster_10: '0', Cluster_11: 'O', Cluster_12: 'automobile', Cluster_3: '0', Cluster_4: '0', Cluster_5: '0', Cluster_7: 'D', Cluster_8: 'O', Cluster_9: '2'
Global ID = 12 | from: Cluster_11: 'n', Cluster_6: '7', Cluster_8: 'n'
Global ID = 13 | from: Cluster_10: 'F', Cluster_11: 'E', Cluster_7: 'F', Cluster_8: 'F'
Global ID = 14 | from: Cluster_11: 'k', Cluster_7: 'L', Cluster_8: 'C', Cluster_9: 'K'
Global ID = 15 | from: Cluster_10: 'P', Cluster_11: 'p', Cluster_7: 'P', Cluster_8: 'P'
Global ID = 16 | from: Cluster_11: 'v', Cluster_7: 'V', Cluster_8: 'V'
Global ID = 17 | from: Cluster_1: '6', Cluster_10: 'G', Cluster_11: '6', Cluster_5: '6', Cluster_6: '6', Cluster_7: 'a', Cluster_8: 'a', Cluster_9: 'o'
Global ID = 18 | from: Cluster_10: 'E', Cluster_7: 'e', Cluster_8: 'e'
Global ID = 19 | from: Cluster_10: 'u', Cluster_11: 'V', Cluster_7: 'U', Cluster_8: 'u', Cluster_9: 'U'
Global ID = 20 | from: Cluster_10: 'W', Cluster_11: 'W', Cluster_7: 'W', Cluster_9: 'W'
Global ID = 21 | from: Cluster_11: 'y', Cluster_6: '4', Cluster_7: 'Y', Cluster_8: '4', Cluster_9: 'Y'
Global ID = 22 | from: Cluster_10: 'V', Cluster_7: '1', Cluster_9: 's'
Global ID = 23 | from: Cluster_1: '3', Cluster_10: '7', Cluster_11: '3', Cluster_4: '3', Cluster_6: '3', Cluster_7: '7'
Global ID = 24 | from: Cluster_10: 'B', Cluster_7: 'B'
Global ID = 25 | from: Cluster_10: 'I', Cluster_7: 'I', Cluster_9: '1'
Global ID = 26 | from: Cluster_10: 'A', Cluster_11: 'A', Cluster_7: 'K', Cluster_8: 'A'
Global ID = 27 | from: Cluster_11: 'Z', Cluster_7: 'Z', Cluster_8: 'Z'
Global ID = 28 | from: Cluster_10: 'C', Cluster_11: 'c', Cluster_7: 'c'
Global ID = 29 | from: Cluster_11: '9', Cluster_7: 'q'
Global ID = 30 | from: Cluster_8: 'T', Cluster_9: 'T'
Global ID = 31 | from: Cluster_8: 'X', Cluster_9: 'x'
Global ID = 32 | from: Cluster_11: 'r', Cluster_8: 'r', Cluster_9: 'F'
Global ID = 33 | from: Cluster_11: 'J', Cluster_8: 'J'
Global ID = 34 | from: Cluster_11: 'm', Cluster_8: 'M'
Global ID = 35 | from: Cluster_10: 'c', Cluster_9: 'z'
Global ID = 36 | from: Cluster_11: 'X', Cluster_9: 'X'
Global ID = 37 | from: Cluster_3: '9'
Global ID = 38 | from: Cluster_6: '8'
Global ID = 39 | from: Cluster_7: '9'
Global ID = 40 | from: Cluster_7: 'H'
Global ID = 41 | from: Cluster_7: 'J'
Global ID = 42 | from: Cluster_7: 'N'
Global ID = 43 | from: Cluster_7: 'O'
Global ID = 44 | from: Cluster_7: 'R'
Global ID = 45 | from: Cluster_7: 'T'
Global ID = 46 | from: Cluster_7: 'X'
Global ID = 47 | from: Cluster_7: 'b'
Global ID = 48 | from: Cluster_7: 'd'
Global ID = 49 | from: Cluster_7: 'f'
Global ID = 50 | from: Cluster_7: 'g'
Global ID = 51 | from: Cluster_7: 'h'
Global ID = 52 | from: Cluster_7: 'i'
Global ID = 53 | from: Cluster_7: 'k'
Global ID = 54 | from: Cluster_7: 'm'
Global ID = 55 | from: Cluster_7: 'o'
Global ID = 56 | from: Cluster_7: 'r'
Global ID = 57 | from: Cluster_7: 's'
Global ID = 58 | from: Cluster_7: 'u'
Global ID = 59 | from: Cluster_7: 'w'
Global ID = 60 | from: Cluster_8: '0'
Global ID = 61 | from: Cluster_8: '2'
Global ID = 62 | from: Cluster_8: '3'
Global ID = 63 | from: Cluster_8: '6'
Global ID = 64 | from: Cluster_8: '7'
Global ID = 65 | from: Cluster_8: 'B'
Global ID = 66 | from: Cluster_8: 'D'
Global ID = 67 | from: Cluster_8: 'E'
Global ID = 68 | from: Cluster_8: 'G'
Global ID = 69 | from: Cluster_8: 'I'
Global ID = 70 | from: Cluster_8: 'K'
Global ID = 71 | from: Cluster_8: 'L'
Global ID = 72 | from: Cluster_8: 'N'
Global ID = 73 | from: Cluster_8: 'Q'
Global ID = 74 | from: Cluster_8: 'R'
Global ID = 75 | from: Cluster_8: 'S'
Global ID = 76 | from: Cluster_8: 'U'
Global ID = 77 | from: Cluster_8: 'W'
Global ID = 78 | from: Cluster_8: 'Y'
Global ID = 79 | from: Cluster_8: 'b'
Global ID = 80 | from: Cluster_8: 'c'
Global ID = 81 | from: Cluster_8: 'd'
Global ID = 82 | from: Cluster_8: 'f'
Global ID = 83 | from: Cluster_8: 'g'
Global ID = 84 | from: Cluster_8: 'h'
Global ID = 85 | from: Cluster_8: 'i'
Global ID = 86 | from: Cluster_8: 'j'
Global ID = 87 | from: Cluster_8: 'k'
Global ID = 88 | from: Cluster_8: 'l'
Global ID = 89 | from: Cluster_8: 'm'
Global ID = 90 | from: Cluster_8: 'o'
Global ID = 91 | from: Cluster_8: 'p'
Global ID = 92 | from: Cluster_8: 'q'
Global ID = 93 | from: Cluster_8: 's'
Global ID = 94 | from: Cluster_8: 't'
Global ID = 95 | from: Cluster_8: 'v'
Global ID = 96 | from: Cluster_8: 'w'
Global ID = 97 | from: Cluster_8: 'x'
Global ID = 98 | from: Cluster_8: 'y'
Global ID = 99 | from: Cluster_8: 'z'
Global ID = 100 | from: Cluster_9: '3'
Global ID = 101 | from: Cluster_9: '4'
Global ID = 102 | from: Cluster_9: 'D'
Global ID = 103 | from: Cluster_9: 'I'
Global ID = 104 | from: Cluster_9: 'J'
Global ID = 105 | from: Cluster_9: 'S'
Global ID = 106 | from: Cluster_9: 'c'
Global ID = 107 | from: Cluster_9: 'd'
Global ID = 108 | from: Cluster_9: 'f'
Global ID = 109 | from: Cluster_9: 'i'
Global ID = 110 | from: Cluster_9: 'm'
Global ID = 111 | from: Cluster_9: 'p'
Global ID = 112 | from: Cluster_9: 'u'
Global ID = 113 | from: Cluster_9: 'v'
Global ID = 114 | from: Cluster_9: 'w'
Global ID = 115 | from: Cluster_10: '9'
Global ID = 116 | from: Cluster_10: 'D'
Global ID = 117 | from: Cluster_10: 'O'
Global ID = 118 | from: Cluster_10: 'b'
Global ID = 119 | from: Cluster_10: 'h'
Global ID = 120 | from: Cluster_10: 'l'
Global ID = 121 | from: Cluster_10: 'm'
Global ID = 122 | from: Cluster_10: 'n'
Global ID = 123 | from: Cluster_10: 'p'
Global ID = 124 | from: Cluster_10: 'r'
Global ID = 125 | from: Cluster_10: 'v'
Global ID = 126 | from: Cluster_10: 'z'
Global ID = 127 | from: Cluster_11: 'I'
Global ID = 128 | from: Cluster_11: 'K'
Global ID = 129 | from: Cluster_11: 'M'
Global ID = 130 | from: Cluster_11: 'N'
Global ID = 131 | from: Cluster_11: 'P'
Global ID = 132 | from: Cluster_11: 'Q'
Global ID = 133 | from: Cluster_11: 'Y'
Global ID = 134 | from: Cluster_11: 'a'
Global ID = 135 | from: Cluster_11: 'f'
Global ID = 136 | from: Cluster_11: 'h'
Global ID = 137 | from: Cluster_11: 'l'
Global ID = 138 | from: Cluster_11: 'u'
Global ID = 139 | from: Cluster_11: 'z'
Global ID = 140 | from: Cluster_12: 'bird'
Global ID = 141 | from: Cluster_12: 'cat'
Global ID = 142 | from: Cluster_12: 'deer'
Global ID = 143 | from: Cluster_12: 'dog'
Global ID = 144 | from: Cluster_12: 'frog'
Global ID = 145 | from: Cluster_12: 'horse'
Global ID = 146 | from: Cluster_12: 'ship'
Global ID = 147 | from: Cluster_12: 'truck'
==================================================


##################################################
Entropy Ratio = 0.7
##################################################

==================================================
Label Mapping Summary:
Global ID = 0  | from: Cluster_0: '2', Cluster_1: '2', Cluster_10: 's', Cluster_11: 'd', Cluster_2: '5', Cluster_3: '0', Cluster_4: '2', Cluster_5: '2', Cluster_6: '5', Cluster_7: '2', Cluster_8: 'O', Cluster_9: 'x'
Global ID = 1  | from: Cluster_0: '5', Cluster_1: '5', Cluster_10: '6', Cluster_11: 's', Cluster_3: '6', Cluster_4: '0', Cluster_5: '0', Cluster_6: '3', Cluster_7: 'D', Cluster_8: '5', Cluster_9: 'G'
Global ID = 2  | from: Cluster_0: '1', Cluster_1: '1', Cluster_10: 'j', Cluster_11: '1', Cluster_2: '3', Cluster_3: '1', Cluster_4: '1', Cluster_5: '1', Cluster_6: '1', Cluster_7: 'l', Cluster_8: '1', Cluster_9: 'l'
Global ID = 3  | from: Cluster_1: '8', Cluster_10: '0', Cluster_11: '8', Cluster_12: 'airplane', Cluster_2: '8', Cluster_7: '8', Cluster_8: '8', Cluster_9: '8'
Global ID = 4  | from: Cluster_1: '4', Cluster_10: 'q', Cluster_11: 'g', Cluster_2: '4', Cluster_3: '4', Cluster_4: '9', Cluster_5: '4', Cluster_6: '9', Cluster_7: '4', Cluster_8: '9', Cluster_9: '9'
Global ID = 6  | from: Cluster_1: '9', Cluster_10: 'M', Cluster_11: 'T', Cluster_2: '9', Cluster_3: '7', Cluster_5: '7', Cluster_7: 'C', Cluster_8: 'H', Cluster_9: 'M'
Global ID = 7  | from: Cluster_1: '3', Cluster_10: '7', Cluster_11: '3', Cluster_3: '3', Cluster_4: '3', Cluster_6: '7', Cluster_7: '7', Cluster_9: '7'
Global ID = 9  | from: Cluster_10: 'F', Cluster_11: 'E', Cluster_7: 'F', Cluster_8: 'F'
Global ID = 10 | from: Cluster_11: 'k', Cluster_7: 'L', Cluster_8: 'C', Cluster_9: 'K'
Global ID = 11 | from: Cluster_10: 'P', Cluster_11: 'p', Cluster_7: 'P', Cluster_8: 'P'
Global ID = 12 | from: Cluster_11: 'v', Cluster_7: 'V', Cluster_8: 'V'
Global ID = 13 | from: Cluster_1: '6', Cluster_10: 'G', Cluster_11: '6', Cluster_5: '6', Cluster_6: '6', Cluster_7: 'a', Cluster_8: 'a', Cluster_9: 'o'
Global ID = 14 | from: Cluster_10: 'E', Cluster_7: 'e', Cluster_8: 'e'
Global ID = 15 | from: Cluster_10: 'u', Cluster_11: 'V', Cluster_7: 'U', Cluster_8: 'u', Cluster_9: 'U'
Global ID = 16 | from: Cluster_10: 'W', Cluster_11: 'W', Cluster_7: 'W', Cluster_9: 'W'
Global ID = 17 | from: Cluster_11: 'y', Cluster_6: '4', Cluster_7: 'Y', Cluster_8: '4', Cluster_9: 'Y'
Global ID = 18 | from: Cluster_10: 'V', Cluster_7: '1', Cluster_9: 's'
Global ID = 19 | from: Cluster_10: 'B', Cluster_7: 'B'
Global ID = 20 | from: Cluster_10: 'I', Cluster_7: 'I', Cluster_9: '1'
Global ID = 21 | from: Cluster_11: 'J', Cluster_7: 'J', Cluster_8: 'J'
Global ID = 22 | from: Cluster_10: 'A', Cluster_11: 'A', Cluster_7: 'K', Cluster_8: 'A'
Global ID = 23 | from: Cluster_11: 'Z', Cluster_7: 'Z', Cluster_8: 'Z'
Global ID = 24 | from: Cluster_10: 'C', Cluster_11: 'c', Cluster_7: 'c'
Global ID = 25 | from: Cluster_11: '9', Cluster_7: 'q'
Global ID = 26 | from: Cluster_10: 'm', Cluster_11: 'h', Cluster_7: 'u'
Global ID = 27 | from: Cluster_8: 'T', Cluster_9: 'T'
Global ID = 28 | from: Cluster_11: 'r', Cluster_8: 'r', Cluster_9: 'F'
Global ID = 29 | from: Cluster_10: 'D', Cluster_11: 'O', Cluster_8: '0', Cluster_9: 'D'
Global ID = 30 | from: Cluster_11: 'm', Cluster_8: 'M'
Global ID = 31 | from: Cluster_11: 'n', Cluster_8: 'n'
Global ID = 32 | from: Cluster_10: 'c', Cluster_9: 'z'
Global ID = 33 | from: Cluster_11: 'X', Cluster_9: 'X'
Global ID = 34 | from: Cluster_1: '7'
Global ID = 35 | from: Cluster_3: '9'
Global ID = 36 | from: Cluster_4: '8'
Global ID = 37 | from: Cluster_6: '0'
Global ID = 38 | from: Cluster_6: '2'
Global ID = 39 | from: Cluster_6: '8'
Global ID = 40 | from: Cluster_7: '5'
Global ID = 41 | from: Cluster_7: '9'
Global ID = 42 | from: Cluster_7: 'H'
Global ID = 43 | from: Cluster_7: 'N'
Global ID = 44 | from: Cluster_7: 'O'
Global ID = 45 | from: Cluster_7: 'R'
Global ID = 46 | from: Cluster_7: 'S'
Global ID = 47 | from: Cluster_7: 'T'
Global ID = 48 | from: Cluster_7: 'X'
Global ID = 49 | from: Cluster_7: 'b'
Global ID = 50 | from: Cluster_7: 'd'
Global ID = 51 | from: Cluster_7: 'f'
Global ID = 52 | from: Cluster_7: 'g'
Global ID = 53 | from: Cluster_7: 'h'
Global ID = 54 | from: Cluster_7: 'i'
Global ID = 55 | from: Cluster_7: 'k'
Global ID = 56 | from: Cluster_7: 'm'
Global ID = 57 | from: Cluster_7: 'o'
Global ID = 58 | from: Cluster_7: 'r'
Global ID = 59 | from: Cluster_7: 's'
Global ID = 60 | from: Cluster_7: 'w'
Global ID = 61 | from: Cluster_8: '2'
Global ID = 62 | from: Cluster_8: '3'
Global ID = 63 | from: Cluster_8: '6'
Global ID = 64 | from: Cluster_8: '7'
Global ID = 65 | from: Cluster_8: 'B'
Global ID = 66 | from: Cluster_8: 'D'
Global ID = 67 | from: Cluster_8: 'E'
Global ID = 68 | from: Cluster_8: 'G'
Global ID = 69 | from: Cluster_8: 'I'
Global ID = 70 | from: Cluster_8: 'K'
Global ID = 71 | from: Cluster_8: 'L'
Global ID = 72 | from: Cluster_8: 'N'
Global ID = 73 | from: Cluster_8: 'Q'
Global ID = 74 | from: Cluster_8: 'R'
Global ID = 75 | from: Cluster_8: 'S'
Global ID = 76 | from: Cluster_8: 'U'
Global ID = 77 | from: Cluster_8: 'W'
Global ID = 78 | from: Cluster_8: 'X'
Global ID = 79 | from: Cluster_8: 'Y'
Global ID = 80 | from: Cluster_8: 'b'
Global ID = 81 | from: Cluster_8: 'c'
Global ID = 82 | from: Cluster_8: 'd'
Global ID = 83 | from: Cluster_8: 'f'
Global ID = 84 | from: Cluster_8: 'g'
Global ID = 85 | from: Cluster_8: 'h'
Global ID = 86 | from: Cluster_8: 'i'
Global ID = 87 | from: Cluster_8: 'j'
Global ID = 88 | from: Cluster_8: 'k'
Global ID = 89 | from: Cluster_8: 'l'
Global ID = 90 | from: Cluster_8: 'm'
Global ID = 91 | from: Cluster_8: 'o'
Global ID = 92 | from: Cluster_8: 'p'
Global ID = 93 | from: Cluster_8: 'q'
Global ID = 94 | from: Cluster_8: 's'
Global ID = 95 | from: Cluster_8: 't'
Global ID = 96 | from: Cluster_8: 'v'
Global ID = 97 | from: Cluster_8: 'w'
Global ID = 98 | from: Cluster_8: 'x'
Global ID = 99 | from: Cluster_8: 'y'
Global ID = 100 | from: Cluster_8: 'z'
Global ID = 101 | from: Cluster_9: '2'
Global ID = 102 | from: Cluster_9: '3'
Global ID = 103 | from: Cluster_9: '4'
Global ID = 104 | from: Cluster_9: 'I'
Global ID = 105 | from: Cluster_9: 'J'
Global ID = 106 | from: Cluster_9: 'S'
Global ID = 107 | from: Cluster_9: 'c'
Global ID = 108 | from: Cluster_9: 'd'
Global ID = 109 | from: Cluster_9: 'f'
Global ID = 110 | from: Cluster_9: 'i'
Global ID = 111 | from: Cluster_9: 'm'
Global ID = 112 | from: Cluster_9: 'p'
Global ID = 113 | from: Cluster_9: 'u'
Global ID = 114 | from: Cluster_9: 'v'
Global ID = 115 | from: Cluster_9: 'w'
Global ID = 116 | from: Cluster_10: '9'
Global ID = 117 | from: Cluster_10: 'O'
Global ID = 118 | from: Cluster_10: 'b'
Global ID = 119 | from: Cluster_10: 'h'
Global ID = 120 | from: Cluster_10: 'l'
Global ID = 121 | from: Cluster_10: 'n'
Global ID = 122 | from: Cluster_10: 'p'
Global ID = 123 | from: Cluster_10: 'r'
Global ID = 124 | from: Cluster_10: 'v'
Global ID = 125 | from: Cluster_10: 'z'
Global ID = 126 | from: Cluster_11: 'I'
Global ID = 127 | from: Cluster_11: 'K'
Global ID = 128 | from: Cluster_11: 'M'
Global ID = 129 | from: Cluster_11: 'N'
Global ID = 130 | from: Cluster_11: 'P'
Global ID = 131 | from: Cluster_11: 'Q'
Global ID = 132 | from: Cluster_11: 'Y'
Global ID = 133 | from: Cluster_11: 'a'
Global ID = 134 | from: Cluster_11: 'f'
Global ID = 135 | from: Cluster_11: 'l'
Global ID = 136 | from: Cluster_11: 'u'
Global ID = 137 | from: Cluster_11: 'z'
Global ID = 138 | from: Cluster_12: 'automobile'
Global ID = 139 | from: Cluster_12: 'bird'
Global ID = 140 | from: Cluster_12: 'cat'
Global ID = 141 | from: Cluster_12: 'deer'
Global ID = 142 | from: Cluster_12: 'dog'
Global ID = 143 | from: Cluster_12: 'frog'
Global ID = 144 | from: Cluster_12: 'horse'
Global ID = 145 | from: Cluster_12: 'ship'
Global ID = 146 | from: Cluster_12: 'truck'
==================================================


##################################################
Entropy Ratio = 0.75
##################################################

==================================================
Label Mapping Summary:
Global ID = 0  | from: Cluster_0: '2', Cluster_1: '2', Cluster_10: 's', Cluster_11: 'd', Cluster_2: '5', Cluster_3: '0', Cluster_4: '2', Cluster_5: '2', Cluster_6: '5', Cluster_7: '2', Cluster_8: 'O', Cluster_9: 'x'
Global ID = 1  | from: Cluster_0: '5', Cluster_1: '5', Cluster_10: '6', Cluster_11: 's', Cluster_3: '6', Cluster_4: '0', Cluster_5: '0', Cluster_6: '3', Cluster_7: 'D', Cluster_8: '5', Cluster_9: 'G'
Global ID = 2  | from: Cluster_0: '1', Cluster_1: '1', Cluster_10: 'j', Cluster_11: '1', Cluster_2: '3', Cluster_3: '1', Cluster_4: '1', Cluster_5: '1', Cluster_6: '1', Cluster_7: 'l', Cluster_8: '1', Cluster_9: 'l'
Global ID = 3  | from: Cluster_1: '8', Cluster_10: 'B', Cluster_11: '8', Cluster_12: 'airplane', Cluster_2: '8', Cluster_7: 'B', Cluster_8: '3', Cluster_9: '8'
Global ID = 4  | from: Cluster_1: '4', Cluster_10: 'q', Cluster_11: 'g', Cluster_2: '4', Cluster_3: '4', Cluster_4: '9', Cluster_5: '4', Cluster_6: '9', Cluster_7: '4', Cluster_8: '9', Cluster_9: '9'
Global ID = 6  | from: Cluster_1: '9', Cluster_10: 'M', Cluster_11: 'T', Cluster_2: '9', Cluster_3: '7', Cluster_5: '7', Cluster_7: 'C', Cluster_8: 'H', Cluster_9: 'M'
Global ID = 7  | from: Cluster_1: '7', Cluster_10: '0', Cluster_12: 'automobile', Cluster_7: '8', Cluster_8: '8', Cluster_9: '2'
Global ID = 8  | from: Cluster_1: '3', Cluster_10: '7', Cluster_11: '3', Cluster_3: '3', Cluster_4: '3', Cluster_6: '7', Cluster_7: '7', Cluster_9: '7'
Global ID = 10 | from: Cluster_10: 'F', Cluster_11: 'E', Cluster_7: 'F', Cluster_8: 'F'
Global ID = 11 | from: Cluster_11: 'k', Cluster_7: 'L', Cluster_8: 'C', Cluster_9: 'K'
Global ID = 12 | from: Cluster_10: 'P', Cluster_11: 'p', Cluster_7: 'P', Cluster_8: 'P'
Global ID = 13 | from: Cluster_11: 'v', Cluster_7: 'V', Cluster_8: 'V'
Global ID = 14 | from: Cluster_1: '6', Cluster_10: 'G', Cluster_11: '6', Cluster_5: '6', Cluster_6: '6', Cluster_7: 'a', Cluster_8: 'a', Cluster_9: 'o'
Global ID = 15 | from: Cluster_10: 'E', Cluster_7: 'e', Cluster_8: 'e'
Global ID = 16 | from: Cluster_10: 'u', Cluster_11: 'V', Cluster_7: 'U', Cluster_8: 'u', Cluster_9: 'U'
Global ID = 17 | from: Cluster_10: 'W', Cluster_11: 'W', Cluster_7: 'W', Cluster_9: 'W'
Global ID = 18 | from: Cluster_10: 'h', Cluster_11: 'y', Cluster_6: '4', Cluster_7: 'Y', Cluster_8: '4', Cluster_9: 'Y'
Global ID = 19 | from: Cluster_10: 'V', Cluster_7: '1', Cluster_9: 's'
Global ID = 20 | from: Cluster_10: 'I', Cluster_7: 'I', Cluster_9: '1'
Global ID = 21 | from: Cluster_11: 'J', Cluster_7: 'J', Cluster_8: 'J'
Global ID = 22 | from: Cluster_10: 'A', Cluster_11: 'A', Cluster_7: 'K', Cluster_8: 'A'
Global ID = 23 | from: Cluster_11: 'Z', Cluster_7: 'Z', Cluster_8: 'Z'
Global ID = 24 | from: Cluster_10: 'C', Cluster_11: 'c', Cluster_7: 'c'
Global ID = 25 | from: Cluster_11: 'a', Cluster_7: 'k'
Global ID = 26 | from: Cluster_11: '9', Cluster_7: 'q'
Global ID = 27 | from: Cluster_10: 'm', Cluster_11: 'h', Cluster_7: 'u', Cluster_8: 'k'
Global ID = 28 | from: Cluster_8: 'T', Cluster_9: 'T'
Global ID = 29 | from: Cluster_11: 'r', Cluster_8: 'r', Cluster_9: 'F'
Global ID = 30 | from: Cluster_10: 'D', Cluster_11: 'O', Cluster_8: '0', Cluster_9: 'D'
Global ID = 31 | from: Cluster_11: 'm', Cluster_8: 'M'
Global ID = 32 | from: Cluster_11: 'n', Cluster_8: 'n'
Global ID = 33 | from: Cluster_10: 'c', Cluster_9: 'z'
Global ID = 34 | from: Cluster_11: 'X', Cluster_9: 'X'
Global ID = 35 | from: Cluster_3: '9'
Global ID = 36 | from: Cluster_4: '8'
Global ID = 37 | from: Cluster_6: '0'
Global ID = 38 | from: Cluster_6: '2'
Global ID = 39 | from: Cluster_6: '8'
Global ID = 40 | from: Cluster_7: '5'
Global ID = 41 | from: Cluster_7: '9'
Global ID = 42 | from: Cluster_7: 'H'
Global ID = 43 | from: Cluster_7: 'N'
Global ID = 44 | from: Cluster_7: 'O'
Global ID = 45 | from: Cluster_7: 'R'
Global ID = 46 | from: Cluster_7: 'S'
Global ID = 47 | from: Cluster_7: 'T'
Global ID = 48 | from: Cluster_7: 'X'
Global ID = 49 | from: Cluster_7: 'b'
Global ID = 50 | from: Cluster_7: 'd'
Global ID = 51 | from: Cluster_7: 'f'
Global ID = 52 | from: Cluster_7: 'g'
Global ID = 53 | from: Cluster_7: 'h'
Global ID = 54 | from: Cluster_7: 'i'
Global ID = 55 | from: Cluster_7: 'm'
Global ID = 56 | from: Cluster_7: 'o'
Global ID = 57 | from: Cluster_7: 'r'
Global ID = 58 | from: Cluster_7: 's'
Global ID = 59 | from: Cluster_7: 'w'
Global ID = 60 | from: Cluster_8: '2'
Global ID = 61 | from: Cluster_8: '6'
Global ID = 62 | from: Cluster_8: '7'
Global ID = 63 | from: Cluster_8: 'B'
Global ID = 64 | from: Cluster_8: 'D'
Global ID = 65 | from: Cluster_8: 'E'
Global ID = 66 | from: Cluster_8: 'G'
Global ID = 67 | from: Cluster_8: 'I'
Global ID = 68 | from: Cluster_8: 'K'
Global ID = 69 | from: Cluster_8: 'L'
Global ID = 70 | from: Cluster_8: 'N'
Global ID = 71 | from: Cluster_8: 'Q'
Global ID = 72 | from: Cluster_8: 'R'
Global ID = 73 | from: Cluster_8: 'S'
Global ID = 74 | from: Cluster_8: 'U'
Global ID = 75 | from: Cluster_8: 'W'
Global ID = 76 | from: Cluster_8: 'X'
Global ID = 77 | from: Cluster_8: 'Y'
Global ID = 78 | from: Cluster_8: 'b'
Global ID = 79 | from: Cluster_8: 'c'
Global ID = 80 | from: Cluster_8: 'd'
Global ID = 81 | from: Cluster_8: 'f'
Global ID = 82 | from: Cluster_8: 'g'
Global ID = 83 | from: Cluster_8: 'h'
Global ID = 84 | from: Cluster_8: 'i'
Global ID = 85 | from: Cluster_8: 'j'
Global ID = 86 | from: Cluster_8: 'l'
Global ID = 87 | from: Cluster_8: 'm'
Global ID = 88 | from: Cluster_8: 'o'
Global ID = 89 | from: Cluster_8: 'p'
Global ID = 90 | from: Cluster_8: 'q'
Global ID = 91 | from: Cluster_8: 's'
Global ID = 92 | from: Cluster_8: 't'
Global ID = 93 | from: Cluster_8: 'v'
Global ID = 94 | from: Cluster_8: 'w'
Global ID = 95 | from: Cluster_8: 'x'
Global ID = 96 | from: Cluster_8: 'y'
Global ID = 97 | from: Cluster_8: 'z'
Global ID = 98 | from: Cluster_9: '3'
Global ID = 99 | from: Cluster_9: '4'
Global ID = 100 | from: Cluster_9: 'I'
Global ID = 101 | from: Cluster_9: 'J'
Global ID = 102 | from: Cluster_9: 'S'
Global ID = 103 | from: Cluster_9: 'c'
Global ID = 104 | from: Cluster_9: 'd'
Global ID = 105 | from: Cluster_9: 'f'
Global ID = 106 | from: Cluster_9: 'i'
Global ID = 107 | from: Cluster_9: 'm'
Global ID = 108 | from: Cluster_9: 'p'
Global ID = 109 | from: Cluster_9: 'u'
Global ID = 110 | from: Cluster_9: 'v'
Global ID = 111 | from: Cluster_9: 'w'
Global ID = 112 | from: Cluster_10: '9'
Global ID = 113 | from: Cluster_10: 'O'
Global ID = 114 | from: Cluster_10: 'b'
Global ID = 115 | from: Cluster_10: 'l'
Global ID = 116 | from: Cluster_10: 'n'
Global ID = 117 | from: Cluster_10: 'p'
Global ID = 118 | from: Cluster_10: 'r'
Global ID = 119 | from: Cluster_10: 'v'
Global ID = 120 | from: Cluster_10: 'z'
Global ID = 121 | from: Cluster_11: 'I'
Global ID = 122 | from: Cluster_11: 'K'
Global ID = 123 | from: Cluster_11: 'M'
Global ID = 124 | from: Cluster_11: 'N'
Global ID = 125 | from: Cluster_11: 'P'
Global ID = 126 | from: Cluster_11: 'Q'
Global ID = 127 | from: Cluster_11: 'Y'
Global ID = 128 | from: Cluster_11: 'f'
Global ID = 129 | from: Cluster_11: 'l'
Global ID = 130 | from: Cluster_11: 'u'
Global ID = 131 | from: Cluster_11: 'z'
Global ID = 132 | from: Cluster_12: 'bird'
Global ID = 133 | from: Cluster_12: 'cat'
Global ID = 134 | from: Cluster_12: 'deer'
Global ID = 135 | from: Cluster_12: 'dog'
Global ID = 136 | from: Cluster_12: 'frog'
Global ID = 137 | from: Cluster_12: 'horse'
Global ID = 138 | from: Cluster_12: 'ship'
Global ID = 139 | from: Cluster_12: 'truck'
==================================================


##################################################
Entropy Ratio = 0.8
##################################################

==================================================
Label Mapping Summary:
Global ID = 0  | from: Cluster_0: '2', Cluster_1: '2', Cluster_10: 's', Cluster_11: 'd', Cluster_2: '5', Cluster_3: '0', Cluster_4: '2', Cluster_5: '2', Cluster_6: '5', Cluster_7: '2', Cluster_8: 'O', Cluster_9: 'x'
Global ID = 1  | from: Cluster_0: '5', Cluster_1: '5', Cluster_10: '6', Cluster_11: 's', Cluster_3: '6', Cluster_4: '0', Cluster_5: '0', Cluster_6: '3', Cluster_7: 'D', Cluster_8: '5', Cluster_9: 'G'
Global ID = 2  | from: Cluster_0: '1', Cluster_1: '1', Cluster_10: 'j', Cluster_11: '1', Cluster_2: '3', Cluster_3: '1', Cluster_4: '1', Cluster_5: '1', Cluster_6: '9', Cluster_7: 'l', Cluster_8: '1', Cluster_9: 'l'
Global ID = 3  | from: Cluster_1: '8', Cluster_10: 'B', Cluster_11: '8', Cluster_12: 'airplane', Cluster_2: '8', Cluster_7: 'B', Cluster_8: '3', Cluster_9: '8'
Global ID = 4  | from: Cluster_1: '4', Cluster_10: 'q', Cluster_11: 'g', Cluster_2: '4', Cluster_3: '4', Cluster_4: '9', Cluster_5: '4', Cluster_6: '0', Cluster_7: '4', Cluster_8: '9', Cluster_9: '9'
Global ID = 6  | from: Cluster_1: '9', Cluster_10: 'M', Cluster_11: 'T', Cluster_2: '9', Cluster_3: '7', Cluster_5: '7', Cluster_7: 'C', Cluster_8: 'H', Cluster_9: 'M'
Global ID = 7  | from: Cluster_1: '7', Cluster_10: '0', Cluster_12: 'automobile', Cluster_7: '8', Cluster_8: '8', Cluster_9: '2'
Global ID = 8  | from: Cluster_1: '3', Cluster_10: '7', Cluster_11: '3', Cluster_3: '3', Cluster_4: '3', Cluster_6: '7', Cluster_7: '7', Cluster_9: '7'
Global ID = 9  | from: Cluster_10: 'I', Cluster_6: '1', Cluster_7: 'I', Cluster_9: '1'
Global ID = 11 | from: Cluster_10: 'F', Cluster_11: 'E', Cluster_7: 'F', Cluster_8: 'F'
Global ID = 12 | from: Cluster_11: 'k', Cluster_7: 'L', Cluster_8: 'C', Cluster_9: 'K'
Global ID = 13 | from: Cluster_10: 'P', Cluster_11: 'p', Cluster_7: 'P', Cluster_8: 'P'
Global ID = 14 | from: Cluster_11: 'v', Cluster_7: 'V', Cluster_8: 'V'
Global ID = 15 | from: Cluster_1: '6', Cluster_10: 'G', Cluster_11: '6', Cluster_5: '6', Cluster_6: '6', Cluster_7: 'a', Cluster_8: 'a', Cluster_9: 'o'
Global ID = 16 | from: Cluster_10: 'E', Cluster_7: 'e', Cluster_8: 'e'
Global ID = 17 | from: Cluster_10: 'u', Cluster_11: 'V', Cluster_7: 'U', Cluster_8: 'u', Cluster_9: 'U'
Global ID = 18 | from: Cluster_10: 'W', Cluster_11: 'W', Cluster_7: 'W', Cluster_9: 'W'
Global ID = 19 | from: Cluster_10: 'h', Cluster_11: 'y', Cluster_6: '4', Cluster_7: 'Y', Cluster_8: '4', Cluster_9: 'Y'
Global ID = 20 | from: Cluster_10: 'V', Cluster_7: '1', Cluster_9: 's'
Global ID = 21 | from: Cluster_11: 'J', Cluster_7: 'J', Cluster_8: 'J'
Global ID = 22 | from: Cluster_10: 'A', Cluster_11: 'A', Cluster_7: 'K', Cluster_8: 'A'
Global ID = 23 | from: Cluster_11: 'Z', Cluster_7: 'Z', Cluster_8: 'Z'
Global ID = 24 | from: Cluster_10: 'C', Cluster_11: 'c', Cluster_7: 'c'
Global ID = 25 | from: Cluster_11: 'a', Cluster_7: 'k'
Global ID = 26 | from: Cluster_11: '9', Cluster_7: 'q'
Global ID = 27 | from: Cluster_10: 'm', Cluster_11: 'h', Cluster_7: 'u', Cluster_8: 'k'
Global ID = 28 | from: Cluster_8: 'T', Cluster_9: 'T'
Global ID = 29 | from: Cluster_11: 'r', Cluster_8: 'r', Cluster_9: 'F'
Global ID = 30 | from: Cluster_10: 'D', Cluster_11: 'O', Cluster_8: '0', Cluster_9: 'D'
Global ID = 31 | from: Cluster_11: 'm', Cluster_8: 'M'
Global ID = 32 | from: Cluster_11: 'n', Cluster_8: 'n'
Global ID = 33 | from: Cluster_10: 'c', Cluster_9: 'z'
Global ID = 34 | from: Cluster_11: 'X', Cluster_9: 'X'
Global ID = 35 | from: Cluster_3: '9'
Global ID = 36 | from: Cluster_4: '8'
Global ID = 37 | from: Cluster_6: '2'
Global ID = 38 | from: Cluster_6: '8'
Global ID = 39 | from: Cluster_7: '5'
Global ID = 40 | from: Cluster_7: '9'
Global ID = 41 | from: Cluster_7: 'H'
Global ID = 42 | from: Cluster_7: 'N'
Global ID = 43 | from: Cluster_7: 'O'
Global ID = 44 | from: Cluster_7: 'R'
Global ID = 45 | from: Cluster_7: 'S'
Global ID = 46 | from: Cluster_7: 'T'
Global ID = 47 | from: Cluster_7: 'X'
Global ID = 48 | from: Cluster_7: 'b'
Global ID = 49 | from: Cluster_7: 'd'
Global ID = 50 | from: Cluster_7: 'f'
Global ID = 51 | from: Cluster_7: 'g'
Global ID = 52 | from: Cluster_7: 'h'
Global ID = 53 | from: Cluster_7: 'i'
Global ID = 54 | from: Cluster_7: 'm'
Global ID = 55 | from: Cluster_7: 'o'
Global ID = 56 | from: Cluster_7: 'r'
Global ID = 57 | from: Cluster_7: 's'
Global ID = 58 | from: Cluster_7: 'w'
Global ID = 59 | from: Cluster_8: '2'
Global ID = 60 | from: Cluster_8: '6'
Global ID = 61 | from: Cluster_8: '7'
Global ID = 62 | from: Cluster_8: 'B'
Global ID = 63 | from: Cluster_8: 'D'
Global ID = 64 | from: Cluster_8: 'E'
Global ID = 65 | from: Cluster_8: 'G'
Global ID = 66 | from: Cluster_8: 'I'
Global ID = 67 | from: Cluster_8: 'K'
Global ID = 68 | from: Cluster_8: 'L'
Global ID = 69 | from: Cluster_8: 'N'
Global ID = 70 | from: Cluster_8: 'Q'
Global ID = 71 | from: Cluster_8: 'R'
Global ID = 72 | from: Cluster_8: 'S'
Global ID = 73 | from: Cluster_8: 'U'
Global ID = 74 | from: Cluster_8: 'W'
Global ID = 75 | from: Cluster_8: 'X'
Global ID = 76 | from: Cluster_8: 'Y'
Global ID = 77 | from: Cluster_8: 'b'
Global ID = 78 | from: Cluster_8: 'c'
Global ID = 79 | from: Cluster_8: 'd'
Global ID = 80 | from: Cluster_8: 'f'
Global ID = 81 | from: Cluster_8: 'g'
Global ID = 82 | from: Cluster_8: 'h'
Global ID = 83 | from: Cluster_8: 'i'
Global ID = 84 | from: Cluster_8: 'j'
Global ID = 85 | from: Cluster_8: 'l'
Global ID = 86 | from: Cluster_8: 'm'
Global ID = 87 | from: Cluster_8: 'o'
Global ID = 88 | from: Cluster_8: 'p'
Global ID = 89 | from: Cluster_8: 'q'
Global ID = 90 | from: Cluster_8: 's'
Global ID = 91 | from: Cluster_8: 't'
Global ID = 92 | from: Cluster_8: 'v'
Global ID = 93 | from: Cluster_8: 'w'
Global ID = 94 | from: Cluster_8: 'x'
Global ID = 95 | from: Cluster_8: 'y'
Global ID = 96 | from: Cluster_8: 'z'
Global ID = 97 | from: Cluster_9: '3'
Global ID = 98 | from: Cluster_9: '4'
Global ID = 99 | from: Cluster_9: 'I'
Global ID = 100 | from: Cluster_9: 'J'
Global ID = 101 | from: Cluster_9: 'S'
Global ID = 102 | from: Cluster_9: 'c'
Global ID = 103 | from: Cluster_9: 'd'
Global ID = 104 | from: Cluster_9: 'f'
Global ID = 105 | from: Cluster_9: 'i'
Global ID = 106 | from: Cluster_9: 'm'
Global ID = 107 | from: Cluster_9: 'p'
Global ID = 108 | from: Cluster_9: 'u'
Global ID = 109 | from: Cluster_9: 'v'
Global ID = 110 | from: Cluster_9: 'w'
Global ID = 111 | from: Cluster_10: '9'
Global ID = 112 | from: Cluster_10: 'O'
Global ID = 113 | from: Cluster_10: 'b'
Global ID = 114 | from: Cluster_10: 'l'
Global ID = 115 | from: Cluster_10: 'n'
Global ID = 116 | from: Cluster_10: 'p'
Global ID = 117 | from: Cluster_10: 'r'
Global ID = 118 | from: Cluster_10: 'v'
Global ID = 119 | from: Cluster_10: 'z'
Global ID = 120 | from: Cluster_11: 'I'
Global ID = 121 | from: Cluster_11: 'K'
Global ID = 122 | from: Cluster_11: 'M'
Global ID = 123 | from: Cluster_11: 'N'
Global ID = 124 | from: Cluster_11: 'P'
Global ID = 125 | from: Cluster_11: 'Q'
Global ID = 126 | from: Cluster_11: 'Y'
Global ID = 127 | from: Cluster_11: 'f'
Global ID = 128 | from: Cluster_11: 'l'
Global ID = 129 | from: Cluster_11: 'u'
Global ID = 130 | from: Cluster_11: 'z'
Global ID = 131 | from: Cluster_12: 'bird'
Global ID = 132 | from: Cluster_12: 'cat'
Global ID = 133 | from: Cluster_12: 'deer'
Global ID = 134 | from: Cluster_12: 'dog'
Global ID = 135 | from: Cluster_12: 'frog'
Global ID = 136 | from: Cluster_12: 'horse'
Global ID = 137 | from: Cluster_12: 'ship'
Global ID = 138 | from: Cluster_12: 'truck'
==================================================


##################################################
Entropy Ratio = 0.85
##################################################

==================================================
Label Mapping Summary:
Global ID = 0  | from: Cluster_0: '2', Cluster_1: '2', Cluster_10: 's', Cluster_11: 'd', Cluster_2: '5', Cluster_3: '0', Cluster_4: '2', Cluster_5: '2', Cluster_6: '5', Cluster_7: '2', Cluster_8: 'O', Cluster_9: 'x'
Global ID = 1  | from: Cluster_0: '5', Cluster_1: '5', Cluster_10: '6', Cluster_11: 's', Cluster_3: '6', Cluster_4: '0', Cluster_5: '0', Cluster_6: '3', Cluster_7: 'D', Cluster_8: '5', Cluster_9: 'G'
Global ID = 2  | from: Cluster_0: '1', Cluster_1: '1', Cluster_10: 'j', Cluster_11: '1', Cluster_2: '3', Cluster_3: '1', Cluster_4: '1', Cluster_5: '1', Cluster_6: '9', Cluster_7: 'l', Cluster_8: '1', Cluster_9: 'l'
Global ID = 3  | from: Cluster_1: '8', Cluster_10: 'B', Cluster_11: '8', Cluster_12: 'airplane', Cluster_2: '8', Cluster_7: 'B', Cluster_8: '3', Cluster_9: '8'
Global ID = 4  | from: Cluster_1: '4', Cluster_10: 'q', Cluster_11: 'g', Cluster_2: '4', Cluster_3: '4', Cluster_4: '9', Cluster_5: '4', Cluster_6: '0', Cluster_7: '4', Cluster_8: '9', Cluster_9: '9'
Global ID = 6  | from: Cluster_1: '9', Cluster_10: 'M', Cluster_11: 'T', Cluster_12: 'horse', Cluster_2: '9', Cluster_3: '7', Cluster_5: '7', Cluster_7: 'C', Cluster_8: 'H', Cluster_9: 'M'
Global ID = 7  | from: Cluster_1: '7', Cluster_10: '0', Cluster_12: 'automobile', Cluster_7: '8', Cluster_8: '8', Cluster_9: '2'
Global ID = 8  | from: Cluster_1: '3', Cluster_10: '7', Cluster_11: '3', Cluster_3: '3', Cluster_4: '3', Cluster_6: '7', Cluster_7: '7', Cluster_9: '7'
Global ID = 9  | from: Cluster_10: 'I', Cluster_6: '1', Cluster_7: 'I', Cluster_9: '1'
Global ID = 11 | from: Cluster_10: 'F', Cluster_11: 'E', Cluster_7: 'F', Cluster_8: 'F'
Global ID = 12 | from: Cluster_11: 'k', Cluster_7: 'L', Cluster_8: 'C', Cluster_9: 'K'
Global ID = 13 | from: Cluster_10: 'P', Cluster_11: 'p', Cluster_7: 'P', Cluster_8: 'P'
Global ID = 14 | from: Cluster_11: 'v', Cluster_7: 'V', Cluster_8: 'V'
Global ID = 15 | from: Cluster_1: '6', Cluster_10: 'G', Cluster_11: '6', Cluster_5: '6', Cluster_6: '6', Cluster_7: 'a', Cluster_8: 'a', Cluster_9: 'o'
Global ID = 16 | from: Cluster_10: 'E', Cluster_7: 'e', Cluster_8: 'e'
Global ID = 17 | from: Cluster_10: 'u', Cluster_11: 'V', Cluster_7: 'U', Cluster_8: 'u', Cluster_9: 'U'
Global ID = 18 | from: Cluster_10: 'W', Cluster_11: 'W', Cluster_7: 'W', Cluster_9: 'W'
Global ID = 19 | from: Cluster_10: 'h', Cluster_11: 'y', Cluster_6: '4', Cluster_7: 'Y', Cluster_8: '4', Cluster_9: 'Y'
Global ID = 20 | from: Cluster_10: 'V', Cluster_7: '1', Cluster_9: 's'
Global ID = 21 | from: Cluster_11: 'J', Cluster_7: 'J', Cluster_8: 'J'
Global ID = 22 | from: Cluster_10: 'A', Cluster_11: 'A', Cluster_7: 'K', Cluster_8: 'A'
Global ID = 23 | from: Cluster_11: 'Z', Cluster_7: 'Z', Cluster_8: 'Z'
Global ID = 24 | from: Cluster_10: 'C', Cluster_11: 'c', Cluster_7: 'c'
Global ID = 25 | from: Cluster_11: 'a', Cluster_7: 'k'
Global ID = 26 | from: Cluster_11: '9', Cluster_7: 'q'
Global ID = 27 | from: Cluster_10: 'm', Cluster_11: 'h', Cluster_7: 'u', Cluster_8: 'k'
Global ID = 28 | from: Cluster_8: 'T', Cluster_9: 'T'
Global ID = 29 | from: Cluster_11: 'r', Cluster_8: 'r', Cluster_9: 'F'
Global ID = 30 | from: Cluster_10: 'D', Cluster_11: 'O', Cluster_8: '0', Cluster_9: 'D'
Global ID = 31 | from: Cluster_11: 'm', Cluster_8: 'M'
Global ID = 32 | from: Cluster_11: 'n', Cluster_8: 'n'
Global ID = 33 | from: Cluster_10: 'c', Cluster_9: 'z'
Global ID = 34 | from: Cluster_11: 'X', Cluster_9: 'X'
Global ID = 35 | from: Cluster_3: '9'
Global ID = 36 | from: Cluster_4: '8'
Global ID = 37 | from: Cluster_6: '2'
Global ID = 38 | from: Cluster_6: '8'
Global ID = 39 | from: Cluster_7: '5'
Global ID = 40 | from: Cluster_7: '9'
Global ID = 41 | from: Cluster_7: 'H'
Global ID = 42 | from: Cluster_7: 'N'
Global ID = 43 | from: Cluster_7: 'O'
Global ID = 44 | from: Cluster_7: 'R'
Global ID = 45 | from: Cluster_7: 'S'
Global ID = 46 | from: Cluster_7: 'T'
Global ID = 47 | from: Cluster_7: 'X'
Global ID = 48 | from: Cluster_7: 'b'
Global ID = 49 | from: Cluster_7: 'd'
Global ID = 50 | from: Cluster_7: 'f'
Global ID = 51 | from: Cluster_7: 'g'
Global ID = 52 | from: Cluster_7: 'h'
Global ID = 53 | from: Cluster_7: 'i'
Global ID = 54 | from: Cluster_7: 'm'
Global ID = 55 | from: Cluster_7: 'o'
Global ID = 56 | from: Cluster_7: 'r'
Global ID = 57 | from: Cluster_7: 's'
Global ID = 58 | from: Cluster_7: 'w'
Global ID = 59 | from: Cluster_8: '2'
Global ID = 60 | from: Cluster_8: '6'
Global ID = 61 | from: Cluster_8: '7'
Global ID = 62 | from: Cluster_8: 'B'
Global ID = 63 | from: Cluster_8: 'D'
Global ID = 64 | from: Cluster_8: 'E'
Global ID = 65 | from: Cluster_8: 'G'
Global ID = 66 | from: Cluster_8: 'I'
Global ID = 67 | from: Cluster_8: 'K'
Global ID = 68 | from: Cluster_8: 'L'
Global ID = 69 | from: Cluster_8: 'N'
Global ID = 70 | from: Cluster_8: 'Q'
Global ID = 71 | from: Cluster_8: 'R'
Global ID = 72 | from: Cluster_8: 'S'
Global ID = 73 | from: Cluster_8: 'U'
Global ID = 74 | from: Cluster_8: 'W'
Global ID = 75 | from: Cluster_8: 'X'
Global ID = 76 | from: Cluster_8: 'Y'
Global ID = 77 | from: Cluster_8: 'b'
Global ID = 78 | from: Cluster_8: 'c'
Global ID = 79 | from: Cluster_8: 'd'
Global ID = 80 | from: Cluster_8: 'f'
Global ID = 81 | from: Cluster_8: 'g'
Global ID = 82 | from: Cluster_8: 'h'
Global ID = 83 | from: Cluster_8: 'i'
Global ID = 84 | from: Cluster_8: 'j'
Global ID = 85 | from: Cluster_8: 'l'
Global ID = 86 | from: Cluster_8: 'm'
Global ID = 87 | from: Cluster_8: 'o'
Global ID = 88 | from: Cluster_8: 'p'
Global ID = 89 | from: Cluster_8: 'q'
Global ID = 90 | from: Cluster_8: 's'
Global ID = 91 | from: Cluster_8: 't'
Global ID = 92 | from: Cluster_8: 'v'
Global ID = 93 | from: Cluster_8: 'w'
Global ID = 94 | from: Cluster_8: 'x'
Global ID = 95 | from: Cluster_8: 'y'
Global ID = 96 | from: Cluster_8: 'z'
Global ID = 97 | from: Cluster_9: '3'
Global ID = 98 | from: Cluster_9: '4'
Global ID = 99 | from: Cluster_9: 'I'
Global ID = 100 | from: Cluster_9: 'J'
Global ID = 101 | from: Cluster_9: 'S'
Global ID = 102 | from: Cluster_9: 'c'
Global ID = 103 | from: Cluster_9: 'd'
Global ID = 104 | from: Cluster_9: 'f'
Global ID = 105 | from: Cluster_9: 'i'
Global ID = 106 | from: Cluster_9: 'm'
Global ID = 107 | from: Cluster_9: 'p'
Global ID = 108 | from: Cluster_9: 'u'
Global ID = 109 | from: Cluster_9: 'v'
Global ID = 110 | from: Cluster_9: 'w'
Global ID = 111 | from: Cluster_10: '9'
Global ID = 112 | from: Cluster_10: 'O'
Global ID = 113 | from: Cluster_10: 'b'
Global ID = 114 | from: Cluster_10: 'l'
Global ID = 115 | from: Cluster_10: 'n'
Global ID = 116 | from: Cluster_10: 'p'
Global ID = 117 | from: Cluster_10: 'r'
Global ID = 118 | from: Cluster_10: 'v'
Global ID = 119 | from: Cluster_10: 'z'
Global ID = 120 | from: Cluster_11: 'I'
Global ID = 121 | from: Cluster_11: 'K'
Global ID = 122 | from: Cluster_11: 'M'
Global ID = 123 | from: Cluster_11: 'N'
Global ID = 124 | from: Cluster_11: 'P'
Global ID = 125 | from: Cluster_11: 'Q'
Global ID = 126 | from: Cluster_11: 'Y'
Global ID = 127 | from: Cluster_11: 'f'
Global ID = 128 | from: Cluster_11: 'l'
Global ID = 129 | from: Cluster_11: 'u'
Global ID = 130 | from: Cluster_11: 'z'
Global ID = 131 | from: Cluster_12: 'bird'
Global ID = 132 | from: Cluster_12: 'cat'
Global ID = 133 | from: Cluster_12: 'deer'
Global ID = 134 | from: Cluster_12: 'dog'
Global ID = 135 | from: Cluster_12: 'frog'
Global ID = 136 | from: Cluster_12: 'ship'
Global ID = 137 | from: Cluster_12: 'truck'
==================================================


##################################################
Entropy Ratio = 0.9
##################################################

==================================================
Label Mapping Summary:
Global ID = 0  | from: Cluster_0: '2', Cluster_1: '2', Cluster_10: 's', Cluster_11: 'd', Cluster_2: '5', Cluster_3: '0', Cluster_4: '2', Cluster_5: '2', Cluster_6: '5', Cluster_7: '2', Cluster_8: 'O', Cluster_9: 'x'
Global ID = 1  | from: Cluster_0: '5', Cluster_1: '5', Cluster_10: '6', Cluster_11: 's', Cluster_3: '6', Cluster_4: '0', Cluster_5: '0', Cluster_6: '3', Cluster_7: 'D', Cluster_8: '5', Cluster_9: 'G'
Global ID = 2  | from: Cluster_0: '1', Cluster_1: '1', Cluster_10: 'j', Cluster_11: '1', Cluster_12: 'bird', Cluster_2: '3', Cluster_3: '1', Cluster_4: '1', Cluster_5: '1', Cluster_6: '9', Cluster_7: 'l', Cluster_8: '1', Cluster_9: 'l'
Global ID = 3  | from: Cluster_1: '8', Cluster_10: 'B', Cluster_11: '8', Cluster_12: 'airplane', Cluster_2: '8', Cluster_7: 'B', Cluster_8: '3', Cluster_9: '8'
Global ID = 4  | from: Cluster_1: '4', Cluster_10: 'q', Cluster_11: 'g', Cluster_2: '4', Cluster_3: '4', Cluster_4: '9', Cluster_5: '4', Cluster_6: '0', Cluster_7: '4', Cluster_8: '9', Cluster_9: '9'
Global ID = 6  | from: Cluster_1: '9', Cluster_10: 'M', Cluster_11: 'T', Cluster_12: 'dog', Cluster_2: '9', Cluster_3: '7', Cluster_5: '7', Cluster_7: 'C', Cluster_8: 'H', Cluster_9: 'M'
Global ID = 7  | from: Cluster_1: '7', Cluster_10: '0', Cluster_12: 'automobile', Cluster_7: '8', Cluster_8: '8', Cluster_9: '2'
Global ID = 8  | from: Cluster_1: '3', Cluster_10: '7', Cluster_11: '3', Cluster_3: '3', Cluster_4: '3', Cluster_6: '7', Cluster_7: '7', Cluster_9: '7'
Global ID = 9  | from: Cluster_10: 'I', Cluster_6: '1', Cluster_7: 'I', Cluster_9: '1'
Global ID = 11 | from: Cluster_10: 'F', Cluster_11: 'E', Cluster_7: 'F', Cluster_8: 'F'
Global ID = 12 | from: Cluster_11: 'k', Cluster_7: 'L', Cluster_8: 'C', Cluster_9: 'K'
Global ID = 13 | from: Cluster_10: 'P', Cluster_11: 'p', Cluster_7: 'P', Cluster_8: 'P'
Global ID = 14 | from: Cluster_11: 'v', Cluster_7: 'V', Cluster_8: 'V'
Global ID = 15 | from: Cluster_1: '6', Cluster_10: 'G', Cluster_11: '6', Cluster_5: '6', Cluster_6: '6', Cluster_7: 'a', Cluster_8: 'a', Cluster_9: 'o'
Global ID = 16 | from: Cluster_10: 'E', Cluster_7: 'e', Cluster_8: 'e'
Global ID = 17 | from: Cluster_10: 'u', Cluster_11: 'V', Cluster_7: 'U', Cluster_8: 'u', Cluster_9: 'U'
Global ID = 18 | from: Cluster_10: 'W', Cluster_11: 'W', Cluster_7: 'W', Cluster_9: 'W'
Global ID = 19 | from: Cluster_10: 'h', Cluster_11: 'y', Cluster_6: '4', Cluster_7: 'Y', Cluster_8: '4', Cluster_9: 'Y'
Global ID = 20 | from: Cluster_10: 'V', Cluster_7: '1', Cluster_9: 's'
Global ID = 21 | from: Cluster_11: 'J', Cluster_7: 'J', Cluster_8: 'J'
Global ID = 22 | from: Cluster_10: 'A', Cluster_11: 'A', Cluster_7: 'K', Cluster_8: 'A'
Global ID = 23 | from: Cluster_11: 'Z', Cluster_7: 'Z', Cluster_8: 'Z'
Global ID = 24 | from: Cluster_10: 'C', Cluster_11: 'c', Cluster_7: 'c'
Global ID = 25 | from: Cluster_11: 'a', Cluster_7: 'k'
Global ID = 26 | from: Cluster_11: '9', Cluster_7: 'q'
Global ID = 27 | from: Cluster_10: 'm', Cluster_11: 'h', Cluster_7: 'u', Cluster_8: 'k'
Global ID = 28 | from: Cluster_8: 'T', Cluster_9: 'T'
Global ID = 29 | from: Cluster_11: 'r', Cluster_8: 'r', Cluster_9: 'F'
Global ID = 30 | from: Cluster_10: 'D', Cluster_11: 'O', Cluster_8: '0', Cluster_9: 'D'
Global ID = 31 | from: Cluster_11: 'm', Cluster_8: 'M'
Global ID = 32 | from: Cluster_11: 'n', Cluster_8: 'n'
Global ID = 33 | from: Cluster_10: 'c', Cluster_9: 'z'
Global ID = 34 | from: Cluster_11: 'X', Cluster_9: 'X'
Global ID = 35 | from: Cluster_3: '9'
Global ID = 36 | from: Cluster_4: '8'
Global ID = 37 | from: Cluster_6: '2'
Global ID = 38 | from: Cluster_6: '8'
Global ID = 39 | from: Cluster_7: '5'
Global ID = 40 | from: Cluster_7: '9'
Global ID = 41 | from: Cluster_7: 'H'
Global ID = 42 | from: Cluster_7: 'N'
Global ID = 43 | from: Cluster_7: 'O'
Global ID = 44 | from: Cluster_7: 'R'
Global ID = 45 | from: Cluster_7: 'S'
Global ID = 46 | from: Cluster_7: 'T'
Global ID = 47 | from: Cluster_7: 'X'
Global ID = 48 | from: Cluster_7: 'b'
Global ID = 49 | from: Cluster_7: 'd'
Global ID = 50 | from: Cluster_7: 'f'
Global ID = 51 | from: Cluster_7: 'g'
Global ID = 52 | from: Cluster_7: 'h'
Global ID = 53 | from: Cluster_7: 'i'
Global ID = 54 | from: Cluster_7: 'm'
Global ID = 55 | from: Cluster_7: 'o'
Global ID = 56 | from: Cluster_7: 'r'
Global ID = 57 | from: Cluster_7: 's'
Global ID = 58 | from: Cluster_7: 'w'
Global ID = 59 | from: Cluster_8: '2'
Global ID = 60 | from: Cluster_8: '6'
Global ID = 61 | from: Cluster_8: '7'
Global ID = 62 | from: Cluster_8: 'B'
Global ID = 63 | from: Cluster_8: 'D'
Global ID = 64 | from: Cluster_8: 'E'
Global ID = 65 | from: Cluster_8: 'G'
Global ID = 66 | from: Cluster_8: 'I'
Global ID = 67 | from: Cluster_8: 'K'
Global ID = 68 | from: Cluster_8: 'L'
Global ID = 69 | from: Cluster_8: 'N'
Global ID = 70 | from: Cluster_8: 'Q'
Global ID = 71 | from: Cluster_8: 'R'
Global ID = 72 | from: Cluster_8: 'S'
Global ID = 73 | from: Cluster_8: 'U'
Global ID = 74 | from: Cluster_8: 'W'
Global ID = 75 | from: Cluster_8: 'X'
Global ID = 76 | from: Cluster_8: 'Y'
Global ID = 77 | from: Cluster_8: 'b'
Global ID = 78 | from: Cluster_8: 'c'
Global ID = 79 | from: Cluster_8: 'd'
Global ID = 80 | from: Cluster_8: 'f'
Global ID = 81 | from: Cluster_8: 'g'
Global ID = 82 | from: Cluster_8: 'h'
Global ID = 83 | from: Cluster_8: 'i'
Global ID = 84 | from: Cluster_8: 'j'
Global ID = 85 | from: Cluster_8: 'l'
Global ID = 86 | from: Cluster_8: 'm'
Global ID = 87 | from: Cluster_8: 'o'
Global ID = 88 | from: Cluster_8: 'p'
Global ID = 89 | from: Cluster_8: 'q'
Global ID = 90 | from: Cluster_8: 's'
Global ID = 91 | from: Cluster_8: 't'
Global ID = 92 | from: Cluster_8: 'v'
Global ID = 93 | from: Cluster_8: 'w'
Global ID = 94 | from: Cluster_8: 'x'
Global ID = 95 | from: Cluster_8: 'y'
Global ID = 96 | from: Cluster_8: 'z'
Global ID = 97 | from: Cluster_9: '3'
Global ID = 98 | from: Cluster_9: '4'
Global ID = 99 | from: Cluster_9: 'I'
Global ID = 100 | from: Cluster_9: 'J'
Global ID = 101 | from: Cluster_9: 'S'
Global ID = 102 | from: Cluster_9: 'c'
Global ID = 103 | from: Cluster_9: 'd'
Global ID = 104 | from: Cluster_9: 'f'
Global ID = 105 | from: Cluster_9: 'i'
Global ID = 106 | from: Cluster_9: 'm'
Global ID = 107 | from: Cluster_9: 'p'
Global ID = 108 | from: Cluster_9: 'u'
Global ID = 109 | from: Cluster_9: 'v'
Global ID = 110 | from: Cluster_9: 'w'
Global ID = 111 | from: Cluster_10: '9'
Global ID = 112 | from: Cluster_10: 'O'
Global ID = 113 | from: Cluster_10: 'b'
Global ID = 114 | from: Cluster_10: 'l'
Global ID = 115 | from: Cluster_10: 'n'
Global ID = 116 | from: Cluster_10: 'p'
Global ID = 117 | from: Cluster_10: 'r'
Global ID = 118 | from: Cluster_10: 'v'
Global ID = 119 | from: Cluster_10: 'z'
Global ID = 120 | from: Cluster_11: 'I'
Global ID = 121 | from: Cluster_11: 'K'
Global ID = 122 | from: Cluster_11: 'M'
Global ID = 123 | from: Cluster_11: 'N'
Global ID = 124 | from: Cluster_11: 'P'
Global ID = 125 | from: Cluster_11: 'Q'
Global ID = 126 | from: Cluster_11: 'Y'
Global ID = 127 | from: Cluster_11: 'f'
Global ID = 128 | from: Cluster_11: 'l'
Global ID = 129 | from: Cluster_11: 'u'
Global ID = 130 | from: Cluster_11: 'z'
Global ID = 131 | from: Cluster_12: 'cat'
Global ID = 132 | from: Cluster_12: 'deer'
Global ID = 133 | from: Cluster_12: 'frog'
Global ID = 134 | from: Cluster_12: 'horse'
Global ID = 135 | from: Cluster_12: 'ship'
Global ID = 136 | from: Cluster_12: 'truck'
==================================================


##################################################
Entropy Ratio = 0.95
##################################################

==================================================
Label Mapping Summary:
Global ID = 0  | from: Cluster_0: '2', Cluster_1: '2', Cluster_10: 's', Cluster_11: 'd', Cluster_12: 'ship', Cluster_2: '5', Cluster_3: '0', Cluster_4: '2', Cluster_5: '2', Cluster_6: '5', Cluster_7: '2', Cluster_8: 'O', Cluster_9: 'x'
Global ID = 1  | from: Cluster_0: '5', Cluster_1: '5', Cluster_10: '6', Cluster_11: 's', Cluster_3: '6', Cluster_4: '0', Cluster_5: '0', Cluster_6: '3', Cluster_7: 'D', Cluster_8: '5', Cluster_9: 'G'
Global ID = 2  | from: Cluster_0: '1', Cluster_1: '1', Cluster_10: 'j', Cluster_11: '1', Cluster_12: 'bird', Cluster_2: '3', Cluster_3: '1', Cluster_4: '1', Cluster_5: '1', Cluster_6: '9', Cluster_7: 'l', Cluster_8: '1', Cluster_9: 'l'
Global ID = 3  | from: Cluster_1: '8', Cluster_10: 'B', Cluster_11: '8', Cluster_12: 'airplane', Cluster_2: '8', Cluster_7: 'B', Cluster_8: '3', Cluster_9: '8'
Global ID = 4  | from: Cluster_1: '4', Cluster_10: 'q', Cluster_11: 'g', Cluster_2: '4', Cluster_3: '4', Cluster_4: '9', Cluster_5: '4', Cluster_6: '0', Cluster_7: '4', Cluster_8: '9', Cluster_9: '9'
Global ID = 6  | from: Cluster_1: '9', Cluster_10: 'M', Cluster_11: 'T', Cluster_12: 'dog', Cluster_2: '9', Cluster_3: '7', Cluster_5: '7', Cluster_7: 'C', Cluster_8: 'H', Cluster_9: 'M'
Global ID = 7  | from: Cluster_1: '7', Cluster_10: '0', Cluster_12: 'automobile', Cluster_7: '8', Cluster_8: '8', Cluster_9: '2'
Global ID = 8  | from: Cluster_1: '3', Cluster_10: '7', Cluster_11: '3', Cluster_3: '3', Cluster_4: '3', Cluster_6: '7', Cluster_7: '7', Cluster_9: '7'
Global ID = 9  | from: Cluster_10: 'I', Cluster_6: '1', Cluster_7: 'I', Cluster_9: '1'
Global ID = 11 | from: Cluster_10: 'F', Cluster_11: 'E', Cluster_7: 'F', Cluster_8: 'F'
Global ID = 12 | from: Cluster_11: 'k', Cluster_7: 'L', Cluster_8: 'C', Cluster_9: 'K'
Global ID = 13 | from: Cluster_10: 'P', Cluster_11: 'p', Cluster_7: 'P', Cluster_8: 'P'
Global ID = 14 | from: Cluster_11: 'v', Cluster_7: 'V', Cluster_8: 'V'
Global ID = 15 | from: Cluster_1: '6', Cluster_10: 'G', Cluster_11: '6', Cluster_5: '6', Cluster_6: '6', Cluster_7: 'a', Cluster_8: 'a', Cluster_9: 'o'
Global ID = 16 | from: Cluster_10: 'E', Cluster_7: 'e', Cluster_8: 'e'
Global ID = 17 | from: Cluster_10: 'u', Cluster_11: 'V', Cluster_7: 'U', Cluster_8: 'u', Cluster_9: 'U'
Global ID = 18 | from: Cluster_10: 'W', Cluster_11: 'W', Cluster_7: 'W', Cluster_9: 'W'
Global ID = 19 | from: Cluster_10: 'h', Cluster_11: 'y', Cluster_6: '4', Cluster_7: 'Y', Cluster_8: '4', Cluster_9: 'Y'
Global ID = 20 | from: Cluster_10: 'V', Cluster_7: '1', Cluster_9: 's'
Global ID = 21 | from: Cluster_11: 'J', Cluster_7: 'J', Cluster_8: 'J'
Global ID = 22 | from: Cluster_10: 'A', Cluster_11: 'A', Cluster_7: 'K', Cluster_8: 'A'
Global ID = 23 | from: Cluster_11: 'Z', Cluster_7: 'Z', Cluster_8: 'Z'
Global ID = 24 | from: Cluster_10: 'C', Cluster_11: 'c', Cluster_7: 'c'
Global ID = 25 | from: Cluster_11: 'a', Cluster_7: 'k'
Global ID = 26 | from: Cluster_11: '9', Cluster_7: 'q'
Global ID = 27 | from: Cluster_10: 'm', Cluster_11: 'h', Cluster_7: 'u', Cluster_8: 'k'
Global ID = 28 | from: Cluster_8: 'T', Cluster_9: 'T'
Global ID = 29 | from: Cluster_11: 'r', Cluster_8: 'r', Cluster_9: 'F'
Global ID = 30 | from: Cluster_10: 'D', Cluster_11: 'O', Cluster_8: '0', Cluster_9: 'D'
Global ID = 31 | from: Cluster_11: 'm', Cluster_8: 'M'
Global ID = 32 | from: Cluster_11: 'n', Cluster_8: 'n'
Global ID = 33 | from: Cluster_10: 'c', Cluster_9: 'z'
Global ID = 34 | from: Cluster_11: 'X', Cluster_9: 'X'
Global ID = 35 | from: Cluster_3: '9'
Global ID = 36 | from: Cluster_4: '8'
Global ID = 37 | from: Cluster_6: '2'
Global ID = 38 | from: Cluster_6: '8'
Global ID = 39 | from: Cluster_7: '5'
Global ID = 40 | from: Cluster_7: '9'
Global ID = 41 | from: Cluster_7: 'H'
Global ID = 42 | from: Cluster_7: 'N'
Global ID = 43 | from: Cluster_7: 'O'
Global ID = 44 | from: Cluster_7: 'R'
Global ID = 45 | from: Cluster_7: 'S'
Global ID = 46 | from: Cluster_7: 'T'
Global ID = 47 | from: Cluster_7: 'X'
Global ID = 48 | from: Cluster_7: 'b'
Global ID = 49 | from: Cluster_7: 'd'
Global ID = 50 | from: Cluster_7: 'f'
Global ID = 51 | from: Cluster_7: 'g'
Global ID = 52 | from: Cluster_7: 'h'
Global ID = 53 | from: Cluster_7: 'i'
Global ID = 54 | from: Cluster_7: 'm'
Global ID = 55 | from: Cluster_7: 'o'
Global ID = 56 | from: Cluster_7: 'r'
Global ID = 57 | from: Cluster_7: 's'
Global ID = 58 | from: Cluster_7: 'w'
Global ID = 59 | from: Cluster_8: '2'
Global ID = 60 | from: Cluster_8: '6'
Global ID = 61 | from: Cluster_8: '7'
Global ID = 62 | from: Cluster_8: 'B'
Global ID = 63 | from: Cluster_8: 'D'
Global ID = 64 | from: Cluster_8: 'E'
Global ID = 65 | from: Cluster_8: 'G'
Global ID = 66 | from: Cluster_8: 'I'
Global ID = 67 | from: Cluster_8: 'K'
Global ID = 68 | from: Cluster_8: 'L'
Global ID = 69 | from: Cluster_8: 'N'
Global ID = 70 | from: Cluster_8: 'Q'
Global ID = 71 | from: Cluster_8: 'R'
Global ID = 72 | from: Cluster_8: 'S'
Global ID = 73 | from: Cluster_8: 'U'
Global ID = 74 | from: Cluster_8: 'W'
Global ID = 75 | from: Cluster_8: 'X'
Global ID = 76 | from: Cluster_8: 'Y'
Global ID = 77 | from: Cluster_8: 'b'
Global ID = 78 | from: Cluster_8: 'c'
Global ID = 79 | from: Cluster_8: 'd'
Global ID = 80 | from: Cluster_8: 'f'
Global ID = 81 | from: Cluster_8: 'g'
Global ID = 82 | from: Cluster_8: 'h'
Global ID = 83 | from: Cluster_8: 'i'
Global ID = 84 | from: Cluster_8: 'j'
Global ID = 85 | from: Cluster_8: 'l'
Global ID = 86 | from: Cluster_8: 'm'
Global ID = 87 | from: Cluster_8: 'o'
Global ID = 88 | from: Cluster_8: 'p'
Global ID = 89 | from: Cluster_8: 'q'
Global ID = 90 | from: Cluster_8: 's'
Global ID = 91 | from: Cluster_8: 't'
Global ID = 92 | from: Cluster_8: 'v'
Global ID = 93 | from: Cluster_8: 'w'
Global ID = 94 | from: Cluster_8: 'x'
Global ID = 95 | from: Cluster_8: 'y'
Global ID = 96 | from: Cluster_8: 'z'
Global ID = 97 | from: Cluster_9: '3'
Global ID = 98 | from: Cluster_9: '4'
Global ID = 99 | from: Cluster_9: 'I'
Global ID = 100 | from: Cluster_9: 'J'
Global ID = 101 | from: Cluster_9: 'S'
Global ID = 102 | from: Cluster_9: 'c'
Global ID = 103 | from: Cluster_9: 'd'
Global ID = 104 | from: Cluster_9: 'f'
Global ID = 105 | from: Cluster_9: 'i'
Global ID = 106 | from: Cluster_9: 'm'
Global ID = 107 | from: Cluster_9: 'p'
Global ID = 108 | from: Cluster_9: 'u'
Global ID = 109 | from: Cluster_9: 'v'
Global ID = 110 | from: Cluster_9: 'w'
Global ID = 111 | from: Cluster_10: '9'
Global ID = 112 | from: Cluster_10: 'O'
Global ID = 113 | from: Cluster_10: 'b'
Global ID = 114 | from: Cluster_10: 'l'
Global ID = 115 | from: Cluster_10: 'n'
Global ID = 116 | from: Cluster_10: 'p'
Global ID = 117 | from: Cluster_10: 'r'
Global ID = 118 | from: Cluster_10: 'v'
Global ID = 119 | from: Cluster_10: 'z'
Global ID = 120 | from: Cluster_11: 'I'
Global ID = 121 | from: Cluster_11: 'K'
Global ID = 122 | from: Cluster_11: 'M'
Global ID = 123 | from: Cluster_11: 'N'
Global ID = 124 | from: Cluster_11: 'P'
Global ID = 125 | from: Cluster_11: 'Q'
Global ID = 126 | from: Cluster_11: 'Y'
Global ID = 127 | from: Cluster_11: 'f'
Global ID = 128 | from: Cluster_11: 'l'
Global ID = 129 | from: Cluster_11: 'u'
Global ID = 130 | from: Cluster_11: 'z'
Global ID = 131 | from: Cluster_12: 'cat'
Global ID = 132 | from: Cluster_12: 'deer'
Global ID = 133 | from: Cluster_12: 'frog'
Global ID = 134 | from: Cluster_12: 'horse'
Global ID = 135 | from: Cluster_12: 'truck'
==================================================


##################################################
Entropy Ratio = 1.0
##################################################

==================================================
Label Mapping Summary:
Global ID = 0  | from: Cluster_0: '2', Cluster_1: '2', Cluster_10: 's', Cluster_11: 'd', Cluster_12: 'ship', Cluster_2: '5', Cluster_3: '0', Cluster_4: '2', Cluster_5: '2', Cluster_6: '5', Cluster_7: '2', Cluster_8: 'O', Cluster_9: 'x'
Global ID = 1  | from: Cluster_0: '5', Cluster_1: '5', Cluster_10: '6', Cluster_11: 's', Cluster_3: '6', Cluster_4: '0', Cluster_5: '0', Cluster_6: '3', Cluster_7: 'D', Cluster_8: '5', Cluster_9: 'G'
Global ID = 2  | from: Cluster_0: '1', Cluster_1: '1', Cluster_10: 'j', Cluster_11: '1', Cluster_12: 'bird', Cluster_2: '3', Cluster_3: '1', Cluster_4: '1', Cluster_5: '1', Cluster_6: '9', Cluster_7: 'l', Cluster_8: '1', Cluster_9: 'l'
Global ID = 3  | from: Cluster_1: '8', Cluster_10: 'B', Cluster_11: '8', Cluster_12: 'airplane', Cluster_2: '8', Cluster_7: 'B', Cluster_8: '3', Cluster_9: '8'
Global ID = 4  | from: Cluster_1: '4', Cluster_10: 'q', Cluster_11: 'g', Cluster_2: '4', Cluster_3: '4', Cluster_4: '9', Cluster_5: '4', Cluster_6: '0', Cluster_7: '4', Cluster_8: '9', Cluster_9: '9'
Global ID = 6  | from: Cluster_1: '9', Cluster_10: 'M', Cluster_11: 'T', Cluster_12: 'dog', Cluster_2: '9', Cluster_3: '7', Cluster_5: '7', Cluster_7: 'C', Cluster_8: 'H', Cluster_9: 'M'
Global ID = 7  | from: Cluster_1: '7', Cluster_10: '0', Cluster_12: 'automobile', Cluster_7: '8', Cluster_8: '8', Cluster_9: '2'
Global ID = 8  | from: Cluster_1: '3', Cluster_10: '7', Cluster_11: '3', Cluster_3: '3', Cluster_4: '3', Cluster_6: '7', Cluster_7: '7', Cluster_9: '7'
Global ID = 9  | from: Cluster_10: 'I', Cluster_6: '1', Cluster_7: 'I', Cluster_9: '1'
Global ID = 11 | from: Cluster_10: 'F', Cluster_11: 'E', Cluster_7: 'F', Cluster_8: 'F'
Global ID = 12 | from: Cluster_11: 'k', Cluster_7: 'L', Cluster_8: 'C', Cluster_9: 'K'
Global ID = 13 | from: Cluster_10: 'P', Cluster_11: 'p', Cluster_7: 'P', Cluster_8: 'P'
Global ID = 14 | from: Cluster_11: 'v', Cluster_7: 'V', Cluster_8: 'V'
Global ID = 15 | from: Cluster_1: '6', Cluster_10: 'G', Cluster_11: '6', Cluster_5: '6', Cluster_6: '6', Cluster_7: 'a', Cluster_8: 'a', Cluster_9: 'o'
Global ID = 16 | from: Cluster_10: 'E', Cluster_7: 'e', Cluster_8: 'e'
Global ID = 17 | from: Cluster_10: 'u', Cluster_11: 'V', Cluster_7: 'U', Cluster_8: 'u', Cluster_9: 'U'
Global ID = 18 | from: Cluster_10: 'W', Cluster_11: 'W', Cluster_7: 'W', Cluster_9: 'W'
Global ID = 19 | from: Cluster_10: 'h', Cluster_11: 'y', Cluster_6: '4', Cluster_7: 'Y', Cluster_8: '4', Cluster_9: 'Y'
Global ID = 20 | from: Cluster_10: 'V', Cluster_7: '1', Cluster_9: 's'
Global ID = 21 | from: Cluster_11: 'J', Cluster_7: 'J', Cluster_8: 'J'
Global ID = 22 | from: Cluster_10: 'A', Cluster_11: 'A', Cluster_7: 'K', Cluster_8: 'A'
Global ID = 23 | from: Cluster_11: 'Z', Cluster_7: 'Z', Cluster_8: 'Z'
Global ID = 24 | from: Cluster_10: 'C', Cluster_11: 'c', Cluster_7: 'c'
Global ID = 25 | from: Cluster_11: 'a', Cluster_7: 'k'
Global ID = 26 | from: Cluster_11: '9', Cluster_7: 'q'
Global ID = 27 | from: Cluster_10: 'm', Cluster_11: 'h', Cluster_7: 'u', Cluster_8: 'k'
Global ID = 28 | from: Cluster_8: 'T', Cluster_9: 'T'
Global ID = 29 | from: Cluster_11: 'r', Cluster_8: 'r', Cluster_9: 'F'
Global ID = 30 | from: Cluster_10: 'D', Cluster_11: 'O', Cluster_8: '0', Cluster_9: 'D'
Global ID = 31 | from: Cluster_11: 'm', Cluster_8: 'M'
Global ID = 32 | from: Cluster_11: 'n', Cluster_8: 'n'
Global ID = 33 | from: Cluster_10: 'c', Cluster_9: 'z'
Global ID = 34 | from: Cluster_11: 'X', Cluster_9: 'X'
Global ID = 35 | from: Cluster_3: '9'
Global ID = 36 | from: Cluster_4: '8'
Global ID = 37 | from: Cluster_6: '2'
Global ID = 38 | from: Cluster_6: '8'
Global ID = 39 | from: Cluster_7: '5'
Global ID = 40 | from: Cluster_7: '9'
Global ID = 41 | from: Cluster_7: 'H'
Global ID = 42 | from: Cluster_7: 'N'
Global ID = 43 | from: Cluster_7: 'O'
Global ID = 44 | from: Cluster_7: 'R'
Global ID = 45 | from: Cluster_7: 'S'
Global ID = 46 | from: Cluster_7: 'T'
Global ID = 47 | from: Cluster_7: 'X'
Global ID = 48 | from: Cluster_7: 'b'
Global ID = 49 | from: Cluster_7: 'd'
Global ID = 50 | from: Cluster_7: 'f'
Global ID = 51 | from: Cluster_7: 'g'
Global ID = 52 | from: Cluster_7: 'h'
Global ID = 53 | from: Cluster_7: 'i'
Global ID = 54 | from: Cluster_7: 'm'
Global ID = 55 | from: Cluster_7: 'o'
Global ID = 56 | from: Cluster_7: 'r'
Global ID = 57 | from: Cluster_7: 's'
Global ID = 58 | from: Cluster_7: 'w'
Global ID = 59 | from: Cluster_8: '2'
Global ID = 60 | from: Cluster_8: '6'
Global ID = 61 | from: Cluster_8: '7'
Global ID = 62 | from: Cluster_8: 'B'
Global ID = 63 | from: Cluster_8: 'D'
Global ID = 64 | from: Cluster_8: 'E'
Global ID = 65 | from: Cluster_8: 'G'
Global ID = 66 | from: Cluster_8: 'I'
Global ID = 67 | from: Cluster_8: 'K'
Global ID = 68 | from: Cluster_8: 'L'
Global ID = 69 | from: Cluster_8: 'N'
Global ID = 70 | from: Cluster_8: 'Q'
Global ID = 71 | from: Cluster_8: 'R'
Global ID = 72 | from: Cluster_8: 'S'
Global ID = 73 | from: Cluster_8: 'U'
Global ID = 74 | from: Cluster_8: 'W'
Global ID = 75 | from: Cluster_8: 'X'
Global ID = 76 | from: Cluster_8: 'Y'
Global ID = 77 | from: Cluster_8: 'b'
Global ID = 78 | from: Cluster_8: 'c'
Global ID = 79 | from: Cluster_8: 'd'
Global ID = 80 | from: Cluster_8: 'f'
Global ID = 81 | from: Cluster_8: 'g'
Global ID = 82 | from: Cluster_8: 'h'
Global ID = 83 | from: Cluster_8: 'i'
Global ID = 84 | from: Cluster_8: 'j'
Global ID = 85 | from: Cluster_8: 'l'
Global ID = 86 | from: Cluster_8: 'm'
Global ID = 87 | from: Cluster_8: 'o'
Global ID = 88 | from: Cluster_8: 'p'
Global ID = 89 | from: Cluster_8: 'q'
Global ID = 90 | from: Cluster_8: 's'
Global ID = 91 | from: Cluster_8: 't'
Global ID = 92 | from: Cluster_8: 'v'
Global ID = 93 | from: Cluster_8: 'w'
Global ID = 94 | from: Cluster_8: 'x'
Global ID = 95 | from: Cluster_8: 'y'
Global ID = 96 | from: Cluster_8: 'z'
Global ID = 97 | from: Cluster_9: '3'
Global ID = 98 | from: Cluster_9: '4'
Global ID = 99 | from: Cluster_9: 'I'
Global ID = 100 | from: Cluster_9: 'J'
Global ID = 101 | from: Cluster_9: 'S'
Global ID = 102 | from: Cluster_9: 'c'
Global ID = 103 | from: Cluster_9: 'd'
Global ID = 104 | from: Cluster_9: 'f'
Global ID = 105 | from: Cluster_9: 'i'
Global ID = 106 | from: Cluster_9: 'm'
Global ID = 107 | from: Cluster_9: 'p'
Global ID = 108 | from: Cluster_9: 'u'
Global ID = 109 | from: Cluster_9: 'v'
Global ID = 110 | from: Cluster_9: 'w'
Global ID = 111 | from: Cluster_10: '9'
Global ID = 112 | from: Cluster_10: 'O'
Global ID = 113 | from: Cluster_10: 'b'
Global ID = 114 | from: Cluster_10: 'l'
Global ID = 115 | from: Cluster_10: 'n'
Global ID = 116 | from: Cluster_10: 'p'
Global ID = 117 | from: Cluster_10: 'r'
Global ID = 118 | from: Cluster_10: 'v'
Global ID = 119 | from: Cluster_10: 'z'
Global ID = 120 | from: Cluster_11: 'I'
Global ID = 121 | from: Cluster_11: 'K'
Global ID = 122 | from: Cluster_11: 'M'
Global ID = 123 | from: Cluster_11: 'N'
Global ID = 124 | from: Cluster_11: 'P'
Global ID = 125 | from: Cluster_11: 'Q'
Global ID = 126 | from: Cluster_11: 'Y'
Global ID = 127 | from: Cluster_11: 'f'
Global ID = 128 | from: Cluster_11: 'l'
Global ID = 129 | from: Cluster_11: 'u'
Global ID = 130 | from: Cluster_11: 'z'
Global ID = 131 | from: Cluster_12: 'cat'
Global ID = 132 | from: Cluster_12: 'deer'
Global ID = 133 | from: Cluster_12: 'frog'
Global ID = 134 | from: Cluster_12: 'horse'
Global ID = 135 | from: Cluster_12: 'truck'
==================================================

