Time: 2026-04-06 19:58:18
Log Dir: /home/unshun/multi-FL/logs/Local_iid_het_gb40/new_client_2026-04-06_19-58-18/
================================================================================Loading checkpoints from logs/Local_iid_het_gb40/Local/
Method selected: NAYER
Loaded MLP for MNIST from client_model_MNIST_c0_MLP.pth
Loaded LeNet for MNIST from client_model_MNIST_c6_LeNet.pth
Loaded ShuffleNet for MNIST from client_model_MNIST_c8_ShuffleNet.pth
Loaded MobileNetV2 for MNIST from client_model_MNIST_c4_MobileNetV2.pth
Loaded ResNet8 for MNIST from client_model_MNIST_c2_ResNet8.pth
Loaded CNN for MNIST from client_model_MNIST_c1_CNN.pth
Loaded ResNet18 for MNIST from client_model_MNIST_c3_ResNet18.pth
Loaded SqueezeNet for MNIST from client_model_MNIST_c9_SqueezeNet.pth
Loaded AlexNet for MNIST from client_model_MNIST_c7_AlexNet.pth
Loaded MobileNetV3 for MNIST from client_model_MNIST_c5_MobileNetV3.pth
Loaded ShuffleNet for EMNIST from client_model_EMNIST_c19_ShuffleNet.pth
Loaded MobileNetV2 for EMNIST from client_model_EMNIST_c15_MobileNetV2.pth
Loaded AlexNet for EMNIST from client_model_EMNIST_c18_AlexNet.pth
Loaded SqueezeNet for EMNIST from client_model_EMNIST_c20_SqueezeNet.pth
Loaded MobileNetV3 for EMNIST from client_model_EMNIST_c16_MobileNetV3.pth
Loaded ResNet18 for EMNIST from client_model_EMNIST_c14_ResNet18.pth
Loaded ResNet8 for EMNIST from client_model_EMNIST_c13_ResNet8.pth
Loaded CNN for EMNIST from client_model_EMNIST_c12_CNN.pth
Loaded MLP for EMNIST from client_model_EMNIST_c11_MLP.pth
Loaded LeNet for EMNIST from client_model_EMNIST_c17_LeNet.pth
Loaded SqueezeNet for CIFAR10 from client_model_CIFAR10_c31_SqueezeNet.pth
Loaded MLP for CIFAR10 from client_model_CIFAR10_c22_MLP.pth
Loaded ResNet8 for CIFAR10 from client_model_CIFAR10_c24_ResNet8.pth
Loaded CNN for CIFAR10 from client_model_CIFAR10_c23_CNN.pth
Loaded ResNet18 for CIFAR10 from client_model_CIFAR10_c25_ResNet18.pth
Loaded MobileNetV2 for CIFAR10 from client_model_CIFAR10_c26_MobileNetV2.pth
Loaded LeNet for CIFAR10 from client_model_CIFAR10_c28_LeNet.pth
Loaded ShuffleNet for CIFAR10 from client_model_CIFAR10_c30_ShuffleNet.pth
Loaded MobileNetV3 for CIFAR10 from client_model_CIFAR10_c27_MobileNetV3.pth
Loaded AlexNet for CIFAR10 from client_model_CIFAR10_c29_AlexNet.pth
WARNING: No models loaded for dataset: FashionMNIST.
WARNING: No models loaded for dataset: CIFAR100.

========================================
>>> [METHOD: SYNTHETIC] Starting Synthetic Label Mapping...
========================================
>>> Target Methods to Run: ['NAYER']
>>> [Syn] Loaded client data distributions directly from server checkpoint.

########################################
>>> [Syn] Running Method: NAYER
########################################

>>> Syn-NAYER Training New Generators...
[Testing] Training Per-Dataset Generators Offline (New Gen Method) using NAYER...
--- NAYER Generator Configuration ---
    epochs: 150
    g_loops: 2
    g_steps: 500
    g_life: 10
    kd_steps: 400
    lr_g: 0.002
    ce: 1.0
    bn: 0.1
    adv: 0.0
------------------------------------
    -> Loading CLIP ViT-B/32 label embeddings for 10 classes...
    Dataset [MNIST] Generator | Epochs: 150 | Final Loss: 0.3393
-> [New] Gen images saved to /home/unshun/multi-FL/logs/Local_iid_het_gb40/new_client_2026-04-06_19-58-18/NAYER_MNIST__gen_img_new.png
    -> Loading CLIP ViT-B/32 label embeddings for 62 classes...
    Dataset [EMNIST] Generator | Epochs: 150 | Final Loss: 4.2008
-> [New] Gen images saved to /home/unshun/multi-FL/logs/Local_iid_het_gb40/new_client_2026-04-06_19-58-18/NAYER_EMNIST__gen_img_new.png
    -> Loading CLIP ViT-B/32 label embeddings for 10 classes...
    Dataset [CIFAR10] Generator | Epochs: 150 | Final Loss: 0.4141
-> [New] Gen images saved to /home/unshun/multi-FL/logs/Local_iid_het_gb40/new_client_2026-04-06_19-58-18/NAYER_CIFAR10__gen_img_new.png
Exp (Syn): New Gen + Old Ent (0.1)
dynamic_entropy_ratio: 0.1
MNIST:'0' -> EMNIST ❌ (Uncertain)
MNIST:'1' -> EMNIST ❌ (Uncertain)
MNIST:'2' -> EMNIST ❌ (Uncertain)
MNIST:'3' -> EMNIST ❌ (Uncertain)
MNIST:'4' -> EMNIST ❌ (Uncertain)
MNIST:'5' -> EMNIST ❌ (Uncertain)
MNIST:'6' -> EMNIST ❌ (Uncertain)
MNIST:'7' -> EMNIST ❌ (Uncertain)
MNIST:'8' -> EMNIST ❌ (Uncertain)
MNIST:'9' -> EMNIST ❌ (Uncertain)
MNIST:'0' -> CIFAR10 ❌ (Uncertain)
MNIST:'1' -> CIFAR10 ❌ (Uncertain)
MNIST:'2' -> CIFAR10 ❌ (Uncertain)
MNIST:'3' -> CIFAR10 ❌ (Uncertain)
MNIST:'4' -> CIFAR10 ❌ (Uncertain)
MNIST:'5' -> CIFAR10 ❌ (Uncertain)
MNIST:'6' -> CIFAR10 ❌ (Uncertain)
MNIST:'7' -> CIFAR10 ❌ (Uncertain)
MNIST:'8' -> CIFAR10 ❌ (Uncertain)
MNIST:'9' -> CIFAR10 ❌ (Uncertain)
EMNIST:'0' -> MNIST ❌ (Uncertain)
EMNIST:'1' -> MNIST ❌ (Uncertain)
EMNIST:'2' -> MNIST ❌ (Uncertain)
EMNIST:'3' -> MNIST ❌ (Uncertain)
EMNIST:'4' -> MNIST ❌ (Uncertain)
EMNIST:'5' -> MNIST ❌ (Uncertain)
EMNIST:'6' -> MNIST ❌ (Uncertain)
EMNIST:'7' -> MNIST ❌ (Uncertain)
EMNIST:'8' -> MNIST ❌ (Uncertain)
EMNIST:'9' -> MNIST ❌ (Uncertain)
EMNIST:'A' -> MNIST ❌ (Uncertain)
EMNIST:'B' -> MNIST ❌ (Uncertain)
EMNIST:'C' -> MNIST ❌ (Uncertain)
EMNIST:'D' -> MNIST ❌ (Uncertain)
EMNIST:'E' -> MNIST ❌ (Uncertain)
EMNIST:'F' -> MNIST ❌ (Uncertain)
EMNIST:'G' -> MNIST ❌ (Uncertain)
EMNIST:'H' -> MNIST ❌ (Uncertain)
EMNIST:'I' -> MNIST ❌ (Uncertain)
EMNIST:'J' -> MNIST ❌ (Uncertain)
EMNIST:'K' -> MNIST ❌ (Uncertain)
EMNIST:'L' -> MNIST ❌ (Uncertain)
EMNIST:'M' -> MNIST ❌ (Uncertain)
EMNIST:'N' -> MNIST ❌ (Uncertain)
EMNIST:'O' -> MNIST ❌ (Uncertain)
EMNIST:'P' -> MNIST ❌ (Uncertain)
EMNIST:'Q' -> MNIST ❌ (Uncertain)
EMNIST:'R' -> MNIST ❌ (Uncertain)
EMNIST:'S' -> MNIST ❌ (Uncertain)
EMNIST:'T' -> MNIST ❌ (Uncertain)
EMNIST:'U' -> MNIST ❌ (Uncertain)
EMNIST:'V' -> MNIST ❌ (Uncertain)
EMNIST:'W' -> MNIST ❌ (Uncertain)
EMNIST:'X' -> MNIST ❌ (Uncertain)
EMNIST:'Y' -> MNIST ❌ (Uncertain)
EMNIST:'Z' -> MNIST ❌ (Uncertain)
EMNIST:'a' -> MNIST ❌ (Uncertain)
EMNIST:'b' -> MNIST ❌ (Uncertain)
EMNIST:'c' -> MNIST ❌ (Uncertain)
EMNIST:'d' -> MNIST ❌ (Uncertain)
EMNIST:'e' -> MNIST ❌ (Uncertain)
EMNIST:'f' -> MNIST ❌ (Uncertain)
EMNIST:'g' -> MNIST ❌ (Uncertain)
EMNIST:'h' -> MNIST ❌ (Uncertain)
EMNIST:'i' -> MNIST ❌ (Uncertain)
EMNIST:'j' -> MNIST ❌ (Uncertain)
EMNIST:'k' -> MNIST ❌ (Uncertain)
EMNIST:'l' -> MNIST ❌ (Uncertain)
EMNIST:'m' -> MNIST ❌ (Uncertain)
EMNIST:'n' -> MNIST ❌ (Uncertain)
EMNIST:'o' -> MNIST ❌ (Uncertain)
EMNIST:'p' -> MNIST ❌ (Uncertain)
EMNIST:'q' -> MNIST ❌ (Uncertain)
EMNIST:'r' -> MNIST ❌ (Uncertain)
EMNIST:'s' -> MNIST ❌ (Uncertain)
EMNIST:'t' -> MNIST ❌ (Uncertain)
EMNIST:'u' -> MNIST ❌ (Uncertain)
EMNIST:'v' -> MNIST ❌ (Uncertain)
EMNIST:'w' -> MNIST ❌ (Uncertain)
EMNIST:'x' -> MNIST ❌ (Uncertain)
EMNIST:'y' -> MNIST ❌ (Uncertain)
EMNIST:'z' -> MNIST ❌ (Uncertain)
EMNIST:'0' -> CIFAR10 ❌ (Uncertain)
EMNIST:'1' -> CIFAR10 ❌ (Uncertain)
EMNIST:'2' -> CIFAR10 ❌ (Uncertain)
EMNIST:'3' -> CIFAR10 ❌ (Uncertain)
EMNIST:'4' -> CIFAR10 ❌ (Uncertain)
EMNIST:'5' -> CIFAR10 ❌ (Uncertain)
EMNIST:'6' -> CIFAR10 ❌ (Uncertain)
EMNIST:'7' -> CIFAR10 ❌ (Uncertain)
EMNIST:'8' -> CIFAR10 ❌ (Uncertain)
EMNIST:'9' -> CIFAR10 ❌ (Uncertain)
EMNIST:'A' -> CIFAR10 ❌ (Uncertain)
EMNIST:'B' -> CIFAR10 ❌ (Uncertain)
EMNIST:'C' -> CIFAR10 ❌ (Uncertain)
EMNIST:'D' -> CIFAR10 ❌ (Uncertain)
EMNIST:'E' -> CIFAR10 ❌ (Uncertain)
EMNIST:'F' -> CIFAR10 ❌ (Uncertain)
EMNIST:'G' -> CIFAR10 ❌ (Uncertain)
EMNIST:'H' -> CIFAR10 ❌ (Uncertain)
EMNIST:'I' -> CIFAR10 ❌ (Uncertain)
EMNIST:'J' -> CIFAR10 ❌ (Uncertain)
EMNIST:'K' -> CIFAR10 ❌ (Uncertain)
EMNIST:'L' -> CIFAR10 ❌ (Uncertain)
EMNIST:'M' -> CIFAR10 ❌ (Uncertain)
EMNIST:'N' -> CIFAR10 ❌ (Uncertain)
EMNIST:'O' -> CIFAR10 ❌ (Uncertain)
EMNIST:'P' -> CIFAR10 ❌ (Uncertain)
EMNIST:'Q' -> CIFAR10 ❌ (Uncertain)
EMNIST:'R' -> CIFAR10 ❌ (Uncertain)
EMNIST:'S' -> CIFAR10 ❌ (Uncertain)
EMNIST:'T' -> CIFAR10 ❌ (Uncertain)
EMNIST:'U' -> CIFAR10 ❌ (Uncertain)
EMNIST:'V' -> CIFAR10 ❌ (Uncertain)
EMNIST:'W' -> CIFAR10 ❌ (Uncertain)
EMNIST:'X' -> CIFAR10 ❌ (Uncertain)
EMNIST:'Y' -> CIFAR10 ❌ (Uncertain)
EMNIST:'Z' -> CIFAR10 ❌ (Uncertain)
EMNIST:'a' -> CIFAR10 ❌ (Uncertain)
EMNIST:'b' -> CIFAR10 ❌ (Uncertain)
EMNIST:'c' -> CIFAR10 ❌ (Uncertain)
EMNIST:'d' -> CIFAR10 ❌ (Uncertain)
EMNIST:'e' -> CIFAR10 ❌ (Uncertain)
EMNIST:'f' -> CIFAR10 ❌ (Uncertain)
EMNIST:'g' -> CIFAR10 ❌ (Uncertain)
EMNIST:'h' -> CIFAR10 ❌ (Uncertain)
EMNIST:'i' -> CIFAR10 ❌ (Uncertain)
EMNIST:'j' -> CIFAR10 ❌ (Uncertain)
EMNIST:'k' -> CIFAR10 ❌ (Uncertain)
EMNIST:'l' -> CIFAR10 ❌ (Uncertain)
EMNIST:'m' -> CIFAR10 ❌ (Uncertain)
EMNIST:'n' -> CIFAR10 ❌ (Uncertain)
EMNIST:'o' -> CIFAR10 ❌ (Uncertain)
EMNIST:'p' -> CIFAR10 ❌ (Uncertain)
EMNIST:'q' -> CIFAR10 ❌ (Uncertain)
EMNIST:'r' -> CIFAR10 ❌ (Uncertain)
EMNIST:'s' -> CIFAR10 ❌ (Uncertain)
EMNIST:'t' -> CIFAR10 ❌ (Uncertain)
EMNIST:'u' -> CIFAR10 ❌ (Uncertain)
EMNIST:'v' -> CIFAR10 ❌ (Uncertain)
EMNIST:'w' -> CIFAR10 ❌ (Uncertain)
EMNIST:'x' -> CIFAR10 ❌ (Uncertain)
EMNIST:'y' -> CIFAR10 ❌ (Uncertain)
EMNIST:'z' -> CIFAR10 ❌ (Uncertain)
CIFAR10:'airplane' -> MNIST ❌ (Uncertain)
CIFAR10:'automobile' -> MNIST ❌ (Uncertain)
CIFAR10:'bird' -> MNIST ❌ (Uncertain)
CIFAR10:'cat' -> MNIST ❌ (Uncertain)
CIFAR10:'deer' -> MNIST ❌ (Uncertain)
CIFAR10:'dog' -> MNIST ❌ (Uncertain)
CIFAR10:'frog' -> MNIST ❌ (Uncertain)
CIFAR10:'horse' -> MNIST ❌ (Uncertain)
CIFAR10:'ship' -> MNIST ❌ (Uncertain)
CIFAR10:'truck' -> MNIST ❌ (Uncertain)
CIFAR10:'airplane' -> EMNIST ❌ (Uncertain)
CIFAR10:'automobile' -> EMNIST ❌ (Uncertain)
CIFAR10:'bird' -> EMNIST ❌ (Uncertain)
CIFAR10:'cat' -> EMNIST ❌ (Uncertain)
CIFAR10:'deer' -> EMNIST ❌ (Uncertain)
CIFAR10:'dog' -> EMNIST ❌ (Uncertain)
CIFAR10:'frog' -> EMNIST ❌ (Uncertain)
CIFAR10:'horse' -> EMNIST ❌ (Uncertain)
CIFAR10:'ship' -> EMNIST ❌ (Uncertain)
CIFAR10:'truck' -> EMNIST ❌ (Uncertain)
Exp (Syn): New Gen + Old Ent (0.15)
dynamic_entropy_ratio: 0.15
MNIST:'0' -> EMNIST ❌ (Uncertain)
MNIST:'1' -> EMNIST ❌ (Uncertain)
MNIST:'2' -> EMNIST ❌ (Uncertain)
MNIST:'3' -> EMNIST ❌ (Uncertain)
MNIST:'4' -> EMNIST ❌ (Uncertain)
MNIST:'5' -> EMNIST ❌ (Uncertain)
MNIST:'6' -> EMNIST ❌ (Uncertain)
MNIST:'7' -> EMNIST ❌ (Uncertain)
MNIST:'8' -> EMNIST ❌ (Uncertain)
MNIST:'9' -> EMNIST ❌ (Uncertain)
MNIST:'0' -> CIFAR10 ❌ (Uncertain)
MNIST:'1' -> CIFAR10 ❌ (Uncertain)
MNIST:'2' -> CIFAR10 ❌ (Uncertain)
MNIST:'3' -> CIFAR10 ❌ (Uncertain)
MNIST:'4' -> CIFAR10 ❌ (Uncertain)
MNIST:'5' -> CIFAR10 ❌ (Uncertain)
MNIST:'6' -> CIFAR10 ❌ (Uncertain)
MNIST:'7' -> CIFAR10 ❌ (Uncertain)
MNIST:'8' -> CIFAR10 ❌ (Uncertain)
MNIST:'9' -> CIFAR10 ❌ (Uncertain)
EMNIST:'0' -> MNIST ❌ (Uncertain)
EMNIST:'1' -> MNIST ❌ (Uncertain)
EMNIST:'2' -> MNIST ❌ (Uncertain)
EMNIST:'3' -> MNIST ❌ (Uncertain)
EMNIST:'4' -> MNIST ❌ (Uncertain)
EMNIST:'5' -> MNIST ❌ (Uncertain)
EMNIST:'6' -> MNIST ❌ (Uncertain)
EMNIST:'7' -> MNIST ❌ (Uncertain)
EMNIST:'8' -> MNIST ❌ (Uncertain)
EMNIST:'9' -> MNIST ❌ (Uncertain)
EMNIST:'A' -> MNIST ❌ (Uncertain)
EMNIST:'B' -> MNIST ❌ (Uncertain)
EMNIST:'C' -> MNIST ❌ (Uncertain)
EMNIST:'D' -> MNIST ❌ (Uncertain)
EMNIST:'E' -> MNIST ❌ (Uncertain)
EMNIST:'F' -> MNIST ❌ (Uncertain)
EMNIST:'G' -> MNIST ❌ (Uncertain)
EMNIST:'H' -> MNIST ❌ (Uncertain)
EMNIST:'I' -> MNIST ❌ (Uncertain)
EMNIST:'J' -> MNIST ❌ (Uncertain)
EMNIST:'K' -> MNIST ❌ (Uncertain)
EMNIST:'L' -> MNIST ❌ (Uncertain)
EMNIST:'M' -> MNIST ❌ (Uncertain)
EMNIST:'N' -> MNIST ❌ (Uncertain)
EMNIST:'O' -> MNIST ❌ (Uncertain)
EMNIST:'P' -> MNIST ❌ (Uncertain)
EMNIST:'Q' -> MNIST ❌ (Uncertain)
EMNIST:'R' -> MNIST ❌ (Uncertain)
EMNIST:'S' -> MNIST ❌ (Uncertain)
EMNIST:'T' -> MNIST ❌ (Uncertain)
EMNIST:'U' -> MNIST ❌ (Uncertain)
EMNIST:'V' -> MNIST ❌ (Uncertain)
EMNIST:'W' -> MNIST ❌ (Uncertain)
EMNIST:'X' -> MNIST ❌ (Uncertain)
EMNIST:'Y' -> MNIST ❌ (Uncertain)
EMNIST:'Z' -> MNIST ❌ (Uncertain)
EMNIST:'a' -> MNIST ❌ (Uncertain)
EMNIST:'b' -> MNIST ❌ (Uncertain)
EMNIST:'c' -> MNIST ❌ (Uncertain)
EMNIST:'d' -> MNIST ❌ (Uncertain)
EMNIST:'e' -> MNIST ❌ (Uncertain)
EMNIST:'f' -> MNIST ❌ (Uncertain)
EMNIST:'g' -> MNIST ❌ (Uncertain)
EMNIST:'h' -> MNIST ❌ (Uncertain)
EMNIST:'i' -> MNIST ❌ (Uncertain)
EMNIST:'j' -> MNIST ❌ (Uncertain)
EMNIST:'k' -> MNIST ❌ (Uncertain)
EMNIST:'l' -> MNIST ❌ (Uncertain)
EMNIST:'m' -> MNIST ❌ (Uncertain)
EMNIST:'n' -> MNIST ❌ (Uncertain)
EMNIST:'o' -> MNIST ❌ (Uncertain)
EMNIST:'p' -> MNIST ❌ (Uncertain)
EMNIST:'q' -> MNIST ❌ (Uncertain)
EMNIST:'r' -> MNIST ❌ (Uncertain)
EMNIST:'s' -> MNIST ❌ (Uncertain)
EMNIST:'t' -> MNIST ❌ (Uncertain)
EMNIST:'u' -> MNIST ❌ (Uncertain)
EMNIST:'v' -> MNIST ❌ (Uncertain)
EMNIST:'w' -> MNIST ❌ (Uncertain)
EMNIST:'x' -> MNIST ❌ (Uncertain)
EMNIST:'y' -> MNIST ❌ (Uncertain)
EMNIST:'z' -> MNIST ❌ (Uncertain)
EMNIST:'0' -> CIFAR10 ❌ (Uncertain)
EMNIST:'1' -> CIFAR10 ❌ (Uncertain)
EMNIST:'2' -> CIFAR10 ❌ (Uncertain)
EMNIST:'3' -> CIFAR10 ❌ (Uncertain)
EMNIST:'4' -> CIFAR10 ❌ (Uncertain)
EMNIST:'5' -> CIFAR10 ❌ (Uncertain)
EMNIST:'6' -> CIFAR10 ❌ (Uncertain)
EMNIST:'7' -> CIFAR10 ❌ (Uncertain)
EMNIST:'8' -> CIFAR10 ❌ (Uncertain)
EMNIST:'9' -> CIFAR10 ❌ (Uncertain)
EMNIST:'A' -> CIFAR10 ❌ (Uncertain)
EMNIST:'B' -> CIFAR10 ❌ (Uncertain)
EMNIST:'C' -> CIFAR10 ❌ (Uncertain)
EMNIST:'D' -> CIFAR10 ❌ (Uncertain)
EMNIST:'E' -> CIFAR10 ❌ (Uncertain)
EMNIST:'F' -> CIFAR10 ❌ (Uncertain)
EMNIST:'G' -> CIFAR10 ❌ (Uncertain)
EMNIST:'H' -> CIFAR10 ❌ (Uncertain)
EMNIST:'I' -> CIFAR10 ❌ (Uncertain)
EMNIST:'J' -> CIFAR10 ❌ (Uncertain)
EMNIST:'K' -> CIFAR10 ❌ (Uncertain)
EMNIST:'L' -> CIFAR10 ❌ (Uncertain)
EMNIST:'M' -> CIFAR10 ❌ (Uncertain)
EMNIST:'N' -> CIFAR10 ❌ (Uncertain)
EMNIST:'O' -> CIFAR10 ❌ (Uncertain)
EMNIST:'P' -> CIFAR10 ❌ (Uncertain)
EMNIST:'Q' -> CIFAR10 ❌ (Uncertain)
EMNIST:'R' -> CIFAR10 ❌ (Uncertain)
EMNIST:'S' -> CIFAR10 ❌ (Uncertain)
EMNIST:'T' -> CIFAR10 ❌ (Uncertain)
EMNIST:'U' -> CIFAR10 ❌ (Uncertain)
EMNIST:'V' -> CIFAR10 ❌ (Uncertain)
EMNIST:'W' -> CIFAR10 ❌ (Uncertain)
EMNIST:'X' -> CIFAR10 ❌ (Uncertain)
EMNIST:'Y' -> CIFAR10 ❌ (Uncertain)
EMNIST:'Z' -> CIFAR10 ❌ (Uncertain)
EMNIST:'a' -> CIFAR10 ❌ (Uncertain)
EMNIST:'b' -> CIFAR10 ❌ (Uncertain)
EMNIST:'c' -> CIFAR10 ❌ (Uncertain)
EMNIST:'d' -> CIFAR10 ❌ (Uncertain)
EMNIST:'e' -> CIFAR10 ❌ (Uncertain)
EMNIST:'f' -> CIFAR10 ❌ (Uncertain)
EMNIST:'g' -> CIFAR10 ❌ (Uncertain)
EMNIST:'h' -> CIFAR10 ❌ (Uncertain)
EMNIST:'i' -> CIFAR10 ❌ (Uncertain)
EMNIST:'j' -> CIFAR10 ❌ (Uncertain)
EMNIST:'k' -> CIFAR10 ❌ (Uncertain)
EMNIST:'l' -> CIFAR10 ❌ (Uncertain)
EMNIST:'m' -> CIFAR10 ❌ (Uncertain)
EMNIST:'n' -> CIFAR10 ❌ (Uncertain)
EMNIST:'o' -> CIFAR10 ❌ (Uncertain)
EMNIST:'p' -> CIFAR10 ❌ (Uncertain)
EMNIST:'q' -> CIFAR10 ❌ (Uncertain)
EMNIST:'r' -> CIFAR10 ❌ (Uncertain)
EMNIST:'s' -> CIFAR10 ❌ (Uncertain)
EMNIST:'t' -> CIFAR10 ❌ (Uncertain)
EMNIST:'u' -> CIFAR10 ❌ (Uncertain)
EMNIST:'v' -> CIFAR10 ❌ (Uncertain)
EMNIST:'w' -> CIFAR10 ❌ (Uncertain)
EMNIST:'x' -> CIFAR10 ❌ (Uncertain)
EMNIST:'y' -> CIFAR10 ❌ (Uncertain)
EMNIST:'z' -> CIFAR10 ❌ (Uncertain)
CIFAR10:'airplane' -> MNIST ❌ (Uncertain)
CIFAR10:'automobile' -> MNIST ❌ (Uncertain)
CIFAR10:'bird' -> MNIST ❌ (Uncertain)
CIFAR10:'cat' -> MNIST ❌ (Uncertain)
CIFAR10:'deer' -> MNIST ❌ (Uncertain)
CIFAR10:'dog' -> MNIST ❌ (Uncertain)
CIFAR10:'frog' -> MNIST ❌ (Uncertain)
CIFAR10:'horse' -> MNIST ❌ (Uncertain)
CIFAR10:'ship' -> MNIST ❌ (Uncertain)
CIFAR10:'truck' -> MNIST ❌ (Uncertain)
CIFAR10:'airplane' -> EMNIST ❌ (Uncertain)
CIFAR10:'automobile' -> EMNIST ❌ (Uncertain)
CIFAR10:'bird' -> EMNIST ❌ (Uncertain)
CIFAR10:'cat' -> EMNIST ❌ (Uncertain)
CIFAR10:'deer' -> EMNIST ❌ (Uncertain)
CIFAR10:'dog' -> EMNIST ❌ (Uncertain)
CIFAR10:'frog' -> EMNIST ❌ (Uncertain)
CIFAR10:'horse' -> EMNIST ❌ (Uncertain)
CIFAR10:'ship' -> EMNIST ❌ (Uncertain)
CIFAR10:'truck' -> EMNIST ❌ (Uncertain)
Exp (Syn): New Gen + Old Ent (0.2)
dynamic_entropy_ratio: 0.2
MNIST:'0' -> EMNIST ❌ (Uncertain)
MNIST:'1' -> EMNIST ❌ (Uncertain)
MNIST:'2' -> EMNIST ❌ (Uncertain)
MNIST:'3' -> EMNIST ❌ (Uncertain)
MNIST:'4' -> EMNIST ❌ (Uncertain)
MNIST:'5' -> EMNIST ❌ (Uncertain)
MNIST:'6' -> EMNIST ❌ (Uncertain)
MNIST:'7' -> EMNIST ❌ (Uncertain)
MNIST:'8' -> EMNIST ❌ (Uncertain)
MNIST:'9' -> EMNIST ❌ (Uncertain)
MNIST:'0' -> CIFAR10 ❌ (Uncertain)
MNIST:'1' -> CIFAR10 ❌ (Uncertain)
MNIST:'2' -> CIFAR10 ❌ (Uncertain)
MNIST:'3' -> CIFAR10 ❌ (Uncertain)
MNIST:'4' -> CIFAR10 ❌ (Uncertain)
MNIST:'5' -> CIFAR10 ❌ (Uncertain)
MNIST:'6' -> CIFAR10 ❌ (Uncertain)
MNIST:'7' -> CIFAR10 ❌ (Uncertain)
MNIST:'8' -> CIFAR10 ❌ (Uncertain)
MNIST:'9' -> CIFAR10 ❌ (Uncertain)
EMNIST:'0' -> MNIST ❌ (Uncertain)
EMNIST:'1' -> MNIST ❌ (Uncertain)
EMNIST:'2' -> MNIST ❌ (Uncertain)
EMNIST:'3' -> MNIST ❌ (Uncertain)
EMNIST:'4' -> MNIST ❌ (Uncertain)
EMNIST:'5' -> MNIST ❌ (Uncertain)
EMNIST:'6' -> MNIST ❌ (Uncertain)
EMNIST:'7' -> MNIST ❌ (Uncertain)
EMNIST:'8' -> MNIST ❌ (Uncertain)
EMNIST:'9' -> MNIST ❌ (Uncertain)
EMNIST:'A' -> MNIST ❌ (Uncertain)
EMNIST:'B' -> MNIST ❌ (Uncertain)
EMNIST:'C' -> MNIST ❌ (Uncertain)
EMNIST:'D' -> MNIST ❌ (Uncertain)
EMNIST:'E' -> MNIST ❌ (Uncertain)
EMNIST:'F' -> MNIST ❌ (Uncertain)
EMNIST:'G' -> MNIST ❌ (Uncertain)
EMNIST:'H' -> MNIST ❌ (Uncertain)
EMNIST:'I' -> MNIST ❌ (Uncertain)
EMNIST:'J' -> MNIST ❌ (Uncertain)
EMNIST:'K' -> MNIST ❌ (Uncertain)
EMNIST:'L' -> MNIST ❌ (Uncertain)
EMNIST:'M' -> MNIST ❌ (Uncertain)
EMNIST:'N' -> MNIST ❌ (Uncertain)
EMNIST:'O' -> MNIST ❌ (Uncertain)
EMNIST:'P' -> MNIST ❌ (Uncertain)
EMNIST:'Q' -> MNIST ❌ (Uncertain)
EMNIST:'R' -> MNIST ❌ (Uncertain)
EMNIST:'S' -> MNIST ❌ (Uncertain)
EMNIST:'T' -> MNIST ❌ (Uncertain)
EMNIST:'U' -> MNIST ❌ (Uncertain)
EMNIST:'V' -> MNIST ❌ (Uncertain)
EMNIST:'W' -> MNIST ❌ (Uncertain)
EMNIST:'X' -> MNIST ❌ (Uncertain)
EMNIST:'Y' -> MNIST ❌ (Uncertain)
EMNIST:'Z' -> MNIST ❌ (Uncertain)
EMNIST:'a' -> MNIST ❌ (Uncertain)
EMNIST:'b' -> MNIST ❌ (Uncertain)
EMNIST:'c' -> MNIST ❌ (Uncertain)
EMNIST:'d' -> MNIST ❌ (Uncertain)
EMNIST:'e' -> MNIST ❌ (Uncertain)
EMNIST:'f' -> MNIST ❌ (Uncertain)
EMNIST:'g' -> MNIST ❌ (Uncertain)
EMNIST:'h' -> MNIST ❌ (Uncertain)
EMNIST:'i' -> MNIST ❌ (Uncertain)
EMNIST:'j' -> MNIST ❌ (Uncertain)
EMNIST:'k' -> MNIST ❌ (Uncertain)
EMNIST:'l' -> MNIST ❌ (Uncertain)
EMNIST:'m' -> MNIST ❌ (Uncertain)
EMNIST:'n' -> MNIST ❌ (Uncertain)
EMNIST:'o' -> MNIST ❌ (Uncertain)
EMNIST:'p' -> MNIST ❌ (Uncertain)
EMNIST:'q' -> MNIST ❌ (Uncertain)
EMNIST:'r' -> MNIST ❌ (Uncertain)
EMNIST:'s' -> MNIST ❌ (Uncertain)
EMNIST:'t' -> MNIST ❌ (Uncertain)
EMNIST:'u' -> MNIST ❌ (Uncertain)
EMNIST:'v' -> MNIST ❌ (Uncertain)
EMNIST:'w' -> MNIST ❌ (Uncertain)
EMNIST:'x' -> MNIST ❌ (Uncertain)
EMNIST:'y' -> MNIST ❌ (Uncertain)
EMNIST:'z' -> MNIST ❌ (Uncertain)
EMNIST:'0' -> CIFAR10 ❌ (Uncertain)
EMNIST:'1' -> CIFAR10 ❌ (Uncertain)
EMNIST:'2' -> CIFAR10 ❌ (Uncertain)
EMNIST:'3' -> CIFAR10 ❌ (Uncertain)
EMNIST:'4' -> CIFAR10 ❌ (Uncertain)
EMNIST:'5' -> CIFAR10 ❌ (Uncertain)
EMNIST:'6' -> CIFAR10 ❌ (Uncertain)
EMNIST:'7' -> CIFAR10 ❌ (Uncertain)
EMNIST:'8' -> CIFAR10 ❌ (Uncertain)
EMNIST:'9' -> CIFAR10 ❌ (Uncertain)
EMNIST:'A' -> CIFAR10 ❌ (Uncertain)
EMNIST:'B' -> CIFAR10 ❌ (Uncertain)
EMNIST:'C' -> CIFAR10 ❌ (Uncertain)
EMNIST:'D' -> CIFAR10 ❌ (Uncertain)
EMNIST:'E' -> CIFAR10 ❌ (Uncertain)
EMNIST:'F' -> CIFAR10 ❌ (Uncertain)
EMNIST:'G' -> CIFAR10 ❌ (Uncertain)
EMNIST:'H' -> CIFAR10 ❌ (Uncertain)
EMNIST:'I' -> CIFAR10 ❌ (Uncertain)
EMNIST:'J' -> CIFAR10 ❌ (Uncertain)
EMNIST:'K' -> CIFAR10 ❌ (Uncertain)
EMNIST:'L' -> CIFAR10 ❌ (Uncertain)
EMNIST:'M' -> CIFAR10 ❌ (Uncertain)
EMNIST:'N' -> CIFAR10 ❌ (Uncertain)
EMNIST:'O' -> CIFAR10 ❌ (Uncertain)
EMNIST:'P' -> CIFAR10 ❌ (Uncertain)
EMNIST:'Q' -> CIFAR10 ❌ (Uncertain)
EMNIST:'R' -> CIFAR10 ❌ (Uncertain)
EMNIST:'S' -> CIFAR10 ❌ (Uncertain)
EMNIST:'T' -> CIFAR10 ❌ (Uncertain)
EMNIST:'U' -> CIFAR10 ❌ (Uncertain)
EMNIST:'V' -> CIFAR10 ❌ (Uncertain)
EMNIST:'W' -> CIFAR10 ❌ (Uncertain)
EMNIST:'X' -> CIFAR10 ❌ (Uncertain)
EMNIST:'Y' -> CIFAR10 ❌ (Uncertain)
EMNIST:'Z' -> CIFAR10 ❌ (Uncertain)
EMNIST:'a' -> CIFAR10 ❌ (Uncertain)
EMNIST:'b' -> CIFAR10 ❌ (Uncertain)
EMNIST:'c' -> CIFAR10 ❌ (Uncertain)
EMNIST:'d' -> CIFAR10 ❌ (Uncertain)
EMNIST:'e' -> CIFAR10 ❌ (Uncertain)
EMNIST:'f' -> CIFAR10 ❌ (Uncertain)
EMNIST:'g' -> CIFAR10 ❌ (Uncertain)
EMNIST:'h' -> CIFAR10 ❌ (Uncertain)
EMNIST:'i' -> CIFAR10 ❌ (Uncertain)
EMNIST:'j' -> CIFAR10 ❌ (Uncertain)
EMNIST:'k' -> CIFAR10 ❌ (Uncertain)
EMNIST:'l' -> CIFAR10 ❌ (Uncertain)
EMNIST:'m' -> CIFAR10 ❌ (Uncertain)
EMNIST:'n' -> CIFAR10 ❌ (Uncertain)
EMNIST:'o' -> CIFAR10 ❌ (Uncertain)
EMNIST:'p' -> CIFAR10 ❌ (Uncertain)
EMNIST:'q' -> CIFAR10 ❌ (Uncertain)
EMNIST:'r' -> CIFAR10 ❌ (Uncertain)
EMNIST:'s' -> CIFAR10 ❌ (Uncertain)
EMNIST:'t' -> CIFAR10 ❌ (Uncertain)
EMNIST:'u' -> CIFAR10 ❌ (Uncertain)
EMNIST:'v' -> CIFAR10 ❌ (Uncertain)
EMNIST:'w' -> CIFAR10 ❌ (Uncertain)
EMNIST:'x' -> CIFAR10 ❌ (Uncertain)
EMNIST:'y' -> CIFAR10 ❌ (Uncertain)
EMNIST:'z' -> CIFAR10 ❌ (Uncertain)
CIFAR10:'airplane' -> MNIST ❌ (Uncertain)
CIFAR10:'automobile' -> MNIST ❌ (Uncertain)
CIFAR10:'bird' -> MNIST ❌ (Uncertain)
CIFAR10:'cat' -> MNIST ❌ (Uncertain)
CIFAR10:'deer' -> MNIST ❌ (Uncertain)
CIFAR10:'dog' -> MNIST ❌ (Uncertain)
CIFAR10:'frog' -> MNIST ❌ (Uncertain)
CIFAR10:'horse' -> MNIST ❌ (Uncertain)
CIFAR10:'ship' -> MNIST ❌ (Uncertain)
CIFAR10:'truck' -> MNIST ❌ (Uncertain)
CIFAR10:'airplane' -> EMNIST ❌ (Uncertain)
CIFAR10:'automobile' -> EMNIST ❌ (Uncertain)
CIFAR10:'bird' -> EMNIST ❌ (Uncertain)
CIFAR10:'cat' -> EMNIST ❌ (Uncertain)
CIFAR10:'deer' -> EMNIST ❌ (Uncertain)
CIFAR10:'dog' -> EMNIST ❌ (Uncertain)
CIFAR10:'frog' -> EMNIST ❌ (Uncertain)
CIFAR10:'horse' -> EMNIST ❌ (Uncertain)
CIFAR10:'ship' -> EMNIST ❌ (Uncertain)
CIFAR10:'truck' -> EMNIST ❌ (Uncertain)
Exp (Syn): New Gen + Old Ent (0.25)
dynamic_entropy_ratio: 0.25
MNIST:'0' -> EMNIST ❌ (Uncertain)
MNIST:'1' -> EMNIST ❌ (Uncertain)
MNIST:'2' -> EMNIST ❌ (Uncertain)
MNIST:'3' -> EMNIST ❌ (Uncertain)
MNIST:'4' -> EMNIST ❌ (Uncertain)
MNIST:'5' -> EMNIST ❌ (Uncertain)
MNIST:'6' -> EMNIST ❌ (Uncertain)
MNIST:'7' -> EMNIST ❌ (Uncertain)
MNIST:'8' -> EMNIST ❌ (Uncertain)
MNIST:'9' -> EMNIST ❌ (Uncertain)
MNIST:'0' -> CIFAR10 ❌ (Uncertain)
MNIST:'1' -> CIFAR10 ❌ (Uncertain)
MNIST:'2' -> CIFAR10 ❌ (Uncertain)
MNIST:'3' -> CIFAR10 ❌ (Uncertain)
MNIST:'4' -> CIFAR10 ❌ (Uncertain)
MNIST:'5' -> CIFAR10 ❌ (Uncertain)
MNIST:'6' -> CIFAR10 ❌ (Uncertain)
MNIST:'7' -> CIFAR10 ❌ (Uncertain)
MNIST:'8' -> CIFAR10 ❌ (Uncertain)
MNIST:'9' -> CIFAR10 ❌ (Uncertain)
EMNIST:'0' -> MNIST ❌ (Uncertain)
EMNIST:'1' -> MNIST ❌ (Uncertain)
EMNIST:'2' -> MNIST ❌ (Uncertain)
EMNIST:'3' -> MNIST ❌ (Uncertain)
EMNIST:'4' -> MNIST ❌ (Uncertain)
EMNIST:'5' -> MNIST ❌ (Uncertain)
EMNIST:'6' -> MNIST ❌ (Uncertain)
EMNIST:'7' -> MNIST ❌ (Uncertain)
EMNIST:'8' -> MNIST ❌ (Uncertain)
EMNIST:'9' -> MNIST ❌ (Uncertain)
EMNIST:'A' -> MNIST ❌ (Uncertain)
EMNIST:'B' -> MNIST ❌ (Uncertain)
EMNIST:'C' -> MNIST ❌ (Uncertain)
EMNIST:'D' -> MNIST ❌ (Uncertain)
EMNIST:'E' -> MNIST ❌ (Uncertain)
EMNIST:'F' -> MNIST ❌ (Uncertain)
EMNIST:'G' -> MNIST ❌ (Uncertain)
EMNIST:'H' -> MNIST ❌ (Uncertain)
EMNIST:'I' -> MNIST ❌ (Uncertain)
EMNIST:'J' -> MNIST ❌ (Uncertain)
EMNIST:'K' -> MNIST ❌ (Uncertain)
EMNIST:'L' -> MNIST ❌ (Uncertain)
EMNIST:'M' -> MNIST ❌ (Uncertain)
EMNIST:'N' -> MNIST ❌ (Uncertain)
EMNIST:'O' -> MNIST ❌ (Uncertain)
EMNIST:'P' -> MNIST ❌ (Uncertain)
EMNIST:'Q' -> MNIST ❌ (Uncertain)
EMNIST:'R' -> MNIST ❌ (Uncertain)
EMNIST:'S' -> MNIST ❌ (Uncertain)
EMNIST:'T' -> MNIST ❌ (Uncertain)
EMNIST:'U' -> MNIST ❌ (Uncertain)
EMNIST:'V' -> MNIST ❌ (Uncertain)
EMNIST:'W' -> MNIST ❌ (Uncertain)
EMNIST:'X' -> MNIST ❌ (Uncertain)
EMNIST:'Y' -> MNIST ❌ (Uncertain)
EMNIST:'Z' -> MNIST ❌ (Uncertain)
EMNIST:'a' -> MNIST ❌ (Uncertain)
EMNIST:'b' -> MNIST ❌ (Uncertain)
EMNIST:'c' -> MNIST ❌ (Uncertain)
EMNIST:'d' -> MNIST ❌ (Uncertain)
EMNIST:'e' -> MNIST ❌ (Uncertain)
EMNIST:'f' -> MNIST ❌ (Uncertain)
EMNIST:'g' -> MNIST ❌ (Uncertain)
EMNIST:'h' -> MNIST ❌ (Uncertain)
EMNIST:'i' -> MNIST ❌ (Uncertain)
EMNIST:'j' -> MNIST ❌ (Uncertain)
EMNIST:'k' -> MNIST ❌ (Uncertain)
EMNIST:'l' -> MNIST ❌ (Uncertain)
EMNIST:'m' -> MNIST ❌ (Uncertain)
EMNIST:'n' -> MNIST ❌ (Uncertain)
EMNIST:'o' -> MNIST ❌ (Uncertain)
EMNIST:'p' -> MNIST ❌ (Uncertain)
EMNIST:'q' -> MNIST ❌ (Uncertain)
EMNIST:'r' -> MNIST ❌ (Uncertain)
EMNIST:'s' -> MNIST ❌ (Uncertain)
EMNIST:'t' -> MNIST ❌ (Uncertain)
EMNIST:'u' -> MNIST ❌ (Uncertain)
EMNIST:'v' -> MNIST ❌ (Uncertain)
EMNIST:'w' -> MNIST ❌ (Uncertain)
EMNIST:'x' -> MNIST ❌ (Uncertain)
EMNIST:'y' -> MNIST ❌ (Uncertain)
EMNIST:'z' -> MNIST ❌ (Uncertain)
EMNIST:'0' -> CIFAR10 ❌ (Uncertain)
EMNIST:'1' -> CIFAR10 ❌ (Uncertain)
EMNIST:'2' -> CIFAR10 ❌ (Uncertain)
EMNIST:'3' -> CIFAR10 ❌ (Uncertain)
EMNIST:'4' -> CIFAR10 ❌ (Uncertain)
EMNIST:'5' -> CIFAR10 ❌ (Uncertain)
EMNIST:'6' -> CIFAR10 ❌ (Uncertain)
EMNIST:'7' -> CIFAR10 ❌ (Uncertain)
EMNIST:'8' -> CIFAR10 ❌ (Uncertain)
EMNIST:'9' -> CIFAR10 ❌ (Uncertain)
EMNIST:'A' -> CIFAR10 ❌ (Uncertain)
EMNIST:'B' -> CIFAR10 ❌ (Uncertain)
EMNIST:'C' -> CIFAR10 ❌ (Uncertain)
EMNIST:'D' -> CIFAR10 ❌ (Uncertain)
EMNIST:'E' -> CIFAR10 ❌ (Uncertain)
EMNIST:'F' -> CIFAR10 ❌ (Uncertain)
EMNIST:'G' -> CIFAR10 ❌ (Uncertain)
EMNIST:'H' -> CIFAR10 ❌ (Uncertain)
EMNIST:'I' -> CIFAR10 ❌ (Uncertain)
EMNIST:'J' -> CIFAR10 ❌ (Uncertain)
EMNIST:'K' -> CIFAR10 ❌ (Uncertain)
EMNIST:'L' -> CIFAR10 ❌ (Uncertain)
EMNIST:'M' -> CIFAR10 ❌ (Uncertain)
EMNIST:'N' -> CIFAR10 ❌ (Uncertain)
EMNIST:'O' -> CIFAR10 ❌ (Uncertain)
EMNIST:'P' -> CIFAR10 ❌ (Uncertain)
EMNIST:'Q' -> CIFAR10 ❌ (Uncertain)
EMNIST:'R' -> CIFAR10 ❌ (Uncertain)
EMNIST:'S' -> CIFAR10 ❌ (Uncertain)
EMNIST:'T' -> CIFAR10 ❌ (Uncertain)
EMNIST:'U' -> CIFAR10 ❌ (Uncertain)
EMNIST:'V' -> CIFAR10 ❌ (Uncertain)
EMNIST:'W' -> CIFAR10 ❌ (Uncertain)
EMNIST:'X' -> CIFAR10 ❌ (Uncertain)
EMNIST:'Y' -> CIFAR10 ❌ (Uncertain)
EMNIST:'Z' -> CIFAR10 ❌ (Uncertain)
EMNIST:'a' -> CIFAR10 ❌ (Uncertain)
EMNIST:'b' -> CIFAR10 ❌ (Uncertain)
EMNIST:'c' -> CIFAR10 ❌ (Uncertain)
EMNIST:'d' -> CIFAR10 ❌ (Uncertain)
EMNIST:'e' -> CIFAR10 ❌ (Uncertain)
EMNIST:'f' -> CIFAR10 ❌ (Uncertain)
EMNIST:'g' -> CIFAR10 ❌ (Uncertain)
EMNIST:'h' -> CIFAR10 ❌ (Uncertain)
EMNIST:'i' -> CIFAR10 ❌ (Uncertain)
EMNIST:'j' -> CIFAR10 ❌ (Uncertain)
EMNIST:'k' -> CIFAR10 ❌ (Uncertain)
EMNIST:'l' -> CIFAR10 ❌ (Uncertain)
EMNIST:'m' -> CIFAR10 ❌ (Uncertain)
EMNIST:'n' -> CIFAR10 ❌ (Uncertain)
EMNIST:'o' -> CIFAR10 ❌ (Uncertain)
EMNIST:'p' -> CIFAR10 ❌ (Uncertain)
EMNIST:'q' -> CIFAR10 ❌ (Uncertain)
EMNIST:'r' -> CIFAR10 ❌ (Uncertain)
EMNIST:'s' -> CIFAR10 ❌ (Uncertain)
EMNIST:'t' -> CIFAR10 ❌ (Uncertain)
EMNIST:'u' -> CIFAR10 ❌ (Uncertain)
EMNIST:'v' -> CIFAR10 ❌ (Uncertain)
EMNIST:'w' -> CIFAR10 ❌ (Uncertain)
EMNIST:'x' -> CIFAR10 ❌ (Uncertain)
EMNIST:'y' -> CIFAR10 ❌ (Uncertain)
EMNIST:'z' -> CIFAR10 ❌ (Uncertain)
CIFAR10:'airplane' -> MNIST ❌ (Uncertain)
CIFAR10:'automobile' -> MNIST ❌ (Uncertain)
CIFAR10:'bird' -> MNIST ❌ (Uncertain)
CIFAR10:'cat' -> MNIST ❌ (Uncertain)
CIFAR10:'deer' -> MNIST ❌ (Uncertain)
CIFAR10:'dog' -> MNIST ❌ (Uncertain)
CIFAR10:'frog' -> MNIST ❌ (Uncertain)
CIFAR10:'horse' -> MNIST ❌ (Uncertain)
CIFAR10:'ship' -> MNIST ❌ (Uncertain)
CIFAR10:'truck' -> MNIST ❌ (Uncertain)
CIFAR10:'airplane' -> EMNIST ❌ (Uncertain)
CIFAR10:'automobile' -> EMNIST ❌ (Uncertain)
CIFAR10:'bird' -> EMNIST ❌ (Uncertain)
CIFAR10:'cat' -> EMNIST ❌ (Uncertain)
CIFAR10:'deer' -> EMNIST ❌ (Uncertain)
CIFAR10:'dog' -> EMNIST ❌ (Uncertain)
CIFAR10:'frog' -> EMNIST ❌ (Uncertain)
CIFAR10:'horse' -> EMNIST ❌ (Uncertain)
CIFAR10:'ship' -> EMNIST ❌ (Uncertain)
CIFAR10:'truck' -> EMNIST ❌ (Uncertain)
Exp (Syn): New Gen + Old Ent (0.3)
dynamic_entropy_ratio: 0.3
MNIST:'0' -> EMNIST ❌ (Uncertain)
MNIST:'1' -> EMNIST ❌ (Uncertain)
MNIST:'2' -> EMNIST ❌ (Uncertain)
MNIST:'3' -> EMNIST ❌ (Uncertain)
MNIST:'4' -> EMNIST ❌ (Uncertain)
MNIST:'5' -> EMNIST ❌ (Uncertain)
MNIST:'6' -> EMNIST ❌ (Uncertain)
MNIST:'7' -> EMNIST ❌ (Uncertain)
MNIST:'8' -> EMNIST ❌ (Uncertain)
MNIST:'9' -> EMNIST ❌ (Uncertain)
MNIST:'0' -> CIFAR10 ❌ (Uncertain)
MNIST:'1' -> CIFAR10 ❌ (Uncertain)
MNIST:'2' -> CIFAR10 ❌ (Uncertain)
MNIST:'3' -> CIFAR10 ❌ (Uncertain)
MNIST:'4' -> CIFAR10 ❌ (Uncertain)
MNIST:'5' -> CIFAR10 ❌ (Uncertain)
MNIST:'6' -> CIFAR10 ❌ (Uncertain)
MNIST:'7' -> CIFAR10 ❌ (Uncertain)
MNIST:'8' -> CIFAR10 ❌ (Uncertain)
MNIST:'9' -> CIFAR10 ❌ (Uncertain)
EMNIST:'0' -> MNIST ❌ (Uncertain)
EMNIST:'1' -> MNIST ❌ (Uncertain)
EMNIST:'2' -> MNIST ❌ (Uncertain)
EMNIST:'3' -> MNIST ❌ (Uncertain)
EMNIST:'4' -> MNIST ❌ (Uncertain)
EMNIST:'5' -> MNIST ❌ (Uncertain)
EMNIST:'6' -> MNIST ❌ (Uncertain)
EMNIST:'7' -> MNIST ❌ (Uncertain)
EMNIST:'8' -> MNIST ❌ (Uncertain)
EMNIST:'9' -> MNIST ❌ (Uncertain)
EMNIST:'A' -> MNIST ❌ (Uncertain)
EMNIST:'B' -> MNIST ❌ (Uncertain)
EMNIST:'C' -> MNIST ❌ (Uncertain)
EMNIST:'D' -> MNIST ❌ (Uncertain)
EMNIST:'E' -> MNIST ❌ (Uncertain)
EMNIST:'F' -> MNIST ❌ (Uncertain)
EMNIST:'G' -> MNIST ❌ (Uncertain)
EMNIST:'H' -> MNIST ❌ (Uncertain)
EMNIST:'I' -> MNIST ❌ (Uncertain)
EMNIST:'J' -> MNIST ❌ (Uncertain)
EMNIST:'K' -> MNIST ❌ (Uncertain)
EMNIST:'L' -> MNIST ❌ (Uncertain)
EMNIST:'M' -> MNIST ❌ (Uncertain)
EMNIST:'N' -> MNIST ❌ (Uncertain)
EMNIST:'O' -> MNIST ❌ (Uncertain)
EMNIST:'P' -> MNIST ❌ (Uncertain)
EMNIST:'Q' -> MNIST ❌ (Uncertain)
EMNIST:'R' -> MNIST ❌ (Uncertain)
EMNIST:'S' -> MNIST ❌ (Uncertain)
EMNIST:'T' -> MNIST ❌ (Uncertain)
EMNIST:'U' -> MNIST ❌ (Uncertain)
EMNIST:'V' -> MNIST ❌ (Uncertain)
EMNIST:'W' -> MNIST ❌ (Uncertain)
EMNIST:'X' -> MNIST ❌ (Uncertain)
EMNIST:'Y' -> MNIST ❌ (Uncertain)
EMNIST:'Z' -> MNIST ❌ (Uncertain)
EMNIST:'a' -> MNIST ❌ (Uncertain)
EMNIST:'b' -> MNIST ❌ (Uncertain)
EMNIST:'c' -> MNIST ❌ (Uncertain)
EMNIST:'d' -> MNIST ❌ (Uncertain)
EMNIST:'e' -> MNIST ❌ (Uncertain)
EMNIST:'f' -> MNIST ❌ (Uncertain)
EMNIST:'g' -> MNIST ❌ (Uncertain)
EMNIST:'h' -> MNIST ❌ (Uncertain)
EMNIST:'i' -> MNIST ❌ (Uncertain)
EMNIST:'j' -> MNIST ❌ (Uncertain)
EMNIST:'k' -> MNIST ❌ (Uncertain)
EMNIST:'l' -> MNIST ❌ (Uncertain)
EMNIST:'m' -> MNIST ❌ (Uncertain)
EMNIST:'n' -> MNIST ❌ (Uncertain)
EMNIST:'o' -> MNIST ❌ (Uncertain)
EMNIST:'p' -> MNIST ❌ (Uncertain)
EMNIST:'q' -> MNIST ❌ (Uncertain)
EMNIST:'r' -> MNIST ❌ (Uncertain)
EMNIST:'s' -> MNIST ❌ (Uncertain)
EMNIST:'t' -> MNIST ❌ (Uncertain)
EMNIST:'u' -> MNIST ❌ (Uncertain)
EMNIST:'v' -> MNIST ❌ (Uncertain)
EMNIST:'w' -> MNIST ❌ (Uncertain)
EMNIST:'x' -> MNIST ❌ (Uncertain)
EMNIST:'y' -> MNIST ❌ (Uncertain)
EMNIST:'z' -> MNIST ❌ (Uncertain)
EMNIST:'0' -> CIFAR10 ❌ (Uncertain)
EMNIST:'1' -> CIFAR10 ❌ (Uncertain)
EMNIST:'2' -> CIFAR10 ❌ (Uncertain)
EMNIST:'3' -> CIFAR10 ❌ (Uncertain)
EMNIST:'4' -> CIFAR10 ❌ (Uncertain)
EMNIST:'5' -> CIFAR10 ❌ (Uncertain)
EMNIST:'6' -> CIFAR10 ❌ (Uncertain)
EMNIST:'7' -> CIFAR10 ❌ (Uncertain)
EMNIST:'8' -> CIFAR10 ❌ (Uncertain)
EMNIST:'9' -> CIFAR10 ❌ (Uncertain)
EMNIST:'A' -> CIFAR10 ❌ (Uncertain)
EMNIST:'B' -> CIFAR10 ❌ (Uncertain)
EMNIST:'C' -> CIFAR10 ❌ (Uncertain)
EMNIST:'D' -> CIFAR10 ❌ (Uncertain)
EMNIST:'E' -> CIFAR10 ❌ (Uncertain)
EMNIST:'F' -> CIFAR10 ❌ (Uncertain)
EMNIST:'G' -> CIFAR10 ❌ (Uncertain)
EMNIST:'H' -> CIFAR10 ❌ (Uncertain)
EMNIST:'I' -> CIFAR10 ❌ (Uncertain)
EMNIST:'J' -> CIFAR10 ❌ (Uncertain)
EMNIST:'K' -> CIFAR10 ❌ (Uncertain)
EMNIST:'L' -> CIFAR10 ❌ (Uncertain)
EMNIST:'M' -> CIFAR10 ❌ (Uncertain)
EMNIST:'N' -> CIFAR10 ❌ (Uncertain)
EMNIST:'O' -> CIFAR10 ❌ (Uncertain)
EMNIST:'P' -> CIFAR10 ❌ (Uncertain)
EMNIST:'Q' -> CIFAR10 ❌ (Uncertain)
EMNIST:'R' -> CIFAR10 ❌ (Uncertain)
EMNIST:'S' -> CIFAR10 ❌ (Uncertain)
EMNIST:'T' -> CIFAR10 ❌ (Uncertain)
EMNIST:'U' -> CIFAR10 ❌ (Uncertain)
EMNIST:'V' -> CIFAR10 ❌ (Uncertain)
EMNIST:'W' -> CIFAR10 ❌ (Uncertain)
EMNIST:'X' -> CIFAR10 ❌ (Uncertain)
EMNIST:'Y' -> CIFAR10 ❌ (Uncertain)
EMNIST:'Z' -> CIFAR10 ❌ (Uncertain)
EMNIST:'a' -> CIFAR10 ❌ (Uncertain)
EMNIST:'b' -> CIFAR10 ❌ (Uncertain)
EMNIST:'c' -> CIFAR10 ❌ (Uncertain)
EMNIST:'d' -> CIFAR10 ❌ (Uncertain)
EMNIST:'e' -> CIFAR10 ❌ (Uncertain)
EMNIST:'f' -> CIFAR10 ❌ (Uncertain)
EMNIST:'g' -> CIFAR10 ❌ (Uncertain)
EMNIST:'h' -> CIFAR10 ❌ (Uncertain)
EMNIST:'i' -> CIFAR10 ❌ (Uncertain)
EMNIST:'j' -> CIFAR10 ❌ (Uncertain)
EMNIST:'k' -> CIFAR10 ❌ (Uncertain)
EMNIST:'l' -> CIFAR10 ❌ (Uncertain)
EMNIST:'m' -> CIFAR10 ❌ (Uncertain)
EMNIST:'n' -> CIFAR10 ❌ (Uncertain)
EMNIST:'o' -> CIFAR10 ❌ (Uncertain)
EMNIST:'p' -> CIFAR10 ❌ (Uncertain)
EMNIST:'q' -> CIFAR10 ❌ (Uncertain)
EMNIST:'r' -> CIFAR10 ❌ (Uncertain)
EMNIST:'s' -> CIFAR10 ❌ (Uncertain)
EMNIST:'t' -> CIFAR10 ❌ (Uncertain)
EMNIST:'u' -> CIFAR10 ❌ (Uncertain)
EMNIST:'v' -> CIFAR10 ❌ (Uncertain)
EMNIST:'w' -> CIFAR10 ❌ (Uncertain)
EMNIST:'x' -> CIFAR10 ❌ (Uncertain)
EMNIST:'y' -> CIFAR10 ❌ (Uncertain)
EMNIST:'z' -> CIFAR10 ❌ (Uncertain)
CIFAR10:'airplane' -> MNIST ❌ (Uncertain)
CIFAR10:'automobile' -> MNIST ❌ (Uncertain)
CIFAR10:'bird' -> MNIST ❌ (Uncertain)
CIFAR10:'cat' -> MNIST ❌ (Uncertain)
CIFAR10:'deer' -> MNIST ❌ (Uncertain)
CIFAR10:'dog' -> MNIST ❌ (Uncertain)
CIFAR10:'frog' -> MNIST ❌ (Uncertain)
CIFAR10:'horse' -> MNIST ❌ (Uncertain)
CIFAR10:'ship' -> MNIST ❌ (Uncertain)
CIFAR10:'truck' -> MNIST ❌ (Uncertain)
CIFAR10:'airplane' -> EMNIST ❌ (Uncertain)
CIFAR10:'automobile' -> EMNIST ❌ (Uncertain)
CIFAR10:'bird' -> EMNIST ❌ (Uncertain)
CIFAR10:'cat' -> EMNIST ❌ (Uncertain)
CIFAR10:'deer' -> EMNIST ❌ (Uncertain)
CIFAR10:'dog' -> EMNIST ❌ (Uncertain)
CIFAR10:'frog' -> EMNIST ❌ (Uncertain)
CIFAR10:'horse' -> EMNIST ❌ (Uncertain)
CIFAR10:'ship' -> EMNIST ❌ (Uncertain)
CIFAR10:'truck' -> EMNIST ❌ (Uncertain)
Exp (Syn): New Gen + Old Ent (0.35)
dynamic_entropy_ratio: 0.35
MNIST:'0' -> EMNIST ❌ (Uncertain)
MNIST:'1' -> EMNIST ❌ (Uncertain)
MNIST:'2' -> EMNIST ❌ (Uncertain)
MNIST:'3' -> EMNIST ❌ (Uncertain)
MNIST:'4' -> EMNIST ❌ (Uncertain)
MNIST:'5' -> EMNIST ❌ (Uncertain)
MNIST:'6' -> EMNIST ❌ (Uncertain)
MNIST:'7' -> EMNIST ❌ (Uncertain)
MNIST:'8' -> EMNIST | Predict: '8' (Ent: 1.35)
MNIST:'9' -> EMNIST ❌ (Uncertain)
MNIST:'0' -> CIFAR10 ❌ (Uncertain)
MNIST:'1' -> CIFAR10 ❌ (Uncertain)
MNIST:'2' -> CIFAR10 ❌ (Uncertain)
MNIST:'3' -> CIFAR10 ❌ (Uncertain)
MNIST:'4' -> CIFAR10 ❌ (Uncertain)
MNIST:'5' -> CIFAR10 ❌ (Uncertain)
MNIST:'6' -> CIFAR10 ❌ (Uncertain)
MNIST:'7' -> CIFAR10 ❌ (Uncertain)
MNIST:'8' -> CIFAR10 ❌ (Uncertain)
MNIST:'9' -> CIFAR10 ❌ (Uncertain)
EMNIST:'0' -> MNIST ❌ (Uncertain)
EMNIST:'1' -> MNIST ❌ (Uncertain)
EMNIST:'2' -> MNIST ❌ (Uncertain)
EMNIST:'3' -> MNIST ❌ (Uncertain)
EMNIST:'4' -> MNIST ❌ (Uncertain)
EMNIST:'5' -> MNIST ❌ (Uncertain)
EMNIST:'6' -> MNIST ❌ (Uncertain)
EMNIST:'7' -> MNIST ❌ (Uncertain)
EMNIST:'9' -> MNIST ❌ (Uncertain)
EMNIST:'A' -> MNIST ❌ (Uncertain)
EMNIST:'B' -> MNIST ❌ (Uncertain)
EMNIST:'C' -> MNIST ❌ (Uncertain)
EMNIST:'D' -> MNIST ❌ (Uncertain)
EMNIST:'E' -> MNIST ❌ (Uncertain)
EMNIST:'F' -> MNIST ❌ (Uncertain)
EMNIST:'G' -> MNIST ❌ (Uncertain)
EMNIST:'H' -> MNIST ❌ (Uncertain)
EMNIST:'I' -> MNIST ❌ (Uncertain)
EMNIST:'J' -> MNIST ❌ (Uncertain)
EMNIST:'K' -> MNIST ❌ (Uncertain)
EMNIST:'L' -> MNIST ❌ (Uncertain)
EMNIST:'M' -> MNIST ❌ (Uncertain)
EMNIST:'N' -> MNIST ❌ (Uncertain)
EMNIST:'O' -> MNIST ❌ (Uncertain)
EMNIST:'P' -> MNIST ❌ (Uncertain)
EMNIST:'Q' -> MNIST ❌ (Uncertain)
EMNIST:'R' -> MNIST ❌ (Uncertain)
EMNIST:'S' -> MNIST ❌ (Uncertain)
EMNIST:'T' -> MNIST ❌ (Uncertain)
EMNIST:'U' -> MNIST ❌ (Uncertain)
EMNIST:'V' -> MNIST ❌ (Uncertain)
EMNIST:'W' -> MNIST ❌ (Uncertain)
EMNIST:'X' -> MNIST ❌ (Uncertain)
EMNIST:'Y' -> MNIST ❌ (Uncertain)
EMNIST:'Z' -> MNIST ❌ (Uncertain)
EMNIST:'a' -> MNIST ❌ (Uncertain)
EMNIST:'b' -> MNIST ❌ (Uncertain)
EMNIST:'c' -> MNIST ❌ (Uncertain)
EMNIST:'d' -> MNIST ❌ (Uncertain)
EMNIST:'e' -> MNIST ❌ (Uncertain)
EMNIST:'f' -> MNIST ❌ (Uncertain)
EMNIST:'g' -> MNIST ❌ (Uncertain)
EMNIST:'h' -> MNIST ❌ (Uncertain)
EMNIST:'i' -> MNIST ❌ (Uncertain)
EMNIST:'j' -> MNIST ❌ (Uncertain)
EMNIST:'k' -> MNIST ❌ (Uncertain)
EMNIST:'l' -> MNIST ❌ (Uncertain)
EMNIST:'m' -> MNIST ❌ (Uncertain)
EMNIST:'n' -> MNIST ❌ (Uncertain)
EMNIST:'o' -> MNIST ❌ (Uncertain)
EMNIST:'p' -> MNIST ❌ (Uncertain)
EMNIST:'q' -> MNIST ❌ (Uncertain)
EMNIST:'r' -> MNIST ❌ (Uncertain)
EMNIST:'s' -> MNIST ❌ (Uncertain)
EMNIST:'t' -> MNIST ❌ (Uncertain)
EMNIST:'u' -> MNIST ❌ (Uncertain)
EMNIST:'v' -> MNIST ❌ (Uncertain)
EMNIST:'w' -> MNIST ❌ (Uncertain)
EMNIST:'x' -> MNIST ❌ (Uncertain)
EMNIST:'y' -> MNIST ❌ (Uncertain)
EMNIST:'z' -> MNIST ❌ (Uncertain)
EMNIST:'0' -> CIFAR10 ❌ (Uncertain)
EMNIST:'1' -> CIFAR10 ❌ (Uncertain)
EMNIST:'2' -> CIFAR10 ❌ (Uncertain)
EMNIST:'3' -> CIFAR10 ❌ (Uncertain)
EMNIST:'4' -> CIFAR10 ❌ (Uncertain)
EMNIST:'5' -> CIFAR10 ❌ (Uncertain)
EMNIST:'6' -> CIFAR10 ❌ (Uncertain)
EMNIST:'7' -> CIFAR10 ❌ (Uncertain)
EMNIST:'8' -> CIFAR10 ❌ (Uncertain)
EMNIST:'9' -> CIFAR10 ❌ (Uncertain)
EMNIST:'A' -> CIFAR10 ❌ (Uncertain)
EMNIST:'B' -> CIFAR10 ❌ (Uncertain)
EMNIST:'C' -> CIFAR10 ❌ (Uncertain)
EMNIST:'D' -> CIFAR10 ❌ (Uncertain)
EMNIST:'E' -> CIFAR10 ❌ (Uncertain)
EMNIST:'F' -> CIFAR10 ❌ (Uncertain)
EMNIST:'G' -> CIFAR10 ❌ (Uncertain)
EMNIST:'H' -> CIFAR10 ❌ (Uncertain)
EMNIST:'I' -> CIFAR10 ❌ (Uncertain)
EMNIST:'J' -> CIFAR10 ❌ (Uncertain)
EMNIST:'K' -> CIFAR10 ❌ (Uncertain)
EMNIST:'L' -> CIFAR10 ❌ (Uncertain)
EMNIST:'M' -> CIFAR10 ❌ (Uncertain)
EMNIST:'N' -> CIFAR10 ❌ (Uncertain)
EMNIST:'O' -> CIFAR10 ❌ (Uncertain)
EMNIST:'P' -> CIFAR10 ❌ (Uncertain)
EMNIST:'Q' -> CIFAR10 ❌ (Uncertain)
EMNIST:'R' -> CIFAR10 ❌ (Uncertain)
EMNIST:'S' -> CIFAR10 ❌ (Uncertain)
EMNIST:'T' -> CIFAR10 ❌ (Uncertain)
EMNIST:'U' -> CIFAR10 ❌ (Uncertain)
EMNIST:'V' -> CIFAR10 ❌ (Uncertain)
EMNIST:'W' -> CIFAR10 ❌ (Uncertain)
EMNIST:'X' -> CIFAR10 ❌ (Uncertain)
EMNIST:'Y' -> CIFAR10 ❌ (Uncertain)
EMNIST:'Z' -> CIFAR10 ❌ (Uncertain)
EMNIST:'a' -> CIFAR10 ❌ (Uncertain)
EMNIST:'b' -> CIFAR10 ❌ (Uncertain)
EMNIST:'c' -> CIFAR10 ❌ (Uncertain)
EMNIST:'d' -> CIFAR10 ❌ (Uncertain)
EMNIST:'e' -> CIFAR10 ❌ (Uncertain)
EMNIST:'f' -> CIFAR10 ❌ (Uncertain)
EMNIST:'g' -> CIFAR10 ❌ (Uncertain)
EMNIST:'h' -> CIFAR10 ❌ (Uncertain)
EMNIST:'i' -> CIFAR10 ❌ (Uncertain)
EMNIST:'j' -> CIFAR10 ❌ (Uncertain)
EMNIST:'k' -> CIFAR10 ❌ (Uncertain)
EMNIST:'l' -> CIFAR10 ❌ (Uncertain)
EMNIST:'m' -> CIFAR10 ❌ (Uncertain)
EMNIST:'n' -> CIFAR10 ❌ (Uncertain)
EMNIST:'o' -> CIFAR10 ❌ (Uncertain)
EMNIST:'p' -> CIFAR10 ❌ (Uncertain)
EMNIST:'q' -> CIFAR10 ❌ (Uncertain)
EMNIST:'r' -> CIFAR10 ❌ (Uncertain)
EMNIST:'s' -> CIFAR10 ❌ (Uncertain)
EMNIST:'t' -> CIFAR10 ❌ (Uncertain)
EMNIST:'u' -> CIFAR10 ❌ (Uncertain)
EMNIST:'v' -> CIFAR10 ❌ (Uncertain)
EMNIST:'w' -> CIFAR10 ❌ (Uncertain)
EMNIST:'x' -> CIFAR10 ❌ (Uncertain)
EMNIST:'y' -> CIFAR10 ❌ (Uncertain)
EMNIST:'z' -> CIFAR10 ❌ (Uncertain)
CIFAR10:'airplane' -> MNIST ❌ (Uncertain)
CIFAR10:'automobile' -> MNIST ❌ (Uncertain)
CIFAR10:'bird' -> MNIST ❌ (Uncertain)
CIFAR10:'cat' -> MNIST ❌ (Uncertain)
CIFAR10:'deer' -> MNIST ❌ (Uncertain)
CIFAR10:'dog' -> MNIST ❌ (Uncertain)
CIFAR10:'frog' -> MNIST ❌ (Uncertain)
CIFAR10:'horse' -> MNIST ❌ (Uncertain)
CIFAR10:'ship' -> MNIST ❌ (Uncertain)
CIFAR10:'truck' -> MNIST ❌ (Uncertain)
CIFAR10:'airplane' -> EMNIST ❌ (Uncertain)
CIFAR10:'automobile' -> EMNIST ❌ (Uncertain)
CIFAR10:'bird' -> EMNIST ❌ (Uncertain)
CIFAR10:'cat' -> EMNIST ❌ (Uncertain)
CIFAR10:'deer' -> EMNIST ❌ (Uncertain)
CIFAR10:'dog' -> EMNIST ❌ (Uncertain)
CIFAR10:'frog' -> EMNIST ❌ (Uncertain)
CIFAR10:'horse' -> EMNIST ❌ (Uncertain)
CIFAR10:'ship' -> EMNIST ❌ (Uncertain)
CIFAR10:'truck' -> EMNIST ❌ (Uncertain)
Exp (Syn): New Gen + Old Ent (0.4)
dynamic_entropy_ratio: 0.4
MNIST:'0' -> EMNIST ❌ (Uncertain)
MNIST:'1' -> EMNIST ❌ (Uncertain)
MNIST:'2' -> EMNIST ❌ (Uncertain)
MNIST:'3' -> EMNIST ❌ (Uncertain)
MNIST:'4' -> EMNIST ❌ (Uncertain)
MNIST:'5' -> EMNIST ❌ (Uncertain)
MNIST:'6' -> EMNIST ❌ (Uncertain)
MNIST:'7' -> EMNIST ❌ (Uncertain)
MNIST:'8' -> EMNIST | Predict: '8' (Ent: 1.35)
  ✅ [Match] MNIST:'8' <==> EMNIST:'8' (Ent: 0.91)
MNIST:'9' -> EMNIST ❌ (Uncertain)
MNIST:'0' -> CIFAR10 ❌ (Uncertain)
MNIST:'1' -> CIFAR10 ❌ (Uncertain)
MNIST:'2' -> CIFAR10 ❌ (Uncertain)
MNIST:'3' -> CIFAR10 ❌ (Uncertain)
MNIST:'4' -> CIFAR10 ❌ (Uncertain)
MNIST:'5' -> CIFAR10 ❌ (Uncertain)
MNIST:'6' -> CIFAR10 ❌ (Uncertain)
MNIST:'7' -> CIFAR10 ❌ (Uncertain)
MNIST:'8' -> CIFAR10 | Predict: 'dog' (Ent: 0.81)
MNIST:'9' -> CIFAR10 ❌ (Uncertain)
EMNIST:'0' -> MNIST ❌ (Uncertain)
EMNIST:'1' -> MNIST ❌ (Uncertain)
EMNIST:'2' -> MNIST ❌ (Uncertain)
EMNIST:'3' -> MNIST ❌ (Uncertain)
EMNIST:'4' -> MNIST ❌ (Uncertain)
EMNIST:'5' -> MNIST ❌ (Uncertain)
EMNIST:'6' -> MNIST ❌ (Uncertain)
EMNIST:'7' -> MNIST ❌ (Uncertain)
EMNIST:'9' -> MNIST ❌ (Uncertain)
EMNIST:'A' -> MNIST ❌ (Uncertain)
EMNIST:'B' -> MNIST ❌ (Uncertain)
EMNIST:'C' -> MNIST ❌ (Uncertain)
EMNIST:'D' -> MNIST ❌ (Uncertain)
EMNIST:'E' -> MNIST ❌ (Uncertain)
EMNIST:'F' -> MNIST ❌ (Uncertain)
EMNIST:'G' -> MNIST ❌ (Uncertain)
EMNIST:'H' -> MNIST ❌ (Uncertain)
EMNIST:'I' -> MNIST ❌ (Uncertain)
EMNIST:'J' -> MNIST ❌ (Uncertain)
EMNIST:'K' -> MNIST ❌ (Uncertain)
EMNIST:'L' -> MNIST ❌ (Uncertain)
EMNIST:'M' -> MNIST ❌ (Uncertain)
EMNIST:'N' -> MNIST ❌ (Uncertain)
EMNIST:'O' -> MNIST ❌ (Uncertain)
EMNIST:'P' -> MNIST ❌ (Uncertain)
EMNIST:'Q' -> MNIST ❌ (Uncertain)
EMNIST:'R' -> MNIST ❌ (Uncertain)
EMNIST:'S' -> MNIST ❌ (Uncertain)
EMNIST:'T' -> MNIST ❌ (Uncertain)
EMNIST:'U' -> MNIST ❌ (Uncertain)
EMNIST:'V' -> MNIST ❌ (Uncertain)
EMNIST:'W' -> MNIST ❌ (Uncertain)
EMNIST:'X' -> MNIST ❌ (Uncertain)
EMNIST:'Y' -> MNIST ❌ (Uncertain)
EMNIST:'Z' -> MNIST ❌ (Uncertain)
EMNIST:'a' -> MNIST ❌ (Uncertain)
EMNIST:'b' -> MNIST ❌ (Uncertain)
EMNIST:'c' -> MNIST ❌ (Uncertain)
EMNIST:'d' -> MNIST ❌ (Uncertain)
EMNIST:'e' -> MNIST ❌ (Uncertain)
EMNIST:'f' -> MNIST ❌ (Uncertain)
EMNIST:'g' -> MNIST ❌ (Uncertain)
EMNIST:'h' -> MNIST ❌ (Uncertain)
EMNIST:'i' -> MNIST ❌ (Uncertain)
EMNIST:'j' -> MNIST ❌ (Uncertain)
EMNIST:'k' -> MNIST ❌ (Uncertain)
EMNIST:'l' -> MNIST ❌ (Uncertain)
EMNIST:'m' -> MNIST ❌ (Uncertain)
EMNIST:'n' -> MNIST ❌ (Uncertain)
EMNIST:'o' -> MNIST ❌ (Uncertain)
EMNIST:'p' -> MNIST ❌ (Uncertain)
EMNIST:'q' -> MNIST ❌ (Uncertain)
EMNIST:'r' -> MNIST ❌ (Uncertain)
EMNIST:'s' -> MNIST ❌ (Uncertain)
EMNIST:'t' -> MNIST ❌ (Uncertain)
EMNIST:'u' -> MNIST ❌ (Uncertain)
EMNIST:'v' -> MNIST ❌ (Uncertain)
EMNIST:'w' -> MNIST ❌ (Uncertain)
EMNIST:'x' -> MNIST ❌ (Uncertain)
EMNIST:'y' -> MNIST ❌ (Uncertain)
EMNIST:'z' -> MNIST ❌ (Uncertain)
EMNIST:'0' -> CIFAR10 ❌ (Uncertain)
EMNIST:'1' -> CIFAR10 ❌ (Uncertain)
EMNIST:'2' -> CIFAR10 ❌ (Uncertain)
EMNIST:'3' -> CIFAR10 ❌ (Uncertain)
EMNIST:'4' -> CIFAR10 ❌ (Uncertain)
EMNIST:'5' -> CIFAR10 ❌ (Uncertain)
EMNIST:'6' -> CIFAR10 ❌ (Uncertain)
EMNIST:'7' -> CIFAR10 ❌ (Uncertain)
EMNIST:'8' -> CIFAR10 ❌ (Uncertain)
EMNIST:'9' -> CIFAR10 ❌ (Uncertain)
EMNIST:'A' -> CIFAR10 ❌ (Uncertain)
EMNIST:'B' -> CIFAR10 ❌ (Uncertain)
EMNIST:'C' -> CIFAR10 ❌ (Uncertain)
EMNIST:'D' -> CIFAR10 ❌ (Uncertain)
EMNIST:'E' -> CIFAR10 ❌ (Uncertain)
EMNIST:'F' -> CIFAR10 ❌ (Uncertain)
EMNIST:'G' -> CIFAR10 ❌ (Uncertain)
EMNIST:'H' -> CIFAR10 ❌ (Uncertain)
EMNIST:'I' -> CIFAR10 ❌ (Uncertain)
EMNIST:'J' -> CIFAR10 ❌ (Uncertain)
EMNIST:'K' -> CIFAR10 ❌ (Uncertain)
EMNIST:'L' -> CIFAR10 ❌ (Uncertain)
EMNIST:'M' -> CIFAR10 ❌ (Uncertain)
EMNIST:'N' -> CIFAR10 ❌ (Uncertain)
EMNIST:'O' -> CIFAR10 ❌ (Uncertain)
EMNIST:'P' -> CIFAR10 ❌ (Uncertain)
EMNIST:'Q' -> CIFAR10 ❌ (Uncertain)
EMNIST:'R' -> CIFAR10 ❌ (Uncertain)
EMNIST:'S' -> CIFAR10 ❌ (Uncertain)
EMNIST:'T' -> CIFAR10 ❌ (Uncertain)
EMNIST:'U' -> CIFAR10 ❌ (Uncertain)
EMNIST:'V' -> CIFAR10 ❌ (Uncertain)
EMNIST:'W' -> CIFAR10 ❌ (Uncertain)
EMNIST:'X' -> CIFAR10 ❌ (Uncertain)
EMNIST:'Y' -> CIFAR10 ❌ (Uncertain)
EMNIST:'Z' -> CIFAR10 ❌ (Uncertain)
EMNIST:'a' -> CIFAR10 ❌ (Uncertain)
EMNIST:'b' -> CIFAR10 ❌ (Uncertain)
EMNIST:'c' -> CIFAR10 ❌ (Uncertain)
EMNIST:'d' -> CIFAR10 ❌ (Uncertain)
EMNIST:'e' -> CIFAR10 ❌ (Uncertain)
EMNIST:'f' -> CIFAR10 ❌ (Uncertain)
EMNIST:'g' -> CIFAR10 ❌ (Uncertain)
EMNIST:'h' -> CIFAR10 ❌ (Uncertain)
EMNIST:'i' -> CIFAR10 ❌ (Uncertain)
EMNIST:'j' -> CIFAR10 ❌ (Uncertain)
EMNIST:'k' -> CIFAR10 ❌ (Uncertain)
EMNIST:'l' -> CIFAR10 ❌ (Uncertain)
EMNIST:'m' -> CIFAR10 ❌ (Uncertain)
EMNIST:'n' -> CIFAR10 ❌ (Uncertain)
EMNIST:'o' -> CIFAR10 ❌ (Uncertain)
EMNIST:'p' -> CIFAR10 ❌ (Uncertain)
EMNIST:'q' -> CIFAR10 ❌ (Uncertain)
EMNIST:'r' -> CIFAR10 ❌ (Uncertain)
EMNIST:'s' -> CIFAR10 ❌ (Uncertain)
EMNIST:'t' -> CIFAR10 ❌ (Uncertain)
EMNIST:'u' -> CIFAR10 ❌ (Uncertain)
EMNIST:'v' -> CIFAR10 ❌ (Uncertain)
EMNIST:'w' -> CIFAR10 ❌ (Uncertain)
EMNIST:'x' -> CIFAR10 ❌ (Uncertain)
EMNIST:'y' -> CIFAR10 ❌ (Uncertain)
EMNIST:'z' -> CIFAR10 ❌ (Uncertain)
CIFAR10:'airplane' -> MNIST ❌ (Uncertain)
CIFAR10:'automobile' -> MNIST ❌ (Uncertain)
CIFAR10:'bird' -> MNIST ❌ (Uncertain)
CIFAR10:'cat' -> MNIST ❌ (Uncertain)
CIFAR10:'deer' -> MNIST ❌ (Uncertain)
CIFAR10:'frog' -> MNIST ❌ (Uncertain)
CIFAR10:'horse' -> MNIST ❌ (Uncertain)
CIFAR10:'ship' -> MNIST ❌ (Uncertain)
CIFAR10:'truck' -> MNIST ❌ (Uncertain)
CIFAR10:'airplane' -> EMNIST ❌ (Uncertain)
CIFAR10:'automobile' -> EMNIST ❌ (Uncertain)
CIFAR10:'bird' -> EMNIST ❌ (Uncertain)
CIFAR10:'cat' -> EMNIST ❌ (Uncertain)
CIFAR10:'deer' -> EMNIST ❌ (Uncertain)
CIFAR10:'dog' -> EMNIST ❌ (Uncertain)
CIFAR10:'frog' -> EMNIST ❌ (Uncertain)
CIFAR10:'horse' -> EMNIST ❌ (Uncertain)
CIFAR10:'ship' -> EMNIST ❌ (Uncertain)
CIFAR10:'truck' -> EMNIST ❌ (Uncertain)
Exp (Syn): New Gen + Old Ent (0.45)
dynamic_entropy_ratio: 0.45
MNIST:'0' -> EMNIST ❌ (Uncertain)
MNIST:'1' -> EMNIST ❌ (Uncertain)
MNIST:'2' -> EMNIST ❌ (Uncertain)
MNIST:'3' -> EMNIST | Predict: '3' (Ent: 1.83)
MNIST:'4' -> EMNIST ❌ (Uncertain)
MNIST:'5' -> EMNIST ❌ (Uncertain)
MNIST:'6' -> EMNIST ❌ (Uncertain)
MNIST:'7' -> EMNIST ❌ (Uncertain)
MNIST:'8' -> EMNIST | Predict: '8' (Ent: 1.35)
  ✅ [Match] MNIST:'8' <==> EMNIST:'8' (Ent: 0.91)
MNIST:'9' -> EMNIST ❌ (Uncertain)
MNIST:'0' -> CIFAR10 ❌ (Uncertain)
MNIST:'1' -> CIFAR10 ❌ (Uncertain)
MNIST:'2' -> CIFAR10 ❌ (Uncertain)
MNIST:'3' -> CIFAR10 ❌ (Uncertain)
MNIST:'4' -> CIFAR10 ❌ (Uncertain)
MNIST:'5' -> CIFAR10 ❌ (Uncertain)
MNIST:'6' -> CIFAR10 ❌ (Uncertain)
MNIST:'7' -> CIFAR10 ❌ (Uncertain)
MNIST:'8' -> CIFAR10 | Predict: 'dog' (Ent: 0.81)
MNIST:'9' -> CIFAR10 ❌ (Uncertain)
EMNIST:'0' -> MNIST ❌ (Uncertain)
EMNIST:'1' -> MNIST ❌ (Uncertain)
EMNIST:'2' -> MNIST ❌ (Uncertain)
EMNIST:'4' -> MNIST ❌ (Uncertain)
EMNIST:'5' -> MNIST ❌ (Uncertain)
EMNIST:'6' -> MNIST | Predict: '8' (Ent: 1.03)
  ⚠️ [Mismatch] Cycle Back predicted '8' (Expected '6') (Ent: 1.35)
EMNIST:'7' -> MNIST ❌ (Uncertain)
EMNIST:'9' -> MNIST ❌ (Uncertain)
EMNIST:'A' -> MNIST ❌ (Uncertain)
EMNIST:'B' -> MNIST ❌ (Uncertain)
EMNIST:'C' -> MNIST ❌ (Uncertain)
EMNIST:'D' -> MNIST ❌ (Uncertain)
EMNIST:'E' -> MNIST ❌ (Uncertain)
EMNIST:'F' -> MNIST ❌ (Uncertain)
EMNIST:'G' -> MNIST ❌ (Uncertain)
EMNIST:'H' -> MNIST ❌ (Uncertain)
EMNIST:'I' -> MNIST ❌ (Uncertain)
EMNIST:'J' -> MNIST ❌ (Uncertain)
EMNIST:'K' -> MNIST ❌ (Uncertain)
EMNIST:'L' -> MNIST ❌ (Uncertain)
EMNIST:'M' -> MNIST ❌ (Uncertain)
EMNIST:'N' -> MNIST ❌ (Uncertain)
EMNIST:'O' -> MNIST ❌ (Uncertain)
EMNIST:'P' -> MNIST ❌ (Uncertain)
EMNIST:'Q' -> MNIST ❌ (Uncertain)
EMNIST:'R' -> MNIST ❌ (Uncertain)
EMNIST:'S' -> MNIST ❌ (Uncertain)
EMNIST:'T' -> MNIST ❌ (Uncertain)
EMNIST:'U' -> MNIST ❌ (Uncertain)
EMNIST:'V' -> MNIST ❌ (Uncertain)
EMNIST:'W' -> MNIST ❌ (Uncertain)
EMNIST:'X' -> MNIST ❌ (Uncertain)
EMNIST:'Y' -> MNIST ❌ (Uncertain)
EMNIST:'Z' -> MNIST ❌ (Uncertain)
EMNIST:'a' -> MNIST ❌ (Uncertain)
EMNIST:'b' -> MNIST ❌ (Uncertain)
EMNIST:'c' -> MNIST ❌ (Uncertain)
EMNIST:'d' -> MNIST ❌ (Uncertain)
EMNIST:'e' -> MNIST ❌ (Uncertain)
EMNIST:'f' -> MNIST ❌ (Uncertain)
EMNIST:'g' -> MNIST ❌ (Uncertain)
EMNIST:'h' -> MNIST ❌ (Uncertain)
EMNIST:'i' -> MNIST ❌ (Uncertain)
EMNIST:'j' -> MNIST ❌ (Uncertain)
EMNIST:'k' -> MNIST ❌ (Uncertain)
EMNIST:'l' -> MNIST ❌ (Uncertain)
EMNIST:'m' -> MNIST ❌ (Uncertain)
EMNIST:'n' -> MNIST ❌ (Uncertain)
EMNIST:'o' -> MNIST ❌ (Uncertain)
EMNIST:'p' -> MNIST ❌ (Uncertain)
EMNIST:'q' -> MNIST ❌ (Uncertain)
EMNIST:'r' -> MNIST ❌ (Uncertain)
EMNIST:'s' -> MNIST ❌ (Uncertain)
EMNIST:'t' -> MNIST ❌ (Uncertain)
EMNIST:'u' -> MNIST ❌ (Uncertain)
EMNIST:'v' -> MNIST ❌ (Uncertain)
EMNIST:'w' -> MNIST ❌ (Uncertain)
EMNIST:'x' -> MNIST ❌ (Uncertain)
EMNIST:'y' -> MNIST ❌ (Uncertain)
EMNIST:'z' -> MNIST ❌ (Uncertain)
EMNIST:'0' -> CIFAR10 ❌ (Uncertain)
EMNIST:'1' -> CIFAR10 ❌ (Uncertain)
EMNIST:'2' -> CIFAR10 ❌ (Uncertain)
EMNIST:'3' -> CIFAR10 ❌ (Uncertain)
EMNIST:'4' -> CIFAR10 ❌ (Uncertain)
EMNIST:'5' -> CIFAR10 ❌ (Uncertain)
EMNIST:'6' -> CIFAR10 ❌ (Uncertain)
EMNIST:'7' -> CIFAR10 ❌ (Uncertain)
EMNIST:'8' -> CIFAR10 ❌ (Uncertain)
EMNIST:'9' -> CIFAR10 ❌ (Uncertain)
EMNIST:'A' -> CIFAR10 ❌ (Uncertain)
EMNIST:'B' -> CIFAR10 ❌ (Uncertain)
EMNIST:'C' -> CIFAR10 ❌ (Uncertain)
EMNIST:'D' -> CIFAR10 ❌ (Uncertain)
EMNIST:'E' -> CIFAR10 ❌ (Uncertain)
EMNIST:'F' -> CIFAR10 ❌ (Uncertain)
EMNIST:'G' -> CIFAR10 ❌ (Uncertain)
EMNIST:'H' -> CIFAR10 ❌ (Uncertain)
EMNIST:'I' -> CIFAR10 ❌ (Uncertain)
EMNIST:'J' -> CIFAR10 ❌ (Uncertain)
EMNIST:'K' -> CIFAR10 ❌ (Uncertain)
EMNIST:'L' -> CIFAR10 ❌ (Uncertain)
EMNIST:'M' -> CIFAR10 ❌ (Uncertain)
EMNIST:'N' -> CIFAR10 ❌ (Uncertain)
EMNIST:'O' -> CIFAR10 ❌ (Uncertain)
EMNIST:'P' -> CIFAR10 ❌ (Uncertain)
EMNIST:'Q' -> CIFAR10 ❌ (Uncertain)
EMNIST:'R' -> CIFAR10 ❌ (Uncertain)
EMNIST:'S' -> CIFAR10 ❌ (Uncertain)
EMNIST:'T' -> CIFAR10 ❌ (Uncertain)
EMNIST:'U' -> CIFAR10 ❌ (Uncertain)
EMNIST:'V' -> CIFAR10 ❌ (Uncertain)
EMNIST:'W' -> CIFAR10 ❌ (Uncertain)
EMNIST:'X' -> CIFAR10 ❌ (Uncertain)
EMNIST:'Y' -> CIFAR10 ❌ (Uncertain)
EMNIST:'Z' -> CIFAR10 ❌ (Uncertain)
EMNIST:'a' -> CIFAR10 ❌ (Uncertain)
EMNIST:'b' -> CIFAR10 ❌ (Uncertain)
EMNIST:'c' -> CIFAR10 ❌ (Uncertain)
EMNIST:'d' -> CIFAR10 ❌ (Uncertain)
EMNIST:'e' -> CIFAR10 ❌ (Uncertain)
EMNIST:'f' -> CIFAR10 ❌ (Uncertain)
EMNIST:'g' -> CIFAR10 ❌ (Uncertain)
EMNIST:'h' -> CIFAR10 ❌ (Uncertain)
EMNIST:'i' -> CIFAR10 ❌ (Uncertain)
EMNIST:'j' -> CIFAR10 ❌ (Uncertain)
EMNIST:'k' -> CIFAR10 ❌ (Uncertain)
EMNIST:'l' -> CIFAR10 ❌ (Uncertain)
EMNIST:'m' -> CIFAR10 ❌ (Uncertain)
EMNIST:'n' -> CIFAR10 ❌ (Uncertain)
EMNIST:'o' -> CIFAR10 ❌ (Uncertain)
EMNIST:'p' -> CIFAR10 ❌ (Uncertain)
EMNIST:'q' -> CIFAR10 ❌ (Uncertain)
EMNIST:'r' -> CIFAR10 ❌ (Uncertain)
EMNIST:'s' -> CIFAR10 ❌ (Uncertain)
EMNIST:'t' -> CIFAR10 ❌ (Uncertain)
EMNIST:'u' -> CIFAR10 ❌ (Uncertain)
EMNIST:'v' -> CIFAR10 ❌ (Uncertain)
EMNIST:'w' -> CIFAR10 ❌ (Uncertain)
EMNIST:'x' -> CIFAR10 ❌ (Uncertain)
EMNIST:'y' -> CIFAR10 ❌ (Uncertain)
EMNIST:'z' -> CIFAR10 ❌ (Uncertain)
CIFAR10:'airplane' -> MNIST ❌ (Uncertain)
CIFAR10:'automobile' -> MNIST ❌ (Uncertain)
CIFAR10:'bird' -> MNIST ❌ (Uncertain)
CIFAR10:'cat' -> MNIST ❌ (Uncertain)
CIFAR10:'deer' -> MNIST ❌ (Uncertain)
CIFAR10:'frog' -> MNIST ❌ (Uncertain)
CIFAR10:'horse' -> MNIST ❌ (Uncertain)
CIFAR10:'ship' -> MNIST ❌ (Uncertain)
CIFAR10:'truck' -> MNIST ❌ (Uncertain)
CIFAR10:'airplane' -> EMNIST ❌ (Uncertain)
CIFAR10:'automobile' -> EMNIST ❌ (Uncertain)
CIFAR10:'bird' -> EMNIST ❌ (Uncertain)
CIFAR10:'cat' -> EMNIST ❌ (Uncertain)
CIFAR10:'deer' -> EMNIST ❌ (Uncertain)
CIFAR10:'dog' -> EMNIST ❌ (Uncertain)
CIFAR10:'frog' -> EMNIST ❌ (Uncertain)
CIFAR10:'horse' -> EMNIST ❌ (Uncertain)
CIFAR10:'ship' -> EMNIST ❌ (Uncertain)
CIFAR10:'truck' -> EMNIST ❌ (Uncertain)
Exp (Syn): New Gen + Old Ent (0.5)
dynamic_entropy_ratio: 0.5
MNIST:'0' -> EMNIST | Predict: '0' (Ent: 1.87)
MNIST:'1' -> EMNIST ❌ (Uncertain)
MNIST:'2' -> EMNIST ❌ (Uncertain)
MNIST:'3' -> EMNIST | Predict: '3' (Ent: 1.83)
  ⚠️ [Mismatch] Cycle Back predicted '8' (Expected '3') (Ent: 1.08)
MNIST:'4' -> EMNIST ❌ (Uncertain)
MNIST:'5' -> EMNIST ❌ (Uncertain)
MNIST:'6' -> EMNIST | Predict: '6' (Ent: 1.99)
  ⚠️ [Mismatch] Cycle Back predicted '8' (Expected '6') (Ent: 1.03)
MNIST:'7' -> EMNIST ❌ (Uncertain)
MNIST:'8' -> EMNIST | Predict: '8' (Ent: 1.35)
  ✅ [Match] MNIST:'8' <==> EMNIST:'8' (Ent: 0.91)
MNIST:'9' -> EMNIST ❌ (Uncertain)
MNIST:'0' -> CIFAR10 ❌ (Uncertain)
MNIST:'1' -> CIFAR10 ❌ (Uncertain)
MNIST:'2' -> CIFAR10 ❌ (Uncertain)
MNIST:'3' -> CIFAR10 ❌ (Uncertain)
MNIST:'4' -> CIFAR10 ❌ (Uncertain)
MNIST:'5' -> CIFAR10 ❌ (Uncertain)
MNIST:'6' -> CIFAR10 ❌ (Uncertain)
MNIST:'7' -> CIFAR10 ❌ (Uncertain)
MNIST:'8' -> CIFAR10 | Predict: 'dog' (Ent: 0.81)
MNIST:'9' -> CIFAR10 ❌ (Uncertain)
EMNIST:'1' -> MNIST ❌ (Uncertain)
EMNIST:'2' -> MNIST ❌ (Uncertain)
EMNIST:'4' -> MNIST ❌ (Uncertain)
EMNIST:'5' -> MNIST | Predict: '8' (Ent: 1.14)
  ⚠️ [Mismatch] Cycle Back predicted '8' (Expected '5') (Ent: 1.35)
EMNIST:'7' -> MNIST ❌ (Uncertain)
EMNIST:'9' -> MNIST ❌ (Uncertain)
EMNIST:'A' -> MNIST ❌ (Uncertain)
EMNIST:'B' -> MNIST ❌ (Uncertain)
EMNIST:'C' -> MNIST ❌ (Uncertain)
EMNIST:'D' -> MNIST ❌ (Uncertain)
EMNIST:'E' -> MNIST ❌ (Uncertain)
EMNIST:'F' -> MNIST ❌ (Uncertain)
EMNIST:'G' -> MNIST ❌ (Uncertain)
EMNIST:'H' -> MNIST ❌ (Uncertain)
EMNIST:'I' -> MNIST ❌ (Uncertain)
EMNIST:'J' -> MNIST ❌ (Uncertain)
EMNIST:'K' -> MNIST ❌ (Uncertain)
EMNIST:'L' -> MNIST ❌ (Uncertain)
EMNIST:'M' -> MNIST ❌ (Uncertain)
EMNIST:'N' -> MNIST ❌ (Uncertain)
EMNIST:'O' -> MNIST ❌ (Uncertain)
EMNIST:'P' -> MNIST ❌ (Uncertain)
EMNIST:'Q' -> MNIST ❌ (Uncertain)
EMNIST:'R' -> MNIST ❌ (Uncertain)
EMNIST:'S' -> MNIST ❌ (Uncertain)
EMNIST:'T' -> MNIST ❌ (Uncertain)
EMNIST:'U' -> MNIST ❌ (Uncertain)
EMNIST:'V' -> MNIST ❌ (Uncertain)
EMNIST:'W' -> MNIST ❌ (Uncertain)
EMNIST:'X' -> MNIST ❌ (Uncertain)
EMNIST:'Y' -> MNIST ❌ (Uncertain)
EMNIST:'Z' -> MNIST ❌ (Uncertain)
EMNIST:'a' -> MNIST ❌ (Uncertain)
EMNIST:'b' -> MNIST ❌ (Uncertain)
EMNIST:'c' -> MNIST ❌ (Uncertain)
EMNIST:'d' -> MNIST ❌ (Uncertain)
EMNIST:'e' -> MNIST ❌ (Uncertain)
EMNIST:'f' -> MNIST ❌ (Uncertain)
EMNIST:'g' -> MNIST ❌ (Uncertain)
EMNIST:'h' -> MNIST ❌ (Uncertain)
EMNIST:'i' -> MNIST ❌ (Uncertain)
EMNIST:'j' -> MNIST ❌ (Uncertain)
EMNIST:'k' -> MNIST ❌ (Uncertain)
EMNIST:'l' -> MNIST ❌ (Uncertain)
EMNIST:'m' -> MNIST ❌ (Uncertain)
EMNIST:'n' -> MNIST ❌ (Uncertain)
EMNIST:'o' -> MNIST ❌ (Uncertain)
EMNIST:'p' -> MNIST ❌ (Uncertain)
EMNIST:'q' -> MNIST ❌ (Uncertain)
EMNIST:'r' -> MNIST ❌ (Uncertain)
EMNIST:'s' -> MNIST ❌ (Uncertain)
EMNIST:'t' -> MNIST ❌ (Uncertain)
EMNIST:'u' -> MNIST ❌ (Uncertain)
EMNIST:'v' -> MNIST ❌ (Uncertain)
EMNIST:'w' -> MNIST ❌ (Uncertain)
EMNIST:'x' -> MNIST ❌ (Uncertain)
EMNIST:'y' -> MNIST ❌ (Uncertain)
EMNIST:'z' -> MNIST ❌ (Uncertain)
EMNIST:'0' -> CIFAR10 ❌ (Uncertain)
EMNIST:'1' -> CIFAR10 ❌ (Uncertain)
EMNIST:'2' -> CIFAR10 ❌ (Uncertain)
EMNIST:'3' -> CIFAR10 ❌ (Uncertain)
EMNIST:'4' -> CIFAR10 ❌ (Uncertain)
EMNIST:'5' -> CIFAR10 ❌ (Uncertain)
EMNIST:'6' -> CIFAR10 ❌ (Uncertain)
EMNIST:'7' -> CIFAR10 ❌ (Uncertain)
EMNIST:'8' -> CIFAR10 ❌ (Uncertain)
EMNIST:'9' -> CIFAR10 ❌ (Uncertain)
EMNIST:'A' -> CIFAR10 ❌ (Uncertain)
EMNIST:'B' -> CIFAR10 ❌ (Uncertain)
EMNIST:'C' -> CIFAR10 ❌ (Uncertain)
EMNIST:'D' -> CIFAR10 ❌ (Uncertain)
EMNIST:'E' -> CIFAR10 ❌ (Uncertain)
EMNIST:'F' -> CIFAR10 ❌ (Uncertain)
EMNIST:'G' -> CIFAR10 ❌ (Uncertain)
EMNIST:'H' -> CIFAR10 ❌ (Uncertain)
EMNIST:'I' -> CIFAR10 ❌ (Uncertain)
EMNIST:'J' -> CIFAR10 ❌ (Uncertain)
EMNIST:'K' -> CIFAR10 ❌ (Uncertain)
EMNIST:'L' -> CIFAR10 ❌ (Uncertain)
EMNIST:'M' -> CIFAR10 ❌ (Uncertain)
EMNIST:'N' -> CIFAR10 ❌ (Uncertain)
EMNIST:'O' -> CIFAR10 ❌ (Uncertain)
EMNIST:'P' -> CIFAR10 ❌ (Uncertain)
EMNIST:'Q' -> CIFAR10 ❌ (Uncertain)
EMNIST:'R' -> CIFAR10 ❌ (Uncertain)
EMNIST:'S' -> CIFAR10 ❌ (Uncertain)
EMNIST:'T' -> CIFAR10 ❌ (Uncertain)
EMNIST:'U' -> CIFAR10 ❌ (Uncertain)
EMNIST:'V' -> CIFAR10 ❌ (Uncertain)
EMNIST:'W' -> CIFAR10 ❌ (Uncertain)
EMNIST:'X' -> CIFAR10 ❌ (Uncertain)
EMNIST:'Y' -> CIFAR10 ❌ (Uncertain)
EMNIST:'Z' -> CIFAR10 ❌ (Uncertain)
EMNIST:'a' -> CIFAR10 ❌ (Uncertain)
EMNIST:'b' -> CIFAR10 ❌ (Uncertain)
EMNIST:'c' -> CIFAR10 ❌ (Uncertain)
EMNIST:'d' -> CIFAR10 ❌ (Uncertain)
EMNIST:'e' -> CIFAR10 ❌ (Uncertain)
EMNIST:'f' -> CIFAR10 ❌ (Uncertain)
EMNIST:'g' -> CIFAR10 ❌ (Uncertain)
EMNIST:'h' -> CIFAR10 ❌ (Uncertain)
EMNIST:'i' -> CIFAR10 ❌ (Uncertain)
EMNIST:'j' -> CIFAR10 ❌ (Uncertain)
EMNIST:'k' -> CIFAR10 ❌ (Uncertain)
EMNIST:'l' -> CIFAR10 ❌ (Uncertain)
EMNIST:'m' -> CIFAR10 ❌ (Uncertain)
EMNIST:'n' -> CIFAR10 ❌ (Uncertain)
EMNIST:'o' -> CIFAR10 ❌ (Uncertain)
EMNIST:'p' -> CIFAR10 ❌ (Uncertain)
EMNIST:'q' -> CIFAR10 ❌ (Uncertain)
EMNIST:'r' -> CIFAR10 ❌ (Uncertain)
EMNIST:'s' -> CIFAR10 ❌ (Uncertain)
EMNIST:'t' -> CIFAR10 ❌ (Uncertain)
EMNIST:'u' -> CIFAR10 ❌ (Uncertain)
EMNIST:'v' -> CIFAR10 ❌ (Uncertain)
EMNIST:'w' -> CIFAR10 ❌ (Uncertain)
EMNIST:'x' -> CIFAR10 ❌ (Uncertain)
EMNIST:'y' -> CIFAR10 ❌ (Uncertain)
EMNIST:'z' -> CIFAR10 ❌ (Uncertain)
CIFAR10:'airplane' -> MNIST ❌ (Uncertain)
CIFAR10:'automobile' -> MNIST ❌ (Uncertain)
CIFAR10:'bird' -> MNIST ❌ (Uncertain)
CIFAR10:'cat' -> MNIST ❌ (Uncertain)
CIFAR10:'deer' -> MNIST ❌ (Uncertain)
CIFAR10:'frog' -> MNIST ❌ (Uncertain)
CIFAR10:'horse' -> MNIST ❌ (Uncertain)
CIFAR10:'ship' -> MNIST ❌ (Uncertain)
CIFAR10:'truck' -> MNIST ❌ (Uncertain)
CIFAR10:'airplane' -> EMNIST ❌ (Uncertain)
CIFAR10:'automobile' -> EMNIST ❌ (Uncertain)
CIFAR10:'bird' -> EMNIST ❌ (Uncertain)
CIFAR10:'cat' -> EMNIST ❌ (Uncertain)
CIFAR10:'deer' -> EMNIST ❌ (Uncertain)
CIFAR10:'dog' -> EMNIST ❌ (Uncertain)
CIFAR10:'frog' -> EMNIST ❌ (Uncertain)
CIFAR10:'horse' -> EMNIST ❌ (Uncertain)
CIFAR10:'ship' -> EMNIST ❌ (Uncertain)
CIFAR10:'truck' -> EMNIST ❌ (Uncertain)
Exp (Syn): New Gen + Old Ent (0.55)
dynamic_entropy_ratio: 0.55
MNIST:'0' -> EMNIST | Predict: '0' (Ent: 1.87)
MNIST:'1' -> EMNIST ❌ (Uncertain)
MNIST:'2' -> EMNIST ❌ (Uncertain)
MNIST:'3' -> EMNIST | Predict: '3' (Ent: 1.83)
  ⚠️ [Mismatch] Cycle Back predicted '8' (Expected '3') (Ent: 1.08)
MNIST:'4' -> EMNIST ❌ (Uncertain)
MNIST:'5' -> EMNIST ❌ (Uncertain)
MNIST:'6' -> EMNIST | Predict: '6' (Ent: 1.99)
  ⚠️ [Mismatch] Cycle Back predicted '8' (Expected '6') (Ent: 1.03)
MNIST:'7' -> EMNIST ❌ (Uncertain)
MNIST:'8' -> EMNIST | Predict: '8' (Ent: 1.35)
  ✅ [Match] MNIST:'8' <==> EMNIST:'8' (Ent: 0.91)
MNIST:'9' -> EMNIST ❌ (Uncertain)
MNIST:'0' -> CIFAR10 ❌ (Uncertain)
MNIST:'1' -> CIFAR10 ❌ (Uncertain)
MNIST:'2' -> CIFAR10 ❌ (Uncertain)
MNIST:'3' -> CIFAR10 ❌ (Uncertain)
MNIST:'4' -> CIFAR10 ❌ (Uncertain)
MNIST:'5' -> CIFAR10 ❌ (Uncertain)
MNIST:'6' -> CIFAR10 ❌ (Uncertain)
MNIST:'7' -> CIFAR10 ❌ (Uncertain)
MNIST:'8' -> CIFAR10 | Predict: 'dog' (Ent: 0.81)
MNIST:'9' -> CIFAR10 ❌ (Uncertain)
EMNIST:'1' -> MNIST ❌ (Uncertain)
EMNIST:'2' -> MNIST ❌ (Uncertain)
EMNIST:'4' -> MNIST ❌ (Uncertain)
EMNIST:'5' -> MNIST | Predict: '8' (Ent: 1.14)
  ⚠️ [Mismatch] Cycle Back predicted '8' (Expected '5') (Ent: 1.35)
EMNIST:'7' -> MNIST ❌ (Uncertain)
EMNIST:'9' -> MNIST | Predict: '8' (Ent: 1.16)
  ⚠️ [Mismatch] Cycle Back predicted '8' (Expected '9') (Ent: 1.35)
EMNIST:'A' -> MNIST ❌ (Uncertain)
EMNIST:'B' -> MNIST ❌ (Uncertain)
EMNIST:'C' -> MNIST | Predict: '8' (Ent: 1.22)
  ⚠️ [Mismatch] Cycle Back predicted '8' (Expected 'C') (Ent: 1.35)
EMNIST:'D' -> MNIST ❌ (Uncertain)
EMNIST:'E' -> MNIST ❌ (Uncertain)
EMNIST:'F' -> MNIST ❌ (Uncertain)
EMNIST:'G' -> MNIST ❌ (Uncertain)
EMNIST:'H' -> MNIST ❌ (Uncertain)
EMNIST:'I' -> MNIST ❌ (Uncertain)
EMNIST:'J' -> MNIST ❌ (Uncertain)
EMNIST:'K' -> MNIST | Predict: '8' (Ent: 1.22)
  ⚠️ [Mismatch] Cycle Back predicted '8' (Expected 'K') (Ent: 1.35)
EMNIST:'L' -> MNIST ❌ (Uncertain)
EMNIST:'M' -> MNIST ❌ (Uncertain)
EMNIST:'N' -> MNIST ❌ (Uncertain)
EMNIST:'O' -> MNIST ❌ (Uncertain)
EMNIST:'P' -> MNIST | Predict: '8' (Ent: 1.24)
  ⚠️ [Mismatch] Cycle Back predicted '8' (Expected 'P') (Ent: 1.35)
EMNIST:'Q' -> MNIST | Predict: '8' (Ent: 1.20)
  ⚠️ [Mismatch] Cycle Back predicted '8' (Expected 'Q') (Ent: 1.35)
EMNIST:'R' -> MNIST | Predict: '8' (Ent: 1.23)
  ⚠️ [Mismatch] Cycle Back predicted '8' (Expected 'R') (Ent: 1.35)
EMNIST:'S' -> MNIST ❌ (Uncertain)
EMNIST:'T' -> MNIST ❌ (Uncertain)
EMNIST:'U' -> MNIST ❌ (Uncertain)
EMNIST:'V' -> MNIST ❌ (Uncertain)
EMNIST:'W' -> MNIST ❌ (Uncertain)
EMNIST:'X' -> MNIST ❌ (Uncertain)
EMNIST:'Y' -> MNIST ❌ (Uncertain)
EMNIST:'Z' -> MNIST ❌ (Uncertain)
EMNIST:'a' -> MNIST ❌ (Uncertain)
EMNIST:'b' -> MNIST ❌ (Uncertain)
EMNIST:'c' -> MNIST | Predict: '8' (Ent: 1.22)
  ⚠️ [Mismatch] Cycle Back predicted '8' (Expected 'c') (Ent: 1.35)
EMNIST:'d' -> MNIST ❌ (Uncertain)
EMNIST:'e' -> MNIST ❌ (Uncertain)
EMNIST:'f' -> MNIST ❌ (Uncertain)
EMNIST:'g' -> MNIST ❌ (Uncertain)
EMNIST:'h' -> MNIST ❌ (Uncertain)
EMNIST:'i' -> MNIST ❌ (Uncertain)
EMNIST:'j' -> MNIST ❌ (Uncertain)
EMNIST:'k' -> MNIST | Predict: '8' (Ent: 1.22)
  ⚠️ [Mismatch] Cycle Back predicted '8' (Expected 'k') (Ent: 1.35)
EMNIST:'l' -> MNIST ❌ (Uncertain)
EMNIST:'m' -> MNIST ❌ (Uncertain)
EMNIST:'n' -> MNIST ❌ (Uncertain)
EMNIST:'o' -> MNIST ❌ (Uncertain)
EMNIST:'p' -> MNIST | Predict: '8' (Ent: 1.24)
  ⚠️ [Mismatch] Cycle Back predicted '8' (Expected 'p') (Ent: 1.35)
EMNIST:'q' -> MNIST | Predict: '8' (Ent: 1.20)
  ⚠️ [Mismatch] Cycle Back predicted '8' (Expected 'q') (Ent: 1.35)
EMNIST:'r' -> MNIST | Predict: '8' (Ent: 1.23)
  ⚠️ [Mismatch] Cycle Back predicted '8' (Expected 'r') (Ent: 1.35)
EMNIST:'s' -> MNIST ❌ (Uncertain)
EMNIST:'t' -> MNIST ❌ (Uncertain)
EMNIST:'u' -> MNIST ❌ (Uncertain)
EMNIST:'v' -> MNIST ❌ (Uncertain)
EMNIST:'w' -> MNIST ❌ (Uncertain)
EMNIST:'x' -> MNIST ❌ (Uncertain)
EMNIST:'y' -> MNIST ❌ (Uncertain)
EMNIST:'z' -> MNIST ❌ (Uncertain)
EMNIST:'0' -> CIFAR10 ❌ (Uncertain)
EMNIST:'1' -> CIFAR10 ❌ (Uncertain)
EMNIST:'2' -> CIFAR10 ❌ (Uncertain)
EMNIST:'3' -> CIFAR10 ❌ (Uncertain)
EMNIST:'4' -> CIFAR10 ❌ (Uncertain)
EMNIST:'5' -> CIFAR10 ❌ (Uncertain)
EMNIST:'6' -> CIFAR10 ❌ (Uncertain)
EMNIST:'7' -> CIFAR10 ❌ (Uncertain)
EMNIST:'8' -> CIFAR10 ❌ (Uncertain)
EMNIST:'9' -> CIFAR10 ❌ (Uncertain)
EMNIST:'A' -> CIFAR10 ❌ (Uncertain)
EMNIST:'B' -> CIFAR10 ❌ (Uncertain)
EMNIST:'C' -> CIFAR10 ❌ (Uncertain)
EMNIST:'D' -> CIFAR10 ❌ (Uncertain)
EMNIST:'E' -> CIFAR10 ❌ (Uncertain)
EMNIST:'F' -> CIFAR10 ❌ (Uncertain)
EMNIST:'G' -> CIFAR10 ❌ (Uncertain)
EMNIST:'H' -> CIFAR10 ❌ (Uncertain)
EMNIST:'I' -> CIFAR10 ❌ (Uncertain)
EMNIST:'J' -> CIFAR10 ❌ (Uncertain)
EMNIST:'K' -> CIFAR10 ❌ (Uncertain)
EMNIST:'L' -> CIFAR10 ❌ (Uncertain)
EMNIST:'M' -> CIFAR10 ❌ (Uncertain)
EMNIST:'N' -> CIFAR10 ❌ (Uncertain)
EMNIST:'O' -> CIFAR10 ❌ (Uncertain)
EMNIST:'P' -> CIFAR10 ❌ (Uncertain)
EMNIST:'Q' -> CIFAR10 ❌ (Uncertain)
EMNIST:'R' -> CIFAR10 ❌ (Uncertain)
EMNIST:'S' -> CIFAR10 ❌ (Uncertain)
EMNIST:'T' -> CIFAR10 ❌ (Uncertain)
EMNIST:'U' -> CIFAR10 ❌ (Uncertain)
EMNIST:'V' -> CIFAR10 ❌ (Uncertain)
EMNIST:'W' -> CIFAR10 ❌ (Uncertain)
EMNIST:'X' -> CIFAR10 ❌ (Uncertain)
EMNIST:'Y' -> CIFAR10 ❌ (Uncertain)
EMNIST:'Z' -> CIFAR10 ❌ (Uncertain)
EMNIST:'a' -> CIFAR10 ❌ (Uncertain)
EMNIST:'b' -> CIFAR10 ❌ (Uncertain)
EMNIST:'c' -> CIFAR10 ❌ (Uncertain)
EMNIST:'d' -> CIFAR10 ❌ (Uncertain)
EMNIST:'e' -> CIFAR10 ❌ (Uncertain)
EMNIST:'f' -> CIFAR10 ❌ (Uncertain)
EMNIST:'g' -> CIFAR10 ❌ (Uncertain)
EMNIST:'h' -> CIFAR10 ❌ (Uncertain)
EMNIST:'i' -> CIFAR10 ❌ (Uncertain)
EMNIST:'j' -> CIFAR10 ❌ (Uncertain)
EMNIST:'k' -> CIFAR10 ❌ (Uncertain)
EMNIST:'l' -> CIFAR10 ❌ (Uncertain)
EMNIST:'m' -> CIFAR10 ❌ (Uncertain)
EMNIST:'n' -> CIFAR10 ❌ (Uncertain)
EMNIST:'o' -> CIFAR10 ❌ (Uncertain)
EMNIST:'p' -> CIFAR10 ❌ (Uncertain)
EMNIST:'q' -> CIFAR10 ❌ (Uncertain)
EMNIST:'r' -> CIFAR10 ❌ (Uncertain)
EMNIST:'s' -> CIFAR10 ❌ (Uncertain)
EMNIST:'t' -> CIFAR10 ❌ (Uncertain)
EMNIST:'u' -> CIFAR10 ❌ (Uncertain)
EMNIST:'v' -> CIFAR10 ❌ (Uncertain)
EMNIST:'w' -> CIFAR10 ❌ (Uncertain)
EMNIST:'x' -> CIFAR10 ❌ (Uncertain)
EMNIST:'y' -> CIFAR10 ❌ (Uncertain)
EMNIST:'z' -> CIFAR10 ❌ (Uncertain)
CIFAR10:'airplane' -> MNIST ❌ (Uncertain)
CIFAR10:'automobile' -> MNIST ❌ (Uncertain)
CIFAR10:'bird' -> MNIST ❌ (Uncertain)
CIFAR10:'cat' -> MNIST ❌ (Uncertain)
CIFAR10:'deer' -> MNIST ❌ (Uncertain)
CIFAR10:'frog' -> MNIST ❌ (Uncertain)
CIFAR10:'horse' -> MNIST ❌ (Uncertain)
CIFAR10:'ship' -> MNIST ❌ (Uncertain)
CIFAR10:'truck' -> MNIST ❌ (Uncertain)
CIFAR10:'airplane' -> EMNIST ❌ (Uncertain)
CIFAR10:'automobile' -> EMNIST ❌ (Uncertain)
CIFAR10:'bird' -> EMNIST ❌ (Uncertain)
CIFAR10:'cat' -> EMNIST ❌ (Uncertain)
CIFAR10:'deer' -> EMNIST ❌ (Uncertain)
CIFAR10:'dog' -> EMNIST ❌ (Uncertain)
CIFAR10:'frog' -> EMNIST ❌ (Uncertain)
CIFAR10:'horse' -> EMNIST ❌ (Uncertain)
CIFAR10:'ship' -> EMNIST ❌ (Uncertain)
CIFAR10:'truck' -> EMNIST ❌ (Uncertain)
Exp (Syn): New Gen + Old Ent (0.6)
dynamic_entropy_ratio: 0.6
MNIST:'0' -> EMNIST | Predict: '0' (Ent: 1.87)
MNIST:'1' -> EMNIST ❌ (Uncertain)
MNIST:'2' -> EMNIST ❌ (Uncertain)
MNIST:'3' -> EMNIST | Predict: '3' (Ent: 1.83)
  ⚠️ [Mismatch] Cycle Back predicted '8' (Expected '3') (Ent: 1.08)
MNIST:'4' -> EMNIST ❌ (Uncertain)
MNIST:'5' -> EMNIST ❌ (Uncertain)
MNIST:'6' -> EMNIST | Predict: '6' (Ent: 1.99)
  ⚠️ [Mismatch] Cycle Back predicted '8' (Expected '6') (Ent: 1.03)
MNIST:'7' -> EMNIST ❌ (Uncertain)
MNIST:'8' -> EMNIST | Predict: '8' (Ent: 1.35)
  ✅ [Match] MNIST:'8' <==> EMNIST:'8' (Ent: 0.91)
MNIST:'9' -> EMNIST ❌ (Uncertain)
MNIST:'0' -> CIFAR10 ❌ (Uncertain)
MNIST:'1' -> CIFAR10 ❌ (Uncertain)
MNIST:'2' -> CIFAR10 ❌ (Uncertain)
MNIST:'3' -> CIFAR10 ❌ (Uncertain)
MNIST:'4' -> CIFAR10 ❌ (Uncertain)
MNIST:'5' -> CIFAR10 ❌ (Uncertain)
MNIST:'6' -> CIFAR10 | Predict: 'dog' (Ent: 1.29)
MNIST:'7' -> CIFAR10 ❌ (Uncertain)
MNIST:'8' -> CIFAR10 | Predict: 'dog' (Ent: 0.81)
MNIST:'9' -> CIFAR10 ❌ (Uncertain)
EMNIST:'1' -> MNIST ❌ (Uncertain)
EMNIST:'2' -> MNIST | Predict: '8' (Ent: 1.30)
  ⚠️ [Mismatch] Cycle Back predicted '8' (Expected '2') (Ent: 1.35)
EMNIST:'4' -> MNIST ❌ (Uncertain)
EMNIST:'5' -> MNIST | Predict: '8' (Ent: 1.14)
  ⚠️ [Mismatch] Cycle Back predicted '8' (Expected '5') (Ent: 1.35)
EMNIST:'7' -> MNIST | Predict: '8' (Ent: 1.29)
  ⚠️ [Mismatch] Cycle Back predicted '8' (Expected '7') (Ent: 1.35)
EMNIST:'9' -> MNIST | Predict: '8' (Ent: 1.16)
  ⚠️ [Mismatch] Cycle Back predicted '8' (Expected '9') (Ent: 1.35)
EMNIST:'A' -> MNIST ❌ (Uncertain)
EMNIST:'B' -> MNIST ❌ (Uncertain)
EMNIST:'C' -> MNIST | Predict: '8' (Ent: 1.22)
  ⚠️ [Mismatch] Cycle Back predicted '8' (Expected 'C') (Ent: 1.35)
EMNIST:'D' -> MNIST ❌ (Uncertain)
EMNIST:'E' -> MNIST ❌ (Uncertain)
EMNIST:'F' -> MNIST ❌ (Uncertain)
EMNIST:'G' -> MNIST | Predict: '8' (Ent: 1.33)
  ⚠️ [Mismatch] Cycle Back predicted '8' (Expected 'G') (Ent: 1.35)
EMNIST:'H' -> MNIST ❌ (Uncertain)
EMNIST:'I' -> MNIST ❌ (Uncertain)
EMNIST:'J' -> MNIST | Predict: '8' (Ent: 1.30)
  ⚠️ [Mismatch] Cycle Back predicted '8' (Expected 'J') (Ent: 1.35)
EMNIST:'K' -> MNIST | Predict: '8' (Ent: 1.22)
  ⚠️ [Mismatch] Cycle Back predicted '8' (Expected 'K') (Ent: 1.35)
EMNIST:'L' -> MNIST ❌ (Uncertain)
EMNIST:'M' -> MNIST ❌ (Uncertain)
EMNIST:'N' -> MNIST ❌ (Uncertain)
EMNIST:'O' -> MNIST ❌ (Uncertain)
EMNIST:'P' -> MNIST | Predict: '8' (Ent: 1.24)
  ⚠️ [Mismatch] Cycle Back predicted '8' (Expected 'P') (Ent: 1.35)
EMNIST:'Q' -> MNIST | Predict: '8' (Ent: 1.20)
  ⚠️ [Mismatch] Cycle Back predicted '8' (Expected 'Q') (Ent: 1.35)
EMNIST:'R' -> MNIST | Predict: '8' (Ent: 1.23)
  ⚠️ [Mismatch] Cycle Back predicted '8' (Expected 'R') (Ent: 1.35)
EMNIST:'S' -> MNIST ❌ (Uncertain)
EMNIST:'T' -> MNIST ❌ (Uncertain)
EMNIST:'U' -> MNIST ❌ (Uncertain)
EMNIST:'V' -> MNIST ❌ (Uncertain)
EMNIST:'W' -> MNIST ❌ (Uncertain)
EMNIST:'X' -> MNIST ❌ (Uncertain)
EMNIST:'Y' -> MNIST ❌ (Uncertain)
EMNIST:'Z' -> MNIST ❌ (Uncertain)
EMNIST:'a' -> MNIST ❌ (Uncertain)
EMNIST:'b' -> MNIST ❌ (Uncertain)
EMNIST:'c' -> MNIST | Predict: '8' (Ent: 1.22)
  ⚠️ [Mismatch] Cycle Back predicted '8' (Expected 'c') (Ent: 1.35)
EMNIST:'d' -> MNIST ❌ (Uncertain)
EMNIST:'e' -> MNIST ❌ (Uncertain)
EMNIST:'f' -> MNIST ❌ (Uncertain)
EMNIST:'g' -> MNIST | Predict: '8' (Ent: 1.33)
  ⚠️ [Mismatch] Cycle Back predicted '8' (Expected 'g') (Ent: 1.35)
EMNIST:'h' -> MNIST ❌ (Uncertain)
EMNIST:'i' -> MNIST ❌ (Uncertain)
EMNIST:'j' -> MNIST | Predict: '8' (Ent: 1.30)
  ⚠️ [Mismatch] Cycle Back predicted '8' (Expected 'j') (Ent: 1.35)
EMNIST:'k' -> MNIST | Predict: '8' (Ent: 1.22)
  ⚠️ [Mismatch] Cycle Back predicted '8' (Expected 'k') (Ent: 1.35)
EMNIST:'l' -> MNIST ❌ (Uncertain)
EMNIST:'m' -> MNIST ❌ (Uncertain)
EMNIST:'n' -> MNIST ❌ (Uncertain)
EMNIST:'o' -> MNIST ❌ (Uncertain)
EMNIST:'p' -> MNIST | Predict: '8' (Ent: 1.24)
  ⚠️ [Mismatch] Cycle Back predicted '8' (Expected 'p') (Ent: 1.35)
EMNIST:'q' -> MNIST | Predict: '8' (Ent: 1.20)
  ⚠️ [Mismatch] Cycle Back predicted '8' (Expected 'q') (Ent: 1.35)
EMNIST:'r' -> MNIST | Predict: '8' (Ent: 1.23)
  ⚠️ [Mismatch] Cycle Back predicted '8' (Expected 'r') (Ent: 1.35)
EMNIST:'s' -> MNIST ❌ (Uncertain)
EMNIST:'t' -> MNIST ❌ (Uncertain)
EMNIST:'u' -> MNIST ❌ (Uncertain)
EMNIST:'v' -> MNIST ❌ (Uncertain)
EMNIST:'w' -> MNIST ❌ (Uncertain)
EMNIST:'x' -> MNIST ❌ (Uncertain)
EMNIST:'y' -> MNIST ❌ (Uncertain)
EMNIST:'z' -> MNIST ❌ (Uncertain)
EMNIST:'0' -> CIFAR10 ❌ (Uncertain)
EMNIST:'1' -> CIFAR10 ❌ (Uncertain)
EMNIST:'2' -> CIFAR10 ❌ (Uncertain)
EMNIST:'3' -> CIFAR10 ❌ (Uncertain)
EMNIST:'4' -> CIFAR10 ❌ (Uncertain)
EMNIST:'5' -> CIFAR10 ❌ (Uncertain)
EMNIST:'6' -> CIFAR10 ❌ (Uncertain)
EMNIST:'7' -> CIFAR10 ❌ (Uncertain)
EMNIST:'8' -> CIFAR10 ❌ (Uncertain)
EMNIST:'9' -> CIFAR10 ❌ (Uncertain)
EMNIST:'A' -> CIFAR10 ❌ (Uncertain)
EMNIST:'B' -> CIFAR10 ❌ (Uncertain)
EMNIST:'C' -> CIFAR10 ❌ (Uncertain)
EMNIST:'D' -> CIFAR10 ❌ (Uncertain)
EMNIST:'E' -> CIFAR10 ❌ (Uncertain)
EMNIST:'F' -> CIFAR10 ❌ (Uncertain)
EMNIST:'G' -> CIFAR10 ❌ (Uncertain)
EMNIST:'H' -> CIFAR10 ❌ (Uncertain)
EMNIST:'I' -> CIFAR10 ❌ (Uncertain)
EMNIST:'J' -> CIFAR10 ❌ (Uncertain)
EMNIST:'K' -> CIFAR10 ❌ (Uncertain)
EMNIST:'L' -> CIFAR10 ❌ (Uncertain)
EMNIST:'M' -> CIFAR10 ❌ (Uncertain)
EMNIST:'N' -> CIFAR10 ❌ (Uncertain)
EMNIST:'O' -> CIFAR10 ❌ (Uncertain)
EMNIST:'P' -> CIFAR10 ❌ (Uncertain)
EMNIST:'Q' -> CIFAR10 ❌ (Uncertain)
EMNIST:'R' -> CIFAR10 ❌ (Uncertain)
EMNIST:'S' -> CIFAR10 ❌ (Uncertain)
EMNIST:'T' -> CIFAR10 ❌ (Uncertain)
EMNIST:'U' -> CIFAR10 ❌ (Uncertain)
EMNIST:'V' -> CIFAR10 | Predict: 'bird' (Ent: 1.34)
EMNIST:'W' -> CIFAR10 ❌ (Uncertain)
EMNIST:'X' -> CIFAR10 ❌ (Uncertain)
EMNIST:'Y' -> CIFAR10 ❌ (Uncertain)
EMNIST:'Z' -> CIFAR10 ❌ (Uncertain)
EMNIST:'a' -> CIFAR10 ❌ (Uncertain)
EMNIST:'b' -> CIFAR10 ❌ (Uncertain)
EMNIST:'c' -> CIFAR10 ❌ (Uncertain)
EMNIST:'d' -> CIFAR10 ❌ (Uncertain)
EMNIST:'e' -> CIFAR10 ❌ (Uncertain)
EMNIST:'f' -> CIFAR10 ❌ (Uncertain)
EMNIST:'g' -> CIFAR10 ❌ (Uncertain)
EMNIST:'h' -> CIFAR10 ❌ (Uncertain)
EMNIST:'i' -> CIFAR10 ❌ (Uncertain)
EMNIST:'j' -> CIFAR10 ❌ (Uncertain)
EMNIST:'k' -> CIFAR10 ❌ (Uncertain)
EMNIST:'l' -> CIFAR10 ❌ (Uncertain)
EMNIST:'m' -> CIFAR10 ❌ (Uncertain)
EMNIST:'n' -> CIFAR10 ❌ (Uncertain)
EMNIST:'o' -> CIFAR10 ❌ (Uncertain)
EMNIST:'p' -> CIFAR10 ❌ (Uncertain)
EMNIST:'q' -> CIFAR10 ❌ (Uncertain)
EMNIST:'r' -> CIFAR10 ❌ (Uncertain)
EMNIST:'s' -> CIFAR10 ❌ (Uncertain)
EMNIST:'t' -> CIFAR10 ❌ (Uncertain)
EMNIST:'u' -> CIFAR10 ❌ (Uncertain)
EMNIST:'v' -> CIFAR10 | Predict: 'bird' (Ent: 1.34)
EMNIST:'w' -> CIFAR10 ❌ (Uncertain)
EMNIST:'x' -> CIFAR10 ❌ (Uncertain)
EMNIST:'y' -> CIFAR10 ❌ (Uncertain)
EMNIST:'z' -> CIFAR10 ❌ (Uncertain)
CIFAR10:'airplane' -> MNIST ❌ (Uncertain)
CIFAR10:'automobile' -> MNIST ❌ (Uncertain)
CIFAR10:'bird' -> MNIST ❌ (Uncertain)
CIFAR10:'cat' -> MNIST ❌ (Uncertain)
CIFAR10:'deer' -> MNIST ❌ (Uncertain)
CIFAR10:'frog' -> MNIST ❌ (Uncertain)
CIFAR10:'horse' -> MNIST ❌ (Uncertain)
CIFAR10:'ship' -> MNIST ❌ (Uncertain)
CIFAR10:'truck' -> MNIST ❌ (Uncertain)
CIFAR10:'airplane' -> EMNIST ❌ (Uncertain)
CIFAR10:'automobile' -> EMNIST ❌ (Uncertain)
CIFAR10:'cat' -> EMNIST ❌ (Uncertain)
CIFAR10:'deer' -> EMNIST ❌ (Uncertain)
CIFAR10:'dog' -> EMNIST ❌ (Uncertain)
CIFAR10:'frog' -> EMNIST ❌ (Uncertain)
CIFAR10:'horse' -> EMNIST ❌ (Uncertain)
CIFAR10:'ship' -> EMNIST ❌ (Uncertain)
CIFAR10:'truck' -> EMNIST ❌ (Uncertain)
Exp (Syn): New Gen + Old Ent (0.65)
dynamic_entropy_ratio: 0.65
MNIST:'0' -> EMNIST | Predict: '0' (Ent: 1.87)
MNIST:'1' -> EMNIST ❌ (Uncertain)
MNIST:'2' -> EMNIST | Predict: '0' (Ent: 2.57)
MNIST:'3' -> EMNIST | Predict: '3' (Ent: 1.83)
  ⚠️ [Mismatch] Cycle Back predicted '8' (Expected '3') (Ent: 1.08)
MNIST:'4' -> EMNIST ❌ (Uncertain)
MNIST:'5' -> EMNIST | Predict: '0' (Ent: 2.55)
MNIST:'6' -> EMNIST | Predict: '6' (Ent: 1.99)
  ⚠️ [Mismatch] Cycle Back predicted '8' (Expected '6') (Ent: 1.03)
MNIST:'7' -> EMNIST ❌ (Uncertain)
MNIST:'8' -> EMNIST | Predict: '8' (Ent: 1.35)
  ✅ [Match] MNIST:'8' <==> EMNIST:'8' (Ent: 0.91)
MNIST:'9' -> EMNIST | Predict: '0' (Ent: 2.55)
MNIST:'0' -> CIFAR10 ❌ (Uncertain)
MNIST:'1' -> CIFAR10 | Predict: 'dog' (Ent: 1.49)
MNIST:'2' -> CIFAR10 ❌ (Uncertain)
MNIST:'3' -> CIFAR10 ❌ (Uncertain)
MNIST:'4' -> CIFAR10 ❌ (Uncertain)
MNIST:'5' -> CIFAR10 ❌ (Uncertain)
MNIST:'6' -> CIFAR10 | Predict: 'dog' (Ent: 1.29)
MNIST:'7' -> CIFAR10 ❌ (Uncertain)
MNIST:'8' -> CIFAR10 | Predict: 'dog' (Ent: 0.81)
MNIST:'9' -> CIFAR10 ❌ (Uncertain)
EMNIST:'1' -> MNIST ❌ (Uncertain)
EMNIST:'2' -> MNIST | Predict: '8' (Ent: 1.30)
  ⚠️ [Mismatch] Cycle Back predicted '8' (Expected '2') (Ent: 1.35)
EMNIST:'4' -> MNIST ❌ (Uncertain)
EMNIST:'5' -> MNIST | Predict: '8' (Ent: 1.14)
  ⚠️ [Mismatch] Cycle Back predicted '8' (Expected '5') (Ent: 1.35)
EMNIST:'7' -> MNIST | Predict: '8' (Ent: 1.29)
  ⚠️ [Mismatch] Cycle Back predicted '8' (Expected '7') (Ent: 1.35)
EMNIST:'9' -> MNIST | Predict: '8' (Ent: 1.16)
  ⚠️ [Mismatch] Cycle Back predicted '8' (Expected '9') (Ent: 1.35)
EMNIST:'A' -> MNIST ❌ (Uncertain)
EMNIST:'B' -> MNIST ❌ (Uncertain)
EMNIST:'C' -> MNIST | Predict: '8' (Ent: 1.22)
  ⚠️ [Mismatch] Cycle Back predicted '8' (Expected 'C') (Ent: 1.35)
EMNIST:'D' -> MNIST ❌ (Uncertain)
EMNIST:'E' -> MNIST ❌ (Uncertain)
EMNIST:'F' -> MNIST ❌ (Uncertain)
EMNIST:'G' -> MNIST | Predict: '8' (Ent: 1.33)
  ⚠️ [Mismatch] Cycle Back predicted '8' (Expected 'G') (Ent: 1.35)
EMNIST:'H' -> MNIST ❌ (Uncertain)
EMNIST:'I' -> MNIST ❌ (Uncertain)
EMNIST:'J' -> MNIST | Predict: '8' (Ent: 1.30)
  ⚠️ [Mismatch] Cycle Back predicted '8' (Expected 'J') (Ent: 1.35)
EMNIST:'K' -> MNIST | Predict: '8' (Ent: 1.22)
  ⚠️ [Mismatch] Cycle Back predicted '8' (Expected 'K') (Ent: 1.35)
EMNIST:'L' -> MNIST | Predict: '8' (Ent: 1.46)
  ⚠️ [Mismatch] Cycle Back predicted '8' (Expected 'L') (Ent: 1.35)
EMNIST:'M' -> MNIST | Predict: '8' (Ent: 1.49)
  ⚠️ [Mismatch] Cycle Back predicted '8' (Expected 'M') (Ent: 1.35)
EMNIST:'N' -> MNIST ❌ (Uncertain)
EMNIST:'O' -> MNIST ❌ (Uncertain)
EMNIST:'P' -> MNIST | Predict: '8' (Ent: 1.24)
  ⚠️ [Mismatch] Cycle Back predicted '8' (Expected 'P') (Ent: 1.35)
EMNIST:'Q' -> MNIST | Predict: '8' (Ent: 1.20)
  ⚠️ [Mismatch] Cycle Back predicted '8' (Expected 'Q') (Ent: 1.35)
EMNIST:'R' -> MNIST | Predict: '8' (Ent: 1.23)
  ⚠️ [Mismatch] Cycle Back predicted '8' (Expected 'R') (Ent: 1.35)
EMNIST:'S' -> MNIST | Predict: '8' (Ent: 1.44)
  ⚠️ [Mismatch] Cycle Back predicted '8' (Expected 'S') (Ent: 1.35)
EMNIST:'T' -> MNIST ❌ (Uncertain)
EMNIST:'U' -> MNIST | Predict: '8' (Ent: 1.48)
  ⚠️ [Mismatch] Cycle Back predicted '8' (Expected 'U') (Ent: 1.35)
EMNIST:'V' -> MNIST ❌ (Uncertain)
EMNIST:'W' -> MNIST | Predict: '8' (Ent: 1.45)
  ⚠️ [Mismatch] Cycle Back predicted '8' (Expected 'W') (Ent: 1.35)
EMNIST:'X' -> MNIST ❌ (Uncertain)
EMNIST:'Y' -> MNIST ❌ (Uncertain)
EMNIST:'Z' -> MNIST ❌ (Uncertain)
EMNIST:'a' -> MNIST ❌ (Uncertain)
EMNIST:'b' -> MNIST ❌ (Uncertain)
EMNIST:'c' -> MNIST | Predict: '8' (Ent: 1.22)
  ⚠️ [Mismatch] Cycle Back predicted '8' (Expected 'c') (Ent: 1.35)
EMNIST:'d' -> MNIST ❌ (Uncertain)
EMNIST:'e' -> MNIST ❌ (Uncertain)
EMNIST:'f' -> MNIST ❌ (Uncertain)
EMNIST:'g' -> MNIST | Predict: '8' (Ent: 1.33)
  ⚠️ [Mismatch] Cycle Back predicted '8' (Expected 'g') (Ent: 1.35)
EMNIST:'h' -> MNIST ❌ (Uncertain)
EMNIST:'i' -> MNIST ❌ (Uncertain)
EMNIST:'j' -> MNIST | Predict: '8' (Ent: 1.30)
  ⚠️ [Mismatch] Cycle Back predicted '8' (Expected 'j') (Ent: 1.35)
EMNIST:'k' -> MNIST | Predict: '8' (Ent: 1.22)
  ⚠️ [Mismatch] Cycle Back predicted '8' (Expected 'k') (Ent: 1.35)
EMNIST:'l' -> MNIST | Predict: '8' (Ent: 1.46)
  ⚠️ [Mismatch] Cycle Back predicted '8' (Expected 'l') (Ent: 1.35)
EMNIST:'m' -> MNIST | Predict: '8' (Ent: 1.49)
  ⚠️ [Mismatch] Cycle Back predicted '8' (Expected 'm') (Ent: 1.35)
EMNIST:'n' -> MNIST ❌ (Uncertain)
EMNIST:'o' -> MNIST ❌ (Uncertain)
EMNIST:'p' -> MNIST | Predict: '8' (Ent: 1.24)
  ⚠️ [Mismatch] Cycle Back predicted '8' (Expected 'p') (Ent: 1.35)
EMNIST:'q' -> MNIST | Predict: '8' (Ent: 1.20)
  ⚠️ [Mismatch] Cycle Back predicted '8' (Expected 'q') (Ent: 1.35)
EMNIST:'r' -> MNIST | Predict: '8' (Ent: 1.23)
  ⚠️ [Mismatch] Cycle Back predicted '8' (Expected 'r') (Ent: 1.35)
EMNIST:'s' -> MNIST | Predict: '8' (Ent: 1.44)
  ⚠️ [Mismatch] Cycle Back predicted '8' (Expected 's') (Ent: 1.35)
EMNIST:'t' -> MNIST ❌ (Uncertain)
EMNIST:'u' -> MNIST | Predict: '8' (Ent: 1.48)
  ⚠️ [Mismatch] Cycle Back predicted '8' (Expected 'u') (Ent: 1.35)
EMNIST:'v' -> MNIST ❌ (Uncertain)
EMNIST:'w' -> MNIST | Predict: '8' (Ent: 1.45)
  ⚠️ [Mismatch] Cycle Back predicted '8' (Expected 'w') (Ent: 1.35)
EMNIST:'x' -> MNIST ❌ (Uncertain)
EMNIST:'y' -> MNIST ❌ (Uncertain)
EMNIST:'z' -> MNIST ❌ (Uncertain)
EMNIST:'0' -> CIFAR10 ❌ (Uncertain)
EMNIST:'1' -> CIFAR10 ❌ (Uncertain)
EMNIST:'2' -> CIFAR10 ❌ (Uncertain)
EMNIST:'3' -> CIFAR10 ❌ (Uncertain)
EMNIST:'4' -> CIFAR10 ❌ (Uncertain)
EMNIST:'5' -> CIFAR10 ❌ (Uncertain)
EMNIST:'6' -> CIFAR10 ❌ (Uncertain)
EMNIST:'7' -> CIFAR10 | Predict: 'dog' (Ent: 1.47)
  ⚠️ [Mismatch] Cycle Back predicted '8' (Expected '7') (Ent: 2.58)
EMNIST:'8' -> CIFAR10 ❌ (Uncertain)
EMNIST:'9' -> CIFAR10 ❌ (Uncertain)
EMNIST:'A' -> CIFAR10 ❌ (Uncertain)
EMNIST:'B' -> CIFAR10 ❌ (Uncertain)
EMNIST:'C' -> CIFAR10 ❌ (Uncertain)
EMNIST:'D' -> CIFAR10 ❌ (Uncertain)
EMNIST:'E' -> CIFAR10 ❌ (Uncertain)
EMNIST:'F' -> CIFAR10 ❌ (Uncertain)
EMNIST:'G' -> CIFAR10 ❌ (Uncertain)
EMNIST:'H' -> CIFAR10 ❌ (Uncertain)
EMNIST:'I' -> CIFAR10 ❌ (Uncertain)
EMNIST:'J' -> CIFAR10 ❌ (Uncertain)
EMNIST:'K' -> CIFAR10 ❌ (Uncertain)
EMNIST:'L' -> CIFAR10 ❌ (Uncertain)
EMNIST:'M' -> CIFAR10 ❌ (Uncertain)
EMNIST:'N' -> CIFAR10 ❌ (Uncertain)
EMNIST:'O' -> CIFAR10 ❌ (Uncertain)
EMNIST:'P' -> CIFAR10 ❌ (Uncertain)
EMNIST:'Q' -> CIFAR10 ❌ (Uncertain)
EMNIST:'R' -> CIFAR10 ❌ (Uncertain)
EMNIST:'S' -> CIFAR10 ❌ (Uncertain)
EMNIST:'T' -> CIFAR10 ❌ (Uncertain)
EMNIST:'U' -> CIFAR10 ❌ (Uncertain)
EMNIST:'V' -> CIFAR10 | Predict: 'bird' (Ent: 1.34)
  ⚠️ [Mismatch] Cycle Back predicted '0' (Expected 'V') (Ent: 2.67)
EMNIST:'W' -> CIFAR10 | Predict: 'dog' (Ent: 1.42)
  ⚠️ [Mismatch] Cycle Back predicted '8' (Expected 'W') (Ent: 2.58)
EMNIST:'X' -> CIFAR10 ❌ (Uncertain)
EMNIST:'Y' -> CIFAR10 ❌ (Uncertain)
EMNIST:'Z' -> CIFAR10 ❌ (Uncertain)
EMNIST:'a' -> CIFAR10 ❌ (Uncertain)
EMNIST:'b' -> CIFAR10 ❌ (Uncertain)
EMNIST:'c' -> CIFAR10 ❌ (Uncertain)
EMNIST:'d' -> CIFAR10 ❌ (Uncertain)
EMNIST:'e' -> CIFAR10 ❌ (Uncertain)
EMNIST:'f' -> CIFAR10 ❌ (Uncertain)
EMNIST:'g' -> CIFAR10 ❌ (Uncertain)
EMNIST:'h' -> CIFAR10 ❌ (Uncertain)
EMNIST:'i' -> CIFAR10 ❌ (Uncertain)
EMNIST:'j' -> CIFAR10 ❌ (Uncertain)
EMNIST:'k' -> CIFAR10 ❌ (Uncertain)
EMNIST:'l' -> CIFAR10 ❌ (Uncertain)
EMNIST:'m' -> CIFAR10 ❌ (Uncertain)
EMNIST:'n' -> CIFAR10 ❌ (Uncertain)
EMNIST:'o' -> CIFAR10 ❌ (Uncertain)
EMNIST:'p' -> CIFAR10 ❌ (Uncertain)
EMNIST:'q' -> CIFAR10 ❌ (Uncertain)
EMNIST:'r' -> CIFAR10 ❌ (Uncertain)
EMNIST:'s' -> CIFAR10 ❌ (Uncertain)
EMNIST:'t' -> CIFAR10 ❌ (Uncertain)
EMNIST:'u' -> CIFAR10 ❌ (Uncertain)
EMNIST:'v' -> CIFAR10 | Predict: 'bird' (Ent: 1.34)
  ⚠️ [Mismatch] Cycle Back predicted '0' (Expected 'v') (Ent: 2.67)
EMNIST:'w' -> CIFAR10 | Predict: 'dog' (Ent: 1.42)
  ⚠️ [Mismatch] Cycle Back predicted '8' (Expected 'w') (Ent: 2.58)
EMNIST:'x' -> CIFAR10 ❌ (Uncertain)
EMNIST:'y' -> CIFAR10 ❌ (Uncertain)
EMNIST:'z' -> CIFAR10 ❌ (Uncertain)
CIFAR10:'airplane' -> MNIST ❌ (Uncertain)
CIFAR10:'automobile' -> MNIST ❌ (Uncertain)
CIFAR10:'bird' -> MNIST ❌ (Uncertain)
CIFAR10:'cat' -> MNIST ❌ (Uncertain)
CIFAR10:'deer' -> MNIST ❌ (Uncertain)
CIFAR10:'frog' -> MNIST ❌ (Uncertain)
CIFAR10:'horse' -> MNIST ❌ (Uncertain)
CIFAR10:'ship' -> MNIST | Predict: '8' (Ent: 1.45)
  ⚠️ [Mismatch] Cycle Back predicted 'dog' (Expected 'ship') (Ent: 0.81)
CIFAR10:'truck' -> MNIST ❌ (Uncertain)
CIFAR10:'airplane' -> EMNIST | Predict: '8' (Ent: 2.53)
CIFAR10:'automobile' -> EMNIST ❌ (Uncertain)
CIFAR10:'cat' -> EMNIST | Predict: '8' (Ent: 2.57)
CIFAR10:'deer' -> EMNIST ❌ (Uncertain)
CIFAR10:'frog' -> EMNIST | Predict: '8' (Ent: 2.59)
CIFAR10:'horse' -> EMNIST ❌ (Uncertain)
CIFAR10:'ship' -> EMNIST ❌ (Uncertain)
CIFAR10:'truck' -> EMNIST | Predict: '8' (Ent: 2.64)
Exp (Syn): New Gen + Old Ent (0.7)
dynamic_entropy_ratio: 0.7
MNIST:'0' -> EMNIST | Predict: '0' (Ent: 1.87)
MNIST:'1' -> EMNIST ❌ (Uncertain)
MNIST:'2' -> EMNIST | Predict: '0' (Ent: 2.57)
MNIST:'3' -> EMNIST | Predict: '3' (Ent: 1.83)
  ⚠️ [Mismatch] Cycle Back predicted '8' (Expected '3') (Ent: 1.08)
MNIST:'4' -> EMNIST | Predict: '0' (Ent: 2.80)
MNIST:'5' -> EMNIST | Predict: '0' (Ent: 2.55)
MNIST:'6' -> EMNIST | Predict: '6' (Ent: 1.99)
  ⚠️ [Mismatch] Cycle Back predicted '8' (Expected '6') (Ent: 1.03)
MNIST:'7' -> EMNIST | Predict: '0' (Ent: 2.86)
MNIST:'8' -> EMNIST | Predict: '8' (Ent: 1.35)
  ✅ [Match] MNIST:'8' <==> EMNIST:'8' (Ent: 0.91)
MNIST:'9' -> EMNIST | Predict: '0' (Ent: 2.55)
MNIST:'0' -> CIFAR10 ❌ (Uncertain)
MNIST:'1' -> CIFAR10 | Predict: 'dog' (Ent: 1.49)
MNIST:'2' -> CIFAR10 ❌ (Uncertain)
MNIST:'3' -> CIFAR10 | Predict: 'ship' (Ent: 1.54)
  ⚠️ [Mismatch] Cycle Back predicted '8' (Expected '3') (Ent: 1.45)
MNIST:'4' -> CIFAR10 ❌ (Uncertain)
MNIST:'5' -> CIFAR10 | Predict: 'ship' (Ent: 1.53)
  ⚠️ [Mismatch] Cycle Back predicted '8' (Expected '5') (Ent: 1.45)
MNIST:'6' -> CIFAR10 | Predict: 'dog' (Ent: 1.29)
MNIST:'7' -> CIFAR10 ❌ (Uncertain)
MNIST:'8' -> CIFAR10 | Predict: 'dog' (Ent: 0.81)
MNIST:'9' -> CIFAR10 ❌ (Uncertain)
EMNIST:'1' -> MNIST | Predict: '8' (Ent: 1.58)
  ⚠️ [Mismatch] Cycle Back predicted '8' (Expected '1') (Ent: 1.35)
EMNIST:'2' -> MNIST | Predict: '8' (Ent: 1.30)
  ⚠️ [Mismatch] Cycle Back predicted '8' (Expected '2') (Ent: 1.35)
EMNIST:'4' -> MNIST ❌ (Uncertain)
EMNIST:'5' -> MNIST | Predict: '8' (Ent: 1.14)
  ⚠️ [Mismatch] Cycle Back predicted '8' (Expected '5') (Ent: 1.35)
EMNIST:'7' -> MNIST | Predict: '8' (Ent: 1.29)
  ⚠️ [Mismatch] Cycle Back predicted '8' (Expected '7') (Ent: 1.35)
EMNIST:'9' -> MNIST | Predict: '8' (Ent: 1.16)
  ⚠️ [Mismatch] Cycle Back predicted '8' (Expected '9') (Ent: 1.35)
EMNIST:'A' -> MNIST | Predict: '8' (Ent: 1.54)
  ⚠️ [Mismatch] Cycle Back predicted '8' (Expected 'A') (Ent: 1.35)
EMNIST:'B' -> MNIST | Predict: '8' (Ent: 1.60)
  ⚠️ [Mismatch] Cycle Back predicted '8' (Expected 'B') (Ent: 1.35)
EMNIST:'C' -> MNIST | Predict: '8' (Ent: 1.22)
  ⚠️ [Mismatch] Cycle Back predicted '8' (Expected 'C') (Ent: 1.35)
EMNIST:'D' -> MNIST ❌ (Uncertain)
EMNIST:'E' -> MNIST | Predict: '8' (Ent: 1.55)
  ⚠️ [Mismatch] Cycle Back predicted '8' (Expected 'E') (Ent: 1.35)
EMNIST:'F' -> MNIST | Predict: '8' (Ent: 1.52)
  ⚠️ [Mismatch] Cycle Back predicted '8' (Expected 'F') (Ent: 1.35)
EMNIST:'G' -> MNIST | Predict: '8' (Ent: 1.33)
  ⚠️ [Mismatch] Cycle Back predicted '8' (Expected 'G') (Ent: 1.35)
EMNIST:'H' -> MNIST ❌ (Uncertain)
EMNIST:'I' -> MNIST ❌ (Uncertain)
EMNIST:'J' -> MNIST | Predict: '8' (Ent: 1.30)
  ⚠️ [Mismatch] Cycle Back predicted '8' (Expected 'J') (Ent: 1.35)
EMNIST:'K' -> MNIST | Predict: '8' (Ent: 1.22)
  ⚠️ [Mismatch] Cycle Back predicted '8' (Expected 'K') (Ent: 1.35)
EMNIST:'L' -> MNIST | Predict: '8' (Ent: 1.46)
  ⚠️ [Mismatch] Cycle Back predicted '8' (Expected 'L') (Ent: 1.35)
EMNIST:'M' -> MNIST | Predict: '8' (Ent: 1.49)
  ⚠️ [Mismatch] Cycle Back predicted '8' (Expected 'M') (Ent: 1.35)
EMNIST:'N' -> MNIST ❌ (Uncertain)
EMNIST:'O' -> MNIST ❌ (Uncertain)
EMNIST:'P' -> MNIST | Predict: '8' (Ent: 1.24)
  ⚠️ [Mismatch] Cycle Back predicted '8' (Expected 'P') (Ent: 1.35)
EMNIST:'Q' -> MNIST | Predict: '8' (Ent: 1.20)
  ⚠️ [Mismatch] Cycle Back predicted '8' (Expected 'Q') (Ent: 1.35)
EMNIST:'R' -> MNIST | Predict: '8' (Ent: 1.23)
  ⚠️ [Mismatch] Cycle Back predicted '8' (Expected 'R') (Ent: 1.35)
EMNIST:'S' -> MNIST | Predict: '8' (Ent: 1.44)
  ⚠️ [Mismatch] Cycle Back predicted '8' (Expected 'S') (Ent: 1.35)
EMNIST:'T' -> MNIST ❌ (Uncertain)
EMNIST:'U' -> MNIST | Predict: '8' (Ent: 1.48)
  ⚠️ [Mismatch] Cycle Back predicted '8' (Expected 'U') (Ent: 1.35)
EMNIST:'V' -> MNIST ❌ (Uncertain)
EMNIST:'W' -> MNIST | Predict: '8' (Ent: 1.45)
  ⚠️ [Mismatch] Cycle Back predicted '8' (Expected 'W') (Ent: 1.35)
EMNIST:'X' -> MNIST | Predict: '8' (Ent: 1.59)
  ⚠️ [Mismatch] Cycle Back predicted '8' (Expected 'X') (Ent: 1.35)
EMNIST:'Y' -> MNIST | Predict: '8' (Ent: 1.58)
  ⚠️ [Mismatch] Cycle Back predicted '8' (Expected 'Y') (Ent: 1.35)
EMNIST:'Z' -> MNIST | Predict: '8' (Ent: 1.57)
  ⚠️ [Mismatch] Cycle Back predicted '8' (Expected 'Z') (Ent: 1.35)
EMNIST:'a' -> MNIST | Predict: '8' (Ent: 1.54)
  ⚠️ [Mismatch] Cycle Back predicted '8' (Expected 'a') (Ent: 1.35)
EMNIST:'b' -> MNIST | Predict: '8' (Ent: 1.60)
  ⚠️ [Mismatch] Cycle Back predicted '8' (Expected 'b') (Ent: 1.35)
EMNIST:'c' -> MNIST | Predict: '8' (Ent: 1.22)
  ⚠️ [Mismatch] Cycle Back predicted '8' (Expected 'c') (Ent: 1.35)
EMNIST:'d' -> MNIST ❌ (Uncertain)
EMNIST:'e' -> MNIST | Predict: '8' (Ent: 1.55)
  ⚠️ [Mismatch] Cycle Back predicted '8' (Expected 'e') (Ent: 1.35)
EMNIST:'f' -> MNIST | Predict: '8' (Ent: 1.52)
  ⚠️ [Mismatch] Cycle Back predicted '8' (Expected 'f') (Ent: 1.35)
EMNIST:'g' -> MNIST | Predict: '8' (Ent: 1.33)
  ⚠️ [Mismatch] Cycle Back predicted '8' (Expected 'g') (Ent: 1.35)
EMNIST:'h' -> MNIST ❌ (Uncertain)
EMNIST:'i' -> MNIST ❌ (Uncertain)
EMNIST:'j' -> MNIST | Predict: '8' (Ent: 1.30)
  ⚠️ [Mismatch] Cycle Back predicted '8' (Expected 'j') (Ent: 1.35)
EMNIST:'k' -> MNIST | Predict: '8' (Ent: 1.22)
  ⚠️ [Mismatch] Cycle Back predicted '8' (Expected 'k') (Ent: 1.35)
EMNIST:'l' -> MNIST | Predict: '8' (Ent: 1.46)
  ⚠️ [Mismatch] Cycle Back predicted '8' (Expected 'l') (Ent: 1.35)
EMNIST:'m' -> MNIST | Predict: '8' (Ent: 1.49)
  ⚠️ [Mismatch] Cycle Back predicted '8' (Expected 'm') (Ent: 1.35)
EMNIST:'n' -> MNIST ❌ (Uncertain)
EMNIST:'o' -> MNIST ❌ (Uncertain)
EMNIST:'p' -> MNIST | Predict: '8' (Ent: 1.24)
  ⚠️ [Mismatch] Cycle Back predicted '8' (Expected 'p') (Ent: 1.35)
EMNIST:'q' -> MNIST | Predict: '8' (Ent: 1.20)
  ⚠️ [Mismatch] Cycle Back predicted '8' (Expected 'q') (Ent: 1.35)
EMNIST:'r' -> MNIST | Predict: '8' (Ent: 1.23)
  ⚠️ [Mismatch] Cycle Back predicted '8' (Expected 'r') (Ent: 1.35)
EMNIST:'s' -> MNIST | Predict: '8' (Ent: 1.44)
  ⚠️ [Mismatch] Cycle Back predicted '8' (Expected 's') (Ent: 1.35)
EMNIST:'t' -> MNIST ❌ (Uncertain)
EMNIST:'u' -> MNIST | Predict: '8' (Ent: 1.48)
  ⚠️ [Mismatch] Cycle Back predicted '8' (Expected 'u') (Ent: 1.35)
EMNIST:'v' -> MNIST ❌ (Uncertain)
EMNIST:'w' -> MNIST | Predict: '8' (Ent: 1.45)
  ⚠️ [Mismatch] Cycle Back predicted '8' (Expected 'w') (Ent: 1.35)
EMNIST:'x' -> MNIST | Predict: '8' (Ent: 1.59)
  ⚠️ [Mismatch] Cycle Back predicted '8' (Expected 'x') (Ent: 1.35)
EMNIST:'y' -> MNIST | Predict: '8' (Ent: 1.58)
  ⚠️ [Mismatch] Cycle Back predicted '8' (Expected 'y') (Ent: 1.35)
EMNIST:'z' -> MNIST | Predict: '8' (Ent: 1.57)
  ⚠️ [Mismatch] Cycle Back predicted '8' (Expected 'z') (Ent: 1.35)
EMNIST:'0' -> CIFAR10 ❌ (Uncertain)
EMNIST:'1' -> CIFAR10 ❌ (Uncertain)
EMNIST:'2' -> CIFAR10 ❌ (Uncertain)
EMNIST:'3' -> CIFAR10 ❌ (Uncertain)
EMNIST:'4' -> CIFAR10 | Predict: 'dog' (Ent: 1.54)
  ⚠️ [Mismatch] Cycle Back predicted '8' (Expected '4') (Ent: 2.58)
EMNIST:'5' -> CIFAR10 ❌ (Uncertain)
EMNIST:'6' -> CIFAR10 ❌ (Uncertain)
EMNIST:'7' -> CIFAR10 | Predict: 'dog' (Ent: 1.47)
  ⚠️ [Mismatch] Cycle Back predicted '8' (Expected '7') (Ent: 2.58)
EMNIST:'8' -> CIFAR10 | Predict: 'dog' (Ent: 1.53)
  ✅ [Match] EMNIST:'8' <==> CIFAR10:'dog' (Ent: 2.58)
EMNIST:'9' -> CIFAR10 ❌ (Uncertain)
EMNIST:'A' -> CIFAR10 ❌ (Uncertain)
EMNIST:'B' -> CIFAR10 ❌ (Uncertain)
EMNIST:'C' -> CIFAR10 | Predict: 'ship' (Ent: 1.52)
  ⚠️ [Mismatch] Cycle Back predicted 'E' (Expected 'C') (Ent: 2.83)
EMNIST:'D' -> CIFAR10 ❌ (Uncertain)
EMNIST:'E' -> CIFAR10 ❌ (Uncertain)
EMNIST:'F' -> CIFAR10 ❌ (Uncertain)
EMNIST:'G' -> CIFAR10 ❌ (Uncertain)
EMNIST:'H' -> CIFAR10 ❌ (Uncertain)
EMNIST:'I' -> CIFAR10 ❌ (Uncertain)
EMNIST:'J' -> CIFAR10 ❌ (Uncertain)
EMNIST:'K' -> CIFAR10 ❌ (Uncertain)
EMNIST:'L' -> CIFAR10 ❌ (Uncertain)
EMNIST:'M' -> CIFAR10 ❌ (Uncertain)
EMNIST:'N' -> CIFAR10 | Predict: 'dog' (Ent: 1.56)
  ⚠️ [Mismatch] Cycle Back predicted '8' (Expected 'N') (Ent: 2.58)
EMNIST:'O' -> CIFAR10 ❌ (Uncertain)
EMNIST:'P' -> CIFAR10 ❌ (Uncertain)
EMNIST:'Q' -> CIFAR10 ❌ (Uncertain)
EMNIST:'R' -> CIFAR10 ❌ (Uncertain)
EMNIST:'S' -> CIFAR10 ❌ (Uncertain)
EMNIST:'T' -> CIFAR10 ❌ (Uncertain)
EMNIST:'U' -> CIFAR10 ❌ (Uncertain)
EMNIST:'V' -> CIFAR10 | Predict: 'bird' (Ent: 1.34)
  ⚠️ [Mismatch] Cycle Back predicted '0' (Expected 'V') (Ent: 2.67)
EMNIST:'W' -> CIFAR10 | Predict: 'dog' (Ent: 1.42)
  ⚠️ [Mismatch] Cycle Back predicted '8' (Expected 'W') (Ent: 2.58)
EMNIST:'X' -> CIFAR10 | Predict: 'cat' (Ent: 1.60)
  ⚠️ [Mismatch] Cycle Back predicted '8' (Expected 'X') (Ent: 2.57)
EMNIST:'Y' -> CIFAR10 ❌ (Uncertain)
EMNIST:'Z' -> CIFAR10 ❌ (Uncertain)
EMNIST:'a' -> CIFAR10 ❌ (Uncertain)
EMNIST:'b' -> CIFAR10 ❌ (Uncertain)
EMNIST:'c' -> CIFAR10 | Predict: 'ship' (Ent: 1.52)
  ⚠️ [Mismatch] Cycle Back predicted 'E' (Expected 'c') (Ent: 2.83)
EMNIST:'d' -> CIFAR10 ❌ (Uncertain)
EMNIST:'e' -> CIFAR10 ❌ (Uncertain)
EMNIST:'f' -> CIFAR10 ❌ (Uncertain)
EMNIST:'g' -> CIFAR10 ❌ (Uncertain)
EMNIST:'h' -> CIFAR10 ❌ (Uncertain)
EMNIST:'i' -> CIFAR10 ❌ (Uncertain)
EMNIST:'j' -> CIFAR10 ❌ (Uncertain)
EMNIST:'k' -> CIFAR10 ❌ (Uncertain)
EMNIST:'l' -> CIFAR10 ❌ (Uncertain)
EMNIST:'m' -> CIFAR10 ❌ (Uncertain)
EMNIST:'n' -> CIFAR10 | Predict: 'dog' (Ent: 1.56)
  ⚠️ [Mismatch] Cycle Back predicted '8' (Expected 'n') (Ent: 2.58)
EMNIST:'o' -> CIFAR10 ❌ (Uncertain)
EMNIST:'p' -> CIFAR10 ❌ (Uncertain)
EMNIST:'q' -> CIFAR10 ❌ (Uncertain)
EMNIST:'r' -> CIFAR10 ❌ (Uncertain)
EMNIST:'s' -> CIFAR10 ❌ (Uncertain)
EMNIST:'t' -> CIFAR10 ❌ (Uncertain)
EMNIST:'u' -> CIFAR10 ❌ (Uncertain)
EMNIST:'v' -> CIFAR10 | Predict: 'bird' (Ent: 1.34)
  ⚠️ [Mismatch] Cycle Back predicted '0' (Expected 'v') (Ent: 2.67)
EMNIST:'w' -> CIFAR10 | Predict: 'dog' (Ent: 1.42)
  ⚠️ [Mismatch] Cycle Back predicted '8' (Expected 'w') (Ent: 2.58)
EMNIST:'x' -> CIFAR10 | Predict: 'cat' (Ent: 1.60)
  ⚠️ [Mismatch] Cycle Back predicted '8' (Expected 'x') (Ent: 2.57)
EMNIST:'y' -> CIFAR10 ❌ (Uncertain)
EMNIST:'z' -> CIFAR10 ❌ (Uncertain)
CIFAR10:'airplane' -> MNIST ❌ (Uncertain)
CIFAR10:'automobile' -> MNIST ❌ (Uncertain)
CIFAR10:'bird' -> MNIST ❌ (Uncertain)
CIFAR10:'cat' -> MNIST | Predict: '8' (Ent: 1.60)
  ⚠️ [Mismatch] Cycle Back predicted 'dog' (Expected 'cat') (Ent: 0.81)
CIFAR10:'deer' -> MNIST | Predict: '8' (Ent: 1.53)
  ⚠️ [Mismatch] Cycle Back predicted 'dog' (Expected 'deer') (Ent: 0.81)
CIFAR10:'frog' -> MNIST ❌ (Uncertain)
CIFAR10:'horse' -> MNIST ❌ (Uncertain)
CIFAR10:'truck' -> MNIST | Predict: '8' (Ent: 1.52)
  ⚠️ [Mismatch] Cycle Back predicted 'dog' (Expected 'truck') (Ent: 0.81)
CIFAR10:'airplane' -> EMNIST | Predict: '8' (Ent: 2.53)
  ⚠️ [Mismatch] Cycle Back predicted 'dog' (Expected 'airplane') (Ent: 1.53)
CIFAR10:'automobile' -> EMNIST | Predict: '8' (Ent: 2.71)
  ⚠️ [Mismatch] Cycle Back predicted 'dog' (Expected 'automobile') (Ent: 1.53)
CIFAR10:'deer' -> EMNIST | Predict: '8' (Ent: 2.73)
  ⚠️ [Mismatch] Cycle Back predicted 'dog' (Expected 'deer') (Ent: 1.53)
CIFAR10:'frog' -> EMNIST | Predict: '8' (Ent: 2.59)
  ⚠️ [Mismatch] Cycle Back predicted 'dog' (Expected 'frog') (Ent: 1.53)
CIFAR10:'horse' -> EMNIST ❌ (Uncertain)
CIFAR10:'truck' -> EMNIST | Predict: '8' (Ent: 2.64)
  ⚠️ [Mismatch] Cycle Back predicted 'dog' (Expected 'truck') (Ent: 1.53)
Exp (Syn): New Gen + Old Ent (0.75)
dynamic_entropy_ratio: 0.75
MNIST:'0' -> EMNIST | Predict: '0' (Ent: 1.87)
  ⚠️ [Mismatch] Cycle Back predicted '8' (Expected '0') (Ent: 1.61)
MNIST:'1' -> EMNIST | Predict: '8' (Ent: 2.90)
  ⚠️ [Mismatch] Cycle Back predicted '8' (Expected '1') (Ent: 0.91)
MNIST:'2' -> EMNIST | Predict: '0' (Ent: 2.57)
  ⚠️ [Mismatch] Cycle Back predicted '8' (Expected '2') (Ent: 1.61)
MNIST:'3' -> EMNIST | Predict: '3' (Ent: 1.83)
  ⚠️ [Mismatch] Cycle Back predicted '8' (Expected '3') (Ent: 1.08)
MNIST:'4' -> EMNIST | Predict: '0' (Ent: 2.80)
  ⚠️ [Mismatch] Cycle Back predicted '8' (Expected '4') (Ent: 1.61)
MNIST:'5' -> EMNIST | Predict: '0' (Ent: 2.55)
  ⚠️ [Mismatch] Cycle Back predicted '8' (Expected '5') (Ent: 1.61)
MNIST:'6' -> EMNIST | Predict: '6' (Ent: 1.99)
  ⚠️ [Mismatch] Cycle Back predicted '8' (Expected '6') (Ent: 1.03)
MNIST:'7' -> EMNIST | Predict: '0' (Ent: 2.86)
  ⚠️ [Mismatch] Cycle Back predicted '8' (Expected '7') (Ent: 1.61)
MNIST:'8' -> EMNIST | Predict: '8' (Ent: 1.35)
  ✅ [Match] MNIST:'8' <==> EMNIST:'8' (Ent: 0.91)
MNIST:'9' -> EMNIST | Predict: '0' (Ent: 2.55)
  ⚠️ [Mismatch] Cycle Back predicted '8' (Expected '9') (Ent: 1.61)
MNIST:'0' -> CIFAR10 | Predict: 'ship' (Ent: 1.62)
  ⚠️ [Mismatch] Cycle Back predicted '8' (Expected '0') (Ent: 1.45)
MNIST:'1' -> CIFAR10 | Predict: 'dog' (Ent: 1.49)
MNIST:'2' -> CIFAR10 | Predict: 'airplane' (Ent: 1.65)
  ⚠️ [Mismatch] Cycle Back predicted '8' (Expected '2') (Ent: 1.68)
MNIST:'3' -> CIFAR10 | Predict: 'ship' (Ent: 1.54)
  ⚠️ [Mismatch] Cycle Back predicted '8' (Expected '3') (Ent: 1.45)
MNIST:'4' -> CIFAR10 ❌ (Uncertain)
MNIST:'5' -> CIFAR10 | Predict: 'ship' (Ent: 1.53)
  ⚠️ [Mismatch] Cycle Back predicted '8' (Expected '5') (Ent: 1.45)
MNIST:'6' -> CIFAR10 | Predict: 'dog' (Ent: 1.29)
MNIST:'7' -> CIFAR10 | Predict: 'cat' (Ent: 1.65)
  ⚠️ [Mismatch] Cycle Back predicted '8' (Expected '7') (Ent: 1.60)
MNIST:'8' -> CIFAR10 | Predict: 'dog' (Ent: 0.81)
MNIST:'9' -> CIFAR10 ❌ (Uncertain)
EMNIST:'1' -> MNIST | Predict: '8' (Ent: 1.58)
  ⚠️ [Mismatch] Cycle Back predicted '8' (Expected '1') (Ent: 1.35)
EMNIST:'2' -> MNIST | Predict: '8' (Ent: 1.30)
  ⚠️ [Mismatch] Cycle Back predicted '8' (Expected '2') (Ent: 1.35)
EMNIST:'4' -> MNIST | Predict: '8' (Ent: 1.63)
  ⚠️ [Mismatch] Cycle Back predicted '8' (Expected '4') (Ent: 1.35)
EMNIST:'5' -> MNIST | Predict: '8' (Ent: 1.14)
  ⚠️ [Mismatch] Cycle Back predicted '8' (Expected '5') (Ent: 1.35)
EMNIST:'7' -> MNIST | Predict: '8' (Ent: 1.29)
  ⚠️ [Mismatch] Cycle Back predicted '8' (Expected '7') (Ent: 1.35)
EMNIST:'9' -> MNIST | Predict: '8' (Ent: 1.16)
  ⚠️ [Mismatch] Cycle Back predicted '8' (Expected '9') (Ent: 1.35)
EMNIST:'A' -> MNIST | Predict: '8' (Ent: 1.54)
  ⚠️ [Mismatch] Cycle Back predicted '8' (Expected 'A') (Ent: 1.35)
EMNIST:'B' -> MNIST | Predict: '8' (Ent: 1.60)
  ⚠️ [Mismatch] Cycle Back predicted '8' (Expected 'B') (Ent: 1.35)
EMNIST:'C' -> MNIST | Predict: '8' (Ent: 1.22)
  ⚠️ [Mismatch] Cycle Back predicted '8' (Expected 'C') (Ent: 1.35)
EMNIST:'D' -> MNIST | Predict: '8' (Ent: 1.64)
  ⚠️ [Mismatch] Cycle Back predicted '8' (Expected 'D') (Ent: 1.35)
EMNIST:'E' -> MNIST | Predict: '8' (Ent: 1.55)
  ⚠️ [Mismatch] Cycle Back predicted '8' (Expected 'E') (Ent: 1.35)
EMNIST:'F' -> MNIST | Predict: '8' (Ent: 1.52)
  ⚠️ [Mismatch] Cycle Back predicted '8' (Expected 'F') (Ent: 1.35)
EMNIST:'G' -> MNIST | Predict: '8' (Ent: 1.33)
  ⚠️ [Mismatch] Cycle Back predicted '8' (Expected 'G') (Ent: 1.35)
EMNIST:'H' -> MNIST | Predict: '8' (Ent: 1.64)
  ⚠️ [Mismatch] Cycle Back predicted '8' (Expected 'H') (Ent: 1.35)
EMNIST:'I' -> MNIST | Predict: '8' (Ent: 1.63)
  ⚠️ [Mismatch] Cycle Back predicted '8' (Expected 'I') (Ent: 1.35)
EMNIST:'J' -> MNIST | Predict: '8' (Ent: 1.30)
  ⚠️ [Mismatch] Cycle Back predicted '8' (Expected 'J') (Ent: 1.35)
EMNIST:'K' -> MNIST | Predict: '8' (Ent: 1.22)
  ⚠️ [Mismatch] Cycle Back predicted '8' (Expected 'K') (Ent: 1.35)
EMNIST:'L' -> MNIST | Predict: '8' (Ent: 1.46)
  ⚠️ [Mismatch] Cycle Back predicted '8' (Expected 'L') (Ent: 1.35)
EMNIST:'M' -> MNIST | Predict: '8' (Ent: 1.49)
  ⚠️ [Mismatch] Cycle Back predicted '8' (Expected 'M') (Ent: 1.35)
EMNIST:'N' -> MNIST | Predict: '8' (Ent: 1.67)
  ⚠️ [Mismatch] Cycle Back predicted '8' (Expected 'N') (Ent: 1.35)
EMNIST:'O' -> MNIST ❌ (Uncertain)
EMNIST:'P' -> MNIST | Predict: '8' (Ent: 1.24)
  ⚠️ [Mismatch] Cycle Back predicted '8' (Expected 'P') (Ent: 1.35)
EMNIST:'Q' -> MNIST | Predict: '8' (Ent: 1.20)
  ⚠️ [Mismatch] Cycle Back predicted '8' (Expected 'Q') (Ent: 1.35)
EMNIST:'R' -> MNIST | Predict: '8' (Ent: 1.23)
  ⚠️ [Mismatch] Cycle Back predicted '8' (Expected 'R') (Ent: 1.35)
EMNIST:'S' -> MNIST | Predict: '8' (Ent: 1.44)
  ⚠️ [Mismatch] Cycle Back predicted '8' (Expected 'S') (Ent: 1.35)
EMNIST:'T' -> MNIST | Predict: '8' (Ent: 1.71)
  ⚠️ [Mismatch] Cycle Back predicted '8' (Expected 'T') (Ent: 1.35)
EMNIST:'U' -> MNIST | Predict: '8' (Ent: 1.48)
  ⚠️ [Mismatch] Cycle Back predicted '8' (Expected 'U') (Ent: 1.35)
EMNIST:'V' -> MNIST | Predict: '8' (Ent: 1.67)
  ⚠️ [Mismatch] Cycle Back predicted '8' (Expected 'V') (Ent: 1.35)
EMNIST:'W' -> MNIST | Predict: '8' (Ent: 1.45)
  ⚠️ [Mismatch] Cycle Back predicted '8' (Expected 'W') (Ent: 1.35)
EMNIST:'X' -> MNIST | Predict: '8' (Ent: 1.59)
  ⚠️ [Mismatch] Cycle Back predicted '8' (Expected 'X') (Ent: 1.35)
EMNIST:'Y' -> MNIST | Predict: '8' (Ent: 1.58)
  ⚠️ [Mismatch] Cycle Back predicted '8' (Expected 'Y') (Ent: 1.35)
EMNIST:'Z' -> MNIST | Predict: '8' (Ent: 1.57)
  ⚠️ [Mismatch] Cycle Back predicted '8' (Expected 'Z') (Ent: 1.35)
EMNIST:'a' -> MNIST | Predict: '8' (Ent: 1.54)
  ⚠️ [Mismatch] Cycle Back predicted '8' (Expected 'a') (Ent: 1.35)
EMNIST:'b' -> MNIST | Predict: '8' (Ent: 1.60)
  ⚠️ [Mismatch] Cycle Back predicted '8' (Expected 'b') (Ent: 1.35)
EMNIST:'c' -> MNIST | Predict: '8' (Ent: 1.22)
  ⚠️ [Mismatch] Cycle Back predicted '8' (Expected 'c') (Ent: 1.35)
EMNIST:'d' -> MNIST | Predict: '8' (Ent: 1.64)
  ⚠️ [Mismatch] Cycle Back predicted '8' (Expected 'd') (Ent: 1.35)
EMNIST:'e' -> MNIST | Predict: '8' (Ent: 1.55)
  ⚠️ [Mismatch] Cycle Back predicted '8' (Expected 'e') (Ent: 1.35)
EMNIST:'f' -> MNIST | Predict: '8' (Ent: 1.52)
  ⚠️ [Mismatch] Cycle Back predicted '8' (Expected 'f') (Ent: 1.35)
EMNIST:'g' -> MNIST | Predict: '8' (Ent: 1.33)
  ⚠️ [Mismatch] Cycle Back predicted '8' (Expected 'g') (Ent: 1.35)
EMNIST:'h' -> MNIST | Predict: '8' (Ent: 1.64)
  ⚠️ [Mismatch] Cycle Back predicted '8' (Expected 'h') (Ent: 1.35)
EMNIST:'i' -> MNIST | Predict: '8' (Ent: 1.63)
  ⚠️ [Mismatch] Cycle Back predicted '8' (Expected 'i') (Ent: 1.35)
EMNIST:'j' -> MNIST | Predict: '8' (Ent: 1.30)
  ⚠️ [Mismatch] Cycle Back predicted '8' (Expected 'j') (Ent: 1.35)
EMNIST:'k' -> MNIST | Predict: '8' (Ent: 1.22)
  ⚠️ [Mismatch] Cycle Back predicted '8' (Expected 'k') (Ent: 1.35)
EMNIST:'l' -> MNIST | Predict: '8' (Ent: 1.46)
  ⚠️ [Mismatch] Cycle Back predicted '8' (Expected 'l') (Ent: 1.35)
EMNIST:'m' -> MNIST | Predict: '8' (Ent: 1.49)
  ⚠️ [Mismatch] Cycle Back predicted '8' (Expected 'm') (Ent: 1.35)
EMNIST:'n' -> MNIST | Predict: '8' (Ent: 1.67)
  ⚠️ [Mismatch] Cycle Back predicted '8' (Expected 'n') (Ent: 1.35)
EMNIST:'o' -> MNIST ❌ (Uncertain)
EMNIST:'p' -> MNIST | Predict: '8' (Ent: 1.24)
  ⚠️ [Mismatch] Cycle Back predicted '8' (Expected 'p') (Ent: 1.35)
EMNIST:'q' -> MNIST | Predict: '8' (Ent: 1.20)
  ⚠️ [Mismatch] Cycle Back predicted '8' (Expected 'q') (Ent: 1.35)
EMNIST:'r' -> MNIST | Predict: '8' (Ent: 1.23)
  ⚠️ [Mismatch] Cycle Back predicted '8' (Expected 'r') (Ent: 1.35)
EMNIST:'s' -> MNIST | Predict: '8' (Ent: 1.44)
  ⚠️ [Mismatch] Cycle Back predicted '8' (Expected 's') (Ent: 1.35)
EMNIST:'t' -> MNIST | Predict: '8' (Ent: 1.71)
  ⚠️ [Mismatch] Cycle Back predicted '8' (Expected 't') (Ent: 1.35)
EMNIST:'u' -> MNIST | Predict: '8' (Ent: 1.48)
  ⚠️ [Mismatch] Cycle Back predicted '8' (Expected 'u') (Ent: 1.35)
EMNIST:'v' -> MNIST | Predict: '8' (Ent: 1.67)
  ⚠️ [Mismatch] Cycle Back predicted '8' (Expected 'v') (Ent: 1.35)
EMNIST:'w' -> MNIST | Predict: '8' (Ent: 1.45)
  ⚠️ [Mismatch] Cycle Back predicted '8' (Expected 'w') (Ent: 1.35)
EMNIST:'x' -> MNIST | Predict: '8' (Ent: 1.59)
  ⚠️ [Mismatch] Cycle Back predicted '8' (Expected 'x') (Ent: 1.35)
EMNIST:'y' -> MNIST | Predict: '8' (Ent: 1.58)
  ⚠️ [Mismatch] Cycle Back predicted '8' (Expected 'y') (Ent: 1.35)
EMNIST:'z' -> MNIST | Predict: '8' (Ent: 1.57)
  ⚠️ [Mismatch] Cycle Back predicted '8' (Expected 'z') (Ent: 1.35)
EMNIST:'0' -> CIFAR10 ❌ (Uncertain)
EMNIST:'1' -> CIFAR10 ❌ (Uncertain)
EMNIST:'2' -> CIFAR10 ❌ (Uncertain)
EMNIST:'3' -> CIFAR10 | Predict: 'ship' (Ent: 1.70)
  ⚠️ [Mismatch] Cycle Back predicted 'E' (Expected '3') (Ent: 2.83)
EMNIST:'4' -> CIFAR10 | Predict: 'dog' (Ent: 1.54)
  ⚠️ [Mismatch] Cycle Back predicted '8' (Expected '4') (Ent: 2.58)
EMNIST:'5' -> CIFAR10 ❌ (Uncertain)
EMNIST:'6' -> CIFAR10 ❌ (Uncertain)
EMNIST:'7' -> CIFAR10 | Predict: 'dog' (Ent: 1.47)
  ⚠️ [Mismatch] Cycle Back predicted '8' (Expected '7') (Ent: 2.58)
EMNIST:'8' -> CIFAR10 | Predict: 'dog' (Ent: 1.53)
  ✅ [Match] EMNIST:'8' <==> CIFAR10:'dog' (Ent: 2.58)
EMNIST:'9' -> CIFAR10 | Predict: 'dog' (Ent: 1.67)
  ⚠️ [Mismatch] Cycle Back predicted '8' (Expected '9') (Ent: 2.58)
EMNIST:'A' -> CIFAR10 ❌ (Uncertain)
EMNIST:'B' -> CIFAR10 ❌ (Uncertain)
EMNIST:'C' -> CIFAR10 | Predict: 'ship' (Ent: 1.52)
  ⚠️ [Mismatch] Cycle Back predicted 'E' (Expected 'C') (Ent: 2.83)
EMNIST:'D' -> CIFAR10 | Predict: 'ship' (Ent: 1.68)
  ⚠️ [Mismatch] Cycle Back predicted 'E' (Expected 'D') (Ent: 2.83)
EMNIST:'E' -> CIFAR10 | Predict: 'cat' (Ent: 1.62)
  ⚠️ [Mismatch] Cycle Back predicted '8' (Expected 'E') (Ent: 2.57)
EMNIST:'F' -> CIFAR10 ❌ (Uncertain)
EMNIST:'G' -> CIFAR10 ❌ (Uncertain)
EMNIST:'H' -> CIFAR10 | Predict: 'ship' (Ent: 1.67)
  ⚠️ [Mismatch] Cycle Back predicted 'E' (Expected 'H') (Ent: 2.83)
EMNIST:'I' -> CIFAR10 ❌ (Uncertain)
EMNIST:'J' -> CIFAR10 ❌ (Uncertain)
EMNIST:'K' -> CIFAR10 | Predict: 'ship' (Ent: 1.72)
  ⚠️ [Mismatch] Cycle Back predicted 'E' (Expected 'K') (Ent: 2.83)
EMNIST:'L' -> CIFAR10 ❌ (Uncertain)
EMNIST:'M' -> CIFAR10 ❌ (Uncertain)
EMNIST:'N' -> CIFAR10 | Predict: 'dog' (Ent: 1.56)
  ⚠️ [Mismatch] Cycle Back predicted '8' (Expected 'N') (Ent: 2.58)
EMNIST:'O' -> CIFAR10 ❌ (Uncertain)
EMNIST:'P' -> CIFAR10 | Predict: 'dog' (Ent: 1.69)
  ⚠️ [Mismatch] Cycle Back predicted '8' (Expected 'P') (Ent: 2.58)
EMNIST:'Q' -> CIFAR10 ❌ (Uncertain)
EMNIST:'R' -> CIFAR10 ❌ (Uncertain)
EMNIST:'S' -> CIFAR10 ❌ (Uncertain)
EMNIST:'T' -> CIFAR10 ❌ (Uncertain)
EMNIST:'U' -> CIFAR10 | Predict: 'ship' (Ent: 1.63)
  ⚠️ [Mismatch] Cycle Back predicted 'E' (Expected 'U') (Ent: 2.83)
EMNIST:'V' -> CIFAR10 | Predict: 'bird' (Ent: 1.34)
  ⚠️ [Mismatch] Cycle Back predicted '0' (Expected 'V') (Ent: 2.67)
EMNIST:'W' -> CIFAR10 | Predict: 'dog' (Ent: 1.42)
  ⚠️ [Mismatch] Cycle Back predicted '8' (Expected 'W') (Ent: 2.58)
EMNIST:'X' -> CIFAR10 | Predict: 'cat' (Ent: 1.60)
  ⚠️ [Mismatch] Cycle Back predicted '8' (Expected 'X') (Ent: 2.57)
EMNIST:'Y' -> CIFAR10 ❌ (Uncertain)
EMNIST:'Z' -> CIFAR10 ❌ (Uncertain)
EMNIST:'a' -> CIFAR10 ❌ (Uncertain)
EMNIST:'b' -> CIFAR10 ❌ (Uncertain)
EMNIST:'c' -> CIFAR10 | Predict: 'ship' (Ent: 1.52)
  ⚠️ [Mismatch] Cycle Back predicted 'E' (Expected 'c') (Ent: 2.83)
EMNIST:'d' -> CIFAR10 | Predict: 'ship' (Ent: 1.68)
  ⚠️ [Mismatch] Cycle Back predicted 'E' (Expected 'd') (Ent: 2.83)
EMNIST:'e' -> CIFAR10 | Predict: 'cat' (Ent: 1.62)
  ⚠️ [Mismatch] Cycle Back predicted '8' (Expected 'e') (Ent: 2.57)
EMNIST:'f' -> CIFAR10 ❌ (Uncertain)
EMNIST:'g' -> CIFAR10 ❌ (Uncertain)
EMNIST:'h' -> CIFAR10 | Predict: 'ship' (Ent: 1.67)
  ⚠️ [Mismatch] Cycle Back predicted 'E' (Expected 'h') (Ent: 2.83)
EMNIST:'i' -> CIFAR10 ❌ (Uncertain)
EMNIST:'j' -> CIFAR10 ❌ (Uncertain)
EMNIST:'k' -> CIFAR10 | Predict: 'ship' (Ent: 1.72)
  ⚠️ [Mismatch] Cycle Back predicted 'E' (Expected 'k') (Ent: 2.83)
EMNIST:'l' -> CIFAR10 ❌ (Uncertain)
EMNIST:'m' -> CIFAR10 ❌ (Uncertain)
EMNIST:'n' -> CIFAR10 | Predict: 'dog' (Ent: 1.56)
  ⚠️ [Mismatch] Cycle Back predicted '8' (Expected 'n') (Ent: 2.58)
EMNIST:'o' -> CIFAR10 ❌ (Uncertain)
EMNIST:'p' -> CIFAR10 | Predict: 'dog' (Ent: 1.69)
  ⚠️ [Mismatch] Cycle Back predicted '8' (Expected 'p') (Ent: 2.58)
EMNIST:'q' -> CIFAR10 ❌ (Uncertain)
EMNIST:'r' -> CIFAR10 ❌ (Uncertain)
EMNIST:'s' -> CIFAR10 ❌ (Uncertain)
EMNIST:'t' -> CIFAR10 ❌ (Uncertain)
EMNIST:'u' -> CIFAR10 | Predict: 'ship' (Ent: 1.63)
  ⚠️ [Mismatch] Cycle Back predicted 'E' (Expected 'u') (Ent: 2.83)
EMNIST:'v' -> CIFAR10 | Predict: 'bird' (Ent: 1.34)
  ⚠️ [Mismatch] Cycle Back predicted '0' (Expected 'v') (Ent: 2.67)
EMNIST:'w' -> CIFAR10 | Predict: 'dog' (Ent: 1.42)
  ⚠️ [Mismatch] Cycle Back predicted '8' (Expected 'w') (Ent: 2.58)
EMNIST:'x' -> CIFAR10 | Predict: 'cat' (Ent: 1.60)
  ⚠️ [Mismatch] Cycle Back predicted '8' (Expected 'x') (Ent: 2.57)
EMNIST:'y' -> CIFAR10 ❌ (Uncertain)
EMNIST:'z' -> CIFAR10 ❌ (Uncertain)
CIFAR10:'automobile' -> MNIST | Predict: '8' (Ent: 1.62)
  ⚠️ [Mismatch] Cycle Back predicted 'dog' (Expected 'automobile') (Ent: 0.81)
CIFAR10:'bird' -> MNIST ❌ (Uncertain)
CIFAR10:'deer' -> MNIST | Predict: '8' (Ent: 1.53)
  ⚠️ [Mismatch] Cycle Back predicted 'dog' (Expected 'deer') (Ent: 0.81)
CIFAR10:'frog' -> MNIST | Predict: '8' (Ent: 1.69)
  ⚠️ [Mismatch] Cycle Back predicted 'dog' (Expected 'frog') (Ent: 0.81)
CIFAR10:'horse' -> MNIST | Predict: '8' (Ent: 1.71)
  ⚠️ [Mismatch] Cycle Back predicted 'dog' (Expected 'horse') (Ent: 0.81)
CIFAR10:'truck' -> MNIST | Predict: '8' (Ent: 1.52)
  ⚠️ [Mismatch] Cycle Back predicted 'dog' (Expected 'truck') (Ent: 0.81)
CIFAR10:'airplane' -> EMNIST | Predict: '8' (Ent: 2.53)
  ⚠️ [Mismatch] Cycle Back predicted 'dog' (Expected 'airplane') (Ent: 1.53)
CIFAR10:'automobile' -> EMNIST | Predict: '8' (Ent: 2.71)
  ⚠️ [Mismatch] Cycle Back predicted 'dog' (Expected 'automobile') (Ent: 1.53)
CIFAR10:'deer' -> EMNIST | Predict: '8' (Ent: 2.73)
  ⚠️ [Mismatch] Cycle Back predicted 'dog' (Expected 'deer') (Ent: 1.53)
CIFAR10:'frog' -> EMNIST | Predict: '8' (Ent: 2.59)
  ⚠️ [Mismatch] Cycle Back predicted 'dog' (Expected 'frog') (Ent: 1.53)
CIFAR10:'horse' -> EMNIST | Predict: '0' (Ent: 3.00)
CIFAR10:'truck' -> EMNIST | Predict: '8' (Ent: 2.64)
  ⚠️ [Mismatch] Cycle Back predicted 'dog' (Expected 'truck') (Ent: 1.53)
Exp (Syn): New Gen + Old Ent (0.8)
dynamic_entropy_ratio: 0.8
MNIST:'0' -> EMNIST | Predict: '0' (Ent: 1.87)
  ⚠️ [Mismatch] Cycle Back predicted '8' (Expected '0') (Ent: 1.61)
MNIST:'1' -> EMNIST | Predict: '8' (Ent: 2.90)
  ⚠️ [Mismatch] Cycle Back predicted '8' (Expected '1') (Ent: 0.91)
MNIST:'2' -> EMNIST | Predict: '0' (Ent: 2.57)
  ⚠️ [Mismatch] Cycle Back predicted '8' (Expected '2') (Ent: 1.61)
MNIST:'3' -> EMNIST | Predict: '3' (Ent: 1.83)
  ⚠️ [Mismatch] Cycle Back predicted '8' (Expected '3') (Ent: 1.08)
MNIST:'4' -> EMNIST | Predict: '0' (Ent: 2.80)
  ⚠️ [Mismatch] Cycle Back predicted '8' (Expected '4') (Ent: 1.61)
MNIST:'5' -> EMNIST | Predict: '0' (Ent: 2.55)
  ⚠️ [Mismatch] Cycle Back predicted '8' (Expected '5') (Ent: 1.61)
MNIST:'6' -> EMNIST | Predict: '6' (Ent: 1.99)
  ⚠️ [Mismatch] Cycle Back predicted '8' (Expected '6') (Ent: 1.03)
MNIST:'7' -> EMNIST | Predict: '0' (Ent: 2.86)
  ⚠️ [Mismatch] Cycle Back predicted '8' (Expected '7') (Ent: 1.61)
MNIST:'8' -> EMNIST | Predict: '8' (Ent: 1.35)
  ✅ [Match] MNIST:'8' <==> EMNIST:'8' (Ent: 0.91)
MNIST:'9' -> EMNIST | Predict: '0' (Ent: 2.55)
  ⚠️ [Mismatch] Cycle Back predicted '8' (Expected '9') (Ent: 1.61)
MNIST:'0' -> CIFAR10 | Predict: 'ship' (Ent: 1.62)
  ⚠️ [Mismatch] Cycle Back predicted '8' (Expected '0') (Ent: 1.45)
MNIST:'1' -> CIFAR10 | Predict: 'dog' (Ent: 1.49)
  ⚠️ [Mismatch] Cycle Back predicted '8' (Expected '1') (Ent: 1.77)
MNIST:'2' -> CIFAR10 | Predict: 'airplane' (Ent: 1.65)
  ⚠️ [Mismatch] Cycle Back predicted '8' (Expected '2') (Ent: 1.68)
MNIST:'3' -> CIFAR10 | Predict: 'ship' (Ent: 1.54)
  ⚠️ [Mismatch] Cycle Back predicted '8' (Expected '3') (Ent: 1.45)
MNIST:'4' -> CIFAR10 | Predict: 'airplane' (Ent: 1.77)
  ⚠️ [Mismatch] Cycle Back predicted '8' (Expected '4') (Ent: 1.68)
MNIST:'5' -> CIFAR10 | Predict: 'ship' (Ent: 1.53)
  ⚠️ [Mismatch] Cycle Back predicted '8' (Expected '5') (Ent: 1.45)
MNIST:'6' -> CIFAR10 | Predict: 'dog' (Ent: 1.29)
  ⚠️ [Mismatch] Cycle Back predicted '8' (Expected '6') (Ent: 1.77)
MNIST:'7' -> CIFAR10 | Predict: 'cat' (Ent: 1.65)
  ⚠️ [Mismatch] Cycle Back predicted '8' (Expected '7') (Ent: 1.60)
MNIST:'8' -> CIFAR10 | Predict: 'dog' (Ent: 0.81)
  ✅ [Match] MNIST:'8' <==> CIFAR10:'dog' (Ent: 1.77)
MNIST:'9' -> CIFAR10 | Predict: 'dog' (Ent: 1.81)
  ⚠️ [Mismatch] Cycle Back predicted '8' (Expected '9') (Ent: 1.77)
EMNIST:'1' -> MNIST | Predict: '8' (Ent: 1.58)
  ⚠️ [Mismatch] Cycle Back predicted '8' (Expected '1') (Ent: 1.35)
EMNIST:'2' -> MNIST | Predict: '8' (Ent: 1.30)
  ⚠️ [Mismatch] Cycle Back predicted '8' (Expected '2') (Ent: 1.35)
EMNIST:'4' -> MNIST | Predict: '8' (Ent: 1.63)
  ⚠️ [Mismatch] Cycle Back predicted '8' (Expected '4') (Ent: 1.35)
EMNIST:'5' -> MNIST | Predict: '8' (Ent: 1.14)
  ⚠️ [Mismatch] Cycle Back predicted '8' (Expected '5') (Ent: 1.35)
EMNIST:'7' -> MNIST | Predict: '8' (Ent: 1.29)
  ⚠️ [Mismatch] Cycle Back predicted '8' (Expected '7') (Ent: 1.35)
EMNIST:'9' -> MNIST | Predict: '8' (Ent: 1.16)
  ⚠️ [Mismatch] Cycle Back predicted '8' (Expected '9') (Ent: 1.35)
EMNIST:'A' -> MNIST | Predict: '8' (Ent: 1.54)
  ⚠️ [Mismatch] Cycle Back predicted '8' (Expected 'A') (Ent: 1.35)
EMNIST:'B' -> MNIST | Predict: '8' (Ent: 1.60)
  ⚠️ [Mismatch] Cycle Back predicted '8' (Expected 'B') (Ent: 1.35)
EMNIST:'C' -> MNIST | Predict: '8' (Ent: 1.22)
  ⚠️ [Mismatch] Cycle Back predicted '8' (Expected 'C') (Ent: 1.35)
EMNIST:'D' -> MNIST | Predict: '8' (Ent: 1.64)
  ⚠️ [Mismatch] Cycle Back predicted '8' (Expected 'D') (Ent: 1.35)
EMNIST:'E' -> MNIST | Predict: '8' (Ent: 1.55)
  ⚠️ [Mismatch] Cycle Back predicted '8' (Expected 'E') (Ent: 1.35)
EMNIST:'F' -> MNIST | Predict: '8' (Ent: 1.52)
  ⚠️ [Mismatch] Cycle Back predicted '8' (Expected 'F') (Ent: 1.35)
EMNIST:'G' -> MNIST | Predict: '8' (Ent: 1.33)
  ⚠️ [Mismatch] Cycle Back predicted '8' (Expected 'G') (Ent: 1.35)
EMNIST:'H' -> MNIST | Predict: '8' (Ent: 1.64)
  ⚠️ [Mismatch] Cycle Back predicted '8' (Expected 'H') (Ent: 1.35)
EMNIST:'I' -> MNIST | Predict: '8' (Ent: 1.63)
  ⚠️ [Mismatch] Cycle Back predicted '8' (Expected 'I') (Ent: 1.35)
EMNIST:'J' -> MNIST | Predict: '8' (Ent: 1.30)
  ⚠️ [Mismatch] Cycle Back predicted '8' (Expected 'J') (Ent: 1.35)
EMNIST:'K' -> MNIST | Predict: '8' (Ent: 1.22)
  ⚠️ [Mismatch] Cycle Back predicted '8' (Expected 'K') (Ent: 1.35)
EMNIST:'L' -> MNIST | Predict: '8' (Ent: 1.46)
  ⚠️ [Mismatch] Cycle Back predicted '8' (Expected 'L') (Ent: 1.35)
EMNIST:'M' -> MNIST | Predict: '8' (Ent: 1.49)
  ⚠️ [Mismatch] Cycle Back predicted '8' (Expected 'M') (Ent: 1.35)
EMNIST:'N' -> MNIST | Predict: '8' (Ent: 1.67)
  ⚠️ [Mismatch] Cycle Back predicted '8' (Expected 'N') (Ent: 1.35)
EMNIST:'O' -> MNIST | Predict: '8' (Ent: 1.74)
  ⚠️ [Mismatch] Cycle Back predicted '8' (Expected 'O') (Ent: 1.35)
EMNIST:'P' -> MNIST | Predict: '8' (Ent: 1.24)
  ⚠️ [Mismatch] Cycle Back predicted '8' (Expected 'P') (Ent: 1.35)
EMNIST:'Q' -> MNIST | Predict: '8' (Ent: 1.20)
  ⚠️ [Mismatch] Cycle Back predicted '8' (Expected 'Q') (Ent: 1.35)
EMNIST:'R' -> MNIST | Predict: '8' (Ent: 1.23)
  ⚠️ [Mismatch] Cycle Back predicted '8' (Expected 'R') (Ent: 1.35)
EMNIST:'S' -> MNIST | Predict: '8' (Ent: 1.44)
  ⚠️ [Mismatch] Cycle Back predicted '8' (Expected 'S') (Ent: 1.35)
EMNIST:'T' -> MNIST | Predict: '8' (Ent: 1.71)
  ⚠️ [Mismatch] Cycle Back predicted '8' (Expected 'T') (Ent: 1.35)
EMNIST:'U' -> MNIST | Predict: '8' (Ent: 1.48)
  ⚠️ [Mismatch] Cycle Back predicted '8' (Expected 'U') (Ent: 1.35)
EMNIST:'V' -> MNIST | Predict: '8' (Ent: 1.67)
  ⚠️ [Mismatch] Cycle Back predicted '8' (Expected 'V') (Ent: 1.35)
EMNIST:'W' -> MNIST | Predict: '8' (Ent: 1.45)
  ⚠️ [Mismatch] Cycle Back predicted '8' (Expected 'W') (Ent: 1.35)
EMNIST:'X' -> MNIST | Predict: '8' (Ent: 1.59)
  ⚠️ [Mismatch] Cycle Back predicted '8' (Expected 'X') (Ent: 1.35)
EMNIST:'Y' -> MNIST | Predict: '8' (Ent: 1.58)
  ⚠️ [Mismatch] Cycle Back predicted '8' (Expected 'Y') (Ent: 1.35)
EMNIST:'Z' -> MNIST | Predict: '8' (Ent: 1.57)
  ⚠️ [Mismatch] Cycle Back predicted '8' (Expected 'Z') (Ent: 1.35)
EMNIST:'a' -> MNIST | Predict: '8' (Ent: 1.54)
  ⚠️ [Mismatch] Cycle Back predicted '8' (Expected 'a') (Ent: 1.35)
EMNIST:'b' -> MNIST | Predict: '8' (Ent: 1.60)
  ⚠️ [Mismatch] Cycle Back predicted '8' (Expected 'b') (Ent: 1.35)
EMNIST:'c' -> MNIST | Predict: '8' (Ent: 1.22)
  ⚠️ [Mismatch] Cycle Back predicted '8' (Expected 'c') (Ent: 1.35)
EMNIST:'d' -> MNIST | Predict: '8' (Ent: 1.64)
  ⚠️ [Mismatch] Cycle Back predicted '8' (Expected 'd') (Ent: 1.35)
EMNIST:'e' -> MNIST | Predict: '8' (Ent: 1.55)
  ⚠️ [Mismatch] Cycle Back predicted '8' (Expected 'e') (Ent: 1.35)
EMNIST:'f' -> MNIST | Predict: '8' (Ent: 1.52)
  ⚠️ [Mismatch] Cycle Back predicted '8' (Expected 'f') (Ent: 1.35)
EMNIST:'g' -> MNIST | Predict: '8' (Ent: 1.33)
  ⚠️ [Mismatch] Cycle Back predicted '8' (Expected 'g') (Ent: 1.35)
EMNIST:'h' -> MNIST | Predict: '8' (Ent: 1.64)
  ⚠️ [Mismatch] Cycle Back predicted '8' (Expected 'h') (Ent: 1.35)
EMNIST:'i' -> MNIST | Predict: '8' (Ent: 1.63)
  ⚠️ [Mismatch] Cycle Back predicted '8' (Expected 'i') (Ent: 1.35)
EMNIST:'j' -> MNIST | Predict: '8' (Ent: 1.30)
  ⚠️ [Mismatch] Cycle Back predicted '8' (Expected 'j') (Ent: 1.35)
EMNIST:'k' -> MNIST | Predict: '8' (Ent: 1.22)
  ⚠️ [Mismatch] Cycle Back predicted '8' (Expected 'k') (Ent: 1.35)
EMNIST:'l' -> MNIST | Predict: '8' (Ent: 1.46)
  ⚠️ [Mismatch] Cycle Back predicted '8' (Expected 'l') (Ent: 1.35)
EMNIST:'m' -> MNIST | Predict: '8' (Ent: 1.49)
  ⚠️ [Mismatch] Cycle Back predicted '8' (Expected 'm') (Ent: 1.35)
EMNIST:'n' -> MNIST | Predict: '8' (Ent: 1.67)
  ⚠️ [Mismatch] Cycle Back predicted '8' (Expected 'n') (Ent: 1.35)
EMNIST:'o' -> MNIST | Predict: '8' (Ent: 1.74)
  ⚠️ [Mismatch] Cycle Back predicted '8' (Expected 'o') (Ent: 1.35)
EMNIST:'p' -> MNIST | Predict: '8' (Ent: 1.24)
  ⚠️ [Mismatch] Cycle Back predicted '8' (Expected 'p') (Ent: 1.35)
EMNIST:'q' -> MNIST | Predict: '8' (Ent: 1.20)
  ⚠️ [Mismatch] Cycle Back predicted '8' (Expected 'q') (Ent: 1.35)
EMNIST:'r' -> MNIST | Predict: '8' (Ent: 1.23)
  ⚠️ [Mismatch] Cycle Back predicted '8' (Expected 'r') (Ent: 1.35)
EMNIST:'s' -> MNIST | Predict: '8' (Ent: 1.44)
  ⚠️ [Mismatch] Cycle Back predicted '8' (Expected 's') (Ent: 1.35)
EMNIST:'t' -> MNIST | Predict: '8' (Ent: 1.71)
  ⚠️ [Mismatch] Cycle Back predicted '8' (Expected 't') (Ent: 1.35)
EMNIST:'u' -> MNIST | Predict: '8' (Ent: 1.48)
  ⚠️ [Mismatch] Cycle Back predicted '8' (Expected 'u') (Ent: 1.35)
EMNIST:'v' -> MNIST | Predict: '8' (Ent: 1.67)
  ⚠️ [Mismatch] Cycle Back predicted '8' (Expected 'v') (Ent: 1.35)
EMNIST:'w' -> MNIST | Predict: '8' (Ent: 1.45)
  ⚠️ [Mismatch] Cycle Back predicted '8' (Expected 'w') (Ent: 1.35)
EMNIST:'x' -> MNIST | Predict: '8' (Ent: 1.59)
  ⚠️ [Mismatch] Cycle Back predicted '8' (Expected 'x') (Ent: 1.35)
EMNIST:'y' -> MNIST | Predict: '8' (Ent: 1.58)
  ⚠️ [Mismatch] Cycle Back predicted '8' (Expected 'y') (Ent: 1.35)
EMNIST:'z' -> MNIST | Predict: '8' (Ent: 1.57)
  ⚠️ [Mismatch] Cycle Back predicted '8' (Expected 'z') (Ent: 1.35)
EMNIST:'0' -> CIFAR10 | Predict: 'dog' (Ent: 1.81)
  ⚠️ [Mismatch] Cycle Back predicted '8' (Expected '0') (Ent: 2.58)
EMNIST:'1' -> CIFAR10 | Predict: 'dog' (Ent: 1.76)
  ⚠️ [Mismatch] Cycle Back predicted '8' (Expected '1') (Ent: 2.58)
EMNIST:'2' -> CIFAR10 | Predict: 'airplane' (Ent: 1.82)
  ⚠️ [Mismatch] Cycle Back predicted '8' (Expected '2') (Ent: 2.53)
EMNIST:'3' -> CIFAR10 | Predict: 'ship' (Ent: 1.70)
  ⚠️ [Mismatch] Cycle Back predicted 'E' (Expected '3') (Ent: 2.83)
EMNIST:'4' -> CIFAR10 | Predict: 'dog' (Ent: 1.54)
  ⚠️ [Mismatch] Cycle Back predicted '8' (Expected '4') (Ent: 2.58)
EMNIST:'5' -> CIFAR10 ❌ (Uncertain)
EMNIST:'6' -> CIFAR10 | Predict: 'dog' (Ent: 1.73)
  ⚠️ [Mismatch] Cycle Back predicted '8' (Expected '6') (Ent: 2.58)
EMNIST:'7' -> CIFAR10 | Predict: 'dog' (Ent: 1.47)
  ⚠️ [Mismatch] Cycle Back predicted '8' (Expected '7') (Ent: 2.58)
EMNIST:'8' -> CIFAR10 | Predict: 'dog' (Ent: 1.53)
  ✅ [Match] EMNIST:'8' <==> CIFAR10:'dog' (Ent: 2.58)
EMNIST:'9' -> CIFAR10 | Predict: 'dog' (Ent: 1.67)
  ⚠️ [Mismatch] Cycle Back predicted '8' (Expected '9') (Ent: 2.58)
EMNIST:'A' -> CIFAR10 ❌ (Uncertain)
EMNIST:'B' -> CIFAR10 | Predict: 'ship' (Ent: 1.74)
  ⚠️ [Mismatch] Cycle Back predicted 'E' (Expected 'B') (Ent: 2.83)
EMNIST:'C' -> CIFAR10 | Predict: 'ship' (Ent: 1.52)
  ⚠️ [Mismatch] Cycle Back predicted 'E' (Expected 'C') (Ent: 2.83)
EMNIST:'D' -> CIFAR10 | Predict: 'ship' (Ent: 1.68)
  ⚠️ [Mismatch] Cycle Back predicted 'E' (Expected 'D') (Ent: 2.83)
EMNIST:'E' -> CIFAR10 | Predict: 'cat' (Ent: 1.62)
  ⚠️ [Mismatch] Cycle Back predicted '8' (Expected 'E') (Ent: 2.57)
EMNIST:'F' -> CIFAR10 | Predict: 'cat' (Ent: 1.80)
  ⚠️ [Mismatch] Cycle Back predicted '8' (Expected 'F') (Ent: 2.57)
EMNIST:'G' -> CIFAR10 | Predict: 'ship' (Ent: 1.76)
  ⚠️ [Mismatch] Cycle Back predicted 'E' (Expected 'G') (Ent: 2.83)
EMNIST:'H' -> CIFAR10 | Predict: 'ship' (Ent: 1.67)
  ⚠️ [Mismatch] Cycle Back predicted 'E' (Expected 'H') (Ent: 2.83)
EMNIST:'I' -> CIFAR10 ❌ (Uncertain)
EMNIST:'J' -> CIFAR10 ❌ (Uncertain)
EMNIST:'K' -> CIFAR10 | Predict: 'ship' (Ent: 1.72)
  ⚠️ [Mismatch] Cycle Back predicted 'E' (Expected 'K') (Ent: 2.83)
EMNIST:'L' -> CIFAR10 | Predict: 'ship' (Ent: 1.84)
  ⚠️ [Mismatch] Cycle Back predicted 'E' (Expected 'L') (Ent: 2.83)
EMNIST:'M' -> CIFAR10 | Predict: 'dog' (Ent: 1.80)
  ⚠️ [Mismatch] Cycle Back predicted '8' (Expected 'M') (Ent: 2.58)
EMNIST:'N' -> CIFAR10 | Predict: 'dog' (Ent: 1.56)
  ⚠️ [Mismatch] Cycle Back predicted '8' (Expected 'N') (Ent: 2.58)
EMNIST:'O' -> CIFAR10 ❌ (Uncertain)
EMNIST:'P' -> CIFAR10 | Predict: 'dog' (Ent: 1.69)
  ⚠️ [Mismatch] Cycle Back predicted '8' (Expected 'P') (Ent: 2.58)
EMNIST:'Q' -> CIFAR10 | Predict: 'dog' (Ent: 1.84)
  ⚠️ [Mismatch] Cycle Back predicted '8' (Expected 'Q') (Ent: 2.58)
EMNIST:'R' -> CIFAR10 | Predict: 'airplane' (Ent: 1.78)
  ⚠️ [Mismatch] Cycle Back predicted '8' (Expected 'R') (Ent: 2.53)
EMNIST:'S' -> CIFAR10 ❌ (Uncertain)
EMNIST:'T' -> CIFAR10 ❌ (Uncertain)
EMNIST:'U' -> CIFAR10 | Predict: 'ship' (Ent: 1.63)
  ⚠️ [Mismatch] Cycle Back predicted 'E' (Expected 'U') (Ent: 2.83)
EMNIST:'V' -> CIFAR10 | Predict: 'bird' (Ent: 1.34)
  ⚠️ [Mismatch] Cycle Back predicted '0' (Expected 'V') (Ent: 2.67)
EMNIST:'W' -> CIFAR10 | Predict: 'dog' (Ent: 1.42)
  ⚠️ [Mismatch] Cycle Back predicted '8' (Expected 'W') (Ent: 2.58)
EMNIST:'X' -> CIFAR10 | Predict: 'cat' (Ent: 1.60)
  ⚠️ [Mismatch] Cycle Back predicted '8' (Expected 'X') (Ent: 2.57)
EMNIST:'Y' -> CIFAR10 ❌ (Uncertain)
EMNIST:'Z' -> CIFAR10 ❌ (Uncertain)
EMNIST:'a' -> CIFAR10 ❌ (Uncertain)
EMNIST:'b' -> CIFAR10 | Predict: 'ship' (Ent: 1.74)
  ⚠️ [Mismatch] Cycle Back predicted 'E' (Expected 'b') (Ent: 2.83)
EMNIST:'c' -> CIFAR10 | Predict: 'ship' (Ent: 1.52)
  ⚠️ [Mismatch] Cycle Back predicted 'E' (Expected 'c') (Ent: 2.83)
EMNIST:'d' -> CIFAR10 | Predict: 'ship' (Ent: 1.68)
  ⚠️ [Mismatch] Cycle Back predicted 'E' (Expected 'd') (Ent: 2.83)
EMNIST:'e' -> CIFAR10 | Predict: 'cat' (Ent: 1.62)
  ⚠️ [Mismatch] Cycle Back predicted '8' (Expected 'e') (Ent: 2.57)
EMNIST:'f' -> CIFAR10 | Predict: 'cat' (Ent: 1.80)
  ⚠️ [Mismatch] Cycle Back predicted '8' (Expected 'f') (Ent: 2.57)
EMNIST:'g' -> CIFAR10 | Predict: 'ship' (Ent: 1.76)
  ⚠️ [Mismatch] Cycle Back predicted 'E' (Expected 'g') (Ent: 2.83)
EMNIST:'h' -> CIFAR10 | Predict: 'ship' (Ent: 1.67)
  ⚠️ [Mismatch] Cycle Back predicted 'E' (Expected 'h') (Ent: 2.83)
EMNIST:'i' -> CIFAR10 ❌ (Uncertain)
EMNIST:'j' -> CIFAR10 ❌ (Uncertain)
EMNIST:'k' -> CIFAR10 | Predict: 'ship' (Ent: 1.72)
  ⚠️ [Mismatch] Cycle Back predicted 'E' (Expected 'k') (Ent: 2.83)
EMNIST:'l' -> CIFAR10 | Predict: 'ship' (Ent: 1.84)
  ⚠️ [Mismatch] Cycle Back predicted 'E' (Expected 'l') (Ent: 2.83)
EMNIST:'m' -> CIFAR10 | Predict: 'dog' (Ent: 1.80)
  ⚠️ [Mismatch] Cycle Back predicted '8' (Expected 'm') (Ent: 2.58)
EMNIST:'n' -> CIFAR10 | Predict: 'dog' (Ent: 1.56)
  ⚠️ [Mismatch] Cycle Back predicted '8' (Expected 'n') (Ent: 2.58)
EMNIST:'o' -> CIFAR10 ❌ (Uncertain)
EMNIST:'p' -> CIFAR10 | Predict: 'dog' (Ent: 1.69)
  ⚠️ [Mismatch] Cycle Back predicted '8' (Expected 'p') (Ent: 2.58)
EMNIST:'q' -> CIFAR10 | Predict: 'dog' (Ent: 1.84)
  ⚠️ [Mismatch] Cycle Back predicted '8' (Expected 'q') (Ent: 2.58)
EMNIST:'r' -> CIFAR10 | Predict: 'airplane' (Ent: 1.78)
  ⚠️ [Mismatch] Cycle Back predicted '8' (Expected 'r') (Ent: 2.53)
EMNIST:'s' -> CIFAR10 ❌ (Uncertain)
EMNIST:'t' -> CIFAR10 ❌ (Uncertain)
EMNIST:'u' -> CIFAR10 | Predict: 'ship' (Ent: 1.63)
  ⚠️ [Mismatch] Cycle Back predicted 'E' (Expected 'u') (Ent: 2.83)
EMNIST:'v' -> CIFAR10 | Predict: 'bird' (Ent: 1.34)
  ⚠️ [Mismatch] Cycle Back predicted '0' (Expected 'v') (Ent: 2.67)
EMNIST:'w' -> CIFAR10 | Predict: 'dog' (Ent: 1.42)
  ⚠️ [Mismatch] Cycle Back predicted '8' (Expected 'w') (Ent: 2.58)
EMNIST:'x' -> CIFAR10 | Predict: 'cat' (Ent: 1.60)
  ⚠️ [Mismatch] Cycle Back predicted '8' (Expected 'x') (Ent: 2.57)
EMNIST:'y' -> CIFAR10 ❌ (Uncertain)
EMNIST:'z' -> CIFAR10 ❌ (Uncertain)
CIFAR10:'automobile' -> MNIST | Predict: '8' (Ent: 1.62)
  ⚠️ [Mismatch] Cycle Back predicted 'dog' (Expected 'automobile') (Ent: 0.81)
CIFAR10:'bird' -> MNIST ❌ (Uncertain)
CIFAR10:'deer' -> MNIST | Predict: '8' (Ent: 1.53)
  ⚠️ [Mismatch] Cycle Back predicted 'dog' (Expected 'deer') (Ent: 0.81)
CIFAR10:'frog' -> MNIST | Predict: '8' (Ent: 1.69)
  ⚠️ [Mismatch] Cycle Back predicted 'dog' (Expected 'frog') (Ent: 0.81)
CIFAR10:'horse' -> MNIST | Predict: '8' (Ent: 1.71)
  ⚠️ [Mismatch] Cycle Back predicted 'dog' (Expected 'horse') (Ent: 0.81)
CIFAR10:'truck' -> MNIST | Predict: '8' (Ent: 1.52)
  ⚠️ [Mismatch] Cycle Back predicted 'dog' (Expected 'truck') (Ent: 0.81)
CIFAR10:'automobile' -> EMNIST | Predict: '8' (Ent: 2.71)
  ⚠️ [Mismatch] Cycle Back predicted 'dog' (Expected 'automobile') (Ent: 1.53)
CIFAR10:'deer' -> EMNIST | Predict: '8' (Ent: 2.73)
  ⚠️ [Mismatch] Cycle Back predicted 'dog' (Expected 'deer') (Ent: 1.53)
CIFAR10:'frog' -> EMNIST | Predict: '8' (Ent: 2.59)
  ⚠️ [Mismatch] Cycle Back predicted 'dog' (Expected 'frog') (Ent: 1.53)
CIFAR10:'horse' -> EMNIST | Predict: '0' (Ent: 3.00)
  ⚠️ [Mismatch] Cycle Back predicted 'dog' (Expected 'horse') (Ent: 1.81)
CIFAR10:'truck' -> EMNIST | Predict: '8' (Ent: 2.64)
  ⚠️ [Mismatch] Cycle Back predicted 'dog' (Expected 'truck') (Ent: 1.53)
Exp (Syn): New Gen + Old Ent (0.85)
dynamic_entropy_ratio: 0.85
MNIST:'0' -> EMNIST | Predict: '0' (Ent: 1.87)
  ⚠️ [Mismatch] Cycle Back predicted '8' (Expected '0') (Ent: 1.61)
MNIST:'1' -> EMNIST | Predict: '8' (Ent: 2.90)
  ⚠️ [Mismatch] Cycle Back predicted '8' (Expected '1') (Ent: 0.91)
MNIST:'2' -> EMNIST | Predict: '0' (Ent: 2.57)
  ⚠️ [Mismatch] Cycle Back predicted '8' (Expected '2') (Ent: 1.61)
MNIST:'3' -> EMNIST | Predict: '3' (Ent: 1.83)
  ⚠️ [Mismatch] Cycle Back predicted '8' (Expected '3') (Ent: 1.08)
MNIST:'4' -> EMNIST | Predict: '0' (Ent: 2.80)
  ⚠️ [Mismatch] Cycle Back predicted '8' (Expected '4') (Ent: 1.61)
MNIST:'5' -> EMNIST | Predict: '0' (Ent: 2.55)
  ⚠️ [Mismatch] Cycle Back predicted '8' (Expected '5') (Ent: 1.61)
MNIST:'6' -> EMNIST | Predict: '6' (Ent: 1.99)
  ⚠️ [Mismatch] Cycle Back predicted '8' (Expected '6') (Ent: 1.03)
MNIST:'7' -> EMNIST | Predict: '0' (Ent: 2.86)
  ⚠️ [Mismatch] Cycle Back predicted '8' (Expected '7') (Ent: 1.61)
MNIST:'8' -> EMNIST | Predict: '8' (Ent: 1.35)
  ✅ [Match] MNIST:'8' <==> EMNIST:'8' (Ent: 0.91)
MNIST:'9' -> EMNIST | Predict: '0' (Ent: 2.55)
  ⚠️ [Mismatch] Cycle Back predicted '8' (Expected '9') (Ent: 1.61)
MNIST:'0' -> CIFAR10 | Predict: 'ship' (Ent: 1.62)
  ⚠️ [Mismatch] Cycle Back predicted '8' (Expected '0') (Ent: 1.45)
MNIST:'1' -> CIFAR10 | Predict: 'dog' (Ent: 1.49)
  ⚠️ [Mismatch] Cycle Back predicted '8' (Expected '1') (Ent: 1.77)
MNIST:'2' -> CIFAR10 | Predict: 'airplane' (Ent: 1.65)
  ⚠️ [Mismatch] Cycle Back predicted '8' (Expected '2') (Ent: 1.68)
MNIST:'3' -> CIFAR10 | Predict: 'ship' (Ent: 1.54)
  ⚠️ [Mismatch] Cycle Back predicted '8' (Expected '3') (Ent: 1.45)
MNIST:'4' -> CIFAR10 | Predict: 'airplane' (Ent: 1.77)
  ⚠️ [Mismatch] Cycle Back predicted '8' (Expected '4') (Ent: 1.68)
MNIST:'5' -> CIFAR10 | Predict: 'ship' (Ent: 1.53)
  ⚠️ [Mismatch] Cycle Back predicted '8' (Expected '5') (Ent: 1.45)
MNIST:'6' -> CIFAR10 | Predict: 'dog' (Ent: 1.29)
  ⚠️ [Mismatch] Cycle Back predicted '8' (Expected '6') (Ent: 1.77)
MNIST:'7' -> CIFAR10 | Predict: 'cat' (Ent: 1.65)
  ⚠️ [Mismatch] Cycle Back predicted '8' (Expected '7') (Ent: 1.60)
MNIST:'8' -> CIFAR10 | Predict: 'dog' (Ent: 0.81)
  ✅ [Match] MNIST:'8' <==> CIFAR10:'dog' (Ent: 1.77)
MNIST:'9' -> CIFAR10 | Predict: 'dog' (Ent: 1.81)
  ⚠️ [Mismatch] Cycle Back predicted '8' (Expected '9') (Ent: 1.77)
EMNIST:'1' -> MNIST | Predict: '8' (Ent: 1.58)
  ⚠️ [Mismatch] Cycle Back predicted '8' (Expected '1') (Ent: 1.35)
EMNIST:'2' -> MNIST | Predict: '8' (Ent: 1.30)
  ⚠️ [Mismatch] Cycle Back predicted '8' (Expected '2') (Ent: 1.35)
EMNIST:'4' -> MNIST | Predict: '8' (Ent: 1.63)
  ⚠️ [Mismatch] Cycle Back predicted '8' (Expected '4') (Ent: 1.35)
EMNIST:'5' -> MNIST | Predict: '8' (Ent: 1.14)
  ⚠️ [Mismatch] Cycle Back predicted '8' (Expected '5') (Ent: 1.35)
EMNIST:'7' -> MNIST | Predict: '8' (Ent: 1.29)
  ⚠️ [Mismatch] Cycle Back predicted '8' (Expected '7') (Ent: 1.35)
EMNIST:'9' -> MNIST | Predict: '8' (Ent: 1.16)
  ⚠️ [Mismatch] Cycle Back predicted '8' (Expected '9') (Ent: 1.35)
EMNIST:'A' -> MNIST | Predict: '8' (Ent: 1.54)
  ⚠️ [Mismatch] Cycle Back predicted '8' (Expected 'A') (Ent: 1.35)
EMNIST:'B' -> MNIST | Predict: '8' (Ent: 1.60)
  ⚠️ [Mismatch] Cycle Back predicted '8' (Expected 'B') (Ent: 1.35)
EMNIST:'C' -> MNIST | Predict: '8' (Ent: 1.22)
  ⚠️ [Mismatch] Cycle Back predicted '8' (Expected 'C') (Ent: 1.35)
EMNIST:'D' -> MNIST | Predict: '8' (Ent: 1.64)
  ⚠️ [Mismatch] Cycle Back predicted '8' (Expected 'D') (Ent: 1.35)
EMNIST:'E' -> MNIST | Predict: '8' (Ent: 1.55)
  ⚠️ [Mismatch] Cycle Back predicted '8' (Expected 'E') (Ent: 1.35)
EMNIST:'F' -> MNIST | Predict: '8' (Ent: 1.52)
  ⚠️ [Mismatch] Cycle Back predicted '8' (Expected 'F') (Ent: 1.35)
EMNIST:'G' -> MNIST | Predict: '8' (Ent: 1.33)
  ⚠️ [Mismatch] Cycle Back predicted '8' (Expected 'G') (Ent: 1.35)
EMNIST:'H' -> MNIST | Predict: '8' (Ent: 1.64)
  ⚠️ [Mismatch] Cycle Back predicted '8' (Expected 'H') (Ent: 1.35)
EMNIST:'I' -> MNIST | Predict: '8' (Ent: 1.63)
  ⚠️ [Mismatch] Cycle Back predicted '8' (Expected 'I') (Ent: 1.35)
EMNIST:'J' -> MNIST | Predict: '8' (Ent: 1.30)
  ⚠️ [Mismatch] Cycle Back predicted '8' (Expected 'J') (Ent: 1.35)
EMNIST:'K' -> MNIST | Predict: '8' (Ent: 1.22)
  ⚠️ [Mismatch] Cycle Back predicted '8' (Expected 'K') (Ent: 1.35)
EMNIST:'L' -> MNIST | Predict: '8' (Ent: 1.46)
  ⚠️ [Mismatch] Cycle Back predicted '8' (Expected 'L') (Ent: 1.35)
EMNIST:'M' -> MNIST | Predict: '8' (Ent: 1.49)
  ⚠️ [Mismatch] Cycle Back predicted '8' (Expected 'M') (Ent: 1.35)
EMNIST:'N' -> MNIST | Predict: '8' (Ent: 1.67)
  ⚠️ [Mismatch] Cycle Back predicted '8' (Expected 'N') (Ent: 1.35)
EMNIST:'O' -> MNIST | Predict: '8' (Ent: 1.74)
  ⚠️ [Mismatch] Cycle Back predicted '8' (Expected 'O') (Ent: 1.35)
EMNIST:'P' -> MNIST | Predict: '8' (Ent: 1.24)
  ⚠️ [Mismatch] Cycle Back predicted '8' (Expected 'P') (Ent: 1.35)
EMNIST:'Q' -> MNIST | Predict: '8' (Ent: 1.20)
  ⚠️ [Mismatch] Cycle Back predicted '8' (Expected 'Q') (Ent: 1.35)
EMNIST:'R' -> MNIST | Predict: '8' (Ent: 1.23)
  ⚠️ [Mismatch] Cycle Back predicted '8' (Expected 'R') (Ent: 1.35)
EMNIST:'S' -> MNIST | Predict: '8' (Ent: 1.44)
  ⚠️ [Mismatch] Cycle Back predicted '8' (Expected 'S') (Ent: 1.35)
EMNIST:'T' -> MNIST | Predict: '8' (Ent: 1.71)
  ⚠️ [Mismatch] Cycle Back predicted '8' (Expected 'T') (Ent: 1.35)
EMNIST:'U' -> MNIST | Predict: '8' (Ent: 1.48)
  ⚠️ [Mismatch] Cycle Back predicted '8' (Expected 'U') (Ent: 1.35)
EMNIST:'V' -> MNIST | Predict: '8' (Ent: 1.67)
  ⚠️ [Mismatch] Cycle Back predicted '8' (Expected 'V') (Ent: 1.35)
EMNIST:'W' -> MNIST | Predict: '8' (Ent: 1.45)
  ⚠️ [Mismatch] Cycle Back predicted '8' (Expected 'W') (Ent: 1.35)
EMNIST:'X' -> MNIST | Predict: '8' (Ent: 1.59)
  ⚠️ [Mismatch] Cycle Back predicted '8' (Expected 'X') (Ent: 1.35)
EMNIST:'Y' -> MNIST | Predict: '8' (Ent: 1.58)
  ⚠️ [Mismatch] Cycle Back predicted '8' (Expected 'Y') (Ent: 1.35)
EMNIST:'Z' -> MNIST | Predict: '8' (Ent: 1.57)
  ⚠️ [Mismatch] Cycle Back predicted '8' (Expected 'Z') (Ent: 1.35)
EMNIST:'a' -> MNIST | Predict: '8' (Ent: 1.54)
  ⚠️ [Mismatch] Cycle Back predicted '8' (Expected 'a') (Ent: 1.35)
EMNIST:'b' -> MNIST | Predict: '8' (Ent: 1.60)
  ⚠️ [Mismatch] Cycle Back predicted '8' (Expected 'b') (Ent: 1.35)
EMNIST:'c' -> MNIST | Predict: '8' (Ent: 1.22)
  ⚠️ [Mismatch] Cycle Back predicted '8' (Expected 'c') (Ent: 1.35)
EMNIST:'d' -> MNIST | Predict: '8' (Ent: 1.64)
  ⚠️ [Mismatch] Cycle Back predicted '8' (Expected 'd') (Ent: 1.35)
EMNIST:'e' -> MNIST | Predict: '8' (Ent: 1.55)
  ⚠️ [Mismatch] Cycle Back predicted '8' (Expected 'e') (Ent: 1.35)
EMNIST:'f' -> MNIST | Predict: '8' (Ent: 1.52)
  ⚠️ [Mismatch] Cycle Back predicted '8' (Expected 'f') (Ent: 1.35)
EMNIST:'g' -> MNIST | Predict: '8' (Ent: 1.33)
  ⚠️ [Mismatch] Cycle Back predicted '8' (Expected 'g') (Ent: 1.35)
EMNIST:'h' -> MNIST | Predict: '8' (Ent: 1.64)
  ⚠️ [Mismatch] Cycle Back predicted '8' (Expected 'h') (Ent: 1.35)
EMNIST:'i' -> MNIST | Predict: '8' (Ent: 1.63)
  ⚠️ [Mismatch] Cycle Back predicted '8' (Expected 'i') (Ent: 1.35)
EMNIST:'j' -> MNIST | Predict: '8' (Ent: 1.30)
  ⚠️ [Mismatch] Cycle Back predicted '8' (Expected 'j') (Ent: 1.35)
EMNIST:'k' -> MNIST | Predict: '8' (Ent: 1.22)
  ⚠️ [Mismatch] Cycle Back predicted '8' (Expected 'k') (Ent: 1.35)
EMNIST:'l' -> MNIST | Predict: '8' (Ent: 1.46)
  ⚠️ [Mismatch] Cycle Back predicted '8' (Expected 'l') (Ent: 1.35)
EMNIST:'m' -> MNIST | Predict: '8' (Ent: 1.49)
  ⚠️ [Mismatch] Cycle Back predicted '8' (Expected 'm') (Ent: 1.35)
EMNIST:'n' -> MNIST | Predict: '8' (Ent: 1.67)
  ⚠️ [Mismatch] Cycle Back predicted '8' (Expected 'n') (Ent: 1.35)
EMNIST:'o' -> MNIST | Predict: '8' (Ent: 1.74)
  ⚠️ [Mismatch] Cycle Back predicted '8' (Expected 'o') (Ent: 1.35)
EMNIST:'p' -> MNIST | Predict: '8' (Ent: 1.24)
  ⚠️ [Mismatch] Cycle Back predicted '8' (Expected 'p') (Ent: 1.35)
EMNIST:'q' -> MNIST | Predict: '8' (Ent: 1.20)
  ⚠️ [Mismatch] Cycle Back predicted '8' (Expected 'q') (Ent: 1.35)
EMNIST:'r' -> MNIST | Predict: '8' (Ent: 1.23)
  ⚠️ [Mismatch] Cycle Back predicted '8' (Expected 'r') (Ent: 1.35)
EMNIST:'s' -> MNIST | Predict: '8' (Ent: 1.44)
  ⚠️ [Mismatch] Cycle Back predicted '8' (Expected 's') (Ent: 1.35)
EMNIST:'t' -> MNIST | Predict: '8' (Ent: 1.71)
  ⚠️ [Mismatch] Cycle Back predicted '8' (Expected 't') (Ent: 1.35)
EMNIST:'u' -> MNIST | Predict: '8' (Ent: 1.48)
  ⚠️ [Mismatch] Cycle Back predicted '8' (Expected 'u') (Ent: 1.35)
EMNIST:'v' -> MNIST | Predict: '8' (Ent: 1.67)
  ⚠️ [Mismatch] Cycle Back predicted '8' (Expected 'v') (Ent: 1.35)
EMNIST:'w' -> MNIST | Predict: '8' (Ent: 1.45)
  ⚠️ [Mismatch] Cycle Back predicted '8' (Expected 'w') (Ent: 1.35)
EMNIST:'x' -> MNIST | Predict: '8' (Ent: 1.59)
  ⚠️ [Mismatch] Cycle Back predicted '8' (Expected 'x') (Ent: 1.35)
EMNIST:'y' -> MNIST | Predict: '8' (Ent: 1.58)
  ⚠️ [Mismatch] Cycle Back predicted '8' (Expected 'y') (Ent: 1.35)
EMNIST:'z' -> MNIST | Predict: '8' (Ent: 1.57)
  ⚠️ [Mismatch] Cycle Back predicted '8' (Expected 'z') (Ent: 1.35)
EMNIST:'0' -> CIFAR10 | Predict: 'dog' (Ent: 1.81)
  ⚠️ [Mismatch] Cycle Back predicted '8' (Expected '0') (Ent: 2.58)
EMNIST:'1' -> CIFAR10 | Predict: 'dog' (Ent: 1.76)
  ⚠️ [Mismatch] Cycle Back predicted '8' (Expected '1') (Ent: 2.58)
EMNIST:'2' -> CIFAR10 | Predict: 'airplane' (Ent: 1.82)
  ⚠️ [Mismatch] Cycle Back predicted '8' (Expected '2') (Ent: 2.53)
EMNIST:'3' -> CIFAR10 | Predict: 'ship' (Ent: 1.70)
  ⚠️ [Mismatch] Cycle Back predicted 'E' (Expected '3') (Ent: 2.83)
EMNIST:'4' -> CIFAR10 | Predict: 'dog' (Ent: 1.54)
  ⚠️ [Mismatch] Cycle Back predicted '8' (Expected '4') (Ent: 2.58)
EMNIST:'5' -> CIFAR10 | Predict: 'dog' (Ent: 1.85)
  ⚠️ [Mismatch] Cycle Back predicted '8' (Expected '5') (Ent: 2.58)
EMNIST:'6' -> CIFAR10 | Predict: 'dog' (Ent: 1.73)
  ⚠️ [Mismatch] Cycle Back predicted '8' (Expected '6') (Ent: 2.58)
EMNIST:'7' -> CIFAR10 | Predict: 'dog' (Ent: 1.47)
  ⚠️ [Mismatch] Cycle Back predicted '8' (Expected '7') (Ent: 2.58)
EMNIST:'8' -> CIFAR10 | Predict: 'dog' (Ent: 1.53)
  ✅ [Match] EMNIST:'8' <==> CIFAR10:'dog' (Ent: 2.58)
EMNIST:'9' -> CIFAR10 | Predict: 'dog' (Ent: 1.67)
  ⚠️ [Mismatch] Cycle Back predicted '8' (Expected '9') (Ent: 2.58)
EMNIST:'A' -> CIFAR10 | Predict: 'airplane' (Ent: 1.87)
  ⚠️ [Mismatch] Cycle Back predicted '8' (Expected 'A') (Ent: 2.53)
EMNIST:'B' -> CIFAR10 | Predict: 'ship' (Ent: 1.74)
  ⚠️ [Mismatch] Cycle Back predicted 'E' (Expected 'B') (Ent: 2.83)
EMNIST:'C' -> CIFAR10 | Predict: 'ship' (Ent: 1.52)
  ⚠️ [Mismatch] Cycle Back predicted 'E' (Expected 'C') (Ent: 2.83)
EMNIST:'D' -> CIFAR10 | Predict: 'ship' (Ent: 1.68)
  ⚠️ [Mismatch] Cycle Back predicted 'E' (Expected 'D') (Ent: 2.83)
EMNIST:'E' -> CIFAR10 | Predict: 'cat' (Ent: 1.62)
  ⚠️ [Mismatch] Cycle Back predicted '8' (Expected 'E') (Ent: 2.57)
EMNIST:'F' -> CIFAR10 | Predict: 'cat' (Ent: 1.80)
  ⚠️ [Mismatch] Cycle Back predicted '8' (Expected 'F') (Ent: 2.57)
EMNIST:'G' -> CIFAR10 | Predict: 'ship' (Ent: 1.76)
  ⚠️ [Mismatch] Cycle Back predicted 'E' (Expected 'G') (Ent: 2.83)
EMNIST:'H' -> CIFAR10 | Predict: 'ship' (Ent: 1.67)
  ⚠️ [Mismatch] Cycle Back predicted 'E' (Expected 'H') (Ent: 2.83)
EMNIST:'I' -> CIFAR10 | Predict: 'bird' (Ent: 1.92)
  ⚠️ [Mismatch] Cycle Back predicted '0' (Expected 'I') (Ent: 2.67)
EMNIST:'J' -> CIFAR10 | Predict: 'ship' (Ent: 1.87)
  ⚠️ [Mismatch] Cycle Back predicted 'E' (Expected 'J') (Ent: 2.83)
EMNIST:'K' -> CIFAR10 | Predict: 'ship' (Ent: 1.72)
  ⚠️ [Mismatch] Cycle Back predicted 'E' (Expected 'K') (Ent: 2.83)
EMNIST:'L' -> CIFAR10 | Predict: 'ship' (Ent: 1.84)
  ⚠️ [Mismatch] Cycle Back predicted 'E' (Expected 'L') (Ent: 2.83)
EMNIST:'M' -> CIFAR10 | Predict: 'dog' (Ent: 1.80)
  ⚠️ [Mismatch] Cycle Back predicted '8' (Expected 'M') (Ent: 2.58)
EMNIST:'N' -> CIFAR10 | Predict: 'dog' (Ent: 1.56)
  ⚠️ [Mismatch] Cycle Back predicted '8' (Expected 'N') (Ent: 2.58)
EMNIST:'O' -> CIFAR10 | Predict: 'dog' (Ent: 1.88)
  ⚠️ [Mismatch] Cycle Back predicted '8' (Expected 'O') (Ent: 2.58)
EMNIST:'P' -> CIFAR10 | Predict: 'dog' (Ent: 1.69)
  ⚠️ [Mismatch] Cycle Back predicted '8' (Expected 'P') (Ent: 2.58)
EMNIST:'Q' -> CIFAR10 | Predict: 'dog' (Ent: 1.84)
  ⚠️ [Mismatch] Cycle Back predicted '8' (Expected 'Q') (Ent: 2.58)
EMNIST:'R' -> CIFAR10 | Predict: 'airplane' (Ent: 1.78)
  ⚠️ [Mismatch] Cycle Back predicted '8' (Expected 'R') (Ent: 2.53)
EMNIST:'S' -> CIFAR10 ❌ (Uncertain)
EMNIST:'T' -> CIFAR10 | Predict: 'airplane' (Ent: 1.93)
  ⚠️ [Mismatch] Cycle Back predicted '8' (Expected 'T') (Ent: 2.53)
EMNIST:'U' -> CIFAR10 | Predict: 'ship' (Ent: 1.63)
  ⚠️ [Mismatch] Cycle Back predicted 'E' (Expected 'U') (Ent: 2.83)
EMNIST:'V' -> CIFAR10 | Predict: 'bird' (Ent: 1.34)
  ⚠️ [Mismatch] Cycle Back predicted '0' (Expected 'V') (Ent: 2.67)
EMNIST:'W' -> CIFAR10 | Predict: 'dog' (Ent: 1.42)
  ⚠️ [Mismatch] Cycle Back predicted '8' (Expected 'W') (Ent: 2.58)
EMNIST:'X' -> CIFAR10 | Predict: 'cat' (Ent: 1.60)
  ⚠️ [Mismatch] Cycle Back predicted '8' (Expected 'X') (Ent: 2.57)
EMNIST:'Y' -> CIFAR10 | Predict: 'cat' (Ent: 1.89)
  ⚠️ [Mismatch] Cycle Back predicted '8' (Expected 'Y') (Ent: 2.57)
EMNIST:'Z' -> CIFAR10 | Predict: 'ship' (Ent: 1.91)
  ⚠️ [Mismatch] Cycle Back predicted 'E' (Expected 'Z') (Ent: 2.83)
EMNIST:'a' -> CIFAR10 | Predict: 'airplane' (Ent: 1.87)
  ⚠️ [Mismatch] Cycle Back predicted '8' (Expected 'a') (Ent: 2.53)
EMNIST:'b' -> CIFAR10 | Predict: 'ship' (Ent: 1.74)
  ⚠️ [Mismatch] Cycle Back predicted 'E' (Expected 'b') (Ent: 2.83)
EMNIST:'c' -> CIFAR10 | Predict: 'ship' (Ent: 1.52)
  ⚠️ [Mismatch] Cycle Back predicted 'E' (Expected 'c') (Ent: 2.83)
EMNIST:'d' -> CIFAR10 | Predict: 'ship' (Ent: 1.68)
  ⚠️ [Mismatch] Cycle Back predicted 'E' (Expected 'd') (Ent: 2.83)
EMNIST:'e' -> CIFAR10 | Predict: 'cat' (Ent: 1.62)
  ⚠️ [Mismatch] Cycle Back predicted '8' (Expected 'e') (Ent: 2.57)
EMNIST:'f' -> CIFAR10 | Predict: 'cat' (Ent: 1.80)
  ⚠️ [Mismatch] Cycle Back predicted '8' (Expected 'f') (Ent: 2.57)
EMNIST:'g' -> CIFAR10 | Predict: 'ship' (Ent: 1.76)
  ⚠️ [Mismatch] Cycle Back predicted 'E' (Expected 'g') (Ent: 2.83)
EMNIST:'h' -> CIFAR10 | Predict: 'ship' (Ent: 1.67)
  ⚠️ [Mismatch] Cycle Back predicted 'E' (Expected 'h') (Ent: 2.83)
EMNIST:'i' -> CIFAR10 | Predict: 'bird' (Ent: 1.92)
  ⚠️ [Mismatch] Cycle Back predicted '0' (Expected 'i') (Ent: 2.67)
EMNIST:'j' -> CIFAR10 | Predict: 'ship' (Ent: 1.87)
  ⚠️ [Mismatch] Cycle Back predicted 'E' (Expected 'j') (Ent: 2.83)
EMNIST:'k' -> CIFAR10 | Predict: 'ship' (Ent: 1.72)
  ⚠️ [Mismatch] Cycle Back predicted 'E' (Expected 'k') (Ent: 2.83)
EMNIST:'l' -> CIFAR10 | Predict: 'ship' (Ent: 1.84)
  ⚠️ [Mismatch] Cycle Back predicted 'E' (Expected 'l') (Ent: 2.83)
EMNIST:'m' -> CIFAR10 | Predict: 'dog' (Ent: 1.80)
  ⚠️ [Mismatch] Cycle Back predicted '8' (Expected 'm') (Ent: 2.58)
EMNIST:'n' -> CIFAR10 | Predict: 'dog' (Ent: 1.56)
  ⚠️ [Mismatch] Cycle Back predicted '8' (Expected 'n') (Ent: 2.58)
EMNIST:'o' -> CIFAR10 | Predict: 'dog' (Ent: 1.88)
  ⚠️ [Mismatch] Cycle Back predicted '8' (Expected 'o') (Ent: 2.58)
EMNIST:'p' -> CIFAR10 | Predict: 'dog' (Ent: 1.69)
  ⚠️ [Mismatch] Cycle Back predicted '8' (Expected 'p') (Ent: 2.58)
EMNIST:'q' -> CIFAR10 | Predict: 'dog' (Ent: 1.84)
  ⚠️ [Mismatch] Cycle Back predicted '8' (Expected 'q') (Ent: 2.58)
EMNIST:'r' -> CIFAR10 | Predict: 'airplane' (Ent: 1.78)
  ⚠️ [Mismatch] Cycle Back predicted '8' (Expected 'r') (Ent: 2.53)
EMNIST:'s' -> CIFAR10 ❌ (Uncertain)
EMNIST:'t' -> CIFAR10 | Predict: 'airplane' (Ent: 1.93)
  ⚠️ [Mismatch] Cycle Back predicted '8' (Expected 't') (Ent: 2.53)
EMNIST:'u' -> CIFAR10 | Predict: 'ship' (Ent: 1.63)
  ⚠️ [Mismatch] Cycle Back predicted 'E' (Expected 'u') (Ent: 2.83)
EMNIST:'v' -> CIFAR10 | Predict: 'bird' (Ent: 1.34)
  ⚠️ [Mismatch] Cycle Back predicted '0' (Expected 'v') (Ent: 2.67)
EMNIST:'w' -> CIFAR10 | Predict: 'dog' (Ent: 1.42)
  ⚠️ [Mismatch] Cycle Back predicted '8' (Expected 'w') (Ent: 2.58)
EMNIST:'x' -> CIFAR10 | Predict: 'cat' (Ent: 1.60)
  ⚠️ [Mismatch] Cycle Back predicted '8' (Expected 'x') (Ent: 2.57)
EMNIST:'y' -> CIFAR10 | Predict: 'cat' (Ent: 1.89)
  ⚠️ [Mismatch] Cycle Back predicted '8' (Expected 'y') (Ent: 2.57)
EMNIST:'z' -> CIFAR10 | Predict: 'ship' (Ent: 1.91)
  ⚠️ [Mismatch] Cycle Back predicted 'E' (Expected 'z') (Ent: 2.83)
CIFAR10:'automobile' -> MNIST | Predict: '8' (Ent: 1.62)
  ⚠️ [Mismatch] Cycle Back predicted 'dog' (Expected 'automobile') (Ent: 0.81)
CIFAR10:'bird' -> MNIST | Predict: '8' (Ent: 1.87)
  ⚠️ [Mismatch] Cycle Back predicted 'dog' (Expected 'bird') (Ent: 0.81)
CIFAR10:'deer' -> MNIST | Predict: '8' (Ent: 1.53)
  ⚠️ [Mismatch] Cycle Back predicted 'dog' (Expected 'deer') (Ent: 0.81)
CIFAR10:'frog' -> MNIST | Predict: '8' (Ent: 1.69)
  ⚠️ [Mismatch] Cycle Back predicted 'dog' (Expected 'frog') (Ent: 0.81)
CIFAR10:'horse' -> MNIST | Predict: '8' (Ent: 1.71)
  ⚠️ [Mismatch] Cycle Back predicted 'dog' (Expected 'horse') (Ent: 0.81)
CIFAR10:'truck' -> MNIST | Predict: '8' (Ent: 1.52)
  ⚠️ [Mismatch] Cycle Back predicted 'dog' (Expected 'truck') (Ent: 0.81)
CIFAR10:'automobile' -> EMNIST | Predict: '8' (Ent: 2.71)
  ⚠️ [Mismatch] Cycle Back predicted 'dog' (Expected 'automobile') (Ent: 1.53)
CIFAR10:'deer' -> EMNIST | Predict: '8' (Ent: 2.73)
  ⚠️ [Mismatch] Cycle Back predicted 'dog' (Expected 'deer') (Ent: 1.53)
CIFAR10:'frog' -> EMNIST | Predict: '8' (Ent: 2.59)
  ⚠️ [Mismatch] Cycle Back predicted 'dog' (Expected 'frog') (Ent: 1.53)
CIFAR10:'horse' -> EMNIST | Predict: '0' (Ent: 3.00)
  ⚠️ [Mismatch] Cycle Back predicted 'dog' (Expected 'horse') (Ent: 1.81)
CIFAR10:'truck' -> EMNIST | Predict: '8' (Ent: 2.64)
  ⚠️ [Mismatch] Cycle Back predicted 'dog' (Expected 'truck') (Ent: 1.53)
Exp (Syn): New Gen + Old Ent (0.9)
dynamic_entropy_ratio: 0.9
MNIST:'0' -> EMNIST | Predict: '0' (Ent: 1.87)
  ⚠️ [Mismatch] Cycle Back predicted '8' (Expected '0') (Ent: 1.61)
MNIST:'1' -> EMNIST | Predict: '8' (Ent: 2.90)
  ⚠️ [Mismatch] Cycle Back predicted '8' (Expected '1') (Ent: 0.91)
MNIST:'2' -> EMNIST | Predict: '0' (Ent: 2.57)
  ⚠️ [Mismatch] Cycle Back predicted '8' (Expected '2') (Ent: 1.61)
MNIST:'3' -> EMNIST | Predict: '3' (Ent: 1.83)
  ⚠️ [Mismatch] Cycle Back predicted '8' (Expected '3') (Ent: 1.08)
MNIST:'4' -> EMNIST | Predict: '0' (Ent: 2.80)
  ⚠️ [Mismatch] Cycle Back predicted '8' (Expected '4') (Ent: 1.61)
MNIST:'5' -> EMNIST | Predict: '0' (Ent: 2.55)
  ⚠️ [Mismatch] Cycle Back predicted '8' (Expected '5') (Ent: 1.61)
MNIST:'6' -> EMNIST | Predict: '6' (Ent: 1.99)
  ⚠️ [Mismatch] Cycle Back predicted '8' (Expected '6') (Ent: 1.03)
MNIST:'7' -> EMNIST | Predict: '0' (Ent: 2.86)
  ⚠️ [Mismatch] Cycle Back predicted '8' (Expected '7') (Ent: 1.61)
MNIST:'8' -> EMNIST | Predict: '8' (Ent: 1.35)
  ✅ [Match] MNIST:'8' <==> EMNIST:'8' (Ent: 0.91)
MNIST:'9' -> EMNIST | Predict: '0' (Ent: 2.55)
  ⚠️ [Mismatch] Cycle Back predicted '8' (Expected '9') (Ent: 1.61)
MNIST:'0' -> CIFAR10 | Predict: 'ship' (Ent: 1.62)
  ⚠️ [Mismatch] Cycle Back predicted '8' (Expected '0') (Ent: 1.45)
MNIST:'1' -> CIFAR10 | Predict: 'dog' (Ent: 1.49)
  ⚠️ [Mismatch] Cycle Back predicted '8' (Expected '1') (Ent: 1.77)
MNIST:'2' -> CIFAR10 | Predict: 'airplane' (Ent: 1.65)
  ⚠️ [Mismatch] Cycle Back predicted '8' (Expected '2') (Ent: 1.68)
MNIST:'3' -> CIFAR10 | Predict: 'ship' (Ent: 1.54)
  ⚠️ [Mismatch] Cycle Back predicted '8' (Expected '3') (Ent: 1.45)
MNIST:'4' -> CIFAR10 | Predict: 'airplane' (Ent: 1.77)
  ⚠️ [Mismatch] Cycle Back predicted '8' (Expected '4') (Ent: 1.68)
MNIST:'5' -> CIFAR10 | Predict: 'ship' (Ent: 1.53)
  ⚠️ [Mismatch] Cycle Back predicted '8' (Expected '5') (Ent: 1.45)
MNIST:'6' -> CIFAR10 | Predict: 'dog' (Ent: 1.29)
  ⚠️ [Mismatch] Cycle Back predicted '8' (Expected '6') (Ent: 1.77)
MNIST:'7' -> CIFAR10 | Predict: 'cat' (Ent: 1.65)
  ⚠️ [Mismatch] Cycle Back predicted '8' (Expected '7') (Ent: 1.60)
MNIST:'8' -> CIFAR10 | Predict: 'dog' (Ent: 0.81)
  ✅ [Match] MNIST:'8' <==> CIFAR10:'dog' (Ent: 1.77)
MNIST:'9' -> CIFAR10 | Predict: 'dog' (Ent: 1.81)
  ⚠️ [Mismatch] Cycle Back predicted '8' (Expected '9') (Ent: 1.77)
EMNIST:'1' -> MNIST | Predict: '8' (Ent: 1.58)
  ⚠️ [Mismatch] Cycle Back predicted '8' (Expected '1') (Ent: 1.35)
EMNIST:'2' -> MNIST | Predict: '8' (Ent: 1.30)
  ⚠️ [Mismatch] Cycle Back predicted '8' (Expected '2') (Ent: 1.35)
EMNIST:'4' -> MNIST | Predict: '8' (Ent: 1.63)
  ⚠️ [Mismatch] Cycle Back predicted '8' (Expected '4') (Ent: 1.35)
EMNIST:'5' -> MNIST | Predict: '8' (Ent: 1.14)
  ⚠️ [Mismatch] Cycle Back predicted '8' (Expected '5') (Ent: 1.35)
EMNIST:'7' -> MNIST | Predict: '8' (Ent: 1.29)
  ⚠️ [Mismatch] Cycle Back predicted '8' (Expected '7') (Ent: 1.35)
EMNIST:'9' -> MNIST | Predict: '8' (Ent: 1.16)
  ⚠️ [Mismatch] Cycle Back predicted '8' (Expected '9') (Ent: 1.35)
EMNIST:'A' -> MNIST | Predict: '8' (Ent: 1.54)
  ⚠️ [Mismatch] Cycle Back predicted '8' (Expected 'A') (Ent: 1.35)
EMNIST:'B' -> MNIST | Predict: '8' (Ent: 1.60)
  ⚠️ [Mismatch] Cycle Back predicted '8' (Expected 'B') (Ent: 1.35)
EMNIST:'C' -> MNIST | Predict: '8' (Ent: 1.22)
  ⚠️ [Mismatch] Cycle Back predicted '8' (Expected 'C') (Ent: 1.35)
EMNIST:'D' -> MNIST | Predict: '8' (Ent: 1.64)
  ⚠️ [Mismatch] Cycle Back predicted '8' (Expected 'D') (Ent: 1.35)
EMNIST:'E' -> MNIST | Predict: '8' (Ent: 1.55)
  ⚠️ [Mismatch] Cycle Back predicted '8' (Expected 'E') (Ent: 1.35)
EMNIST:'F' -> MNIST | Predict: '8' (Ent: 1.52)
  ⚠️ [Mismatch] Cycle Back predicted '8' (Expected 'F') (Ent: 1.35)
EMNIST:'G' -> MNIST | Predict: '8' (Ent: 1.33)
  ⚠️ [Mismatch] Cycle Back predicted '8' (Expected 'G') (Ent: 1.35)
EMNIST:'H' -> MNIST | Predict: '8' (Ent: 1.64)
  ⚠️ [Mismatch] Cycle Back predicted '8' (Expected 'H') (Ent: 1.35)
EMNIST:'I' -> MNIST | Predict: '8' (Ent: 1.63)
  ⚠️ [Mismatch] Cycle Back predicted '8' (Expected 'I') (Ent: 1.35)
EMNIST:'J' -> MNIST | Predict: '8' (Ent: 1.30)
  ⚠️ [Mismatch] Cycle Back predicted '8' (Expected 'J') (Ent: 1.35)
EMNIST:'K' -> MNIST | Predict: '8' (Ent: 1.22)
  ⚠️ [Mismatch] Cycle Back predicted '8' (Expected 'K') (Ent: 1.35)
EMNIST:'L' -> MNIST | Predict: '8' (Ent: 1.46)
  ⚠️ [Mismatch] Cycle Back predicted '8' (Expected 'L') (Ent: 1.35)
EMNIST:'M' -> MNIST | Predict: '8' (Ent: 1.49)
  ⚠️ [Mismatch] Cycle Back predicted '8' (Expected 'M') (Ent: 1.35)
EMNIST:'N' -> MNIST | Predict: '8' (Ent: 1.67)
  ⚠️ [Mismatch] Cycle Back predicted '8' (Expected 'N') (Ent: 1.35)
EMNIST:'O' -> MNIST | Predict: '8' (Ent: 1.74)
  ⚠️ [Mismatch] Cycle Back predicted '8' (Expected 'O') (Ent: 1.35)
EMNIST:'P' -> MNIST | Predict: '8' (Ent: 1.24)
  ⚠️ [Mismatch] Cycle Back predicted '8' (Expected 'P') (Ent: 1.35)
EMNIST:'Q' -> MNIST | Predict: '8' (Ent: 1.20)
  ⚠️ [Mismatch] Cycle Back predicted '8' (Expected 'Q') (Ent: 1.35)
EMNIST:'R' -> MNIST | Predict: '8' (Ent: 1.23)
  ⚠️ [Mismatch] Cycle Back predicted '8' (Expected 'R') (Ent: 1.35)
EMNIST:'S' -> MNIST | Predict: '8' (Ent: 1.44)
  ⚠️ [Mismatch] Cycle Back predicted '8' (Expected 'S') (Ent: 1.35)
EMNIST:'T' -> MNIST | Predict: '8' (Ent: 1.71)
  ⚠️ [Mismatch] Cycle Back predicted '8' (Expected 'T') (Ent: 1.35)
EMNIST:'U' -> MNIST | Predict: '8' (Ent: 1.48)
  ⚠️ [Mismatch] Cycle Back predicted '8' (Expected 'U') (Ent: 1.35)
EMNIST:'V' -> MNIST | Predict: '8' (Ent: 1.67)
  ⚠️ [Mismatch] Cycle Back predicted '8' (Expected 'V') (Ent: 1.35)
EMNIST:'W' -> MNIST | Predict: '8' (Ent: 1.45)
  ⚠️ [Mismatch] Cycle Back predicted '8' (Expected 'W') (Ent: 1.35)
EMNIST:'X' -> MNIST | Predict: '8' (Ent: 1.59)
  ⚠️ [Mismatch] Cycle Back predicted '8' (Expected 'X') (Ent: 1.35)
EMNIST:'Y' -> MNIST | Predict: '8' (Ent: 1.58)
  ⚠️ [Mismatch] Cycle Back predicted '8' (Expected 'Y') (Ent: 1.35)
EMNIST:'Z' -> MNIST | Predict: '8' (Ent: 1.57)
  ⚠️ [Mismatch] Cycle Back predicted '8' (Expected 'Z') (Ent: 1.35)
EMNIST:'a' -> MNIST | Predict: '8' (Ent: 1.54)
  ⚠️ [Mismatch] Cycle Back predicted '8' (Expected 'a') (Ent: 1.35)
EMNIST:'b' -> MNIST | Predict: '8' (Ent: 1.60)
  ⚠️ [Mismatch] Cycle Back predicted '8' (Expected 'b') (Ent: 1.35)
EMNIST:'c' -> MNIST | Predict: '8' (Ent: 1.22)
  ⚠️ [Mismatch] Cycle Back predicted '8' (Expected 'c') (Ent: 1.35)
EMNIST:'d' -> MNIST | Predict: '8' (Ent: 1.64)
  ⚠️ [Mismatch] Cycle Back predicted '8' (Expected 'd') (Ent: 1.35)
EMNIST:'e' -> MNIST | Predict: '8' (Ent: 1.55)
  ⚠️ [Mismatch] Cycle Back predicted '8' (Expected 'e') (Ent: 1.35)
EMNIST:'f' -> MNIST | Predict: '8' (Ent: 1.52)
  ⚠️ [Mismatch] Cycle Back predicted '8' (Expected 'f') (Ent: 1.35)
EMNIST:'g' -> MNIST | Predict: '8' (Ent: 1.33)
  ⚠️ [Mismatch] Cycle Back predicted '8' (Expected 'g') (Ent: 1.35)
EMNIST:'h' -> MNIST | Predict: '8' (Ent: 1.64)
  ⚠️ [Mismatch] Cycle Back predicted '8' (Expected 'h') (Ent: 1.35)
EMNIST:'i' -> MNIST | Predict: '8' (Ent: 1.63)
  ⚠️ [Mismatch] Cycle Back predicted '8' (Expected 'i') (Ent: 1.35)
EMNIST:'j' -> MNIST | Predict: '8' (Ent: 1.30)
  ⚠️ [Mismatch] Cycle Back predicted '8' (Expected 'j') (Ent: 1.35)
EMNIST:'k' -> MNIST | Predict: '8' (Ent: 1.22)
  ⚠️ [Mismatch] Cycle Back predicted '8' (Expected 'k') (Ent: 1.35)
EMNIST:'l' -> MNIST | Predict: '8' (Ent: 1.46)
  ⚠️ [Mismatch] Cycle Back predicted '8' (Expected 'l') (Ent: 1.35)
EMNIST:'m' -> MNIST | Predict: '8' (Ent: 1.49)
  ⚠️ [Mismatch] Cycle Back predicted '8' (Expected 'm') (Ent: 1.35)
EMNIST:'n' -> MNIST | Predict: '8' (Ent: 1.67)
  ⚠️ [Mismatch] Cycle Back predicted '8' (Expected 'n') (Ent: 1.35)
EMNIST:'o' -> MNIST | Predict: '8' (Ent: 1.74)
  ⚠️ [Mismatch] Cycle Back predicted '8' (Expected 'o') (Ent: 1.35)
EMNIST:'p' -> MNIST | Predict: '8' (Ent: 1.24)
  ⚠️ [Mismatch] Cycle Back predicted '8' (Expected 'p') (Ent: 1.35)
EMNIST:'q' -> MNIST | Predict: '8' (Ent: 1.20)
  ⚠️ [Mismatch] Cycle Back predicted '8' (Expected 'q') (Ent: 1.35)
EMNIST:'r' -> MNIST | Predict: '8' (Ent: 1.23)
  ⚠️ [Mismatch] Cycle Back predicted '8' (Expected 'r') (Ent: 1.35)
EMNIST:'s' -> MNIST | Predict: '8' (Ent: 1.44)
  ⚠️ [Mismatch] Cycle Back predicted '8' (Expected 's') (Ent: 1.35)
EMNIST:'t' -> MNIST | Predict: '8' (Ent: 1.71)
  ⚠️ [Mismatch] Cycle Back predicted '8' (Expected 't') (Ent: 1.35)
EMNIST:'u' -> MNIST | Predict: '8' (Ent: 1.48)
  ⚠️ [Mismatch] Cycle Back predicted '8' (Expected 'u') (Ent: 1.35)
EMNIST:'v' -> MNIST | Predict: '8' (Ent: 1.67)
  ⚠️ [Mismatch] Cycle Back predicted '8' (Expected 'v') (Ent: 1.35)
EMNIST:'w' -> MNIST | Predict: '8' (Ent: 1.45)
  ⚠️ [Mismatch] Cycle Back predicted '8' (Expected 'w') (Ent: 1.35)
EMNIST:'x' -> MNIST | Predict: '8' (Ent: 1.59)
  ⚠️ [Mismatch] Cycle Back predicted '8' (Expected 'x') (Ent: 1.35)
EMNIST:'y' -> MNIST | Predict: '8' (Ent: 1.58)
  ⚠️ [Mismatch] Cycle Back predicted '8' (Expected 'y') (Ent: 1.35)
EMNIST:'z' -> MNIST | Predict: '8' (Ent: 1.57)
  ⚠️ [Mismatch] Cycle Back predicted '8' (Expected 'z') (Ent: 1.35)
EMNIST:'0' -> CIFAR10 | Predict: 'dog' (Ent: 1.81)
  ⚠️ [Mismatch] Cycle Back predicted '8' (Expected '0') (Ent: 2.58)
EMNIST:'1' -> CIFAR10 | Predict: 'dog' (Ent: 1.76)
  ⚠️ [Mismatch] Cycle Back predicted '8' (Expected '1') (Ent: 2.58)
EMNIST:'2' -> CIFAR10 | Predict: 'airplane' (Ent: 1.82)
  ⚠️ [Mismatch] Cycle Back predicted '8' (Expected '2') (Ent: 2.53)
EMNIST:'3' -> CIFAR10 | Predict: 'ship' (Ent: 1.70)
  ⚠️ [Mismatch] Cycle Back predicted 'E' (Expected '3') (Ent: 2.83)
EMNIST:'4' -> CIFAR10 | Predict: 'dog' (Ent: 1.54)
  ⚠️ [Mismatch] Cycle Back predicted '8' (Expected '4') (Ent: 2.58)
EMNIST:'5' -> CIFAR10 | Predict: 'dog' (Ent: 1.85)
  ⚠️ [Mismatch] Cycle Back predicted '8' (Expected '5') (Ent: 2.58)
EMNIST:'6' -> CIFAR10 | Predict: 'dog' (Ent: 1.73)
  ⚠️ [Mismatch] Cycle Back predicted '8' (Expected '6') (Ent: 2.58)
EMNIST:'7' -> CIFAR10 | Predict: 'dog' (Ent: 1.47)
  ⚠️ [Mismatch] Cycle Back predicted '8' (Expected '7') (Ent: 2.58)
EMNIST:'8' -> CIFAR10 | Predict: 'dog' (Ent: 1.53)
  ✅ [Match] EMNIST:'8' <==> CIFAR10:'dog' (Ent: 2.58)
EMNIST:'9' -> CIFAR10 | Predict: 'dog' (Ent: 1.67)
  ⚠️ [Mismatch] Cycle Back predicted '8' (Expected '9') (Ent: 2.58)
EMNIST:'A' -> CIFAR10 | Predict: 'airplane' (Ent: 1.87)
  ⚠️ [Mismatch] Cycle Back predicted '8' (Expected 'A') (Ent: 2.53)
EMNIST:'B' -> CIFAR10 | Predict: 'ship' (Ent: 1.74)
  ⚠️ [Mismatch] Cycle Back predicted 'E' (Expected 'B') (Ent: 2.83)
EMNIST:'C' -> CIFAR10 | Predict: 'ship' (Ent: 1.52)
  ⚠️ [Mismatch] Cycle Back predicted 'E' (Expected 'C') (Ent: 2.83)
EMNIST:'D' -> CIFAR10 | Predict: 'ship' (Ent: 1.68)
  ⚠️ [Mismatch] Cycle Back predicted 'E' (Expected 'D') (Ent: 2.83)
EMNIST:'E' -> CIFAR10 | Predict: 'cat' (Ent: 1.62)
  ⚠️ [Mismatch] Cycle Back predicted '8' (Expected 'E') (Ent: 2.57)
EMNIST:'F' -> CIFAR10 | Predict: 'cat' (Ent: 1.80)
  ⚠️ [Mismatch] Cycle Back predicted '8' (Expected 'F') (Ent: 2.57)
EMNIST:'G' -> CIFAR10 | Predict: 'ship' (Ent: 1.76)
  ⚠️ [Mismatch] Cycle Back predicted 'E' (Expected 'G') (Ent: 2.83)
EMNIST:'H' -> CIFAR10 | Predict: 'ship' (Ent: 1.67)
  ⚠️ [Mismatch] Cycle Back predicted 'E' (Expected 'H') (Ent: 2.83)
EMNIST:'I' -> CIFAR10 | Predict: 'bird' (Ent: 1.92)
  ⚠️ [Mismatch] Cycle Back predicted '0' (Expected 'I') (Ent: 2.67)
EMNIST:'J' -> CIFAR10 | Predict: 'ship' (Ent: 1.87)
  ⚠️ [Mismatch] Cycle Back predicted 'E' (Expected 'J') (Ent: 2.83)
EMNIST:'K' -> CIFAR10 | Predict: 'ship' (Ent: 1.72)
  ⚠️ [Mismatch] Cycle Back predicted 'E' (Expected 'K') (Ent: 2.83)
EMNIST:'L' -> CIFAR10 | Predict: 'ship' (Ent: 1.84)
  ⚠️ [Mismatch] Cycle Back predicted 'E' (Expected 'L') (Ent: 2.83)
EMNIST:'M' -> CIFAR10 | Predict: 'dog' (Ent: 1.80)
  ⚠️ [Mismatch] Cycle Back predicted '8' (Expected 'M') (Ent: 2.58)
EMNIST:'N' -> CIFAR10 | Predict: 'dog' (Ent: 1.56)
  ⚠️ [Mismatch] Cycle Back predicted '8' (Expected 'N') (Ent: 2.58)
EMNIST:'O' -> CIFAR10 | Predict: 'dog' (Ent: 1.88)
  ⚠️ [Mismatch] Cycle Back predicted '8' (Expected 'O') (Ent: 2.58)
EMNIST:'P' -> CIFAR10 | Predict: 'dog' (Ent: 1.69)
  ⚠️ [Mismatch] Cycle Back predicted '8' (Expected 'P') (Ent: 2.58)
EMNIST:'Q' -> CIFAR10 | Predict: 'dog' (Ent: 1.84)
  ⚠️ [Mismatch] Cycle Back predicted '8' (Expected 'Q') (Ent: 2.58)
EMNIST:'R' -> CIFAR10 | Predict: 'airplane' (Ent: 1.78)
  ⚠️ [Mismatch] Cycle Back predicted '8' (Expected 'R') (Ent: 2.53)
EMNIST:'S' -> CIFAR10 | Predict: 'ship' (Ent: 1.97)
  ⚠️ [Mismatch] Cycle Back predicted 'E' (Expected 'S') (Ent: 2.83)
EMNIST:'T' -> CIFAR10 | Predict: 'airplane' (Ent: 1.93)
  ⚠️ [Mismatch] Cycle Back predicted '8' (Expected 'T') (Ent: 2.53)
EMNIST:'U' -> CIFAR10 | Predict: 'ship' (Ent: 1.63)
  ⚠️ [Mismatch] Cycle Back predicted 'E' (Expected 'U') (Ent: 2.83)
EMNIST:'V' -> CIFAR10 | Predict: 'bird' (Ent: 1.34)
  ⚠️ [Mismatch] Cycle Back predicted '0' (Expected 'V') (Ent: 2.67)
EMNIST:'W' -> CIFAR10 | Predict: 'dog' (Ent: 1.42)
  ⚠️ [Mismatch] Cycle Back predicted '8' (Expected 'W') (Ent: 2.58)
EMNIST:'X' -> CIFAR10 | Predict: 'cat' (Ent: 1.60)
  ⚠️ [Mismatch] Cycle Back predicted '8' (Expected 'X') (Ent: 2.57)
EMNIST:'Y' -> CIFAR10 | Predict: 'cat' (Ent: 1.89)
  ⚠️ [Mismatch] Cycle Back predicted '8' (Expected 'Y') (Ent: 2.57)
EMNIST:'Z' -> CIFAR10 | Predict: 'ship' (Ent: 1.91)
  ⚠️ [Mismatch] Cycle Back predicted 'E' (Expected 'Z') (Ent: 2.83)
EMNIST:'a' -> CIFAR10 | Predict: 'airplane' (Ent: 1.87)
  ⚠️ [Mismatch] Cycle Back predicted '8' (Expected 'a') (Ent: 2.53)
EMNIST:'b' -> CIFAR10 | Predict: 'ship' (Ent: 1.74)
  ⚠️ [Mismatch] Cycle Back predicted 'E' (Expected 'b') (Ent: 2.83)
EMNIST:'c' -> CIFAR10 | Predict: 'ship' (Ent: 1.52)
  ⚠️ [Mismatch] Cycle Back predicted 'E' (Expected 'c') (Ent: 2.83)
EMNIST:'d' -> CIFAR10 | Predict: 'ship' (Ent: 1.68)
  ⚠️ [Mismatch] Cycle Back predicted 'E' (Expected 'd') (Ent: 2.83)
EMNIST:'e' -> CIFAR10 | Predict: 'cat' (Ent: 1.62)
  ⚠️ [Mismatch] Cycle Back predicted '8' (Expected 'e') (Ent: 2.57)
EMNIST:'f' -> CIFAR10 | Predict: 'cat' (Ent: 1.80)
  ⚠️ [Mismatch] Cycle Back predicted '8' (Expected 'f') (Ent: 2.57)
EMNIST:'g' -> CIFAR10 | Predict: 'ship' (Ent: 1.76)
  ⚠️ [Mismatch] Cycle Back predicted 'E' (Expected 'g') (Ent: 2.83)
EMNIST:'h' -> CIFAR10 | Predict: 'ship' (Ent: 1.67)
  ⚠️ [Mismatch] Cycle Back predicted 'E' (Expected 'h') (Ent: 2.83)
EMNIST:'i' -> CIFAR10 | Predict: 'bird' (Ent: 1.92)
  ⚠️ [Mismatch] Cycle Back predicted '0' (Expected 'i') (Ent: 2.67)
EMNIST:'j' -> CIFAR10 | Predict: 'ship' (Ent: 1.87)
  ⚠️ [Mismatch] Cycle Back predicted 'E' (Expected 'j') (Ent: 2.83)
EMNIST:'k' -> CIFAR10 | Predict: 'ship' (Ent: 1.72)
  ⚠️ [Mismatch] Cycle Back predicted 'E' (Expected 'k') (Ent: 2.83)
EMNIST:'l' -> CIFAR10 | Predict: 'ship' (Ent: 1.84)
  ⚠️ [Mismatch] Cycle Back predicted 'E' (Expected 'l') (Ent: 2.83)
EMNIST:'m' -> CIFAR10 | Predict: 'dog' (Ent: 1.80)
  ⚠️ [Mismatch] Cycle Back predicted '8' (Expected 'm') (Ent: 2.58)
EMNIST:'n' -> CIFAR10 | Predict: 'dog' (Ent: 1.56)
  ⚠️ [Mismatch] Cycle Back predicted '8' (Expected 'n') (Ent: 2.58)
EMNIST:'o' -> CIFAR10 | Predict: 'dog' (Ent: 1.88)
  ⚠️ [Mismatch] Cycle Back predicted '8' (Expected 'o') (Ent: 2.58)
EMNIST:'p' -> CIFAR10 | Predict: 'dog' (Ent: 1.69)
  ⚠️ [Mismatch] Cycle Back predicted '8' (Expected 'p') (Ent: 2.58)
EMNIST:'q' -> CIFAR10 | Predict: 'dog' (Ent: 1.84)
  ⚠️ [Mismatch] Cycle Back predicted '8' (Expected 'q') (Ent: 2.58)
EMNIST:'r' -> CIFAR10 | Predict: 'airplane' (Ent: 1.78)
  ⚠️ [Mismatch] Cycle Back predicted '8' (Expected 'r') (Ent: 2.53)
EMNIST:'s' -> CIFAR10 | Predict: 'ship' (Ent: 1.97)
  ⚠️ [Mismatch] Cycle Back predicted 'E' (Expected 's') (Ent: 2.83)
EMNIST:'t' -> CIFAR10 | Predict: 'airplane' (Ent: 1.93)
  ⚠️ [Mismatch] Cycle Back predicted '8' (Expected 't') (Ent: 2.53)
EMNIST:'u' -> CIFAR10 | Predict: 'ship' (Ent: 1.63)
  ⚠️ [Mismatch] Cycle Back predicted 'E' (Expected 'u') (Ent: 2.83)
EMNIST:'v' -> CIFAR10 | Predict: 'bird' (Ent: 1.34)
  ⚠️ [Mismatch] Cycle Back predicted '0' (Expected 'v') (Ent: 2.67)
EMNIST:'w' -> CIFAR10 | Predict: 'dog' (Ent: 1.42)
  ⚠️ [Mismatch] Cycle Back predicted '8' (Expected 'w') (Ent: 2.58)
EMNIST:'x' -> CIFAR10 | Predict: 'cat' (Ent: 1.60)
  ⚠️ [Mismatch] Cycle Back predicted '8' (Expected 'x') (Ent: 2.57)
EMNIST:'y' -> CIFAR10 | Predict: 'cat' (Ent: 1.89)
  ⚠️ [Mismatch] Cycle Back predicted '8' (Expected 'y') (Ent: 2.57)
EMNIST:'z' -> CIFAR10 | Predict: 'ship' (Ent: 1.91)
  ⚠️ [Mismatch] Cycle Back predicted 'E' (Expected 'z') (Ent: 2.83)
CIFAR10:'automobile' -> MNIST | Predict: '8' (Ent: 1.62)
  ⚠️ [Mismatch] Cycle Back predicted 'dog' (Expected 'automobile') (Ent: 0.81)
CIFAR10:'bird' -> MNIST | Predict: '8' (Ent: 1.87)
  ⚠️ [Mismatch] Cycle Back predicted 'dog' (Expected 'bird') (Ent: 0.81)
CIFAR10:'deer' -> MNIST | Predict: '8' (Ent: 1.53)
  ⚠️ [Mismatch] Cycle Back predicted 'dog' (Expected 'deer') (Ent: 0.81)
CIFAR10:'frog' -> MNIST | Predict: '8' (Ent: 1.69)
  ⚠️ [Mismatch] Cycle Back predicted 'dog' (Expected 'frog') (Ent: 0.81)
CIFAR10:'horse' -> MNIST | Predict: '8' (Ent: 1.71)
  ⚠️ [Mismatch] Cycle Back predicted 'dog' (Expected 'horse') (Ent: 0.81)
CIFAR10:'truck' -> MNIST | Predict: '8' (Ent: 1.52)
  ⚠️ [Mismatch] Cycle Back predicted 'dog' (Expected 'truck') (Ent: 0.81)
CIFAR10:'automobile' -> EMNIST | Predict: '8' (Ent: 2.71)
  ⚠️ [Mismatch] Cycle Back predicted 'dog' (Expected 'automobile') (Ent: 1.53)
CIFAR10:'deer' -> EMNIST | Predict: '8' (Ent: 2.73)
  ⚠️ [Mismatch] Cycle Back predicted 'dog' (Expected 'deer') (Ent: 1.53)
CIFAR10:'frog' -> EMNIST | Predict: '8' (Ent: 2.59)
  ⚠️ [Mismatch] Cycle Back predicted 'dog' (Expected 'frog') (Ent: 1.53)
CIFAR10:'horse' -> EMNIST | Predict: '0' (Ent: 3.00)
  ⚠️ [Mismatch] Cycle Back predicted 'dog' (Expected 'horse') (Ent: 1.81)
CIFAR10:'truck' -> EMNIST | Predict: '8' (Ent: 2.64)
  ⚠️ [Mismatch] Cycle Back predicted 'dog' (Expected 'truck') (Ent: 1.53)
Exp (Syn): New Gen + Old Ent (0.95)
dynamic_entropy_ratio: 0.95
MNIST:'0' -> EMNIST | Predict: '0' (Ent: 1.87)
  ⚠️ [Mismatch] Cycle Back predicted '8' (Expected '0') (Ent: 1.61)
MNIST:'1' -> EMNIST | Predict: '8' (Ent: 2.90)
  ⚠️ [Mismatch] Cycle Back predicted '8' (Expected '1') (Ent: 0.91)
MNIST:'2' -> EMNIST | Predict: '0' (Ent: 2.57)
  ⚠️ [Mismatch] Cycle Back predicted '8' (Expected '2') (Ent: 1.61)
MNIST:'3' -> EMNIST | Predict: '3' (Ent: 1.83)
  ⚠️ [Mismatch] Cycle Back predicted '8' (Expected '3') (Ent: 1.08)
MNIST:'4' -> EMNIST | Predict: '0' (Ent: 2.80)
  ⚠️ [Mismatch] Cycle Back predicted '8' (Expected '4') (Ent: 1.61)
MNIST:'5' -> EMNIST | Predict: '0' (Ent: 2.55)
  ⚠️ [Mismatch] Cycle Back predicted '8' (Expected '5') (Ent: 1.61)
MNIST:'6' -> EMNIST | Predict: '6' (Ent: 1.99)
  ⚠️ [Mismatch] Cycle Back predicted '8' (Expected '6') (Ent: 1.03)
MNIST:'7' -> EMNIST | Predict: '0' (Ent: 2.86)
  ⚠️ [Mismatch] Cycle Back predicted '8' (Expected '7') (Ent: 1.61)
MNIST:'8' -> EMNIST | Predict: '8' (Ent: 1.35)
  ✅ [Match] MNIST:'8' <==> EMNIST:'8' (Ent: 0.91)
MNIST:'9' -> EMNIST | Predict: '0' (Ent: 2.55)
  ⚠️ [Mismatch] Cycle Back predicted '8' (Expected '9') (Ent: 1.61)
MNIST:'0' -> CIFAR10 | Predict: 'ship' (Ent: 1.62)
  ⚠️ [Mismatch] Cycle Back predicted '8' (Expected '0') (Ent: 1.45)
MNIST:'1' -> CIFAR10 | Predict: 'dog' (Ent: 1.49)
  ⚠️ [Mismatch] Cycle Back predicted '8' (Expected '1') (Ent: 1.77)
MNIST:'2' -> CIFAR10 | Predict: 'airplane' (Ent: 1.65)
  ⚠️ [Mismatch] Cycle Back predicted '8' (Expected '2') (Ent: 1.68)
MNIST:'3' -> CIFAR10 | Predict: 'ship' (Ent: 1.54)
  ⚠️ [Mismatch] Cycle Back predicted '8' (Expected '3') (Ent: 1.45)
MNIST:'4' -> CIFAR10 | Predict: 'airplane' (Ent: 1.77)
  ⚠️ [Mismatch] Cycle Back predicted '8' (Expected '4') (Ent: 1.68)
MNIST:'5' -> CIFAR10 | Predict: 'ship' (Ent: 1.53)
  ⚠️ [Mismatch] Cycle Back predicted '8' (Expected '5') (Ent: 1.45)
MNIST:'6' -> CIFAR10 | Predict: 'dog' (Ent: 1.29)
  ⚠️ [Mismatch] Cycle Back predicted '8' (Expected '6') (Ent: 1.77)
MNIST:'7' -> CIFAR10 | Predict: 'cat' (Ent: 1.65)
  ⚠️ [Mismatch] Cycle Back predicted '8' (Expected '7') (Ent: 1.60)
MNIST:'8' -> CIFAR10 | Predict: 'dog' (Ent: 0.81)
  ✅ [Match] MNIST:'8' <==> CIFAR10:'dog' (Ent: 1.77)
MNIST:'9' -> CIFAR10 | Predict: 'dog' (Ent: 1.81)
  ⚠️ [Mismatch] Cycle Back predicted '8' (Expected '9') (Ent: 1.77)
EMNIST:'1' -> MNIST | Predict: '8' (Ent: 1.58)
  ⚠️ [Mismatch] Cycle Back predicted '8' (Expected '1') (Ent: 1.35)
EMNIST:'2' -> MNIST | Predict: '8' (Ent: 1.30)
  ⚠️ [Mismatch] Cycle Back predicted '8' (Expected '2') (Ent: 1.35)
EMNIST:'4' -> MNIST | Predict: '8' (Ent: 1.63)
  ⚠️ [Mismatch] Cycle Back predicted '8' (Expected '4') (Ent: 1.35)
EMNIST:'5' -> MNIST | Predict: '8' (Ent: 1.14)
  ⚠️ [Mismatch] Cycle Back predicted '8' (Expected '5') (Ent: 1.35)
EMNIST:'7' -> MNIST | Predict: '8' (Ent: 1.29)
  ⚠️ [Mismatch] Cycle Back predicted '8' (Expected '7') (Ent: 1.35)
EMNIST:'9' -> MNIST | Predict: '8' (Ent: 1.16)
  ⚠️ [Mismatch] Cycle Back predicted '8' (Expected '9') (Ent: 1.35)
EMNIST:'A' -> MNIST | Predict: '8' (Ent: 1.54)
  ⚠️ [Mismatch] Cycle Back predicted '8' (Expected 'A') (Ent: 1.35)
EMNIST:'B' -> MNIST | Predict: '8' (Ent: 1.60)
  ⚠️ [Mismatch] Cycle Back predicted '8' (Expected 'B') (Ent: 1.35)
EMNIST:'C' -> MNIST | Predict: '8' (Ent: 1.22)
  ⚠️ [Mismatch] Cycle Back predicted '8' (Expected 'C') (Ent: 1.35)
EMNIST:'D' -> MNIST | Predict: '8' (Ent: 1.64)
  ⚠️ [Mismatch] Cycle Back predicted '8' (Expected 'D') (Ent: 1.35)
EMNIST:'E' -> MNIST | Predict: '8' (Ent: 1.55)
  ⚠️ [Mismatch] Cycle Back predicted '8' (Expected 'E') (Ent: 1.35)
EMNIST:'F' -> MNIST | Predict: '8' (Ent: 1.52)
  ⚠️ [Mismatch] Cycle Back predicted '8' (Expected 'F') (Ent: 1.35)
EMNIST:'G' -> MNIST | Predict: '8' (Ent: 1.33)
  ⚠️ [Mismatch] Cycle Back predicted '8' (Expected 'G') (Ent: 1.35)
EMNIST:'H' -> MNIST | Predict: '8' (Ent: 1.64)
  ⚠️ [Mismatch] Cycle Back predicted '8' (Expected 'H') (Ent: 1.35)
EMNIST:'I' -> MNIST | Predict: '8' (Ent: 1.63)
  ⚠️ [Mismatch] Cycle Back predicted '8' (Expected 'I') (Ent: 1.35)
EMNIST:'J' -> MNIST | Predict: '8' (Ent: 1.30)
  ⚠️ [Mismatch] Cycle Back predicted '8' (Expected 'J') (Ent: 1.35)
EMNIST:'K' -> MNIST | Predict: '8' (Ent: 1.22)
  ⚠️ [Mismatch] Cycle Back predicted '8' (Expected 'K') (Ent: 1.35)
EMNIST:'L' -> MNIST | Predict: '8' (Ent: 1.46)
  ⚠️ [Mismatch] Cycle Back predicted '8' (Expected 'L') (Ent: 1.35)
EMNIST:'M' -> MNIST | Predict: '8' (Ent: 1.49)
  ⚠️ [Mismatch] Cycle Back predicted '8' (Expected 'M') (Ent: 1.35)
EMNIST:'N' -> MNIST | Predict: '8' (Ent: 1.67)
  ⚠️ [Mismatch] Cycle Back predicted '8' (Expected 'N') (Ent: 1.35)
EMNIST:'O' -> MNIST | Predict: '8' (Ent: 1.74)
  ⚠️ [Mismatch] Cycle Back predicted '8' (Expected 'O') (Ent: 1.35)
EMNIST:'P' -> MNIST | Predict: '8' (Ent: 1.24)
  ⚠️ [Mismatch] Cycle Back predicted '8' (Expected 'P') (Ent: 1.35)
EMNIST:'Q' -> MNIST | Predict: '8' (Ent: 1.20)
  ⚠️ [Mismatch] Cycle Back predicted '8' (Expected 'Q') (Ent: 1.35)
EMNIST:'R' -> MNIST | Predict: '8' (Ent: 1.23)
  ⚠️ [Mismatch] Cycle Back predicted '8' (Expected 'R') (Ent: 1.35)
EMNIST:'S' -> MNIST | Predict: '8' (Ent: 1.44)
  ⚠️ [Mismatch] Cycle Back predicted '8' (Expected 'S') (Ent: 1.35)
EMNIST:'T' -> MNIST | Predict: '8' (Ent: 1.71)
  ⚠️ [Mismatch] Cycle Back predicted '8' (Expected 'T') (Ent: 1.35)
EMNIST:'U' -> MNIST | Predict: '8' (Ent: 1.48)
  ⚠️ [Mismatch] Cycle Back predicted '8' (Expected 'U') (Ent: 1.35)
EMNIST:'V' -> MNIST | Predict: '8' (Ent: 1.67)
  ⚠️ [Mismatch] Cycle Back predicted '8' (Expected 'V') (Ent: 1.35)
EMNIST:'W' -> MNIST | Predict: '8' (Ent: 1.45)
  ⚠️ [Mismatch] Cycle Back predicted '8' (Expected 'W') (Ent: 1.35)
EMNIST:'X' -> MNIST | Predict: '8' (Ent: 1.59)
  ⚠️ [Mismatch] Cycle Back predicted '8' (Expected 'X') (Ent: 1.35)
EMNIST:'Y' -> MNIST | Predict: '8' (Ent: 1.58)
  ⚠️ [Mismatch] Cycle Back predicted '8' (Expected 'Y') (Ent: 1.35)
EMNIST:'Z' -> MNIST | Predict: '8' (Ent: 1.57)
  ⚠️ [Mismatch] Cycle Back predicted '8' (Expected 'Z') (Ent: 1.35)
EMNIST:'a' -> MNIST | Predict: '8' (Ent: 1.54)
  ⚠️ [Mismatch] Cycle Back predicted '8' (Expected 'a') (Ent: 1.35)
EMNIST:'b' -> MNIST | Predict: '8' (Ent: 1.60)
  ⚠️ [Mismatch] Cycle Back predicted '8' (Expected 'b') (Ent: 1.35)
EMNIST:'c' -> MNIST | Predict: '8' (Ent: 1.22)
  ⚠️ [Mismatch] Cycle Back predicted '8' (Expected 'c') (Ent: 1.35)
EMNIST:'d' -> MNIST | Predict: '8' (Ent: 1.64)
  ⚠️ [Mismatch] Cycle Back predicted '8' (Expected 'd') (Ent: 1.35)
EMNIST:'e' -> MNIST | Predict: '8' (Ent: 1.55)
  ⚠️ [Mismatch] Cycle Back predicted '8' (Expected 'e') (Ent: 1.35)
EMNIST:'f' -> MNIST | Predict: '8' (Ent: 1.52)
  ⚠️ [Mismatch] Cycle Back predicted '8' (Expected 'f') (Ent: 1.35)
EMNIST:'g' -> MNIST | Predict: '8' (Ent: 1.33)
  ⚠️ [Mismatch] Cycle Back predicted '8' (Expected 'g') (Ent: 1.35)
EMNIST:'h' -> MNIST | Predict: '8' (Ent: 1.64)
  ⚠️ [Mismatch] Cycle Back predicted '8' (Expected 'h') (Ent: 1.35)
EMNIST:'i' -> MNIST | Predict: '8' (Ent: 1.63)
  ⚠️ [Mismatch] Cycle Back predicted '8' (Expected 'i') (Ent: 1.35)
EMNIST:'j' -> MNIST | Predict: '8' (Ent: 1.30)
  ⚠️ [Mismatch] Cycle Back predicted '8' (Expected 'j') (Ent: 1.35)
EMNIST:'k' -> MNIST | Predict: '8' (Ent: 1.22)
  ⚠️ [Mismatch] Cycle Back predicted '8' (Expected 'k') (Ent: 1.35)
EMNIST:'l' -> MNIST | Predict: '8' (Ent: 1.46)
  ⚠️ [Mismatch] Cycle Back predicted '8' (Expected 'l') (Ent: 1.35)
EMNIST:'m' -> MNIST | Predict: '8' (Ent: 1.49)
  ⚠️ [Mismatch] Cycle Back predicted '8' (Expected 'm') (Ent: 1.35)
EMNIST:'n' -> MNIST | Predict: '8' (Ent: 1.67)
  ⚠️ [Mismatch] Cycle Back predicted '8' (Expected 'n') (Ent: 1.35)
EMNIST:'o' -> MNIST | Predict: '8' (Ent: 1.74)
  ⚠️ [Mismatch] Cycle Back predicted '8' (Expected 'o') (Ent: 1.35)
EMNIST:'p' -> MNIST | Predict: '8' (Ent: 1.24)
  ⚠️ [Mismatch] Cycle Back predicted '8' (Expected 'p') (Ent: 1.35)
EMNIST:'q' -> MNIST | Predict: '8' (Ent: 1.20)
  ⚠️ [Mismatch] Cycle Back predicted '8' (Expected 'q') (Ent: 1.35)
EMNIST:'r' -> MNIST | Predict: '8' (Ent: 1.23)
  ⚠️ [Mismatch] Cycle Back predicted '8' (Expected 'r') (Ent: 1.35)
EMNIST:'s' -> MNIST | Predict: '8' (Ent: 1.44)
  ⚠️ [Mismatch] Cycle Back predicted '8' (Expected 's') (Ent: 1.35)
EMNIST:'t' -> MNIST | Predict: '8' (Ent: 1.71)
  ⚠️ [Mismatch] Cycle Back predicted '8' (Expected 't') (Ent: 1.35)
EMNIST:'u' -> MNIST | Predict: '8' (Ent: 1.48)
  ⚠️ [Mismatch] Cycle Back predicted '8' (Expected 'u') (Ent: 1.35)
EMNIST:'v' -> MNIST | Predict: '8' (Ent: 1.67)
  ⚠️ [Mismatch] Cycle Back predicted '8' (Expected 'v') (Ent: 1.35)
EMNIST:'w' -> MNIST | Predict: '8' (Ent: 1.45)
  ⚠️ [Mismatch] Cycle Back predicted '8' (Expected 'w') (Ent: 1.35)
EMNIST:'x' -> MNIST | Predict: '8' (Ent: 1.59)
  ⚠️ [Mismatch] Cycle Back predicted '8' (Expected 'x') (Ent: 1.35)
EMNIST:'y' -> MNIST | Predict: '8' (Ent: 1.58)
  ⚠️ [Mismatch] Cycle Back predicted '8' (Expected 'y') (Ent: 1.35)
EMNIST:'z' -> MNIST | Predict: '8' (Ent: 1.57)
  ⚠️ [Mismatch] Cycle Back predicted '8' (Expected 'z') (Ent: 1.35)
EMNIST:'0' -> CIFAR10 | Predict: 'dog' (Ent: 1.81)
  ⚠️ [Mismatch] Cycle Back predicted '8' (Expected '0') (Ent: 2.58)
EMNIST:'1' -> CIFAR10 | Predict: 'dog' (Ent: 1.76)
  ⚠️ [Mismatch] Cycle Back predicted '8' (Expected '1') (Ent: 2.58)
EMNIST:'2' -> CIFAR10 | Predict: 'airplane' (Ent: 1.82)
  ⚠️ [Mismatch] Cycle Back predicted '8' (Expected '2') (Ent: 2.53)
EMNIST:'3' -> CIFAR10 | Predict: 'ship' (Ent: 1.70)
  ⚠️ [Mismatch] Cycle Back predicted 'E' (Expected '3') (Ent: 2.83)
EMNIST:'4' -> CIFAR10 | Predict: 'dog' (Ent: 1.54)
  ⚠️ [Mismatch] Cycle Back predicted '8' (Expected '4') (Ent: 2.58)
EMNIST:'5' -> CIFAR10 | Predict: 'dog' (Ent: 1.85)
  ⚠️ [Mismatch] Cycle Back predicted '8' (Expected '5') (Ent: 2.58)
EMNIST:'6' -> CIFAR10 | Predict: 'dog' (Ent: 1.73)
  ⚠️ [Mismatch] Cycle Back predicted '8' (Expected '6') (Ent: 2.58)
EMNIST:'7' -> CIFAR10 | Predict: 'dog' (Ent: 1.47)
  ⚠️ [Mismatch] Cycle Back predicted '8' (Expected '7') (Ent: 2.58)
EMNIST:'8' -> CIFAR10 | Predict: 'dog' (Ent: 1.53)
  ✅ [Match] EMNIST:'8' <==> CIFAR10:'dog' (Ent: 2.58)
EMNIST:'9' -> CIFAR10 | Predict: 'dog' (Ent: 1.67)
  ⚠️ [Mismatch] Cycle Back predicted '8' (Expected '9') (Ent: 2.58)
EMNIST:'A' -> CIFAR10 | Predict: 'airplane' (Ent: 1.87)
  ⚠️ [Mismatch] Cycle Back predicted '8' (Expected 'A') (Ent: 2.53)
EMNIST:'B' -> CIFAR10 | Predict: 'ship' (Ent: 1.74)
  ⚠️ [Mismatch] Cycle Back predicted 'E' (Expected 'B') (Ent: 2.83)
EMNIST:'C' -> CIFAR10 | Predict: 'ship' (Ent: 1.52)
  ⚠️ [Mismatch] Cycle Back predicted 'E' (Expected 'C') (Ent: 2.83)
EMNIST:'D' -> CIFAR10 | Predict: 'ship' (Ent: 1.68)
  ⚠️ [Mismatch] Cycle Back predicted 'E' (Expected 'D') (Ent: 2.83)
EMNIST:'E' -> CIFAR10 | Predict: 'cat' (Ent: 1.62)
  ⚠️ [Mismatch] Cycle Back predicted '8' (Expected 'E') (Ent: 2.57)
EMNIST:'F' -> CIFAR10 | Predict: 'cat' (Ent: 1.80)
  ⚠️ [Mismatch] Cycle Back predicted '8' (Expected 'F') (Ent: 2.57)
EMNIST:'G' -> CIFAR10 | Predict: 'ship' (Ent: 1.76)
  ⚠️ [Mismatch] Cycle Back predicted 'E' (Expected 'G') (Ent: 2.83)
EMNIST:'H' -> CIFAR10 | Predict: 'ship' (Ent: 1.67)
  ⚠️ [Mismatch] Cycle Back predicted 'E' (Expected 'H') (Ent: 2.83)
EMNIST:'I' -> CIFAR10 | Predict: 'bird' (Ent: 1.92)
  ⚠️ [Mismatch] Cycle Back predicted '0' (Expected 'I') (Ent: 2.67)
EMNIST:'J' -> CIFAR10 | Predict: 'ship' (Ent: 1.87)
  ⚠️ [Mismatch] Cycle Back predicted 'E' (Expected 'J') (Ent: 2.83)
EMNIST:'K' -> CIFAR10 | Predict: 'ship' (Ent: 1.72)
  ⚠️ [Mismatch] Cycle Back predicted 'E' (Expected 'K') (Ent: 2.83)
EMNIST:'L' -> CIFAR10 | Predict: 'ship' (Ent: 1.84)
  ⚠️ [Mismatch] Cycle Back predicted 'E' (Expected 'L') (Ent: 2.83)
EMNIST:'M' -> CIFAR10 | Predict: 'dog' (Ent: 1.80)
  ⚠️ [Mismatch] Cycle Back predicted '8' (Expected 'M') (Ent: 2.58)
EMNIST:'N' -> CIFAR10 | Predict: 'dog' (Ent: 1.56)
  ⚠️ [Mismatch] Cycle Back predicted '8' (Expected 'N') (Ent: 2.58)
EMNIST:'O' -> CIFAR10 | Predict: 'dog' (Ent: 1.88)
  ⚠️ [Mismatch] Cycle Back predicted '8' (Expected 'O') (Ent: 2.58)
EMNIST:'P' -> CIFAR10 | Predict: 'dog' (Ent: 1.69)
  ⚠️ [Mismatch] Cycle Back predicted '8' (Expected 'P') (Ent: 2.58)
EMNIST:'Q' -> CIFAR10 | Predict: 'dog' (Ent: 1.84)
  ⚠️ [Mismatch] Cycle Back predicted '8' (Expected 'Q') (Ent: 2.58)
EMNIST:'R' -> CIFAR10 | Predict: 'airplane' (Ent: 1.78)
  ⚠️ [Mismatch] Cycle Back predicted '8' (Expected 'R') (Ent: 2.53)
EMNIST:'S' -> CIFAR10 | Predict: 'ship' (Ent: 1.97)
  ⚠️ [Mismatch] Cycle Back predicted 'E' (Expected 'S') (Ent: 2.83)
EMNIST:'T' -> CIFAR10 | Predict: 'airplane' (Ent: 1.93)
  ⚠️ [Mismatch] Cycle Back predicted '8' (Expected 'T') (Ent: 2.53)
EMNIST:'U' -> CIFAR10 | Predict: 'ship' (Ent: 1.63)
  ⚠️ [Mismatch] Cycle Back predicted 'E' (Expected 'U') (Ent: 2.83)
EMNIST:'V' -> CIFAR10 | Predict: 'bird' (Ent: 1.34)
  ⚠️ [Mismatch] Cycle Back predicted '0' (Expected 'V') (Ent: 2.67)
EMNIST:'W' -> CIFAR10 | Predict: 'dog' (Ent: 1.42)
  ⚠️ [Mismatch] Cycle Back predicted '8' (Expected 'W') (Ent: 2.58)
EMNIST:'X' -> CIFAR10 | Predict: 'cat' (Ent: 1.60)
  ⚠️ [Mismatch] Cycle Back predicted '8' (Expected 'X') (Ent: 2.57)
EMNIST:'Y' -> CIFAR10 | Predict: 'cat' (Ent: 1.89)
  ⚠️ [Mismatch] Cycle Back predicted '8' (Expected 'Y') (Ent: 2.57)
EMNIST:'Z' -> CIFAR10 | Predict: 'ship' (Ent: 1.91)
  ⚠️ [Mismatch] Cycle Back predicted 'E' (Expected 'Z') (Ent: 2.83)
EMNIST:'a' -> CIFAR10 | Predict: 'airplane' (Ent: 1.87)
  ⚠️ [Mismatch] Cycle Back predicted '8' (Expected 'a') (Ent: 2.53)
EMNIST:'b' -> CIFAR10 | Predict: 'ship' (Ent: 1.74)
  ⚠️ [Mismatch] Cycle Back predicted 'E' (Expected 'b') (Ent: 2.83)
EMNIST:'c' -> CIFAR10 | Predict: 'ship' (Ent: 1.52)
  ⚠️ [Mismatch] Cycle Back predicted 'E' (Expected 'c') (Ent: 2.83)
EMNIST:'d' -> CIFAR10 | Predict: 'ship' (Ent: 1.68)
  ⚠️ [Mismatch] Cycle Back predicted 'E' (Expected 'd') (Ent: 2.83)
EMNIST:'e' -> CIFAR10 | Predict: 'cat' (Ent: 1.62)
  ⚠️ [Mismatch] Cycle Back predicted '8' (Expected 'e') (Ent: 2.57)
EMNIST:'f' -> CIFAR10 | Predict: 'cat' (Ent: 1.80)
  ⚠️ [Mismatch] Cycle Back predicted '8' (Expected 'f') (Ent: 2.57)
EMNIST:'g' -> CIFAR10 | Predict: 'ship' (Ent: 1.76)
  ⚠️ [Mismatch] Cycle Back predicted 'E' (Expected 'g') (Ent: 2.83)
EMNIST:'h' -> CIFAR10 | Predict: 'ship' (Ent: 1.67)
  ⚠️ [Mismatch] Cycle Back predicted 'E' (Expected 'h') (Ent: 2.83)
EMNIST:'i' -> CIFAR10 | Predict: 'bird' (Ent: 1.92)
  ⚠️ [Mismatch] Cycle Back predicted '0' (Expected 'i') (Ent: 2.67)
EMNIST:'j' -> CIFAR10 | Predict: 'ship' (Ent: 1.87)
  ⚠️ [Mismatch] Cycle Back predicted 'E' (Expected 'j') (Ent: 2.83)
EMNIST:'k' -> CIFAR10 | Predict: 'ship' (Ent: 1.72)
  ⚠️ [Mismatch] Cycle Back predicted 'E' (Expected 'k') (Ent: 2.83)
EMNIST:'l' -> CIFAR10 | Predict: 'ship' (Ent: 1.84)
  ⚠️ [Mismatch] Cycle Back predicted 'E' (Expected 'l') (Ent: 2.83)
EMNIST:'m' -> CIFAR10 | Predict: 'dog' (Ent: 1.80)
  ⚠️ [Mismatch] Cycle Back predicted '8' (Expected 'm') (Ent: 2.58)
EMNIST:'n' -> CIFAR10 | Predict: 'dog' (Ent: 1.56)
  ⚠️ [Mismatch] Cycle Back predicted '8' (Expected 'n') (Ent: 2.58)
EMNIST:'o' -> CIFAR10 | Predict: 'dog' (Ent: 1.88)
  ⚠️ [Mismatch] Cycle Back predicted '8' (Expected 'o') (Ent: 2.58)
EMNIST:'p' -> CIFAR10 | Predict: 'dog' (Ent: 1.69)
  ⚠️ [Mismatch] Cycle Back predicted '8' (Expected 'p') (Ent: 2.58)
EMNIST:'q' -> CIFAR10 | Predict: 'dog' (Ent: 1.84)
  ⚠️ [Mismatch] Cycle Back predicted '8' (Expected 'q') (Ent: 2.58)
EMNIST:'r' -> CIFAR10 | Predict: 'airplane' (Ent: 1.78)
  ⚠️ [Mismatch] Cycle Back predicted '8' (Expected 'r') (Ent: 2.53)
EMNIST:'s' -> CIFAR10 | Predict: 'ship' (Ent: 1.97)
  ⚠️ [Mismatch] Cycle Back predicted 'E' (Expected 's') (Ent: 2.83)
EMNIST:'t' -> CIFAR10 | Predict: 'airplane' (Ent: 1.93)
  ⚠️ [Mismatch] Cycle Back predicted '8' (Expected 't') (Ent: 2.53)
EMNIST:'u' -> CIFAR10 | Predict: 'ship' (Ent: 1.63)
  ⚠️ [Mismatch] Cycle Back predicted 'E' (Expected 'u') (Ent: 2.83)
EMNIST:'v' -> CIFAR10 | Predict: 'bird' (Ent: 1.34)
  ⚠️ [Mismatch] Cycle Back predicted '0' (Expected 'v') (Ent: 2.67)
EMNIST:'w' -> CIFAR10 | Predict: 'dog' (Ent: 1.42)
  ⚠️ [Mismatch] Cycle Back predicted '8' (Expected 'w') (Ent: 2.58)
EMNIST:'x' -> CIFAR10 | Predict: 'cat' (Ent: 1.60)
  ⚠️ [Mismatch] Cycle Back predicted '8' (Expected 'x') (Ent: 2.57)
EMNIST:'y' -> CIFAR10 | Predict: 'cat' (Ent: 1.89)
  ⚠️ [Mismatch] Cycle Back predicted '8' (Expected 'y') (Ent: 2.57)
EMNIST:'z' -> CIFAR10 | Predict: 'ship' (Ent: 1.91)
  ⚠️ [Mismatch] Cycle Back predicted 'E' (Expected 'z') (Ent: 2.83)
CIFAR10:'automobile' -> MNIST | Predict: '8' (Ent: 1.62)
  ⚠️ [Mismatch] Cycle Back predicted 'dog' (Expected 'automobile') (Ent: 0.81)
CIFAR10:'bird' -> MNIST | Predict: '8' (Ent: 1.87)
  ⚠️ [Mismatch] Cycle Back predicted 'dog' (Expected 'bird') (Ent: 0.81)
CIFAR10:'deer' -> MNIST | Predict: '8' (Ent: 1.53)
  ⚠️ [Mismatch] Cycle Back predicted 'dog' (Expected 'deer') (Ent: 0.81)
CIFAR10:'frog' -> MNIST | Predict: '8' (Ent: 1.69)
  ⚠️ [Mismatch] Cycle Back predicted 'dog' (Expected 'frog') (Ent: 0.81)
CIFAR10:'horse' -> MNIST | Predict: '8' (Ent: 1.71)
  ⚠️ [Mismatch] Cycle Back predicted 'dog' (Expected 'horse') (Ent: 0.81)
CIFAR10:'truck' -> MNIST | Predict: '8' (Ent: 1.52)
  ⚠️ [Mismatch] Cycle Back predicted 'dog' (Expected 'truck') (Ent: 0.81)
CIFAR10:'automobile' -> EMNIST | Predict: '8' (Ent: 2.71)
  ⚠️ [Mismatch] Cycle Back predicted 'dog' (Expected 'automobile') (Ent: 1.53)
CIFAR10:'deer' -> EMNIST | Predict: '8' (Ent: 2.73)
  ⚠️ [Mismatch] Cycle Back predicted 'dog' (Expected 'deer') (Ent: 1.53)
CIFAR10:'frog' -> EMNIST | Predict: '8' (Ent: 2.59)
  ⚠️ [Mismatch] Cycle Back predicted 'dog' (Expected 'frog') (Ent: 1.53)
CIFAR10:'horse' -> EMNIST | Predict: '0' (Ent: 3.00)
  ⚠️ [Mismatch] Cycle Back predicted 'dog' (Expected 'horse') (Ent: 1.81)
CIFAR10:'truck' -> EMNIST | Predict: '8' (Ent: 2.64)
  ⚠️ [Mismatch] Cycle Back predicted 'dog' (Expected 'truck') (Ent: 1.53)
Exp (Syn): New Gen + Old Ent (1.0)
dynamic_entropy_ratio: 1.0
MNIST:'0' -> EMNIST | Predict: '0' (Ent: 1.87)
  ⚠️ [Mismatch] Cycle Back predicted '8' (Expected '0') (Ent: 1.61)
MNIST:'1' -> EMNIST | Predict: '8' (Ent: 2.90)
  ⚠️ [Mismatch] Cycle Back predicted '8' (Expected '1') (Ent: 0.91)
MNIST:'2' -> EMNIST | Predict: '0' (Ent: 2.57)
  ⚠️ [Mismatch] Cycle Back predicted '8' (Expected '2') (Ent: 1.61)
MNIST:'3' -> EMNIST | Predict: '3' (Ent: 1.83)
  ⚠️ [Mismatch] Cycle Back predicted '8' (Expected '3') (Ent: 1.08)
MNIST:'4' -> EMNIST | Predict: '0' (Ent: 2.80)
  ⚠️ [Mismatch] Cycle Back predicted '8' (Expected '4') (Ent: 1.61)
MNIST:'5' -> EMNIST | Predict: '0' (Ent: 2.55)
  ⚠️ [Mismatch] Cycle Back predicted '8' (Expected '5') (Ent: 1.61)
MNIST:'6' -> EMNIST | Predict: '6' (Ent: 1.99)
  ⚠️ [Mismatch] Cycle Back predicted '8' (Expected '6') (Ent: 1.03)
MNIST:'7' -> EMNIST | Predict: '0' (Ent: 2.86)
  ⚠️ [Mismatch] Cycle Back predicted '8' (Expected '7') (Ent: 1.61)
MNIST:'8' -> EMNIST | Predict: '8' (Ent: 1.35)
  ✅ [Match] MNIST:'8' <==> EMNIST:'8' (Ent: 0.91)
MNIST:'9' -> EMNIST | Predict: '0' (Ent: 2.55)
  ⚠️ [Mismatch] Cycle Back predicted '8' (Expected '9') (Ent: 1.61)
MNIST:'0' -> CIFAR10 | Predict: 'ship' (Ent: 1.62)
  ⚠️ [Mismatch] Cycle Back predicted '8' (Expected '0') (Ent: 1.45)
MNIST:'1' -> CIFAR10 | Predict: 'dog' (Ent: 1.49)
  ⚠️ [Mismatch] Cycle Back predicted '8' (Expected '1') (Ent: 1.77)
MNIST:'2' -> CIFAR10 | Predict: 'airplane' (Ent: 1.65)
  ⚠️ [Mismatch] Cycle Back predicted '8' (Expected '2') (Ent: 1.68)
MNIST:'3' -> CIFAR10 | Predict: 'ship' (Ent: 1.54)
  ⚠️ [Mismatch] Cycle Back predicted '8' (Expected '3') (Ent: 1.45)
MNIST:'4' -> CIFAR10 | Predict: 'airplane' (Ent: 1.77)
  ⚠️ [Mismatch] Cycle Back predicted '8' (Expected '4') (Ent: 1.68)
MNIST:'5' -> CIFAR10 | Predict: 'ship' (Ent: 1.53)
  ⚠️ [Mismatch] Cycle Back predicted '8' (Expected '5') (Ent: 1.45)
MNIST:'6' -> CIFAR10 | Predict: 'dog' (Ent: 1.29)
  ⚠️ [Mismatch] Cycle Back predicted '8' (Expected '6') (Ent: 1.77)
MNIST:'7' -> CIFAR10 | Predict: 'cat' (Ent: 1.65)
  ⚠️ [Mismatch] Cycle Back predicted '8' (Expected '7') (Ent: 1.60)
MNIST:'8' -> CIFAR10 | Predict: 'dog' (Ent: 0.81)
  ✅ [Match] MNIST:'8' <==> CIFAR10:'dog' (Ent: 1.77)
MNIST:'9' -> CIFAR10 | Predict: 'dog' (Ent: 1.81)
  ⚠️ [Mismatch] Cycle Back predicted '8' (Expected '9') (Ent: 1.77)
EMNIST:'1' -> MNIST | Predict: '8' (Ent: 1.58)
  ⚠️ [Mismatch] Cycle Back predicted '8' (Expected '1') (Ent: 1.35)
EMNIST:'2' -> MNIST | Predict: '8' (Ent: 1.30)
  ⚠️ [Mismatch] Cycle Back predicted '8' (Expected '2') (Ent: 1.35)
EMNIST:'4' -> MNIST | Predict: '8' (Ent: 1.63)
  ⚠️ [Mismatch] Cycle Back predicted '8' (Expected '4') (Ent: 1.35)
EMNIST:'5' -> MNIST | Predict: '8' (Ent: 1.14)
  ⚠️ [Mismatch] Cycle Back predicted '8' (Expected '5') (Ent: 1.35)
EMNIST:'7' -> MNIST | Predict: '8' (Ent: 1.29)
  ⚠️ [Mismatch] Cycle Back predicted '8' (Expected '7') (Ent: 1.35)
EMNIST:'9' -> MNIST | Predict: '8' (Ent: 1.16)
  ⚠️ [Mismatch] Cycle Back predicted '8' (Expected '9') (Ent: 1.35)
EMNIST:'A' -> MNIST | Predict: '8' (Ent: 1.54)
  ⚠️ [Mismatch] Cycle Back predicted '8' (Expected 'A') (Ent: 1.35)
EMNIST:'B' -> MNIST | Predict: '8' (Ent: 1.60)
  ⚠️ [Mismatch] Cycle Back predicted '8' (Expected 'B') (Ent: 1.35)
EMNIST:'C' -> MNIST | Predict: '8' (Ent: 1.22)
  ⚠️ [Mismatch] Cycle Back predicted '8' (Expected 'C') (Ent: 1.35)
EMNIST:'D' -> MNIST | Predict: '8' (Ent: 1.64)
  ⚠️ [Mismatch] Cycle Back predicted '8' (Expected 'D') (Ent: 1.35)
EMNIST:'E' -> MNIST | Predict: '8' (Ent: 1.55)
  ⚠️ [Mismatch] Cycle Back predicted '8' (Expected 'E') (Ent: 1.35)
EMNIST:'F' -> MNIST | Predict: '8' (Ent: 1.52)
  ⚠️ [Mismatch] Cycle Back predicted '8' (Expected 'F') (Ent: 1.35)
EMNIST:'G' -> MNIST | Predict: '8' (Ent: 1.33)
  ⚠️ [Mismatch] Cycle Back predicted '8' (Expected 'G') (Ent: 1.35)
EMNIST:'H' -> MNIST | Predict: '8' (Ent: 1.64)
  ⚠️ [Mismatch] Cycle Back predicted '8' (Expected 'H') (Ent: 1.35)
EMNIST:'I' -> MNIST | Predict: '8' (Ent: 1.63)
  ⚠️ [Mismatch] Cycle Back predicted '8' (Expected 'I') (Ent: 1.35)
EMNIST:'J' -> MNIST | Predict: '8' (Ent: 1.30)
  ⚠️ [Mismatch] Cycle Back predicted '8' (Expected 'J') (Ent: 1.35)
EMNIST:'K' -> MNIST | Predict: '8' (Ent: 1.22)
  ⚠️ [Mismatch] Cycle Back predicted '8' (Expected 'K') (Ent: 1.35)
EMNIST:'L' -> MNIST | Predict: '8' (Ent: 1.46)
  ⚠️ [Mismatch] Cycle Back predicted '8' (Expected 'L') (Ent: 1.35)
EMNIST:'M' -> MNIST | Predict: '8' (Ent: 1.49)
  ⚠️ [Mismatch] Cycle Back predicted '8' (Expected 'M') (Ent: 1.35)
EMNIST:'N' -> MNIST | Predict: '8' (Ent: 1.67)
  ⚠️ [Mismatch] Cycle Back predicted '8' (Expected 'N') (Ent: 1.35)
EMNIST:'O' -> MNIST | Predict: '8' (Ent: 1.74)
  ⚠️ [Mismatch] Cycle Back predicted '8' (Expected 'O') (Ent: 1.35)
EMNIST:'P' -> MNIST | Predict: '8' (Ent: 1.24)
  ⚠️ [Mismatch] Cycle Back predicted '8' (Expected 'P') (Ent: 1.35)
EMNIST:'Q' -> MNIST | Predict: '8' (Ent: 1.20)
  ⚠️ [Mismatch] Cycle Back predicted '8' (Expected 'Q') (Ent: 1.35)
EMNIST:'R' -> MNIST | Predict: '8' (Ent: 1.23)
  ⚠️ [Mismatch] Cycle Back predicted '8' (Expected 'R') (Ent: 1.35)
EMNIST:'S' -> MNIST | Predict: '8' (Ent: 1.44)
  ⚠️ [Mismatch] Cycle Back predicted '8' (Expected 'S') (Ent: 1.35)
EMNIST:'T' -> MNIST | Predict: '8' (Ent: 1.71)
  ⚠️ [Mismatch] Cycle Back predicted '8' (Expected 'T') (Ent: 1.35)
EMNIST:'U' -> MNIST | Predict: '8' (Ent: 1.48)
  ⚠️ [Mismatch] Cycle Back predicted '8' (Expected 'U') (Ent: 1.35)
EMNIST:'V' -> MNIST | Predict: '8' (Ent: 1.67)
  ⚠️ [Mismatch] Cycle Back predicted '8' (Expected 'V') (Ent: 1.35)
EMNIST:'W' -> MNIST | Predict: '8' (Ent: 1.45)
  ⚠️ [Mismatch] Cycle Back predicted '8' (Expected 'W') (Ent: 1.35)
EMNIST:'X' -> MNIST | Predict: '8' (Ent: 1.59)
  ⚠️ [Mismatch] Cycle Back predicted '8' (Expected 'X') (Ent: 1.35)
EMNIST:'Y' -> MNIST | Predict: '8' (Ent: 1.58)
  ⚠️ [Mismatch] Cycle Back predicted '8' (Expected 'Y') (Ent: 1.35)
EMNIST:'Z' -> MNIST | Predict: '8' (Ent: 1.57)
  ⚠️ [Mismatch] Cycle Back predicted '8' (Expected 'Z') (Ent: 1.35)
EMNIST:'a' -> MNIST | Predict: '8' (Ent: 1.54)
  ⚠️ [Mismatch] Cycle Back predicted '8' (Expected 'a') (Ent: 1.35)
EMNIST:'b' -> MNIST | Predict: '8' (Ent: 1.60)
  ⚠️ [Mismatch] Cycle Back predicted '8' (Expected 'b') (Ent: 1.35)
EMNIST:'c' -> MNIST | Predict: '8' (Ent: 1.22)
  ⚠️ [Mismatch] Cycle Back predicted '8' (Expected 'c') (Ent: 1.35)
EMNIST:'d' -> MNIST | Predict: '8' (Ent: 1.64)
  ⚠️ [Mismatch] Cycle Back predicted '8' (Expected 'd') (Ent: 1.35)
EMNIST:'e' -> MNIST | Predict: '8' (Ent: 1.55)
  ⚠️ [Mismatch] Cycle Back predicted '8' (Expected 'e') (Ent: 1.35)
EMNIST:'f' -> MNIST | Predict: '8' (Ent: 1.52)
  ⚠️ [Mismatch] Cycle Back predicted '8' (Expected 'f') (Ent: 1.35)
EMNIST:'g' -> MNIST | Predict: '8' (Ent: 1.33)
  ⚠️ [Mismatch] Cycle Back predicted '8' (Expected 'g') (Ent: 1.35)
EMNIST:'h' -> MNIST | Predict: '8' (Ent: 1.64)
  ⚠️ [Mismatch] Cycle Back predicted '8' (Expected 'h') (Ent: 1.35)
EMNIST:'i' -> MNIST | Predict: '8' (Ent: 1.63)
  ⚠️ [Mismatch] Cycle Back predicted '8' (Expected 'i') (Ent: 1.35)
EMNIST:'j' -> MNIST | Predict: '8' (Ent: 1.30)
  ⚠️ [Mismatch] Cycle Back predicted '8' (Expected 'j') (Ent: 1.35)
EMNIST:'k' -> MNIST | Predict: '8' (Ent: 1.22)
  ⚠️ [Mismatch] Cycle Back predicted '8' (Expected 'k') (Ent: 1.35)
EMNIST:'l' -> MNIST | Predict: '8' (Ent: 1.46)
  ⚠️ [Mismatch] Cycle Back predicted '8' (Expected 'l') (Ent: 1.35)
EMNIST:'m' -> MNIST | Predict: '8' (Ent: 1.49)
  ⚠️ [Mismatch] Cycle Back predicted '8' (Expected 'm') (Ent: 1.35)
EMNIST:'n' -> MNIST | Predict: '8' (Ent: 1.67)
  ⚠️ [Mismatch] Cycle Back predicted '8' (Expected 'n') (Ent: 1.35)
EMNIST:'o' -> MNIST | Predict: '8' (Ent: 1.74)
  ⚠️ [Mismatch] Cycle Back predicted '8' (Expected 'o') (Ent: 1.35)
EMNIST:'p' -> MNIST | Predict: '8' (Ent: 1.24)
  ⚠️ [Mismatch] Cycle Back predicted '8' (Expected 'p') (Ent: 1.35)
EMNIST:'q' -> MNIST | Predict: '8' (Ent: 1.20)
  ⚠️ [Mismatch] Cycle Back predicted '8' (Expected 'q') (Ent: 1.35)
EMNIST:'r' -> MNIST | Predict: '8' (Ent: 1.23)
  ⚠️ [Mismatch] Cycle Back predicted '8' (Expected 'r') (Ent: 1.35)
EMNIST:'s' -> MNIST | Predict: '8' (Ent: 1.44)
  ⚠️ [Mismatch] Cycle Back predicted '8' (Expected 's') (Ent: 1.35)
EMNIST:'t' -> MNIST | Predict: '8' (Ent: 1.71)
  ⚠️ [Mismatch] Cycle Back predicted '8' (Expected 't') (Ent: 1.35)
EMNIST:'u' -> MNIST | Predict: '8' (Ent: 1.48)
  ⚠️ [Mismatch] Cycle Back predicted '8' (Expected 'u') (Ent: 1.35)
EMNIST:'v' -> MNIST | Predict: '8' (Ent: 1.67)
  ⚠️ [Mismatch] Cycle Back predicted '8' (Expected 'v') (Ent: 1.35)
EMNIST:'w' -> MNIST | Predict: '8' (Ent: 1.45)
  ⚠️ [Mismatch] Cycle Back predicted '8' (Expected 'w') (Ent: 1.35)
EMNIST:'x' -> MNIST | Predict: '8' (Ent: 1.59)
  ⚠️ [Mismatch] Cycle Back predicted '8' (Expected 'x') (Ent: 1.35)
EMNIST:'y' -> MNIST | Predict: '8' (Ent: 1.58)
  ⚠️ [Mismatch] Cycle Back predicted '8' (Expected 'y') (Ent: 1.35)
EMNIST:'z' -> MNIST | Predict: '8' (Ent: 1.57)
  ⚠️ [Mismatch] Cycle Back predicted '8' (Expected 'z') (Ent: 1.35)
EMNIST:'0' -> CIFAR10 | Predict: 'dog' (Ent: 1.81)
  ⚠️ [Mismatch] Cycle Back predicted '8' (Expected '0') (Ent: 2.58)
EMNIST:'1' -> CIFAR10 | Predict: 'dog' (Ent: 1.76)
  ⚠️ [Mismatch] Cycle Back predicted '8' (Expected '1') (Ent: 2.58)
EMNIST:'2' -> CIFAR10 | Predict: 'airplane' (Ent: 1.82)
  ⚠️ [Mismatch] Cycle Back predicted '8' (Expected '2') (Ent: 2.53)
EMNIST:'3' -> CIFAR10 | Predict: 'ship' (Ent: 1.70)
  ⚠️ [Mismatch] Cycle Back predicted 'E' (Expected '3') (Ent: 2.83)
EMNIST:'4' -> CIFAR10 | Predict: 'dog' (Ent: 1.54)
  ⚠️ [Mismatch] Cycle Back predicted '8' (Expected '4') (Ent: 2.58)
EMNIST:'5' -> CIFAR10 | Predict: 'dog' (Ent: 1.85)
  ⚠️ [Mismatch] Cycle Back predicted '8' (Expected '5') (Ent: 2.58)
EMNIST:'6' -> CIFAR10 | Predict: 'dog' (Ent: 1.73)
  ⚠️ [Mismatch] Cycle Back predicted '8' (Expected '6') (Ent: 2.58)
EMNIST:'7' -> CIFAR10 | Predict: 'dog' (Ent: 1.47)
  ⚠️ [Mismatch] Cycle Back predicted '8' (Expected '7') (Ent: 2.58)
EMNIST:'8' -> CIFAR10 | Predict: 'dog' (Ent: 1.53)
  ✅ [Match] EMNIST:'8' <==> CIFAR10:'dog' (Ent: 2.58)
EMNIST:'9' -> CIFAR10 | Predict: 'dog' (Ent: 1.67)
  ⚠️ [Mismatch] Cycle Back predicted '8' (Expected '9') (Ent: 2.58)
EMNIST:'A' -> CIFAR10 | Predict: 'airplane' (Ent: 1.87)
  ⚠️ [Mismatch] Cycle Back predicted '8' (Expected 'A') (Ent: 2.53)
EMNIST:'B' -> CIFAR10 | Predict: 'ship' (Ent: 1.74)
  ⚠️ [Mismatch] Cycle Back predicted 'E' (Expected 'B') (Ent: 2.83)
EMNIST:'C' -> CIFAR10 | Predict: 'ship' (Ent: 1.52)
  ⚠️ [Mismatch] Cycle Back predicted 'E' (Expected 'C') (Ent: 2.83)
EMNIST:'D' -> CIFAR10 | Predict: 'ship' (Ent: 1.68)
  ⚠️ [Mismatch] Cycle Back predicted 'E' (Expected 'D') (Ent: 2.83)
EMNIST:'E' -> CIFAR10 | Predict: 'cat' (Ent: 1.62)
  ⚠️ [Mismatch] Cycle Back predicted '8' (Expected 'E') (Ent: 2.57)
EMNIST:'F' -> CIFAR10 | Predict: 'cat' (Ent: 1.80)
  ⚠️ [Mismatch] Cycle Back predicted '8' (Expected 'F') (Ent: 2.57)
EMNIST:'G' -> CIFAR10 | Predict: 'ship' (Ent: 1.76)
  ⚠️ [Mismatch] Cycle Back predicted 'E' (Expected 'G') (Ent: 2.83)
EMNIST:'H' -> CIFAR10 | Predict: 'ship' (Ent: 1.67)
  ⚠️ [Mismatch] Cycle Back predicted 'E' (Expected 'H') (Ent: 2.83)
EMNIST:'I' -> CIFAR10 | Predict: 'bird' (Ent: 1.92)
  ⚠️ [Mismatch] Cycle Back predicted '0' (Expected 'I') (Ent: 2.67)
EMNIST:'J' -> CIFAR10 | Predict: 'ship' (Ent: 1.87)
  ⚠️ [Mismatch] Cycle Back predicted 'E' (Expected 'J') (Ent: 2.83)
EMNIST:'K' -> CIFAR10 | Predict: 'ship' (Ent: 1.72)
  ⚠️ [Mismatch] Cycle Back predicted 'E' (Expected 'K') (Ent: 2.83)
EMNIST:'L' -> CIFAR10 | Predict: 'ship' (Ent: 1.84)
  ⚠️ [Mismatch] Cycle Back predicted 'E' (Expected 'L') (Ent: 2.83)
EMNIST:'M' -> CIFAR10 | Predict: 'dog' (Ent: 1.80)
  ⚠️ [Mismatch] Cycle Back predicted '8' (Expected 'M') (Ent: 2.58)
EMNIST:'N' -> CIFAR10 | Predict: 'dog' (Ent: 1.56)
  ⚠️ [Mismatch] Cycle Back predicted '8' (Expected 'N') (Ent: 2.58)
EMNIST:'O' -> CIFAR10 | Predict: 'dog' (Ent: 1.88)
  ⚠️ [Mismatch] Cycle Back predicted '8' (Expected 'O') (Ent: 2.58)
EMNIST:'P' -> CIFAR10 | Predict: 'dog' (Ent: 1.69)
  ⚠️ [Mismatch] Cycle Back predicted '8' (Expected 'P') (Ent: 2.58)
EMNIST:'Q' -> CIFAR10 | Predict: 'dog' (Ent: 1.84)
  ⚠️ [Mismatch] Cycle Back predicted '8' (Expected 'Q') (Ent: 2.58)
EMNIST:'R' -> CIFAR10 | Predict: 'airplane' (Ent: 1.78)
  ⚠️ [Mismatch] Cycle Back predicted '8' (Expected 'R') (Ent: 2.53)
EMNIST:'S' -> CIFAR10 | Predict: 'ship' (Ent: 1.97)
  ⚠️ [Mismatch] Cycle Back predicted 'E' (Expected 'S') (Ent: 2.83)
EMNIST:'T' -> CIFAR10 | Predict: 'airplane' (Ent: 1.93)
  ⚠️ [Mismatch] Cycle Back predicted '8' (Expected 'T') (Ent: 2.53)
EMNIST:'U' -> CIFAR10 | Predict: 'ship' (Ent: 1.63)
  ⚠️ [Mismatch] Cycle Back predicted 'E' (Expected 'U') (Ent: 2.83)
EMNIST:'V' -> CIFAR10 | Predict: 'bird' (Ent: 1.34)
  ⚠️ [Mismatch] Cycle Back predicted '0' (Expected 'V') (Ent: 2.67)
EMNIST:'W' -> CIFAR10 | Predict: 'dog' (Ent: 1.42)
  ⚠️ [Mismatch] Cycle Back predicted '8' (Expected 'W') (Ent: 2.58)
EMNIST:'X' -> CIFAR10 | Predict: 'cat' (Ent: 1.60)
  ⚠️ [Mismatch] Cycle Back predicted '8' (Expected 'X') (Ent: 2.57)
EMNIST:'Y' -> CIFAR10 | Predict: 'cat' (Ent: 1.89)
  ⚠️ [Mismatch] Cycle Back predicted '8' (Expected 'Y') (Ent: 2.57)
EMNIST:'Z' -> CIFAR10 | Predict: 'ship' (Ent: 1.91)
  ⚠️ [Mismatch] Cycle Back predicted 'E' (Expected 'Z') (Ent: 2.83)
EMNIST:'a' -> CIFAR10 | Predict: 'airplane' (Ent: 1.87)
  ⚠️ [Mismatch] Cycle Back predicted '8' (Expected 'a') (Ent: 2.53)
EMNIST:'b' -> CIFAR10 | Predict: 'ship' (Ent: 1.74)
  ⚠️ [Mismatch] Cycle Back predicted 'E' (Expected 'b') (Ent: 2.83)
EMNIST:'c' -> CIFAR10 | Predict: 'ship' (Ent: 1.52)
  ⚠️ [Mismatch] Cycle Back predicted 'E' (Expected 'c') (Ent: 2.83)
EMNIST:'d' -> CIFAR10 | Predict: 'ship' (Ent: 1.68)
  ⚠️ [Mismatch] Cycle Back predicted 'E' (Expected 'd') (Ent: 2.83)
EMNIST:'e' -> CIFAR10 | Predict: 'cat' (Ent: 1.62)
  ⚠️ [Mismatch] Cycle Back predicted '8' (Expected 'e') (Ent: 2.57)
EMNIST:'f' -> CIFAR10 | Predict: 'cat' (Ent: 1.80)
  ⚠️ [Mismatch] Cycle Back predicted '8' (Expected 'f') (Ent: 2.57)
EMNIST:'g' -> CIFAR10 | Predict: 'ship' (Ent: 1.76)
  ⚠️ [Mismatch] Cycle Back predicted 'E' (Expected 'g') (Ent: 2.83)
EMNIST:'h' -> CIFAR10 | Predict: 'ship' (Ent: 1.67)
  ⚠️ [Mismatch] Cycle Back predicted 'E' (Expected 'h') (Ent: 2.83)
EMNIST:'i' -> CIFAR10 | Predict: 'bird' (Ent: 1.92)
  ⚠️ [Mismatch] Cycle Back predicted '0' (Expected 'i') (Ent: 2.67)
EMNIST:'j' -> CIFAR10 | Predict: 'ship' (Ent: 1.87)
  ⚠️ [Mismatch] Cycle Back predicted 'E' (Expected 'j') (Ent: 2.83)
EMNIST:'k' -> CIFAR10 | Predict: 'ship' (Ent: 1.72)
  ⚠️ [Mismatch] Cycle Back predicted 'E' (Expected 'k') (Ent: 2.83)
EMNIST:'l' -> CIFAR10 | Predict: 'ship' (Ent: 1.84)
  ⚠️ [Mismatch] Cycle Back predicted 'E' (Expected 'l') (Ent: 2.83)
EMNIST:'m' -> CIFAR10 | Predict: 'dog' (Ent: 1.80)
  ⚠️ [Mismatch] Cycle Back predicted '8' (Expected 'm') (Ent: 2.58)
EMNIST:'n' -> CIFAR10 | Predict: 'dog' (Ent: 1.56)
  ⚠️ [Mismatch] Cycle Back predicted '8' (Expected 'n') (Ent: 2.58)
EMNIST:'o' -> CIFAR10 | Predict: 'dog' (Ent: 1.88)
  ⚠️ [Mismatch] Cycle Back predicted '8' (Expected 'o') (Ent: 2.58)
EMNIST:'p' -> CIFAR10 | Predict: 'dog' (Ent: 1.69)
  ⚠️ [Mismatch] Cycle Back predicted '8' (Expected 'p') (Ent: 2.58)
EMNIST:'q' -> CIFAR10 | Predict: 'dog' (Ent: 1.84)
  ⚠️ [Mismatch] Cycle Back predicted '8' (Expected 'q') (Ent: 2.58)
EMNIST:'r' -> CIFAR10 | Predict: 'airplane' (Ent: 1.78)
  ⚠️ [Mismatch] Cycle Back predicted '8' (Expected 'r') (Ent: 2.53)
EMNIST:'s' -> CIFAR10 | Predict: 'ship' (Ent: 1.97)
  ⚠️ [Mismatch] Cycle Back predicted 'E' (Expected 's') (Ent: 2.83)
EMNIST:'t' -> CIFAR10 | Predict: 'airplane' (Ent: 1.93)
  ⚠️ [Mismatch] Cycle Back predicted '8' (Expected 't') (Ent: 2.53)
EMNIST:'u' -> CIFAR10 | Predict: 'ship' (Ent: 1.63)
  ⚠️ [Mismatch] Cycle Back predicted 'E' (Expected 'u') (Ent: 2.83)
EMNIST:'v' -> CIFAR10 | Predict: 'bird' (Ent: 1.34)
  ⚠️ [Mismatch] Cycle Back predicted '0' (Expected 'v') (Ent: 2.67)
EMNIST:'w' -> CIFAR10 | Predict: 'dog' (Ent: 1.42)
  ⚠️ [Mismatch] Cycle Back predicted '8' (Expected 'w') (Ent: 2.58)
EMNIST:'x' -> CIFAR10 | Predict: 'cat' (Ent: 1.60)
  ⚠️ [Mismatch] Cycle Back predicted '8' (Expected 'x') (Ent: 2.57)
EMNIST:'y' -> CIFAR10 | Predict: 'cat' (Ent: 1.89)
  ⚠️ [Mismatch] Cycle Back predicted '8' (Expected 'y') (Ent: 2.57)
EMNIST:'z' -> CIFAR10 | Predict: 'ship' (Ent: 1.91)
  ⚠️ [Mismatch] Cycle Back predicted 'E' (Expected 'z') (Ent: 2.83)
CIFAR10:'automobile' -> MNIST | Predict: '8' (Ent: 1.62)
  ⚠️ [Mismatch] Cycle Back predicted 'dog' (Expected 'automobile') (Ent: 0.81)
CIFAR10:'bird' -> MNIST | Predict: '8' (Ent: 1.87)
  ⚠️ [Mismatch] Cycle Back predicted 'dog' (Expected 'bird') (Ent: 0.81)
CIFAR10:'deer' -> MNIST | Predict: '8' (Ent: 1.53)
  ⚠️ [Mismatch] Cycle Back predicted 'dog' (Expected 'deer') (Ent: 0.81)
CIFAR10:'frog' -> MNIST | Predict: '8' (Ent: 1.69)
  ⚠️ [Mismatch] Cycle Back predicted 'dog' (Expected 'frog') (Ent: 0.81)
CIFAR10:'horse' -> MNIST | Predict: '8' (Ent: 1.71)
  ⚠️ [Mismatch] Cycle Back predicted 'dog' (Expected 'horse') (Ent: 0.81)
CIFAR10:'truck' -> MNIST | Predict: '8' (Ent: 1.52)
  ⚠️ [Mismatch] Cycle Back predicted 'dog' (Expected 'truck') (Ent: 0.81)
CIFAR10:'automobile' -> EMNIST | Predict: '8' (Ent: 2.71)
  ⚠️ [Mismatch] Cycle Back predicted 'dog' (Expected 'automobile') (Ent: 1.53)
CIFAR10:'deer' -> EMNIST | Predict: '8' (Ent: 2.73)
  ⚠️ [Mismatch] Cycle Back predicted 'dog' (Expected 'deer') (Ent: 1.53)
CIFAR10:'frog' -> EMNIST | Predict: '8' (Ent: 2.59)
  ⚠️ [Mismatch] Cycle Back predicted 'dog' (Expected 'frog') (Ent: 1.53)
CIFAR10:'horse' -> EMNIST | Predict: '0' (Ent: 3.00)
  ⚠️ [Mismatch] Cycle Back predicted 'dog' (Expected 'horse') (Ent: 1.81)
CIFAR10:'truck' -> EMNIST | Predict: '8' (Ent: 2.64)
  ⚠️ [Mismatch] Cycle Back predicted 'dog' (Expected 'truck') (Ent: 1.53)
Exp (Syn): New Gen + New Ent (0.1)
dynamic_entropy_ratio: 0.1
MNIST:'0' -> EMNIST ❌ (Uncertain)
MNIST:'1' -> EMNIST ❌ (Uncertain)
MNIST:'2' -> EMNIST | Predict: '0' (Ent: 0.01)
  ⚠️ [Mismatch] Cycle Back predicted '8' (Expected '2') (Ent: 0.00)
MNIST:'3' -> EMNIST ❌ (Uncertain)
MNIST:'4' -> EMNIST | Predict: '0' (Ent: 0.14)
  ⚠️ [Mismatch] Cycle Back predicted '8' (Expected '4') (Ent: 0.00)
MNIST:'5' -> EMNIST ❌ (Uncertain)
MNIST:'6' -> EMNIST ❌ (Uncertain)
MNIST:'7' -> EMNIST ❌ (Uncertain)
MNIST:'8' -> EMNIST ❌ (Uncertain)
MNIST:'9' -> EMNIST ❌ (Uncertain)
MNIST:'0' -> CIFAR10 ❌ (Uncertain)
MNIST:'1' -> CIFAR10 | Predict: 'cat' (Ent: 0.04)
  ⚠️ [Mismatch] Cycle Back predicted '8' (Expected '1') (Ent: 0.06)
MNIST:'2' -> CIFAR10 ❌ (Uncertain)
MNIST:'3' -> CIFAR10 ❌ (Uncertain)
MNIST:'4' -> CIFAR10 ❌ (Uncertain)
MNIST:'5' -> CIFAR10 ❌ (Uncertain)
MNIST:'6' -> CIFAR10 ❌ (Uncertain)
MNIST:'7' -> CIFAR10 ❌ (Uncertain)
MNIST:'8' -> CIFAR10 ❌ (Uncertain)
MNIST:'9' -> CIFAR10 ❌ (Uncertain)
EMNIST:'1' -> MNIST ❌ (Uncertain)
EMNIST:'2' -> MNIST ❌ (Uncertain)
EMNIST:'3' -> MNIST | Predict: '8' (Ent: 0.01)
EMNIST:'4' -> MNIST ❌ (Uncertain)
EMNIST:'5' -> MNIST | Predict: '8' (Ent: 0.02)
EMNIST:'6' -> MNIST ❌ (Uncertain)
EMNIST:'7' -> MNIST ❌ (Uncertain)
EMNIST:'8' -> MNIST | Predict: '8' (Ent: 0.01)
EMNIST:'9' -> MNIST ❌ (Uncertain)
EMNIST:'A' -> MNIST | Predict: '8' (Ent: 0.00)
EMNIST:'B' -> MNIST ❌ (Uncertain)
EMNIST:'C' -> MNIST | Predict: '8' (Ent: 0.00)
EMNIST:'D' -> MNIST ❌ (Uncertain)
EMNIST:'E' -> MNIST ❌ (Uncertain)
EMNIST:'F' -> MNIST | Predict: '8' (Ent: 0.00)
EMNIST:'G' -> MNIST ❌ (Uncertain)
EMNIST:'H' -> MNIST ❌ (Uncertain)
EMNIST:'I' -> MNIST ❌ (Uncertain)
EMNIST:'J' -> MNIST ❌ (Uncertain)
EMNIST:'K' -> MNIST | Predict: '8' (Ent: 0.03)
EMNIST:'L' -> MNIST ❌ (Uncertain)
EMNIST:'M' -> MNIST ❌ (Uncertain)
EMNIST:'N' -> MNIST ❌ (Uncertain)
EMNIST:'O' -> MNIST ❌ (Uncertain)
EMNIST:'P' -> MNIST ❌ (Uncertain)
EMNIST:'Q' -> MNIST ❌ (Uncertain)
EMNIST:'R' -> MNIST ❌ (Uncertain)
EMNIST:'S' -> MNIST ❌ (Uncertain)
EMNIST:'T' -> MNIST ❌ (Uncertain)
EMNIST:'U' -> MNIST ❌ (Uncertain)
EMNIST:'V' -> MNIST ❌ (Uncertain)
EMNIST:'W' -> MNIST | Predict: '8' (Ent: 0.00)
EMNIST:'X' -> MNIST | Predict: '8' (Ent: 0.00)
EMNIST:'Y' -> MNIST ❌ (Uncertain)
EMNIST:'Z' -> MNIST | Predict: '8' (Ent: 0.00)
EMNIST:'a' -> MNIST | Predict: '8' (Ent: 0.00)
EMNIST:'b' -> MNIST ❌ (Uncertain)
EMNIST:'c' -> MNIST | Predict: '8' (Ent: 0.00)
EMNIST:'d' -> MNIST ❌ (Uncertain)
EMNIST:'e' -> MNIST ❌ (Uncertain)
EMNIST:'f' -> MNIST | Predict: '8' (Ent: 0.00)
EMNIST:'g' -> MNIST ❌ (Uncertain)
EMNIST:'h' -> MNIST ❌ (Uncertain)
EMNIST:'i' -> MNIST ❌ (Uncertain)
EMNIST:'j' -> MNIST ❌ (Uncertain)
EMNIST:'k' -> MNIST | Predict: '8' (Ent: 0.03)
EMNIST:'l' -> MNIST ❌ (Uncertain)
EMNIST:'m' -> MNIST ❌ (Uncertain)
EMNIST:'n' -> MNIST ❌ (Uncertain)
EMNIST:'o' -> MNIST ❌ (Uncertain)
EMNIST:'p' -> MNIST ❌ (Uncertain)
EMNIST:'q' -> MNIST ❌ (Uncertain)
EMNIST:'r' -> MNIST ❌ (Uncertain)
EMNIST:'s' -> MNIST ❌ (Uncertain)
EMNIST:'t' -> MNIST ❌ (Uncertain)
EMNIST:'u' -> MNIST ❌ (Uncertain)
EMNIST:'v' -> MNIST ❌ (Uncertain)
EMNIST:'w' -> MNIST | Predict: '8' (Ent: 0.00)
EMNIST:'x' -> MNIST | Predict: '8' (Ent: 0.00)
EMNIST:'y' -> MNIST ❌ (Uncertain)
EMNIST:'z' -> MNIST | Predict: '8' (Ent: 0.00)
EMNIST:'0' -> CIFAR10 ❌ (Uncertain)
EMNIST:'1' -> CIFAR10 ❌ (Uncertain)
EMNIST:'2' -> CIFAR10 ❌ (Uncertain)
EMNIST:'3' -> CIFAR10 ❌ (Uncertain)
EMNIST:'4' -> CIFAR10 ❌ (Uncertain)
EMNIST:'5' -> CIFAR10 ❌ (Uncertain)
EMNIST:'6' -> CIFAR10 ❌ (Uncertain)
EMNIST:'7' -> CIFAR10 ❌ (Uncertain)
EMNIST:'8' -> CIFAR10 ❌ (Uncertain)
EMNIST:'9' -> CIFAR10 ❌ (Uncertain)
EMNIST:'A' -> CIFAR10 ❌ (Uncertain)
EMNIST:'B' -> CIFAR10 ❌ (Uncertain)
EMNIST:'C' -> CIFAR10 | Predict: 'ship' (Ent: 0.04)
EMNIST:'D' -> CIFAR10 ❌ (Uncertain)
EMNIST:'E' -> CIFAR10 ❌ (Uncertain)
EMNIST:'F' -> CIFAR10 ❌ (Uncertain)
EMNIST:'G' -> CIFAR10 ❌ (Uncertain)
EMNIST:'H' -> CIFAR10 ❌ (Uncertain)
EMNIST:'I' -> CIFAR10 | Predict: 'airplane' (Ent: 0.14)
EMNIST:'J' -> CIFAR10 ❌ (Uncertain)
EMNIST:'K' -> CIFAR10 ❌ (Uncertain)
EMNIST:'L' -> CIFAR10 ❌ (Uncertain)
EMNIST:'M' -> CIFAR10 ❌ (Uncertain)
EMNIST:'N' -> CIFAR10 ❌ (Uncertain)
EMNIST:'O' -> CIFAR10 ❌ (Uncertain)
EMNIST:'P' -> CIFAR10 ❌ (Uncertain)
EMNIST:'Q' -> CIFAR10 ❌ (Uncertain)
EMNIST:'R' -> CIFAR10 ❌ (Uncertain)
EMNIST:'S' -> CIFAR10 ❌ (Uncertain)
EMNIST:'T' -> CIFAR10 ❌ (Uncertain)
EMNIST:'U' -> CIFAR10 ❌ (Uncertain)
EMNIST:'V' -> CIFAR10 | Predict: 'cat' (Ent: 0.03)
EMNIST:'W' -> CIFAR10 ❌ (Uncertain)
EMNIST:'X' -> CIFAR10 ❌ (Uncertain)
EMNIST:'Y' -> CIFAR10 ❌ (Uncertain)
EMNIST:'Z' -> CIFAR10 | Predict: 'airplane' (Ent: 0.00)
EMNIST:'a' -> CIFAR10 ❌ (Uncertain)
EMNIST:'b' -> CIFAR10 ❌ (Uncertain)
EMNIST:'c' -> CIFAR10 | Predict: 'ship' (Ent: 0.04)
EMNIST:'d' -> CIFAR10 ❌ (Uncertain)
EMNIST:'e' -> CIFAR10 ❌ (Uncertain)
EMNIST:'f' -> CIFAR10 ❌ (Uncertain)
EMNIST:'g' -> CIFAR10 ❌ (Uncertain)
EMNIST:'h' -> CIFAR10 ❌ (Uncertain)
EMNIST:'i' -> CIFAR10 | Predict: 'airplane' (Ent: 0.14)
EMNIST:'j' -> CIFAR10 ❌ (Uncertain)
EMNIST:'k' -> CIFAR10 ❌ (Uncertain)
EMNIST:'l' -> CIFAR10 ❌ (Uncertain)
EMNIST:'m' -> CIFAR10 ❌ (Uncertain)
EMNIST:'n' -> CIFAR10 ❌ (Uncertain)
EMNIST:'o' -> CIFAR10 ❌ (Uncertain)
EMNIST:'p' -> CIFAR10 ❌ (Uncertain)
EMNIST:'q' -> CIFAR10 ❌ (Uncertain)
EMNIST:'r' -> CIFAR10 ❌ (Uncertain)
EMNIST:'s' -> CIFAR10 ❌ (Uncertain)
EMNIST:'t' -> CIFAR10 ❌ (Uncertain)
EMNIST:'u' -> CIFAR10 ❌ (Uncertain)
EMNIST:'v' -> CIFAR10 | Predict: 'cat' (Ent: 0.03)
EMNIST:'w' -> CIFAR10 ❌ (Uncertain)
EMNIST:'x' -> CIFAR10 ❌ (Uncertain)
EMNIST:'y' -> CIFAR10 ❌ (Uncertain)
EMNIST:'z' -> CIFAR10 | Predict: 'airplane' (Ent: 0.00)
CIFAR10:'airplane' -> MNIST ❌ (Uncertain)
CIFAR10:'automobile' -> MNIST ❌ (Uncertain)
CIFAR10:'bird' -> MNIST ❌ (Uncertain)
CIFAR10:'deer' -> MNIST ❌ (Uncertain)
CIFAR10:'dog' -> MNIST ❌ (Uncertain)
CIFAR10:'frog' -> MNIST ❌ (Uncertain)
CIFAR10:'horse' -> MNIST ❌ (Uncertain)
CIFAR10:'ship' -> MNIST ❌ (Uncertain)
CIFAR10:'truck' -> MNIST | Predict: '8' (Ent: 0.00)
CIFAR10:'automobile' -> EMNIST ❌ (Uncertain)
CIFAR10:'bird' -> EMNIST ❌ (Uncertain)
CIFAR10:'deer' -> EMNIST ❌ (Uncertain)
CIFAR10:'dog' -> EMNIST ❌ (Uncertain)
CIFAR10:'frog' -> EMNIST ❌ (Uncertain)
CIFAR10:'horse' -> EMNIST ❌ (Uncertain)
CIFAR10:'truck' -> EMNIST ❌ (Uncertain)
Exp (Syn): New Gen + New Ent (0.15)
dynamic_entropy_ratio: 0.15
MNIST:'0' -> EMNIST ❌ (Uncertain)
MNIST:'1' -> EMNIST ❌ (Uncertain)
MNIST:'2' -> EMNIST | Predict: '0' (Ent: 0.29)
  ⚠️ [Mismatch] Cycle Back predicted '8' (Expected '2') (Ent: 0.00)
MNIST:'3' -> EMNIST ❌ (Uncertain)
MNIST:'4' -> EMNIST ❌ (Uncertain)
MNIST:'5' -> EMNIST ❌ (Uncertain)
MNIST:'6' -> EMNIST ❌ (Uncertain)
MNIST:'7' -> EMNIST ❌ (Uncertain)
MNIST:'8' -> EMNIST ❌ (Uncertain)
MNIST:'9' -> EMNIST ❌ (Uncertain)
MNIST:'0' -> CIFAR10 ❌ (Uncertain)
MNIST:'1' -> CIFAR10 ❌ (Uncertain)
MNIST:'2' -> CIFAR10 ❌ (Uncertain)
MNIST:'3' -> CIFAR10 ❌ (Uncertain)
MNIST:'4' -> CIFAR10 ❌ (Uncertain)
MNIST:'5' -> CIFAR10 ❌ (Uncertain)
MNIST:'6' -> CIFAR10 ❌ (Uncertain)
MNIST:'7' -> CIFAR10 ❌ (Uncertain)
MNIST:'8' -> CIFAR10 ❌ (Uncertain)
MNIST:'9' -> CIFAR10 ❌ (Uncertain)
EMNIST:'1' -> MNIST ❌ (Uncertain)
EMNIST:'2' -> MNIST ❌ (Uncertain)
EMNIST:'3' -> MNIST | Predict: '8' (Ent: 0.01)
EMNIST:'4' -> MNIST ❌ (Uncertain)
EMNIST:'5' -> MNIST | Predict: '8' (Ent: 0.02)
EMNIST:'6' -> MNIST ❌ (Uncertain)
EMNIST:'7' -> MNIST ❌ (Uncertain)
EMNIST:'8' -> MNIST | Predict: '8' (Ent: 0.01)
EMNIST:'9' -> MNIST ❌ (Uncertain)
EMNIST:'A' -> MNIST | Predict: '8' (Ent: 0.00)
EMNIST:'B' -> MNIST ❌ (Uncertain)
EMNIST:'C' -> MNIST | Predict: '8' (Ent: 0.00)
EMNIST:'D' -> MNIST ❌ (Uncertain)
EMNIST:'E' -> MNIST ❌ (Uncertain)
EMNIST:'F' -> MNIST | Predict: '8' (Ent: 0.00)
EMNIST:'G' -> MNIST ❌ (Uncertain)
EMNIST:'H' -> MNIST ❌ (Uncertain)
EMNIST:'I' -> MNIST ❌ (Uncertain)
EMNIST:'J' -> MNIST ❌ (Uncertain)
EMNIST:'K' -> MNIST | Predict: '8' (Ent: 0.03)
EMNIST:'L' -> MNIST ❌ (Uncertain)
EMNIST:'M' -> MNIST ❌ (Uncertain)
EMNIST:'N' -> MNIST ❌ (Uncertain)
EMNIST:'O' -> MNIST ❌ (Uncertain)
EMNIST:'P' -> MNIST ❌ (Uncertain)
EMNIST:'Q' -> MNIST ❌ (Uncertain)
EMNIST:'R' -> MNIST ❌ (Uncertain)
EMNIST:'S' -> MNIST ❌ (Uncertain)
EMNIST:'T' -> MNIST ❌ (Uncertain)
EMNIST:'U' -> MNIST ❌ (Uncertain)
EMNIST:'V' -> MNIST ❌ (Uncertain)
EMNIST:'W' -> MNIST | Predict: '8' (Ent: 0.00)
EMNIST:'X' -> MNIST ❌ (Uncertain)
EMNIST:'Y' -> MNIST ❌ (Uncertain)
EMNIST:'Z' -> MNIST | Predict: '8' (Ent: 0.00)
EMNIST:'a' -> MNIST | Predict: '8' (Ent: 0.00)
EMNIST:'b' -> MNIST ❌ (Uncertain)
EMNIST:'c' -> MNIST | Predict: '8' (Ent: 0.00)
EMNIST:'d' -> MNIST ❌ (Uncertain)
EMNIST:'e' -> MNIST ❌ (Uncertain)
EMNIST:'f' -> MNIST | Predict: '8' (Ent: 0.00)
EMNIST:'g' -> MNIST ❌ (Uncertain)
EMNIST:'h' -> MNIST ❌ (Uncertain)
EMNIST:'i' -> MNIST ❌ (Uncertain)
EMNIST:'j' -> MNIST ❌ (Uncertain)
EMNIST:'k' -> MNIST | Predict: '8' (Ent: 0.03)
EMNIST:'l' -> MNIST ❌ (Uncertain)
EMNIST:'m' -> MNIST ❌ (Uncertain)
EMNIST:'n' -> MNIST ❌ (Uncertain)
EMNIST:'o' -> MNIST ❌ (Uncertain)
EMNIST:'p' -> MNIST ❌ (Uncertain)
EMNIST:'q' -> MNIST ❌ (Uncertain)
EMNIST:'r' -> MNIST ❌ (Uncertain)
EMNIST:'s' -> MNIST ❌ (Uncertain)
EMNIST:'t' -> MNIST ❌ (Uncertain)
EMNIST:'u' -> MNIST ❌ (Uncertain)
EMNIST:'v' -> MNIST ❌ (Uncertain)
EMNIST:'w' -> MNIST | Predict: '8' (Ent: 0.00)
EMNIST:'x' -> MNIST ❌ (Uncertain)
EMNIST:'y' -> MNIST ❌ (Uncertain)
EMNIST:'z' -> MNIST | Predict: '8' (Ent: 0.00)
EMNIST:'0' -> CIFAR10 ❌ (Uncertain)
EMNIST:'1' -> CIFAR10 ❌ (Uncertain)
EMNIST:'2' -> CIFAR10 ❌ (Uncertain)
EMNIST:'3' -> CIFAR10 ❌ (Uncertain)
EMNIST:'4' -> CIFAR10 ❌ (Uncertain)
EMNIST:'5' -> CIFAR10 ❌ (Uncertain)
EMNIST:'6' -> CIFAR10 ❌ (Uncertain)
EMNIST:'7' -> CIFAR10 ❌ (Uncertain)
EMNIST:'8' -> CIFAR10 ❌ (Uncertain)
EMNIST:'9' -> CIFAR10 ❌ (Uncertain)
EMNIST:'A' -> CIFAR10 ❌ (Uncertain)
EMNIST:'B' -> CIFAR10 ❌ (Uncertain)
EMNIST:'C' -> CIFAR10 ❌ (Uncertain)
EMNIST:'D' -> CIFAR10 ❌ (Uncertain)
EMNIST:'E' -> CIFAR10 ❌ (Uncertain)
EMNIST:'F' -> CIFAR10 ❌ (Uncertain)
EMNIST:'G' -> CIFAR10 ❌ (Uncertain)
EMNIST:'H' -> CIFAR10 ❌ (Uncertain)
EMNIST:'I' -> CIFAR10 | Predict: 'airplane' (Ent: 0.14)
EMNIST:'J' -> CIFAR10 ❌ (Uncertain)
EMNIST:'K' -> CIFAR10 ❌ (Uncertain)
EMNIST:'L' -> CIFAR10 ❌ (Uncertain)
EMNIST:'M' -> CIFAR10 ❌ (Uncertain)
EMNIST:'N' -> CIFAR10 ❌ (Uncertain)
EMNIST:'O' -> CIFAR10 ❌ (Uncertain)
EMNIST:'P' -> CIFAR10 ❌ (Uncertain)
EMNIST:'Q' -> CIFAR10 ❌ (Uncertain)
EMNIST:'R' -> CIFAR10 ❌ (Uncertain)
EMNIST:'S' -> CIFAR10 ❌ (Uncertain)
EMNIST:'T' -> CIFAR10 ❌ (Uncertain)
EMNIST:'U' -> CIFAR10 ❌ (Uncertain)
EMNIST:'V' -> CIFAR10 ❌ (Uncertain)
EMNIST:'W' -> CIFAR10 ❌ (Uncertain)
EMNIST:'X' -> CIFAR10 ❌ (Uncertain)
EMNIST:'Y' -> CIFAR10 ❌ (Uncertain)
EMNIST:'Z' -> CIFAR10 ❌ (Uncertain)
EMNIST:'a' -> CIFAR10 ❌ (Uncertain)
EMNIST:'b' -> CIFAR10 ❌ (Uncertain)
EMNIST:'c' -> CIFAR10 ❌ (Uncertain)
EMNIST:'d' -> CIFAR10 ❌ (Uncertain)
EMNIST:'e' -> CIFAR10 ❌ (Uncertain)
EMNIST:'f' -> CIFAR10 ❌ (Uncertain)
EMNIST:'g' -> CIFAR10 ❌ (Uncertain)
EMNIST:'h' -> CIFAR10 ❌ (Uncertain)
EMNIST:'i' -> CIFAR10 | Predict: 'airplane' (Ent: 0.14)
EMNIST:'j' -> CIFAR10 ❌ (Uncertain)
EMNIST:'k' -> CIFAR10 ❌ (Uncertain)
EMNIST:'l' -> CIFAR10 ❌ (Uncertain)
EMNIST:'m' -> CIFAR10 ❌ (Uncertain)
EMNIST:'n' -> CIFAR10 ❌ (Uncertain)
EMNIST:'o' -> CIFAR10 ❌ (Uncertain)
EMNIST:'p' -> CIFAR10 ❌ (Uncertain)
EMNIST:'q' -> CIFAR10 ❌ (Uncertain)
EMNIST:'r' -> CIFAR10 ❌ (Uncertain)
EMNIST:'s' -> CIFAR10 ❌ (Uncertain)
EMNIST:'t' -> CIFAR10 ❌ (Uncertain)
EMNIST:'u' -> CIFAR10 ❌ (Uncertain)
EMNIST:'v' -> CIFAR10 ❌ (Uncertain)
EMNIST:'w' -> CIFAR10 ❌ (Uncertain)
EMNIST:'x' -> CIFAR10 ❌ (Uncertain)
EMNIST:'y' -> CIFAR10 ❌ (Uncertain)
EMNIST:'z' -> CIFAR10 ❌ (Uncertain)
CIFAR10:'airplane' -> MNIST ❌ (Uncertain)
CIFAR10:'automobile' -> MNIST ❌ (Uncertain)
CIFAR10:'bird' -> MNIST ❌ (Uncertain)
CIFAR10:'cat' -> MNIST ❌ (Uncertain)
CIFAR10:'deer' -> MNIST ❌ (Uncertain)
CIFAR10:'dog' -> MNIST ❌ (Uncertain)
CIFAR10:'frog' -> MNIST ❌ (Uncertain)
CIFAR10:'horse' -> MNIST ❌ (Uncertain)
CIFAR10:'ship' -> MNIST ❌ (Uncertain)
CIFAR10:'truck' -> MNIST | Predict: '8' (Ent: 0.16)
CIFAR10:'automobile' -> EMNIST ❌ (Uncertain)
CIFAR10:'bird' -> EMNIST ❌ (Uncertain)
CIFAR10:'cat' -> EMNIST ❌ (Uncertain)
CIFAR10:'deer' -> EMNIST ❌ (Uncertain)
CIFAR10:'dog' -> EMNIST ❌ (Uncertain)
CIFAR10:'frog' -> EMNIST ❌ (Uncertain)
CIFAR10:'horse' -> EMNIST ❌ (Uncertain)
CIFAR10:'ship' -> EMNIST ❌ (Uncertain)
CIFAR10:'truck' -> EMNIST ❌ (Uncertain)
Exp (Syn): New Gen + New Ent (0.2)
dynamic_entropy_ratio: 0.2
MNIST:'0' -> EMNIST ❌ (Uncertain)
MNIST:'1' -> EMNIST ❌ (Uncertain)
MNIST:'2' -> EMNIST ❌ (Uncertain)
MNIST:'3' -> EMNIST ❌ (Uncertain)
MNIST:'4' -> EMNIST ❌ (Uncertain)
MNIST:'5' -> EMNIST ❌ (Uncertain)
MNIST:'6' -> EMNIST ❌ (Uncertain)
MNIST:'7' -> EMNIST ❌ (Uncertain)
MNIST:'8' -> EMNIST | Predict: '8' (Ent: 0.79)
  ✅ [Match] MNIST:'8' <==> EMNIST:'8' (Ent: 0.01)
MNIST:'9' -> EMNIST ❌ (Uncertain)
MNIST:'0' -> CIFAR10 ❌ (Uncertain)
MNIST:'1' -> CIFAR10 ❌ (Uncertain)
MNIST:'2' -> CIFAR10 ❌ (Uncertain)
MNIST:'3' -> CIFAR10 ❌ (Uncertain)
MNIST:'4' -> CIFAR10 ❌ (Uncertain)
MNIST:'5' -> CIFAR10 ❌ (Uncertain)
MNIST:'6' -> CIFAR10 ❌ (Uncertain)
MNIST:'7' -> CIFAR10 ❌ (Uncertain)
MNIST:'8' -> CIFAR10 ❌ (Uncertain)
MNIST:'9' -> CIFAR10 ❌ (Uncertain)
EMNIST:'0' -> MNIST ❌ (Uncertain)
EMNIST:'1' -> MNIST ❌ (Uncertain)
EMNIST:'2' -> MNIST ❌ (Uncertain)
EMNIST:'3' -> MNIST | Predict: '8' (Ent: 0.09)
  ⚠️ [Mismatch] Cycle Back predicted '8' (Expected '3') (Ent: 0.79)
EMNIST:'4' -> MNIST ❌ (Uncertain)
EMNIST:'5' -> MNIST | Predict: '8' (Ent: 0.02)
  ⚠️ [Mismatch] Cycle Back predicted '8' (Expected '5') (Ent: 0.79)
EMNIST:'6' -> MNIST | Predict: '8' (Ent: 0.39)
  ⚠️ [Mismatch] Cycle Back predicted '8' (Expected '6') (Ent: 0.79)
EMNIST:'7' -> MNIST ❌ (Uncertain)
EMNIST:'9' -> MNIST ❌ (Uncertain)
EMNIST:'A' -> MNIST | Predict: '8' (Ent: 0.00)
  ⚠️ [Mismatch] Cycle Back predicted '8' (Expected 'A') (Ent: 0.79)
EMNIST:'B' -> MNIST ❌ (Uncertain)
EMNIST:'C' -> MNIST | Predict: '8' (Ent: 0.00)
  ⚠️ [Mismatch] Cycle Back predicted '8' (Expected 'C') (Ent: 0.79)
EMNIST:'D' -> MNIST ❌ (Uncertain)
EMNIST:'E' -> MNIST ❌ (Uncertain)
EMNIST:'F' -> MNIST | Predict: '8' (Ent: 0.00)
  ⚠️ [Mismatch] Cycle Back predicted '8' (Expected 'F') (Ent: 0.79)
EMNIST:'G' -> MNIST ❌ (Uncertain)
EMNIST:'H' -> MNIST ❌ (Uncertain)
EMNIST:'I' -> MNIST ❌ (Uncertain)
EMNIST:'J' -> MNIST ❌ (Uncertain)
EMNIST:'K' -> MNIST | Predict: '8' (Ent: 0.03)
  ⚠️ [Mismatch] Cycle Back predicted '8' (Expected 'K') (Ent: 0.79)
EMNIST:'L' -> MNIST ❌ (Uncertain)
EMNIST:'M' -> MNIST ❌ (Uncertain)
EMNIST:'N' -> MNIST ❌ (Uncertain)
EMNIST:'O' -> MNIST ❌ (Uncertain)
EMNIST:'P' -> MNIST ❌ (Uncertain)
EMNIST:'Q' -> MNIST | Predict: '8' (Ent: 0.46)
  ⚠️ [Mismatch] Cycle Back predicted '8' (Expected 'Q') (Ent: 0.79)
EMNIST:'R' -> MNIST ❌ (Uncertain)
EMNIST:'S' -> MNIST ❌ (Uncertain)
EMNIST:'T' -> MNIST ❌ (Uncertain)
EMNIST:'U' -> MNIST ❌ (Uncertain)
EMNIST:'V' -> MNIST ❌ (Uncertain)
EMNIST:'W' -> MNIST | Predict: '8' (Ent: 0.00)
  ⚠️ [Mismatch] Cycle Back predicted '8' (Expected 'W') (Ent: 0.79)
EMNIST:'X' -> MNIST ❌ (Uncertain)
EMNIST:'Y' -> MNIST ❌ (Uncertain)
EMNIST:'Z' -> MNIST | Predict: '8' (Ent: 0.00)
  ⚠️ [Mismatch] Cycle Back predicted '8' (Expected 'Z') (Ent: 0.79)
EMNIST:'a' -> MNIST | Predict: '8' (Ent: 0.00)
  ⚠️ [Mismatch] Cycle Back predicted '8' (Expected 'a') (Ent: 0.79)
EMNIST:'b' -> MNIST ❌ (Uncertain)
EMNIST:'c' -> MNIST | Predict: '8' (Ent: 0.00)
  ⚠️ [Mismatch] Cycle Back predicted '8' (Expected 'c') (Ent: 0.79)
EMNIST:'d' -> MNIST ❌ (Uncertain)
EMNIST:'e' -> MNIST ❌ (Uncertain)
EMNIST:'f' -> MNIST | Predict: '8' (Ent: 0.00)
  ⚠️ [Mismatch] Cycle Back predicted '8' (Expected 'f') (Ent: 0.79)
EMNIST:'g' -> MNIST ❌ (Uncertain)
EMNIST:'h' -> MNIST ❌ (Uncertain)
EMNIST:'i' -> MNIST ❌ (Uncertain)
EMNIST:'j' -> MNIST ❌ (Uncertain)
EMNIST:'k' -> MNIST | Predict: '8' (Ent: 0.03)
  ⚠️ [Mismatch] Cycle Back predicted '8' (Expected 'k') (Ent: 0.79)
EMNIST:'l' -> MNIST ❌ (Uncertain)
EMNIST:'m' -> MNIST ❌ (Uncertain)
EMNIST:'n' -> MNIST ❌ (Uncertain)
EMNIST:'o' -> MNIST ❌ (Uncertain)
EMNIST:'p' -> MNIST ❌ (Uncertain)
EMNIST:'q' -> MNIST | Predict: '8' (Ent: 0.46)
  ⚠️ [Mismatch] Cycle Back predicted '8' (Expected 'q') (Ent: 0.79)
EMNIST:'r' -> MNIST ❌ (Uncertain)
EMNIST:'s' -> MNIST ❌ (Uncertain)
EMNIST:'t' -> MNIST ❌ (Uncertain)
EMNIST:'u' -> MNIST ❌ (Uncertain)
EMNIST:'v' -> MNIST ❌ (Uncertain)
EMNIST:'w' -> MNIST | Predict: '8' (Ent: 0.00)
  ⚠️ [Mismatch] Cycle Back predicted '8' (Expected 'w') (Ent: 0.79)
EMNIST:'x' -> MNIST ❌ (Uncertain)
EMNIST:'y' -> MNIST ❌ (Uncertain)
EMNIST:'z' -> MNIST | Predict: '8' (Ent: 0.00)
  ⚠️ [Mismatch] Cycle Back predicted '8' (Expected 'z') (Ent: 0.79)
EMNIST:'0' -> CIFAR10 ❌ (Uncertain)
EMNIST:'1' -> CIFAR10 ❌ (Uncertain)
EMNIST:'2' -> CIFAR10 ❌ (Uncertain)
EMNIST:'3' -> CIFAR10 ❌ (Uncertain)
EMNIST:'4' -> CIFAR10 ❌ (Uncertain)
EMNIST:'5' -> CIFAR10 ❌ (Uncertain)
EMNIST:'6' -> CIFAR10 ❌ (Uncertain)
EMNIST:'7' -> CIFAR10 ❌ (Uncertain)
EMNIST:'8' -> CIFAR10 ❌ (Uncertain)
EMNIST:'9' -> CIFAR10 ❌ (Uncertain)
EMNIST:'A' -> CIFAR10 ❌ (Uncertain)
EMNIST:'B' -> CIFAR10 ❌ (Uncertain)
EMNIST:'C' -> CIFAR10 ❌ (Uncertain)
EMNIST:'D' -> CIFAR10 ❌ (Uncertain)
EMNIST:'E' -> CIFAR10 ❌ (Uncertain)
EMNIST:'F' -> CIFAR10 ❌ (Uncertain)
EMNIST:'G' -> CIFAR10 ❌ (Uncertain)
EMNIST:'H' -> CIFAR10 ❌ (Uncertain)
EMNIST:'I' -> CIFAR10 ❌ (Uncertain)
EMNIST:'J' -> CIFAR10 ❌ (Uncertain)
EMNIST:'K' -> CIFAR10 ❌ (Uncertain)
EMNIST:'L' -> CIFAR10 ❌ (Uncertain)
EMNIST:'M' -> CIFAR10 ❌ (Uncertain)
EMNIST:'N' -> CIFAR10 ❌ (Uncertain)
EMNIST:'O' -> CIFAR10 ❌ (Uncertain)
EMNIST:'P' -> CIFAR10 ❌ (Uncertain)
EMNIST:'Q' -> CIFAR10 ❌ (Uncertain)
EMNIST:'R' -> CIFAR10 ❌ (Uncertain)
EMNIST:'S' -> CIFAR10 ❌ (Uncertain)
EMNIST:'T' -> CIFAR10 ❌ (Uncertain)
EMNIST:'U' -> CIFAR10 ❌ (Uncertain)
EMNIST:'V' -> CIFAR10 ❌ (Uncertain)
EMNIST:'W' -> CIFAR10 ❌ (Uncertain)
EMNIST:'X' -> CIFAR10 ❌ (Uncertain)
EMNIST:'Y' -> CIFAR10 ❌ (Uncertain)
EMNIST:'Z' -> CIFAR10 ❌ (Uncertain)
EMNIST:'a' -> CIFAR10 ❌ (Uncertain)
EMNIST:'b' -> CIFAR10 ❌ (Uncertain)
EMNIST:'c' -> CIFAR10 ❌ (Uncertain)
EMNIST:'d' -> CIFAR10 ❌ (Uncertain)
EMNIST:'e' -> CIFAR10 ❌ (Uncertain)
EMNIST:'f' -> CIFAR10 ❌ (Uncertain)
EMNIST:'g' -> CIFAR10 ❌ (Uncertain)
EMNIST:'h' -> CIFAR10 ❌ (Uncertain)
EMNIST:'i' -> CIFAR10 ❌ (Uncertain)
EMNIST:'j' -> CIFAR10 ❌ (Uncertain)
EMNIST:'k' -> CIFAR10 ❌ (Uncertain)
EMNIST:'l' -> CIFAR10 ❌ (Uncertain)
EMNIST:'m' -> CIFAR10 ❌ (Uncertain)
EMNIST:'n' -> CIFAR10 ❌ (Uncertain)
EMNIST:'o' -> CIFAR10 ❌ (Uncertain)
EMNIST:'p' -> CIFAR10 ❌ (Uncertain)
EMNIST:'q' -> CIFAR10 ❌ (Uncertain)
EMNIST:'r' -> CIFAR10 ❌ (Uncertain)
EMNIST:'s' -> CIFAR10 ❌ (Uncertain)
EMNIST:'t' -> CIFAR10 ❌ (Uncertain)
EMNIST:'u' -> CIFAR10 ❌ (Uncertain)
EMNIST:'v' -> CIFAR10 ❌ (Uncertain)
EMNIST:'w' -> CIFAR10 ❌ (Uncertain)
EMNIST:'x' -> CIFAR10 ❌ (Uncertain)
EMNIST:'y' -> CIFAR10 ❌ (Uncertain)
EMNIST:'z' -> CIFAR10 ❌ (Uncertain)
CIFAR10:'airplane' -> MNIST ❌ (Uncertain)
CIFAR10:'automobile' -> MNIST ❌ (Uncertain)
CIFAR10:'bird' -> MNIST ❌ (Uncertain)
CIFAR10:'cat' -> MNIST ❌ (Uncertain)
CIFAR10:'deer' -> MNIST ❌ (Uncertain)
CIFAR10:'dog' -> MNIST ❌ (Uncertain)
CIFAR10:'frog' -> MNIST ❌ (Uncertain)
CIFAR10:'horse' -> MNIST ❌ (Uncertain)
CIFAR10:'ship' -> MNIST ❌ (Uncertain)
CIFAR10:'truck' -> MNIST | Predict: '8' (Ent: 0.26)
CIFAR10:'airplane' -> EMNIST ❌ (Uncertain)
CIFAR10:'automobile' -> EMNIST ❌ (Uncertain)
CIFAR10:'bird' -> EMNIST ❌ (Uncertain)
CIFAR10:'cat' -> EMNIST ❌ (Uncertain)
CIFAR10:'deer' -> EMNIST ❌ (Uncertain)
CIFAR10:'dog' -> EMNIST ❌ (Uncertain)
CIFAR10:'frog' -> EMNIST ❌ (Uncertain)
CIFAR10:'horse' -> EMNIST ❌ (Uncertain)
CIFAR10:'ship' -> EMNIST ❌ (Uncertain)
CIFAR10:'truck' -> EMNIST ❌ (Uncertain)
Exp (Syn): New Gen + New Ent (0.25)
dynamic_entropy_ratio: 0.25
MNIST:'0' -> EMNIST ❌ (Uncertain)
MNIST:'1' -> EMNIST ❌ (Uncertain)
MNIST:'2' -> EMNIST ❌ (Uncertain)
MNIST:'3' -> EMNIST ❌ (Uncertain)
MNIST:'4' -> EMNIST ❌ (Uncertain)
MNIST:'5' -> EMNIST ❌ (Uncertain)
MNIST:'6' -> EMNIST ❌ (Uncertain)
MNIST:'7' -> EMNIST ❌ (Uncertain)
MNIST:'8' -> EMNIST | Predict: '8' (Ent: 0.88)
  ✅ [Match] MNIST:'8' <==> EMNIST:'8' (Ent: 0.44)
MNIST:'9' -> EMNIST ❌ (Uncertain)
MNIST:'0' -> CIFAR10 ❌ (Uncertain)
MNIST:'1' -> CIFAR10 ❌ (Uncertain)
MNIST:'2' -> CIFAR10 ❌ (Uncertain)
MNIST:'3' -> CIFAR10 ❌ (Uncertain)
MNIST:'4' -> CIFAR10 ❌ (Uncertain)
MNIST:'5' -> CIFAR10 ❌ (Uncertain)
MNIST:'6' -> CIFAR10 ❌ (Uncertain)
MNIST:'7' -> CIFAR10 ❌ (Uncertain)
MNIST:'8' -> CIFAR10 | Predict: 'dog' (Ent: 0.53)
MNIST:'9' -> CIFAR10 ❌ (Uncertain)
EMNIST:'0' -> MNIST ❌ (Uncertain)
EMNIST:'1' -> MNIST | Predict: '8' (Ent: 0.50)
  ⚠️ [Mismatch] Cycle Back predicted '8' (Expected '1') (Ent: 0.88)
EMNIST:'2' -> MNIST ❌ (Uncertain)
EMNIST:'3' -> MNIST | Predict: '8' (Ent: 0.09)
  ⚠️ [Mismatch] Cycle Back predicted '8' (Expected '3') (Ent: 0.88)
EMNIST:'4' -> MNIST ❌ (Uncertain)
EMNIST:'5' -> MNIST | Predict: '8' (Ent: 0.02)
  ⚠️ [Mismatch] Cycle Back predicted '8' (Expected '5') (Ent: 0.88)
EMNIST:'6' -> MNIST | Predict: '8' (Ent: 0.39)
  ⚠️ [Mismatch] Cycle Back predicted '8' (Expected '6') (Ent: 0.88)
EMNIST:'7' -> MNIST ❌ (Uncertain)
EMNIST:'9' -> MNIST ❌ (Uncertain)
EMNIST:'A' -> MNIST | Predict: '8' (Ent: 0.00)
  ⚠️ [Mismatch] Cycle Back predicted '8' (Expected 'A') (Ent: 0.88)
EMNIST:'B' -> MNIST ❌ (Uncertain)
EMNIST:'C' -> MNIST | Predict: '8' (Ent: 0.52)
  ⚠️ [Mismatch] Cycle Back predicted '8' (Expected 'C') (Ent: 0.88)
EMNIST:'D' -> MNIST | Predict: '8' (Ent: 0.51)
  ⚠️ [Mismatch] Cycle Back predicted '8' (Expected 'D') (Ent: 0.88)
EMNIST:'E' -> MNIST ❌ (Uncertain)
EMNIST:'F' -> MNIST | Predict: '8' (Ent: 0.14)
  ⚠️ [Mismatch] Cycle Back predicted '8' (Expected 'F') (Ent: 0.88)
EMNIST:'G' -> MNIST ❌ (Uncertain)
EMNIST:'H' -> MNIST | Predict: '8' (Ent: 0.50)
  ⚠️ [Mismatch] Cycle Back predicted '8' (Expected 'H') (Ent: 0.88)
EMNIST:'I' -> MNIST | Predict: '8' (Ent: 0.51)
  ⚠️ [Mismatch] Cycle Back predicted '8' (Expected 'I') (Ent: 0.88)
EMNIST:'J' -> MNIST ❌ (Uncertain)
EMNIST:'K' -> MNIST | Predict: '8' (Ent: 0.03)
  ⚠️ [Mismatch] Cycle Back predicted '8' (Expected 'K') (Ent: 0.88)
EMNIST:'L' -> MNIST ❌ (Uncertain)
EMNIST:'M' -> MNIST ❌ (Uncertain)
EMNIST:'N' -> MNIST ❌ (Uncertain)
EMNIST:'O' -> MNIST | Predict: '8' (Ent: 0.50)
  ⚠️ [Mismatch] Cycle Back predicted '8' (Expected 'O') (Ent: 0.88)
EMNIST:'P' -> MNIST ❌ (Uncertain)
EMNIST:'Q' -> MNIST | Predict: '8' (Ent: 0.46)
  ⚠️ [Mismatch] Cycle Back predicted '8' (Expected 'Q') (Ent: 0.88)
EMNIST:'R' -> MNIST ❌ (Uncertain)
EMNIST:'S' -> MNIST | Predict: '8' (Ent: 0.57)
  ⚠️ [Mismatch] Cycle Back predicted '8' (Expected 'S') (Ent: 0.88)
EMNIST:'T' -> MNIST ❌ (Uncertain)
EMNIST:'U' -> MNIST ❌ (Uncertain)
EMNIST:'V' -> MNIST ❌ (Uncertain)
EMNIST:'W' -> MNIST | Predict: '8' (Ent: 0.00)
  ⚠️ [Mismatch] Cycle Back predicted '8' (Expected 'W') (Ent: 0.88)
EMNIST:'X' -> MNIST | Predict: '8' (Ent: 0.56)
  ⚠️ [Mismatch] Cycle Back predicted '8' (Expected 'X') (Ent: 0.88)
EMNIST:'Y' -> MNIST ❌ (Uncertain)
EMNIST:'Z' -> MNIST | Predict: '8' (Ent: 0.48)
  ⚠️ [Mismatch] Cycle Back predicted '8' (Expected 'Z') (Ent: 0.88)
EMNIST:'a' -> MNIST | Predict: '8' (Ent: 0.00)
  ⚠️ [Mismatch] Cycle Back predicted '8' (Expected 'a') (Ent: 0.88)
EMNIST:'b' -> MNIST ❌ (Uncertain)
EMNIST:'c' -> MNIST | Predict: '8' (Ent: 0.52)
  ⚠️ [Mismatch] Cycle Back predicted '8' (Expected 'c') (Ent: 0.88)
EMNIST:'d' -> MNIST | Predict: '8' (Ent: 0.51)
  ⚠️ [Mismatch] Cycle Back predicted '8' (Expected 'd') (Ent: 0.88)
EMNIST:'e' -> MNIST ❌ (Uncertain)
EMNIST:'f' -> MNIST | Predict: '8' (Ent: 0.14)
  ⚠️ [Mismatch] Cycle Back predicted '8' (Expected 'f') (Ent: 0.88)
EMNIST:'g' -> MNIST ❌ (Uncertain)
EMNIST:'h' -> MNIST | Predict: '8' (Ent: 0.50)
  ⚠️ [Mismatch] Cycle Back predicted '8' (Expected 'h') (Ent: 0.88)
EMNIST:'i' -> MNIST | Predict: '8' (Ent: 0.51)
  ⚠️ [Mismatch] Cycle Back predicted '8' (Expected 'i') (Ent: 0.88)
EMNIST:'j' -> MNIST ❌ (Uncertain)
EMNIST:'k' -> MNIST | Predict: '8' (Ent: 0.03)
  ⚠️ [Mismatch] Cycle Back predicted '8' (Expected 'k') (Ent: 0.88)
EMNIST:'l' -> MNIST ❌ (Uncertain)
EMNIST:'m' -> MNIST ❌ (Uncertain)
EMNIST:'n' -> MNIST ❌ (Uncertain)
EMNIST:'o' -> MNIST | Predict: '8' (Ent: 0.50)
  ⚠️ [Mismatch] Cycle Back predicted '8' (Expected 'o') (Ent: 0.88)
EMNIST:'p' -> MNIST ❌ (Uncertain)
EMNIST:'q' -> MNIST | Predict: '8' (Ent: 0.46)
  ⚠️ [Mismatch] Cycle Back predicted '8' (Expected 'q') (Ent: 0.88)
EMNIST:'r' -> MNIST ❌ (Uncertain)
EMNIST:'s' -> MNIST | Predict: '8' (Ent: 0.57)
  ⚠️ [Mismatch] Cycle Back predicted '8' (Expected 's') (Ent: 0.88)
EMNIST:'t' -> MNIST ❌ (Uncertain)
EMNIST:'u' -> MNIST ❌ (Uncertain)
EMNIST:'v' -> MNIST ❌ (Uncertain)
EMNIST:'w' -> MNIST | Predict: '8' (Ent: 0.00)
  ⚠️ [Mismatch] Cycle Back predicted '8' (Expected 'w') (Ent: 0.88)
EMNIST:'x' -> MNIST | Predict: '8' (Ent: 0.56)
  ⚠️ [Mismatch] Cycle Back predicted '8' (Expected 'x') (Ent: 0.88)
EMNIST:'y' -> MNIST ❌ (Uncertain)
EMNIST:'z' -> MNIST | Predict: '8' (Ent: 0.48)
  ⚠️ [Mismatch] Cycle Back predicted '8' (Expected 'z') (Ent: 0.88)
EMNIST:'0' -> CIFAR10 ❌ (Uncertain)
EMNIST:'1' -> CIFAR10 ❌ (Uncertain)
EMNIST:'2' -> CIFAR10 ❌ (Uncertain)
EMNIST:'3' -> CIFAR10 ❌ (Uncertain)
EMNIST:'4' -> CIFAR10 ❌ (Uncertain)
EMNIST:'5' -> CIFAR10 ❌ (Uncertain)
EMNIST:'6' -> CIFAR10 ❌ (Uncertain)
EMNIST:'7' -> CIFAR10 ❌ (Uncertain)
EMNIST:'8' -> CIFAR10 ❌ (Uncertain)
EMNIST:'9' -> CIFAR10 ❌ (Uncertain)
EMNIST:'A' -> CIFAR10 ❌ (Uncertain)
EMNIST:'B' -> CIFAR10 ❌ (Uncertain)
EMNIST:'C' -> CIFAR10 ❌ (Uncertain)
EMNIST:'D' -> CIFAR10 ❌ (Uncertain)
EMNIST:'E' -> CIFAR10 ❌ (Uncertain)
EMNIST:'F' -> CIFAR10 ❌ (Uncertain)
EMNIST:'G' -> CIFAR10 ❌ (Uncertain)
EMNIST:'H' -> CIFAR10 ❌ (Uncertain)
EMNIST:'I' -> CIFAR10 ❌ (Uncertain)
EMNIST:'J' -> CIFAR10 ❌ (Uncertain)
EMNIST:'K' -> CIFAR10 | Predict: 'ship' (Ent: 0.54)
EMNIST:'L' -> CIFAR10 ❌ (Uncertain)
EMNIST:'M' -> CIFAR10 ❌ (Uncertain)
EMNIST:'N' -> CIFAR10 ❌ (Uncertain)
EMNIST:'O' -> CIFAR10 ❌ (Uncertain)
EMNIST:'P' -> CIFAR10 ❌ (Uncertain)
EMNIST:'Q' -> CIFAR10 ❌ (Uncertain)
EMNIST:'R' -> CIFAR10 ❌ (Uncertain)
EMNIST:'S' -> CIFAR10 ❌ (Uncertain)
EMNIST:'T' -> CIFAR10 ❌ (Uncertain)
EMNIST:'U' -> CIFAR10 ❌ (Uncertain)
EMNIST:'V' -> CIFAR10 ❌ (Uncertain)
EMNIST:'W' -> CIFAR10 ❌ (Uncertain)
EMNIST:'X' -> CIFAR10 ❌ (Uncertain)
EMNIST:'Y' -> CIFAR10 ❌ (Uncertain)
EMNIST:'Z' -> CIFAR10 ❌ (Uncertain)
EMNIST:'a' -> CIFAR10 ❌ (Uncertain)
EMNIST:'b' -> CIFAR10 ❌ (Uncertain)
EMNIST:'c' -> CIFAR10 ❌ (Uncertain)
EMNIST:'d' -> CIFAR10 ❌ (Uncertain)
EMNIST:'e' -> CIFAR10 ❌ (Uncertain)
EMNIST:'f' -> CIFAR10 ❌ (Uncertain)
EMNIST:'g' -> CIFAR10 ❌ (Uncertain)
EMNIST:'h' -> CIFAR10 ❌ (Uncertain)
EMNIST:'i' -> CIFAR10 ❌ (Uncertain)
EMNIST:'j' -> CIFAR10 ❌ (Uncertain)
EMNIST:'k' -> CIFAR10 | Predict: 'ship' (Ent: 0.54)
EMNIST:'l' -> CIFAR10 ❌ (Uncertain)
EMNIST:'m' -> CIFAR10 ❌ (Uncertain)
EMNIST:'n' -> CIFAR10 ❌ (Uncertain)
EMNIST:'o' -> CIFAR10 ❌ (Uncertain)
EMNIST:'p' -> CIFAR10 ❌ (Uncertain)
EMNIST:'q' -> CIFAR10 ❌ (Uncertain)
EMNIST:'r' -> CIFAR10 ❌ (Uncertain)
EMNIST:'s' -> CIFAR10 ❌ (Uncertain)
EMNIST:'t' -> CIFAR10 ❌ (Uncertain)
EMNIST:'u' -> CIFAR10 ❌ (Uncertain)
EMNIST:'v' -> CIFAR10 ❌ (Uncertain)
EMNIST:'w' -> CIFAR10 ❌ (Uncertain)
EMNIST:'x' -> CIFAR10 ❌ (Uncertain)
EMNIST:'y' -> CIFAR10 ❌ (Uncertain)
EMNIST:'z' -> CIFAR10 ❌ (Uncertain)
CIFAR10:'airplane' -> MNIST ❌ (Uncertain)
CIFAR10:'automobile' -> MNIST | Predict: '8' (Ent: 0.51)
  ⚠️ [Mismatch] Cycle Back predicted 'dog' (Expected 'automobile') (Ent: 0.53)
CIFAR10:'bird' -> MNIST ❌ (Uncertain)
CIFAR10:'cat' -> MNIST ❌ (Uncertain)
CIFAR10:'deer' -> MNIST ❌ (Uncertain)
CIFAR10:'frog' -> MNIST ❌ (Uncertain)
CIFAR10:'horse' -> MNIST ❌ (Uncertain)
CIFAR10:'ship' -> MNIST ❌ (Uncertain)
CIFAR10:'truck' -> MNIST ❌ (Uncertain)
CIFAR10:'airplane' -> EMNIST ❌ (Uncertain)
CIFAR10:'automobile' -> EMNIST ❌ (Uncertain)
CIFAR10:'bird' -> EMNIST ❌ (Uncertain)
CIFAR10:'cat' -> EMNIST ❌ (Uncertain)
CIFAR10:'deer' -> EMNIST ❌ (Uncertain)
CIFAR10:'dog' -> EMNIST ❌ (Uncertain)
CIFAR10:'frog' -> EMNIST ❌ (Uncertain)
CIFAR10:'horse' -> EMNIST ❌ (Uncertain)
CIFAR10:'truck' -> EMNIST ❌ (Uncertain)
Exp (Syn): New Gen + New Ent (0.3)
dynamic_entropy_ratio: 0.3
MNIST:'0' -> EMNIST ❌ (Uncertain)
MNIST:'1' -> EMNIST ❌ (Uncertain)
MNIST:'2' -> EMNIST ❌ (Uncertain)
MNIST:'3' -> EMNIST ❌ (Uncertain)
MNIST:'4' -> EMNIST ❌ (Uncertain)
MNIST:'5' -> EMNIST ❌ (Uncertain)
MNIST:'6' -> EMNIST ❌ (Uncertain)
MNIST:'7' -> EMNIST ❌ (Uncertain)
MNIST:'8' -> EMNIST | Predict: '8' (Ent: 0.99)
  ✅ [Match] MNIST:'8' <==> EMNIST:'8' (Ent: 0.44)
MNIST:'9' -> EMNIST ❌ (Uncertain)
MNIST:'0' -> CIFAR10 ❌ (Uncertain)
MNIST:'1' -> CIFAR10 ❌ (Uncertain)
MNIST:'2' -> CIFAR10 ❌ (Uncertain)
MNIST:'3' -> CIFAR10 ❌ (Uncertain)
MNIST:'4' -> CIFAR10 ❌ (Uncertain)
MNIST:'5' -> CIFAR10 ❌ (Uncertain)
MNIST:'6' -> CIFAR10 ❌ (Uncertain)
MNIST:'7' -> CIFAR10 ❌ (Uncertain)
MNIST:'8' -> CIFAR10 | Predict: 'dog' (Ent: 0.56)
MNIST:'9' -> CIFAR10 ❌ (Uncertain)
EMNIST:'0' -> MNIST ❌ (Uncertain)
EMNIST:'1' -> MNIST | Predict: '8' (Ent: 0.50)
  ⚠️ [Mismatch] Cycle Back predicted '8' (Expected '1') (Ent: 0.99)
EMNIST:'2' -> MNIST ❌ (Uncertain)
EMNIST:'3' -> MNIST | Predict: '8' (Ent: 0.50)
  ⚠️ [Mismatch] Cycle Back predicted '8' (Expected '3') (Ent: 0.99)
EMNIST:'4' -> MNIST ❌ (Uncertain)
EMNIST:'5' -> MNIST | Predict: '8' (Ent: 0.27)
  ⚠️ [Mismatch] Cycle Back predicted '8' (Expected '5') (Ent: 0.99)
EMNIST:'6' -> MNIST | Predict: '8' (Ent: 0.39)
  ⚠️ [Mismatch] Cycle Back predicted '8' (Expected '6') (Ent: 0.99)
EMNIST:'7' -> MNIST | Predict: '8' (Ent: 0.63)
  ⚠️ [Mismatch] Cycle Back predicted '8' (Expected '7') (Ent: 0.99)
EMNIST:'9' -> MNIST | Predict: '8' (Ent: 0.59)
  ⚠️ [Mismatch] Cycle Back predicted '8' (Expected '9') (Ent: 0.99)
EMNIST:'A' -> MNIST | Predict: '8' (Ent: 0.61)
  ⚠️ [Mismatch] Cycle Back predicted '8' (Expected 'A') (Ent: 0.99)
EMNIST:'B' -> MNIST ❌ (Uncertain)
EMNIST:'C' -> MNIST | Predict: '8' (Ent: 0.52)
  ⚠️ [Mismatch] Cycle Back predicted '8' (Expected 'C') (Ent: 0.99)
EMNIST:'D' -> MNIST | Predict: '8' (Ent: 0.51)
  ⚠️ [Mismatch] Cycle Back predicted '8' (Expected 'D') (Ent: 0.99)
EMNIST:'E' -> MNIST ❌ (Uncertain)
EMNIST:'F' -> MNIST | Predict: '8' (Ent: 0.14)
  ⚠️ [Mismatch] Cycle Back predicted '8' (Expected 'F') (Ent: 0.99)
EMNIST:'G' -> MNIST ❌ (Uncertain)
EMNIST:'H' -> MNIST ❌ (Uncertain)
EMNIST:'I' -> MNIST | Predict: '8' (Ent: 0.51)
  ⚠️ [Mismatch] Cycle Back predicted '8' (Expected 'I') (Ent: 0.99)
EMNIST:'J' -> MNIST ❌ (Uncertain)
EMNIST:'K' -> MNIST | Predict: '8' (Ent: 0.03)
  ⚠️ [Mismatch] Cycle Back predicted '8' (Expected 'K') (Ent: 0.99)
EMNIST:'L' -> MNIST ❌ (Uncertain)
EMNIST:'M' -> MNIST ❌ (Uncertain)
EMNIST:'N' -> MNIST ❌ (Uncertain)
EMNIST:'O' -> MNIST | Predict: '8' (Ent: 0.50)
  ⚠️ [Mismatch] Cycle Back predicted '8' (Expected 'O') (Ent: 0.99)
EMNIST:'P' -> MNIST ❌ (Uncertain)
EMNIST:'Q' -> MNIST | Predict: '8' (Ent: 0.46)
  ⚠️ [Mismatch] Cycle Back predicted '8' (Expected 'Q') (Ent: 0.99)
EMNIST:'R' -> MNIST ❌ (Uncertain)
EMNIST:'S' -> MNIST | Predict: '8' (Ent: 0.57)
  ⚠️ [Mismatch] Cycle Back predicted '8' (Expected 'S') (Ent: 0.99)
EMNIST:'T' -> MNIST ❌ (Uncertain)
EMNIST:'U' -> MNIST ❌ (Uncertain)
EMNIST:'V' -> MNIST ❌ (Uncertain)
EMNIST:'W' -> MNIST | Predict: '8' (Ent: 0.00)
  ⚠️ [Mismatch] Cycle Back predicted '8' (Expected 'W') (Ent: 0.99)
EMNIST:'X' -> MNIST | Predict: '8' (Ent: 0.56)
  ⚠️ [Mismatch] Cycle Back predicted '8' (Expected 'X') (Ent: 0.99)
EMNIST:'Y' -> MNIST ❌ (Uncertain)
EMNIST:'Z' -> MNIST | Predict: '8' (Ent: 0.48)
  ⚠️ [Mismatch] Cycle Back predicted '8' (Expected 'Z') (Ent: 0.99)
EMNIST:'a' -> MNIST | Predict: '8' (Ent: 0.61)
  ⚠️ [Mismatch] Cycle Back predicted '8' (Expected 'a') (Ent: 0.99)
EMNIST:'b' -> MNIST ❌ (Uncertain)
EMNIST:'c' -> MNIST | Predict: '8' (Ent: 0.52)
  ⚠️ [Mismatch] Cycle Back predicted '8' (Expected 'c') (Ent: 0.99)
EMNIST:'d' -> MNIST | Predict: '8' (Ent: 0.51)
  ⚠️ [Mismatch] Cycle Back predicted '8' (Expected 'd') (Ent: 0.99)
EMNIST:'e' -> MNIST ❌ (Uncertain)
EMNIST:'f' -> MNIST | Predict: '8' (Ent: 0.14)
  ⚠️ [Mismatch] Cycle Back predicted '8' (Expected 'f') (Ent: 0.99)
EMNIST:'g' -> MNIST ❌ (Uncertain)
EMNIST:'h' -> MNIST ❌ (Uncertain)
EMNIST:'i' -> MNIST | Predict: '8' (Ent: 0.51)
  ⚠️ [Mismatch] Cycle Back predicted '8' (Expected 'i') (Ent: 0.99)
EMNIST:'j' -> MNIST ❌ (Uncertain)
EMNIST:'k' -> MNIST | Predict: '8' (Ent: 0.03)
  ⚠️ [Mismatch] Cycle Back predicted '8' (Expected 'k') (Ent: 0.99)
EMNIST:'l' -> MNIST ❌ (Uncertain)
EMNIST:'m' -> MNIST ❌ (Uncertain)
EMNIST:'n' -> MNIST ❌ (Uncertain)
EMNIST:'o' -> MNIST | Predict: '8' (Ent: 0.50)
  ⚠️ [Mismatch] Cycle Back predicted '8' (Expected 'o') (Ent: 0.99)
EMNIST:'p' -> MNIST ❌ (Uncertain)
EMNIST:'q' -> MNIST | Predict: '8' (Ent: 0.46)
  ⚠️ [Mismatch] Cycle Back predicted '8' (Expected 'q') (Ent: 0.99)
EMNIST:'r' -> MNIST ❌ (Uncertain)
EMNIST:'s' -> MNIST | Predict: '8' (Ent: 0.57)
  ⚠️ [Mismatch] Cycle Back predicted '8' (Expected 's') (Ent: 0.99)
EMNIST:'t' -> MNIST ❌ (Uncertain)
EMNIST:'u' -> MNIST ❌ (Uncertain)
EMNIST:'v' -> MNIST ❌ (Uncertain)
EMNIST:'w' -> MNIST | Predict: '8' (Ent: 0.00)
  ⚠️ [Mismatch] Cycle Back predicted '8' (Expected 'w') (Ent: 0.99)
EMNIST:'x' -> MNIST | Predict: '8' (Ent: 0.56)
  ⚠️ [Mismatch] Cycle Back predicted '8' (Expected 'x') (Ent: 0.99)
EMNIST:'y' -> MNIST ❌ (Uncertain)
EMNIST:'z' -> MNIST | Predict: '8' (Ent: 0.48)
  ⚠️ [Mismatch] Cycle Back predicted '8' (Expected 'z') (Ent: 0.99)
EMNIST:'0' -> CIFAR10 ❌ (Uncertain)
EMNIST:'1' -> CIFAR10 ❌ (Uncertain)
EMNIST:'2' -> CIFAR10 ❌ (Uncertain)
EMNIST:'3' -> CIFAR10 ❌ (Uncertain)
EMNIST:'4' -> CIFAR10 ❌ (Uncertain)
EMNIST:'5' -> CIFAR10 ❌ (Uncertain)
EMNIST:'6' -> CIFAR10 ❌ (Uncertain)
EMNIST:'7' -> CIFAR10 ❌ (Uncertain)
EMNIST:'8' -> CIFAR10 ❌ (Uncertain)
EMNIST:'9' -> CIFAR10 ❌ (Uncertain)
EMNIST:'A' -> CIFAR10 ❌ (Uncertain)
EMNIST:'B' -> CIFAR10 ❌ (Uncertain)
EMNIST:'C' -> CIFAR10 ❌ (Uncertain)
EMNIST:'D' -> CIFAR10 ❌ (Uncertain)
EMNIST:'E' -> CIFAR10 ❌ (Uncertain)
EMNIST:'F' -> CIFAR10 ❌ (Uncertain)
EMNIST:'G' -> CIFAR10 ❌ (Uncertain)
EMNIST:'H' -> CIFAR10 ❌ (Uncertain)
EMNIST:'I' -> CIFAR10 ❌ (Uncertain)
EMNIST:'J' -> CIFAR10 ❌ (Uncertain)
EMNIST:'K' -> CIFAR10 ❌ (Uncertain)
EMNIST:'L' -> CIFAR10 ❌ (Uncertain)
EMNIST:'M' -> CIFAR10 ❌ (Uncertain)
EMNIST:'N' -> CIFAR10 ❌ (Uncertain)
EMNIST:'O' -> CIFAR10 ❌ (Uncertain)
EMNIST:'P' -> CIFAR10 ❌ (Uncertain)
EMNIST:'Q' -> CIFAR10 ❌ (Uncertain)
EMNIST:'R' -> CIFAR10 ❌ (Uncertain)
EMNIST:'S' -> CIFAR10 ❌ (Uncertain)
EMNIST:'T' -> CIFAR10 ❌ (Uncertain)
EMNIST:'U' -> CIFAR10 ❌ (Uncertain)
EMNIST:'V' -> CIFAR10 ❌ (Uncertain)
EMNIST:'W' -> CIFAR10 ❌ (Uncertain)
EMNIST:'X' -> CIFAR10 ❌ (Uncertain)
EMNIST:'Y' -> CIFAR10 ❌ (Uncertain)
EMNIST:'Z' -> CIFAR10 ❌ (Uncertain)
EMNIST:'a' -> CIFAR10 ❌ (Uncertain)
EMNIST:'b' -> CIFAR10 ❌ (Uncertain)
EMNIST:'c' -> CIFAR10 ❌ (Uncertain)
EMNIST:'d' -> CIFAR10 ❌ (Uncertain)
EMNIST:'e' -> CIFAR10 ❌ (Uncertain)
EMNIST:'f' -> CIFAR10 ❌ (Uncertain)
EMNIST:'g' -> CIFAR10 ❌ (Uncertain)
EMNIST:'h' -> CIFAR10 ❌ (Uncertain)
EMNIST:'i' -> CIFAR10 ❌ (Uncertain)
EMNIST:'j' -> CIFAR10 ❌ (Uncertain)
EMNIST:'k' -> CIFAR10 ❌ (Uncertain)
EMNIST:'l' -> CIFAR10 ❌ (Uncertain)
EMNIST:'m' -> CIFAR10 ❌ (Uncertain)
EMNIST:'n' -> CIFAR10 ❌ (Uncertain)
EMNIST:'o' -> CIFAR10 ❌ (Uncertain)
EMNIST:'p' -> CIFAR10 ❌ (Uncertain)
EMNIST:'q' -> CIFAR10 ❌ (Uncertain)
EMNIST:'r' -> CIFAR10 ❌ (Uncertain)
EMNIST:'s' -> CIFAR10 ❌ (Uncertain)
EMNIST:'t' -> CIFAR10 ❌ (Uncertain)
EMNIST:'u' -> CIFAR10 ❌ (Uncertain)
EMNIST:'v' -> CIFAR10 ❌ (Uncertain)
EMNIST:'w' -> CIFAR10 ❌ (Uncertain)
EMNIST:'x' -> CIFAR10 ❌ (Uncertain)
EMNIST:'y' -> CIFAR10 ❌ (Uncertain)
EMNIST:'z' -> CIFAR10 ❌ (Uncertain)
CIFAR10:'airplane' -> MNIST ❌ (Uncertain)
CIFAR10:'automobile' -> MNIST ❌ (Uncertain)
CIFAR10:'bird' -> MNIST ❌ (Uncertain)
CIFAR10:'cat' -> MNIST ❌ (Uncertain)
CIFAR10:'deer' -> MNIST ❌ (Uncertain)
CIFAR10:'frog' -> MNIST ❌ (Uncertain)
CIFAR10:'horse' -> MNIST ❌ (Uncertain)
CIFAR10:'ship' -> MNIST ❌ (Uncertain)
CIFAR10:'truck' -> MNIST ❌ (Uncertain)
CIFAR10:'airplane' -> EMNIST ❌ (Uncertain)
CIFAR10:'automobile' -> EMNIST ❌ (Uncertain)
CIFAR10:'bird' -> EMNIST ❌ (Uncertain)
CIFAR10:'cat' -> EMNIST ❌ (Uncertain)
CIFAR10:'deer' -> EMNIST ❌ (Uncertain)
CIFAR10:'dog' -> EMNIST ❌ (Uncertain)
CIFAR10:'frog' -> EMNIST ❌ (Uncertain)
CIFAR10:'horse' -> EMNIST | Predict: '0' (Ent: 1.18)
CIFAR10:'ship' -> EMNIST ❌ (Uncertain)
CIFAR10:'truck' -> EMNIST ❌ (Uncertain)
Exp (Syn): New Gen + New Ent (0.35)
dynamic_entropy_ratio: 0.35
MNIST:'0' -> EMNIST ❌ (Uncertain)
MNIST:'1' -> EMNIST ❌ (Uncertain)
MNIST:'2' -> EMNIST ❌ (Uncertain)
MNIST:'3' -> EMNIST ❌ (Uncertain)
MNIST:'4' -> EMNIST ❌ (Uncertain)
MNIST:'5' -> EMNIST ❌ (Uncertain)
MNIST:'6' -> EMNIST ❌ (Uncertain)
MNIST:'7' -> EMNIST | Predict: '0' (Ent: 1.27)
MNIST:'8' -> EMNIST | Predict: '8' (Ent: 0.99)
  ✅ [Match] MNIST:'8' <==> EMNIST:'8' (Ent: 0.44)
MNIST:'9' -> EMNIST ❌ (Uncertain)
MNIST:'0' -> CIFAR10 ❌ (Uncertain)
MNIST:'1' -> CIFAR10 ❌ (Uncertain)
MNIST:'2' -> CIFAR10 ❌ (Uncertain)
MNIST:'3' -> CIFAR10 ❌ (Uncertain)
MNIST:'4' -> CIFAR10 ❌ (Uncertain)
MNIST:'5' -> CIFAR10 ❌ (Uncertain)
MNIST:'6' -> CIFAR10 ❌ (Uncertain)
MNIST:'7' -> CIFAR10 ❌ (Uncertain)
MNIST:'8' -> CIFAR10 | Predict: 'dog' (Ent: 0.56)
MNIST:'9' -> CIFAR10 ❌ (Uncertain)
EMNIST:'1' -> MNIST ❌ (Uncertain)
EMNIST:'2' -> MNIST | Predict: '8' (Ent: 0.74)
  ⚠️ [Mismatch] Cycle Back predicted '8' (Expected '2') (Ent: 0.99)
EMNIST:'3' -> MNIST | Predict: '8' (Ent: 0.50)
  ⚠️ [Mismatch] Cycle Back predicted '8' (Expected '3') (Ent: 0.99)
EMNIST:'4' -> MNIST ❌ (Uncertain)
EMNIST:'5' -> MNIST | Predict: '8' (Ent: 0.27)
  ⚠️ [Mismatch] Cycle Back predicted '8' (Expected '5') (Ent: 0.99)
EMNIST:'6' -> MNIST | Predict: '8' (Ent: 0.39)
  ⚠️ [Mismatch] Cycle Back predicted '8' (Expected '6') (Ent: 0.99)
EMNIST:'7' -> MNIST | Predict: '8' (Ent: 0.73)
  ⚠️ [Mismatch] Cycle Back predicted '8' (Expected '7') (Ent: 0.99)
EMNIST:'9' -> MNIST | Predict: '8' (Ent: 0.59)
  ⚠️ [Mismatch] Cycle Back predicted '8' (Expected '9') (Ent: 0.99)
EMNIST:'A' -> MNIST | Predict: '8' (Ent: 0.61)
  ⚠️ [Mismatch] Cycle Back predicted '8' (Expected 'A') (Ent: 0.99)
EMNIST:'B' -> MNIST ❌ (Uncertain)
EMNIST:'C' -> MNIST ❌ (Uncertain)
EMNIST:'D' -> MNIST ❌ (Uncertain)
EMNIST:'E' -> MNIST ❌ (Uncertain)
EMNIST:'F' -> MNIST | Predict: '8' (Ent: 0.14)
  ⚠️ [Mismatch] Cycle Back predicted '8' (Expected 'F') (Ent: 0.99)
EMNIST:'G' -> MNIST | Predict: '8' (Ent: 0.81)
  ⚠️ [Mismatch] Cycle Back predicted '8' (Expected 'G') (Ent: 0.99)
EMNIST:'H' -> MNIST ❌ (Uncertain)
EMNIST:'I' -> MNIST | Predict: '8' (Ent: 0.51)
  ⚠️ [Mismatch] Cycle Back predicted '8' (Expected 'I') (Ent: 0.99)
EMNIST:'J' -> MNIST | Predict: '8' (Ent: 0.80)
  ⚠️ [Mismatch] Cycle Back predicted '8' (Expected 'J') (Ent: 0.99)
EMNIST:'K' -> MNIST | Predict: '8' (Ent: 0.52)
  ⚠️ [Mismatch] Cycle Back predicted '8' (Expected 'K') (Ent: 0.99)
EMNIST:'L' -> MNIST ❌ (Uncertain)
EMNIST:'M' -> MNIST | Predict: '8' (Ent: 0.70)
  ⚠️ [Mismatch] Cycle Back predicted '8' (Expected 'M') (Ent: 0.99)
EMNIST:'N' -> MNIST ❌ (Uncertain)
EMNIST:'O' -> MNIST ❌ (Uncertain)
EMNIST:'P' -> MNIST ❌ (Uncertain)
EMNIST:'Q' -> MNIST | Predict: '8' (Ent: 0.46)
  ⚠️ [Mismatch] Cycle Back predicted '8' (Expected 'Q') (Ent: 0.99)
EMNIST:'R' -> MNIST ❌ (Uncertain)
EMNIST:'S' -> MNIST | Predict: '8' (Ent: 0.57)
  ⚠️ [Mismatch] Cycle Back predicted '8' (Expected 'S') (Ent: 0.99)
EMNIST:'T' -> MNIST ❌ (Uncertain)
EMNIST:'U' -> MNIST | Predict: '8' (Ent: 0.71)
  ⚠️ [Mismatch] Cycle Back predicted '8' (Expected 'U') (Ent: 0.99)
EMNIST:'V' -> MNIST ❌ (Uncertain)
EMNIST:'W' -> MNIST | Predict: '8' (Ent: 0.62)
  ⚠️ [Mismatch] Cycle Back predicted '8' (Expected 'W') (Ent: 0.99)
EMNIST:'X' -> MNIST | Predict: '8' (Ent: 0.75)
  ⚠️ [Mismatch] Cycle Back predicted '8' (Expected 'X') (Ent: 0.99)
EMNIST:'Y' -> MNIST | Predict: '8' (Ent: 0.74)
  ⚠️ [Mismatch] Cycle Back predicted '8' (Expected 'Y') (Ent: 0.99)
EMNIST:'Z' -> MNIST | Predict: '8' (Ent: 0.48)
  ⚠️ [Mismatch] Cycle Back predicted '8' (Expected 'Z') (Ent: 0.99)
EMNIST:'a' -> MNIST | Predict: '8' (Ent: 0.61)
  ⚠️ [Mismatch] Cycle Back predicted '8' (Expected 'a') (Ent: 0.99)
EMNIST:'b' -> MNIST ❌ (Uncertain)
EMNIST:'c' -> MNIST ❌ (Uncertain)
EMNIST:'d' -> MNIST ❌ (Uncertain)
EMNIST:'e' -> MNIST ❌ (Uncertain)
EMNIST:'f' -> MNIST | Predict: '8' (Ent: 0.14)
  ⚠️ [Mismatch] Cycle Back predicted '8' (Expected 'f') (Ent: 0.99)
EMNIST:'g' -> MNIST | Predict: '8' (Ent: 0.81)
  ⚠️ [Mismatch] Cycle Back predicted '8' (Expected 'g') (Ent: 0.99)
EMNIST:'h' -> MNIST ❌ (Uncertain)
EMNIST:'i' -> MNIST | Predict: '8' (Ent: 0.51)
  ⚠️ [Mismatch] Cycle Back predicted '8' (Expected 'i') (Ent: 0.99)
EMNIST:'j' -> MNIST | Predict: '8' (Ent: 0.80)
  ⚠️ [Mismatch] Cycle Back predicted '8' (Expected 'j') (Ent: 0.99)
EMNIST:'k' -> MNIST | Predict: '8' (Ent: 0.52)
  ⚠️ [Mismatch] Cycle Back predicted '8' (Expected 'k') (Ent: 0.99)
EMNIST:'l' -> MNIST ❌ (Uncertain)
EMNIST:'m' -> MNIST | Predict: '8' (Ent: 0.70)
  ⚠️ [Mismatch] Cycle Back predicted '8' (Expected 'm') (Ent: 0.99)
EMNIST:'n' -> MNIST ❌ (Uncertain)
EMNIST:'o' -> MNIST ❌ (Uncertain)
EMNIST:'p' -> MNIST ❌ (Uncertain)
EMNIST:'q' -> MNIST | Predict: '8' (Ent: 0.46)
  ⚠️ [Mismatch] Cycle Back predicted '8' (Expected 'q') (Ent: 0.99)
EMNIST:'r' -> MNIST ❌ (Uncertain)
EMNIST:'s' -> MNIST | Predict: '8' (Ent: 0.57)
  ⚠️ [Mismatch] Cycle Back predicted '8' (Expected 's') (Ent: 0.99)
EMNIST:'t' -> MNIST ❌ (Uncertain)
EMNIST:'u' -> MNIST | Predict: '8' (Ent: 0.71)
  ⚠️ [Mismatch] Cycle Back predicted '8' (Expected 'u') (Ent: 0.99)
EMNIST:'v' -> MNIST ❌ (Uncertain)
EMNIST:'w' -> MNIST | Predict: '8' (Ent: 0.62)
  ⚠️ [Mismatch] Cycle Back predicted '8' (Expected 'w') (Ent: 0.99)
EMNIST:'x' -> MNIST | Predict: '8' (Ent: 0.75)
  ⚠️ [Mismatch] Cycle Back predicted '8' (Expected 'x') (Ent: 0.99)
EMNIST:'y' -> MNIST | Predict: '8' (Ent: 0.74)
  ⚠️ [Mismatch] Cycle Back predicted '8' (Expected 'y') (Ent: 0.99)
EMNIST:'z' -> MNIST | Predict: '8' (Ent: 0.48)
  ⚠️ [Mismatch] Cycle Back predicted '8' (Expected 'z') (Ent: 0.99)
EMNIST:'0' -> CIFAR10 ❌ (Uncertain)
EMNIST:'1' -> CIFAR10 ❌ (Uncertain)
EMNIST:'2' -> CIFAR10 ❌ (Uncertain)
EMNIST:'3' -> CIFAR10 ❌ (Uncertain)
EMNIST:'4' -> CIFAR10 ❌ (Uncertain)
EMNIST:'5' -> CIFAR10 ❌ (Uncertain)
EMNIST:'6' -> CIFAR10 ❌ (Uncertain)
EMNIST:'7' -> CIFAR10 ❌ (Uncertain)
EMNIST:'8' -> CIFAR10 ❌ (Uncertain)
EMNIST:'9' -> CIFAR10 ❌ (Uncertain)
EMNIST:'A' -> CIFAR10 ❌ (Uncertain)
EMNIST:'B' -> CIFAR10 ❌ (Uncertain)
EMNIST:'C' -> CIFAR10 ❌ (Uncertain)
EMNIST:'D' -> CIFAR10 ❌ (Uncertain)
EMNIST:'E' -> CIFAR10 ❌ (Uncertain)
EMNIST:'F' -> CIFAR10 ❌ (Uncertain)
EMNIST:'G' -> CIFAR10 ❌ (Uncertain)
EMNIST:'H' -> CIFAR10 ❌ (Uncertain)
EMNIST:'I' -> CIFAR10 ❌ (Uncertain)
EMNIST:'J' -> CIFAR10 ❌ (Uncertain)
EMNIST:'K' -> CIFAR10 ❌ (Uncertain)
EMNIST:'L' -> CIFAR10 ❌ (Uncertain)
EMNIST:'M' -> CIFAR10 ❌ (Uncertain)
EMNIST:'N' -> CIFAR10 ❌ (Uncertain)
EMNIST:'O' -> CIFAR10 ❌ (Uncertain)
EMNIST:'P' -> CIFAR10 ❌ (Uncertain)
EMNIST:'Q' -> CIFAR10 ❌ (Uncertain)
EMNIST:'R' -> CIFAR10 ❌ (Uncertain)
EMNIST:'S' -> CIFAR10 ❌ (Uncertain)
EMNIST:'T' -> CIFAR10 ❌ (Uncertain)
EMNIST:'U' -> CIFAR10 ❌ (Uncertain)
EMNIST:'V' -> CIFAR10 ❌ (Uncertain)
EMNIST:'W' -> CIFAR10 ❌ (Uncertain)
EMNIST:'X' -> CIFAR10 ❌ (Uncertain)
EMNIST:'Y' -> CIFAR10 ❌ (Uncertain)
EMNIST:'Z' -> CIFAR10 ❌ (Uncertain)
EMNIST:'a' -> CIFAR10 ❌ (Uncertain)
EMNIST:'b' -> CIFAR10 ❌ (Uncertain)
EMNIST:'c' -> CIFAR10 ❌ (Uncertain)
EMNIST:'d' -> CIFAR10 ❌ (Uncertain)
EMNIST:'e' -> CIFAR10 ❌ (Uncertain)
EMNIST:'f' -> CIFAR10 ❌ (Uncertain)
EMNIST:'g' -> CIFAR10 ❌ (Uncertain)
EMNIST:'h' -> CIFAR10 ❌ (Uncertain)
EMNIST:'i' -> CIFAR10 ❌ (Uncertain)
EMNIST:'j' -> CIFAR10 ❌ (Uncertain)
EMNIST:'k' -> CIFAR10 ❌ (Uncertain)
EMNIST:'l' -> CIFAR10 ❌ (Uncertain)
EMNIST:'m' -> CIFAR10 ❌ (Uncertain)
EMNIST:'n' -> CIFAR10 ❌ (Uncertain)
EMNIST:'o' -> CIFAR10 ❌ (Uncertain)
EMNIST:'p' -> CIFAR10 ❌ (Uncertain)
EMNIST:'q' -> CIFAR10 ❌ (Uncertain)
EMNIST:'r' -> CIFAR10 ❌ (Uncertain)
EMNIST:'s' -> CIFAR10 ❌ (Uncertain)
EMNIST:'t' -> CIFAR10 ❌ (Uncertain)
EMNIST:'u' -> CIFAR10 ❌ (Uncertain)
EMNIST:'v' -> CIFAR10 ❌ (Uncertain)
EMNIST:'w' -> CIFAR10 ❌ (Uncertain)
EMNIST:'x' -> CIFAR10 ❌ (Uncertain)
EMNIST:'y' -> CIFAR10 ❌ (Uncertain)
EMNIST:'z' -> CIFAR10 ❌ (Uncertain)
CIFAR10:'airplane' -> MNIST ❌ (Uncertain)
CIFAR10:'automobile' -> MNIST ❌ (Uncertain)
CIFAR10:'bird' -> MNIST ❌ (Uncertain)
CIFAR10:'cat' -> MNIST ❌ (Uncertain)
CIFAR10:'deer' -> MNIST ❌ (Uncertain)
CIFAR10:'frog' -> MNIST ❌ (Uncertain)
CIFAR10:'horse' -> MNIST ❌ (Uncertain)
CIFAR10:'ship' -> MNIST ❌ (Uncertain)
CIFAR10:'truck' -> MNIST | Predict: '8' (Ent: 0.79)
  ⚠️ [Mismatch] Cycle Back predicted 'dog' (Expected 'truck') (Ent: 0.56)
CIFAR10:'airplane' -> EMNIST ❌ (Uncertain)
CIFAR10:'automobile' -> EMNIST ❌ (Uncertain)
CIFAR10:'bird' -> EMNIST ❌ (Uncertain)
CIFAR10:'cat' -> EMNIST ❌ (Uncertain)
CIFAR10:'deer' -> EMNIST ❌ (Uncertain)
CIFAR10:'dog' -> EMNIST ❌ (Uncertain)
CIFAR10:'frog' -> EMNIST ❌ (Uncertain)
CIFAR10:'horse' -> EMNIST | Predict: '0' (Ent: 1.18)
CIFAR10:'ship' -> EMNIST ❌ (Uncertain)
CIFAR10:'truck' -> EMNIST ❌ (Uncertain)
Exp (Syn): New Gen + New Ent (0.4)
dynamic_entropy_ratio: 0.4
MNIST:'0' -> EMNIST ❌ (Uncertain)
MNIST:'1' -> EMNIST ❌ (Uncertain)
MNIST:'2' -> EMNIST ❌ (Uncertain)
MNIST:'3' -> EMNIST ❌ (Uncertain)
MNIST:'4' -> EMNIST ❌ (Uncertain)
MNIST:'5' -> EMNIST ❌ (Uncertain)
MNIST:'6' -> EMNIST ❌ (Uncertain)
MNIST:'7' -> EMNIST ❌ (Uncertain)
MNIST:'8' -> EMNIST | Predict: '8' (Ent: 1.35)
  ✅ [Match] MNIST:'8' <==> EMNIST:'8' (Ent: 0.44)
MNIST:'9' -> EMNIST ❌ (Uncertain)
MNIST:'0' -> CIFAR10 ❌ (Uncertain)
MNIST:'1' -> CIFAR10 ❌ (Uncertain)
MNIST:'2' -> CIFAR10 ❌ (Uncertain)
MNIST:'3' -> CIFAR10 ❌ (Uncertain)
MNIST:'4' -> CIFAR10 ❌ (Uncertain)
MNIST:'5' -> CIFAR10 ❌ (Uncertain)
MNIST:'6' -> CIFAR10 | Predict: 'dog' (Ent: 0.87)
MNIST:'7' -> CIFAR10 ❌ (Uncertain)
MNIST:'8' -> CIFAR10 | Predict: 'dog' (Ent: 0.56)
MNIST:'9' -> CIFAR10 ❌ (Uncertain)
EMNIST:'0' -> MNIST ❌ (Uncertain)
EMNIST:'1' -> MNIST ❌ (Uncertain)
EMNIST:'2' -> MNIST | Predict: '8' (Ent: 0.74)
  ⚠️ [Mismatch] Cycle Back predicted '8' (Expected '2') (Ent: 1.35)
EMNIST:'3' -> MNIST | Predict: '8' (Ent: 0.50)
  ⚠️ [Mismatch] Cycle Back predicted '8' (Expected '3') (Ent: 1.35)
EMNIST:'4' -> MNIST ❌ (Uncertain)
EMNIST:'5' -> MNIST | Predict: '8' (Ent: 0.45)
  ⚠️ [Mismatch] Cycle Back predicted '8' (Expected '5') (Ent: 1.35)
EMNIST:'6' -> MNIST | Predict: '8' (Ent: 0.39)
  ⚠️ [Mismatch] Cycle Back predicted '8' (Expected '6') (Ent: 1.35)
EMNIST:'7' -> MNIST | Predict: '8' (Ent: 0.73)
  ⚠️ [Mismatch] Cycle Back predicted '8' (Expected '7') (Ent: 1.35)
EMNIST:'9' -> MNIST | Predict: '8' (Ent: 0.66)
  ⚠️ [Mismatch] Cycle Back predicted '8' (Expected '9') (Ent: 1.35)
EMNIST:'A' -> MNIST | Predict: '8' (Ent: 0.61)
  ⚠️ [Mismatch] Cycle Back predicted '8' (Expected 'A') (Ent: 1.35)
EMNIST:'B' -> MNIST ❌ (Uncertain)
EMNIST:'C' -> MNIST | Predict: '8' (Ent: 0.81)
  ⚠️ [Mismatch] Cycle Back predicted '8' (Expected 'C') (Ent: 1.35)
EMNIST:'D' -> MNIST ❌ (Uncertain)
EMNIST:'E' -> MNIST ❌ (Uncertain)
EMNIST:'F' -> MNIST | Predict: '8' (Ent: 0.14)
  ⚠️ [Mismatch] Cycle Back predicted '8' (Expected 'F') (Ent: 1.35)
EMNIST:'G' -> MNIST | Predict: '8' (Ent: 0.81)
  ⚠️ [Mismatch] Cycle Back predicted '8' (Expected 'G') (Ent: 1.35)
EMNIST:'H' -> MNIST ❌ (Uncertain)
EMNIST:'I' -> MNIST | Predict: '8' (Ent: 0.51)
  ⚠️ [Mismatch] Cycle Back predicted '8' (Expected 'I') (Ent: 1.35)
EMNIST:'J' -> MNIST | Predict: '8' (Ent: 0.88)
  ⚠️ [Mismatch] Cycle Back predicted '8' (Expected 'J') (Ent: 1.35)
EMNIST:'K' -> MNIST | Predict: '8' (Ent: 0.52)
  ⚠️ [Mismatch] Cycle Back predicted '8' (Expected 'K') (Ent: 1.35)
EMNIST:'L' -> MNIST ❌ (Uncertain)
EMNIST:'M' -> MNIST | Predict: '8' (Ent: 0.70)
  ⚠️ [Mismatch] Cycle Back predicted '8' (Expected 'M') (Ent: 1.35)
EMNIST:'N' -> MNIST ❌ (Uncertain)
EMNIST:'O' -> MNIST ❌ (Uncertain)
EMNIST:'P' -> MNIST | Predict: '8' (Ent: 0.91)
  ⚠️ [Mismatch] Cycle Back predicted '8' (Expected 'P') (Ent: 1.35)
EMNIST:'Q' -> MNIST | Predict: '8' (Ent: 0.46)
  ⚠️ [Mismatch] Cycle Back predicted '8' (Expected 'Q') (Ent: 1.35)
EMNIST:'R' -> MNIST | Predict: '8' (Ent: 0.83)
  ⚠️ [Mismatch] Cycle Back predicted '8' (Expected 'R') (Ent: 1.35)
EMNIST:'S' -> MNIST ❌ (Uncertain)
EMNIST:'T' -> MNIST ❌ (Uncertain)
EMNIST:'U' -> MNIST ❌ (Uncertain)
EMNIST:'V' -> MNIST ❌ (Uncertain)
EMNIST:'W' -> MNIST ❌ (Uncertain)
EMNIST:'X' -> MNIST ❌ (Uncertain)
EMNIST:'Y' -> MNIST | Predict: '8' (Ent: 0.74)
  ⚠️ [Mismatch] Cycle Back predicted '8' (Expected 'Y') (Ent: 1.35)
EMNIST:'Z' -> MNIST ❌ (Uncertain)
EMNIST:'a' -> MNIST | Predict: '8' (Ent: 0.61)
  ⚠️ [Mismatch] Cycle Back predicted '8' (Expected 'a') (Ent: 1.35)
EMNIST:'b' -> MNIST ❌ (Uncertain)
EMNIST:'c' -> MNIST | Predict: '8' (Ent: 0.81)
  ⚠️ [Mismatch] Cycle Back predicted '8' (Expected 'c') (Ent: 1.35)
EMNIST:'d' -> MNIST ❌ (Uncertain)
EMNIST:'e' -> MNIST ❌ (Uncertain)
EMNIST:'f' -> MNIST | Predict: '8' (Ent: 0.14)
  ⚠️ [Mismatch] Cycle Back predicted '8' (Expected 'f') (Ent: 1.35)
EMNIST:'g' -> MNIST | Predict: '8' (Ent: 0.81)
  ⚠️ [Mismatch] Cycle Back predicted '8' (Expected 'g') (Ent: 1.35)
EMNIST:'h' -> MNIST ❌ (Uncertain)
EMNIST:'i' -> MNIST | Predict: '8' (Ent: 0.51)
  ⚠️ [Mismatch] Cycle Back predicted '8' (Expected 'i') (Ent: 1.35)
EMNIST:'j' -> MNIST | Predict: '8' (Ent: 0.88)
  ⚠️ [Mismatch] Cycle Back predicted '8' (Expected 'j') (Ent: 1.35)
EMNIST:'k' -> MNIST | Predict: '8' (Ent: 0.52)
  ⚠️ [Mismatch] Cycle Back predicted '8' (Expected 'k') (Ent: 1.35)
EMNIST:'l' -> MNIST ❌ (Uncertain)
EMNIST:'m' -> MNIST | Predict: '8' (Ent: 0.70)
  ⚠️ [Mismatch] Cycle Back predicted '8' (Expected 'm') (Ent: 1.35)
EMNIST:'n' -> MNIST ❌ (Uncertain)
EMNIST:'o' -> MNIST ❌ (Uncertain)
EMNIST:'p' -> MNIST | Predict: '8' (Ent: 0.91)
  ⚠️ [Mismatch] Cycle Back predicted '8' (Expected 'p') (Ent: 1.35)
EMNIST:'q' -> MNIST | Predict: '8' (Ent: 0.46)
  ⚠️ [Mismatch] Cycle Back predicted '8' (Expected 'q') (Ent: 1.35)
EMNIST:'r' -> MNIST | Predict: '8' (Ent: 0.83)
  ⚠️ [Mismatch] Cycle Back predicted '8' (Expected 'r') (Ent: 1.35)
EMNIST:'s' -> MNIST ❌ (Uncertain)
EMNIST:'t' -> MNIST ❌ (Uncertain)
EMNIST:'u' -> MNIST ❌ (Uncertain)
EMNIST:'v' -> MNIST ❌ (Uncertain)
EMNIST:'w' -> MNIST ❌ (Uncertain)
EMNIST:'x' -> MNIST ❌ (Uncertain)
EMNIST:'y' -> MNIST | Predict: '8' (Ent: 0.74)
  ⚠️ [Mismatch] Cycle Back predicted '8' (Expected 'y') (Ent: 1.35)
EMNIST:'z' -> MNIST ❌ (Uncertain)
EMNIST:'0' -> CIFAR10 ❌ (Uncertain)
EMNIST:'1' -> CIFAR10 ❌ (Uncertain)
EMNIST:'2' -> CIFAR10 ❌ (Uncertain)
EMNIST:'3' -> CIFAR10 ❌ (Uncertain)
EMNIST:'4' -> CIFAR10 ❌ (Uncertain)
EMNIST:'5' -> CIFAR10 ❌ (Uncertain)
EMNIST:'6' -> CIFAR10 ❌ (Uncertain)
EMNIST:'7' -> CIFAR10 ❌ (Uncertain)
EMNIST:'8' -> CIFAR10 ❌ (Uncertain)
EMNIST:'9' -> CIFAR10 ❌ (Uncertain)
EMNIST:'A' -> CIFAR10 ❌ (Uncertain)
EMNIST:'B' -> CIFAR10 ❌ (Uncertain)
EMNIST:'C' -> CIFAR10 ❌ (Uncertain)
EMNIST:'D' -> CIFAR10 ❌ (Uncertain)
EMNIST:'E' -> CIFAR10 ❌ (Uncertain)
EMNIST:'F' -> CIFAR10 ❌ (Uncertain)
EMNIST:'G' -> CIFAR10 ❌ (Uncertain)
EMNIST:'H' -> CIFAR10 ❌ (Uncertain)
EMNIST:'I' -> CIFAR10 ❌ (Uncertain)
EMNIST:'J' -> CIFAR10 ❌ (Uncertain)
EMNIST:'K' -> CIFAR10 ❌ (Uncertain)
EMNIST:'L' -> CIFAR10 ❌ (Uncertain)
EMNIST:'M' -> CIFAR10 ❌ (Uncertain)
EMNIST:'N' -> CIFAR10 ❌ (Uncertain)
EMNIST:'O' -> CIFAR10 ❌ (Uncertain)
EMNIST:'P' -> CIFAR10 ❌ (Uncertain)
EMNIST:'Q' -> CIFAR10 ❌ (Uncertain)
EMNIST:'R' -> CIFAR10 ❌ (Uncertain)
EMNIST:'S' -> CIFAR10 ❌ (Uncertain)
EMNIST:'T' -> CIFAR10 ❌ (Uncertain)
EMNIST:'U' -> CIFAR10 ❌ (Uncertain)
EMNIST:'V' -> CIFAR10 ❌ (Uncertain)
EMNIST:'W' -> CIFAR10 ❌ (Uncertain)
EMNIST:'X' -> CIFAR10 ❌ (Uncertain)
EMNIST:'Y' -> CIFAR10 ❌ (Uncertain)
EMNIST:'Z' -> CIFAR10 ❌ (Uncertain)
EMNIST:'a' -> CIFAR10 ❌ (Uncertain)
EMNIST:'b' -> CIFAR10 ❌ (Uncertain)
EMNIST:'c' -> CIFAR10 ❌ (Uncertain)
EMNIST:'d' -> CIFAR10 ❌ (Uncertain)
EMNIST:'e' -> CIFAR10 ❌ (Uncertain)
EMNIST:'f' -> CIFAR10 ❌ (Uncertain)
EMNIST:'g' -> CIFAR10 ❌ (Uncertain)
EMNIST:'h' -> CIFAR10 ❌ (Uncertain)
EMNIST:'i' -> CIFAR10 ❌ (Uncertain)
EMNIST:'j' -> CIFAR10 ❌ (Uncertain)
EMNIST:'k' -> CIFAR10 ❌ (Uncertain)
EMNIST:'l' -> CIFAR10 ❌ (Uncertain)
EMNIST:'m' -> CIFAR10 ❌ (Uncertain)
EMNIST:'n' -> CIFAR10 ❌ (Uncertain)
EMNIST:'o' -> CIFAR10 ❌ (Uncertain)
EMNIST:'p' -> CIFAR10 ❌ (Uncertain)
EMNIST:'q' -> CIFAR10 ❌ (Uncertain)
EMNIST:'r' -> CIFAR10 ❌ (Uncertain)
EMNIST:'s' -> CIFAR10 ❌ (Uncertain)
EMNIST:'t' -> CIFAR10 ❌ (Uncertain)
EMNIST:'u' -> CIFAR10 ❌ (Uncertain)
EMNIST:'v' -> CIFAR10 ❌ (Uncertain)
EMNIST:'w' -> CIFAR10 ❌ (Uncertain)
EMNIST:'x' -> CIFAR10 ❌ (Uncertain)
EMNIST:'y' -> CIFAR10 ❌ (Uncertain)
EMNIST:'z' -> CIFAR10 ❌ (Uncertain)
CIFAR10:'airplane' -> MNIST ❌ (Uncertain)
CIFAR10:'automobile' -> MNIST ❌ (Uncertain)
CIFAR10:'bird' -> MNIST ❌ (Uncertain)
CIFAR10:'cat' -> MNIST ❌ (Uncertain)
CIFAR10:'deer' -> MNIST ❌ (Uncertain)
CIFAR10:'frog' -> MNIST ❌ (Uncertain)
CIFAR10:'horse' -> MNIST ❌ (Uncertain)
CIFAR10:'ship' -> MNIST ❌ (Uncertain)
CIFAR10:'truck' -> MNIST | Predict: '8' (Ent: 0.79)
  ⚠️ [Mismatch] Cycle Back predicted 'dog' (Expected 'truck') (Ent: 0.56)
CIFAR10:'airplane' -> EMNIST ❌ (Uncertain)
CIFAR10:'automobile' -> EMNIST ❌ (Uncertain)
CIFAR10:'bird' -> EMNIST ❌ (Uncertain)
CIFAR10:'cat' -> EMNIST ❌ (Uncertain)
CIFAR10:'deer' -> EMNIST ❌ (Uncertain)
CIFAR10:'dog' -> EMNIST ❌ (Uncertain)
CIFAR10:'frog' -> EMNIST | Predict: '8' (Ent: 1.57)
CIFAR10:'horse' -> EMNIST ❌ (Uncertain)
CIFAR10:'ship' -> EMNIST ❌ (Uncertain)
CIFAR10:'truck' -> EMNIST ❌ (Uncertain)
Exp (Syn): New Gen + New Ent (0.45)
dynamic_entropy_ratio: 0.45
MNIST:'0' -> EMNIST ❌ (Uncertain)
MNIST:'1' -> EMNIST | Predict: '8' (Ent: 1.79)
  ⚠️ [Mismatch] Cycle Back predicted '8' (Expected '1') (Ent: 0.44)
MNIST:'2' -> EMNIST ❌ (Uncertain)
MNIST:'3' -> EMNIST | Predict: '3' (Ent: 1.83)
  ⚠️ [Mismatch] Cycle Back predicted '8' (Expected '3') (Ent: 0.50)
MNIST:'4' -> EMNIST ❌ (Uncertain)
MNIST:'5' -> EMNIST ❌ (Uncertain)
MNIST:'6' -> EMNIST ❌ (Uncertain)
MNIST:'7' -> EMNIST ❌ (Uncertain)
MNIST:'8' -> EMNIST | Predict: '8' (Ent: 1.35)
  ✅ [Match] MNIST:'8' <==> EMNIST:'8' (Ent: 0.44)
MNIST:'9' -> EMNIST ❌ (Uncertain)
MNIST:'0' -> CIFAR10 ❌ (Uncertain)
MNIST:'1' -> CIFAR10 ❌ (Uncertain)
MNIST:'2' -> CIFAR10 ❌ (Uncertain)
MNIST:'3' -> CIFAR10 ❌ (Uncertain)
MNIST:'4' -> CIFAR10 ❌ (Uncertain)
MNIST:'5' -> CIFAR10 ❌ (Uncertain)
MNIST:'6' -> CIFAR10 ❌ (Uncertain)
MNIST:'7' -> CIFAR10 ❌ (Uncertain)
MNIST:'8' -> CIFAR10 | Predict: 'dog' (Ent: 0.56)
MNIST:'9' -> CIFAR10 ❌ (Uncertain)
EMNIST:'0' -> MNIST ❌ (Uncertain)
EMNIST:'1' -> MNIST | Predict: '8' (Ent: 0.95)
  ⚠️ [Mismatch] Cycle Back predicted '8' (Expected '1') (Ent: 1.35)
EMNIST:'2' -> MNIST | Predict: '8' (Ent: 0.74)
  ⚠️ [Mismatch] Cycle Back predicted '8' (Expected '2') (Ent: 1.35)
EMNIST:'4' -> MNIST | Predict: '8' (Ent: 0.99)
  ⚠️ [Mismatch] Cycle Back predicted '8' (Expected '4') (Ent: 1.35)
EMNIST:'5' -> MNIST | Predict: '8' (Ent: 0.45)
  ⚠️ [Mismatch] Cycle Back predicted '8' (Expected '5') (Ent: 1.35)
EMNIST:'6' -> MNIST | Predict: '8' (Ent: 0.39)
  ⚠️ [Mismatch] Cycle Back predicted '8' (Expected '6') (Ent: 1.35)
EMNIST:'7' -> MNIST | Predict: '8' (Ent: 0.73)
  ⚠️ [Mismatch] Cycle Back predicted '8' (Expected '7') (Ent: 1.35)
EMNIST:'9' -> MNIST | Predict: '8' (Ent: 0.66)
  ⚠️ [Mismatch] Cycle Back predicted '8' (Expected '9') (Ent: 1.35)
EMNIST:'A' -> MNIST | Predict: '8' (Ent: 0.75)
  ⚠️ [Mismatch] Cycle Back predicted '8' (Expected 'A') (Ent: 1.35)
EMNIST:'B' -> MNIST ❌ (Uncertain)
EMNIST:'C' -> MNIST | Predict: '8' (Ent: 0.81)
  ⚠️ [Mismatch] Cycle Back predicted '8' (Expected 'C') (Ent: 1.35)
EMNIST:'D' -> MNIST ❌ (Uncertain)
EMNIST:'E' -> MNIST ❌ (Uncertain)
EMNIST:'F' -> MNIST | Predict: '8' (Ent: 0.14)
  ⚠️ [Mismatch] Cycle Back predicted '8' (Expected 'F') (Ent: 1.35)
EMNIST:'G' -> MNIST | Predict: '8' (Ent: 0.81)
  ⚠️ [Mismatch] Cycle Back predicted '8' (Expected 'G') (Ent: 1.35)
EMNIST:'H' -> MNIST ❌ (Uncertain)
EMNIST:'I' -> MNIST | Predict: '8' (Ent: 0.51)
  ⚠️ [Mismatch] Cycle Back predicted '8' (Expected 'I') (Ent: 1.35)
EMNIST:'J' -> MNIST | Predict: '8' (Ent: 0.88)
  ⚠️ [Mismatch] Cycle Back predicted '8' (Expected 'J') (Ent: 1.35)
EMNIST:'K' -> MNIST | Predict: '8' (Ent: 0.52)
  ⚠️ [Mismatch] Cycle Back predicted '8' (Expected 'K') (Ent: 1.35)
EMNIST:'L' -> MNIST ❌ (Uncertain)
EMNIST:'M' -> MNIST | Predict: '8' (Ent: 0.70)
  ⚠️ [Mismatch] Cycle Back predicted '8' (Expected 'M') (Ent: 1.35)
EMNIST:'N' -> MNIST ❌ (Uncertain)
EMNIST:'O' -> MNIST ❌ (Uncertain)
EMNIST:'P' -> MNIST | Predict: '8' (Ent: 0.91)
  ⚠️ [Mismatch] Cycle Back predicted '8' (Expected 'P') (Ent: 1.35)
EMNIST:'Q' -> MNIST | Predict: '8' (Ent: 0.46)
  ⚠️ [Mismatch] Cycle Back predicted '8' (Expected 'Q') (Ent: 1.35)
EMNIST:'R' -> MNIST | Predict: '8' (Ent: 0.83)
  ⚠️ [Mismatch] Cycle Back predicted '8' (Expected 'R') (Ent: 1.35)
EMNIST:'S' -> MNIST | Predict: '8' (Ent: 1.01)
  ⚠️ [Mismatch] Cycle Back predicted '8' (Expected 'S') (Ent: 1.35)
EMNIST:'T' -> MNIST ❌ (Uncertain)
EMNIST:'U' -> MNIST | Predict: '8' (Ent: 1.02)
  ⚠️ [Mismatch] Cycle Back predicted '8' (Expected 'U') (Ent: 1.35)
EMNIST:'V' -> MNIST ❌ (Uncertain)
EMNIST:'W' -> MNIST ❌ (Uncertain)
EMNIST:'X' -> MNIST ❌ (Uncertain)
EMNIST:'Y' -> MNIST ❌ (Uncertain)
EMNIST:'Z' -> MNIST ❌ (Uncertain)
EMNIST:'a' -> MNIST | Predict: '8' (Ent: 0.75)
  ⚠️ [Mismatch] Cycle Back predicted '8' (Expected 'a') (Ent: 1.35)
EMNIST:'b' -> MNIST ❌ (Uncertain)
EMNIST:'c' -> MNIST | Predict: '8' (Ent: 0.81)
  ⚠️ [Mismatch] Cycle Back predicted '8' (Expected 'c') (Ent: 1.35)
EMNIST:'d' -> MNIST ❌ (Uncertain)
EMNIST:'e' -> MNIST ❌ (Uncertain)
EMNIST:'f' -> MNIST | Predict: '8' (Ent: 0.14)
  ⚠️ [Mismatch] Cycle Back predicted '8' (Expected 'f') (Ent: 1.35)
EMNIST:'g' -> MNIST | Predict: '8' (Ent: 0.81)
  ⚠️ [Mismatch] Cycle Back predicted '8' (Expected 'g') (Ent: 1.35)
EMNIST:'h' -> MNIST ❌ (Uncertain)
EMNIST:'i' -> MNIST | Predict: '8' (Ent: 0.51)
  ⚠️ [Mismatch] Cycle Back predicted '8' (Expected 'i') (Ent: 1.35)
EMNIST:'j' -> MNIST | Predict: '8' (Ent: 0.88)
  ⚠️ [Mismatch] Cycle Back predicted '8' (Expected 'j') (Ent: 1.35)
EMNIST:'k' -> MNIST | Predict: '8' (Ent: 0.52)
  ⚠️ [Mismatch] Cycle Back predicted '8' (Expected 'k') (Ent: 1.35)
EMNIST:'l' -> MNIST ❌ (Uncertain)
EMNIST:'m' -> MNIST | Predict: '8' (Ent: 0.70)
  ⚠️ [Mismatch] Cycle Back predicted '8' (Expected 'm') (Ent: 1.35)
EMNIST:'n' -> MNIST ❌ (Uncertain)
EMNIST:'o' -> MNIST ❌ (Uncertain)
EMNIST:'p' -> MNIST | Predict: '8' (Ent: 0.91)
  ⚠️ [Mismatch] Cycle Back predicted '8' (Expected 'p') (Ent: 1.35)
EMNIST:'q' -> MNIST | Predict: '8' (Ent: 0.46)
  ⚠️ [Mismatch] Cycle Back predicted '8' (Expected 'q') (Ent: 1.35)
EMNIST:'r' -> MNIST | Predict: '8' (Ent: 0.83)
  ⚠️ [Mismatch] Cycle Back predicted '8' (Expected 'r') (Ent: 1.35)
EMNIST:'s' -> MNIST | Predict: '8' (Ent: 1.01)
  ⚠️ [Mismatch] Cycle Back predicted '8' (Expected 's') (Ent: 1.35)
EMNIST:'t' -> MNIST ❌ (Uncertain)
EMNIST:'u' -> MNIST | Predict: '8' (Ent: 1.02)
  ⚠️ [Mismatch] Cycle Back predicted '8' (Expected 'u') (Ent: 1.35)
EMNIST:'v' -> MNIST ❌ (Uncertain)
EMNIST:'w' -> MNIST ❌ (Uncertain)
EMNIST:'x' -> MNIST ❌ (Uncertain)
EMNIST:'y' -> MNIST ❌ (Uncertain)
EMNIST:'z' -> MNIST ❌ (Uncertain)
EMNIST:'0' -> CIFAR10 ❌ (Uncertain)
EMNIST:'1' -> CIFAR10 ❌ (Uncertain)
EMNIST:'2' -> CIFAR10 ❌ (Uncertain)
EMNIST:'3' -> CIFAR10 ❌ (Uncertain)
EMNIST:'4' -> CIFAR10 ❌ (Uncertain)
EMNIST:'5' -> CIFAR10 ❌ (Uncertain)
EMNIST:'6' -> CIFAR10 ❌ (Uncertain)
EMNIST:'7' -> CIFAR10 ❌ (Uncertain)
EMNIST:'8' -> CIFAR10 ❌ (Uncertain)
EMNIST:'9' -> CIFAR10 ❌ (Uncertain)
EMNIST:'A' -> CIFAR10 ❌ (Uncertain)
EMNIST:'B' -> CIFAR10 ❌ (Uncertain)
EMNIST:'C' -> CIFAR10 ❌ (Uncertain)
EMNIST:'D' -> CIFAR10 ❌ (Uncertain)
EMNIST:'E' -> CIFAR10 ❌ (Uncertain)
EMNIST:'F' -> CIFAR10 ❌ (Uncertain)
EMNIST:'G' -> CIFAR10 ❌ (Uncertain)
EMNIST:'H' -> CIFAR10 ❌ (Uncertain)
EMNIST:'I' -> CIFAR10 ❌ (Uncertain)
EMNIST:'J' -> CIFAR10 ❌ (Uncertain)
EMNIST:'K' -> CIFAR10 ❌ (Uncertain)
EMNIST:'L' -> CIFAR10 ❌ (Uncertain)
EMNIST:'M' -> CIFAR10 ❌ (Uncertain)
EMNIST:'N' -> CIFAR10 ❌ (Uncertain)
EMNIST:'O' -> CIFAR10 ❌ (Uncertain)
EMNIST:'P' -> CIFAR10 ❌ (Uncertain)
EMNIST:'Q' -> CIFAR10 ❌ (Uncertain)
EMNIST:'R' -> CIFAR10 ❌ (Uncertain)
EMNIST:'S' -> CIFAR10 ❌ (Uncertain)
EMNIST:'T' -> CIFAR10 ❌ (Uncertain)
EMNIST:'U' -> CIFAR10 ❌ (Uncertain)
EMNIST:'V' -> CIFAR10 ❌ (Uncertain)
EMNIST:'W' -> CIFAR10 ❌ (Uncertain)
EMNIST:'X' -> CIFAR10 ❌ (Uncertain)
EMNIST:'Y' -> CIFAR10 ❌ (Uncertain)
EMNIST:'Z' -> CIFAR10 ❌ (Uncertain)
EMNIST:'a' -> CIFAR10 ❌ (Uncertain)
EMNIST:'b' -> CIFAR10 ❌ (Uncertain)
EMNIST:'c' -> CIFAR10 ❌ (Uncertain)
EMNIST:'d' -> CIFAR10 ❌ (Uncertain)
EMNIST:'e' -> CIFAR10 ❌ (Uncertain)
EMNIST:'f' -> CIFAR10 ❌ (Uncertain)
EMNIST:'g' -> CIFAR10 ❌ (Uncertain)
EMNIST:'h' -> CIFAR10 ❌ (Uncertain)
EMNIST:'i' -> CIFAR10 ❌ (Uncertain)
EMNIST:'j' -> CIFAR10 ❌ (Uncertain)
EMNIST:'k' -> CIFAR10 ❌ (Uncertain)
EMNIST:'l' -> CIFAR10 ❌ (Uncertain)
EMNIST:'m' -> CIFAR10 ❌ (Uncertain)
EMNIST:'n' -> CIFAR10 ❌ (Uncertain)
EMNIST:'o' -> CIFAR10 ❌ (Uncertain)
EMNIST:'p' -> CIFAR10 ❌ (Uncertain)
EMNIST:'q' -> CIFAR10 ❌ (Uncertain)
EMNIST:'r' -> CIFAR10 ❌ (Uncertain)
EMNIST:'s' -> CIFAR10 ❌ (Uncertain)
EMNIST:'t' -> CIFAR10 ❌ (Uncertain)
EMNIST:'u' -> CIFAR10 ❌ (Uncertain)
EMNIST:'v' -> CIFAR10 ❌ (Uncertain)
EMNIST:'w' -> CIFAR10 ❌ (Uncertain)
EMNIST:'x' -> CIFAR10 ❌ (Uncertain)
EMNIST:'y' -> CIFAR10 ❌ (Uncertain)
EMNIST:'z' -> CIFAR10 ❌ (Uncertain)
CIFAR10:'airplane' -> MNIST ❌ (Uncertain)
CIFAR10:'automobile' -> MNIST | Predict: '8' (Ent: 0.96)
  ⚠️ [Mismatch] Cycle Back predicted 'dog' (Expected 'automobile') (Ent: 0.56)
CIFAR10:'bird' -> MNIST ❌ (Uncertain)
CIFAR10:'cat' -> MNIST | Predict: '8' (Ent: 1.01)
  ⚠️ [Mismatch] Cycle Back predicted 'dog' (Expected 'cat') (Ent: 0.56)
CIFAR10:'deer' -> MNIST ❌ (Uncertain)
CIFAR10:'frog' -> MNIST ❌ (Uncertain)
CIFAR10:'horse' -> MNIST ❌ (Uncertain)
CIFAR10:'ship' -> MNIST | Predict: '8' (Ent: 1.02)
  ⚠️ [Mismatch] Cycle Back predicted 'dog' (Expected 'ship') (Ent: 0.56)
CIFAR10:'truck' -> MNIST ❌ (Uncertain)
CIFAR10:'airplane' -> EMNIST | Predict: '8' (Ent: 1.76)
CIFAR10:'automobile' -> EMNIST ❌ (Uncertain)
CIFAR10:'bird' -> EMNIST ❌ (Uncertain)
CIFAR10:'cat' -> EMNIST ❌ (Uncertain)
CIFAR10:'deer' -> EMNIST ❌ (Uncertain)
CIFAR10:'dog' -> EMNIST ❌ (Uncertain)
CIFAR10:'frog' -> EMNIST | Predict: '8' (Ent: 1.57)
CIFAR10:'horse' -> EMNIST ❌ (Uncertain)
CIFAR10:'ship' -> EMNIST ❌ (Uncertain)
CIFAR10:'truck' -> EMNIST ❌ (Uncertain)
Exp (Syn): New Gen + New Ent (0.5)
dynamic_entropy_ratio: 0.5
MNIST:'0' -> EMNIST | Predict: '0' (Ent: 1.87)
  ⚠️ [Mismatch] Cycle Back predicted '8' (Expected '0') (Ent: 1.10)
MNIST:'1' -> EMNIST ❌ (Uncertain)
MNIST:'2' -> EMNIST ❌ (Uncertain)
MNIST:'3' -> EMNIST | Predict: '3' (Ent: 1.83)
  ⚠️ [Mismatch] Cycle Back predicted '8' (Expected '3') (Ent: 0.50)
MNIST:'4' -> EMNIST ❌ (Uncertain)
MNIST:'5' -> EMNIST ❌ (Uncertain)
MNIST:'6' -> EMNIST | Predict: '6' (Ent: 1.99)
  ⚠️ [Mismatch] Cycle Back predicted '8' (Expected '6') (Ent: 0.39)
MNIST:'7' -> EMNIST | Predict: '0' (Ent: 2.03)
  ⚠️ [Mismatch] Cycle Back predicted '8' (Expected '7') (Ent: 1.10)
MNIST:'8' -> EMNIST | Predict: '8' (Ent: 1.35)
  ✅ [Match] MNIST:'8' <==> EMNIST:'8' (Ent: 0.44)
MNIST:'9' -> EMNIST ❌ (Uncertain)
MNIST:'0' -> CIFAR10 ❌ (Uncertain)
MNIST:'1' -> CIFAR10 ❌ (Uncertain)
MNIST:'2' -> CIFAR10 ❌ (Uncertain)
MNIST:'3' -> CIFAR10 ❌ (Uncertain)
MNIST:'4' -> CIFAR10 ❌ (Uncertain)
MNIST:'5' -> CIFAR10 ❌ (Uncertain)
MNIST:'6' -> CIFAR10 ❌ (Uncertain)
MNIST:'7' -> CIFAR10 ❌ (Uncertain)
MNIST:'8' -> CIFAR10 | Predict: 'dog' (Ent: 0.56)
MNIST:'9' -> CIFAR10 ❌ (Uncertain)
EMNIST:'1' -> MNIST ❌ (Uncertain)
EMNIST:'2' -> MNIST | Predict: '8' (Ent: 0.74)
  ⚠️ [Mismatch] Cycle Back predicted '8' (Expected '2') (Ent: 1.35)
EMNIST:'4' -> MNIST | Predict: '8' (Ent: 0.99)
  ⚠️ [Mismatch] Cycle Back predicted '8' (Expected '4') (Ent: 1.35)
EMNIST:'5' -> MNIST | Predict: '8' (Ent: 0.65)
  ⚠️ [Mismatch] Cycle Back predicted '8' (Expected '5') (Ent: 1.35)
EMNIST:'7' -> MNIST | Predict: '8' (Ent: 0.73)
  ⚠️ [Mismatch] Cycle Back predicted '8' (Expected '7') (Ent: 1.35)
EMNIST:'9' -> MNIST | Predict: '8' (Ent: 0.66)
  ⚠️ [Mismatch] Cycle Back predicted '8' (Expected '9') (Ent: 1.35)
EMNIST:'A' -> MNIST | Predict: '8' (Ent: 0.99)
  ⚠️ [Mismatch] Cycle Back predicted '8' (Expected 'A') (Ent: 1.35)
EMNIST:'B' -> MNIST | Predict: '8' (Ent: 1.14)
  ⚠️ [Mismatch] Cycle Back predicted '8' (Expected 'B') (Ent: 1.35)
EMNIST:'C' -> MNIST | Predict: '8' (Ent: 0.81)
  ⚠️ [Mismatch] Cycle Back predicted '8' (Expected 'C') (Ent: 1.35)
EMNIST:'D' -> MNIST | Predict: '8' (Ent: 1.14)
  ⚠️ [Mismatch] Cycle Back predicted '8' (Expected 'D') (Ent: 1.35)
EMNIST:'E' -> MNIST | Predict: '8' (Ent: 1.13)
  ⚠️ [Mismatch] Cycle Back predicted '8' (Expected 'E') (Ent: 1.35)
EMNIST:'F' -> MNIST | Predict: '8' (Ent: 0.14)
  ⚠️ [Mismatch] Cycle Back predicted '8' (Expected 'F') (Ent: 1.35)
EMNIST:'G' -> MNIST | Predict: '8' (Ent: 0.81)
  ⚠️ [Mismatch] Cycle Back predicted '8' (Expected 'G') (Ent: 1.35)
EMNIST:'H' -> MNIST | Predict: '8' (Ent: 1.13)
  ⚠️ [Mismatch] Cycle Back predicted '8' (Expected 'H') (Ent: 1.35)
EMNIST:'I' -> MNIST | Predict: '8' (Ent: 0.51)
  ⚠️ [Mismatch] Cycle Back predicted '8' (Expected 'I') (Ent: 1.35)
EMNIST:'J' -> MNIST | Predict: '8' (Ent: 0.88)
  ⚠️ [Mismatch] Cycle Back predicted '8' (Expected 'J') (Ent: 1.35)
EMNIST:'K' -> MNIST | Predict: '8' (Ent: 0.86)
  ⚠️ [Mismatch] Cycle Back predicted '8' (Expected 'K') (Ent: 1.35)
EMNIST:'L' -> MNIST | Predict: '8' (Ent: 1.06)
  ⚠️ [Mismatch] Cycle Back predicted '8' (Expected 'L') (Ent: 1.35)
EMNIST:'M' -> MNIST | Predict: '8' (Ent: 0.70)
  ⚠️ [Mismatch] Cycle Back predicted '8' (Expected 'M') (Ent: 1.35)
EMNIST:'N' -> MNIST ❌ (Uncertain)
EMNIST:'O' -> MNIST ❌ (Uncertain)
EMNIST:'P' -> MNIST | Predict: '8' (Ent: 0.91)
  ⚠️ [Mismatch] Cycle Back predicted '8' (Expected 'P') (Ent: 1.35)
EMNIST:'Q' -> MNIST | Predict: '8' (Ent: 0.65)
  ⚠️ [Mismatch] Cycle Back predicted '8' (Expected 'Q') (Ent: 1.35)
EMNIST:'R' -> MNIST | Predict: '8' (Ent: 0.83)
  ⚠️ [Mismatch] Cycle Back predicted '8' (Expected 'R') (Ent: 1.35)
EMNIST:'S' -> MNIST | Predict: '8' (Ent: 1.01)
  ⚠️ [Mismatch] Cycle Back predicted '8' (Expected 'S') (Ent: 1.35)
EMNIST:'T' -> MNIST ❌ (Uncertain)
EMNIST:'U' -> MNIST | Predict: '8' (Ent: 1.02)
  ⚠️ [Mismatch] Cycle Back predicted '8' (Expected 'U') (Ent: 1.35)
EMNIST:'V' -> MNIST ❌ (Uncertain)
EMNIST:'W' -> MNIST | Predict: '8' (Ent: 1.08)
  ⚠️ [Mismatch] Cycle Back predicted '8' (Expected 'W') (Ent: 1.35)
EMNIST:'X' -> MNIST | Predict: '8' (Ent: 1.10)
  ⚠️ [Mismatch] Cycle Back predicted '8' (Expected 'X') (Ent: 1.35)
EMNIST:'Y' -> MNIST | Predict: '8' (Ent: 1.11)
  ⚠️ [Mismatch] Cycle Back predicted '8' (Expected 'Y') (Ent: 1.35)
EMNIST:'Z' -> MNIST ❌ (Uncertain)
EMNIST:'a' -> MNIST | Predict: '8' (Ent: 0.99)
  ⚠️ [Mismatch] Cycle Back predicted '8' (Expected 'a') (Ent: 1.35)
EMNIST:'b' -> MNIST | Predict: '8' (Ent: 1.14)
  ⚠️ [Mismatch] Cycle Back predicted '8' (Expected 'b') (Ent: 1.35)
EMNIST:'c' -> MNIST | Predict: '8' (Ent: 0.81)
  ⚠️ [Mismatch] Cycle Back predicted '8' (Expected 'c') (Ent: 1.35)
EMNIST:'d' -> MNIST | Predict: '8' (Ent: 1.14)
  ⚠️ [Mismatch] Cycle Back predicted '8' (Expected 'd') (Ent: 1.35)
EMNIST:'e' -> MNIST | Predict: '8' (Ent: 1.13)
  ⚠️ [Mismatch] Cycle Back predicted '8' (Expected 'e') (Ent: 1.35)
EMNIST:'f' -> MNIST | Predict: '8' (Ent: 0.14)
  ⚠️ [Mismatch] Cycle Back predicted '8' (Expected 'f') (Ent: 1.35)
EMNIST:'g' -> MNIST | Predict: '8' (Ent: 0.81)
  ⚠️ [Mismatch] Cycle Back predicted '8' (Expected 'g') (Ent: 1.35)
EMNIST:'h' -> MNIST | Predict: '8' (Ent: 1.13)
  ⚠️ [Mismatch] Cycle Back predicted '8' (Expected 'h') (Ent: 1.35)
EMNIST:'i' -> MNIST | Predict: '8' (Ent: 0.51)
  ⚠️ [Mismatch] Cycle Back predicted '8' (Expected 'i') (Ent: 1.35)
EMNIST:'j' -> MNIST | Predict: '8' (Ent: 0.88)
  ⚠️ [Mismatch] Cycle Back predicted '8' (Expected 'j') (Ent: 1.35)
EMNIST:'k' -> MNIST | Predict: '8' (Ent: 0.86)
  ⚠️ [Mismatch] Cycle Back predicted '8' (Expected 'k') (Ent: 1.35)
EMNIST:'l' -> MNIST | Predict: '8' (Ent: 1.06)
  ⚠️ [Mismatch] Cycle Back predicted '8' (Expected 'l') (Ent: 1.35)
EMNIST:'m' -> MNIST | Predict: '8' (Ent: 0.70)
  ⚠️ [Mismatch] Cycle Back predicted '8' (Expected 'm') (Ent: 1.35)
EMNIST:'n' -> MNIST ❌ (Uncertain)
EMNIST:'o' -> MNIST ❌ (Uncertain)
EMNIST:'p' -> MNIST | Predict: '8' (Ent: 0.91)
  ⚠️ [Mismatch] Cycle Back predicted '8' (Expected 'p') (Ent: 1.35)
EMNIST:'q' -> MNIST | Predict: '8' (Ent: 0.65)
  ⚠️ [Mismatch] Cycle Back predicted '8' (Expected 'q') (Ent: 1.35)
EMNIST:'r' -> MNIST | Predict: '8' (Ent: 0.83)
  ⚠️ [Mismatch] Cycle Back predicted '8' (Expected 'r') (Ent: 1.35)
EMNIST:'s' -> MNIST | Predict: '8' (Ent: 1.01)
  ⚠️ [Mismatch] Cycle Back predicted '8' (Expected 's') (Ent: 1.35)
EMNIST:'t' -> MNIST ❌ (Uncertain)
EMNIST:'u' -> MNIST | Predict: '8' (Ent: 1.02)
  ⚠️ [Mismatch] Cycle Back predicted '8' (Expected 'u') (Ent: 1.35)
EMNIST:'v' -> MNIST ❌ (Uncertain)
EMNIST:'w' -> MNIST | Predict: '8' (Ent: 1.08)
  ⚠️ [Mismatch] Cycle Back predicted '8' (Expected 'w') (Ent: 1.35)
EMNIST:'x' -> MNIST | Predict: '8' (Ent: 1.10)
  ⚠️ [Mismatch] Cycle Back predicted '8' (Expected 'x') (Ent: 1.35)
EMNIST:'y' -> MNIST | Predict: '8' (Ent: 1.11)
  ⚠️ [Mismatch] Cycle Back predicted '8' (Expected 'y') (Ent: 1.35)
EMNIST:'z' -> MNIST ❌ (Uncertain)
EMNIST:'0' -> CIFAR10 ❌ (Uncertain)
EMNIST:'1' -> CIFAR10 ❌ (Uncertain)
EMNIST:'2' -> CIFAR10 ❌ (Uncertain)
EMNIST:'3' -> CIFAR10 ❌ (Uncertain)
EMNIST:'4' -> CIFAR10 ❌ (Uncertain)
EMNIST:'5' -> CIFAR10 ❌ (Uncertain)
EMNIST:'6' -> CIFAR10 ❌ (Uncertain)
EMNIST:'7' -> CIFAR10 ❌ (Uncertain)
EMNIST:'8' -> CIFAR10 ❌ (Uncertain)
EMNIST:'9' -> CIFAR10 ❌ (Uncertain)
EMNIST:'A' -> CIFAR10 ❌ (Uncertain)
EMNIST:'B' -> CIFAR10 ❌ (Uncertain)
EMNIST:'C' -> CIFAR10 ❌ (Uncertain)
EMNIST:'D' -> CIFAR10 ❌ (Uncertain)
EMNIST:'E' -> CIFAR10 ❌ (Uncertain)
EMNIST:'F' -> CIFAR10 ❌ (Uncertain)
EMNIST:'G' -> CIFAR10 ❌ (Uncertain)
EMNIST:'H' -> CIFAR10 ❌ (Uncertain)
EMNIST:'I' -> CIFAR10 ❌ (Uncertain)
EMNIST:'J' -> CIFAR10 ❌ (Uncertain)
EMNIST:'K' -> CIFAR10 ❌ (Uncertain)
EMNIST:'L' -> CIFAR10 ❌ (Uncertain)
EMNIST:'M' -> CIFAR10 ❌ (Uncertain)
EMNIST:'N' -> CIFAR10 ❌ (Uncertain)
EMNIST:'O' -> CIFAR10 ❌ (Uncertain)
EMNIST:'P' -> CIFAR10 ❌ (Uncertain)
EMNIST:'Q' -> CIFAR10 ❌ (Uncertain)
EMNIST:'R' -> CIFAR10 ❌ (Uncertain)
EMNIST:'S' -> CIFAR10 ❌ (Uncertain)
EMNIST:'T' -> CIFAR10 ❌ (Uncertain)
EMNIST:'U' -> CIFAR10 ❌ (Uncertain)
EMNIST:'V' -> CIFAR10 | Predict: 'cat' (Ent: 1.13)
  ⚠️ [Mismatch] Cycle Back predicted '8' (Expected 'V') (Ent: 1.98)
EMNIST:'W' -> CIFAR10 ❌ (Uncertain)
EMNIST:'X' -> CIFAR10 ❌ (Uncertain)
EMNIST:'Y' -> CIFAR10 ❌ (Uncertain)
EMNIST:'Z' -> CIFAR10 ❌ (Uncertain)
EMNIST:'a' -> CIFAR10 ❌ (Uncertain)
EMNIST:'b' -> CIFAR10 ❌ (Uncertain)
EMNIST:'c' -> CIFAR10 ❌ (Uncertain)
EMNIST:'d' -> CIFAR10 ❌ (Uncertain)
EMNIST:'e' -> CIFAR10 ❌ (Uncertain)
EMNIST:'f' -> CIFAR10 ❌ (Uncertain)
EMNIST:'g' -> CIFAR10 ❌ (Uncertain)
EMNIST:'h' -> CIFAR10 ❌ (Uncertain)
EMNIST:'i' -> CIFAR10 ❌ (Uncertain)
EMNIST:'j' -> CIFAR10 ❌ (Uncertain)
EMNIST:'k' -> CIFAR10 ❌ (Uncertain)
EMNIST:'l' -> CIFAR10 ❌ (Uncertain)
EMNIST:'m' -> CIFAR10 ❌ (Uncertain)
EMNIST:'n' -> CIFAR10 ❌ (Uncertain)
EMNIST:'o' -> CIFAR10 ❌ (Uncertain)
EMNIST:'p' -> CIFAR10 ❌ (Uncertain)
EMNIST:'q' -> CIFAR10 ❌ (Uncertain)
EMNIST:'r' -> CIFAR10 ❌ (Uncertain)
EMNIST:'s' -> CIFAR10 ❌ (Uncertain)
EMNIST:'t' -> CIFAR10 ❌ (Uncertain)
EMNIST:'u' -> CIFAR10 ❌ (Uncertain)
EMNIST:'v' -> CIFAR10 | Predict: 'cat' (Ent: 1.13)
  ⚠️ [Mismatch] Cycle Back predicted '8' (Expected 'v') (Ent: 1.98)
EMNIST:'w' -> CIFAR10 ❌ (Uncertain)
EMNIST:'x' -> CIFAR10 ❌ (Uncertain)
EMNIST:'y' -> CIFAR10 ❌ (Uncertain)
EMNIST:'z' -> CIFAR10 ❌ (Uncertain)
CIFAR10:'airplane' -> MNIST ❌ (Uncertain)
CIFAR10:'automobile' -> MNIST | Predict: '8' (Ent: 0.96)
  ⚠️ [Mismatch] Cycle Back predicted 'dog' (Expected 'automobile') (Ent: 0.56)
CIFAR10:'bird' -> MNIST ❌ (Uncertain)
CIFAR10:'cat' -> MNIST | Predict: '8' (Ent: 1.01)
  ⚠️ [Mismatch] Cycle Back predicted 'dog' (Expected 'cat') (Ent: 0.56)
CIFAR10:'deer' -> MNIST ❌ (Uncertain)
CIFAR10:'frog' -> MNIST ❌ (Uncertain)
CIFAR10:'horse' -> MNIST ❌ (Uncertain)
CIFAR10:'ship' -> MNIST | Predict: '8' (Ent: 1.02)
  ⚠️ [Mismatch] Cycle Back predicted 'dog' (Expected 'ship') (Ent: 0.56)
CIFAR10:'truck' -> MNIST | Predict: '8' (Ent: 1.13)
  ⚠️ [Mismatch] Cycle Back predicted 'dog' (Expected 'truck') (Ent: 0.56)
CIFAR10:'airplane' -> EMNIST | Predict: '8' (Ent: 1.76)
CIFAR10:'automobile' -> EMNIST ❌ (Uncertain)
CIFAR10:'bird' -> EMNIST ❌ (Uncertain)
CIFAR10:'deer' -> EMNIST ❌ (Uncertain)
CIFAR10:'dog' -> EMNIST | Predict: '8' (Ent: 1.96)
CIFAR10:'frog' -> EMNIST | Predict: '8' (Ent: 1.89)
CIFAR10:'horse' -> EMNIST ❌ (Uncertain)
CIFAR10:'ship' -> EMNIST ❌ (Uncertain)
CIFAR10:'truck' -> EMNIST ❌ (Uncertain)
Exp (Syn): New Gen + New Ent (0.55)
dynamic_entropy_ratio: 0.55
MNIST:'0' -> EMNIST | Predict: '0' (Ent: 1.87)
MNIST:'1' -> EMNIST ❌ (Uncertain)
MNIST:'2' -> EMNIST ❌ (Uncertain)
MNIST:'3' -> EMNIST | Predict: '3' (Ent: 1.83)
  ⚠️ [Mismatch] Cycle Back predicted '8' (Expected '3') (Ent: 0.67)
MNIST:'4' -> EMNIST ❌ (Uncertain)
MNIST:'5' -> EMNIST | Predict: '0' (Ent: 2.12)
MNIST:'6' -> EMNIST | Predict: '6' (Ent: 1.99)
  ⚠️ [Mismatch] Cycle Back predicted '8' (Expected '6') (Ent: 0.39)
MNIST:'7' -> EMNIST ❌ (Uncertain)
MNIST:'8' -> EMNIST | Predict: '8' (Ent: 1.35)
  ✅ [Match] MNIST:'8' <==> EMNIST:'8' (Ent: 0.44)
MNIST:'9' -> EMNIST ❌ (Uncertain)
MNIST:'0' -> CIFAR10 ❌ (Uncertain)
MNIST:'1' -> CIFAR10 ❌ (Uncertain)
MNIST:'2' -> CIFAR10 ❌ (Uncertain)
MNIST:'3' -> CIFAR10 ❌ (Uncertain)
MNIST:'4' -> CIFAR10 ❌ (Uncertain)
MNIST:'5' -> CIFAR10 ❌ (Uncertain)
MNIST:'6' -> CIFAR10 | Predict: 'dog' (Ent: 1.18)
MNIST:'7' -> CIFAR10 ❌ (Uncertain)
MNIST:'8' -> CIFAR10 | Predict: 'dog' (Ent: 0.56)
MNIST:'9' -> CIFAR10 ❌ (Uncertain)
EMNIST:'1' -> MNIST | Predict: '8' (Ent: 1.19)
  ⚠️ [Mismatch] Cycle Back predicted '8' (Expected '1') (Ent: 1.35)
EMNIST:'2' -> MNIST | Predict: '8' (Ent: 0.74)
  ⚠️ [Mismatch] Cycle Back predicted '8' (Expected '2') (Ent: 1.35)
EMNIST:'4' -> MNIST | Predict: '8' (Ent: 0.99)
  ⚠️ [Mismatch] Cycle Back predicted '8' (Expected '4') (Ent: 1.35)
EMNIST:'5' -> MNIST | Predict: '8' (Ent: 0.65)
  ⚠️ [Mismatch] Cycle Back predicted '8' (Expected '5') (Ent: 1.35)
EMNIST:'7' -> MNIST | Predict: '8' (Ent: 1.04)
  ⚠️ [Mismatch] Cycle Back predicted '8' (Expected '7') (Ent: 1.35)
EMNIST:'9' -> MNIST | Predict: '8' (Ent: 0.66)
  ⚠️ [Mismatch] Cycle Back predicted '8' (Expected '9') (Ent: 1.35)
EMNIST:'A' -> MNIST | Predict: '8' (Ent: 0.99)
  ⚠️ [Mismatch] Cycle Back predicted '8' (Expected 'A') (Ent: 1.35)
EMNIST:'B' -> MNIST | Predict: '8' (Ent: 1.14)
  ⚠️ [Mismatch] Cycle Back predicted '8' (Expected 'B') (Ent: 1.35)
EMNIST:'C' -> MNIST | Predict: '8' (Ent: 0.92)
  ⚠️ [Mismatch] Cycle Back predicted '8' (Expected 'C') (Ent: 1.35)
EMNIST:'D' -> MNIST | Predict: '8' (Ent: 1.14)
  ⚠️ [Mismatch] Cycle Back predicted '8' (Expected 'D') (Ent: 1.35)
EMNIST:'E' -> MNIST | Predict: '8' (Ent: 1.13)
  ⚠️ [Mismatch] Cycle Back predicted '8' (Expected 'E') (Ent: 1.35)
EMNIST:'F' -> MNIST | Predict: '8' (Ent: 0.14)
  ⚠️ [Mismatch] Cycle Back predicted '8' (Expected 'F') (Ent: 1.35)
EMNIST:'G' -> MNIST | Predict: '8' (Ent: 0.81)
  ⚠️ [Mismatch] Cycle Back predicted '8' (Expected 'G') (Ent: 1.35)
EMNIST:'H' -> MNIST | Predict: '8' (Ent: 1.13)
  ⚠️ [Mismatch] Cycle Back predicted '8' (Expected 'H') (Ent: 1.35)
EMNIST:'I' -> MNIST | Predict: '8' (Ent: 0.85)
  ⚠️ [Mismatch] Cycle Back predicted '8' (Expected 'I') (Ent: 1.35)
EMNIST:'J' -> MNIST | Predict: '8' (Ent: 0.88)
  ⚠️ [Mismatch] Cycle Back predicted '8' (Expected 'J') (Ent: 1.35)
EMNIST:'K' -> MNIST | Predict: '8' (Ent: 0.86)
  ⚠️ [Mismatch] Cycle Back predicted '8' (Expected 'K') (Ent: 1.35)
EMNIST:'L' -> MNIST | Predict: '8' (Ent: 1.06)
  ⚠️ [Mismatch] Cycle Back predicted '8' (Expected 'L') (Ent: 1.35)
EMNIST:'M' -> MNIST | Predict: '8' (Ent: 0.70)
  ⚠️ [Mismatch] Cycle Back predicted '8' (Expected 'M') (Ent: 1.35)
EMNIST:'N' -> MNIST | Predict: '8' (Ent: 1.27)
  ⚠️ [Mismatch] Cycle Back predicted '8' (Expected 'N') (Ent: 1.35)
EMNIST:'O' -> MNIST | Predict: '8' (Ent: 1.18)
  ⚠️ [Mismatch] Cycle Back predicted '8' (Expected 'O') (Ent: 1.35)
EMNIST:'P' -> MNIST | Predict: '8' (Ent: 0.91)
  ⚠️ [Mismatch] Cycle Back predicted '8' (Expected 'P') (Ent: 1.35)
EMNIST:'Q' -> MNIST | Predict: '8' (Ent: 0.65)
  ⚠️ [Mismatch] Cycle Back predicted '8' (Expected 'Q') (Ent: 1.35)
EMNIST:'R' -> MNIST | Predict: '8' (Ent: 0.83)
  ⚠️ [Mismatch] Cycle Back predicted '8' (Expected 'R') (Ent: 1.35)
EMNIST:'S' -> MNIST | Predict: '8' (Ent: 1.01)
  ⚠️ [Mismatch] Cycle Back predicted '8' (Expected 'S') (Ent: 1.35)
EMNIST:'T' -> MNIST ❌ (Uncertain)
EMNIST:'U' -> MNIST | Predict: '8' (Ent: 1.02)
  ⚠️ [Mismatch] Cycle Back predicted '8' (Expected 'U') (Ent: 1.35)
EMNIST:'V' -> MNIST ❌ (Uncertain)
EMNIST:'W' -> MNIST | Predict: '8' (Ent: 1.08)
  ⚠️ [Mismatch] Cycle Back predicted '8' (Expected 'W') (Ent: 1.35)
EMNIST:'X' -> MNIST | Predict: '8' (Ent: 1.10)
  ⚠️ [Mismatch] Cycle Back predicted '8' (Expected 'X') (Ent: 1.35)
EMNIST:'Y' -> MNIST | Predict: '8' (Ent: 1.11)
  ⚠️ [Mismatch] Cycle Back predicted '8' (Expected 'Y') (Ent: 1.35)
EMNIST:'Z' -> MNIST ❌ (Uncertain)
EMNIST:'a' -> MNIST | Predict: '8' (Ent: 0.99)
  ⚠️ [Mismatch] Cycle Back predicted '8' (Expected 'a') (Ent: 1.35)
EMNIST:'b' -> MNIST | Predict: '8' (Ent: 1.14)
  ⚠️ [Mismatch] Cycle Back predicted '8' (Expected 'b') (Ent: 1.35)
EMNIST:'c' -> MNIST | Predict: '8' (Ent: 0.92)
  ⚠️ [Mismatch] Cycle Back predicted '8' (Expected 'c') (Ent: 1.35)
EMNIST:'d' -> MNIST | Predict: '8' (Ent: 1.14)
  ⚠️ [Mismatch] Cycle Back predicted '8' (Expected 'd') (Ent: 1.35)
EMNIST:'e' -> MNIST | Predict: '8' (Ent: 1.13)
  ⚠️ [Mismatch] Cycle Back predicted '8' (Expected 'e') (Ent: 1.35)
EMNIST:'f' -> MNIST | Predict: '8' (Ent: 0.14)
  ⚠️ [Mismatch] Cycle Back predicted '8' (Expected 'f') (Ent: 1.35)
EMNIST:'g' -> MNIST | Predict: '8' (Ent: 0.81)
  ⚠️ [Mismatch] Cycle Back predicted '8' (Expected 'g') (Ent: 1.35)
EMNIST:'h' -> MNIST | Predict: '8' (Ent: 1.13)
  ⚠️ [Mismatch] Cycle Back predicted '8' (Expected 'h') (Ent: 1.35)
EMNIST:'i' -> MNIST | Predict: '8' (Ent: 0.85)
  ⚠️ [Mismatch] Cycle Back predicted '8' (Expected 'i') (Ent: 1.35)
EMNIST:'j' -> MNIST | Predict: '8' (Ent: 0.88)
  ⚠️ [Mismatch] Cycle Back predicted '8' (Expected 'j') (Ent: 1.35)
EMNIST:'k' -> MNIST | Predict: '8' (Ent: 0.86)
  ⚠️ [Mismatch] Cycle Back predicted '8' (Expected 'k') (Ent: 1.35)
EMNIST:'l' -> MNIST | Predict: '8' (Ent: 1.06)
  ⚠️ [Mismatch] Cycle Back predicted '8' (Expected 'l') (Ent: 1.35)
EMNIST:'m' -> MNIST | Predict: '8' (Ent: 0.70)
  ⚠️ [Mismatch] Cycle Back predicted '8' (Expected 'm') (Ent: 1.35)
EMNIST:'n' -> MNIST | Predict: '8' (Ent: 1.27)
  ⚠️ [Mismatch] Cycle Back predicted '8' (Expected 'n') (Ent: 1.35)
EMNIST:'o' -> MNIST | Predict: '8' (Ent: 1.18)
  ⚠️ [Mismatch] Cycle Back predicted '8' (Expected 'o') (Ent: 1.35)
EMNIST:'p' -> MNIST | Predict: '8' (Ent: 0.91)
  ⚠️ [Mismatch] Cycle Back predicted '8' (Expected 'p') (Ent: 1.35)
EMNIST:'q' -> MNIST | Predict: '8' (Ent: 0.65)
  ⚠️ [Mismatch] Cycle Back predicted '8' (Expected 'q') (Ent: 1.35)
EMNIST:'r' -> MNIST | Predict: '8' (Ent: 0.83)
  ⚠️ [Mismatch] Cycle Back predicted '8' (Expected 'r') (Ent: 1.35)
EMNIST:'s' -> MNIST | Predict: '8' (Ent: 1.01)
  ⚠️ [Mismatch] Cycle Back predicted '8' (Expected 's') (Ent: 1.35)
EMNIST:'t' -> MNIST ❌ (Uncertain)
EMNIST:'u' -> MNIST | Predict: '8' (Ent: 1.02)
  ⚠️ [Mismatch] Cycle Back predicted '8' (Expected 'u') (Ent: 1.35)
EMNIST:'v' -> MNIST ❌ (Uncertain)
EMNIST:'w' -> MNIST | Predict: '8' (Ent: 1.08)
  ⚠️ [Mismatch] Cycle Back predicted '8' (Expected 'w') (Ent: 1.35)
EMNIST:'x' -> MNIST | Predict: '8' (Ent: 1.10)
  ⚠️ [Mismatch] Cycle Back predicted '8' (Expected 'x') (Ent: 1.35)
EMNIST:'y' -> MNIST | Predict: '8' (Ent: 1.11)
  ⚠️ [Mismatch] Cycle Back predicted '8' (Expected 'y') (Ent: 1.35)
EMNIST:'z' -> MNIST ❌ (Uncertain)
EMNIST:'0' -> CIFAR10 ❌ (Uncertain)
EMNIST:'1' -> CIFAR10 ❌ (Uncertain)
EMNIST:'2' -> CIFAR10 ❌ (Uncertain)
EMNIST:'3' -> CIFAR10 ❌ (Uncertain)
EMNIST:'4' -> CIFAR10 ❌ (Uncertain)
EMNIST:'5' -> CIFAR10 ❌ (Uncertain)
EMNIST:'6' -> CIFAR10 ❌ (Uncertain)
EMNIST:'7' -> CIFAR10 ❌ (Uncertain)
EMNIST:'8' -> CIFAR10 ❌ (Uncertain)
EMNIST:'9' -> CIFAR10 ❌ (Uncertain)
EMNIST:'A' -> CIFAR10 ❌ (Uncertain)
EMNIST:'B' -> CIFAR10 ❌ (Uncertain)
EMNIST:'C' -> CIFAR10 ❌ (Uncertain)
EMNIST:'D' -> CIFAR10 ❌ (Uncertain)
EMNIST:'E' -> CIFAR10 ❌ (Uncertain)
EMNIST:'F' -> CIFAR10 ❌ (Uncertain)
EMNIST:'G' -> CIFAR10 ❌ (Uncertain)
EMNIST:'H' -> CIFAR10 ❌ (Uncertain)
EMNIST:'I' -> CIFAR10 ❌ (Uncertain)
EMNIST:'J' -> CIFAR10 ❌ (Uncertain)
EMNIST:'K' -> CIFAR10 ❌ (Uncertain)
EMNIST:'L' -> CIFAR10 ❌ (Uncertain)
EMNIST:'M' -> CIFAR10 ❌ (Uncertain)
EMNIST:'N' -> CIFAR10 ❌ (Uncertain)
EMNIST:'O' -> CIFAR10 ❌ (Uncertain)
EMNIST:'P' -> CIFAR10 ❌ (Uncertain)
EMNIST:'Q' -> CIFAR10 ❌ (Uncertain)
EMNIST:'R' -> CIFAR10 ❌ (Uncertain)
EMNIST:'S' -> CIFAR10 ❌ (Uncertain)
EMNIST:'T' -> CIFAR10 ❌ (Uncertain)
EMNIST:'U' -> CIFAR10 ❌ (Uncertain)
EMNIST:'V' -> CIFAR10 ❌ (Uncertain)
EMNIST:'W' -> CIFAR10 ❌ (Uncertain)
EMNIST:'X' -> CIFAR10 ❌ (Uncertain)
EMNIST:'Y' -> CIFAR10 ❌ (Uncertain)
EMNIST:'Z' -> CIFAR10 ❌ (Uncertain)
EMNIST:'a' -> CIFAR10 ❌ (Uncertain)
EMNIST:'b' -> CIFAR10 ❌ (Uncertain)
EMNIST:'c' -> CIFAR10 ❌ (Uncertain)
EMNIST:'d' -> CIFAR10 ❌ (Uncertain)
EMNIST:'e' -> CIFAR10 ❌ (Uncertain)
EMNIST:'f' -> CIFAR10 ❌ (Uncertain)
EMNIST:'g' -> CIFAR10 ❌ (Uncertain)
EMNIST:'h' -> CIFAR10 ❌ (Uncertain)
EMNIST:'i' -> CIFAR10 ❌ (Uncertain)
EMNIST:'j' -> CIFAR10 ❌ (Uncertain)
EMNIST:'k' -> CIFAR10 ❌ (Uncertain)
EMNIST:'l' -> CIFAR10 ❌ (Uncertain)
EMNIST:'m' -> CIFAR10 ❌ (Uncertain)
EMNIST:'n' -> CIFAR10 ❌ (Uncertain)
EMNIST:'o' -> CIFAR10 ❌ (Uncertain)
EMNIST:'p' -> CIFAR10 ❌ (Uncertain)
EMNIST:'q' -> CIFAR10 ❌ (Uncertain)
EMNIST:'r' -> CIFAR10 ❌ (Uncertain)
EMNIST:'s' -> CIFAR10 ❌ (Uncertain)
EMNIST:'t' -> CIFAR10 ❌ (Uncertain)
EMNIST:'u' -> CIFAR10 ❌ (Uncertain)
EMNIST:'v' -> CIFAR10 ❌ (Uncertain)
EMNIST:'w' -> CIFAR10 ❌ (Uncertain)
EMNIST:'x' -> CIFAR10 ❌ (Uncertain)
EMNIST:'y' -> CIFAR10 ❌ (Uncertain)
EMNIST:'z' -> CIFAR10 ❌ (Uncertain)
CIFAR10:'airplane' -> MNIST ❌ (Uncertain)
CIFAR10:'automobile' -> MNIST | Predict: '8' (Ent: 1.26)
  ⚠️ [Mismatch] Cycle Back predicted 'dog' (Expected 'automobile') (Ent: 0.56)
CIFAR10:'bird' -> MNIST ❌ (Uncertain)
CIFAR10:'cat' -> MNIST ❌ (Uncertain)
CIFAR10:'deer' -> MNIST | Predict: '8' (Ent: 1.23)
  ⚠️ [Mismatch] Cycle Back predicted 'dog' (Expected 'deer') (Ent: 0.56)
CIFAR10:'frog' -> MNIST ❌ (Uncertain)
CIFAR10:'horse' -> MNIST ❌ (Uncertain)
CIFAR10:'ship' -> MNIST | Predict: '8' (Ent: 1.02)
  ⚠️ [Mismatch] Cycle Back predicted 'dog' (Expected 'ship') (Ent: 0.56)
CIFAR10:'truck' -> MNIST | Predict: '8' (Ent: 1.13)
  ⚠️ [Mismatch] Cycle Back predicted 'dog' (Expected 'truck') (Ent: 0.56)
CIFAR10:'airplane' -> EMNIST | Predict: '8' (Ent: 1.76)
CIFAR10:'automobile' -> EMNIST ❌ (Uncertain)
CIFAR10:'bird' -> EMNIST | Predict: '0' (Ent: 2.08)
CIFAR10:'cat' -> EMNIST | Predict: '8' (Ent: 1.98)
CIFAR10:'deer' -> EMNIST | Predict: '8' (Ent: 2.09)
CIFAR10:'dog' -> EMNIST | Predict: '8' (Ent: 1.96)
CIFAR10:'frog' -> EMNIST | Predict: '8' (Ent: 1.89)
CIFAR10:'horse' -> EMNIST ❌ (Uncertain)
CIFAR10:'ship' -> EMNIST ❌ (Uncertain)
CIFAR10:'truck' -> EMNIST ❌ (Uncertain)
Exp (Syn): New Gen + New Ent (0.6)
dynamic_entropy_ratio: 0.6
MNIST:'0' -> EMNIST | Predict: '0' (Ent: 1.87)
  ⚠️ [Mismatch] Cycle Back predicted '8' (Expected '0') (Ent: 1.31)
MNIST:'1' -> EMNIST ❌ (Uncertain)
MNIST:'2' -> EMNIST ❌ (Uncertain)
MNIST:'3' -> EMNIST | Predict: '3' (Ent: 1.83)
  ⚠️ [Mismatch] Cycle Back predicted '8' (Expected '3') (Ent: 0.67)
MNIST:'4' -> EMNIST | Predict: '0' (Ent: 2.34)
  ⚠️ [Mismatch] Cycle Back predicted '8' (Expected '4') (Ent: 1.31)
MNIST:'5' -> EMNIST | Predict: '0' (Ent: 2.12)
  ⚠️ [Mismatch] Cycle Back predicted '8' (Expected '5') (Ent: 1.31)
MNIST:'6' -> EMNIST | Predict: '6' (Ent: 1.99)
  ⚠️ [Mismatch] Cycle Back predicted '8' (Expected '6') (Ent: 0.39)
MNIST:'7' -> EMNIST ❌ (Uncertain)
MNIST:'8' -> EMNIST | Predict: '8' (Ent: 1.35)
  ✅ [Match] MNIST:'8' <==> EMNIST:'8' (Ent: 0.44)
MNIST:'9' -> EMNIST ❌ (Uncertain)
MNIST:'0' -> CIFAR10 ❌ (Uncertain)
MNIST:'1' -> CIFAR10 ❌ (Uncertain)
MNIST:'2' -> CIFAR10 ❌ (Uncertain)
MNIST:'3' -> CIFAR10 ❌ (Uncertain)
MNIST:'4' -> CIFAR10 ❌ (Uncertain)
MNIST:'5' -> CIFAR10 ❌ (Uncertain)
MNIST:'6' -> CIFAR10 | Predict: 'dog' (Ent: 1.18)
MNIST:'7' -> CIFAR10 ❌ (Uncertain)
MNIST:'8' -> CIFAR10 | Predict: 'dog' (Ent: 0.81)
MNIST:'9' -> CIFAR10 ❌ (Uncertain)
EMNIST:'1' -> MNIST | Predict: '8' (Ent: 1.19)
  ⚠️ [Mismatch] Cycle Back predicted '8' (Expected '1') (Ent: 1.35)
EMNIST:'2' -> MNIST | Predict: '8' (Ent: 0.74)
  ⚠️ [Mismatch] Cycle Back predicted '8' (Expected '2') (Ent: 1.35)
EMNIST:'4' -> MNIST | Predict: '8' (Ent: 0.99)
  ⚠️ [Mismatch] Cycle Back predicted '8' (Expected '4') (Ent: 1.35)
EMNIST:'5' -> MNIST | Predict: '8' (Ent: 0.65)
  ⚠️ [Mismatch] Cycle Back predicted '8' (Expected '5') (Ent: 1.35)
EMNIST:'7' -> MNIST | Predict: '8' (Ent: 1.04)
  ⚠️ [Mismatch] Cycle Back predicted '8' (Expected '7') (Ent: 1.35)
EMNIST:'9' -> MNIST | Predict: '8' (Ent: 0.66)
  ⚠️ [Mismatch] Cycle Back predicted '8' (Expected '9') (Ent: 1.35)
EMNIST:'A' -> MNIST | Predict: '8' (Ent: 0.99)
  ⚠️ [Mismatch] Cycle Back predicted '8' (Expected 'A') (Ent: 1.35)
EMNIST:'B' -> MNIST | Predict: '8' (Ent: 1.14)
  ⚠️ [Mismatch] Cycle Back predicted '8' (Expected 'B') (Ent: 1.35)
EMNIST:'C' -> MNIST | Predict: '8' (Ent: 0.92)
  ⚠️ [Mismatch] Cycle Back predicted '8' (Expected 'C') (Ent: 1.35)
EMNIST:'D' -> MNIST | Predict: '8' (Ent: 1.33)
  ⚠️ [Mismatch] Cycle Back predicted '8' (Expected 'D') (Ent: 1.35)
EMNIST:'E' -> MNIST | Predict: '8' (Ent: 1.13)
  ⚠️ [Mismatch] Cycle Back predicted '8' (Expected 'E') (Ent: 1.35)
EMNIST:'F' -> MNIST | Predict: '8' (Ent: 0.14)
  ⚠️ [Mismatch] Cycle Back predicted '8' (Expected 'F') (Ent: 1.35)
EMNIST:'G' -> MNIST | Predict: '8' (Ent: 0.81)
  ⚠️ [Mismatch] Cycle Back predicted '8' (Expected 'G') (Ent: 1.35)
EMNIST:'H' -> MNIST | Predict: '8' (Ent: 1.13)
  ⚠️ [Mismatch] Cycle Back predicted '8' (Expected 'H') (Ent: 1.35)
EMNIST:'I' -> MNIST | Predict: '8' (Ent: 1.21)
  ⚠️ [Mismatch] Cycle Back predicted '8' (Expected 'I') (Ent: 1.35)
EMNIST:'J' -> MNIST | Predict: '8' (Ent: 0.88)
  ⚠️ [Mismatch] Cycle Back predicted '8' (Expected 'J') (Ent: 1.35)
EMNIST:'K' -> MNIST | Predict: '8' (Ent: 0.86)
  ⚠️ [Mismatch] Cycle Back predicted '8' (Expected 'K') (Ent: 1.35)
EMNIST:'L' -> MNIST | Predict: '8' (Ent: 1.06)
  ⚠️ [Mismatch] Cycle Back predicted '8' (Expected 'L') (Ent: 1.35)
EMNIST:'M' -> MNIST | Predict: '8' (Ent: 0.70)
  ⚠️ [Mismatch] Cycle Back predicted '8' (Expected 'M') (Ent: 1.35)
EMNIST:'N' -> MNIST ❌ (Uncertain)
EMNIST:'O' -> MNIST ❌ (Uncertain)
EMNIST:'P' -> MNIST | Predict: '8' (Ent: 1.01)
  ⚠️ [Mismatch] Cycle Back predicted '8' (Expected 'P') (Ent: 1.35)
EMNIST:'Q' -> MNIST | Predict: '8' (Ent: 0.65)
  ⚠️ [Mismatch] Cycle Back predicted '8' (Expected 'Q') (Ent: 1.35)
EMNIST:'R' -> MNIST | Predict: '8' (Ent: 0.95)
  ⚠️ [Mismatch] Cycle Back predicted '8' (Expected 'R') (Ent: 1.35)
EMNIST:'S' -> MNIST | Predict: '8' (Ent: 1.01)
  ⚠️ [Mismatch] Cycle Back predicted '8' (Expected 'S') (Ent: 1.35)
EMNIST:'T' -> MNIST | Predict: '8' (Ent: 1.37)
  ⚠️ [Mismatch] Cycle Back predicted '8' (Expected 'T') (Ent: 1.35)
EMNIST:'U' -> MNIST | Predict: '8' (Ent: 1.02)
  ⚠️ [Mismatch] Cycle Back predicted '8' (Expected 'U') (Ent: 1.35)
EMNIST:'V' -> MNIST | Predict: '8' (Ent: 1.34)
  ⚠️ [Mismatch] Cycle Back predicted '8' (Expected 'V') (Ent: 1.35)
EMNIST:'W' -> MNIST | Predict: '8' (Ent: 1.08)
  ⚠️ [Mismatch] Cycle Back predicted '8' (Expected 'W') (Ent: 1.35)
EMNIST:'X' -> MNIST | Predict: '8' (Ent: 1.10)
  ⚠️ [Mismatch] Cycle Back predicted '8' (Expected 'X') (Ent: 1.35)
EMNIST:'Y' -> MNIST | Predict: '8' (Ent: 1.18)
  ⚠️ [Mismatch] Cycle Back predicted '8' (Expected 'Y') (Ent: 1.35)
EMNIST:'Z' -> MNIST | Predict: '8' (Ent: 1.27)
  ⚠️ [Mismatch] Cycle Back predicted '8' (Expected 'Z') (Ent: 1.35)
EMNIST:'a' -> MNIST | Predict: '8' (Ent: 0.99)
  ⚠️ [Mismatch] Cycle Back predicted '8' (Expected 'a') (Ent: 1.35)
EMNIST:'b' -> MNIST | Predict: '8' (Ent: 1.14)
  ⚠️ [Mismatch] Cycle Back predicted '8' (Expected 'b') (Ent: 1.35)
EMNIST:'c' -> MNIST | Predict: '8' (Ent: 0.92)
  ⚠️ [Mismatch] Cycle Back predicted '8' (Expected 'c') (Ent: 1.35)
EMNIST:'d' -> MNIST | Predict: '8' (Ent: 1.33)
  ⚠️ [Mismatch] Cycle Back predicted '8' (Expected 'd') (Ent: 1.35)
EMNIST:'e' -> MNIST | Predict: '8' (Ent: 1.13)
  ⚠️ [Mismatch] Cycle Back predicted '8' (Expected 'e') (Ent: 1.35)
EMNIST:'f' -> MNIST | Predict: '8' (Ent: 0.14)
  ⚠️ [Mismatch] Cycle Back predicted '8' (Expected 'f') (Ent: 1.35)
EMNIST:'g' -> MNIST | Predict: '8' (Ent: 0.81)
  ⚠️ [Mismatch] Cycle Back predicted '8' (Expected 'g') (Ent: 1.35)
EMNIST:'h' -> MNIST | Predict: '8' (Ent: 1.13)
  ⚠️ [Mismatch] Cycle Back predicted '8' (Expected 'h') (Ent: 1.35)
EMNIST:'i' -> MNIST | Predict: '8' (Ent: 1.21)
  ⚠️ [Mismatch] Cycle Back predicted '8' (Expected 'i') (Ent: 1.35)
EMNIST:'j' -> MNIST | Predict: '8' (Ent: 0.88)
  ⚠️ [Mismatch] Cycle Back predicted '8' (Expected 'j') (Ent: 1.35)
EMNIST:'k' -> MNIST | Predict: '8' (Ent: 0.86)
  ⚠️ [Mismatch] Cycle Back predicted '8' (Expected 'k') (Ent: 1.35)
EMNIST:'l' -> MNIST | Predict: '8' (Ent: 1.06)
  ⚠️ [Mismatch] Cycle Back predicted '8' (Expected 'l') (Ent: 1.35)
EMNIST:'m' -> MNIST | Predict: '8' (Ent: 0.70)
  ⚠️ [Mismatch] Cycle Back predicted '8' (Expected 'm') (Ent: 1.35)
EMNIST:'n' -> MNIST ❌ (Uncertain)
EMNIST:'o' -> MNIST ❌ (Uncertain)
EMNIST:'p' -> MNIST | Predict: '8' (Ent: 1.01)
  ⚠️ [Mismatch] Cycle Back predicted '8' (Expected 'p') (Ent: 1.35)
EMNIST:'q' -> MNIST | Predict: '8' (Ent: 0.65)
  ⚠️ [Mismatch] Cycle Back predicted '8' (Expected 'q') (Ent: 1.35)
EMNIST:'r' -> MNIST | Predict: '8' (Ent: 0.95)
  ⚠️ [Mismatch] Cycle Back predicted '8' (Expected 'r') (Ent: 1.35)
EMNIST:'s' -> MNIST | Predict: '8' (Ent: 1.01)
  ⚠️ [Mismatch] Cycle Back predicted '8' (Expected 's') (Ent: 1.35)
EMNIST:'t' -> MNIST | Predict: '8' (Ent: 1.37)
  ⚠️ [Mismatch] Cycle Back predicted '8' (Expected 't') (Ent: 1.35)
EMNIST:'u' -> MNIST | Predict: '8' (Ent: 1.02)
  ⚠️ [Mismatch] Cycle Back predicted '8' (Expected 'u') (Ent: 1.35)
EMNIST:'v' -> MNIST | Predict: '8' (Ent: 1.34)
  ⚠️ [Mismatch] Cycle Back predicted '8' (Expected 'v') (Ent: 1.35)
EMNIST:'w' -> MNIST | Predict: '8' (Ent: 1.08)
  ⚠️ [Mismatch] Cycle Back predicted '8' (Expected 'w') (Ent: 1.35)
EMNIST:'x' -> MNIST | Predict: '8' (Ent: 1.10)
  ⚠️ [Mismatch] Cycle Back predicted '8' (Expected 'x') (Ent: 1.35)
EMNIST:'y' -> MNIST | Predict: '8' (Ent: 1.18)
  ⚠️ [Mismatch] Cycle Back predicted '8' (Expected 'y') (Ent: 1.35)
EMNIST:'z' -> MNIST | Predict: '8' (Ent: 1.27)
  ⚠️ [Mismatch] Cycle Back predicted '8' (Expected 'z') (Ent: 1.35)
EMNIST:'0' -> CIFAR10 ❌ (Uncertain)
EMNIST:'1' -> CIFAR10 ❌ (Uncertain)
EMNIST:'2' -> CIFAR10 ❌ (Uncertain)
EMNIST:'3' -> CIFAR10 ❌ (Uncertain)
EMNIST:'4' -> CIFAR10 ❌ (Uncertain)
EMNIST:'5' -> CIFAR10 ❌ (Uncertain)
EMNIST:'6' -> CIFAR10 ❌ (Uncertain)
EMNIST:'7' -> CIFAR10 | Predict: 'dog' (Ent: 1.30)
  ⚠️ [Mismatch] Cycle Back predicted '8' (Expected '7') (Ent: 1.96)
EMNIST:'8' -> CIFAR10 ❌ (Uncertain)
EMNIST:'9' -> CIFAR10 ❌ (Uncertain)
EMNIST:'A' -> CIFAR10 ❌ (Uncertain)
EMNIST:'B' -> CIFAR10 ❌ (Uncertain)
EMNIST:'C' -> CIFAR10 ❌ (Uncertain)
EMNIST:'D' -> CIFAR10 ❌ (Uncertain)
EMNIST:'E' -> CIFAR10 ❌ (Uncertain)
EMNIST:'F' -> CIFAR10 ❌ (Uncertain)
EMNIST:'G' -> CIFAR10 ❌ (Uncertain)
EMNIST:'H' -> CIFAR10 ❌ (Uncertain)
EMNIST:'I' -> CIFAR10 ❌ (Uncertain)
EMNIST:'J' -> CIFAR10 ❌ (Uncertain)
EMNIST:'K' -> CIFAR10 ❌ (Uncertain)
EMNIST:'L' -> CIFAR10 ❌ (Uncertain)
EMNIST:'M' -> CIFAR10 ❌ (Uncertain)
EMNIST:'N' -> CIFAR10 ❌ (Uncertain)
EMNIST:'O' -> CIFAR10 ❌ (Uncertain)
EMNIST:'P' -> CIFAR10 ❌ (Uncertain)
EMNIST:'Q' -> CIFAR10 ❌ (Uncertain)
EMNIST:'R' -> CIFAR10 ❌ (Uncertain)
EMNIST:'S' -> CIFAR10 ❌ (Uncertain)
EMNIST:'T' -> CIFAR10 ❌ (Uncertain)
EMNIST:'U' -> CIFAR10 ❌ (Uncertain)
EMNIST:'V' -> CIFAR10 | Predict: 'bird' (Ent: 1.34)
  ⚠️ [Mismatch] Cycle Back predicted '0' (Expected 'V') (Ent: 2.08)
EMNIST:'W' -> CIFAR10 ❌ (Uncertain)
EMNIST:'X' -> CIFAR10 ❌ (Uncertain)
EMNIST:'Y' -> CIFAR10 ❌ (Uncertain)
EMNIST:'Z' -> CIFAR10 ❌ (Uncertain)
EMNIST:'a' -> CIFAR10 ❌ (Uncertain)
EMNIST:'b' -> CIFAR10 ❌ (Uncertain)
EMNIST:'c' -> CIFAR10 ❌ (Uncertain)
EMNIST:'d' -> CIFAR10 ❌ (Uncertain)
EMNIST:'e' -> CIFAR10 ❌ (Uncertain)
EMNIST:'f' -> CIFAR10 ❌ (Uncertain)
EMNIST:'g' -> CIFAR10 ❌ (Uncertain)
EMNIST:'h' -> CIFAR10 ❌ (Uncertain)
EMNIST:'i' -> CIFAR10 ❌ (Uncertain)
EMNIST:'j' -> CIFAR10 ❌ (Uncertain)
EMNIST:'k' -> CIFAR10 ❌ (Uncertain)
EMNIST:'l' -> CIFAR10 ❌ (Uncertain)
EMNIST:'m' -> CIFAR10 ❌ (Uncertain)
EMNIST:'n' -> CIFAR10 ❌ (Uncertain)
EMNIST:'o' -> CIFAR10 ❌ (Uncertain)
EMNIST:'p' -> CIFAR10 ❌ (Uncertain)
EMNIST:'q' -> CIFAR10 ❌ (Uncertain)
EMNIST:'r' -> CIFAR10 ❌ (Uncertain)
EMNIST:'s' -> CIFAR10 ❌ (Uncertain)
EMNIST:'t' -> CIFAR10 ❌ (Uncertain)
EMNIST:'u' -> CIFAR10 ❌ (Uncertain)
EMNIST:'v' -> CIFAR10 | Predict: 'bird' (Ent: 1.34)
  ⚠️ [Mismatch] Cycle Back predicted '0' (Expected 'v') (Ent: 2.08)
EMNIST:'w' -> CIFAR10 ❌ (Uncertain)
EMNIST:'x' -> CIFAR10 ❌ (Uncertain)
EMNIST:'y' -> CIFAR10 ❌ (Uncertain)
EMNIST:'z' -> CIFAR10 ❌ (Uncertain)
CIFAR10:'airplane' -> MNIST ❌ (Uncertain)
CIFAR10:'automobile' -> MNIST | Predict: '8' (Ent: 1.26)
  ⚠️ [Mismatch] Cycle Back predicted 'dog' (Expected 'automobile') (Ent: 0.81)
CIFAR10:'bird' -> MNIST ❌ (Uncertain)
CIFAR10:'cat' -> MNIST | Predict: '8' (Ent: 1.30)
  ⚠️ [Mismatch] Cycle Back predicted 'dog' (Expected 'cat') (Ent: 0.81)
CIFAR10:'deer' -> MNIST | Predict: '8' (Ent: 1.23)
  ⚠️ [Mismatch] Cycle Back predicted 'dog' (Expected 'deer') (Ent: 0.81)
CIFAR10:'frog' -> MNIST ❌ (Uncertain)
CIFAR10:'horse' -> MNIST ❌ (Uncertain)
CIFAR10:'ship' -> MNIST | Predict: '8' (Ent: 1.02)
  ⚠️ [Mismatch] Cycle Back predicted 'dog' (Expected 'ship') (Ent: 0.81)
CIFAR10:'truck' -> MNIST | Predict: '8' (Ent: 1.13)
  ⚠️ [Mismatch] Cycle Back predicted 'dog' (Expected 'truck') (Ent: 0.81)
CIFAR10:'airplane' -> EMNIST | Predict: '8' (Ent: 1.76)
CIFAR10:'automobile' -> EMNIST | Predict: '8' (Ent: 2.44)
CIFAR10:'cat' -> EMNIST | Predict: '8' (Ent: 1.98)
CIFAR10:'deer' -> EMNIST | Predict: '8' (Ent: 2.09)
CIFAR10:'frog' -> EMNIST | Predict: '8' (Ent: 1.89)
CIFAR10:'horse' -> EMNIST | Predict: '0' (Ent: 2.43)
CIFAR10:'ship' -> EMNIST ❌ (Uncertain)
CIFAR10:'truck' -> EMNIST | Predict: '8' (Ent: 2.27)
Exp (Syn): New Gen + New Ent (0.65)
dynamic_entropy_ratio: 0.65
MNIST:'0' -> EMNIST | Predict: '0' (Ent: 1.87)
  ⚠️ [Mismatch] Cycle Back predicted '8' (Expected '0') (Ent: 1.31)
MNIST:'1' -> EMNIST | Predict: '8' (Ent: 2.67)
  ⚠️ [Mismatch] Cycle Back predicted '8' (Expected '1') (Ent: 0.44)
MNIST:'2' -> EMNIST | Predict: '0' (Ent: 2.57)
  ⚠️ [Mismatch] Cycle Back predicted '8' (Expected '2') (Ent: 1.31)
MNIST:'3' -> EMNIST | Predict: '3' (Ent: 1.83)
  ⚠️ [Mismatch] Cycle Back predicted '8' (Expected '3') (Ent: 0.67)
MNIST:'4' -> EMNIST | Predict: '0' (Ent: 2.61)
  ⚠️ [Mismatch] Cycle Back predicted '8' (Expected '4') (Ent: 1.31)
MNIST:'5' -> EMNIST | Predict: '0' (Ent: 2.30)
  ⚠️ [Mismatch] Cycle Back predicted '8' (Expected '5') (Ent: 1.31)
MNIST:'6' -> EMNIST | Predict: '6' (Ent: 1.99)
  ⚠️ [Mismatch] Cycle Back predicted '8' (Expected '6') (Ent: 0.39)
MNIST:'7' -> EMNIST ❌ (Uncertain)
MNIST:'8' -> EMNIST | Predict: '8' (Ent: 1.35)
  ✅ [Match] MNIST:'8' <==> EMNIST:'8' (Ent: 0.44)
MNIST:'9' -> EMNIST | Predict: '0' (Ent: 2.55)
  ⚠️ [Mismatch] Cycle Back predicted '8' (Expected '9') (Ent: 1.31)
MNIST:'0' -> CIFAR10 ❌ (Uncertain)
MNIST:'1' -> CIFAR10 | Predict: 'dog' (Ent: 1.49)
MNIST:'2' -> CIFAR10 ❌ (Uncertain)
MNIST:'3' -> CIFAR10 | Predict: 'ship' (Ent: 1.45)
  ⚠️ [Mismatch] Cycle Back predicted '8' (Expected '3') (Ent: 1.02)
MNIST:'4' -> CIFAR10 ❌ (Uncertain)
MNIST:'5' -> CIFAR10 | Predict: 'ship' (Ent: 1.46)
  ⚠️ [Mismatch] Cycle Back predicted '8' (Expected '5') (Ent: 1.02)
MNIST:'6' -> CIFAR10 | Predict: 'dog' (Ent: 1.29)
MNIST:'7' -> CIFAR10 ❌ (Uncertain)
MNIST:'8' -> CIFAR10 | Predict: 'dog' (Ent: 0.81)
MNIST:'9' -> CIFAR10 ❌ (Uncertain)
EMNIST:'1' -> MNIST | Predict: '8' (Ent: 1.19)
  ⚠️ [Mismatch] Cycle Back predicted '8' (Expected '1') (Ent: 1.35)
EMNIST:'2' -> MNIST | Predict: '8' (Ent: 0.74)
  ⚠️ [Mismatch] Cycle Back predicted '8' (Expected '2') (Ent: 1.35)
EMNIST:'4' -> MNIST | Predict: '8' (Ent: 0.99)
  ⚠️ [Mismatch] Cycle Back predicted '8' (Expected '4') (Ent: 1.35)
EMNIST:'5' -> MNIST | Predict: '8' (Ent: 0.65)
  ⚠️ [Mismatch] Cycle Back predicted '8' (Expected '5') (Ent: 1.35)
EMNIST:'7' -> MNIST | Predict: '8' (Ent: 1.04)
  ⚠️ [Mismatch] Cycle Back predicted '8' (Expected '7') (Ent: 1.35)
EMNIST:'9' -> MNIST | Predict: '8' (Ent: 0.66)
  ⚠️ [Mismatch] Cycle Back predicted '8' (Expected '9') (Ent: 1.35)
EMNIST:'A' -> MNIST | Predict: '8' (Ent: 0.99)
  ⚠️ [Mismatch] Cycle Back predicted '8' (Expected 'A') (Ent: 1.35)
EMNIST:'B' -> MNIST | Predict: '8' (Ent: 1.30)
  ⚠️ [Mismatch] Cycle Back predicted '8' (Expected 'B') (Ent: 1.35)
EMNIST:'C' -> MNIST | Predict: '8' (Ent: 1.22)
  ⚠️ [Mismatch] Cycle Back predicted '8' (Expected 'C') (Ent: 1.35)
EMNIST:'D' -> MNIST | Predict: '8' (Ent: 1.33)
  ⚠️ [Mismatch] Cycle Back predicted '8' (Expected 'D') (Ent: 1.35)
EMNIST:'E' -> MNIST | Predict: '8' (Ent: 1.13)
  ⚠️ [Mismatch] Cycle Back predicted '8' (Expected 'E') (Ent: 1.35)
EMNIST:'F' -> MNIST | Predict: '8' (Ent: 0.96)
  ⚠️ [Mismatch] Cycle Back predicted '8' (Expected 'F') (Ent: 1.35)
EMNIST:'G' -> MNIST | Predict: '8' (Ent: 0.81)
  ⚠️ [Mismatch] Cycle Back predicted '8' (Expected 'G') (Ent: 1.35)
EMNIST:'H' -> MNIST | Predict: '8' (Ent: 1.13)
  ⚠️ [Mismatch] Cycle Back predicted '8' (Expected 'H') (Ent: 1.35)
EMNIST:'I' -> MNIST | Predict: '8' (Ent: 1.21)
  ⚠️ [Mismatch] Cycle Back predicted '8' (Expected 'I') (Ent: 1.35)
EMNIST:'J' -> MNIST | Predict: '8' (Ent: 0.88)
  ⚠️ [Mismatch] Cycle Back predicted '8' (Expected 'J') (Ent: 1.35)
EMNIST:'K' -> MNIST | Predict: '8' (Ent: 0.86)
  ⚠️ [Mismatch] Cycle Back predicted '8' (Expected 'K') (Ent: 1.35)
EMNIST:'L' -> MNIST | Predict: '8' (Ent: 1.06)
  ⚠️ [Mismatch] Cycle Back predicted '8' (Expected 'L') (Ent: 1.35)
EMNIST:'M' -> MNIST | Predict: '8' (Ent: 0.70)
  ⚠️ [Mismatch] Cycle Back predicted '8' (Expected 'M') (Ent: 1.35)
EMNIST:'N' -> MNIST ❌ (Uncertain)
EMNIST:'O' -> MNIST | Predict: '8' (Ent: 1.45)
  ⚠️ [Mismatch] Cycle Back predicted '8' (Expected 'O') (Ent: 1.35)
EMNIST:'P' -> MNIST | Predict: '8' (Ent: 1.01)
  ⚠️ [Mismatch] Cycle Back predicted '8' (Expected 'P') (Ent: 1.35)
EMNIST:'Q' -> MNIST | Predict: '8' (Ent: 0.81)
  ⚠️ [Mismatch] Cycle Back predicted '8' (Expected 'Q') (Ent: 1.35)
EMNIST:'R' -> MNIST | Predict: '8' (Ent: 0.95)
  ⚠️ [Mismatch] Cycle Back predicted '8' (Expected 'R') (Ent: 1.35)
EMNIST:'S' -> MNIST | Predict: '8' (Ent: 1.01)
  ⚠️ [Mismatch] Cycle Back predicted '8' (Expected 'S') (Ent: 1.35)
EMNIST:'T' -> MNIST | Predict: '8' (Ent: 1.37)
  ⚠️ [Mismatch] Cycle Back predicted '8' (Expected 'T') (Ent: 1.35)
EMNIST:'U' -> MNIST | Predict: '8' (Ent: 1.02)
  ⚠️ [Mismatch] Cycle Back predicted '8' (Expected 'U') (Ent: 1.35)
EMNIST:'V' -> MNIST | Predict: '8' (Ent: 1.34)
  ⚠️ [Mismatch] Cycle Back predicted '8' (Expected 'V') (Ent: 1.35)
EMNIST:'W' -> MNIST | Predict: '8' (Ent: 1.08)
  ⚠️ [Mismatch] Cycle Back predicted '8' (Expected 'W') (Ent: 1.35)
EMNIST:'X' -> MNIST | Predict: '8' (Ent: 1.30)
  ⚠️ [Mismatch] Cycle Back predicted '8' (Expected 'X') (Ent: 1.35)
EMNIST:'Y' -> MNIST | Predict: '8' (Ent: 1.18)
  ⚠️ [Mismatch] Cycle Back predicted '8' (Expected 'Y') (Ent: 1.35)
EMNIST:'Z' -> MNIST | Predict: '8' (Ent: 1.27)
  ⚠️ [Mismatch] Cycle Back predicted '8' (Expected 'Z') (Ent: 1.35)
EMNIST:'a' -> MNIST | Predict: '8' (Ent: 0.99)
  ⚠️ [Mismatch] Cycle Back predicted '8' (Expected 'a') (Ent: 1.35)
EMNIST:'b' -> MNIST | Predict: '8' (Ent: 1.30)
  ⚠️ [Mismatch] Cycle Back predicted '8' (Expected 'b') (Ent: 1.35)
EMNIST:'c' -> MNIST | Predict: '8' (Ent: 1.22)
  ⚠️ [Mismatch] Cycle Back predicted '8' (Expected 'c') (Ent: 1.35)
EMNIST:'d' -> MNIST | Predict: '8' (Ent: 1.33)
  ⚠️ [Mismatch] Cycle Back predicted '8' (Expected 'd') (Ent: 1.35)
EMNIST:'e' -> MNIST | Predict: '8' (Ent: 1.13)
  ⚠️ [Mismatch] Cycle Back predicted '8' (Expected 'e') (Ent: 1.35)
EMNIST:'f' -> MNIST | Predict: '8' (Ent: 0.96)
  ⚠️ [Mismatch] Cycle Back predicted '8' (Expected 'f') (Ent: 1.35)
EMNIST:'g' -> MNIST | Predict: '8' (Ent: 0.81)
  ⚠️ [Mismatch] Cycle Back predicted '8' (Expected 'g') (Ent: 1.35)
EMNIST:'h' -> MNIST | Predict: '8' (Ent: 1.13)
  ⚠️ [Mismatch] Cycle Back predicted '8' (Expected 'h') (Ent: 1.35)
EMNIST:'i' -> MNIST | Predict: '8' (Ent: 1.21)
  ⚠️ [Mismatch] Cycle Back predicted '8' (Expected 'i') (Ent: 1.35)
EMNIST:'j' -> MNIST | Predict: '8' (Ent: 0.88)
  ⚠️ [Mismatch] Cycle Back predicted '8' (Expected 'j') (Ent: 1.35)
EMNIST:'k' -> MNIST | Predict: '8' (Ent: 0.86)
  ⚠️ [Mismatch] Cycle Back predicted '8' (Expected 'k') (Ent: 1.35)
EMNIST:'l' -> MNIST | Predict: '8' (Ent: 1.06)
  ⚠️ [Mismatch] Cycle Back predicted '8' (Expected 'l') (Ent: 1.35)
EMNIST:'m' -> MNIST | Predict: '8' (Ent: 0.70)
  ⚠️ [Mismatch] Cycle Back predicted '8' (Expected 'm') (Ent: 1.35)
EMNIST:'n' -> MNIST ❌ (Uncertain)
EMNIST:'o' -> MNIST | Predict: '8' (Ent: 1.45)
  ⚠️ [Mismatch] Cycle Back predicted '8' (Expected 'o') (Ent: 1.35)
EMNIST:'p' -> MNIST | Predict: '8' (Ent: 1.01)
  ⚠️ [Mismatch] Cycle Back predicted '8' (Expected 'p') (Ent: 1.35)
EMNIST:'q' -> MNIST | Predict: '8' (Ent: 0.81)
  ⚠️ [Mismatch] Cycle Back predicted '8' (Expected 'q') (Ent: 1.35)
EMNIST:'r' -> MNIST | Predict: '8' (Ent: 0.95)
  ⚠️ [Mismatch] Cycle Back predicted '8' (Expected 'r') (Ent: 1.35)
EMNIST:'s' -> MNIST | Predict: '8' (Ent: 1.01)
  ⚠️ [Mismatch] Cycle Back predicted '8' (Expected 's') (Ent: 1.35)
EMNIST:'t' -> MNIST | Predict: '8' (Ent: 1.37)
  ⚠️ [Mismatch] Cycle Back predicted '8' (Expected 't') (Ent: 1.35)
EMNIST:'u' -> MNIST | Predict: '8' (Ent: 1.02)
  ⚠️ [Mismatch] Cycle Back predicted '8' (Expected 'u') (Ent: 1.35)
EMNIST:'v' -> MNIST | Predict: '8' (Ent: 1.34)
  ⚠️ [Mismatch] Cycle Back predicted '8' (Expected 'v') (Ent: 1.35)
EMNIST:'w' -> MNIST | Predict: '8' (Ent: 1.08)
  ⚠️ [Mismatch] Cycle Back predicted '8' (Expected 'w') (Ent: 1.35)
EMNIST:'x' -> MNIST | Predict: '8' (Ent: 1.30)
  ⚠️ [Mismatch] Cycle Back predicted '8' (Expected 'x') (Ent: 1.35)
EMNIST:'y' -> MNIST | Predict: '8' (Ent: 1.18)
  ⚠️ [Mismatch] Cycle Back predicted '8' (Expected 'y') (Ent: 1.35)
EMNIST:'z' -> MNIST | Predict: '8' (Ent: 1.27)
  ⚠️ [Mismatch] Cycle Back predicted '8' (Expected 'z') (Ent: 1.35)
EMNIST:'0' -> CIFAR10 ❌ (Uncertain)
EMNIST:'1' -> CIFAR10 ❌ (Uncertain)
EMNIST:'2' -> CIFAR10 ❌ (Uncertain)
EMNIST:'3' -> CIFAR10 ❌ (Uncertain)
EMNIST:'4' -> CIFAR10 | Predict: 'dog' (Ent: 1.45)
  ⚠️ [Mismatch] Cycle Back predicted '8' (Expected '4') (Ent: 1.96)
EMNIST:'5' -> CIFAR10 ❌ (Uncertain)
EMNIST:'6' -> CIFAR10 ❌ (Uncertain)
EMNIST:'7' -> CIFAR10 | Predict: 'dog' (Ent: 1.30)
  ⚠️ [Mismatch] Cycle Back predicted '8' (Expected '7') (Ent: 1.96)
EMNIST:'8' -> CIFAR10 ❌ (Uncertain)
EMNIST:'9' -> CIFAR10 ❌ (Uncertain)
EMNIST:'A' -> CIFAR10 ❌ (Uncertain)
EMNIST:'B' -> CIFAR10 ❌ (Uncertain)
EMNIST:'C' -> CIFAR10 ❌ (Uncertain)
EMNIST:'D' -> CIFAR10 | Predict: 'ship' (Ent: 1.48)
  ⚠️ [Mismatch] Cycle Back predicted 'E' (Expected 'D') (Ent: 2.61)
EMNIST:'E' -> CIFAR10 ❌ (Uncertain)
EMNIST:'F' -> CIFAR10 ❌ (Uncertain)
EMNIST:'G' -> CIFAR10 | Predict: 'ship' (Ent: 1.45)
  ⚠️ [Mismatch] Cycle Back predicted 'E' (Expected 'G') (Ent: 2.61)
EMNIST:'H' -> CIFAR10 ❌ (Uncertain)
EMNIST:'I' -> CIFAR10 ❌ (Uncertain)
EMNIST:'J' -> CIFAR10 ❌ (Uncertain)
EMNIST:'K' -> CIFAR10 ❌ (Uncertain)
EMNIST:'L' -> CIFAR10 ❌ (Uncertain)
EMNIST:'M' -> CIFAR10 ❌ (Uncertain)
EMNIST:'N' -> CIFAR10 ❌ (Uncertain)
EMNIST:'O' -> CIFAR10 ❌ (Uncertain)
EMNIST:'P' -> CIFAR10 ❌ (Uncertain)
EMNIST:'Q' -> CIFAR10 ❌ (Uncertain)
EMNIST:'R' -> CIFAR10 ❌ (Uncertain)
EMNIST:'S' -> CIFAR10 ❌ (Uncertain)
EMNIST:'T' -> CIFAR10 ❌ (Uncertain)
EMNIST:'U' -> CIFAR10 | Predict: 'ship' (Ent: 1.43)
  ⚠️ [Mismatch] Cycle Back predicted 'E' (Expected 'U') (Ent: 2.61)
EMNIST:'V' -> CIFAR10 | Predict: 'bird' (Ent: 1.34)
  ⚠️ [Mismatch] Cycle Back predicted '0' (Expected 'V') (Ent: 2.08)
EMNIST:'W' -> CIFAR10 | Predict: 'dog' (Ent: 1.42)
  ⚠️ [Mismatch] Cycle Back predicted '8' (Expected 'W') (Ent: 1.96)
EMNIST:'X' -> CIFAR10 ❌ (Uncertain)
EMNIST:'Y' -> CIFAR10 ❌ (Uncertain)
EMNIST:'Z' -> CIFAR10 ❌ (Uncertain)
EMNIST:'a' -> CIFAR10 ❌ (Uncertain)
EMNIST:'b' -> CIFAR10 ❌ (Uncertain)
EMNIST:'c' -> CIFAR10 ❌ (Uncertain)
EMNIST:'d' -> CIFAR10 | Predict: 'ship' (Ent: 1.48)
  ⚠️ [Mismatch] Cycle Back predicted 'E' (Expected 'd') (Ent: 2.61)
EMNIST:'e' -> CIFAR10 ❌ (Uncertain)
EMNIST:'f' -> CIFAR10 ❌ (Uncertain)
EMNIST:'g' -> CIFAR10 | Predict: 'ship' (Ent: 1.45)
  ⚠️ [Mismatch] Cycle Back predicted 'E' (Expected 'g') (Ent: 2.61)
EMNIST:'h' -> CIFAR10 ❌ (Uncertain)
EMNIST:'i' -> CIFAR10 ❌ (Uncertain)
EMNIST:'j' -> CIFAR10 ❌ (Uncertain)
EMNIST:'k' -> CIFAR10 ❌ (Uncertain)
EMNIST:'l' -> CIFAR10 ❌ (Uncertain)
EMNIST:'m' -> CIFAR10 ❌ (Uncertain)
EMNIST:'n' -> CIFAR10 ❌ (Uncertain)
EMNIST:'o' -> CIFAR10 ❌ (Uncertain)
EMNIST:'p' -> CIFAR10 ❌ (Uncertain)
EMNIST:'q' -> CIFAR10 ❌ (Uncertain)
EMNIST:'r' -> CIFAR10 ❌ (Uncertain)
EMNIST:'s' -> CIFAR10 ❌ (Uncertain)
EMNIST:'t' -> CIFAR10 ❌ (Uncertain)
EMNIST:'u' -> CIFAR10 | Predict: 'ship' (Ent: 1.43)
  ⚠️ [Mismatch] Cycle Back predicted 'E' (Expected 'u') (Ent: 2.61)
EMNIST:'v' -> CIFAR10 | Predict: 'bird' (Ent: 1.34)
  ⚠️ [Mismatch] Cycle Back predicted '0' (Expected 'v') (Ent: 2.08)
EMNIST:'w' -> CIFAR10 | Predict: 'dog' (Ent: 1.42)
  ⚠️ [Mismatch] Cycle Back predicted '8' (Expected 'w') (Ent: 1.96)
EMNIST:'x' -> CIFAR10 ❌ (Uncertain)
EMNIST:'y' -> CIFAR10 ❌ (Uncertain)
EMNIST:'z' -> CIFAR10 ❌ (Uncertain)
CIFAR10:'airplane' -> MNIST | Predict: '8' (Ent: 1.43)
  ⚠️ [Mismatch] Cycle Back predicted 'dog' (Expected 'airplane') (Ent: 0.81)
CIFAR10:'automobile' -> MNIST | Predict: '8' (Ent: 1.26)
  ⚠️ [Mismatch] Cycle Back predicted 'dog' (Expected 'automobile') (Ent: 0.81)
CIFAR10:'bird' -> MNIST ❌ (Uncertain)
CIFAR10:'cat' -> MNIST | Predict: '8' (Ent: 1.30)
  ⚠️ [Mismatch] Cycle Back predicted 'dog' (Expected 'cat') (Ent: 0.81)
CIFAR10:'deer' -> MNIST | Predict: '8' (Ent: 1.23)
  ⚠️ [Mismatch] Cycle Back predicted 'dog' (Expected 'deer') (Ent: 0.81)
CIFAR10:'frog' -> MNIST ❌ (Uncertain)
CIFAR10:'horse' -> MNIST | Predict: '8' (Ent: 1.40)
  ⚠️ [Mismatch] Cycle Back predicted 'dog' (Expected 'horse') (Ent: 0.81)
CIFAR10:'truck' -> MNIST | Predict: '8' (Ent: 1.13)
  ⚠️ [Mismatch] Cycle Back predicted 'dog' (Expected 'truck') (Ent: 0.81)
CIFAR10:'airplane' -> EMNIST | Predict: '8' (Ent: 2.18)
CIFAR10:'automobile' -> EMNIST | Predict: '8' (Ent: 2.44)
CIFAR10:'cat' -> EMNIST | Predict: '8' (Ent: 2.25)
CIFAR10:'deer' -> EMNIST | Predict: '8' (Ent: 2.44)
CIFAR10:'frog' -> EMNIST | Predict: '8' (Ent: 1.89)
CIFAR10:'horse' -> EMNIST | Predict: '0' (Ent: 2.43)
CIFAR10:'truck' -> EMNIST | Predict: '8' (Ent: 2.64)
Exp (Syn): New Gen + New Ent (0.7)
dynamic_entropy_ratio: 0.7
MNIST:'0' -> EMNIST | Predict: '0' (Ent: 1.87)
  ⚠️ [Mismatch] Cycle Back predicted '8' (Expected '0') (Ent: 1.31)
MNIST:'1' -> EMNIST | Predict: '8' (Ent: 2.67)
  ⚠️ [Mismatch] Cycle Back predicted '8' (Expected '1') (Ent: 0.44)
MNIST:'2' -> EMNIST | Predict: '0' (Ent: 2.57)
  ⚠️ [Mismatch] Cycle Back predicted '8' (Expected '2') (Ent: 1.31)
MNIST:'3' -> EMNIST | Predict: '3' (Ent: 1.83)
  ⚠️ [Mismatch] Cycle Back predicted '8' (Expected '3') (Ent: 0.67)
MNIST:'4' -> EMNIST | Predict: '0' (Ent: 2.61)
  ⚠️ [Mismatch] Cycle Back predicted '8' (Expected '4') (Ent: 1.31)
MNIST:'5' -> EMNIST | Predict: '0' (Ent: 2.30)
  ⚠️ [Mismatch] Cycle Back predicted '8' (Expected '5') (Ent: 1.31)
MNIST:'6' -> EMNIST | Predict: '6' (Ent: 1.99)
  ⚠️ [Mismatch] Cycle Back predicted '8' (Expected '6') (Ent: 0.39)
MNIST:'7' -> EMNIST | Predict: '0' (Ent: 2.86)
  ⚠️ [Mismatch] Cycle Back predicted '8' (Expected '7') (Ent: 1.31)
MNIST:'8' -> EMNIST | Predict: '8' (Ent: 1.35)
  ✅ [Match] MNIST:'8' <==> EMNIST:'8' (Ent: 0.44)
MNIST:'9' -> EMNIST | Predict: '0' (Ent: 2.55)
  ⚠️ [Mismatch] Cycle Back predicted '8' (Expected '9') (Ent: 1.31)
MNIST:'0' -> CIFAR10 | Predict: 'ship' (Ent: 1.57)
  ⚠️ [Mismatch] Cycle Back predicted '8' (Expected '0') (Ent: 1.02)
MNIST:'1' -> CIFAR10 | Predict: 'dog' (Ent: 1.49)
  ⚠️ [Mismatch] Cycle Back predicted '8' (Expected '1') (Ent: 1.57)
MNIST:'2' -> CIFAR10 | Predict: 'airplane' (Ent: 1.61)
  ⚠️ [Mismatch] Cycle Back predicted '8' (Expected '2') (Ent: 1.52)
MNIST:'3' -> CIFAR10 | Predict: 'ship' (Ent: 1.54)
  ⚠️ [Mismatch] Cycle Back predicted '8' (Expected '3') (Ent: 1.02)
MNIST:'4' -> CIFAR10 | Predict: 'airplane' (Ent: 1.60)
  ⚠️ [Mismatch] Cycle Back predicted '8' (Expected '4') (Ent: 1.52)
MNIST:'5' -> CIFAR10 | Predict: 'ship' (Ent: 1.46)
  ⚠️ [Mismatch] Cycle Back predicted '8' (Expected '5') (Ent: 1.02)
MNIST:'6' -> CIFAR10 | Predict: 'dog' (Ent: 1.29)
  ⚠️ [Mismatch] Cycle Back predicted '8' (Expected '6') (Ent: 1.57)
MNIST:'7' -> CIFAR10 ❌ (Uncertain)
MNIST:'8' -> CIFAR10 | Predict: 'dog' (Ent: 0.81)
  ✅ [Match] MNIST:'8' <==> CIFAR10:'dog' (Ent: 1.57)
MNIST:'9' -> CIFAR10 ❌ (Uncertain)
EMNIST:'1' -> MNIST | Predict: '8' (Ent: 1.19)
  ⚠️ [Mismatch] Cycle Back predicted '8' (Expected '1') (Ent: 1.35)
EMNIST:'2' -> MNIST | Predict: '8' (Ent: 0.74)
  ⚠️ [Mismatch] Cycle Back predicted '8' (Expected '2') (Ent: 1.35)
EMNIST:'4' -> MNIST | Predict: '8' (Ent: 0.99)
  ⚠️ [Mismatch] Cycle Back predicted '8' (Expected '4') (Ent: 1.35)
EMNIST:'5' -> MNIST | Predict: '8' (Ent: 0.65)
  ⚠️ [Mismatch] Cycle Back predicted '8' (Expected '5') (Ent: 1.35)
EMNIST:'7' -> MNIST | Predict: '8' (Ent: 1.04)
  ⚠️ [Mismatch] Cycle Back predicted '8' (Expected '7') (Ent: 1.35)
EMNIST:'9' -> MNIST | Predict: '8' (Ent: 0.66)
  ⚠️ [Mismatch] Cycle Back predicted '8' (Expected '9') (Ent: 1.35)
EMNIST:'A' -> MNIST | Predict: '8' (Ent: 1.25)
  ⚠️ [Mismatch] Cycle Back predicted '8' (Expected 'A') (Ent: 1.35)
EMNIST:'B' -> MNIST | Predict: '8' (Ent: 1.30)
  ⚠️ [Mismatch] Cycle Back predicted '8' (Expected 'B') (Ent: 1.35)
EMNIST:'C' -> MNIST | Predict: '8' (Ent: 1.22)
  ⚠️ [Mismatch] Cycle Back predicted '8' (Expected 'C') (Ent: 1.35)
EMNIST:'D' -> MNIST | Predict: '8' (Ent: 1.33)
  ⚠️ [Mismatch] Cycle Back predicted '8' (Expected 'D') (Ent: 1.35)
EMNIST:'E' -> MNIST | Predict: '8' (Ent: 1.13)
  ⚠️ [Mismatch] Cycle Back predicted '8' (Expected 'E') (Ent: 1.35)
EMNIST:'F' -> MNIST | Predict: '8' (Ent: 1.20)
  ⚠️ [Mismatch] Cycle Back predicted '8' (Expected 'F') (Ent: 1.35)
EMNIST:'G' -> MNIST | Predict: '8' (Ent: 0.81)
  ⚠️ [Mismatch] Cycle Back predicted '8' (Expected 'G') (Ent: 1.35)
EMNIST:'H' -> MNIST | Predict: '8' (Ent: 1.34)
  ⚠️ [Mismatch] Cycle Back predicted '8' (Expected 'H') (Ent: 1.35)
EMNIST:'I' -> MNIST | Predict: '8' (Ent: 1.41)
  ⚠️ [Mismatch] Cycle Back predicted '8' (Expected 'I') (Ent: 1.35)
EMNIST:'J' -> MNIST | Predict: '8' (Ent: 0.88)
  ⚠️ [Mismatch] Cycle Back predicted '8' (Expected 'J') (Ent: 1.35)
EMNIST:'K' -> MNIST | Predict: '8' (Ent: 0.86)
  ⚠️ [Mismatch] Cycle Back predicted '8' (Expected 'K') (Ent: 1.35)
EMNIST:'L' -> MNIST | Predict: '8' (Ent: 1.06)
  ⚠️ [Mismatch] Cycle Back predicted '8' (Expected 'L') (Ent: 1.35)
EMNIST:'M' -> MNIST | Predict: '8' (Ent: 1.00)
  ⚠️ [Mismatch] Cycle Back predicted '8' (Expected 'M') (Ent: 1.35)
EMNIST:'N' -> MNIST ❌ (Uncertain)
EMNIST:'O' -> MNIST | Predict: '8' (Ent: 1.45)
  ⚠️ [Mismatch] Cycle Back predicted '8' (Expected 'O') (Ent: 1.35)
EMNIST:'P' -> MNIST | Predict: '8' (Ent: 1.01)
  ⚠️ [Mismatch] Cycle Back predicted '8' (Expected 'P') (Ent: 1.35)
EMNIST:'Q' -> MNIST | Predict: '8' (Ent: 0.93)
  ⚠️ [Mismatch] Cycle Back predicted '8' (Expected 'Q') (Ent: 1.35)
EMNIST:'R' -> MNIST | Predict: '8' (Ent: 0.95)
  ⚠️ [Mismatch] Cycle Back predicted '8' (Expected 'R') (Ent: 1.35)
EMNIST:'S' -> MNIST | Predict: '8' (Ent: 1.01)
  ⚠️ [Mismatch] Cycle Back predicted '8' (Expected 'S') (Ent: 1.35)
EMNIST:'T' -> MNIST | Predict: '8' (Ent: 1.37)
  ⚠️ [Mismatch] Cycle Back predicted '8' (Expected 'T') (Ent: 1.35)
EMNIST:'U' -> MNIST | Predict: '8' (Ent: 1.02)
  ⚠️ [Mismatch] Cycle Back predicted '8' (Expected 'U') (Ent: 1.35)
EMNIST:'V' -> MNIST | Predict: '8' (Ent: 1.34)
  ⚠️ [Mismatch] Cycle Back predicted '8' (Expected 'V') (Ent: 1.35)
EMNIST:'W' -> MNIST | Predict: '8' (Ent: 1.08)
  ⚠️ [Mismatch] Cycle Back predicted '8' (Expected 'W') (Ent: 1.35)
EMNIST:'X' -> MNIST | Predict: '8' (Ent: 1.30)
  ⚠️ [Mismatch] Cycle Back predicted '8' (Expected 'X') (Ent: 1.35)
EMNIST:'Y' -> MNIST | Predict: '8' (Ent: 1.18)
  ⚠️ [Mismatch] Cycle Back predicted '8' (Expected 'Y') (Ent: 1.35)
EMNIST:'Z' -> MNIST | Predict: '8' (Ent: 1.27)
  ⚠️ [Mismatch] Cycle Back predicted '8' (Expected 'Z') (Ent: 1.35)
EMNIST:'a' -> MNIST | Predict: '8' (Ent: 1.25)
  ⚠️ [Mismatch] Cycle Back predicted '8' (Expected 'a') (Ent: 1.35)
EMNIST:'b' -> MNIST | Predict: '8' (Ent: 1.30)
  ⚠️ [Mismatch] Cycle Back predicted '8' (Expected 'b') (Ent: 1.35)
EMNIST:'c' -> MNIST | Predict: '8' (Ent: 1.22)
  ⚠️ [Mismatch] Cycle Back predicted '8' (Expected 'c') (Ent: 1.35)
EMNIST:'d' -> MNIST | Predict: '8' (Ent: 1.33)
  ⚠️ [Mismatch] Cycle Back predicted '8' (Expected 'd') (Ent: 1.35)
EMNIST:'e' -> MNIST | Predict: '8' (Ent: 1.13)
  ⚠️ [Mismatch] Cycle Back predicted '8' (Expected 'e') (Ent: 1.35)
EMNIST:'f' -> MNIST | Predict: '8' (Ent: 1.20)
  ⚠️ [Mismatch] Cycle Back predicted '8' (Expected 'f') (Ent: 1.35)
EMNIST:'g' -> MNIST | Predict: '8' (Ent: 0.81)
  ⚠️ [Mismatch] Cycle Back predicted '8' (Expected 'g') (Ent: 1.35)
EMNIST:'h' -> MNIST | Predict: '8' (Ent: 1.34)
  ⚠️ [Mismatch] Cycle Back predicted '8' (Expected 'h') (Ent: 1.35)
EMNIST:'i' -> MNIST | Predict: '8' (Ent: 1.41)
  ⚠️ [Mismatch] Cycle Back predicted '8' (Expected 'i') (Ent: 1.35)
EMNIST:'j' -> MNIST | Predict: '8' (Ent: 0.88)
  ⚠️ [Mismatch] Cycle Back predicted '8' (Expected 'j') (Ent: 1.35)
EMNIST:'k' -> MNIST | Predict: '8' (Ent: 0.86)
  ⚠️ [Mismatch] Cycle Back predicted '8' (Expected 'k') (Ent: 1.35)
EMNIST:'l' -> MNIST | Predict: '8' (Ent: 1.06)
  ⚠️ [Mismatch] Cycle Back predicted '8' (Expected 'l') (Ent: 1.35)
EMNIST:'m' -> MNIST | Predict: '8' (Ent: 1.00)
  ⚠️ [Mismatch] Cycle Back predicted '8' (Expected 'm') (Ent: 1.35)
EMNIST:'n' -> MNIST ❌ (Uncertain)
EMNIST:'o' -> MNIST | Predict: '8' (Ent: 1.45)
  ⚠️ [Mismatch] Cycle Back predicted '8' (Expected 'o') (Ent: 1.35)
EMNIST:'p' -> MNIST | Predict: '8' (Ent: 1.01)
  ⚠️ [Mismatch] Cycle Back predicted '8' (Expected 'p') (Ent: 1.35)
EMNIST:'q' -> MNIST | Predict: '8' (Ent: 0.93)
  ⚠️ [Mismatch] Cycle Back predicted '8' (Expected 'q') (Ent: 1.35)
EMNIST:'r' -> MNIST | Predict: '8' (Ent: 0.95)
  ⚠️ [Mismatch] Cycle Back predicted '8' (Expected 'r') (Ent: 1.35)
EMNIST:'s' -> MNIST | Predict: '8' (Ent: 1.01)
  ⚠️ [Mismatch] Cycle Back predicted '8' (Expected 's') (Ent: 1.35)
EMNIST:'t' -> MNIST | Predict: '8' (Ent: 1.37)
  ⚠️ [Mismatch] Cycle Back predicted '8' (Expected 't') (Ent: 1.35)
EMNIST:'u' -> MNIST | Predict: '8' (Ent: 1.02)
  ⚠️ [Mismatch] Cycle Back predicted '8' (Expected 'u') (Ent: 1.35)
EMNIST:'v' -> MNIST | Predict: '8' (Ent: 1.34)
  ⚠️ [Mismatch] Cycle Back predicted '8' (Expected 'v') (Ent: 1.35)
EMNIST:'w' -> MNIST | Predict: '8' (Ent: 1.08)
  ⚠️ [Mismatch] Cycle Back predicted '8' (Expected 'w') (Ent: 1.35)
EMNIST:'x' -> MNIST | Predict: '8' (Ent: 1.30)
  ⚠️ [Mismatch] Cycle Back predicted '8' (Expected 'x') (Ent: 1.35)
EMNIST:'y' -> MNIST | Predict: '8' (Ent: 1.18)
  ⚠️ [Mismatch] Cycle Back predicted '8' (Expected 'y') (Ent: 1.35)
EMNIST:'z' -> MNIST | Predict: '8' (Ent: 1.27)
  ⚠️ [Mismatch] Cycle Back predicted '8' (Expected 'z') (Ent: 1.35)
EMNIST:'0' -> CIFAR10 ❌ (Uncertain)
EMNIST:'1' -> CIFAR10 ❌ (Uncertain)
EMNIST:'2' -> CIFAR10 ❌ (Uncertain)
EMNIST:'3' -> CIFAR10 ❌ (Uncertain)
EMNIST:'4' -> CIFAR10 | Predict: 'dog' (Ent: 1.54)
  ⚠️ [Mismatch] Cycle Back predicted '8' (Expected '4') (Ent: 1.96)
EMNIST:'5' -> CIFAR10 ❌ (Uncertain)
EMNIST:'6' -> CIFAR10 ❌ (Uncertain)
EMNIST:'7' -> CIFAR10 | Predict: 'dog' (Ent: 1.47)
  ⚠️ [Mismatch] Cycle Back predicted '8' (Expected '7') (Ent: 1.96)
EMNIST:'8' -> CIFAR10 | Predict: 'dog' (Ent: 1.53)
  ✅ [Match] EMNIST:'8' <==> CIFAR10:'dog' (Ent: 1.96)
EMNIST:'9' -> CIFAR10 | Predict: 'dog' (Ent: 1.51)
  ⚠️ [Mismatch] Cycle Back predicted '8' (Expected '9') (Ent: 1.96)
EMNIST:'A' -> CIFAR10 ❌ (Uncertain)
EMNIST:'B' -> CIFAR10 ❌ (Uncertain)
EMNIST:'C' -> CIFAR10 | Predict: 'ship' (Ent: 1.52)
  ⚠️ [Mismatch] Cycle Back predicted 'E' (Expected 'C') (Ent: 2.61)
EMNIST:'D' -> CIFAR10 | Predict: 'ship' (Ent: 1.48)
  ⚠️ [Mismatch] Cycle Back predicted 'E' (Expected 'D') (Ent: 2.61)
EMNIST:'E' -> CIFAR10 ❌ (Uncertain)
EMNIST:'F' -> CIFAR10 ❌ (Uncertain)
EMNIST:'G' -> CIFAR10 | Predict: 'ship' (Ent: 1.56)
  ⚠️ [Mismatch] Cycle Back predicted 'E' (Expected 'G') (Ent: 2.61)
EMNIST:'H' -> CIFAR10 ❌ (Uncertain)
EMNIST:'I' -> CIFAR10 ❌ (Uncertain)
EMNIST:'J' -> CIFAR10 ❌ (Uncertain)
EMNIST:'K' -> CIFAR10 ❌ (Uncertain)
EMNIST:'L' -> CIFAR10 ❌ (Uncertain)
EMNIST:'M' -> CIFAR10 ❌ (Uncertain)
EMNIST:'N' -> CIFAR10 | Predict: 'dog' (Ent: 1.56)
  ⚠️ [Mismatch] Cycle Back predicted '8' (Expected 'N') (Ent: 1.96)
EMNIST:'O' -> CIFAR10 ❌ (Uncertain)
EMNIST:'P' -> CIFAR10 | Predict: 'dog' (Ent: 1.60)
  ⚠️ [Mismatch] Cycle Back predicted '8' (Expected 'P') (Ent: 1.96)
EMNIST:'Q' -> CIFAR10 ❌ (Uncertain)
EMNIST:'R' -> CIFAR10 ❌ (Uncertain)
EMNIST:'S' -> CIFAR10 ❌ (Uncertain)
EMNIST:'T' -> CIFAR10 ❌ (Uncertain)
EMNIST:'U' -> CIFAR10 ❌ (Uncertain)
EMNIST:'V' -> CIFAR10 | Predict: 'bird' (Ent: 1.34)
  ⚠️ [Mismatch] Cycle Back predicted '0' (Expected 'V') (Ent: 2.08)
EMNIST:'W' -> CIFAR10 | Predict: 'dog' (Ent: 1.42)
  ⚠️ [Mismatch] Cycle Back predicted '8' (Expected 'W') (Ent: 1.96)
EMNIST:'X' -> CIFAR10 | Predict: 'cat' (Ent: 1.60)
  ⚠️ [Mismatch] Cycle Back predicted '8' (Expected 'X') (Ent: 2.25)
EMNIST:'Y' -> CIFAR10 ❌ (Uncertain)
EMNIST:'Z' -> CIFAR10 ❌ (Uncertain)
EMNIST:'a' -> CIFAR10 ❌ (Uncertain)
EMNIST:'b' -> CIFAR10 ❌ (Uncertain)
EMNIST:'c' -> CIFAR10 | Predict: 'ship' (Ent: 1.52)
  ⚠️ [Mismatch] Cycle Back predicted 'E' (Expected 'c') (Ent: 2.61)
EMNIST:'d' -> CIFAR10 | Predict: 'ship' (Ent: 1.48)
  ⚠️ [Mismatch] Cycle Back predicted 'E' (Expected 'd') (Ent: 2.61)
EMNIST:'e' -> CIFAR10 ❌ (Uncertain)
EMNIST:'f' -> CIFAR10 ❌ (Uncertain)
EMNIST:'g' -> CIFAR10 | Predict: 'ship' (Ent: 1.56)
  ⚠️ [Mismatch] Cycle Back predicted 'E' (Expected 'g') (Ent: 2.61)
EMNIST:'h' -> CIFAR10 ❌ (Uncertain)
EMNIST:'i' -> CIFAR10 ❌ (Uncertain)
EMNIST:'j' -> CIFAR10 ❌ (Uncertain)
EMNIST:'k' -> CIFAR10 ❌ (Uncertain)
EMNIST:'l' -> CIFAR10 ❌ (Uncertain)
EMNIST:'m' -> CIFAR10 ❌ (Uncertain)
EMNIST:'n' -> CIFAR10 | Predict: 'dog' (Ent: 1.56)
  ⚠️ [Mismatch] Cycle Back predicted '8' (Expected 'n') (Ent: 1.96)
EMNIST:'o' -> CIFAR10 ❌ (Uncertain)
EMNIST:'p' -> CIFAR10 | Predict: 'dog' (Ent: 1.60)
  ⚠️ [Mismatch] Cycle Back predicted '8' (Expected 'p') (Ent: 1.96)
EMNIST:'q' -> CIFAR10 ❌ (Uncertain)
EMNIST:'r' -> CIFAR10 ❌ (Uncertain)
EMNIST:'s' -> CIFAR10 ❌ (Uncertain)
EMNIST:'t' -> CIFAR10 ❌ (Uncertain)
EMNIST:'u' -> CIFAR10 ❌ (Uncertain)
EMNIST:'v' -> CIFAR10 | Predict: 'bird' (Ent: 1.34)
  ⚠️ [Mismatch] Cycle Back predicted '0' (Expected 'v') (Ent: 2.08)
EMNIST:'w' -> CIFAR10 | Predict: 'dog' (Ent: 1.42)
  ⚠️ [Mismatch] Cycle Back predicted '8' (Expected 'w') (Ent: 1.96)
EMNIST:'x' -> CIFAR10 | Predict: 'cat' (Ent: 1.60)
  ⚠️ [Mismatch] Cycle Back predicted '8' (Expected 'x') (Ent: 2.25)
EMNIST:'y' -> CIFAR10 ❌ (Uncertain)
EMNIST:'z' -> CIFAR10 ❌ (Uncertain)
CIFAR10:'automobile' -> MNIST | Predict: '8' (Ent: 1.26)
  ⚠️ [Mismatch] Cycle Back predicted 'dog' (Expected 'automobile') (Ent: 0.81)
CIFAR10:'bird' -> MNIST ❌ (Uncertain)
CIFAR10:'cat' -> MNIST | Predict: '8' (Ent: 1.30)
  ⚠️ [Mismatch] Cycle Back predicted 'dog' (Expected 'cat') (Ent: 0.81)
CIFAR10:'deer' -> MNIST | Predict: '8' (Ent: 1.23)
  ⚠️ [Mismatch] Cycle Back predicted 'dog' (Expected 'deer') (Ent: 0.81)
CIFAR10:'frog' -> MNIST | Predict: '8' (Ent: 1.54)
  ⚠️ [Mismatch] Cycle Back predicted 'dog' (Expected 'frog') (Ent: 0.81)
CIFAR10:'horse' -> MNIST | Predict: '8' (Ent: 1.40)
  ⚠️ [Mismatch] Cycle Back predicted 'dog' (Expected 'horse') (Ent: 0.81)
CIFAR10:'truck' -> MNIST | Predict: '8' (Ent: 1.13)
  ⚠️ [Mismatch] Cycle Back predicted 'dog' (Expected 'truck') (Ent: 0.81)
CIFAR10:'airplane' -> EMNIST | Predict: '8' (Ent: 2.18)
  ⚠️ [Mismatch] Cycle Back predicted 'dog' (Expected 'airplane') (Ent: 1.53)
CIFAR10:'automobile' -> EMNIST | Predict: '8' (Ent: 2.71)
  ⚠️ [Mismatch] Cycle Back predicted 'dog' (Expected 'automobile') (Ent: 1.53)
CIFAR10:'deer' -> EMNIST | Predict: '8' (Ent: 2.44)
  ⚠️ [Mismatch] Cycle Back predicted 'dog' (Expected 'deer') (Ent: 1.53)
CIFAR10:'frog' -> EMNIST | Predict: '8' (Ent: 1.89)
  ⚠️ [Mismatch] Cycle Back predicted 'dog' (Expected 'frog') (Ent: 1.53)
CIFAR10:'horse' -> EMNIST | Predict: '0' (Ent: 2.73)
CIFAR10:'truck' -> EMNIST | Predict: '8' (Ent: 2.64)
  ⚠️ [Mismatch] Cycle Back predicted 'dog' (Expected 'truck') (Ent: 1.53)
Exp (Syn): New Gen + New Ent (0.75)
dynamic_entropy_ratio: 0.75
MNIST:'0' -> EMNIST | Predict: '0' (Ent: 1.87)
  ⚠️ [Mismatch] Cycle Back predicted '8' (Expected '0') (Ent: 1.31)
MNIST:'1' -> EMNIST | Predict: '8' (Ent: 2.67)
  ⚠️ [Mismatch] Cycle Back predicted '8' (Expected '1') (Ent: 0.44)
MNIST:'2' -> EMNIST | Predict: '0' (Ent: 2.57)
  ⚠️ [Mismatch] Cycle Back predicted '8' (Expected '2') (Ent: 1.31)
MNIST:'3' -> EMNIST | Predict: '3' (Ent: 1.83)
  ⚠️ [Mismatch] Cycle Back predicted '8' (Expected '3') (Ent: 0.84)
MNIST:'4' -> EMNIST | Predict: '0' (Ent: 2.80)
  ⚠️ [Mismatch] Cycle Back predicted '8' (Expected '4') (Ent: 1.31)
MNIST:'5' -> EMNIST | Predict: '0' (Ent: 2.30)
  ⚠️ [Mismatch] Cycle Back predicted '8' (Expected '5') (Ent: 1.31)
MNIST:'6' -> EMNIST | Predict: '6' (Ent: 1.99)
  ⚠️ [Mismatch] Cycle Back predicted '8' (Expected '6') (Ent: 0.39)
MNIST:'7' -> EMNIST | Predict: '0' (Ent: 2.86)
  ⚠️ [Mismatch] Cycle Back predicted '8' (Expected '7') (Ent: 1.31)
MNIST:'8' -> EMNIST | Predict: '8' (Ent: 1.35)
  ✅ [Match] MNIST:'8' <==> EMNIST:'8' (Ent: 0.44)
MNIST:'9' -> EMNIST | Predict: '0' (Ent: 2.55)
  ⚠️ [Mismatch] Cycle Back predicted '8' (Expected '9') (Ent: 1.31)
MNIST:'0' -> CIFAR10 | Predict: 'ship' (Ent: 1.62)
  ⚠️ [Mismatch] Cycle Back predicted '8' (Expected '0') (Ent: 1.02)
MNIST:'1' -> CIFAR10 | Predict: 'dog' (Ent: 1.49)
  ⚠️ [Mismatch] Cycle Back predicted '8' (Expected '1') (Ent: 1.57)
MNIST:'2' -> CIFAR10 | Predict: 'airplane' (Ent: 1.65)
  ⚠️ [Mismatch] Cycle Back predicted '8' (Expected '2') (Ent: 1.52)
MNIST:'3' -> CIFAR10 | Predict: 'ship' (Ent: 1.54)
  ⚠️ [Mismatch] Cycle Back predicted '8' (Expected '3') (Ent: 1.02)
MNIST:'4' -> CIFAR10 | Predict: 'airplane' (Ent: 1.71)
  ⚠️ [Mismatch] Cycle Back predicted '8' (Expected '4') (Ent: 1.52)
MNIST:'5' -> CIFAR10 | Predict: 'ship' (Ent: 1.46)
  ⚠️ [Mismatch] Cycle Back predicted '8' (Expected '5') (Ent: 1.02)
MNIST:'6' -> CIFAR10 | Predict: 'dog' (Ent: 1.29)
  ⚠️ [Mismatch] Cycle Back predicted '8' (Expected '6') (Ent: 1.57)
MNIST:'7' -> CIFAR10 | Predict: 'cat' (Ent: 1.65)
  ⚠️ [Mismatch] Cycle Back predicted '8' (Expected '7') (Ent: 1.30)
MNIST:'8' -> CIFAR10 | Predict: 'dog' (Ent: 0.81)
  ✅ [Match] MNIST:'8' <==> CIFAR10:'dog' (Ent: 1.57)
MNIST:'9' -> CIFAR10 ❌ (Uncertain)
EMNIST:'1' -> MNIST | Predict: '8' (Ent: 1.19)
  ⚠️ [Mismatch] Cycle Back predicted '8' (Expected '1') (Ent: 1.35)
EMNIST:'2' -> MNIST | Predict: '8' (Ent: 0.74)
  ⚠️ [Mismatch] Cycle Back predicted '8' (Expected '2') (Ent: 1.35)
EMNIST:'4' -> MNIST | Predict: '8' (Ent: 0.99)
  ⚠️ [Mismatch] Cycle Back predicted '8' (Expected '4') (Ent: 1.35)
EMNIST:'5' -> MNIST | Predict: '8' (Ent: 0.65)
  ⚠️ [Mismatch] Cycle Back predicted '8' (Expected '5') (Ent: 1.35)
EMNIST:'7' -> MNIST | Predict: '8' (Ent: 1.04)
  ⚠️ [Mismatch] Cycle Back predicted '8' (Expected '7') (Ent: 1.35)
EMNIST:'9' -> MNIST | Predict: '8' (Ent: 0.66)
  ⚠️ [Mismatch] Cycle Back predicted '8' (Expected '9') (Ent: 1.35)
EMNIST:'A' -> MNIST | Predict: '8' (Ent: 1.25)
  ⚠️ [Mismatch] Cycle Back predicted '8' (Expected 'A') (Ent: 1.35)
EMNIST:'B' -> MNIST | Predict: '8' (Ent: 1.30)
  ⚠️ [Mismatch] Cycle Back predicted '8' (Expected 'B') (Ent: 1.35)
EMNIST:'C' -> MNIST | Predict: '8' (Ent: 1.22)
  ⚠️ [Mismatch] Cycle Back predicted '8' (Expected 'C') (Ent: 1.35)
EMNIST:'D' -> MNIST | Predict: '8' (Ent: 1.33)
  ⚠️ [Mismatch] Cycle Back predicted '8' (Expected 'D') (Ent: 1.35)
EMNIST:'E' -> MNIST | Predict: '8' (Ent: 1.13)
  ⚠️ [Mismatch] Cycle Back predicted '8' (Expected 'E') (Ent: 1.35)
EMNIST:'F' -> MNIST | Predict: '8' (Ent: 1.20)
  ⚠️ [Mismatch] Cycle Back predicted '8' (Expected 'F') (Ent: 1.35)
EMNIST:'G' -> MNIST | Predict: '8' (Ent: 0.81)
  ⚠️ [Mismatch] Cycle Back predicted '8' (Expected 'G') (Ent: 1.35)
EMNIST:'H' -> MNIST | Predict: '8' (Ent: 1.34)
  ⚠️ [Mismatch] Cycle Back predicted '8' (Expected 'H') (Ent: 1.35)
EMNIST:'I' -> MNIST | Predict: '8' (Ent: 1.41)
  ⚠️ [Mismatch] Cycle Back predicted '8' (Expected 'I') (Ent: 1.35)
EMNIST:'J' -> MNIST | Predict: '8' (Ent: 0.88)
  ⚠️ [Mismatch] Cycle Back predicted '8' (Expected 'J') (Ent: 1.35)
EMNIST:'K' -> MNIST | Predict: '8' (Ent: 0.86)
  ⚠️ [Mismatch] Cycle Back predicted '8' (Expected 'K') (Ent: 1.35)
EMNIST:'L' -> MNIST | Predict: '8' (Ent: 1.06)
  ⚠️ [Mismatch] Cycle Back predicted '8' (Expected 'L') (Ent: 1.35)
EMNIST:'M' -> MNIST | Predict: '8' (Ent: 1.00)
  ⚠️ [Mismatch] Cycle Back predicted '8' (Expected 'M') (Ent: 1.35)
EMNIST:'N' -> MNIST | Predict: '8' (Ent: 1.67)
  ⚠️ [Mismatch] Cycle Back predicted '8' (Expected 'N') (Ent: 1.35)
EMNIST:'O' -> MNIST | Predict: '8' (Ent: 1.45)
  ⚠️ [Mismatch] Cycle Back predicted '8' (Expected 'O') (Ent: 1.35)
EMNIST:'P' -> MNIST | Predict: '8' (Ent: 1.01)
  ⚠️ [Mismatch] Cycle Back predicted '8' (Expected 'P') (Ent: 1.35)
EMNIST:'Q' -> MNIST | Predict: '8' (Ent: 0.93)
  ⚠️ [Mismatch] Cycle Back predicted '8' (Expected 'Q') (Ent: 1.35)
EMNIST:'R' -> MNIST | Predict: '8' (Ent: 0.95)
  ⚠️ [Mismatch] Cycle Back predicted '8' (Expected 'R') (Ent: 1.35)
EMNIST:'S' -> MNIST | Predict: '8' (Ent: 1.01)
  ⚠️ [Mismatch] Cycle Back predicted '8' (Expected 'S') (Ent: 1.35)
EMNIST:'T' -> MNIST | Predict: '8' (Ent: 1.37)
  ⚠️ [Mismatch] Cycle Back predicted '8' (Expected 'T') (Ent: 1.35)
EMNIST:'U' -> MNIST | Predict: '8' (Ent: 1.02)
  ⚠️ [Mismatch] Cycle Back predicted '8' (Expected 'U') (Ent: 1.35)
EMNIST:'V' -> MNIST | Predict: '8' (Ent: 1.34)
  ⚠️ [Mismatch] Cycle Back predicted '8' (Expected 'V') (Ent: 1.35)
EMNIST:'W' -> MNIST | Predict: '8' (Ent: 1.08)
  ⚠️ [Mismatch] Cycle Back predicted '8' (Expected 'W') (Ent: 1.35)
EMNIST:'X' -> MNIST | Predict: '8' (Ent: 1.39)
  ⚠️ [Mismatch] Cycle Back predicted '8' (Expected 'X') (Ent: 1.35)
EMNIST:'Y' -> MNIST | Predict: '8' (Ent: 1.18)
  ⚠️ [Mismatch] Cycle Back predicted '8' (Expected 'Y') (Ent: 1.35)
EMNIST:'Z' -> MNIST | Predict: '8' (Ent: 1.27)
  ⚠️ [Mismatch] Cycle Back predicted '8' (Expected 'Z') (Ent: 1.35)
EMNIST:'a' -> MNIST | Predict: '8' (Ent: 1.25)
  ⚠️ [Mismatch] Cycle Back predicted '8' (Expected 'a') (Ent: 1.35)
EMNIST:'b' -> MNIST | Predict: '8' (Ent: 1.30)
  ⚠️ [Mismatch] Cycle Back predicted '8' (Expected 'b') (Ent: 1.35)
EMNIST:'c' -> MNIST | Predict: '8' (Ent: 1.22)
  ⚠️ [Mismatch] Cycle Back predicted '8' (Expected 'c') (Ent: 1.35)
EMNIST:'d' -> MNIST | Predict: '8' (Ent: 1.33)
  ⚠️ [Mismatch] Cycle Back predicted '8' (Expected 'd') (Ent: 1.35)
EMNIST:'e' -> MNIST | Predict: '8' (Ent: 1.13)
  ⚠️ [Mismatch] Cycle Back predicted '8' (Expected 'e') (Ent: 1.35)
EMNIST:'f' -> MNIST | Predict: '8' (Ent: 1.20)
  ⚠️ [Mismatch] Cycle Back predicted '8' (Expected 'f') (Ent: 1.35)
EMNIST:'g' -> MNIST | Predict: '8' (Ent: 0.81)
  ⚠️ [Mismatch] Cycle Back predicted '8' (Expected 'g') (Ent: 1.35)
EMNIST:'h' -> MNIST | Predict: '8' (Ent: 1.34)
  ⚠️ [Mismatch] Cycle Back predicted '8' (Expected 'h') (Ent: 1.35)
EMNIST:'i' -> MNIST | Predict: '8' (Ent: 1.41)
  ⚠️ [Mismatch] Cycle Back predicted '8' (Expected 'i') (Ent: 1.35)
EMNIST:'j' -> MNIST | Predict: '8' (Ent: 0.88)
  ⚠️ [Mismatch] Cycle Back predicted '8' (Expected 'j') (Ent: 1.35)
EMNIST:'k' -> MNIST | Predict: '8' (Ent: 0.86)
  ⚠️ [Mismatch] Cycle Back predicted '8' (Expected 'k') (Ent: 1.35)
EMNIST:'l' -> MNIST | Predict: '8' (Ent: 1.06)
  ⚠️ [Mismatch] Cycle Back predicted '8' (Expected 'l') (Ent: 1.35)
EMNIST:'m' -> MNIST | Predict: '8' (Ent: 1.00)
  ⚠️ [Mismatch] Cycle Back predicted '8' (Expected 'm') (Ent: 1.35)
EMNIST:'n' -> MNIST | Predict: '8' (Ent: 1.67)
  ⚠️ [Mismatch] Cycle Back predicted '8' (Expected 'n') (Ent: 1.35)
EMNIST:'o' -> MNIST | Predict: '8' (Ent: 1.45)
  ⚠️ [Mismatch] Cycle Back predicted '8' (Expected 'o') (Ent: 1.35)
EMNIST:'p' -> MNIST | Predict: '8' (Ent: 1.01)
  ⚠️ [Mismatch] Cycle Back predicted '8' (Expected 'p') (Ent: 1.35)
EMNIST:'q' -> MNIST | Predict: '8' (Ent: 0.93)
  ⚠️ [Mismatch] Cycle Back predicted '8' (Expected 'q') (Ent: 1.35)
EMNIST:'r' -> MNIST | Predict: '8' (Ent: 0.95)
  ⚠️ [Mismatch] Cycle Back predicted '8' (Expected 'r') (Ent: 1.35)
EMNIST:'s' -> MNIST | Predict: '8' (Ent: 1.01)
  ⚠️ [Mismatch] Cycle Back predicted '8' (Expected 's') (Ent: 1.35)
EMNIST:'t' -> MNIST | Predict: '8' (Ent: 1.37)
  ⚠️ [Mismatch] Cycle Back predicted '8' (Expected 't') (Ent: 1.35)
EMNIST:'u' -> MNIST | Predict: '8' (Ent: 1.02)
  ⚠️ [Mismatch] Cycle Back predicted '8' (Expected 'u') (Ent: 1.35)
EMNIST:'v' -> MNIST | Predict: '8' (Ent: 1.34)
  ⚠️ [Mismatch] Cycle Back predicted '8' (Expected 'v') (Ent: 1.35)
EMNIST:'w' -> MNIST | Predict: '8' (Ent: 1.08)
  ⚠️ [Mismatch] Cycle Back predicted '8' (Expected 'w') (Ent: 1.35)
EMNIST:'x' -> MNIST | Predict: '8' (Ent: 1.39)
  ⚠️ [Mismatch] Cycle Back predicted '8' (Expected 'x') (Ent: 1.35)
EMNIST:'y' -> MNIST | Predict: '8' (Ent: 1.18)
  ⚠️ [Mismatch] Cycle Back predicted '8' (Expected 'y') (Ent: 1.35)
EMNIST:'z' -> MNIST | Predict: '8' (Ent: 1.27)
  ⚠️ [Mismatch] Cycle Back predicted '8' (Expected 'z') (Ent: 1.35)
EMNIST:'0' -> CIFAR10 ❌ (Uncertain)
EMNIST:'1' -> CIFAR10 ❌ (Uncertain)
EMNIST:'2' -> CIFAR10 ❌ (Uncertain)
EMNIST:'3' -> CIFAR10 | Predict: 'ship' (Ent: 1.70)
  ⚠️ [Mismatch] Cycle Back predicted 'E' (Expected '3') (Ent: 2.83)
EMNIST:'4' -> CIFAR10 | Predict: 'dog' (Ent: 1.54)
  ⚠️ [Mismatch] Cycle Back predicted '8' (Expected '4') (Ent: 2.28)
EMNIST:'5' -> CIFAR10 ❌ (Uncertain)
EMNIST:'6' -> CIFAR10 ❌ (Uncertain)
EMNIST:'7' -> CIFAR10 | Predict: 'dog' (Ent: 1.47)
  ⚠️ [Mismatch] Cycle Back predicted '8' (Expected '7') (Ent: 2.28)
EMNIST:'8' -> CIFAR10 | Predict: 'dog' (Ent: 1.53)
  ✅ [Match] EMNIST:'8' <==> CIFAR10:'dog' (Ent: 2.28)
EMNIST:'9' -> CIFAR10 | Predict: 'dog' (Ent: 1.51)
  ⚠️ [Mismatch] Cycle Back predicted '8' (Expected '9') (Ent: 2.28)
EMNIST:'A' -> CIFAR10 ❌ (Uncertain)
EMNIST:'B' -> CIFAR10 ❌ (Uncertain)
EMNIST:'C' -> CIFAR10 | Predict: 'ship' (Ent: 1.52)
  ⚠️ [Mismatch] Cycle Back predicted 'E' (Expected 'C') (Ent: 2.83)
EMNIST:'D' -> CIFAR10 | Predict: 'ship' (Ent: 1.48)
  ⚠️ [Mismatch] Cycle Back predicted 'E' (Expected 'D') (Ent: 2.83)
EMNIST:'E' -> CIFAR10 | Predict: 'cat' (Ent: 1.62)
  ⚠️ [Mismatch] Cycle Back predicted '8' (Expected 'E') (Ent: 2.57)
EMNIST:'F' -> CIFAR10 ❌ (Uncertain)
EMNIST:'G' -> CIFAR10 | Predict: 'ship' (Ent: 1.67)
  ⚠️ [Mismatch] Cycle Back predicted 'E' (Expected 'G') (Ent: 2.83)
EMNIST:'H' -> CIFAR10 | Predict: 'ship' (Ent: 1.67)
  ⚠️ [Mismatch] Cycle Back predicted 'E' (Expected 'H') (Ent: 2.83)
EMNIST:'I' -> CIFAR10 ❌ (Uncertain)
EMNIST:'J' -> CIFAR10 ❌ (Uncertain)
EMNIST:'K' -> CIFAR10 | Predict: 'ship' (Ent: 1.72)
  ⚠️ [Mismatch] Cycle Back predicted 'E' (Expected 'K') (Ent: 2.83)
EMNIST:'L' -> CIFAR10 ❌ (Uncertain)
EMNIST:'M' -> CIFAR10 ❌ (Uncertain)
EMNIST:'N' -> CIFAR10 | Predict: 'dog' (Ent: 1.56)
  ⚠️ [Mismatch] Cycle Back predicted '8' (Expected 'N') (Ent: 2.28)
EMNIST:'O' -> CIFAR10 ❌ (Uncertain)
EMNIST:'P' -> CIFAR10 | Predict: 'dog' (Ent: 1.69)
  ⚠️ [Mismatch] Cycle Back predicted '8' (Expected 'P') (Ent: 2.28)
EMNIST:'Q' -> CIFAR10 | Predict: 'dog' (Ent: 1.73)
  ⚠️ [Mismatch] Cycle Back predicted '8' (Expected 'Q') (Ent: 2.28)
EMNIST:'R' -> CIFAR10 ❌ (Uncertain)
EMNIST:'S' -> CIFAR10 ❌ (Uncertain)
EMNIST:'T' -> CIFAR10 ❌ (Uncertain)
EMNIST:'U' -> CIFAR10 | Predict: 'ship' (Ent: 1.63)
  ⚠️ [Mismatch] Cycle Back predicted 'E' (Expected 'U') (Ent: 2.83)
EMNIST:'V' -> CIFAR10 | Predict: 'bird' (Ent: 1.34)
  ⚠️ [Mismatch] Cycle Back predicted '0' (Expected 'V') (Ent: 2.08)
EMNIST:'W' -> CIFAR10 | Predict: 'dog' (Ent: 1.42)
  ⚠️ [Mismatch] Cycle Back predicted '8' (Expected 'W') (Ent: 2.28)
EMNIST:'X' -> CIFAR10 | Predict: 'cat' (Ent: 1.60)
  ⚠️ [Mismatch] Cycle Back predicted '8' (Expected 'X') (Ent: 2.57)
EMNIST:'Y' -> CIFAR10 ❌ (Uncertain)
EMNIST:'Z' -> CIFAR10 ❌ (Uncertain)
EMNIST:'a' -> CIFAR10 ❌ (Uncertain)
EMNIST:'b' -> CIFAR10 ❌ (Uncertain)
EMNIST:'c' -> CIFAR10 | Predict: 'ship' (Ent: 1.52)
  ⚠️ [Mismatch] Cycle Back predicted 'E' (Expected 'c') (Ent: 2.83)
EMNIST:'d' -> CIFAR10 | Predict: 'ship' (Ent: 1.48)
  ⚠️ [Mismatch] Cycle Back predicted 'E' (Expected 'd') (Ent: 2.83)
EMNIST:'e' -> CIFAR10 | Predict: 'cat' (Ent: 1.62)
  ⚠️ [Mismatch] Cycle Back predicted '8' (Expected 'e') (Ent: 2.57)
EMNIST:'f' -> CIFAR10 ❌ (Uncertain)
EMNIST:'g' -> CIFAR10 | Predict: 'ship' (Ent: 1.67)
  ⚠️ [Mismatch] Cycle Back predicted 'E' (Expected 'g') (Ent: 2.83)
EMNIST:'h' -> CIFAR10 | Predict: 'ship' (Ent: 1.67)
  ⚠️ [Mismatch] Cycle Back predicted 'E' (Expected 'h') (Ent: 2.83)
EMNIST:'i' -> CIFAR10 ❌ (Uncertain)
EMNIST:'j' -> CIFAR10 ❌ (Uncertain)
EMNIST:'k' -> CIFAR10 | Predict: 'ship' (Ent: 1.72)
  ⚠️ [Mismatch] Cycle Back predicted 'E' (Expected 'k') (Ent: 2.83)
EMNIST:'l' -> CIFAR10 ❌ (Uncertain)
EMNIST:'m' -> CIFAR10 ❌ (Uncertain)
EMNIST:'n' -> CIFAR10 | Predict: 'dog' (Ent: 1.56)
  ⚠️ [Mismatch] Cycle Back predicted '8' (Expected 'n') (Ent: 2.28)
EMNIST:'o' -> CIFAR10 ❌ (Uncertain)
EMNIST:'p' -> CIFAR10 | Predict: 'dog' (Ent: 1.69)
  ⚠️ [Mismatch] Cycle Back predicted '8' (Expected 'p') (Ent: 2.28)
EMNIST:'q' -> CIFAR10 | Predict: 'dog' (Ent: 1.73)
  ⚠️ [Mismatch] Cycle Back predicted '8' (Expected 'q') (Ent: 2.28)
EMNIST:'r' -> CIFAR10 ❌ (Uncertain)
EMNIST:'s' -> CIFAR10 ❌ (Uncertain)
EMNIST:'t' -> CIFAR10 ❌ (Uncertain)
EMNIST:'u' -> CIFAR10 | Predict: 'ship' (Ent: 1.63)
  ⚠️ [Mismatch] Cycle Back predicted 'E' (Expected 'u') (Ent: 2.83)
EMNIST:'v' -> CIFAR10 | Predict: 'bird' (Ent: 1.34)
  ⚠️ [Mismatch] Cycle Back predicted '0' (Expected 'v') (Ent: 2.08)
EMNIST:'w' -> CIFAR10 | Predict: 'dog' (Ent: 1.42)
  ⚠️ [Mismatch] Cycle Back predicted '8' (Expected 'w') (Ent: 2.28)
EMNIST:'x' -> CIFAR10 | Predict: 'cat' (Ent: 1.60)
  ⚠️ [Mismatch] Cycle Back predicted '8' (Expected 'x') (Ent: 2.57)
EMNIST:'y' -> CIFAR10 ❌ (Uncertain)
EMNIST:'z' -> CIFAR10 ❌ (Uncertain)
CIFAR10:'automobile' -> MNIST | Predict: '8' (Ent: 1.26)
  ⚠️ [Mismatch] Cycle Back predicted 'dog' (Expected 'automobile') (Ent: 0.81)
CIFAR10:'bird' -> MNIST | Predict: '8' (Ent: 1.69)
  ⚠️ [Mismatch] Cycle Back predicted 'dog' (Expected 'bird') (Ent: 0.81)
CIFAR10:'deer' -> MNIST | Predict: '8' (Ent: 1.23)
  ⚠️ [Mismatch] Cycle Back predicted 'dog' (Expected 'deer') (Ent: 0.81)
CIFAR10:'frog' -> MNIST | Predict: '8' (Ent: 1.54)
  ⚠️ [Mismatch] Cycle Back predicted 'dog' (Expected 'frog') (Ent: 0.81)
CIFAR10:'horse' -> MNIST | Predict: '8' (Ent: 1.40)
  ⚠️ [Mismatch] Cycle Back predicted 'dog' (Expected 'horse') (Ent: 0.81)
CIFAR10:'truck' -> MNIST | Predict: '8' (Ent: 1.13)
  ⚠️ [Mismatch] Cycle Back predicted 'dog' (Expected 'truck') (Ent: 0.81)
CIFAR10:'airplane' -> EMNIST | Predict: '8' (Ent: 2.18)
  ⚠️ [Mismatch] Cycle Back predicted 'dog' (Expected 'airplane') (Ent: 1.53)
CIFAR10:'automobile' -> EMNIST | Predict: '8' (Ent: 2.71)
  ⚠️ [Mismatch] Cycle Back predicted 'dog' (Expected 'automobile') (Ent: 1.53)
CIFAR10:'deer' -> EMNIST | Predict: '8' (Ent: 2.44)
  ⚠️ [Mismatch] Cycle Back predicted 'dog' (Expected 'deer') (Ent: 1.53)
CIFAR10:'frog' -> EMNIST | Predict: '8' (Ent: 1.89)
  ⚠️ [Mismatch] Cycle Back predicted 'dog' (Expected 'frog') (Ent: 1.53)
CIFAR10:'horse' -> EMNIST | Predict: '0' (Ent: 2.73)
CIFAR10:'truck' -> EMNIST | Predict: '8' (Ent: 2.64)
  ⚠️ [Mismatch] Cycle Back predicted 'dog' (Expected 'truck') (Ent: 1.53)
Exp (Syn): New Gen + New Ent (0.8)
dynamic_entropy_ratio: 0.8
MNIST:'0' -> EMNIST | Predict: '0' (Ent: 1.87)
  ⚠️ [Mismatch] Cycle Back predicted '8' (Expected '0') (Ent: 1.31)
MNIST:'1' -> EMNIST | Predict: '8' (Ent: 2.90)
  ⚠️ [Mismatch] Cycle Back predicted '8' (Expected '1') (Ent: 0.70)
MNIST:'2' -> EMNIST | Predict: '0' (Ent: 2.57)
  ⚠️ [Mismatch] Cycle Back predicted '8' (Expected '2') (Ent: 1.31)
MNIST:'3' -> EMNIST | Predict: '3' (Ent: 1.83)
  ⚠️ [Mismatch] Cycle Back predicted '8' (Expected '3') (Ent: 1.08)
MNIST:'4' -> EMNIST | Predict: '0' (Ent: 2.80)
  ⚠️ [Mismatch] Cycle Back predicted '8' (Expected '4') (Ent: 1.31)
MNIST:'5' -> EMNIST | Predict: '0' (Ent: 2.30)
  ⚠️ [Mismatch] Cycle Back predicted '8' (Expected '5') (Ent: 1.31)
MNIST:'6' -> EMNIST | Predict: '6' (Ent: 1.99)
  ⚠️ [Mismatch] Cycle Back predicted '8' (Expected '6') (Ent: 0.39)
MNIST:'7' -> EMNIST | Predict: '0' (Ent: 2.86)
  ⚠️ [Mismatch] Cycle Back predicted '8' (Expected '7') (Ent: 1.31)
MNIST:'8' -> EMNIST | Predict: '8' (Ent: 1.35)
  ✅ [Match] MNIST:'8' <==> EMNIST:'8' (Ent: 0.70)
MNIST:'9' -> EMNIST | Predict: '0' (Ent: 2.55)
  ⚠️ [Mismatch] Cycle Back predicted '8' (Expected '9') (Ent: 1.31)
MNIST:'0' -> CIFAR10 | Predict: 'ship' (Ent: 1.62)
  ⚠️ [Mismatch] Cycle Back predicted '8' (Expected '0') (Ent: 1.02)
MNIST:'1' -> CIFAR10 | Predict: 'dog' (Ent: 1.49)
  ⚠️ [Mismatch] Cycle Back predicted '8' (Expected '1') (Ent: 1.57)
MNIST:'2' -> CIFAR10 | Predict: 'airplane' (Ent: 1.65)
  ⚠️ [Mismatch] Cycle Back predicted '8' (Expected '2') (Ent: 1.52)
MNIST:'3' -> CIFAR10 | Predict: 'ship' (Ent: 1.54)
  ⚠️ [Mismatch] Cycle Back predicted '8' (Expected '3') (Ent: 1.02)
MNIST:'4' -> CIFAR10 | Predict: 'airplane' (Ent: 1.77)
  ⚠️ [Mismatch] Cycle Back predicted '8' (Expected '4') (Ent: 1.52)
MNIST:'5' -> CIFAR10 | Predict: 'ship' (Ent: 1.53)
  ⚠️ [Mismatch] Cycle Back predicted '8' (Expected '5') (Ent: 1.02)
MNIST:'6' -> CIFAR10 | Predict: 'dog' (Ent: 1.29)
  ⚠️ [Mismatch] Cycle Back predicted '8' (Expected '6') (Ent: 1.57)
MNIST:'7' -> CIFAR10 | Predict: 'cat' (Ent: 1.65)
  ⚠️ [Mismatch] Cycle Back predicted '8' (Expected '7') (Ent: 1.30)
MNIST:'8' -> CIFAR10 | Predict: 'dog' (Ent: 0.81)
  ✅ [Match] MNIST:'8' <==> CIFAR10:'dog' (Ent: 1.57)
MNIST:'9' -> CIFAR10 | Predict: 'dog' (Ent: 1.81)
  ⚠️ [Mismatch] Cycle Back predicted '8' (Expected '9') (Ent: 1.57)
EMNIST:'1' -> MNIST | Predict: '8' (Ent: 1.19)
  ⚠️ [Mismatch] Cycle Back predicted '8' (Expected '1') (Ent: 1.35)
EMNIST:'2' -> MNIST | Predict: '8' (Ent: 0.74)
  ⚠️ [Mismatch] Cycle Back predicted '8' (Expected '2') (Ent: 1.35)
EMNIST:'4' -> MNIST | Predict: '8' (Ent: 1.49)
  ⚠️ [Mismatch] Cycle Back predicted '8' (Expected '4') (Ent: 1.35)
EMNIST:'5' -> MNIST | Predict: '8' (Ent: 0.65)
  ⚠️ [Mismatch] Cycle Back predicted '8' (Expected '5') (Ent: 1.35)
EMNIST:'7' -> MNIST | Predict: '8' (Ent: 1.04)
  ⚠️ [Mismatch] Cycle Back predicted '8' (Expected '7') (Ent: 1.35)
EMNIST:'9' -> MNIST | Predict: '8' (Ent: 0.66)
  ⚠️ [Mismatch] Cycle Back predicted '8' (Expected '9') (Ent: 1.35)
EMNIST:'A' -> MNIST | Predict: '8' (Ent: 1.39)
  ⚠️ [Mismatch] Cycle Back predicted '8' (Expected 'A') (Ent: 1.35)
EMNIST:'B' -> MNIST | Predict: '8' (Ent: 1.30)
  ⚠️ [Mismatch] Cycle Back predicted '8' (Expected 'B') (Ent: 1.35)
EMNIST:'C' -> MNIST | Predict: '8' (Ent: 1.22)
  ⚠️ [Mismatch] Cycle Back predicted '8' (Expected 'C') (Ent: 1.35)
EMNIST:'D' -> MNIST | Predict: '8' (Ent: 1.33)
  ⚠️ [Mismatch] Cycle Back predicted '8' (Expected 'D') (Ent: 1.35)
EMNIST:'E' -> MNIST | Predict: '8' (Ent: 1.39)
  ⚠️ [Mismatch] Cycle Back predicted '8' (Expected 'E') (Ent: 1.35)
EMNIST:'F' -> MNIST | Predict: '8' (Ent: 1.20)
  ⚠️ [Mismatch] Cycle Back predicted '8' (Expected 'F') (Ent: 1.35)
EMNIST:'G' -> MNIST | Predict: '8' (Ent: 0.81)
  ⚠️ [Mismatch] Cycle Back predicted '8' (Expected 'G') (Ent: 1.35)
EMNIST:'H' -> MNIST | Predict: '8' (Ent: 1.34)
  ⚠️ [Mismatch] Cycle Back predicted '8' (Expected 'H') (Ent: 1.35)
EMNIST:'I' -> MNIST | Predict: '8' (Ent: 1.41)
  ⚠️ [Mismatch] Cycle Back predicted '8' (Expected 'I') (Ent: 1.35)
EMNIST:'J' -> MNIST | Predict: '8' (Ent: 1.09)
  ⚠️ [Mismatch] Cycle Back predicted '8' (Expected 'J') (Ent: 1.35)
EMNIST:'K' -> MNIST | Predict: '8' (Ent: 1.22)
  ⚠️ [Mismatch] Cycle Back predicted '8' (Expected 'K') (Ent: 1.35)
EMNIST:'L' -> MNIST | Predict: '8' (Ent: 1.06)
  ⚠️ [Mismatch] Cycle Back predicted '8' (Expected 'L') (Ent: 1.35)
EMNIST:'M' -> MNIST | Predict: '8' (Ent: 1.00)
  ⚠️ [Mismatch] Cycle Back predicted '8' (Expected 'M') (Ent: 1.35)
EMNIST:'N' -> MNIST | Predict: '8' (Ent: 1.67)
  ⚠️ [Mismatch] Cycle Back predicted '8' (Expected 'N') (Ent: 1.35)
EMNIST:'O' -> MNIST | Predict: '8' (Ent: 1.45)
  ⚠️ [Mismatch] Cycle Back predicted '8' (Expected 'O') (Ent: 1.35)
EMNIST:'P' -> MNIST | Predict: '8' (Ent: 1.01)
  ⚠️ [Mismatch] Cycle Back predicted '8' (Expected 'P') (Ent: 1.35)
EMNIST:'Q' -> MNIST | Predict: '8' (Ent: 0.93)
  ⚠️ [Mismatch] Cycle Back predicted '8' (Expected 'Q') (Ent: 1.35)
EMNIST:'R' -> MNIST | Predict: '8' (Ent: 0.95)
  ⚠️ [Mismatch] Cycle Back predicted '8' (Expected 'R') (Ent: 1.35)
EMNIST:'S' -> MNIST | Predict: '8' (Ent: 1.01)
  ⚠️ [Mismatch] Cycle Back predicted '8' (Expected 'S') (Ent: 1.35)
EMNIST:'T' -> MNIST | Predict: '8' (Ent: 1.37)
  ⚠️ [Mismatch] Cycle Back predicted '8' (Expected 'T') (Ent: 1.35)
EMNIST:'U' -> MNIST | Predict: '8' (Ent: 1.02)
  ⚠️ [Mismatch] Cycle Back predicted '8' (Expected 'U') (Ent: 1.35)
EMNIST:'V' -> MNIST | Predict: '8' (Ent: 1.34)
  ⚠️ [Mismatch] Cycle Back predicted '8' (Expected 'V') (Ent: 1.35)
EMNIST:'W' -> MNIST | Predict: '8' (Ent: 1.08)
  ⚠️ [Mismatch] Cycle Back predicted '8' (Expected 'W') (Ent: 1.35)
EMNIST:'X' -> MNIST | Predict: '8' (Ent: 1.39)
  ⚠️ [Mismatch] Cycle Back predicted '8' (Expected 'X') (Ent: 1.35)
EMNIST:'Y' -> MNIST | Predict: '8' (Ent: 1.18)
  ⚠️ [Mismatch] Cycle Back predicted '8' (Expected 'Y') (Ent: 1.35)
EMNIST:'Z' -> MNIST | Predict: '8' (Ent: 1.27)
  ⚠️ [Mismatch] Cycle Back predicted '8' (Expected 'Z') (Ent: 1.35)
EMNIST:'a' -> MNIST | Predict: '8' (Ent: 1.39)
  ⚠️ [Mismatch] Cycle Back predicted '8' (Expected 'a') (Ent: 1.35)
EMNIST:'b' -> MNIST | Predict: '8' (Ent: 1.30)
  ⚠️ [Mismatch] Cycle Back predicted '8' (Expected 'b') (Ent: 1.35)
EMNIST:'c' -> MNIST | Predict: '8' (Ent: 1.22)
  ⚠️ [Mismatch] Cycle Back predicted '8' (Expected 'c') (Ent: 1.35)
EMNIST:'d' -> MNIST | Predict: '8' (Ent: 1.33)
  ⚠️ [Mismatch] Cycle Back predicted '8' (Expected 'd') (Ent: 1.35)
EMNIST:'e' -> MNIST | Predict: '8' (Ent: 1.39)
  ⚠️ [Mismatch] Cycle Back predicted '8' (Expected 'e') (Ent: 1.35)
EMNIST:'f' -> MNIST | Predict: '8' (Ent: 1.20)
  ⚠️ [Mismatch] Cycle Back predicted '8' (Expected 'f') (Ent: 1.35)
EMNIST:'g' -> MNIST | Predict: '8' (Ent: 0.81)
  ⚠️ [Mismatch] Cycle Back predicted '8' (Expected 'g') (Ent: 1.35)
EMNIST:'h' -> MNIST | Predict: '8' (Ent: 1.34)
  ⚠️ [Mismatch] Cycle Back predicted '8' (Expected 'h') (Ent: 1.35)
EMNIST:'i' -> MNIST | Predict: '8' (Ent: 1.41)
  ⚠️ [Mismatch] Cycle Back predicted '8' (Expected 'i') (Ent: 1.35)
EMNIST:'j' -> MNIST | Predict: '8' (Ent: 1.09)
  ⚠️ [Mismatch] Cycle Back predicted '8' (Expected 'j') (Ent: 1.35)
EMNIST:'k' -> MNIST | Predict: '8' (Ent: 1.22)
  ⚠️ [Mismatch] Cycle Back predicted '8' (Expected 'k') (Ent: 1.35)
EMNIST:'l' -> MNIST | Predict: '8' (Ent: 1.06)
  ⚠️ [Mismatch] Cycle Back predicted '8' (Expected 'l') (Ent: 1.35)
EMNIST:'m' -> MNIST | Predict: '8' (Ent: 1.00)
  ⚠️ [Mismatch] Cycle Back predicted '8' (Expected 'm') (Ent: 1.35)
EMNIST:'n' -> MNIST | Predict: '8' (Ent: 1.67)
  ⚠️ [Mismatch] Cycle Back predicted '8' (Expected 'n') (Ent: 1.35)
EMNIST:'o' -> MNIST | Predict: '8' (Ent: 1.45)
  ⚠️ [Mismatch] Cycle Back predicted '8' (Expected 'o') (Ent: 1.35)
EMNIST:'p' -> MNIST | Predict: '8' (Ent: 1.01)
  ⚠️ [Mismatch] Cycle Back predicted '8' (Expected 'p') (Ent: 1.35)
EMNIST:'q' -> MNIST | Predict: '8' (Ent: 0.93)
  ⚠️ [Mismatch] Cycle Back predicted '8' (Expected 'q') (Ent: 1.35)
EMNIST:'r' -> MNIST | Predict: '8' (Ent: 0.95)
  ⚠️ [Mismatch] Cycle Back predicted '8' (Expected 'r') (Ent: 1.35)
EMNIST:'s' -> MNIST | Predict: '8' (Ent: 1.01)
  ⚠️ [Mismatch] Cycle Back predicted '8' (Expected 's') (Ent: 1.35)
EMNIST:'t' -> MNIST | Predict: '8' (Ent: 1.37)
  ⚠️ [Mismatch] Cycle Back predicted '8' (Expected 't') (Ent: 1.35)
EMNIST:'u' -> MNIST | Predict: '8' (Ent: 1.02)
  ⚠️ [Mismatch] Cycle Back predicted '8' (Expected 'u') (Ent: 1.35)
EMNIST:'v' -> MNIST | Predict: '8' (Ent: 1.34)
  ⚠️ [Mismatch] Cycle Back predicted '8' (Expected 'v') (Ent: 1.35)
EMNIST:'w' -> MNIST | Predict: '8' (Ent: 1.08)
  ⚠️ [Mismatch] Cycle Back predicted '8' (Expected 'w') (Ent: 1.35)
EMNIST:'x' -> MNIST | Predict: '8' (Ent: 1.39)
  ⚠️ [Mismatch] Cycle Back predicted '8' (Expected 'x') (Ent: 1.35)
EMNIST:'y' -> MNIST | Predict: '8' (Ent: 1.18)
  ⚠️ [Mismatch] Cycle Back predicted '8' (Expected 'y') (Ent: 1.35)
EMNIST:'z' -> MNIST | Predict: '8' (Ent: 1.27)
  ⚠️ [Mismatch] Cycle Back predicted '8' (Expected 'z') (Ent: 1.35)
EMNIST:'0' -> CIFAR10 | Predict: 'dog' (Ent: 1.81)
  ⚠️ [Mismatch] Cycle Back predicted '8' (Expected '0') (Ent: 2.28)
EMNIST:'1' -> CIFAR10 | Predict: 'dog' (Ent: 1.76)
  ⚠️ [Mismatch] Cycle Back predicted '8' (Expected '1') (Ent: 2.28)
EMNIST:'2' -> CIFAR10 | Predict: 'airplane' (Ent: 1.82)
  ⚠️ [Mismatch] Cycle Back predicted '8' (Expected '2') (Ent: 2.18)
EMNIST:'3' -> CIFAR10 | Predict: 'ship' (Ent: 1.70)
  ⚠️ [Mismatch] Cycle Back predicted 'E' (Expected '3') (Ent: 2.83)
EMNIST:'4' -> CIFAR10 | Predict: 'dog' (Ent: 1.54)
  ⚠️ [Mismatch] Cycle Back predicted '8' (Expected '4') (Ent: 2.28)
EMNIST:'5' -> CIFAR10 ❌ (Uncertain)
EMNIST:'6' -> CIFAR10 | Predict: 'dog' (Ent: 1.73)
  ⚠️ [Mismatch] Cycle Back predicted '8' (Expected '6') (Ent: 2.28)
EMNIST:'7' -> CIFAR10 | Predict: 'dog' (Ent: 1.47)
  ⚠️ [Mismatch] Cycle Back predicted '8' (Expected '7') (Ent: 2.28)
EMNIST:'8' -> CIFAR10 | Predict: 'dog' (Ent: 1.53)
  ✅ [Match] EMNIST:'8' <==> CIFAR10:'dog' (Ent: 2.28)
EMNIST:'9' -> CIFAR10 | Predict: 'dog' (Ent: 1.51)
  ⚠️ [Mismatch] Cycle Back predicted '8' (Expected '9') (Ent: 2.28)
EMNIST:'A' -> CIFAR10 ❌ (Uncertain)
EMNIST:'B' -> CIFAR10 | Predict: 'ship' (Ent: 1.74)
  ⚠️ [Mismatch] Cycle Back predicted 'E' (Expected 'B') (Ent: 2.83)
EMNIST:'C' -> CIFAR10 | Predict: 'ship' (Ent: 1.52)
  ⚠️ [Mismatch] Cycle Back predicted 'E' (Expected 'C') (Ent: 2.83)
EMNIST:'D' -> CIFAR10 | Predict: 'ship' (Ent: 1.57)
  ⚠️ [Mismatch] Cycle Back predicted 'E' (Expected 'D') (Ent: 2.83)
EMNIST:'E' -> CIFAR10 | Predict: 'cat' (Ent: 1.62)
  ⚠️ [Mismatch] Cycle Back predicted '8' (Expected 'E') (Ent: 2.57)
EMNIST:'F' -> CIFAR10 | Predict: 'cat' (Ent: 1.80)
  ⚠️ [Mismatch] Cycle Back predicted '8' (Expected 'F') (Ent: 2.57)
EMNIST:'G' -> CIFAR10 | Predict: 'ship' (Ent: 1.76)
  ⚠️ [Mismatch] Cycle Back predicted 'E' (Expected 'G') (Ent: 2.83)
EMNIST:'H' -> CIFAR10 | Predict: 'ship' (Ent: 1.67)
  ⚠️ [Mismatch] Cycle Back predicted 'E' (Expected 'H') (Ent: 2.83)
EMNIST:'I' -> CIFAR10 ❌ (Uncertain)
EMNIST:'J' -> CIFAR10 ❌ (Uncertain)
EMNIST:'K' -> CIFAR10 | Predict: 'ship' (Ent: 1.72)
  ⚠️ [Mismatch] Cycle Back predicted 'E' (Expected 'K') (Ent: 2.83)
EMNIST:'L' -> CIFAR10 | Predict: 'ship' (Ent: 1.84)
  ⚠️ [Mismatch] Cycle Back predicted 'E' (Expected 'L') (Ent: 2.83)
EMNIST:'M' -> CIFAR10 | Predict: 'dog' (Ent: 1.80)
  ⚠️ [Mismatch] Cycle Back predicted '8' (Expected 'M') (Ent: 2.28)
EMNIST:'N' -> CIFAR10 | Predict: 'dog' (Ent: 1.56)
  ⚠️ [Mismatch] Cycle Back predicted '8' (Expected 'N') (Ent: 2.28)
EMNIST:'O' -> CIFAR10 ❌ (Uncertain)
EMNIST:'P' -> CIFAR10 | Predict: 'dog' (Ent: 1.69)
  ⚠️ [Mismatch] Cycle Back predicted '8' (Expected 'P') (Ent: 2.28)
EMNIST:'Q' -> CIFAR10 | Predict: 'dog' (Ent: 1.84)
  ⚠️ [Mismatch] Cycle Back predicted '8' (Expected 'Q') (Ent: 2.28)
EMNIST:'R' -> CIFAR10 | Predict: 'airplane' (Ent: 1.78)
  ⚠️ [Mismatch] Cycle Back predicted '8' (Expected 'R') (Ent: 2.18)
EMNIST:'S' -> CIFAR10 ❌ (Uncertain)
EMNIST:'T' -> CIFAR10 ❌ (Uncertain)
EMNIST:'U' -> CIFAR10 | Predict: 'ship' (Ent: 1.63)
  ⚠️ [Mismatch] Cycle Back predicted 'E' (Expected 'U') (Ent: 2.83)
EMNIST:'V' -> CIFAR10 | Predict: 'bird' (Ent: 1.34)
  ⚠️ [Mismatch] Cycle Back predicted '0' (Expected 'V') (Ent: 2.36)
EMNIST:'W' -> CIFAR10 | Predict: 'dog' (Ent: 1.42)
  ⚠️ [Mismatch] Cycle Back predicted '8' (Expected 'W') (Ent: 2.28)
EMNIST:'X' -> CIFAR10 | Predict: 'cat' (Ent: 1.60)
  ⚠️ [Mismatch] Cycle Back predicted '8' (Expected 'X') (Ent: 2.57)
EMNIST:'Y' -> CIFAR10 ❌ (Uncertain)
EMNIST:'Z' -> CIFAR10 ❌ (Uncertain)
EMNIST:'a' -> CIFAR10 ❌ (Uncertain)
EMNIST:'b' -> CIFAR10 | Predict: 'ship' (Ent: 1.74)
  ⚠️ [Mismatch] Cycle Back predicted 'E' (Expected 'b') (Ent: 2.83)
EMNIST:'c' -> CIFAR10 | Predict: 'ship' (Ent: 1.52)
  ⚠️ [Mismatch] Cycle Back predicted 'E' (Expected 'c') (Ent: 2.83)
EMNIST:'d' -> CIFAR10 | Predict: 'ship' (Ent: 1.57)
  ⚠️ [Mismatch] Cycle Back predicted 'E' (Expected 'd') (Ent: 2.83)
EMNIST:'e' -> CIFAR10 | Predict: 'cat' (Ent: 1.62)
  ⚠️ [Mismatch] Cycle Back predicted '8' (Expected 'e') (Ent: 2.57)
EMNIST:'f' -> CIFAR10 | Predict: 'cat' (Ent: 1.80)
  ⚠️ [Mismatch] Cycle Back predicted '8' (Expected 'f') (Ent: 2.57)
EMNIST:'g' -> CIFAR10 | Predict: 'ship' (Ent: 1.76)
  ⚠️ [Mismatch] Cycle Back predicted 'E' (Expected 'g') (Ent: 2.83)
EMNIST:'h' -> CIFAR10 | Predict: 'ship' (Ent: 1.67)
  ⚠️ [Mismatch] Cycle Back predicted 'E' (Expected 'h') (Ent: 2.83)
EMNIST:'i' -> CIFAR10 ❌ (Uncertain)
EMNIST:'j' -> CIFAR10 ❌ (Uncertain)
EMNIST:'k' -> CIFAR10 | Predict: 'ship' (Ent: 1.72)
  ⚠️ [Mismatch] Cycle Back predicted 'E' (Expected 'k') (Ent: 2.83)
EMNIST:'l' -> CIFAR10 | Predict: 'ship' (Ent: 1.84)
  ⚠️ [Mismatch] Cycle Back predicted 'E' (Expected 'l') (Ent: 2.83)
EMNIST:'m' -> CIFAR10 | Predict: 'dog' (Ent: 1.80)
  ⚠️ [Mismatch] Cycle Back predicted '8' (Expected 'm') (Ent: 2.28)
EMNIST:'n' -> CIFAR10 | Predict: 'dog' (Ent: 1.56)
  ⚠️ [Mismatch] Cycle Back predicted '8' (Expected 'n') (Ent: 2.28)
EMNIST:'o' -> CIFAR10 ❌ (Uncertain)
EMNIST:'p' -> CIFAR10 | Predict: 'dog' (Ent: 1.69)
  ⚠️ [Mismatch] Cycle Back predicted '8' (Expected 'p') (Ent: 2.28)
EMNIST:'q' -> CIFAR10 | Predict: 'dog' (Ent: 1.84)
  ⚠️ [Mismatch] Cycle Back predicted '8' (Expected 'q') (Ent: 2.28)
EMNIST:'r' -> CIFAR10 | Predict: 'airplane' (Ent: 1.78)
  ⚠️ [Mismatch] Cycle Back predicted '8' (Expected 'r') (Ent: 2.18)
EMNIST:'s' -> CIFAR10 ❌ (Uncertain)
EMNIST:'t' -> CIFAR10 ❌ (Uncertain)
EMNIST:'u' -> CIFAR10 | Predict: 'ship' (Ent: 1.63)
  ⚠️ [Mismatch] Cycle Back predicted 'E' (Expected 'u') (Ent: 2.83)
EMNIST:'v' -> CIFAR10 | Predict: 'bird' (Ent: 1.34)
  ⚠️ [Mismatch] Cycle Back predicted '0' (Expected 'v') (Ent: 2.36)
EMNIST:'w' -> CIFAR10 | Predict: 'dog' (Ent: 1.42)
  ⚠️ [Mismatch] Cycle Back predicted '8' (Expected 'w') (Ent: 2.28)
EMNIST:'x' -> CIFAR10 | Predict: 'cat' (Ent: 1.60)
  ⚠️ [Mismatch] Cycle Back predicted '8' (Expected 'x') (Ent: 2.57)
EMNIST:'y' -> CIFAR10 ❌ (Uncertain)
EMNIST:'z' -> CIFAR10 ❌ (Uncertain)
CIFAR10:'automobile' -> MNIST | Predict: '8' (Ent: 1.26)
  ⚠️ [Mismatch] Cycle Back predicted 'dog' (Expected 'automobile') (Ent: 0.81)
CIFAR10:'bird' -> MNIST | Predict: '8' (Ent: 1.69)
  ⚠️ [Mismatch] Cycle Back predicted 'dog' (Expected 'bird') (Ent: 0.81)
CIFAR10:'deer' -> MNIST | Predict: '8' (Ent: 1.23)
  ⚠️ [Mismatch] Cycle Back predicted 'dog' (Expected 'deer') (Ent: 0.81)
CIFAR10:'frog' -> MNIST | Predict: '8' (Ent: 1.54)
  ⚠️ [Mismatch] Cycle Back predicted 'dog' (Expected 'frog') (Ent: 0.81)
CIFAR10:'horse' -> MNIST | Predict: '8' (Ent: 1.40)
  ⚠️ [Mismatch] Cycle Back predicted 'dog' (Expected 'horse') (Ent: 0.81)
CIFAR10:'truck' -> MNIST | Predict: '8' (Ent: 1.13)
  ⚠️ [Mismatch] Cycle Back predicted 'dog' (Expected 'truck') (Ent: 0.81)
CIFAR10:'automobile' -> EMNIST | Predict: '8' (Ent: 2.71)
  ⚠️ [Mismatch] Cycle Back predicted 'dog' (Expected 'automobile') (Ent: 1.53)
CIFAR10:'deer' -> EMNIST | Predict: '8' (Ent: 2.44)
  ⚠️ [Mismatch] Cycle Back predicted 'dog' (Expected 'deer') (Ent: 1.53)
CIFAR10:'frog' -> EMNIST | Predict: '8' (Ent: 2.29)
  ⚠️ [Mismatch] Cycle Back predicted 'dog' (Expected 'frog') (Ent: 1.53)
CIFAR10:'horse' -> EMNIST | Predict: '0' (Ent: 2.73)
  ⚠️ [Mismatch] Cycle Back predicted 'dog' (Expected 'horse') (Ent: 1.81)
CIFAR10:'truck' -> EMNIST | Predict: '8' (Ent: 2.64)
  ⚠️ [Mismatch] Cycle Back predicted 'dog' (Expected 'truck') (Ent: 1.53)
Exp (Syn): New Gen + New Ent (0.85)
dynamic_entropy_ratio: 0.85
MNIST:'0' -> EMNIST | Predict: '0' (Ent: 1.87)
  ⚠️ [Mismatch] Cycle Back predicted '8' (Expected '0') (Ent: 1.31)
MNIST:'1' -> EMNIST | Predict: '8' (Ent: 2.90)
  ⚠️ [Mismatch] Cycle Back predicted '8' (Expected '1') (Ent: 0.70)
MNIST:'2' -> EMNIST | Predict: '0' (Ent: 2.57)
  ⚠️ [Mismatch] Cycle Back predicted '8' (Expected '2') (Ent: 1.31)
MNIST:'3' -> EMNIST | Predict: '3' (Ent: 1.83)
  ⚠️ [Mismatch] Cycle Back predicted '8' (Expected '3') (Ent: 1.08)
MNIST:'4' -> EMNIST | Predict: '0' (Ent: 2.80)
  ⚠️ [Mismatch] Cycle Back predicted '8' (Expected '4') (Ent: 1.31)
MNIST:'5' -> EMNIST | Predict: '0' (Ent: 2.55)
  ⚠️ [Mismatch] Cycle Back predicted '8' (Expected '5') (Ent: 1.31)
MNIST:'6' -> EMNIST | Predict: '6' (Ent: 1.99)
  ⚠️ [Mismatch] Cycle Back predicted '8' (Expected '6') (Ent: 0.39)
MNIST:'7' -> EMNIST | Predict: '0' (Ent: 2.86)
  ⚠️ [Mismatch] Cycle Back predicted '8' (Expected '7') (Ent: 1.31)
MNIST:'8' -> EMNIST | Predict: '8' (Ent: 1.35)
  ✅ [Match] MNIST:'8' <==> EMNIST:'8' (Ent: 0.70)
MNIST:'9' -> EMNIST | Predict: '0' (Ent: 2.55)
  ⚠️ [Mismatch] Cycle Back predicted '8' (Expected '9') (Ent: 1.31)
MNIST:'0' -> CIFAR10 | Predict: 'ship' (Ent: 1.62)
  ⚠️ [Mismatch] Cycle Back predicted '8' (Expected '0') (Ent: 1.02)
MNIST:'1' -> CIFAR10 | Predict: 'dog' (Ent: 1.49)
  ⚠️ [Mismatch] Cycle Back predicted '8' (Expected '1') (Ent: 1.57)
MNIST:'2' -> CIFAR10 | Predict: 'airplane' (Ent: 1.65)
  ⚠️ [Mismatch] Cycle Back predicted '8' (Expected '2') (Ent: 1.52)
MNIST:'3' -> CIFAR10 | Predict: 'ship' (Ent: 1.54)
  ⚠️ [Mismatch] Cycle Back predicted '8' (Expected '3') (Ent: 1.02)
MNIST:'4' -> CIFAR10 | Predict: 'airplane' (Ent: 1.77)
  ⚠️ [Mismatch] Cycle Back predicted '8' (Expected '4') (Ent: 1.52)
MNIST:'5' -> CIFAR10 | Predict: 'ship' (Ent: 1.53)
  ⚠️ [Mismatch] Cycle Back predicted '8' (Expected '5') (Ent: 1.02)
MNIST:'6' -> CIFAR10 | Predict: 'dog' (Ent: 1.29)
  ⚠️ [Mismatch] Cycle Back predicted '8' (Expected '6') (Ent: 1.57)
MNIST:'7' -> CIFAR10 | Predict: 'cat' (Ent: 1.65)
  ⚠️ [Mismatch] Cycle Back predicted '8' (Expected '7') (Ent: 1.30)
MNIST:'8' -> CIFAR10 | Predict: 'dog' (Ent: 0.81)
  ✅ [Match] MNIST:'8' <==> CIFAR10:'dog' (Ent: 1.57)
MNIST:'9' -> CIFAR10 | Predict: 'dog' (Ent: 1.81)
  ⚠️ [Mismatch] Cycle Back predicted '8' (Expected '9') (Ent: 1.57)
EMNIST:'1' -> MNIST | Predict: '8' (Ent: 1.19)
  ⚠️ [Mismatch] Cycle Back predicted '8' (Expected '1') (Ent: 1.35)
EMNIST:'2' -> MNIST | Predict: '8' (Ent: 1.07)
  ⚠️ [Mismatch] Cycle Back predicted '8' (Expected '2') (Ent: 1.35)
EMNIST:'4' -> MNIST | Predict: '8' (Ent: 1.49)
  ⚠️ [Mismatch] Cycle Back predicted '8' (Expected '4') (Ent: 1.35)
EMNIST:'5' -> MNIST | Predict: '8' (Ent: 0.65)
  ⚠️ [Mismatch] Cycle Back predicted '8' (Expected '5') (Ent: 1.35)
EMNIST:'7' -> MNIST | Predict: '8' (Ent: 1.04)
  ⚠️ [Mismatch] Cycle Back predicted '8' (Expected '7') (Ent: 1.35)
EMNIST:'9' -> MNIST | Predict: '8' (Ent: 0.66)
  ⚠️ [Mismatch] Cycle Back predicted '8' (Expected '9') (Ent: 1.35)
EMNIST:'A' -> MNIST | Predict: '8' (Ent: 1.39)
  ⚠️ [Mismatch] Cycle Back predicted '8' (Expected 'A') (Ent: 1.35)
EMNIST:'B' -> MNIST | Predict: '8' (Ent: 1.45)
  ⚠️ [Mismatch] Cycle Back predicted '8' (Expected 'B') (Ent: 1.35)
EMNIST:'C' -> MNIST | Predict: '8' (Ent: 1.22)
  ⚠️ [Mismatch] Cycle Back predicted '8' (Expected 'C') (Ent: 1.35)
EMNIST:'D' -> MNIST | Predict: '8' (Ent: 1.33)
  ⚠️ [Mismatch] Cycle Back predicted '8' (Expected 'D') (Ent: 1.35)
EMNIST:'E' -> MNIST | Predict: '8' (Ent: 1.39)
  ⚠️ [Mismatch] Cycle Back predicted '8' (Expected 'E') (Ent: 1.35)
EMNIST:'F' -> MNIST | Predict: '8' (Ent: 1.38)
  ⚠️ [Mismatch] Cycle Back predicted '8' (Expected 'F') (Ent: 1.35)
EMNIST:'G' -> MNIST | Predict: '8' (Ent: 0.81)
  ⚠️ [Mismatch] Cycle Back predicted '8' (Expected 'G') (Ent: 1.35)
EMNIST:'H' -> MNIST | Predict: '8' (Ent: 1.34)
  ⚠️ [Mismatch] Cycle Back predicted '8' (Expected 'H') (Ent: 1.35)
EMNIST:'I' -> MNIST | Predict: '8' (Ent: 1.52)
  ⚠️ [Mismatch] Cycle Back predicted '8' (Expected 'I') (Ent: 1.35)
EMNIST:'J' -> MNIST | Predict: '8' (Ent: 1.09)
  ⚠️ [Mismatch] Cycle Back predicted '8' (Expected 'J') (Ent: 1.35)
EMNIST:'K' -> MNIST | Predict: '8' (Ent: 1.22)
  ⚠️ [Mismatch] Cycle Back predicted '8' (Expected 'K') (Ent: 1.35)
EMNIST:'L' -> MNIST | Predict: '8' (Ent: 1.06)
  ⚠️ [Mismatch] Cycle Back predicted '8' (Expected 'L') (Ent: 1.35)
EMNIST:'M' -> MNIST | Predict: '8' (Ent: 1.30)
  ⚠️ [Mismatch] Cycle Back predicted '8' (Expected 'M') (Ent: 1.35)
EMNIST:'N' -> MNIST | Predict: '8' (Ent: 1.67)
  ⚠️ [Mismatch] Cycle Back predicted '8' (Expected 'N') (Ent: 1.35)
EMNIST:'O' -> MNIST | Predict: '8' (Ent: 1.45)
  ⚠️ [Mismatch] Cycle Back predicted '8' (Expected 'O') (Ent: 1.35)
EMNIST:'P' -> MNIST | Predict: '8' (Ent: 1.01)
  ⚠️ [Mismatch] Cycle Back predicted '8' (Expected 'P') (Ent: 1.35)
EMNIST:'Q' -> MNIST | Predict: '8' (Ent: 0.93)
  ⚠️ [Mismatch] Cycle Back predicted '8' (Expected 'Q') (Ent: 1.35)
EMNIST:'R' -> MNIST | Predict: '8' (Ent: 0.95)
  ⚠️ [Mismatch] Cycle Back predicted '8' (Expected 'R') (Ent: 1.35)
EMNIST:'S' -> MNIST | Predict: '8' (Ent: 1.01)
  ⚠️ [Mismatch] Cycle Back predicted '8' (Expected 'S') (Ent: 1.35)
EMNIST:'T' -> MNIST | Predict: '8' (Ent: 1.37)
  ⚠️ [Mismatch] Cycle Back predicted '8' (Expected 'T') (Ent: 1.35)
EMNIST:'U' -> MNIST | Predict: '8' (Ent: 1.02)
  ⚠️ [Mismatch] Cycle Back predicted '8' (Expected 'U') (Ent: 1.35)
EMNIST:'V' -> MNIST | Predict: '8' (Ent: 1.34)
  ⚠️ [Mismatch] Cycle Back predicted '8' (Expected 'V') (Ent: 1.35)
EMNIST:'W' -> MNIST | Predict: '8' (Ent: 1.08)
  ⚠️ [Mismatch] Cycle Back predicted '8' (Expected 'W') (Ent: 1.35)
EMNIST:'X' -> MNIST | Predict: '8' (Ent: 1.39)
  ⚠️ [Mismatch] Cycle Back predicted '8' (Expected 'X') (Ent: 1.35)
EMNIST:'Y' -> MNIST | Predict: '8' (Ent: 1.38)
  ⚠️ [Mismatch] Cycle Back predicted '8' (Expected 'Y') (Ent: 1.35)
EMNIST:'Z' -> MNIST | Predict: '8' (Ent: 1.27)
  ⚠️ [Mismatch] Cycle Back predicted '8' (Expected 'Z') (Ent: 1.35)
EMNIST:'a' -> MNIST | Predict: '8' (Ent: 1.39)
  ⚠️ [Mismatch] Cycle Back predicted '8' (Expected 'a') (Ent: 1.35)
EMNIST:'b' -> MNIST | Predict: '8' (Ent: 1.45)
  ⚠️ [Mismatch] Cycle Back predicted '8' (Expected 'b') (Ent: 1.35)
EMNIST:'c' -> MNIST | Predict: '8' (Ent: 1.22)
  ⚠️ [Mismatch] Cycle Back predicted '8' (Expected 'c') (Ent: 1.35)
EMNIST:'d' -> MNIST | Predict: '8' (Ent: 1.33)
  ⚠️ [Mismatch] Cycle Back predicted '8' (Expected 'd') (Ent: 1.35)
EMNIST:'e' -> MNIST | Predict: '8' (Ent: 1.39)
  ⚠️ [Mismatch] Cycle Back predicted '8' (Expected 'e') (Ent: 1.35)
EMNIST:'f' -> MNIST | Predict: '8' (Ent: 1.38)
  ⚠️ [Mismatch] Cycle Back predicted '8' (Expected 'f') (Ent: 1.35)
EMNIST:'g' -> MNIST | Predict: '8' (Ent: 0.81)
  ⚠️ [Mismatch] Cycle Back predicted '8' (Expected 'g') (Ent: 1.35)
EMNIST:'h' -> MNIST | Predict: '8' (Ent: 1.34)
  ⚠️ [Mismatch] Cycle Back predicted '8' (Expected 'h') (Ent: 1.35)
EMNIST:'i' -> MNIST | Predict: '8' (Ent: 1.52)
  ⚠️ [Mismatch] Cycle Back predicted '8' (Expected 'i') (Ent: 1.35)
EMNIST:'j' -> MNIST | Predict: '8' (Ent: 1.09)
  ⚠️ [Mismatch] Cycle Back predicted '8' (Expected 'j') (Ent: 1.35)
EMNIST:'k' -> MNIST | Predict: '8' (Ent: 1.22)
  ⚠️ [Mismatch] Cycle Back predicted '8' (Expected 'k') (Ent: 1.35)
EMNIST:'l' -> MNIST | Predict: '8' (Ent: 1.06)
  ⚠️ [Mismatch] Cycle Back predicted '8' (Expected 'l') (Ent: 1.35)
EMNIST:'m' -> MNIST | Predict: '8' (Ent: 1.30)
  ⚠️ [Mismatch] Cycle Back predicted '8' (Expected 'm') (Ent: 1.35)
EMNIST:'n' -> MNIST | Predict: '8' (Ent: 1.67)
  ⚠️ [Mismatch] Cycle Back predicted '8' (Expected 'n') (Ent: 1.35)
EMNIST:'o' -> MNIST | Predict: '8' (Ent: 1.45)
  ⚠️ [Mismatch] Cycle Back predicted '8' (Expected 'o') (Ent: 1.35)
EMNIST:'p' -> MNIST | Predict: '8' (Ent: 1.01)
  ⚠️ [Mismatch] Cycle Back predicted '8' (Expected 'p') (Ent: 1.35)
EMNIST:'q' -> MNIST | Predict: '8' (Ent: 0.93)
  ⚠️ [Mismatch] Cycle Back predicted '8' (Expected 'q') (Ent: 1.35)
EMNIST:'r' -> MNIST | Predict: '8' (Ent: 0.95)
  ⚠️ [Mismatch] Cycle Back predicted '8' (Expected 'r') (Ent: 1.35)
EMNIST:'s' -> MNIST | Predict: '8' (Ent: 1.01)
  ⚠️ [Mismatch] Cycle Back predicted '8' (Expected 's') (Ent: 1.35)
EMNIST:'t' -> MNIST | Predict: '8' (Ent: 1.37)
  ⚠️ [Mismatch] Cycle Back predicted '8' (Expected 't') (Ent: 1.35)
EMNIST:'u' -> MNIST | Predict: '8' (Ent: 1.02)
  ⚠️ [Mismatch] Cycle Back predicted '8' (Expected 'u') (Ent: 1.35)
EMNIST:'v' -> MNIST | Predict: '8' (Ent: 1.34)
  ⚠️ [Mismatch] Cycle Back predicted '8' (Expected 'v') (Ent: 1.35)
EMNIST:'w' -> MNIST | Predict: '8' (Ent: 1.08)
  ⚠️ [Mismatch] Cycle Back predicted '8' (Expected 'w') (Ent: 1.35)
EMNIST:'x' -> MNIST | Predict: '8' (Ent: 1.39)
  ⚠️ [Mismatch] Cycle Back predicted '8' (Expected 'x') (Ent: 1.35)
EMNIST:'y' -> MNIST | Predict: '8' (Ent: 1.38)
  ⚠️ [Mismatch] Cycle Back predicted '8' (Expected 'y') (Ent: 1.35)
EMNIST:'z' -> MNIST | Predict: '8' (Ent: 1.27)
  ⚠️ [Mismatch] Cycle Back predicted '8' (Expected 'z') (Ent: 1.35)
EMNIST:'0' -> CIFAR10 | Predict: 'dog' (Ent: 1.81)
  ⚠️ [Mismatch] Cycle Back predicted '8' (Expected '0') (Ent: 2.58)
EMNIST:'1' -> CIFAR10 | Predict: 'dog' (Ent: 1.76)
  ⚠️ [Mismatch] Cycle Back predicted '8' (Expected '1') (Ent: 2.58)
EMNIST:'2' -> CIFAR10 | Predict: 'airplane' (Ent: 1.82)
  ⚠️ [Mismatch] Cycle Back predicted '8' (Expected '2') (Ent: 2.18)
EMNIST:'3' -> CIFAR10 | Predict: 'ship' (Ent: 1.70)
  ⚠️ [Mismatch] Cycle Back predicted 'E' (Expected '3') (Ent: 2.83)
EMNIST:'4' -> CIFAR10 | Predict: 'dog' (Ent: 1.54)
  ⚠️ [Mismatch] Cycle Back predicted '8' (Expected '4') (Ent: 2.58)
EMNIST:'5' -> CIFAR10 | Predict: 'dog' (Ent: 1.85)
  ⚠️ [Mismatch] Cycle Back predicted '8' (Expected '5') (Ent: 2.58)
EMNIST:'6' -> CIFAR10 | Predict: 'dog' (Ent: 1.73)
  ⚠️ [Mismatch] Cycle Back predicted '8' (Expected '6') (Ent: 2.58)
EMNIST:'7' -> CIFAR10 | Predict: 'dog' (Ent: 1.47)
  ⚠️ [Mismatch] Cycle Back predicted '8' (Expected '7') (Ent: 2.58)
EMNIST:'8' -> CIFAR10 | Predict: 'dog' (Ent: 1.53)
  ✅ [Match] EMNIST:'8' <==> CIFAR10:'dog' (Ent: 2.58)
EMNIST:'9' -> CIFAR10 | Predict: 'dog' (Ent: 1.51)
  ⚠️ [Mismatch] Cycle Back predicted '8' (Expected '9') (Ent: 2.58)
EMNIST:'A' -> CIFAR10 | Predict: 'airplane' (Ent: 1.87)
  ⚠️ [Mismatch] Cycle Back predicted '8' (Expected 'A') (Ent: 2.18)
EMNIST:'B' -> CIFAR10 | Predict: 'ship' (Ent: 1.74)
  ⚠️ [Mismatch] Cycle Back predicted 'E' (Expected 'B') (Ent: 2.83)
EMNIST:'C' -> CIFAR10 | Predict: 'ship' (Ent: 1.52)
  ⚠️ [Mismatch] Cycle Back predicted 'E' (Expected 'C') (Ent: 2.83)
EMNIST:'D' -> CIFAR10 | Predict: 'ship' (Ent: 1.57)
  ⚠️ [Mismatch] Cycle Back predicted 'E' (Expected 'D') (Ent: 2.83)
EMNIST:'E' -> CIFAR10 | Predict: 'cat' (Ent: 1.62)
  ⚠️ [Mismatch] Cycle Back predicted '8' (Expected 'E') (Ent: 2.57)
EMNIST:'F' -> CIFAR10 | Predict: 'cat' (Ent: 1.80)
  ⚠️ [Mismatch] Cycle Back predicted '8' (Expected 'F') (Ent: 2.57)
EMNIST:'G' -> CIFAR10 | Predict: 'ship' (Ent: 1.76)
  ⚠️ [Mismatch] Cycle Back predicted 'E' (Expected 'G') (Ent: 2.83)
EMNIST:'H' -> CIFAR10 | Predict: 'ship' (Ent: 1.67)
  ⚠️ [Mismatch] Cycle Back predicted 'E' (Expected 'H') (Ent: 2.83)
EMNIST:'I' -> CIFAR10 | Predict: 'bird' (Ent: 1.92)
  ⚠️ [Mismatch] Cycle Back predicted '0' (Expected 'I') (Ent: 2.36)
EMNIST:'J' -> CIFAR10 | Predict: 'ship' (Ent: 1.87)
  ⚠️ [Mismatch] Cycle Back predicted 'E' (Expected 'J') (Ent: 2.83)
EMNIST:'K' -> CIFAR10 | Predict: 'ship' (Ent: 1.72)
  ⚠️ [Mismatch] Cycle Back predicted 'E' (Expected 'K') (Ent: 2.83)
EMNIST:'L' -> CIFAR10 | Predict: 'ship' (Ent: 1.84)
  ⚠️ [Mismatch] Cycle Back predicted 'E' (Expected 'L') (Ent: 2.83)
EMNIST:'M' -> CIFAR10 | Predict: 'dog' (Ent: 1.80)
  ⚠️ [Mismatch] Cycle Back predicted '8' (Expected 'M') (Ent: 2.58)
EMNIST:'N' -> CIFAR10 | Predict: 'dog' (Ent: 1.56)
  ⚠️ [Mismatch] Cycle Back predicted '8' (Expected 'N') (Ent: 2.58)
EMNIST:'O' -> CIFAR10 | Predict: 'dog' (Ent: 1.88)
  ⚠️ [Mismatch] Cycle Back predicted '8' (Expected 'O') (Ent: 2.58)
EMNIST:'P' -> CIFAR10 | Predict: 'dog' (Ent: 1.69)
  ⚠️ [Mismatch] Cycle Back predicted '8' (Expected 'P') (Ent: 2.58)
EMNIST:'Q' -> CIFAR10 | Predict: 'dog' (Ent: 1.84)
  ⚠️ [Mismatch] Cycle Back predicted '8' (Expected 'Q') (Ent: 2.58)
EMNIST:'R' -> CIFAR10 | Predict: 'airplane' (Ent: 1.78)
  ⚠️ [Mismatch] Cycle Back predicted '8' (Expected 'R') (Ent: 2.18)
EMNIST:'S' -> CIFAR10 ❌ (Uncertain)
EMNIST:'T' -> CIFAR10 | Predict: 'airplane' (Ent: 1.88)
  ⚠️ [Mismatch] Cycle Back predicted '8' (Expected 'T') (Ent: 2.18)
EMNIST:'U' -> CIFAR10 | Predict: 'ship' (Ent: 1.63)
  ⚠️ [Mismatch] Cycle Back predicted 'E' (Expected 'U') (Ent: 2.83)
EMNIST:'V' -> CIFAR10 | Predict: 'bird' (Ent: 1.34)
  ⚠️ [Mismatch] Cycle Back predicted '0' (Expected 'V') (Ent: 2.36)
EMNIST:'W' -> CIFAR10 | Predict: 'dog' (Ent: 1.42)
  ⚠️ [Mismatch] Cycle Back predicted '8' (Expected 'W') (Ent: 2.58)
EMNIST:'X' -> CIFAR10 | Predict: 'cat' (Ent: 1.60)
  ⚠️ [Mismatch] Cycle Back predicted '8' (Expected 'X') (Ent: 2.57)
EMNIST:'Y' -> CIFAR10 | Predict: 'cat' (Ent: 1.89)
  ⚠️ [Mismatch] Cycle Back predicted '8' (Expected 'Y') (Ent: 2.57)
EMNIST:'Z' -> CIFAR10 | Predict: 'ship' (Ent: 1.91)
  ⚠️ [Mismatch] Cycle Back predicted 'E' (Expected 'Z') (Ent: 2.83)
EMNIST:'a' -> CIFAR10 | Predict: 'airplane' (Ent: 1.87)
  ⚠️ [Mismatch] Cycle Back predicted '8' (Expected 'a') (Ent: 2.18)
EMNIST:'b' -> CIFAR10 | Predict: 'ship' (Ent: 1.74)
  ⚠️ [Mismatch] Cycle Back predicted 'E' (Expected 'b') (Ent: 2.83)
EMNIST:'c' -> CIFAR10 | Predict: 'ship' (Ent: 1.52)
  ⚠️ [Mismatch] Cycle Back predicted 'E' (Expected 'c') (Ent: 2.83)
EMNIST:'d' -> CIFAR10 | Predict: 'ship' (Ent: 1.57)
  ⚠️ [Mismatch] Cycle Back predicted 'E' (Expected 'd') (Ent: 2.83)
EMNIST:'e' -> CIFAR10 | Predict: 'cat' (Ent: 1.62)
  ⚠️ [Mismatch] Cycle Back predicted '8' (Expected 'e') (Ent: 2.57)
EMNIST:'f' -> CIFAR10 | Predict: 'cat' (Ent: 1.80)
  ⚠️ [Mismatch] Cycle Back predicted '8' (Expected 'f') (Ent: 2.57)
EMNIST:'g' -> CIFAR10 | Predict: 'ship' (Ent: 1.76)
  ⚠️ [Mismatch] Cycle Back predicted 'E' (Expected 'g') (Ent: 2.83)
EMNIST:'h' -> CIFAR10 | Predict: 'ship' (Ent: 1.67)
  ⚠️ [Mismatch] Cycle Back predicted 'E' (Expected 'h') (Ent: 2.83)
EMNIST:'i' -> CIFAR10 | Predict: 'bird' (Ent: 1.92)
  ⚠️ [Mismatch] Cycle Back predicted '0' (Expected 'i') (Ent: 2.36)
EMNIST:'j' -> CIFAR10 | Predict: 'ship' (Ent: 1.87)
  ⚠️ [Mismatch] Cycle Back predicted 'E' (Expected 'j') (Ent: 2.83)
EMNIST:'k' -> CIFAR10 | Predict: 'ship' (Ent: 1.72)
  ⚠️ [Mismatch] Cycle Back predicted 'E' (Expected 'k') (Ent: 2.83)
EMNIST:'l' -> CIFAR10 | Predict: 'ship' (Ent: 1.84)
  ⚠️ [Mismatch] Cycle Back predicted 'E' (Expected 'l') (Ent: 2.83)
EMNIST:'m' -> CIFAR10 | Predict: 'dog' (Ent: 1.80)
  ⚠️ [Mismatch] Cycle Back predicted '8' (Expected 'm') (Ent: 2.58)
EMNIST:'n' -> CIFAR10 | Predict: 'dog' (Ent: 1.56)
  ⚠️ [Mismatch] Cycle Back predicted '8' (Expected 'n') (Ent: 2.58)
EMNIST:'o' -> CIFAR10 | Predict: 'dog' (Ent: 1.88)
  ⚠️ [Mismatch] Cycle Back predicted '8' (Expected 'o') (Ent: 2.58)
EMNIST:'p' -> CIFAR10 | Predict: 'dog' (Ent: 1.69)
  ⚠️ [Mismatch] Cycle Back predicted '8' (Expected 'p') (Ent: 2.58)
EMNIST:'q' -> CIFAR10 | Predict: 'dog' (Ent: 1.84)
  ⚠️ [Mismatch] Cycle Back predicted '8' (Expected 'q') (Ent: 2.58)
EMNIST:'r' -> CIFAR10 | Predict: 'airplane' (Ent: 1.78)
  ⚠️ [Mismatch] Cycle Back predicted '8' (Expected 'r') (Ent: 2.18)
EMNIST:'s' -> CIFAR10 ❌ (Uncertain)
EMNIST:'t' -> CIFAR10 | Predict: 'airplane' (Ent: 1.88)
  ⚠️ [Mismatch] Cycle Back predicted '8' (Expected 't') (Ent: 2.18)
EMNIST:'u' -> CIFAR10 | Predict: 'ship' (Ent: 1.63)
  ⚠️ [Mismatch] Cycle Back predicted 'E' (Expected 'u') (Ent: 2.83)
EMNIST:'v' -> CIFAR10 | Predict: 'bird' (Ent: 1.34)
  ⚠️ [Mismatch] Cycle Back predicted '0' (Expected 'v') (Ent: 2.36)
EMNIST:'w' -> CIFAR10 | Predict: 'dog' (Ent: 1.42)
  ⚠️ [Mismatch] Cycle Back predicted '8' (Expected 'w') (Ent: 2.58)
EMNIST:'x' -> CIFAR10 | Predict: 'cat' (Ent: 1.60)
  ⚠️ [Mismatch] Cycle Back predicted '8' (Expected 'x') (Ent: 2.57)
EMNIST:'y' -> CIFAR10 | Predict: 'cat' (Ent: 1.89)
  ⚠️ [Mismatch] Cycle Back predicted '8' (Expected 'y') (Ent: 2.57)
EMNIST:'z' -> CIFAR10 | Predict: 'ship' (Ent: 1.91)
  ⚠️ [Mismatch] Cycle Back predicted 'E' (Expected 'z') (Ent: 2.83)
CIFAR10:'automobile' -> MNIST | Predict: '8' (Ent: 1.50)
  ⚠️ [Mismatch] Cycle Back predicted 'dog' (Expected 'automobile') (Ent: 0.81)
CIFAR10:'bird' -> MNIST | Predict: '8' (Ent: 1.69)
  ⚠️ [Mismatch] Cycle Back predicted 'dog' (Expected 'bird') (Ent: 0.81)
CIFAR10:'deer' -> MNIST | Predict: '8' (Ent: 1.36)
  ⚠️ [Mismatch] Cycle Back predicted 'dog' (Expected 'deer') (Ent: 0.81)
CIFAR10:'frog' -> MNIST | Predict: '8' (Ent: 1.54)
  ⚠️ [Mismatch] Cycle Back predicted 'dog' (Expected 'frog') (Ent: 0.81)
CIFAR10:'horse' -> MNIST | Predict: '8' (Ent: 1.40)
  ⚠️ [Mismatch] Cycle Back predicted 'dog' (Expected 'horse') (Ent: 0.81)
CIFAR10:'truck' -> MNIST | Predict: '8' (Ent: 1.13)
  ⚠️ [Mismatch] Cycle Back predicted 'dog' (Expected 'truck') (Ent: 0.81)
CIFAR10:'automobile' -> EMNIST | Predict: '8' (Ent: 2.71)
  ⚠️ [Mismatch] Cycle Back predicted 'dog' (Expected 'automobile') (Ent: 1.53)
CIFAR10:'deer' -> EMNIST | Predict: '8' (Ent: 2.44)
  ⚠️ [Mismatch] Cycle Back predicted 'dog' (Expected 'deer') (Ent: 1.53)
CIFAR10:'frog' -> EMNIST | Predict: '8' (Ent: 2.29)
  ⚠️ [Mismatch] Cycle Back predicted 'dog' (Expected 'frog') (Ent: 1.53)
CIFAR10:'horse' -> EMNIST | Predict: '0' (Ent: 2.73)
  ⚠️ [Mismatch] Cycle Back predicted 'dog' (Expected 'horse') (Ent: 1.81)
CIFAR10:'truck' -> EMNIST | Predict: '8' (Ent: 2.64)
  ⚠️ [Mismatch] Cycle Back predicted 'dog' (Expected 'truck') (Ent: 1.53)
Exp (Syn): New Gen + New Ent (0.9)
dynamic_entropy_ratio: 0.9
MNIST:'0' -> EMNIST | Predict: '0' (Ent: 1.87)
  ⚠️ [Mismatch] Cycle Back predicted '8' (Expected '0') (Ent: 1.49)
MNIST:'1' -> EMNIST | Predict: '8' (Ent: 2.90)
  ⚠️ [Mismatch] Cycle Back predicted '8' (Expected '1') (Ent: 0.91)
MNIST:'2' -> EMNIST | Predict: '0' (Ent: 2.57)
  ⚠️ [Mismatch] Cycle Back predicted '8' (Expected '2') (Ent: 1.49)
MNIST:'3' -> EMNIST | Predict: '3' (Ent: 1.83)
  ⚠️ [Mismatch] Cycle Back predicted '8' (Expected '3') (Ent: 1.08)
MNIST:'4' -> EMNIST | Predict: '0' (Ent: 2.80)
  ⚠️ [Mismatch] Cycle Back predicted '8' (Expected '4') (Ent: 1.49)
MNIST:'5' -> EMNIST | Predict: '0' (Ent: 2.55)
  ⚠️ [Mismatch] Cycle Back predicted '8' (Expected '5') (Ent: 1.49)
MNIST:'6' -> EMNIST | Predict: '6' (Ent: 1.99)
  ⚠️ [Mismatch] Cycle Back predicted '8' (Expected '6') (Ent: 0.82)
MNIST:'7' -> EMNIST | Predict: '0' (Ent: 2.86)
  ⚠️ [Mismatch] Cycle Back predicted '8' (Expected '7') (Ent: 1.49)
MNIST:'8' -> EMNIST | Predict: '8' (Ent: 1.35)
  ✅ [Match] MNIST:'8' <==> EMNIST:'8' (Ent: 0.91)
MNIST:'9' -> EMNIST | Predict: '0' (Ent: 2.55)
  ⚠️ [Mismatch] Cycle Back predicted '8' (Expected '9') (Ent: 1.49)
MNIST:'0' -> CIFAR10 | Predict: 'ship' (Ent: 1.62)
  ⚠️ [Mismatch] Cycle Back predicted '8' (Expected '0') (Ent: 1.02)
MNIST:'1' -> CIFAR10 | Predict: 'dog' (Ent: 1.49)
  ⚠️ [Mismatch] Cycle Back predicted '8' (Expected '1') (Ent: 1.67)
MNIST:'2' -> CIFAR10 | Predict: 'airplane' (Ent: 1.65)
  ⚠️ [Mismatch] Cycle Back predicted '8' (Expected '2') (Ent: 1.52)
MNIST:'3' -> CIFAR10 | Predict: 'ship' (Ent: 1.54)
  ⚠️ [Mismatch] Cycle Back predicted '8' (Expected '3') (Ent: 1.02)
MNIST:'4' -> CIFAR10 | Predict: 'airplane' (Ent: 1.77)
  ⚠️ [Mismatch] Cycle Back predicted '8' (Expected '4') (Ent: 1.52)
MNIST:'5' -> CIFAR10 | Predict: 'ship' (Ent: 1.53)
  ⚠️ [Mismatch] Cycle Back predicted '8' (Expected '5') (Ent: 1.02)
MNIST:'6' -> CIFAR10 | Predict: 'dog' (Ent: 1.29)
  ⚠️ [Mismatch] Cycle Back predicted '8' (Expected '6') (Ent: 1.67)
MNIST:'7' -> CIFAR10 | Predict: 'cat' (Ent: 1.65)
  ⚠️ [Mismatch] Cycle Back predicted '8' (Expected '7') (Ent: 1.45)
MNIST:'8' -> CIFAR10 | Predict: 'dog' (Ent: 0.81)
  ✅ [Match] MNIST:'8' <==> CIFAR10:'dog' (Ent: 1.67)
MNIST:'9' -> CIFAR10 | Predict: 'dog' (Ent: 1.81)
  ⚠️ [Mismatch] Cycle Back predicted '8' (Expected '9') (Ent: 1.67)
EMNIST:'1' -> MNIST | Predict: '8' (Ent: 1.43)
  ⚠️ [Mismatch] Cycle Back predicted '8' (Expected '1') (Ent: 1.35)
EMNIST:'2' -> MNIST | Predict: '8' (Ent: 1.07)
  ⚠️ [Mismatch] Cycle Back predicted '8' (Expected '2') (Ent: 1.35)
EMNIST:'4' -> MNIST | Predict: '8' (Ent: 1.63)
  ⚠️ [Mismatch] Cycle Back predicted '8' (Expected '4') (Ent: 1.35)
EMNIST:'5' -> MNIST | Predict: '8' (Ent: 0.65)
  ⚠️ [Mismatch] Cycle Back predicted '8' (Expected '5') (Ent: 1.35)
EMNIST:'7' -> MNIST | Predict: '8' (Ent: 1.04)
  ⚠️ [Mismatch] Cycle Back predicted '8' (Expected '7') (Ent: 1.35)
EMNIST:'9' -> MNIST | Predict: '8' (Ent: 0.66)
  ⚠️ [Mismatch] Cycle Back predicted '8' (Expected '9') (Ent: 1.35)
EMNIST:'A' -> MNIST | Predict: '8' (Ent: 1.39)
  ⚠️ [Mismatch] Cycle Back predicted '8' (Expected 'A') (Ent: 1.35)
EMNIST:'B' -> MNIST | Predict: '8' (Ent: 1.45)
  ⚠️ [Mismatch] Cycle Back predicted '8' (Expected 'B') (Ent: 1.35)
EMNIST:'C' -> MNIST | Predict: '8' (Ent: 1.22)
  ⚠️ [Mismatch] Cycle Back predicted '8' (Expected 'C') (Ent: 1.35)
EMNIST:'D' -> MNIST | Predict: '8' (Ent: 1.52)
  ⚠️ [Mismatch] Cycle Back predicted '8' (Expected 'D') (Ent: 1.35)
EMNIST:'E' -> MNIST | Predict: '8' (Ent: 1.55)
  ⚠️ [Mismatch] Cycle Back predicted '8' (Expected 'E') (Ent: 1.35)
EMNIST:'F' -> MNIST | Predict: '8' (Ent: 1.38)
  ⚠️ [Mismatch] Cycle Back predicted '8' (Expected 'F') (Ent: 1.35)
EMNIST:'G' -> MNIST | Predict: '8' (Ent: 1.33)
  ⚠️ [Mismatch] Cycle Back predicted '8' (Expected 'G') (Ent: 1.35)
EMNIST:'H' -> MNIST | Predict: '8' (Ent: 1.34)
  ⚠️ [Mismatch] Cycle Back predicted '8' (Expected 'H') (Ent: 1.35)
EMNIST:'I' -> MNIST | Predict: '8' (Ent: 1.52)
  ⚠️ [Mismatch] Cycle Back predicted '8' (Expected 'I') (Ent: 1.35)
EMNIST:'J' -> MNIST | Predict: '8' (Ent: 1.09)
  ⚠️ [Mismatch] Cycle Back predicted '8' (Expected 'J') (Ent: 1.35)
EMNIST:'K' -> MNIST | Predict: '8' (Ent: 1.22)
  ⚠️ [Mismatch] Cycle Back predicted '8' (Expected 'K') (Ent: 1.35)
EMNIST:'L' -> MNIST | Predict: '8' (Ent: 1.46)
  ⚠️ [Mismatch] Cycle Back predicted '8' (Expected 'L') (Ent: 1.35)
EMNIST:'M' -> MNIST | Predict: '8' (Ent: 1.49)
  ⚠️ [Mismatch] Cycle Back predicted '8' (Expected 'M') (Ent: 1.35)
EMNIST:'N' -> MNIST | Predict: '8' (Ent: 1.67)
  ⚠️ [Mismatch] Cycle Back predicted '8' (Expected 'N') (Ent: 1.35)
EMNIST:'O' -> MNIST | Predict: '8' (Ent: 1.45)
  ⚠️ [Mismatch] Cycle Back predicted '8' (Expected 'O') (Ent: 1.35)
EMNIST:'P' -> MNIST | Predict: '8' (Ent: 1.24)
  ⚠️ [Mismatch] Cycle Back predicted '8' (Expected 'P') (Ent: 1.35)
EMNIST:'Q' -> MNIST | Predict: '8' (Ent: 0.93)
  ⚠️ [Mismatch] Cycle Back predicted '8' (Expected 'Q') (Ent: 1.35)
EMNIST:'R' -> MNIST | Predict: '8' (Ent: 0.95)
  ⚠️ [Mismatch] Cycle Back predicted '8' (Expected 'R') (Ent: 1.35)
EMNIST:'S' -> MNIST | Predict: '8' (Ent: 1.01)
  ⚠️ [Mismatch] Cycle Back predicted '8' (Expected 'S') (Ent: 1.35)
EMNIST:'T' -> MNIST | Predict: '8' (Ent: 1.37)
  ⚠️ [Mismatch] Cycle Back predicted '8' (Expected 'T') (Ent: 1.35)
EMNIST:'U' -> MNIST | Predict: '8' (Ent: 1.31)
  ⚠️ [Mismatch] Cycle Back predicted '8' (Expected 'U') (Ent: 1.35)
EMNIST:'V' -> MNIST | Predict: '8' (Ent: 1.56)
  ⚠️ [Mismatch] Cycle Back predicted '8' (Expected 'V') (Ent: 1.35)
EMNIST:'W' -> MNIST | Predict: '8' (Ent: 1.45)
  ⚠️ [Mismatch] Cycle Back predicted '8' (Expected 'W') (Ent: 1.35)
EMNIST:'X' -> MNIST | Predict: '8' (Ent: 1.39)
  ⚠️ [Mismatch] Cycle Back predicted '8' (Expected 'X') (Ent: 1.35)
EMNIST:'Y' -> MNIST | Predict: '8' (Ent: 1.38)
  ⚠️ [Mismatch] Cycle Back predicted '8' (Expected 'Y') (Ent: 1.35)
EMNIST:'Z' -> MNIST | Predict: '8' (Ent: 1.44)
  ⚠️ [Mismatch] Cycle Back predicted '8' (Expected 'Z') (Ent: 1.35)
EMNIST:'a' -> MNIST | Predict: '8' (Ent: 1.39)
  ⚠️ [Mismatch] Cycle Back predicted '8' (Expected 'a') (Ent: 1.35)
EMNIST:'b' -> MNIST | Predict: '8' (Ent: 1.45)
  ⚠️ [Mismatch] Cycle Back predicted '8' (Expected 'b') (Ent: 1.35)
EMNIST:'c' -> MNIST | Predict: '8' (Ent: 1.22)
  ⚠️ [Mismatch] Cycle Back predicted '8' (Expected 'c') (Ent: 1.35)
EMNIST:'d' -> MNIST | Predict: '8' (Ent: 1.52)
  ⚠️ [Mismatch] Cycle Back predicted '8' (Expected 'd') (Ent: 1.35)
EMNIST:'e' -> MNIST | Predict: '8' (Ent: 1.55)
  ⚠️ [Mismatch] Cycle Back predicted '8' (Expected 'e') (Ent: 1.35)
EMNIST:'f' -> MNIST | Predict: '8' (Ent: 1.38)
  ⚠️ [Mismatch] Cycle Back predicted '8' (Expected 'f') (Ent: 1.35)
EMNIST:'g' -> MNIST | Predict: '8' (Ent: 1.33)
  ⚠️ [Mismatch] Cycle Back predicted '8' (Expected 'g') (Ent: 1.35)
EMNIST:'h' -> MNIST | Predict: '8' (Ent: 1.34)
  ⚠️ [Mismatch] Cycle Back predicted '8' (Expected 'h') (Ent: 1.35)
EMNIST:'i' -> MNIST | Predict: '8' (Ent: 1.52)
  ⚠️ [Mismatch] Cycle Back predicted '8' (Expected 'i') (Ent: 1.35)
EMNIST:'j' -> MNIST | Predict: '8' (Ent: 1.09)
  ⚠️ [Mismatch] Cycle Back predicted '8' (Expected 'j') (Ent: 1.35)
EMNIST:'k' -> MNIST | Predict: '8' (Ent: 1.22)
  ⚠️ [Mismatch] Cycle Back predicted '8' (Expected 'k') (Ent: 1.35)
EMNIST:'l' -> MNIST | Predict: '8' (Ent: 1.46)
  ⚠️ [Mismatch] Cycle Back predicted '8' (Expected 'l') (Ent: 1.35)
EMNIST:'m' -> MNIST | Predict: '8' (Ent: 1.49)
  ⚠️ [Mismatch] Cycle Back predicted '8' (Expected 'm') (Ent: 1.35)
EMNIST:'n' -> MNIST | Predict: '8' (Ent: 1.67)
  ⚠️ [Mismatch] Cycle Back predicted '8' (Expected 'n') (Ent: 1.35)
EMNIST:'o' -> MNIST | Predict: '8' (Ent: 1.45)
  ⚠️ [Mismatch] Cycle Back predicted '8' (Expected 'o') (Ent: 1.35)
EMNIST:'p' -> MNIST | Predict: '8' (Ent: 1.24)
  ⚠️ [Mismatch] Cycle Back predicted '8' (Expected 'p') (Ent: 1.35)
EMNIST:'q' -> MNIST | Predict: '8' (Ent: 0.93)
  ⚠️ [Mismatch] Cycle Back predicted '8' (Expected 'q') (Ent: 1.35)
EMNIST:'r' -> MNIST | Predict: '8' (Ent: 0.95)
  ⚠️ [Mismatch] Cycle Back predicted '8' (Expected 'r') (Ent: 1.35)
EMNIST:'s' -> MNIST | Predict: '8' (Ent: 1.01)
  ⚠️ [Mismatch] Cycle Back predicted '8' (Expected 's') (Ent: 1.35)
EMNIST:'t' -> MNIST | Predict: '8' (Ent: 1.37)
  ⚠️ [Mismatch] Cycle Back predicted '8' (Expected 't') (Ent: 1.35)
EMNIST:'u' -> MNIST | Predict: '8' (Ent: 1.31)
  ⚠️ [Mismatch] Cycle Back predicted '8' (Expected 'u') (Ent: 1.35)
EMNIST:'v' -> MNIST | Predict: '8' (Ent: 1.56)
  ⚠️ [Mismatch] Cycle Back predicted '8' (Expected 'v') (Ent: 1.35)
EMNIST:'w' -> MNIST | Predict: '8' (Ent: 1.45)
  ⚠️ [Mismatch] Cycle Back predicted '8' (Expected 'w') (Ent: 1.35)
EMNIST:'x' -> MNIST | Predict: '8' (Ent: 1.39)
  ⚠️ [Mismatch] Cycle Back predicted '8' (Expected 'x') (Ent: 1.35)
EMNIST:'y' -> MNIST | Predict: '8' (Ent: 1.38)
  ⚠️ [Mismatch] Cycle Back predicted '8' (Expected 'y') (Ent: 1.35)
EMNIST:'z' -> MNIST | Predict: '8' (Ent: 1.44)
  ⚠️ [Mismatch] Cycle Back predicted '8' (Expected 'z') (Ent: 1.35)
EMNIST:'0' -> CIFAR10 | Predict: 'dog' (Ent: 1.81)
  ⚠️ [Mismatch] Cycle Back predicted '8' (Expected '0') (Ent: 2.58)
EMNIST:'1' -> CIFAR10 | Predict: 'dog' (Ent: 1.76)
  ⚠️ [Mismatch] Cycle Back predicted '8' (Expected '1') (Ent: 2.58)
EMNIST:'2' -> CIFAR10 | Predict: 'airplane' (Ent: 1.82)
  ⚠️ [Mismatch] Cycle Back predicted '8' (Expected '2') (Ent: 2.18)
EMNIST:'3' -> CIFAR10 | Predict: 'ship' (Ent: 1.70)
  ⚠️ [Mismatch] Cycle Back predicted 'E' (Expected '3') (Ent: 2.83)
EMNIST:'4' -> CIFAR10 | Predict: 'dog' (Ent: 1.54)
  ⚠️ [Mismatch] Cycle Back predicted '8' (Expected '4') (Ent: 2.58)
EMNIST:'5' -> CIFAR10 | Predict: 'dog' (Ent: 1.85)
  ⚠️ [Mismatch] Cycle Back predicted '8' (Expected '5') (Ent: 2.58)
EMNIST:'6' -> CIFAR10 | Predict: 'dog' (Ent: 1.73)
  ⚠️ [Mismatch] Cycle Back predicted '8' (Expected '6') (Ent: 2.58)
EMNIST:'7' -> CIFAR10 | Predict: 'dog' (Ent: 1.47)
  ⚠️ [Mismatch] Cycle Back predicted '8' (Expected '7') (Ent: 2.58)
EMNIST:'8' -> CIFAR10 | Predict: 'dog' (Ent: 1.53)
  ✅ [Match] EMNIST:'8' <==> CIFAR10:'dog' (Ent: 2.58)
EMNIST:'9' -> CIFAR10 | Predict: 'dog' (Ent: 1.67)
  ⚠️ [Mismatch] Cycle Back predicted '8' (Expected '9') (Ent: 2.58)
EMNIST:'A' -> CIFAR10 | Predict: 'airplane' (Ent: 1.87)
  ⚠️ [Mismatch] Cycle Back predicted '8' (Expected 'A') (Ent: 2.18)
EMNIST:'B' -> CIFAR10 | Predict: 'ship' (Ent: 1.74)
  ⚠️ [Mismatch] Cycle Back predicted 'E' (Expected 'B') (Ent: 2.83)
EMNIST:'C' -> CIFAR10 | Predict: 'ship' (Ent: 1.52)
  ⚠️ [Mismatch] Cycle Back predicted 'E' (Expected 'C') (Ent: 2.83)
EMNIST:'D' -> CIFAR10 | Predict: 'ship' (Ent: 1.68)
  ⚠️ [Mismatch] Cycle Back predicted 'E' (Expected 'D') (Ent: 2.83)
EMNIST:'E' -> CIFAR10 | Predict: 'cat' (Ent: 1.62)
  ⚠️ [Mismatch] Cycle Back predicted '8' (Expected 'E') (Ent: 2.57)
EMNIST:'F' -> CIFAR10 | Predict: 'cat' (Ent: 1.80)
  ⚠️ [Mismatch] Cycle Back predicted '8' (Expected 'F') (Ent: 2.57)
EMNIST:'G' -> CIFAR10 | Predict: 'ship' (Ent: 1.76)
  ⚠️ [Mismatch] Cycle Back predicted 'E' (Expected 'G') (Ent: 2.83)
EMNIST:'H' -> CIFAR10 | Predict: 'ship' (Ent: 1.67)
  ⚠️ [Mismatch] Cycle Back predicted 'E' (Expected 'H') (Ent: 2.83)
EMNIST:'I' -> CIFAR10 | Predict: 'bird' (Ent: 1.92)
  ⚠️ [Mismatch] Cycle Back predicted '0' (Expected 'I') (Ent: 2.36)
EMNIST:'J' -> CIFAR10 | Predict: 'ship' (Ent: 1.87)
  ⚠️ [Mismatch] Cycle Back predicted 'E' (Expected 'J') (Ent: 2.83)
EMNIST:'K' -> CIFAR10 | Predict: 'ship' (Ent: 1.72)
  ⚠️ [Mismatch] Cycle Back predicted 'E' (Expected 'K') (Ent: 2.83)
EMNIST:'L' -> CIFAR10 | Predict: 'ship' (Ent: 1.84)
  ⚠️ [Mismatch] Cycle Back predicted 'E' (Expected 'L') (Ent: 2.83)
EMNIST:'M' -> CIFAR10 | Predict: 'dog' (Ent: 1.80)
  ⚠️ [Mismatch] Cycle Back predicted '8' (Expected 'M') (Ent: 2.58)
EMNIST:'N' -> CIFAR10 | Predict: 'dog' (Ent: 1.56)
  ⚠️ [Mismatch] Cycle Back predicted '8' (Expected 'N') (Ent: 2.58)
EMNIST:'O' -> CIFAR10 | Predict: 'dog' (Ent: 1.88)
  ⚠️ [Mismatch] Cycle Back predicted '8' (Expected 'O') (Ent: 2.58)
EMNIST:'P' -> CIFAR10 | Predict: 'dog' (Ent: 1.69)
  ⚠️ [Mismatch] Cycle Back predicted '8' (Expected 'P') (Ent: 2.58)
EMNIST:'Q' -> CIFAR10 | Predict: 'dog' (Ent: 1.84)
  ⚠️ [Mismatch] Cycle Back predicted '8' (Expected 'Q') (Ent: 2.58)
EMNIST:'R' -> CIFAR10 | Predict: 'airplane' (Ent: 1.78)
  ⚠️ [Mismatch] Cycle Back predicted '8' (Expected 'R') (Ent: 2.18)
EMNIST:'S' -> CIFAR10 | Predict: 'ship' (Ent: 1.97)
  ⚠️ [Mismatch] Cycle Back predicted 'E' (Expected 'S') (Ent: 2.83)
EMNIST:'T' -> CIFAR10 | Predict: 'airplane' (Ent: 1.93)
  ⚠️ [Mismatch] Cycle Back predicted '8' (Expected 'T') (Ent: 2.18)
EMNIST:'U' -> CIFAR10 | Predict: 'ship' (Ent: 1.63)
  ⚠️ [Mismatch] Cycle Back predicted 'E' (Expected 'U') (Ent: 2.83)
EMNIST:'V' -> CIFAR10 | Predict: 'bird' (Ent: 1.34)
  ⚠️ [Mismatch] Cycle Back predicted '0' (Expected 'V') (Ent: 2.36)
EMNIST:'W' -> CIFAR10 | Predict: 'dog' (Ent: 1.42)
  ⚠️ [Mismatch] Cycle Back predicted '8' (Expected 'W') (Ent: 2.58)
EMNIST:'X' -> CIFAR10 | Predict: 'cat' (Ent: 1.60)
  ⚠️ [Mismatch] Cycle Back predicted '8' (Expected 'X') (Ent: 2.57)
EMNIST:'Y' -> CIFAR10 | Predict: 'cat' (Ent: 1.89)
  ⚠️ [Mismatch] Cycle Back predicted '8' (Expected 'Y') (Ent: 2.57)
EMNIST:'Z' -> CIFAR10 | Predict: 'ship' (Ent: 1.91)
  ⚠️ [Mismatch] Cycle Back predicted 'E' (Expected 'Z') (Ent: 2.83)
EMNIST:'a' -> CIFAR10 | Predict: 'airplane' (Ent: 1.87)
  ⚠️ [Mismatch] Cycle Back predicted '8' (Expected 'a') (Ent: 2.18)
EMNIST:'b' -> CIFAR10 | Predict: 'ship' (Ent: 1.74)
  ⚠️ [Mismatch] Cycle Back predicted 'E' (Expected 'b') (Ent: 2.83)
EMNIST:'c' -> CIFAR10 | Predict: 'ship' (Ent: 1.52)
  ⚠️ [Mismatch] Cycle Back predicted 'E' (Expected 'c') (Ent: 2.83)
EMNIST:'d' -> CIFAR10 | Predict: 'ship' (Ent: 1.68)
  ⚠️ [Mismatch] Cycle Back predicted 'E' (Expected 'd') (Ent: 2.83)
EMNIST:'e' -> CIFAR10 | Predict: 'cat' (Ent: 1.62)
  ⚠️ [Mismatch] Cycle Back predicted '8' (Expected 'e') (Ent: 2.57)
EMNIST:'f' -> CIFAR10 | Predict: 'cat' (Ent: 1.80)
  ⚠️ [Mismatch] Cycle Back predicted '8' (Expected 'f') (Ent: 2.57)
EMNIST:'g' -> CIFAR10 | Predict: 'ship' (Ent: 1.76)
  ⚠️ [Mismatch] Cycle Back predicted 'E' (Expected 'g') (Ent: 2.83)
EMNIST:'h' -> CIFAR10 | Predict: 'ship' (Ent: 1.67)
  ⚠️ [Mismatch] Cycle Back predicted 'E' (Expected 'h') (Ent: 2.83)
EMNIST:'i' -> CIFAR10 | Predict: 'bird' (Ent: 1.92)
  ⚠️ [Mismatch] Cycle Back predicted '0' (Expected 'i') (Ent: 2.36)
EMNIST:'j' -> CIFAR10 | Predict: 'ship' (Ent: 1.87)
  ⚠️ [Mismatch] Cycle Back predicted 'E' (Expected 'j') (Ent: 2.83)
EMNIST:'k' -> CIFAR10 | Predict: 'ship' (Ent: 1.72)
  ⚠️ [Mismatch] Cycle Back predicted 'E' (Expected 'k') (Ent: 2.83)
EMNIST:'l' -> CIFAR10 | Predict: 'ship' (Ent: 1.84)
  ⚠️ [Mismatch] Cycle Back predicted 'E' (Expected 'l') (Ent: 2.83)
EMNIST:'m' -> CIFAR10 | Predict: 'dog' (Ent: 1.80)
  ⚠️ [Mismatch] Cycle Back predicted '8' (Expected 'm') (Ent: 2.58)
EMNIST:'n' -> CIFAR10 | Predict: 'dog' (Ent: 1.56)
  ⚠️ [Mismatch] Cycle Back predicted '8' (Expected 'n') (Ent: 2.58)
EMNIST:'o' -> CIFAR10 | Predict: 'dog' (Ent: 1.88)
  ⚠️ [Mismatch] Cycle Back predicted '8' (Expected 'o') (Ent: 2.58)
EMNIST:'p' -> CIFAR10 | Predict: 'dog' (Ent: 1.69)
  ⚠️ [Mismatch] Cycle Back predicted '8' (Expected 'p') (Ent: 2.58)
EMNIST:'q' -> CIFAR10 | Predict: 'dog' (Ent: 1.84)
  ⚠️ [Mismatch] Cycle Back predicted '8' (Expected 'q') (Ent: 2.58)
EMNIST:'r' -> CIFAR10 | Predict: 'airplane' (Ent: 1.78)
  ⚠️ [Mismatch] Cycle Back predicted '8' (Expected 'r') (Ent: 2.18)
EMNIST:'s' -> CIFAR10 | Predict: 'ship' (Ent: 1.97)
  ⚠️ [Mismatch] Cycle Back predicted 'E' (Expected 's') (Ent: 2.83)
EMNIST:'t' -> CIFAR10 | Predict: 'airplane' (Ent: 1.93)
  ⚠️ [Mismatch] Cycle Back predicted '8' (Expected 't') (Ent: 2.18)
EMNIST:'u' -> CIFAR10 | Predict: 'ship' (Ent: 1.63)
  ⚠️ [Mismatch] Cycle Back predicted 'E' (Expected 'u') (Ent: 2.83)
EMNIST:'v' -> CIFAR10 | Predict: 'bird' (Ent: 1.34)
  ⚠️ [Mismatch] Cycle Back predicted '0' (Expected 'v') (Ent: 2.36)
EMNIST:'w' -> CIFAR10 | Predict: 'dog' (Ent: 1.42)
  ⚠️ [Mismatch] Cycle Back predicted '8' (Expected 'w') (Ent: 2.58)
EMNIST:'x' -> CIFAR10 | Predict: 'cat' (Ent: 1.60)
  ⚠️ [Mismatch] Cycle Back predicted '8' (Expected 'x') (Ent: 2.57)
EMNIST:'y' -> CIFAR10 | Predict: 'cat' (Ent: 1.89)
  ⚠️ [Mismatch] Cycle Back predicted '8' (Expected 'y') (Ent: 2.57)
EMNIST:'z' -> CIFAR10 | Predict: 'ship' (Ent: 1.91)
  ⚠️ [Mismatch] Cycle Back predicted 'E' (Expected 'z') (Ent: 2.83)
CIFAR10:'automobile' -> MNIST | Predict: '8' (Ent: 1.50)
  ⚠️ [Mismatch] Cycle Back predicted 'dog' (Expected 'automobile') (Ent: 0.81)
CIFAR10:'bird' -> MNIST | Predict: '8' (Ent: 1.69)
  ⚠️ [Mismatch] Cycle Back predicted 'dog' (Expected 'bird') (Ent: 0.81)
CIFAR10:'deer' -> MNIST | Predict: '8' (Ent: 1.36)
  ⚠️ [Mismatch] Cycle Back predicted 'dog' (Expected 'deer') (Ent: 0.81)
CIFAR10:'frog' -> MNIST | Predict: '8' (Ent: 1.54)
  ⚠️ [Mismatch] Cycle Back predicted 'dog' (Expected 'frog') (Ent: 0.81)
CIFAR10:'horse' -> MNIST | Predict: '8' (Ent: 1.40)
  ⚠️ [Mismatch] Cycle Back predicted 'dog' (Expected 'horse') (Ent: 0.81)
CIFAR10:'truck' -> MNIST | Predict: '8' (Ent: 1.35)
  ⚠️ [Mismatch] Cycle Back predicted 'dog' (Expected 'truck') (Ent: 0.81)
CIFAR10:'automobile' -> EMNIST | Predict: '8' (Ent: 2.71)
  ⚠️ [Mismatch] Cycle Back predicted 'dog' (Expected 'automobile') (Ent: 1.53)
CIFAR10:'deer' -> EMNIST | Predict: '8' (Ent: 2.44)
  ⚠️ [Mismatch] Cycle Back predicted 'dog' (Expected 'deer') (Ent: 1.53)
CIFAR10:'frog' -> EMNIST | Predict: '8' (Ent: 2.59)
  ⚠️ [Mismatch] Cycle Back predicted 'dog' (Expected 'frog') (Ent: 1.53)
CIFAR10:'horse' -> EMNIST | Predict: '0' (Ent: 2.73)
  ⚠️ [Mismatch] Cycle Back predicted 'dog' (Expected 'horse') (Ent: 1.81)
CIFAR10:'truck' -> EMNIST | Predict: '8' (Ent: 2.64)
  ⚠️ [Mismatch] Cycle Back predicted 'dog' (Expected 'truck') (Ent: 1.53)
Exp (Syn): New Gen + New Ent (0.95)
dynamic_entropy_ratio: 0.95
MNIST:'0' -> EMNIST | Predict: '0' (Ent: 1.87)
  ⚠️ [Mismatch] Cycle Back predicted '8' (Expected '0') (Ent: 1.61)
MNIST:'1' -> EMNIST | Predict: '8' (Ent: 2.90)
  ⚠️ [Mismatch] Cycle Back predicted '8' (Expected '1') (Ent: 0.91)
MNIST:'2' -> EMNIST | Predict: '0' (Ent: 2.57)
  ⚠️ [Mismatch] Cycle Back predicted '8' (Expected '2') (Ent: 1.61)
MNIST:'3' -> EMNIST | Predict: '3' (Ent: 1.83)
  ⚠️ [Mismatch] Cycle Back predicted '8' (Expected '3') (Ent: 1.08)
MNIST:'4' -> EMNIST | Predict: '0' (Ent: 2.80)
  ⚠️ [Mismatch] Cycle Back predicted '8' (Expected '4') (Ent: 1.61)
MNIST:'5' -> EMNIST | Predict: '0' (Ent: 2.55)
  ⚠️ [Mismatch] Cycle Back predicted '8' (Expected '5') (Ent: 1.61)
MNIST:'6' -> EMNIST | Predict: '6' (Ent: 1.99)
  ⚠️ [Mismatch] Cycle Back predicted '8' (Expected '6') (Ent: 1.03)
MNIST:'7' -> EMNIST | Predict: '0' (Ent: 2.86)
  ⚠️ [Mismatch] Cycle Back predicted '8' (Expected '7') (Ent: 1.61)
MNIST:'8' -> EMNIST | Predict: '8' (Ent: 1.35)
  ✅ [Match] MNIST:'8' <==> EMNIST:'8' (Ent: 0.91)
MNIST:'9' -> EMNIST | Predict: '0' (Ent: 2.55)
  ⚠️ [Mismatch] Cycle Back predicted '8' (Expected '9') (Ent: 1.61)
MNIST:'0' -> CIFAR10 | Predict: 'ship' (Ent: 1.62)
  ⚠️ [Mismatch] Cycle Back predicted '8' (Expected '0') (Ent: 1.28)
MNIST:'1' -> CIFAR10 | Predict: 'dog' (Ent: 1.49)
  ⚠️ [Mismatch] Cycle Back predicted '8' (Expected '1') (Ent: 1.77)
MNIST:'2' -> CIFAR10 | Predict: 'airplane' (Ent: 1.65)
  ⚠️ [Mismatch] Cycle Back predicted '8' (Expected '2') (Ent: 1.68)
MNIST:'3' -> CIFAR10 | Predict: 'ship' (Ent: 1.54)
  ⚠️ [Mismatch] Cycle Back predicted '8' (Expected '3') (Ent: 1.28)
MNIST:'4' -> CIFAR10 | Predict: 'airplane' (Ent: 1.77)
  ⚠️ [Mismatch] Cycle Back predicted '8' (Expected '4') (Ent: 1.68)
MNIST:'5' -> CIFAR10 | Predict: 'ship' (Ent: 1.53)
  ⚠️ [Mismatch] Cycle Back predicted '8' (Expected '5') (Ent: 1.28)
MNIST:'6' -> CIFAR10 | Predict: 'dog' (Ent: 1.29)
  ⚠️ [Mismatch] Cycle Back predicted '8' (Expected '6') (Ent: 1.77)
MNIST:'7' -> CIFAR10 | Predict: 'cat' (Ent: 1.65)
  ⚠️ [Mismatch] Cycle Back predicted '8' (Expected '7') (Ent: 1.60)
MNIST:'8' -> CIFAR10 | Predict: 'dog' (Ent: 0.81)
  ✅ [Match] MNIST:'8' <==> CIFAR10:'dog' (Ent: 1.77)
MNIST:'9' -> CIFAR10 | Predict: 'dog' (Ent: 1.81)
  ⚠️ [Mismatch] Cycle Back predicted '8' (Expected '9') (Ent: 1.77)
EMNIST:'1' -> MNIST | Predict: '8' (Ent: 1.43)
  ⚠️ [Mismatch] Cycle Back predicted '8' (Expected '1') (Ent: 1.35)
EMNIST:'2' -> MNIST | Predict: '8' (Ent: 1.30)
  ⚠️ [Mismatch] Cycle Back predicted '8' (Expected '2') (Ent: 1.35)
EMNIST:'4' -> MNIST | Predict: '8' (Ent: 1.63)
  ⚠️ [Mismatch] Cycle Back predicted '8' (Expected '4') (Ent: 1.35)
EMNIST:'5' -> MNIST | Predict: '8' (Ent: 1.14)
  ⚠️ [Mismatch] Cycle Back predicted '8' (Expected '5') (Ent: 1.35)
EMNIST:'7' -> MNIST | Predict: '8' (Ent: 1.04)
  ⚠️ [Mismatch] Cycle Back predicted '8' (Expected '7') (Ent: 1.35)
EMNIST:'9' -> MNIST | Predict: '8' (Ent: 0.97)
  ⚠️ [Mismatch] Cycle Back predicted '8' (Expected '9') (Ent: 1.35)
EMNIST:'A' -> MNIST | Predict: '8' (Ent: 1.54)
  ⚠️ [Mismatch] Cycle Back predicted '8' (Expected 'A') (Ent: 1.35)
EMNIST:'B' -> MNIST | Predict: '8' (Ent: 1.60)
  ⚠️ [Mismatch] Cycle Back predicted '8' (Expected 'B') (Ent: 1.35)
EMNIST:'C' -> MNIST | Predict: '8' (Ent: 1.22)
  ⚠️ [Mismatch] Cycle Back predicted '8' (Expected 'C') (Ent: 1.35)
EMNIST:'D' -> MNIST | Predict: '8' (Ent: 1.64)
  ⚠️ [Mismatch] Cycle Back predicted '8' (Expected 'D') (Ent: 1.35)
EMNIST:'E' -> MNIST | Predict: '8' (Ent: 1.55)
  ⚠️ [Mismatch] Cycle Back predicted '8' (Expected 'E') (Ent: 1.35)
EMNIST:'F' -> MNIST | Predict: '8' (Ent: 1.38)
  ⚠️ [Mismatch] Cycle Back predicted '8' (Expected 'F') (Ent: 1.35)
EMNIST:'G' -> MNIST | Predict: '8' (Ent: 1.33)
  ⚠️ [Mismatch] Cycle Back predicted '8' (Expected 'G') (Ent: 1.35)
EMNIST:'H' -> MNIST | Predict: '8' (Ent: 1.49)
  ⚠️ [Mismatch] Cycle Back predicted '8' (Expected 'H') (Ent: 1.35)
EMNIST:'I' -> MNIST | Predict: '8' (Ent: 1.63)
  ⚠️ [Mismatch] Cycle Back predicted '8' (Expected 'I') (Ent: 1.35)
EMNIST:'J' -> MNIST | Predict: '8' (Ent: 1.30)
  ⚠️ [Mismatch] Cycle Back predicted '8' (Expected 'J') (Ent: 1.35)
EMNIST:'K' -> MNIST | Predict: '8' (Ent: 1.22)
  ⚠️ [Mismatch] Cycle Back predicted '8' (Expected 'K') (Ent: 1.35)
EMNIST:'L' -> MNIST | Predict: '8' (Ent: 1.46)
  ⚠️ [Mismatch] Cycle Back predicted '8' (Expected 'L') (Ent: 1.35)
EMNIST:'M' -> MNIST | Predict: '8' (Ent: 1.49)
  ⚠️ [Mismatch] Cycle Back predicted '8' (Expected 'M') (Ent: 1.35)
EMNIST:'N' -> MNIST | Predict: '8' (Ent: 1.67)
  ⚠️ [Mismatch] Cycle Back predicted '8' (Expected 'N') (Ent: 1.35)
EMNIST:'O' -> MNIST | Predict: '8' (Ent: 1.63)
  ⚠️ [Mismatch] Cycle Back predicted '8' (Expected 'O') (Ent: 1.35)
EMNIST:'P' -> MNIST | Predict: '8' (Ent: 1.24)
  ⚠️ [Mismatch] Cycle Back predicted '8' (Expected 'P') (Ent: 1.35)
EMNIST:'Q' -> MNIST | Predict: '8' (Ent: 0.93)
  ⚠️ [Mismatch] Cycle Back predicted '8' (Expected 'Q') (Ent: 1.35)
EMNIST:'R' -> MNIST | Predict: '8' (Ent: 0.95)
  ⚠️ [Mismatch] Cycle Back predicted '8' (Expected 'R') (Ent: 1.35)
EMNIST:'S' -> MNIST | Predict: '8' (Ent: 1.01)
  ⚠️ [Mismatch] Cycle Back predicted '8' (Expected 'S') (Ent: 1.35)
EMNIST:'T' -> MNIST | Predict: '8' (Ent: 1.57)
  ⚠️ [Mismatch] Cycle Back predicted '8' (Expected 'T') (Ent: 1.35)
EMNIST:'U' -> MNIST | Predict: '8' (Ent: 1.48)
  ⚠️ [Mismatch] Cycle Back predicted '8' (Expected 'U') (Ent: 1.35)
EMNIST:'V' -> MNIST | Predict: '8' (Ent: 1.67)
  ⚠️ [Mismatch] Cycle Back predicted '8' (Expected 'V') (Ent: 1.35)
EMNIST:'W' -> MNIST | Predict: '8' (Ent: 1.45)
  ⚠️ [Mismatch] Cycle Back predicted '8' (Expected 'W') (Ent: 1.35)
EMNIST:'X' -> MNIST | Predict: '8' (Ent: 1.39)
  ⚠️ [Mismatch] Cycle Back predicted '8' (Expected 'X') (Ent: 1.35)
EMNIST:'Y' -> MNIST | Predict: '8' (Ent: 1.58)
  ⚠️ [Mismatch] Cycle Back predicted '8' (Expected 'Y') (Ent: 1.35)
EMNIST:'Z' -> MNIST | Predict: '8' (Ent: 1.57)
  ⚠️ [Mismatch] Cycle Back predicted '8' (Expected 'Z') (Ent: 1.35)
EMNIST:'a' -> MNIST | Predict: '8' (Ent: 1.54)
  ⚠️ [Mismatch] Cycle Back predicted '8' (Expected 'a') (Ent: 1.35)
EMNIST:'b' -> MNIST | Predict: '8' (Ent: 1.60)
  ⚠️ [Mismatch] Cycle Back predicted '8' (Expected 'b') (Ent: 1.35)
EMNIST:'c' -> MNIST | Predict: '8' (Ent: 1.22)
  ⚠️ [Mismatch] Cycle Back predicted '8' (Expected 'c') (Ent: 1.35)
EMNIST:'d' -> MNIST | Predict: '8' (Ent: 1.64)
  ⚠️ [Mismatch] Cycle Back predicted '8' (Expected 'd') (Ent: 1.35)
EMNIST:'e' -> MNIST | Predict: '8' (Ent: 1.55)
  ⚠️ [Mismatch] Cycle Back predicted '8' (Expected 'e') (Ent: 1.35)
EMNIST:'f' -> MNIST | Predict: '8' (Ent: 1.38)
  ⚠️ [Mismatch] Cycle Back predicted '8' (Expected 'f') (Ent: 1.35)
EMNIST:'g' -> MNIST | Predict: '8' (Ent: 1.33)
  ⚠️ [Mismatch] Cycle Back predicted '8' (Expected 'g') (Ent: 1.35)
EMNIST:'h' -> MNIST | Predict: '8' (Ent: 1.49)
  ⚠️ [Mismatch] Cycle Back predicted '8' (Expected 'h') (Ent: 1.35)
EMNIST:'i' -> MNIST | Predict: '8' (Ent: 1.63)
  ⚠️ [Mismatch] Cycle Back predicted '8' (Expected 'i') (Ent: 1.35)
EMNIST:'j' -> MNIST | Predict: '8' (Ent: 1.30)
  ⚠️ [Mismatch] Cycle Back predicted '8' (Expected 'j') (Ent: 1.35)
EMNIST:'k' -> MNIST | Predict: '8' (Ent: 1.22)
  ⚠️ [Mismatch] Cycle Back predicted '8' (Expected 'k') (Ent: 1.35)
EMNIST:'l' -> MNIST | Predict: '8' (Ent: 1.46)
  ⚠️ [Mismatch] Cycle Back predicted '8' (Expected 'l') (Ent: 1.35)
EMNIST:'m' -> MNIST | Predict: '8' (Ent: 1.49)
  ⚠️ [Mismatch] Cycle Back predicted '8' (Expected 'm') (Ent: 1.35)
EMNIST:'n' -> MNIST | Predict: '8' (Ent: 1.67)
  ⚠️ [Mismatch] Cycle Back predicted '8' (Expected 'n') (Ent: 1.35)
EMNIST:'o' -> MNIST | Predict: '8' (Ent: 1.63)
  ⚠️ [Mismatch] Cycle Back predicted '8' (Expected 'o') (Ent: 1.35)
EMNIST:'p' -> MNIST | Predict: '8' (Ent: 1.24)
  ⚠️ [Mismatch] Cycle Back predicted '8' (Expected 'p') (Ent: 1.35)
EMNIST:'q' -> MNIST | Predict: '8' (Ent: 0.93)
  ⚠️ [Mismatch] Cycle Back predicted '8' (Expected 'q') (Ent: 1.35)
EMNIST:'r' -> MNIST | Predict: '8' (Ent: 0.95)
  ⚠️ [Mismatch] Cycle Back predicted '8' (Expected 'r') (Ent: 1.35)
EMNIST:'s' -> MNIST | Predict: '8' (Ent: 1.01)
  ⚠️ [Mismatch] Cycle Back predicted '8' (Expected 's') (Ent: 1.35)
EMNIST:'t' -> MNIST | Predict: '8' (Ent: 1.57)
  ⚠️ [Mismatch] Cycle Back predicted '8' (Expected 't') (Ent: 1.35)
EMNIST:'u' -> MNIST | Predict: '8' (Ent: 1.48)
  ⚠️ [Mismatch] Cycle Back predicted '8' (Expected 'u') (Ent: 1.35)
EMNIST:'v' -> MNIST | Predict: '8' (Ent: 1.67)
  ⚠️ [Mismatch] Cycle Back predicted '8' (Expected 'v') (Ent: 1.35)
EMNIST:'w' -> MNIST | Predict: '8' (Ent: 1.45)
  ⚠️ [Mismatch] Cycle Back predicted '8' (Expected 'w') (Ent: 1.35)
EMNIST:'x' -> MNIST | Predict: '8' (Ent: 1.39)
  ⚠️ [Mismatch] Cycle Back predicted '8' (Expected 'x') (Ent: 1.35)
EMNIST:'y' -> MNIST | Predict: '8' (Ent: 1.58)
  ⚠️ [Mismatch] Cycle Back predicted '8' (Expected 'y') (Ent: 1.35)
EMNIST:'z' -> MNIST | Predict: '8' (Ent: 1.57)
  ⚠️ [Mismatch] Cycle Back predicted '8' (Expected 'z') (Ent: 1.35)
EMNIST:'0' -> CIFAR10 | Predict: 'dog' (Ent: 1.81)
  ⚠️ [Mismatch] Cycle Back predicted '8' (Expected '0') (Ent: 2.58)
EMNIST:'1' -> CIFAR10 | Predict: 'dog' (Ent: 1.76)
  ⚠️ [Mismatch] Cycle Back predicted '8' (Expected '1') (Ent: 2.58)
EMNIST:'2' -> CIFAR10 | Predict: 'airplane' (Ent: 1.82)
  ⚠️ [Mismatch] Cycle Back predicted '8' (Expected '2') (Ent: 2.53)
EMNIST:'3' -> CIFAR10 | Predict: 'ship' (Ent: 1.70)
  ⚠️ [Mismatch] Cycle Back predicted 'E' (Expected '3') (Ent: 2.83)
EMNIST:'4' -> CIFAR10 | Predict: 'dog' (Ent: 1.54)
  ⚠️ [Mismatch] Cycle Back predicted '8' (Expected '4') (Ent: 2.58)
EMNIST:'5' -> CIFAR10 | Predict: 'dog' (Ent: 1.85)
  ⚠️ [Mismatch] Cycle Back predicted '8' (Expected '5') (Ent: 2.58)
EMNIST:'6' -> CIFAR10 | Predict: 'dog' (Ent: 1.73)
  ⚠️ [Mismatch] Cycle Back predicted '8' (Expected '6') (Ent: 2.58)
EMNIST:'7' -> CIFAR10 | Predict: 'dog' (Ent: 1.47)
  ⚠️ [Mismatch] Cycle Back predicted '8' (Expected '7') (Ent: 2.58)
EMNIST:'8' -> CIFAR10 | Predict: 'dog' (Ent: 1.53)
  ✅ [Match] EMNIST:'8' <==> CIFAR10:'dog' (Ent: 2.58)
EMNIST:'9' -> CIFAR10 | Predict: 'dog' (Ent: 1.67)
  ⚠️ [Mismatch] Cycle Back predicted '8' (Expected '9') (Ent: 2.58)
EMNIST:'A' -> CIFAR10 | Predict: 'airplane' (Ent: 1.87)
  ⚠️ [Mismatch] Cycle Back predicted '8' (Expected 'A') (Ent: 2.53)
EMNIST:'B' -> CIFAR10 | Predict: 'ship' (Ent: 1.74)
  ⚠️ [Mismatch] Cycle Back predicted 'E' (Expected 'B') (Ent: 2.83)
EMNIST:'C' -> CIFAR10 | Predict: 'ship' (Ent: 1.52)
  ⚠️ [Mismatch] Cycle Back predicted 'E' (Expected 'C') (Ent: 2.83)
EMNIST:'D' -> CIFAR10 | Predict: 'ship' (Ent: 1.68)
  ⚠️ [Mismatch] Cycle Back predicted 'E' (Expected 'D') (Ent: 2.83)
EMNIST:'E' -> CIFAR10 | Predict: 'cat' (Ent: 1.62)
  ⚠️ [Mismatch] Cycle Back predicted '8' (Expected 'E') (Ent: 2.57)
EMNIST:'F' -> CIFAR10 | Predict: 'cat' (Ent: 1.80)
  ⚠️ [Mismatch] Cycle Back predicted '8' (Expected 'F') (Ent: 2.57)
EMNIST:'G' -> CIFAR10 | Predict: 'ship' (Ent: 1.76)
  ⚠️ [Mismatch] Cycle Back predicted 'E' (Expected 'G') (Ent: 2.83)
EMNIST:'H' -> CIFAR10 | Predict: 'ship' (Ent: 1.67)
  ⚠️ [Mismatch] Cycle Back predicted 'E' (Expected 'H') (Ent: 2.83)
EMNIST:'I' -> CIFAR10 | Predict: 'bird' (Ent: 1.92)
  ⚠️ [Mismatch] Cycle Back predicted '0' (Expected 'I') (Ent: 2.67)
EMNIST:'J' -> CIFAR10 | Predict: 'ship' (Ent: 1.87)
  ⚠️ [Mismatch] Cycle Back predicted 'E' (Expected 'J') (Ent: 2.83)
EMNIST:'K' -> CIFAR10 | Predict: 'ship' (Ent: 1.72)
  ⚠️ [Mismatch] Cycle Back predicted 'E' (Expected 'K') (Ent: 2.83)
EMNIST:'L' -> CIFAR10 | Predict: 'ship' (Ent: 1.84)
  ⚠️ [Mismatch] Cycle Back predicted 'E' (Expected 'L') (Ent: 2.83)
EMNIST:'M' -> CIFAR10 | Predict: 'dog' (Ent: 1.80)
  ⚠️ [Mismatch] Cycle Back predicted '8' (Expected 'M') (Ent: 2.58)
EMNIST:'N' -> CIFAR10 | Predict: 'dog' (Ent: 1.56)
  ⚠️ [Mismatch] Cycle Back predicted '8' (Expected 'N') (Ent: 2.58)
EMNIST:'O' -> CIFAR10 | Predict: 'dog' (Ent: 1.88)
  ⚠️ [Mismatch] Cycle Back predicted '8' (Expected 'O') (Ent: 2.58)
EMNIST:'P' -> CIFAR10 | Predict: 'dog' (Ent: 1.69)
  ⚠️ [Mismatch] Cycle Back predicted '8' (Expected 'P') (Ent: 2.58)
EMNIST:'Q' -> CIFAR10 | Predict: 'dog' (Ent: 1.84)
  ⚠️ [Mismatch] Cycle Back predicted '8' (Expected 'Q') (Ent: 2.58)
EMNIST:'R' -> CIFAR10 | Predict: 'airplane' (Ent: 1.78)
  ⚠️ [Mismatch] Cycle Back predicted '8' (Expected 'R') (Ent: 2.53)
EMNIST:'S' -> CIFAR10 | Predict: 'ship' (Ent: 1.97)
  ⚠️ [Mismatch] Cycle Back predicted 'E' (Expected 'S') (Ent: 2.83)
EMNIST:'T' -> CIFAR10 | Predict: 'airplane' (Ent: 1.93)
  ⚠️ [Mismatch] Cycle Back predicted '8' (Expected 'T') (Ent: 2.53)
EMNIST:'U' -> CIFAR10 | Predict: 'ship' (Ent: 1.63)
  ⚠️ [Mismatch] Cycle Back predicted 'E' (Expected 'U') (Ent: 2.83)
EMNIST:'V' -> CIFAR10 | Predict: 'bird' (Ent: 1.34)
  ⚠️ [Mismatch] Cycle Back predicted '0' (Expected 'V') (Ent: 2.67)
EMNIST:'W' -> CIFAR10 | Predict: 'dog' (Ent: 1.42)
  ⚠️ [Mismatch] Cycle Back predicted '8' (Expected 'W') (Ent: 2.58)
EMNIST:'X' -> CIFAR10 | Predict: 'cat' (Ent: 1.60)
  ⚠️ [Mismatch] Cycle Back predicted '8' (Expected 'X') (Ent: 2.57)
EMNIST:'Y' -> CIFAR10 | Predict: 'cat' (Ent: 1.89)
  ⚠️ [Mismatch] Cycle Back predicted '8' (Expected 'Y') (Ent: 2.57)
EMNIST:'Z' -> CIFAR10 | Predict: 'ship' (Ent: 1.91)
  ⚠️ [Mismatch] Cycle Back predicted 'E' (Expected 'Z') (Ent: 2.83)
EMNIST:'a' -> CIFAR10 | Predict: 'airplane' (Ent: 1.87)
  ⚠️ [Mismatch] Cycle Back predicted '8' (Expected 'a') (Ent: 2.53)
EMNIST:'b' -> CIFAR10 | Predict: 'ship' (Ent: 1.74)
  ⚠️ [Mismatch] Cycle Back predicted 'E' (Expected 'b') (Ent: 2.83)
EMNIST:'c' -> CIFAR10 | Predict: 'ship' (Ent: 1.52)
  ⚠️ [Mismatch] Cycle Back predicted 'E' (Expected 'c') (Ent: 2.83)
EMNIST:'d' -> CIFAR10 | Predict: 'ship' (Ent: 1.68)
  ⚠️ [Mismatch] Cycle Back predicted 'E' (Expected 'd') (Ent: 2.83)
EMNIST:'e' -> CIFAR10 | Predict: 'cat' (Ent: 1.62)
  ⚠️ [Mismatch] Cycle Back predicted '8' (Expected 'e') (Ent: 2.57)
EMNIST:'f' -> CIFAR10 | Predict: 'cat' (Ent: 1.80)
  ⚠️ [Mismatch] Cycle Back predicted '8' (Expected 'f') (Ent: 2.57)
EMNIST:'g' -> CIFAR10 | Predict: 'ship' (Ent: 1.76)
  ⚠️ [Mismatch] Cycle Back predicted 'E' (Expected 'g') (Ent: 2.83)
EMNIST:'h' -> CIFAR10 | Predict: 'ship' (Ent: 1.67)
  ⚠️ [Mismatch] Cycle Back predicted 'E' (Expected 'h') (Ent: 2.83)
EMNIST:'i' -> CIFAR10 | Predict: 'bird' (Ent: 1.92)
  ⚠️ [Mismatch] Cycle Back predicted '0' (Expected 'i') (Ent: 2.67)
EMNIST:'j' -> CIFAR10 | Predict: 'ship' (Ent: 1.87)
  ⚠️ [Mismatch] Cycle Back predicted 'E' (Expected 'j') (Ent: 2.83)
EMNIST:'k' -> CIFAR10 | Predict: 'ship' (Ent: 1.72)
  ⚠️ [Mismatch] Cycle Back predicted 'E' (Expected 'k') (Ent: 2.83)
EMNIST:'l' -> CIFAR10 | Predict: 'ship' (Ent: 1.84)
  ⚠️ [Mismatch] Cycle Back predicted 'E' (Expected 'l') (Ent: 2.83)
EMNIST:'m' -> CIFAR10 | Predict: 'dog' (Ent: 1.80)
  ⚠️ [Mismatch] Cycle Back predicted '8' (Expected 'm') (Ent: 2.58)
EMNIST:'n' -> CIFAR10 | Predict: 'dog' (Ent: 1.56)
  ⚠️ [Mismatch] Cycle Back predicted '8' (Expected 'n') (Ent: 2.58)
EMNIST:'o' -> CIFAR10 | Predict: 'dog' (Ent: 1.88)
  ⚠️ [Mismatch] Cycle Back predicted '8' (Expected 'o') (Ent: 2.58)
EMNIST:'p' -> CIFAR10 | Predict: 'dog' (Ent: 1.69)
  ⚠️ [Mismatch] Cycle Back predicted '8' (Expected 'p') (Ent: 2.58)
EMNIST:'q' -> CIFAR10 | Predict: 'dog' (Ent: 1.84)
  ⚠️ [Mismatch] Cycle Back predicted '8' (Expected 'q') (Ent: 2.58)
EMNIST:'r' -> CIFAR10 | Predict: 'airplane' (Ent: 1.78)
  ⚠️ [Mismatch] Cycle Back predicted '8' (Expected 'r') (Ent: 2.53)
EMNIST:'s' -> CIFAR10 | Predict: 'ship' (Ent: 1.97)
  ⚠️ [Mismatch] Cycle Back predicted 'E' (Expected 's') (Ent: 2.83)
EMNIST:'t' -> CIFAR10 | Predict: 'airplane' (Ent: 1.93)
  ⚠️ [Mismatch] Cycle Back predicted '8' (Expected 't') (Ent: 2.53)
EMNIST:'u' -> CIFAR10 | Predict: 'ship' (Ent: 1.63)
  ⚠️ [Mismatch] Cycle Back predicted 'E' (Expected 'u') (Ent: 2.83)
EMNIST:'v' -> CIFAR10 | Predict: 'bird' (Ent: 1.34)
  ⚠️ [Mismatch] Cycle Back predicted '0' (Expected 'v') (Ent: 2.67)
EMNIST:'w' -> CIFAR10 | Predict: 'dog' (Ent: 1.42)
  ⚠️ [Mismatch] Cycle Back predicted '8' (Expected 'w') (Ent: 2.58)
EMNIST:'x' -> CIFAR10 | Predict: 'cat' (Ent: 1.60)
  ⚠️ [Mismatch] Cycle Back predicted '8' (Expected 'x') (Ent: 2.57)
EMNIST:'y' -> CIFAR10 | Predict: 'cat' (Ent: 1.89)
  ⚠️ [Mismatch] Cycle Back predicted '8' (Expected 'y') (Ent: 2.57)
EMNIST:'z' -> CIFAR10 | Predict: 'ship' (Ent: 1.91)
  ⚠️ [Mismatch] Cycle Back predicted 'E' (Expected 'z') (Ent: 2.83)
CIFAR10:'automobile' -> MNIST | Predict: '8' (Ent: 1.62)
  ⚠️ [Mismatch] Cycle Back predicted 'dog' (Expected 'automobile') (Ent: 0.81)
CIFAR10:'bird' -> MNIST | Predict: '8' (Ent: 1.87)
  ⚠️ [Mismatch] Cycle Back predicted 'dog' (Expected 'bird') (Ent: 0.81)
CIFAR10:'deer' -> MNIST | Predict: '8' (Ent: 1.36)
  ⚠️ [Mismatch] Cycle Back predicted 'dog' (Expected 'deer') (Ent: 0.81)
CIFAR10:'frog' -> MNIST | Predict: '8' (Ent: 1.69)
  ⚠️ [Mismatch] Cycle Back predicted 'dog' (Expected 'frog') (Ent: 0.81)
CIFAR10:'horse' -> MNIST | Predict: '8' (Ent: 1.71)
  ⚠️ [Mismatch] Cycle Back predicted 'dog' (Expected 'horse') (Ent: 0.81)
CIFAR10:'truck' -> MNIST | Predict: '8' (Ent: 1.35)
  ⚠️ [Mismatch] Cycle Back predicted 'dog' (Expected 'truck') (Ent: 0.81)
CIFAR10:'automobile' -> EMNIST | Predict: '8' (Ent: 2.71)
  ⚠️ [Mismatch] Cycle Back predicted 'dog' (Expected 'automobile') (Ent: 1.53)
CIFAR10:'deer' -> EMNIST | Predict: '8' (Ent: 2.73)
  ⚠️ [Mismatch] Cycle Back predicted 'dog' (Expected 'deer') (Ent: 1.53)
CIFAR10:'frog' -> EMNIST | Predict: '8' (Ent: 2.59)
  ⚠️ [Mismatch] Cycle Back predicted 'dog' (Expected 'frog') (Ent: 1.53)
CIFAR10:'horse' -> EMNIST | Predict: '0' (Ent: 3.00)
  ⚠️ [Mismatch] Cycle Back predicted 'dog' (Expected 'horse') (Ent: 1.81)
CIFAR10:'truck' -> EMNIST | Predict: '8' (Ent: 2.64)
  ⚠️ [Mismatch] Cycle Back predicted 'dog' (Expected 'truck') (Ent: 1.53)
Exp (Syn): New Gen + New Ent (1.0)
dynamic_entropy_ratio: 1.0
MNIST:'0' -> EMNIST | Predict: '0' (Ent: 1.87)
  ⚠️ [Mismatch] Cycle Back predicted '8' (Expected '0') (Ent: 1.61)
MNIST:'1' -> EMNIST | Predict: '8' (Ent: 2.90)
  ⚠️ [Mismatch] Cycle Back predicted '8' (Expected '1') (Ent: 0.91)
MNIST:'2' -> EMNIST | Predict: '0' (Ent: 2.57)
  ⚠️ [Mismatch] Cycle Back predicted '8' (Expected '2') (Ent: 1.61)
MNIST:'3' -> EMNIST | Predict: '3' (Ent: 1.83)
  ⚠️ [Mismatch] Cycle Back predicted '8' (Expected '3') (Ent: 1.08)
MNIST:'4' -> EMNIST | Predict: '0' (Ent: 2.80)
  ⚠️ [Mismatch] Cycle Back predicted '8' (Expected '4') (Ent: 1.61)
MNIST:'5' -> EMNIST | Predict: '0' (Ent: 2.55)
  ⚠️ [Mismatch] Cycle Back predicted '8' (Expected '5') (Ent: 1.61)
MNIST:'6' -> EMNIST | Predict: '6' (Ent: 1.99)
  ⚠️ [Mismatch] Cycle Back predicted '8' (Expected '6') (Ent: 1.03)
MNIST:'7' -> EMNIST | Predict: '0' (Ent: 2.86)
  ⚠️ [Mismatch] Cycle Back predicted '8' (Expected '7') (Ent: 1.61)
MNIST:'8' -> EMNIST | Predict: '8' (Ent: 1.35)
  ✅ [Match] MNIST:'8' <==> EMNIST:'8' (Ent: 0.91)
MNIST:'9' -> EMNIST | Predict: '0' (Ent: 2.55)
  ⚠️ [Mismatch] Cycle Back predicted '8' (Expected '9') (Ent: 1.61)
MNIST:'0' -> CIFAR10 | Predict: 'ship' (Ent: 1.62)
  ⚠️ [Mismatch] Cycle Back predicted '8' (Expected '0') (Ent: 1.45)
MNIST:'1' -> CIFAR10 | Predict: 'dog' (Ent: 1.49)
  ⚠️ [Mismatch] Cycle Back predicted '8' (Expected '1') (Ent: 1.77)
MNIST:'2' -> CIFAR10 | Predict: 'airplane' (Ent: 1.65)
  ⚠️ [Mismatch] Cycle Back predicted '8' (Expected '2') (Ent: 1.68)
MNIST:'3' -> CIFAR10 | Predict: 'ship' (Ent: 1.54)
  ⚠️ [Mismatch] Cycle Back predicted '8' (Expected '3') (Ent: 1.45)
MNIST:'4' -> CIFAR10 | Predict: 'airplane' (Ent: 1.77)
  ⚠️ [Mismatch] Cycle Back predicted '8' (Expected '4') (Ent: 1.68)
MNIST:'5' -> CIFAR10 | Predict: 'ship' (Ent: 1.53)
  ⚠️ [Mismatch] Cycle Back predicted '8' (Expected '5') (Ent: 1.45)
MNIST:'6' -> CIFAR10 | Predict: 'dog' (Ent: 1.29)
  ⚠️ [Mismatch] Cycle Back predicted '8' (Expected '6') (Ent: 1.77)
MNIST:'7' -> CIFAR10 | Predict: 'cat' (Ent: 1.65)
  ⚠️ [Mismatch] Cycle Back predicted '8' (Expected '7') (Ent: 1.60)
MNIST:'8' -> CIFAR10 | Predict: 'dog' (Ent: 0.81)
  ✅ [Match] MNIST:'8' <==> CIFAR10:'dog' (Ent: 1.77)
MNIST:'9' -> CIFAR10 | Predict: 'dog' (Ent: 1.81)
  ⚠️ [Mismatch] Cycle Back predicted '8' (Expected '9') (Ent: 1.77)
EMNIST:'1' -> MNIST | Predict: '8' (Ent: 1.58)
  ⚠️ [Mismatch] Cycle Back predicted '8' (Expected '1') (Ent: 1.35)
EMNIST:'2' -> MNIST | Predict: '8' (Ent: 1.30)
  ⚠️ [Mismatch] Cycle Back predicted '8' (Expected '2') (Ent: 1.35)
EMNIST:'4' -> MNIST | Predict: '8' (Ent: 1.63)
  ⚠️ [Mismatch] Cycle Back predicted '8' (Expected '4') (Ent: 1.35)
EMNIST:'5' -> MNIST | Predict: '8' (Ent: 1.14)
  ⚠️ [Mismatch] Cycle Back predicted '8' (Expected '5') (Ent: 1.35)
EMNIST:'7' -> MNIST | Predict: '8' (Ent: 1.29)
  ⚠️ [Mismatch] Cycle Back predicted '8' (Expected '7') (Ent: 1.35)
EMNIST:'9' -> MNIST | Predict: '8' (Ent: 1.16)
  ⚠️ [Mismatch] Cycle Back predicted '8' (Expected '9') (Ent: 1.35)
EMNIST:'A' -> MNIST | Predict: '8' (Ent: 1.54)
  ⚠️ [Mismatch] Cycle Back predicted '8' (Expected 'A') (Ent: 1.35)
EMNIST:'B' -> MNIST | Predict: '8' (Ent: 1.60)
  ⚠️ [Mismatch] Cycle Back predicted '8' (Expected 'B') (Ent: 1.35)
EMNIST:'C' -> MNIST | Predict: '8' (Ent: 1.22)
  ⚠️ [Mismatch] Cycle Back predicted '8' (Expected 'C') (Ent: 1.35)
EMNIST:'D' -> MNIST | Predict: '8' (Ent: 1.64)
  ⚠️ [Mismatch] Cycle Back predicted '8' (Expected 'D') (Ent: 1.35)
EMNIST:'E' -> MNIST | Predict: '8' (Ent: 1.55)
  ⚠️ [Mismatch] Cycle Back predicted '8' (Expected 'E') (Ent: 1.35)
EMNIST:'F' -> MNIST | Predict: '8' (Ent: 1.52)
  ⚠️ [Mismatch] Cycle Back predicted '8' (Expected 'F') (Ent: 1.35)
EMNIST:'G' -> MNIST | Predict: '8' (Ent: 1.33)
  ⚠️ [Mismatch] Cycle Back predicted '8' (Expected 'G') (Ent: 1.35)
EMNIST:'H' -> MNIST | Predict: '8' (Ent: 1.64)
  ⚠️ [Mismatch] Cycle Back predicted '8' (Expected 'H') (Ent: 1.35)
EMNIST:'I' -> MNIST | Predict: '8' (Ent: 1.63)
  ⚠️ [Mismatch] Cycle Back predicted '8' (Expected 'I') (Ent: 1.35)
EMNIST:'J' -> MNIST | Predict: '8' (Ent: 1.30)
  ⚠️ [Mismatch] Cycle Back predicted '8' (Expected 'J') (Ent: 1.35)
EMNIST:'K' -> MNIST | Predict: '8' (Ent: 1.22)
  ⚠️ [Mismatch] Cycle Back predicted '8' (Expected 'K') (Ent: 1.35)
EMNIST:'L' -> MNIST | Predict: '8' (Ent: 1.46)
  ⚠️ [Mismatch] Cycle Back predicted '8' (Expected 'L') (Ent: 1.35)
EMNIST:'M' -> MNIST | Predict: '8' (Ent: 1.49)
  ⚠️ [Mismatch] Cycle Back predicted '8' (Expected 'M') (Ent: 1.35)
EMNIST:'N' -> MNIST | Predict: '8' (Ent: 1.67)
  ⚠️ [Mismatch] Cycle Back predicted '8' (Expected 'N') (Ent: 1.35)
EMNIST:'O' -> MNIST | Predict: '8' (Ent: 1.74)
  ⚠️ [Mismatch] Cycle Back predicted '8' (Expected 'O') (Ent: 1.35)
EMNIST:'P' -> MNIST | Predict: '8' (Ent: 1.24)
  ⚠️ [Mismatch] Cycle Back predicted '8' (Expected 'P') (Ent: 1.35)
EMNIST:'Q' -> MNIST | Predict: '8' (Ent: 1.20)
  ⚠️ [Mismatch] Cycle Back predicted '8' (Expected 'Q') (Ent: 1.35)
EMNIST:'R' -> MNIST | Predict: '8' (Ent: 1.23)
  ⚠️ [Mismatch] Cycle Back predicted '8' (Expected 'R') (Ent: 1.35)
EMNIST:'S' -> MNIST | Predict: '8' (Ent: 1.44)
  ⚠️ [Mismatch] Cycle Back predicted '8' (Expected 'S') (Ent: 1.35)
EMNIST:'T' -> MNIST | Predict: '8' (Ent: 1.71)
  ⚠️ [Mismatch] Cycle Back predicted '8' (Expected 'T') (Ent: 1.35)
EMNIST:'U' -> MNIST | Predict: '8' (Ent: 1.48)
  ⚠️ [Mismatch] Cycle Back predicted '8' (Expected 'U') (Ent: 1.35)
EMNIST:'V' -> MNIST | Predict: '8' (Ent: 1.67)
  ⚠️ [Mismatch] Cycle Back predicted '8' (Expected 'V') (Ent: 1.35)
EMNIST:'W' -> MNIST | Predict: '8' (Ent: 1.45)
  ⚠️ [Mismatch] Cycle Back predicted '8' (Expected 'W') (Ent: 1.35)
EMNIST:'X' -> MNIST | Predict: '8' (Ent: 1.59)
  ⚠️ [Mismatch] Cycle Back predicted '8' (Expected 'X') (Ent: 1.35)
EMNIST:'Y' -> MNIST | Predict: '8' (Ent: 1.58)
  ⚠️ [Mismatch] Cycle Back predicted '8' (Expected 'Y') (Ent: 1.35)
EMNIST:'Z' -> MNIST | Predict: '8' (Ent: 1.57)
  ⚠️ [Mismatch] Cycle Back predicted '8' (Expected 'Z') (Ent: 1.35)
EMNIST:'a' -> MNIST | Predict: '8' (Ent: 1.54)
  ⚠️ [Mismatch] Cycle Back predicted '8' (Expected 'a') (Ent: 1.35)
EMNIST:'b' -> MNIST | Predict: '8' (Ent: 1.60)
  ⚠️ [Mismatch] Cycle Back predicted '8' (Expected 'b') (Ent: 1.35)
EMNIST:'c' -> MNIST | Predict: '8' (Ent: 1.22)
  ⚠️ [Mismatch] Cycle Back predicted '8' (Expected 'c') (Ent: 1.35)
EMNIST:'d' -> MNIST | Predict: '8' (Ent: 1.64)
  ⚠️ [Mismatch] Cycle Back predicted '8' (Expected 'd') (Ent: 1.35)
EMNIST:'e' -> MNIST | Predict: '8' (Ent: 1.55)
  ⚠️ [Mismatch] Cycle Back predicted '8' (Expected 'e') (Ent: 1.35)
EMNIST:'f' -> MNIST | Predict: '8' (Ent: 1.52)
  ⚠️ [Mismatch] Cycle Back predicted '8' (Expected 'f') (Ent: 1.35)
EMNIST:'g' -> MNIST | Predict: '8' (Ent: 1.33)
  ⚠️ [Mismatch] Cycle Back predicted '8' (Expected 'g') (Ent: 1.35)
EMNIST:'h' -> MNIST | Predict: '8' (Ent: 1.64)
  ⚠️ [Mismatch] Cycle Back predicted '8' (Expected 'h') (Ent: 1.35)
EMNIST:'i' -> MNIST | Predict: '8' (Ent: 1.63)
  ⚠️ [Mismatch] Cycle Back predicted '8' (Expected 'i') (Ent: 1.35)
EMNIST:'j' -> MNIST | Predict: '8' (Ent: 1.30)
  ⚠️ [Mismatch] Cycle Back predicted '8' (Expected 'j') (Ent: 1.35)
EMNIST:'k' -> MNIST | Predict: '8' (Ent: 1.22)
  ⚠️ [Mismatch] Cycle Back predicted '8' (Expected 'k') (Ent: 1.35)
EMNIST:'l' -> MNIST | Predict: '8' (Ent: 1.46)
  ⚠️ [Mismatch] Cycle Back predicted '8' (Expected 'l') (Ent: 1.35)
EMNIST:'m' -> MNIST | Predict: '8' (Ent: 1.49)
  ⚠️ [Mismatch] Cycle Back predicted '8' (Expected 'm') (Ent: 1.35)
EMNIST:'n' -> MNIST | Predict: '8' (Ent: 1.67)
  ⚠️ [Mismatch] Cycle Back predicted '8' (Expected 'n') (Ent: 1.35)
EMNIST:'o' -> MNIST | Predict: '8' (Ent: 1.74)
  ⚠️ [Mismatch] Cycle Back predicted '8' (Expected 'o') (Ent: 1.35)
EMNIST:'p' -> MNIST | Predict: '8' (Ent: 1.24)
  ⚠️ [Mismatch] Cycle Back predicted '8' (Expected 'p') (Ent: 1.35)
EMNIST:'q' -> MNIST | Predict: '8' (Ent: 1.20)
  ⚠️ [Mismatch] Cycle Back predicted '8' (Expected 'q') (Ent: 1.35)
EMNIST:'r' -> MNIST | Predict: '8' (Ent: 1.23)
  ⚠️ [Mismatch] Cycle Back predicted '8' (Expected 'r') (Ent: 1.35)
EMNIST:'s' -> MNIST | Predict: '8' (Ent: 1.44)
  ⚠️ [Mismatch] Cycle Back predicted '8' (Expected 's') (Ent: 1.35)
EMNIST:'t' -> MNIST | Predict: '8' (Ent: 1.71)
  ⚠️ [Mismatch] Cycle Back predicted '8' (Expected 't') (Ent: 1.35)
EMNIST:'u' -> MNIST | Predict: '8' (Ent: 1.48)
  ⚠️ [Mismatch] Cycle Back predicted '8' (Expected 'u') (Ent: 1.35)
EMNIST:'v' -> MNIST | Predict: '8' (Ent: 1.67)
  ⚠️ [Mismatch] Cycle Back predicted '8' (Expected 'v') (Ent: 1.35)
EMNIST:'w' -> MNIST | Predict: '8' (Ent: 1.45)
  ⚠️ [Mismatch] Cycle Back predicted '8' (Expected 'w') (Ent: 1.35)
EMNIST:'x' -> MNIST | Predict: '8' (Ent: 1.59)
  ⚠️ [Mismatch] Cycle Back predicted '8' (Expected 'x') (Ent: 1.35)
EMNIST:'y' -> MNIST | Predict: '8' (Ent: 1.58)
  ⚠️ [Mismatch] Cycle Back predicted '8' (Expected 'y') (Ent: 1.35)
EMNIST:'z' -> MNIST | Predict: '8' (Ent: 1.57)
  ⚠️ [Mismatch] Cycle Back predicted '8' (Expected 'z') (Ent: 1.35)
EMNIST:'0' -> CIFAR10 | Predict: 'dog' (Ent: 1.81)
  ⚠️ [Mismatch] Cycle Back predicted '8' (Expected '0') (Ent: 2.58)
EMNIST:'1' -> CIFAR10 | Predict: 'dog' (Ent: 1.76)
  ⚠️ [Mismatch] Cycle Back predicted '8' (Expected '1') (Ent: 2.58)
EMNIST:'2' -> CIFAR10 | Predict: 'airplane' (Ent: 1.82)
  ⚠️ [Mismatch] Cycle Back predicted '8' (Expected '2') (Ent: 2.53)
EMNIST:'3' -> CIFAR10 | Predict: 'ship' (Ent: 1.70)
  ⚠️ [Mismatch] Cycle Back predicted 'E' (Expected '3') (Ent: 2.83)
EMNIST:'4' -> CIFAR10 | Predict: 'dog' (Ent: 1.54)
  ⚠️ [Mismatch] Cycle Back predicted '8' (Expected '4') (Ent: 2.58)
EMNIST:'5' -> CIFAR10 | Predict: 'dog' (Ent: 1.85)
  ⚠️ [Mismatch] Cycle Back predicted '8' (Expected '5') (Ent: 2.58)
EMNIST:'6' -> CIFAR10 | Predict: 'dog' (Ent: 1.73)
  ⚠️ [Mismatch] Cycle Back predicted '8' (Expected '6') (Ent: 2.58)
EMNIST:'7' -> CIFAR10 | Predict: 'dog' (Ent: 1.47)
  ⚠️ [Mismatch] Cycle Back predicted '8' (Expected '7') (Ent: 2.58)
EMNIST:'8' -> CIFAR10 | Predict: 'dog' (Ent: 1.53)
  ✅ [Match] EMNIST:'8' <==> CIFAR10:'dog' (Ent: 2.58)
EMNIST:'9' -> CIFAR10 | Predict: 'dog' (Ent: 1.67)
  ⚠️ [Mismatch] Cycle Back predicted '8' (Expected '9') (Ent: 2.58)
EMNIST:'A' -> CIFAR10 | Predict: 'airplane' (Ent: 1.87)
  ⚠️ [Mismatch] Cycle Back predicted '8' (Expected 'A') (Ent: 2.53)
EMNIST:'B' -> CIFAR10 | Predict: 'ship' (Ent: 1.74)
  ⚠️ [Mismatch] Cycle Back predicted 'E' (Expected 'B') (Ent: 2.83)
EMNIST:'C' -> CIFAR10 | Predict: 'ship' (Ent: 1.52)
  ⚠️ [Mismatch] Cycle Back predicted 'E' (Expected 'C') (Ent: 2.83)
EMNIST:'D' -> CIFAR10 | Predict: 'ship' (Ent: 1.68)
  ⚠️ [Mismatch] Cycle Back predicted 'E' (Expected 'D') (Ent: 2.83)
EMNIST:'E' -> CIFAR10 | Predict: 'cat' (Ent: 1.62)
  ⚠️ [Mismatch] Cycle Back predicted '8' (Expected 'E') (Ent: 2.57)
EMNIST:'F' -> CIFAR10 | Predict: 'cat' (Ent: 1.80)
  ⚠️ [Mismatch] Cycle Back predicted '8' (Expected 'F') (Ent: 2.57)
EMNIST:'G' -> CIFAR10 | Predict: 'ship' (Ent: 1.76)
  ⚠️ [Mismatch] Cycle Back predicted 'E' (Expected 'G') (Ent: 2.83)
EMNIST:'H' -> CIFAR10 | Predict: 'ship' (Ent: 1.67)
  ⚠️ [Mismatch] Cycle Back predicted 'E' (Expected 'H') (Ent: 2.83)
EMNIST:'I' -> CIFAR10 | Predict: 'bird' (Ent: 1.92)
  ⚠️ [Mismatch] Cycle Back predicted '0' (Expected 'I') (Ent: 2.67)
EMNIST:'J' -> CIFAR10 | Predict: 'ship' (Ent: 1.87)
  ⚠️ [Mismatch] Cycle Back predicted 'E' (Expected 'J') (Ent: 2.83)
EMNIST:'K' -> CIFAR10 | Predict: 'ship' (Ent: 1.72)
  ⚠️ [Mismatch] Cycle Back predicted 'E' (Expected 'K') (Ent: 2.83)
EMNIST:'L' -> CIFAR10 | Predict: 'ship' (Ent: 1.84)
  ⚠️ [Mismatch] Cycle Back predicted 'E' (Expected 'L') (Ent: 2.83)
EMNIST:'M' -> CIFAR10 | Predict: 'dog' (Ent: 1.80)
  ⚠️ [Mismatch] Cycle Back predicted '8' (Expected 'M') (Ent: 2.58)
EMNIST:'N' -> CIFAR10 | Predict: 'dog' (Ent: 1.56)
  ⚠️ [Mismatch] Cycle Back predicted '8' (Expected 'N') (Ent: 2.58)
EMNIST:'O' -> CIFAR10 | Predict: 'dog' (Ent: 1.88)
  ⚠️ [Mismatch] Cycle Back predicted '8' (Expected 'O') (Ent: 2.58)
EMNIST:'P' -> CIFAR10 | Predict: 'dog' (Ent: 1.69)
  ⚠️ [Mismatch] Cycle Back predicted '8' (Expected 'P') (Ent: 2.58)
EMNIST:'Q' -> CIFAR10 | Predict: 'dog' (Ent: 1.84)
  ⚠️ [Mismatch] Cycle Back predicted '8' (Expected 'Q') (Ent: 2.58)
EMNIST:'R' -> CIFAR10 | Predict: 'airplane' (Ent: 1.78)
  ⚠️ [Mismatch] Cycle Back predicted '8' (Expected 'R') (Ent: 2.53)
EMNIST:'S' -> CIFAR10 | Predict: 'ship' (Ent: 1.97)
  ⚠️ [Mismatch] Cycle Back predicted 'E' (Expected 'S') (Ent: 2.83)
EMNIST:'T' -> CIFAR10 | Predict: 'airplane' (Ent: 1.93)
  ⚠️ [Mismatch] Cycle Back predicted '8' (Expected 'T') (Ent: 2.53)
EMNIST:'U' -> CIFAR10 | Predict: 'ship' (Ent: 1.63)
  ⚠️ [Mismatch] Cycle Back predicted 'E' (Expected 'U') (Ent: 2.83)
EMNIST:'V' -> CIFAR10 | Predict: 'bird' (Ent: 1.34)
  ⚠️ [Mismatch] Cycle Back predicted '0' (Expected 'V') (Ent: 2.67)
EMNIST:'W' -> CIFAR10 | Predict: 'dog' (Ent: 1.42)
  ⚠️ [Mismatch] Cycle Back predicted '8' (Expected 'W') (Ent: 2.58)
EMNIST:'X' -> CIFAR10 | Predict: 'cat' (Ent: 1.60)
  ⚠️ [Mismatch] Cycle Back predicted '8' (Expected 'X') (Ent: 2.57)
EMNIST:'Y' -> CIFAR10 | Predict: 'cat' (Ent: 1.89)
  ⚠️ [Mismatch] Cycle Back predicted '8' (Expected 'Y') (Ent: 2.57)
EMNIST:'Z' -> CIFAR10 | Predict: 'ship' (Ent: 1.91)
  ⚠️ [Mismatch] Cycle Back predicted 'E' (Expected 'Z') (Ent: 2.83)
EMNIST:'a' -> CIFAR10 | Predict: 'airplane' (Ent: 1.87)
  ⚠️ [Mismatch] Cycle Back predicted '8' (Expected 'a') (Ent: 2.53)
EMNIST:'b' -> CIFAR10 | Predict: 'ship' (Ent: 1.74)
  ⚠️ [Mismatch] Cycle Back predicted 'E' (Expected 'b') (Ent: 2.83)
EMNIST:'c' -> CIFAR10 | Predict: 'ship' (Ent: 1.52)
  ⚠️ [Mismatch] Cycle Back predicted 'E' (Expected 'c') (Ent: 2.83)
EMNIST:'d' -> CIFAR10 | Predict: 'ship' (Ent: 1.68)
  ⚠️ [Mismatch] Cycle Back predicted 'E' (Expected 'd') (Ent: 2.83)
EMNIST:'e' -> CIFAR10 | Predict: 'cat' (Ent: 1.62)
  ⚠️ [Mismatch] Cycle Back predicted '8' (Expected 'e') (Ent: 2.57)
EMNIST:'f' -> CIFAR10 | Predict: 'cat' (Ent: 1.80)
  ⚠️ [Mismatch] Cycle Back predicted '8' (Expected 'f') (Ent: 2.57)
EMNIST:'g' -> CIFAR10 | Predict: 'ship' (Ent: 1.76)
  ⚠️ [Mismatch] Cycle Back predicted 'E' (Expected 'g') (Ent: 2.83)
EMNIST:'h' -> CIFAR10 | Predict: 'ship' (Ent: 1.67)
  ⚠️ [Mismatch] Cycle Back predicted 'E' (Expected 'h') (Ent: 2.83)
EMNIST:'i' -> CIFAR10 | Predict: 'bird' (Ent: 1.92)
  ⚠️ [Mismatch] Cycle Back predicted '0' (Expected 'i') (Ent: 2.67)
EMNIST:'j' -> CIFAR10 | Predict: 'ship' (Ent: 1.87)
  ⚠️ [Mismatch] Cycle Back predicted 'E' (Expected 'j') (Ent: 2.83)
EMNIST:'k' -> CIFAR10 | Predict: 'ship' (Ent: 1.72)
  ⚠️ [Mismatch] Cycle Back predicted 'E' (Expected 'k') (Ent: 2.83)
EMNIST:'l' -> CIFAR10 | Predict: 'ship' (Ent: 1.84)
  ⚠️ [Mismatch] Cycle Back predicted 'E' (Expected 'l') (Ent: 2.83)
EMNIST:'m' -> CIFAR10 | Predict: 'dog' (Ent: 1.80)
  ⚠️ [Mismatch] Cycle Back predicted '8' (Expected 'm') (Ent: 2.58)
EMNIST:'n' -> CIFAR10 | Predict: 'dog' (Ent: 1.56)
  ⚠️ [Mismatch] Cycle Back predicted '8' (Expected 'n') (Ent: 2.58)
EMNIST:'o' -> CIFAR10 | Predict: 'dog' (Ent: 1.88)
  ⚠️ [Mismatch] Cycle Back predicted '8' (Expected 'o') (Ent: 2.58)
EMNIST:'p' -> CIFAR10 | Predict: 'dog' (Ent: 1.69)
  ⚠️ [Mismatch] Cycle Back predicted '8' (Expected 'p') (Ent: 2.58)
EMNIST:'q' -> CIFAR10 | Predict: 'dog' (Ent: 1.84)
  ⚠️ [Mismatch] Cycle Back predicted '8' (Expected 'q') (Ent: 2.58)
EMNIST:'r' -> CIFAR10 | Predict: 'airplane' (Ent: 1.78)
  ⚠️ [Mismatch] Cycle Back predicted '8' (Expected 'r') (Ent: 2.53)
EMNIST:'s' -> CIFAR10 | Predict: 'ship' (Ent: 1.97)
  ⚠️ [Mismatch] Cycle Back predicted 'E' (Expected 's') (Ent: 2.83)
EMNIST:'t' -> CIFAR10 | Predict: 'airplane' (Ent: 1.93)
  ⚠️ [Mismatch] Cycle Back predicted '8' (Expected 't') (Ent: 2.53)
EMNIST:'u' -> CIFAR10 | Predict: 'ship' (Ent: 1.63)
  ⚠️ [Mismatch] Cycle Back predicted 'E' (Expected 'u') (Ent: 2.83)
EMNIST:'v' -> CIFAR10 | Predict: 'bird' (Ent: 1.34)
  ⚠️ [Mismatch] Cycle Back predicted '0' (Expected 'v') (Ent: 2.67)
EMNIST:'w' -> CIFAR10 | Predict: 'dog' (Ent: 1.42)
  ⚠️ [Mismatch] Cycle Back predicted '8' (Expected 'w') (Ent: 2.58)
EMNIST:'x' -> CIFAR10 | Predict: 'cat' (Ent: 1.60)
  ⚠️ [Mismatch] Cycle Back predicted '8' (Expected 'x') (Ent: 2.57)
EMNIST:'y' -> CIFAR10 | Predict: 'cat' (Ent: 1.89)
  ⚠️ [Mismatch] Cycle Back predicted '8' (Expected 'y') (Ent: 2.57)
EMNIST:'z' -> CIFAR10 | Predict: 'ship' (Ent: 1.91)
  ⚠️ [Mismatch] Cycle Back predicted 'E' (Expected 'z') (Ent: 2.83)
CIFAR10:'automobile' -> MNIST | Predict: '8' (Ent: 1.62)
  ⚠️ [Mismatch] Cycle Back predicted 'dog' (Expected 'automobile') (Ent: 0.81)
CIFAR10:'bird' -> MNIST | Predict: '8' (Ent: 1.87)
  ⚠️ [Mismatch] Cycle Back predicted 'dog' (Expected 'bird') (Ent: 0.81)
CIFAR10:'deer' -> MNIST | Predict: '8' (Ent: 1.53)
  ⚠️ [Mismatch] Cycle Back predicted 'dog' (Expected 'deer') (Ent: 0.81)
CIFAR10:'frog' -> MNIST | Predict: '8' (Ent: 1.69)
  ⚠️ [Mismatch] Cycle Back predicted 'dog' (Expected 'frog') (Ent: 0.81)
CIFAR10:'horse' -> MNIST | Predict: '8' (Ent: 1.71)
  ⚠️ [Mismatch] Cycle Back predicted 'dog' (Expected 'horse') (Ent: 0.81)
CIFAR10:'truck' -> MNIST | Predict: '8' (Ent: 1.52)
  ⚠️ [Mismatch] Cycle Back predicted 'dog' (Expected 'truck') (Ent: 0.81)
CIFAR10:'automobile' -> EMNIST | Predict: '8' (Ent: 2.71)
  ⚠️ [Mismatch] Cycle Back predicted 'dog' (Expected 'automobile') (Ent: 1.53)
CIFAR10:'deer' -> EMNIST | Predict: '8' (Ent: 2.73)
  ⚠️ [Mismatch] Cycle Back predicted 'dog' (Expected 'deer') (Ent: 1.53)
CIFAR10:'frog' -> EMNIST | Predict: '8' (Ent: 2.59)
  ⚠️ [Mismatch] Cycle Back predicted 'dog' (Expected 'frog') (Ent: 1.53)
CIFAR10:'horse' -> EMNIST | Predict: '0' (Ent: 3.00)
  ⚠️ [Mismatch] Cycle Back predicted 'dog' (Expected 'horse') (Ent: 1.81)
CIFAR10:'truck' -> EMNIST | Predict: '8' (Ent: 2.64)
  ⚠️ [Mismatch] Cycle Back predicted 'dog' (Expected 'truck') (Ent: 1.53)
