
##################################################
Entropy Ratio = 0.1
##################################################

==================================================
Label Mapping Summary:
Global ID = 0  | from: client_11: 'B', client_12: '3', client_14: 'm', client_16: 'B', client_18: '3', client_2: '3', client_4: '3', client_5: '3', client_7: '3', client_9: '3'
Global ID = 1  | from: client_11: '4', client_12: 'N', client_14: '4', client_15: 'X', client_17: 'M', client_18: 'X', client_20: '4', client_3: '4', client_4: '4', client_6: '4', client_7: '4', client_8: '4'
Global ID = 2  | from: client_11: 'o', client_12: 'z', client_13: 'C', client_14: 'c', client_15: 'D', client_16: 'O', client_17: 'Z', client_18: 'Z', client_19: '2', client_20: 'C', client_22: 'dog'
Global ID = 3  | from: client_12: '8', client_13: 'g', client_14: '8', client_15: '8', client_16: 'q', client_17: '8', client_18: '8', client_19: 'g', client_20: '8', client_23: 'deer', client_25: 'horse', client_26: 'truck', client_27: 'bird', client_28: 'dog', client_29: 'horse', client_31: 'truck', client_4: '8'
Global ID = 5  | from: client_11: 'K', client_14: 'R', client_15: 'K', client_17: 'k', client_18: 'K', client_19: 'R'
Global ID = 6  | from: client_12: 'e', client_13: 'e', client_14: 'e', client_15: 's', client_16: 'E', client_17: 'e', client_18: 'E', client_19: 'E', client_26: 'airplane', client_28: 'automobile'
Global ID = 7  | from: client_1: '6', client_11: 'U', client_12: 'p', client_13: 'G', client_14: 'X', client_15: 'W', client_16: '6', client_17: 'H', client_18: '6', client_19: 'k', client_2: '4', client_20: 'V', client_22: 'bird', client_23: 'cat', client_24: 'dog', client_25: 'bird', client_26: 'cat', client_27: 'deer', client_28: 'horse', client_29: 'truck', client_3: '6', client_30: 'horse', client_31: 'frog', client_5: '8', client_6: '6', client_9: '4'
Global ID = 8  | from: client_0: '2', client_1: '2', client_11: '2', client_12: 'a', client_13: '2', client_14: '2', client_15: 'z', client_16: 'D', client_17: 'Q', client_18: 'h', client_19: 'z', client_20: 'G', client_27: 'ship', client_4: '2', client_5: '2', client_8: '2'
Global ID = 10 | from: client_11: 'L', client_13: '1', client_14: 'I', client_17: '6', client_18: 'u', client_20: '1', client_3: '1', client_4: '6', client_7: '6', client_8: '6', client_9: '6'
Global ID = 11 | from: client_1: '3', client_11: 'W', client_12: 'l', client_13: 'W', client_14: 'W', client_15: 'F', client_16: 'W', client_17: 'V', client_18: 'k', client_19: 'w', client_2: '8', client_20: 'S', client_22: 'frog', client_23: 'airplane', client_24: 'deer', client_25: 'truck', client_26: 'ship', client_27: 'frog', client_28: 'truck', client_29: 'ship', client_30: 'dog', client_31: 'deer', client_4: '9', client_5: '9', client_6: '2', client_9: '2'
Global ID = 12 | from: client_0: '5', client_1: '5', client_11: 'S', client_12: '5', client_13: '5', client_14: 'S', client_16: 's', client_17: '5', client_18: 'r', client_19: 's', client_20: 's', client_4: '5', client_6: '5', client_9: '5'
Global ID = 13 | from: client_11: 'f', client_12: 'F', client_13: 'F', client_14: 'F', client_16: 'F', client_17: 'F', client_19: 'F'
Global ID = 16 | from: client_14: 'q', client_15: '9', client_16: '9', client_17: '9', client_18: 'n', client_19: 'n', client_2: '9', client_20: 'n', client_3: '9', client_7: '9', client_9: '9'
Global ID = 17 | from: client_12: 'U', client_14: 'U', client_16: 'u', client_18: 'm', client_20: 'U'
Global ID = 19 | from: client_11: '7', client_13: '7', client_14: '7', client_15: '7', client_16: '7', client_18: '9'
Global ID = 20 | from: client_11: 'u', client_12: 'o', client_13: '0', client_14: 'D', client_15: 'o', client_16: '0', client_17: 'q', client_18: 'O', client_19: 'O', client_20: 'O', client_22: 'automobile', client_23: 'bird', client_25: 'ship', client_27: 'dog', client_3: '0', client_30: 'frog', client_31: 'ship', client_7: '0', client_8: '0'
Global ID = 21 | from: client_11: 'k', client_14: 'b', client_20: 'b'
Global ID = 22 | from: client_0: '1', client_11: 'l', client_13: 'l', client_14: '1', client_15: '1', client_16: 'I', client_17: 'l', client_18: 'l', client_19: '1', client_20: 'i', client_23: 'horse', client_29: 'bird', client_31: 'bird', client_4: '1', client_5: '1', client_7: '1', client_8: '1'
Global ID = 23 | from: client_14: 'J', client_15: 'T', client_17: 'T', client_18: 'T', client_3: '7', client_6: '7', client_7: '7', client_8: '7', client_9: '7'
Global ID = 28 | from: client_14: 'a', client_17: 'a', client_18: 'A', client_20: 'A'
Global ID = 29 | from: client_11: 'I', client_12: 'Q', client_13: 'r', client_14: 'd', client_15: 'l', client_16: 'M', client_17: 'y', client_18: 'Q', client_19: 'r', client_20: 'r', client_31: 'horse', client_5: '0', client_9: '1'
Global ID = 30 | from: client_12: 'M', client_15: 'M', client_17: 'm'
Global ID = 31 | from: client_14: 'Y', client_15: 'Y', client_18: 'y', client_20: 'Y'
Global ID = 32 | from: client_16: 'C', client_17: 'C', client_18: 'c', client_22: 'cat'
Global ID = 33 | from: client_11: 'r', client_12: 'j', client_13: 'b', client_14: 'h', client_15: 'U', client_16: 'V', client_17: 'U', client_18: 'z', client_19: 'h', client_20: '6', client_28: 'cat'
Global ID = 34 | from: client_13: 'P', client_16: 'p', client_18: 'p', client_19: 'p'
Global ID = 35 | from: client_13: 'w', client_18: 'W'
Global ID = 36 | from: client_18: 'Y', client_25: 'deer', client_26: 'frog'
Global ID = 37 | from: client_14: 'l', client_15: 'i', client_17: 'I', client_18: '1'
Global ID = 39 | from: client_13: 'J', client_16: 'j', client_18: 'J', client_19: 'J'
Global ID = 40 | from: client_15: 'G', client_16: 'G'
Global ID = 41 | from: client_14: 'P', client_16: 'P'
Global ID = 42 | from: client_18: 'v', client_19: 'v'
Global ID = 43 | from: client_22: 'airplane'
Global ID = 44 | from: client_23: 'frog'
Global ID = 45 | from: client_25: 'airplane'
Global ID = 46 | from: client_25: 'automobile'
Global ID = 47 | from: client_26: 'horse'
Global ID = 48 | from: client_27: 'airplane'
Global ID = 49 | from: client_27: 'automobile'
Global ID = 50 | from: client_27: 'horse'
Global ID = 51 | from: client_28: 'airplane'
Global ID = 52 | from: client_30: 'ship'
Global ID = 53 | from: client_31: 'airplane'
Global ID = 54 | from: client_31: 'automobile'
Global ID = 55 | from: client_31: 'cat'
Global ID = 56 | from: client_31: 'dog'
Global ID = 57 | from: client_11: 'D'
Global ID = 58 | from: client_11: 'F'
Global ID = 59 | from: client_11: 'H'
Global ID = 60 | from: client_11: 'N'
Global ID = 61 | from: client_11: 'O'
Global ID = 62 | from: client_11: 'P'
Global ID = 63 | from: client_11: 'Z'
Global ID = 64 | from: client_11: 'd'
Global ID = 65 | from: client_11: 'g'
Global ID = 66 | from: client_12: 'A'
Global ID = 67 | from: client_12: 'G'
Global ID = 68 | from: client_12: 'H'
Global ID = 69 | from: client_12: 'J'
Global ID = 70 | from: client_12: 'K'
Global ID = 71 | from: client_12: 'T'
Global ID = 72 | from: client_12: 'V'
Global ID = 73 | from: client_12: 'Y'
Global ID = 74 | from: client_12: 'Z'
Global ID = 75 | from: client_12: 'd'
Global ID = 76 | from: client_12: 'f'
Global ID = 77 | from: client_12: 'k'
Global ID = 78 | from: client_12: 'n'
Global ID = 79 | from: client_12: 'r'
Global ID = 80 | from: client_12: 's'
Global ID = 81 | from: client_12: 't'
Global ID = 82 | from: client_12: 'u'
Global ID = 83 | from: client_12: 'v'
Global ID = 84 | from: client_13: 'A'
Global ID = 85 | from: client_13: 'D'
Global ID = 86 | from: client_13: 'O'
Global ID = 87 | from: client_13: 'Z'
Global ID = 88 | from: client_13: 'd'
Global ID = 89 | from: client_13: 'j'
Global ID = 90 | from: client_13: 'o'
Global ID = 91 | from: client_13: 't'
Global ID = 92 | from: client_13: 'x'
Global ID = 93 | from: client_13: 'z'
Global ID = 94 | from: client_14: '5'
Global ID = 95 | from: client_14: '9'
Global ID = 96 | from: client_14: 'C'
Global ID = 97 | from: client_14: 'H'
Global ID = 98 | from: client_14: 'T'
Global ID = 99 | from: client_14: 'V'
Global ID = 100 | from: client_14: 'i'
Global ID = 101 | from: client_14: 's'
Global ID = 102 | from: client_14: 'w'
Global ID = 103 | from: client_15: '2'
Global ID = 104 | from: client_15: '3'
Global ID = 105 | from: client_15: '4'
Global ID = 106 | from: client_15: 'I'
Global ID = 107 | from: client_15: 'J'
Global ID = 108 | from: client_15: 'S'
Global ID = 109 | from: client_15: 'c'
Global ID = 110 | from: client_15: 'd'
Global ID = 111 | from: client_15: 'f'
Global ID = 112 | from: client_15: 'm'
Global ID = 113 | from: client_15: 'p'
Global ID = 114 | from: client_15: 'u'
Global ID = 115 | from: client_15: 'v'
Global ID = 116 | from: client_15: 'w'
Global ID = 117 | from: client_15: 'x'
Global ID = 118 | from: client_16: 'A'
Global ID = 119 | from: client_16: 'b'
Global ID = 120 | from: client_16: 'c'
Global ID = 121 | from: client_16: 'h'
Global ID = 122 | from: client_16: 'l'
Global ID = 123 | from: client_16: 'm'
Global ID = 124 | from: client_16: 'n'
Global ID = 125 | from: client_16: 'r'
Global ID = 126 | from: client_16: 'v'
Global ID = 127 | from: client_16: 'z'
Global ID = 128 | from: client_17: '4'
Global ID = 129 | from: client_17: '7'
Global ID = 130 | from: client_17: 'B'
Global ID = 131 | from: client_17: 'D'
Global ID = 132 | from: client_17: 'J'
Global ID = 133 | from: client_17: 'O'
Global ID = 134 | from: client_17: 'P'
Global ID = 135 | from: client_17: 'Y'
Global ID = 136 | from: client_17: 'b'
Global ID = 137 | from: client_17: 'c'
Global ID = 138 | from: client_17: 'd'
Global ID = 139 | from: client_17: 'i'
Global ID = 140 | from: client_17: 'o'
Global ID = 141 | from: client_17: 't'
Global ID = 142 | from: client_17: 'z'
Global ID = 143 | from: client_18: 'I'
Global ID = 144 | from: client_18: 'M'
Global ID = 145 | from: client_18: 'N'
Global ID = 146 | from: client_18: 'P'
Global ID = 147 | from: client_18: 'V'
Global ID = 148 | from: client_18: 'a'
Global ID = 149 | from: client_18: 'd'
Global ID = 150 | from: client_18: 'f'
Global ID = 151 | from: client_18: 'g'
Global ID = 152 | from: client_18: 's'
Global ID = 153 | from: client_19: 'G'
Global ID = 154 | from: client_19: 'P'
Global ID = 155 | from: client_19: 'Q'
Global ID = 156 | from: client_19: 'S'
Global ID = 157 | from: client_19: 'V'
Global ID = 158 | from: client_19: 'W'
Global ID = 159 | from: client_19: 'a'
Global ID = 160 | from: client_19: 'i'
Global ID = 161 | from: client_19: 'o'
Global ID = 162 | from: client_20: '0'
Global ID = 163 | from: client_20: '2'
Global ID = 164 | from: client_20: '3'
Global ID = 165 | from: client_20: '5'
Global ID = 166 | from: client_20: '7'
Global ID = 167 | from: client_20: '9'
Global ID = 168 | from: client_20: 'B'
Global ID = 169 | from: client_20: 'D'
Global ID = 170 | from: client_20: 'E'
Global ID = 171 | from: client_20: 'F'
Global ID = 172 | from: client_20: 'H'
Global ID = 173 | from: client_20: 'I'
Global ID = 174 | from: client_20: 'J'
Global ID = 175 | from: client_20: 'K'
Global ID = 176 | from: client_20: 'L'
Global ID = 177 | from: client_20: 'M'
Global ID = 178 | from: client_20: 'N'
Global ID = 179 | from: client_20: 'P'
Global ID = 180 | from: client_20: 'Q'
Global ID = 181 | from: client_20: 'R'
Global ID = 182 | from: client_20: 'T'
Global ID = 183 | from: client_20: 'W'
Global ID = 184 | from: client_20: 'X'
Global ID = 185 | from: client_20: 'Z'
Global ID = 186 | from: client_20: 'a'
Global ID = 187 | from: client_20: 'c'
Global ID = 188 | from: client_20: 'd'
Global ID = 189 | from: client_20: 'e'
Global ID = 190 | from: client_20: 'f'
Global ID = 191 | from: client_20: 'g'
Global ID = 192 | from: client_20: 'h'
Global ID = 193 | from: client_20: 'j'
Global ID = 194 | from: client_20: 'k'
Global ID = 195 | from: client_20: 'l'
Global ID = 196 | from: client_20: 'm'
Global ID = 197 | from: client_20: 'o'
Global ID = 198 | from: client_20: 'p'
Global ID = 199 | from: client_20: 'q'
Global ID = 200 | from: client_20: 't'
Global ID = 201 | from: client_20: 'u'
Global ID = 202 | from: client_20: 'w'
Global ID = 203 | from: client_20: 'x'
Global ID = 204 | from: client_20: 'y'
Global ID = 205 | from: client_20: 'z'
Global ID = 206 | from: client_2: '5'
Global ID = 207 | from: client_6: '3'
Global ID = 208 | from: client_9: '0'
Global ID = 209 | from: client_9: '8'
==================================================


##################################################
Entropy Ratio = 0.2
##################################################

==================================================
Label Mapping Summary:
Global ID = 0  | from: client_11: 'B', client_12: '3', client_14: 'm', client_16: 'B', client_17: 'B', client_18: '3', client_2: '3', client_4: '3', client_5: '3', client_7: '3', client_9: '3'
Global ID = 1  | from: client_11: '4', client_12: 'N', client_14: '4', client_15: 'X', client_17: 'M', client_18: 'X', client_19: 'V', client_20: '4', client_3: '4', client_4: '4', client_6: '4', client_7: '4', client_8: '4'
Global ID = 2  | from: client_11: 'o', client_12: 'z', client_13: 'C', client_14: 'c', client_15: 'D', client_16: 'O', client_17: 'Z', client_18: 'Z', client_19: '2', client_20: 'C', client_22: 'dog'
Global ID = 3  | from: client_12: '8', client_13: 'g', client_14: '8', client_15: '8', client_16: 'q', client_17: '8', client_18: '8', client_19: 'g', client_20: '8', client_23: 'deer', client_25: 'horse', client_26: 'truck', client_27: 'bird', client_28: 'dog', client_29: 'horse', client_31: 'truck', client_4: '8'
Global ID = 5  | from: client_11: 'K', client_14: 'R', client_15: 'K', client_17: 'k', client_18: 'K', client_19: 'R'
Global ID = 6  | from: client_11: 'd', client_12: 'e', client_13: 'e', client_14: 'e', client_15: 's', client_16: 'E', client_17: 'e', client_18: 'E', client_19: 'E', client_20: '7', client_22: 'airplane', client_23: 'frog', client_26: 'airplane', client_28: 'automobile', client_9: '0'
Global ID = 7  | from: client_1: '6', client_11: 'U', client_12: 'p', client_13: 'G', client_14: 'X', client_15: 'W', client_16: '6', client_17: 'H', client_18: '6', client_19: 'k', client_2: '4', client_20: 'V', client_22: 'bird', client_23: 'cat', client_24: 'dog', client_25: 'bird', client_26: 'cat', client_27: 'deer', client_28: 'horse', client_29: 'truck', client_3: '6', client_30: 'horse', client_31: 'frog', client_5: '8', client_6: '6', client_9: '4'
Global ID = 8  | from: client_0: '2', client_1: '2', client_11: '2', client_12: 'a', client_13: '2', client_14: '2', client_15: 'z', client_16: 'D', client_17: 'Q', client_18: 'h', client_19: 'z', client_20: 'G', client_27: 'ship', client_31: 'automobile', client_4: '2', client_5: '2', client_8: '2'
Global ID = 10 | from: client_11: 'L', client_12: 'K', client_13: '1', client_14: 'I', client_17: '6', client_18: 'u', client_20: '1', client_3: '1', client_4: '6', client_7: '6', client_8: '6', client_9: '6'
Global ID = 11 | from: client_1: '3', client_11: 'W', client_12: 'l', client_13: 'W', client_14: 'W', client_15: 'F', client_16: 'W', client_17: 'V', client_18: 'k', client_19: 'w', client_2: '8', client_20: 'S', client_22: 'frog', client_23: 'airplane', client_24: 'deer', client_25: 'truck', client_26: 'ship', client_27: 'frog', client_28: 'truck', client_29: 'ship', client_30: 'dog', client_31: 'deer', client_4: '9', client_5: '9', client_6: '2', client_9: '2'
Global ID = 12 | from: client_0: '5', client_1: '5', client_11: 'S', client_12: '5', client_13: '5', client_14: 'S', client_16: 's', client_17: '5', client_18: 'r', client_19: 's', client_20: 's', client_4: '5', client_6: '5', client_9: '5'
Global ID = 13 | from: client_11: 'f', client_12: 'F', client_13: 'F', client_14: 'F', client_16: 'F', client_17: 'F', client_18: 'd', client_19: 'F', client_27: 'horse'
Global ID = 16 | from: client_14: 'q', client_15: '9', client_16: '9', client_17: '9', client_18: 'n', client_19: 'n', client_2: '9', client_20: 'n', client_3: '9', client_7: '9', client_9: '9'
Global ID = 17 | from: client_12: 'U', client_14: 'U', client_16: 'u', client_18: 'm', client_20: 'U'
Global ID = 19 | from: client_11: '7', client_13: '7', client_14: '7', client_15: '7', client_18: '9'
Global ID = 20 | from: client_11: 'u', client_12: 'o', client_13: '0', client_14: 'D', client_15: 'o', client_16: '0', client_17: 'q', client_18: 'O', client_19: 'O', client_2: '5', client_20: 'O', client_22: 'automobile', client_23: 'bird', client_25: 'ship', client_26: 'horse', client_27: 'dog', client_3: '0', client_30: 'frog', client_31: 'ship', client_6: '3', client_7: '0', client_8: '0'
Global ID = 21 | from: client_11: 'k', client_14: 'b', client_20: 'b'
Global ID = 22 | from: client_0: '1', client_11: 'l', client_13: 'l', client_14: '1', client_15: '1', client_16: 'I', client_17: 'l', client_18: 'l', client_19: '1', client_20: 'i', client_23: 'horse', client_28: 'airplane', client_29: 'bird', client_31: 'bird', client_4: '1', client_5: '1', client_7: '1', client_8: '1'
Global ID = 23 | from: client_14: 'J', client_15: 'T', client_16: '7', client_17: 'T', client_18: 'T', client_3: '7', client_6: '7', client_7: '7', client_8: '7', client_9: '7'
Global ID = 28 | from: client_12: 'A', client_14: 'a', client_16: 'A', client_17: 'a', client_18: 'A', client_20: 'A'
Global ID = 29 | from: client_11: 'I', client_12: 'Q', client_13: 'r', client_14: 'd', client_15: 'l', client_16: 'M', client_17: 'y', client_18: 'Q', client_19: 'r', client_20: 'r', client_31: 'horse', client_5: '0', client_9: '1'
Global ID = 30 | from: client_12: 'M', client_15: 'M', client_17: 'm', client_20: 'm'
Global ID = 31 | from: client_12: 'Y', client_14: 'Y', client_15: 'Y', client_18: 'y', client_20: 'Y'
Global ID = 32 | from: client_16: 'C', client_17: 'C', client_18: 'c', client_22: 'cat'
Global ID = 33 | from: client_11: 'r', client_12: 'j', client_13: 'b', client_14: 'h', client_15: 'U', client_16: 'V', client_17: 'U', client_18: 'z', client_19: 'h', client_20: '6', client_28: 'cat'
Global ID = 34 | from: client_11: 'F', client_13: 'P', client_16: 'p', client_17: 'P', client_18: 'p', client_19: 'p'
Global ID = 35 | from: client_13: 'w', client_18: 'W'
Global ID = 36 | from: client_17: 'i', client_18: 'Y', client_25: 'deer', client_26: 'frog', client_31: 'cat'
Global ID = 37 | from: client_14: 'l', client_15: 'i', client_17: 'I', client_18: '1'
Global ID = 39 | from: client_12: 'J', client_13: 'J', client_15: 'J', client_16: 'j', client_18: 'J', client_19: 'J'
Global ID = 40 | from: client_12: 'G', client_15: 'G', client_16: 'G', client_18: 'g'
Global ID = 41 | from: client_14: 'P', client_16: 'P'
Global ID = 42 | from: client_12: 'V', client_18: 'v', client_19: 'v'
Global ID = 43 | from: client_13: 'x', client_15: 'x', client_20: 'X'
Global ID = 44 | from: client_12: 't', client_20: 't'
Global ID = 45 | from: client_25: 'airplane'
Global ID = 46 | from: client_25: 'automobile'
Global ID = 47 | from: client_27: 'airplane'
Global ID = 48 | from: client_27: 'automobile'
Global ID = 49 | from: client_30: 'ship'
Global ID = 50 | from: client_31: 'airplane'
Global ID = 51 | from: client_31: 'dog'
Global ID = 52 | from: client_11: 'D'
Global ID = 53 | from: client_11: 'H'
Global ID = 54 | from: client_11: 'N'
Global ID = 55 | from: client_11: 'O'
Global ID = 56 | from: client_11: 'P'
Global ID = 57 | from: client_11: 'Z'
Global ID = 58 | from: client_11: 'g'
Global ID = 59 | from: client_12: 'H'
Global ID = 60 | from: client_12: 'T'
Global ID = 61 | from: client_12: 'Z'
Global ID = 62 | from: client_12: 'd'
Global ID = 63 | from: client_12: 'f'
Global ID = 64 | from: client_12: 'k'
Global ID = 65 | from: client_12: 'n'
Global ID = 66 | from: client_12: 'r'
Global ID = 67 | from: client_12: 's'
Global ID = 68 | from: client_12: 'u'
Global ID = 69 | from: client_12: 'v'
Global ID = 70 | from: client_13: 'A'
Global ID = 71 | from: client_13: 'D'
Global ID = 72 | from: client_13: 'O'
Global ID = 73 | from: client_13: 'Z'
Global ID = 74 | from: client_13: 'd'
Global ID = 75 | from: client_13: 'j'
Global ID = 76 | from: client_13: 'o'
Global ID = 77 | from: client_13: 't'
Global ID = 78 | from: client_13: 'z'
Global ID = 79 | from: client_14: '5'
Global ID = 80 | from: client_14: '9'
Global ID = 81 | from: client_14: 'C'
Global ID = 82 | from: client_14: 'H'
Global ID = 83 | from: client_14: 'T'
Global ID = 84 | from: client_14: 'V'
Global ID = 85 | from: client_14: 'i'
Global ID = 86 | from: client_14: 's'
Global ID = 87 | from: client_14: 'w'
Global ID = 88 | from: client_15: '2'
Global ID = 89 | from: client_15: '3'
Global ID = 90 | from: client_15: '4'
Global ID = 91 | from: client_15: 'I'
Global ID = 92 | from: client_15: 'S'
Global ID = 93 | from: client_15: 'c'
Global ID = 94 | from: client_15: 'd'
Global ID = 95 | from: client_15: 'f'
Global ID = 96 | from: client_15: 'm'
Global ID = 97 | from: client_15: 'p'
Global ID = 98 | from: client_15: 'u'
Global ID = 99 | from: client_15: 'v'
Global ID = 100 | from: client_15: 'w'
Global ID = 101 | from: client_16: 'b'
Global ID = 102 | from: client_16: 'c'
Global ID = 103 | from: client_16: 'h'
Global ID = 104 | from: client_16: 'l'
Global ID = 105 | from: client_16: 'm'
Global ID = 106 | from: client_16: 'n'
Global ID = 107 | from: client_16: 'r'
Global ID = 108 | from: client_16: 'v'
Global ID = 109 | from: client_16: 'z'
Global ID = 110 | from: client_17: '4'
Global ID = 111 | from: client_17: '7'
Global ID = 112 | from: client_17: 'D'
Global ID = 113 | from: client_17: 'J'
Global ID = 114 | from: client_17: 'O'
Global ID = 115 | from: client_17: 'Y'
Global ID = 116 | from: client_17: 'b'
Global ID = 117 | from: client_17: 'c'
Global ID = 118 | from: client_17: 'd'
Global ID = 119 | from: client_17: 'o'
Global ID = 120 | from: client_17: 't'
Global ID = 121 | from: client_17: 'z'
Global ID = 122 | from: client_18: 'I'
Global ID = 123 | from: client_18: 'M'
Global ID = 124 | from: client_18: 'N'
Global ID = 125 | from: client_18: 'P'
Global ID = 126 | from: client_18: 'V'
Global ID = 127 | from: client_18: 'a'
Global ID = 128 | from: client_18: 'f'
Global ID = 129 | from: client_18: 's'
Global ID = 130 | from: client_19: 'G'
Global ID = 131 | from: client_19: 'P'
Global ID = 132 | from: client_19: 'Q'
Global ID = 133 | from: client_19: 'S'
Global ID = 134 | from: client_19: 'W'
Global ID = 135 | from: client_19: 'a'
Global ID = 136 | from: client_19: 'i'
Global ID = 137 | from: client_19: 'o'
Global ID = 138 | from: client_20: '0'
Global ID = 139 | from: client_20: '2'
Global ID = 140 | from: client_20: '3'
Global ID = 141 | from: client_20: '5'
Global ID = 142 | from: client_20: '9'
Global ID = 143 | from: client_20: 'B'
Global ID = 144 | from: client_20: 'D'
Global ID = 145 | from: client_20: 'E'
Global ID = 146 | from: client_20: 'F'
Global ID = 147 | from: client_20: 'H'
Global ID = 148 | from: client_20: 'I'
Global ID = 149 | from: client_20: 'J'
Global ID = 150 | from: client_20: 'K'
Global ID = 151 | from: client_20: 'L'
Global ID = 152 | from: client_20: 'M'
Global ID = 153 | from: client_20: 'N'
Global ID = 154 | from: client_20: 'P'
Global ID = 155 | from: client_20: 'Q'
Global ID = 156 | from: client_20: 'R'
Global ID = 157 | from: client_20: 'T'
Global ID = 158 | from: client_20: 'W'
Global ID = 159 | from: client_20: 'Z'
Global ID = 160 | from: client_20: 'a'
Global ID = 161 | from: client_20: 'c'
Global ID = 162 | from: client_20: 'd'
Global ID = 163 | from: client_20: 'e'
Global ID = 164 | from: client_20: 'f'
Global ID = 165 | from: client_20: 'g'
Global ID = 166 | from: client_20: 'h'
Global ID = 167 | from: client_20: 'j'
Global ID = 168 | from: client_20: 'k'
Global ID = 169 | from: client_20: 'l'
Global ID = 170 | from: client_20: 'o'
Global ID = 171 | from: client_20: 'p'
Global ID = 172 | from: client_20: 'q'
Global ID = 173 | from: client_20: 'u'
Global ID = 174 | from: client_20: 'w'
Global ID = 175 | from: client_20: 'x'
Global ID = 176 | from: client_20: 'y'
Global ID = 177 | from: client_20: 'z'
Global ID = 178 | from: client_9: '8'
==================================================


##################################################
Entropy Ratio = 0.3
##################################################

==================================================
Label Mapping Summary:
Global ID = 1  | from: client_11: '4', client_12: 'N', client_14: '4', client_15: 'X', client_16: 'm', client_17: 'M', client_18: 'X', client_19: 'V', client_20: '4', client_3: '4', client_4: '4', client_6: '4', client_7: '4', client_8: '4'
Global ID = 2  | from: client_11: 'o', client_12: 'z', client_13: 'C', client_14: 'c', client_15: 'D', client_16: 'O', client_17: 'Z', client_18: 'Z', client_19: '2', client_20: 'C', client_22: 'dog'
Global ID = 3  | from: client_12: '8', client_13: 'g', client_14: '8', client_15: '8', client_16: 'q', client_17: '8', client_18: '8', client_19: 'g', client_20: '8', client_23: 'deer', client_25: 'horse', client_26: 'truck', client_27: 'bird', client_28: 'dog', client_29: 'horse', client_30: 'ship', client_31: 'truck', client_4: '8'
Global ID = 5  | from: client_11: 'K', client_14: 'R', client_15: 'K', client_17: 'k', client_18: 'K', client_19: 'R'
Global ID = 6  | from: client_11: 'd', client_12: 'e', client_13: 'e', client_14: 'e', client_15: 's', client_16: 'E', client_17: 'e', client_18: 'E', client_19: 'E', client_20: '7', client_22: 'airplane', client_26: 'airplane', client_27: 'airplane', client_28: 'automobile', client_9: '0'
Global ID = 7  | from: client_1: '6', client_11: 'U', client_12: 'p', client_13: 'G', client_14: 'X', client_15: 'W', client_16: '6', client_17: 'H', client_18: '6', client_19: 'k', client_2: '4', client_20: 'V', client_22: 'bird', client_23: 'cat', client_24: 'dog', client_25: 'bird', client_26: 'cat', client_27: 'deer', client_28: 'horse', client_29: 'truck', client_3: '6', client_30: 'horse', client_31: 'frog', client_5: '8', client_6: '6', client_9: '4'
Global ID = 8  | from: client_0: '2', client_1: '2', client_11: '2', client_12: 'a', client_13: '2', client_14: '2', client_15: 'z', client_16: 'D', client_17: 'Q', client_18: 'h', client_19: 'z', client_20: 'G', client_25: 'automobile', client_27: 'ship', client_31: 'automobile', client_4: '2', client_5: '2', client_8: '2'
Global ID = 11 | from: client_1: '3', client_11: 'W', client_12: 'l', client_13: 'W', client_14: 'W', client_15: 'F', client_16: 'W', client_17: 'V', client_18: 'k', client_19: 'w', client_2: '8', client_20: 'S', client_22: 'frog', client_23: 'airplane', client_24: 'deer', client_25: 'truck', client_26: 'ship', client_27: 'frog', client_28: 'truck', client_29: 'ship', client_30: 'dog', client_31: 'deer', client_4: '9', client_5: '9', client_6: '2', client_9: '2'
Global ID = 12 | from: client_0: '5', client_1: '5', client_11: 'S', client_12: '5', client_13: '5', client_14: 'S', client_16: 's', client_17: '5', client_18: 'r', client_19: 's', client_20: 's', client_4: '5', client_6: '5', client_9: '5'
Global ID = 13 | from: client_11: 'f', client_12: 'F', client_13: 'F', client_14: 'F', client_16: 'F', client_17: 'F', client_18: 'd', client_19: 'F', client_27: 'horse'
Global ID = 16 | from: client_12: 'n', client_14: 'q', client_15: '9', client_16: '9', client_17: '9', client_18: 'n', client_19: 'n', client_2: '9', client_20: 'n', client_3: '9', client_7: '9', client_9: '9'
Global ID = 17 | from: client_12: 'U', client_14: 'U', client_16: 'u', client_18: 'm', client_19: 'W', client_20: 'U'
Global ID = 19 | from: client_11: '7', client_13: '7', client_14: '7', client_15: '7', client_18: '9'
Global ID = 20 | from: client_11: 'u', client_12: 'o', client_13: '0', client_14: 'D', client_15: 'o', client_16: '0', client_17: 'q', client_18: 'O', client_19: 'O', client_2: '5', client_20: 'O', client_22: 'automobile', client_23: 'bird', client_25: 'ship', client_26: 'horse', client_27: 'dog', client_3: '0', client_30: 'frog', client_31: 'ship', client_6: '3', client_7: '0', client_8: '0', client_9: '8'
Global ID = 21 | from: client_11: 'k', client_14: 'b', client_20: 'b'
Global ID = 22 | from: client_0: '1', client_11: 'l', client_13: 'l', client_14: '1', client_15: '1', client_16: 'I', client_17: 'l', client_18: 'l', client_19: '1', client_20: 'i', client_23: 'horse', client_25: 'airplane', client_28: 'airplane', client_29: 'bird', client_31: 'bird', client_4: '1', client_5: '1', client_7: '1', client_8: '1'
Global ID = 28 | from: client_12: 'A', client_13: 'O', client_14: 'a', client_16: 'A', client_17: 'a', client_18: 'A', client_19: 'i', client_20: 'A'
Global ID = 29 | from: client_11: 'I', client_12: 'Q', client_13: 'r', client_14: 'd', client_15: 'l', client_16: 'M', client_17: 'y', client_18: 'Q', client_19: 'r', client_20: 'r', client_31: 'horse', client_5: '0', client_9: '1'
Global ID = 30 | from: client_12: 'M', client_15: 'M', client_17: 'm', client_20: 'm'
Global ID = 31 | from: client_12: 'Y', client_14: 'Y', client_15: 'Y', client_17: 'Y', client_18: 'y', client_20: 'Y'
Global ID = 32 | from: client_14: 's', client_16: 'C', client_17: 'C', client_18: 'c', client_22: 'cat'
Global ID = 33 | from: client_11: 'r', client_12: 'j', client_13: 'b', client_14: 'h', client_15: 'U', client_16: 'V', client_17: 'U', client_18: 'z', client_19: 'h', client_20: '6', client_23: 'frog', client_28: 'cat'
Global ID = 34 | from: client_11: 'F', client_13: 'P', client_16: 'p', client_17: 'P', client_18: 'p', client_19: 'p'
Global ID = 35 | from: client_13: 'w', client_16: 'r', client_18: 'W'
Global ID = 36 | from: client_17: 'i', client_18: 'Y', client_25: 'deer', client_26: 'frog', client_31: 'cat'
Global ID = 37 | from: client_14: 'l', client_15: 'i', client_17: 'I', client_18: '1'
Global ID = 39 | from: client_12: 'J', client_13: 'J', client_14: '5', client_15: 'J', client_16: 'j', client_18: 'J', client_19: 'J'
Global ID = 40 | from: client_11: 'L', client_12: 'K', client_13: '1', client_14: 'I', client_15: 'G', client_16: 'G', client_17: '6', client_18: 'u', client_19: 'G', client_20: '1', client_3: '1', client_4: '6', client_7: '6', client_8: '6', client_9: '6'
Global ID = 41 | from: client_14: 'P', client_16: 'P'
Global ID = 42 | from: client_12: 'V', client_14: 'V', client_18: 'v', client_19: 'v'
Global ID = 43 | from: client_11: 'B', client_12: '3', client_13: 'x', client_14: 'm', client_15: 'x', client_16: 'B', client_17: 'B', client_18: '3', client_2: '3', client_20: 'X', client_4: '3', client_5: '3', client_7: '3', client_9: '3'
Global ID = 44 | from: client_12: 't', client_14: 'J', client_15: 'T', client_16: '7', client_17: 'T', client_18: 'T', client_19: 'P', client_20: 't', client_3: '7', client_6: '7', client_7: '7', client_8: '7', client_9: '7'
Global ID = 45 | from: client_12: 'Z', client_17: 'z'
Global ID = 46 | from: client_18: 's', client_19: 'S'
Global ID = 47 | from: client_27: 'automobile'
Global ID = 48 | from: client_31: 'airplane'
Global ID = 49 | from: client_31: 'dog'
Global ID = 50 | from: client_11: 'D'
Global ID = 51 | from: client_11: 'H'
Global ID = 52 | from: client_11: 'N'
Global ID = 53 | from: client_11: 'O'
Global ID = 54 | from: client_11: 'P'
Global ID = 55 | from: client_11: 'Z'
Global ID = 56 | from: client_11: 'g'
Global ID = 57 | from: client_12: 'G'
Global ID = 58 | from: client_12: 'H'
Global ID = 59 | from: client_12: 'T'
Global ID = 60 | from: client_12: 'd'
Global ID = 61 | from: client_12: 'f'
Global ID = 62 | from: client_12: 'k'
Global ID = 63 | from: client_12: 'r'
Global ID = 64 | from: client_12: 's'
Global ID = 65 | from: client_12: 'u'
Global ID = 66 | from: client_12: 'v'
Global ID = 67 | from: client_13: 'A'
Global ID = 68 | from: client_13: 'D'
Global ID = 69 | from: client_13: 'Z'
Global ID = 70 | from: client_13: 'd'
Global ID = 71 | from: client_13: 'j'
Global ID = 72 | from: client_13: 'o'
Global ID = 73 | from: client_13: 't'
Global ID = 74 | from: client_13: 'z'
Global ID = 75 | from: client_14: '9'
Global ID = 76 | from: client_14: 'C'
Global ID = 77 | from: client_14: 'H'
Global ID = 78 | from: client_14: 'T'
Global ID = 79 | from: client_14: 'i'
Global ID = 80 | from: client_14: 'w'
Global ID = 81 | from: client_15: '2'
Global ID = 82 | from: client_15: '3'
Global ID = 83 | from: client_15: '4'
Global ID = 84 | from: client_15: 'I'
Global ID = 85 | from: client_15: 'S'
Global ID = 86 | from: client_15: 'c'
Global ID = 87 | from: client_15: 'd'
Global ID = 88 | from: client_15: 'f'
Global ID = 89 | from: client_15: 'm'
Global ID = 90 | from: client_15: 'p'
Global ID = 91 | from: client_15: 'u'
Global ID = 92 | from: client_15: 'v'
Global ID = 93 | from: client_15: 'w'
Global ID = 94 | from: client_16: 'b'
Global ID = 95 | from: client_16: 'c'
Global ID = 96 | from: client_16: 'h'
Global ID = 97 | from: client_16: 'l'
Global ID = 98 | from: client_16: 'n'
Global ID = 99 | from: client_16: 'v'
Global ID = 100 | from: client_16: 'z'
Global ID = 101 | from: client_17: '4'
Global ID = 102 | from: client_17: '7'
Global ID = 103 | from: client_17: 'D'
Global ID = 104 | from: client_17: 'J'
Global ID = 105 | from: client_17: 'O'
Global ID = 106 | from: client_17: 'b'
Global ID = 107 | from: client_17: 'c'
Global ID = 108 | from: client_17: 'd'
Global ID = 109 | from: client_17: 'o'
Global ID = 110 | from: client_17: 't'
Global ID = 111 | from: client_18: 'I'
Global ID = 112 | from: client_18: 'M'
Global ID = 113 | from: client_18: 'N'
Global ID = 114 | from: client_18: 'P'
Global ID = 115 | from: client_18: 'V'
Global ID = 116 | from: client_18: 'a'
Global ID = 117 | from: client_18: 'f'
Global ID = 118 | from: client_18: 'g'
Global ID = 119 | from: client_19: 'Q'
Global ID = 120 | from: client_19: 'a'
Global ID = 121 | from: client_19: 'o'
Global ID = 122 | from: client_20: '0'
Global ID = 123 | from: client_20: '2'
Global ID = 124 | from: client_20: '3'
Global ID = 125 | from: client_20: '5'
Global ID = 126 | from: client_20: '9'
Global ID = 127 | from: client_20: 'B'
Global ID = 128 | from: client_20: 'D'
Global ID = 129 | from: client_20: 'E'
Global ID = 130 | from: client_20: 'F'
Global ID = 131 | from: client_20: 'H'
Global ID = 132 | from: client_20: 'I'
Global ID = 133 | from: client_20: 'J'
Global ID = 134 | from: client_20: 'K'
Global ID = 135 | from: client_20: 'L'
Global ID = 136 | from: client_20: 'M'
Global ID = 137 | from: client_20: 'N'
Global ID = 138 | from: client_20: 'P'
Global ID = 139 | from: client_20: 'Q'
Global ID = 140 | from: client_20: 'R'
Global ID = 141 | from: client_20: 'T'
Global ID = 142 | from: client_20: 'W'
Global ID = 143 | from: client_20: 'Z'
Global ID = 144 | from: client_20: 'a'
Global ID = 145 | from: client_20: 'c'
Global ID = 146 | from: client_20: 'd'
Global ID = 147 | from: client_20: 'e'
Global ID = 148 | from: client_20: 'f'
Global ID = 149 | from: client_20: 'g'
Global ID = 150 | from: client_20: 'h'
Global ID = 151 | from: client_20: 'j'
Global ID = 152 | from: client_20: 'k'
Global ID = 153 | from: client_20: 'l'
Global ID = 154 | from: client_20: 'o'
Global ID = 155 | from: client_20: 'p'
Global ID = 156 | from: client_20: 'q'
Global ID = 157 | from: client_20: 'u'
Global ID = 158 | from: client_20: 'w'
Global ID = 159 | from: client_20: 'x'
Global ID = 160 | from: client_20: 'y'
Global ID = 161 | from: client_20: 'z'
==================================================


##################################################
Entropy Ratio = 0.4
##################################################

==================================================
Label Mapping Summary:
Global ID = 1  | from: client_11: '4', client_12: 'N', client_14: '4', client_15: 'X', client_16: 'A', client_17: 'M', client_18: 'X', client_19: 'V', client_20: '4', client_27: 'automobile', client_3: '4', client_4: '4', client_6: '4', client_7: '4', client_8: '4'
Global ID = 2  | from: client_11: 'o', client_12: 'z', client_13: 'C', client_14: 'c', client_15: 'D', client_16: 'O', client_17: 'Z', client_18: 'Z', client_19: '2', client_20: 'C', client_22: 'dog'
Global ID = 3  | from: client_11: 'H', client_12: '8', client_13: 'g', client_14: '8', client_15: '8', client_16: 'q', client_17: '8', client_18: '8', client_19: 'g', client_20: '8', client_23: 'deer', client_25: 'horse', client_26: 'truck', client_27: 'bird', client_28: 'dog', client_29: 'horse', client_30: 'ship', client_31: 'truck', client_4: '8'
Global ID = 5  | from: client_11: 'K', client_14: 'R', client_15: 'K', client_17: 'k', client_18: 'K', client_19: 'R', client_20: 'a'
Global ID = 6  | from: client_11: 'd', client_12: 'e', client_13: 'e', client_14: 'e', client_15: 's', client_16: 'E', client_17: 'e', client_18: 'E', client_19: 'E', client_20: '7', client_22: 'airplane', client_26: 'airplane', client_27: 'airplane', client_28: 'automobile', client_9: '0'
Global ID = 7  | from: client_1: '6', client_11: 'U', client_12: 'p', client_13: 'G', client_14: 'X', client_15: 'W', client_16: '6', client_17: 'H', client_18: '6', client_19: 'k', client_2: '4', client_20: 'V', client_22: 'bird', client_23: 'cat', client_24: 'dog', client_25: 'bird', client_26: 'cat', client_27: 'deer', client_28: 'horse', client_29: 'truck', client_3: '6', client_30: 'horse', client_31: 'frog', client_5: '8', client_6: '6', client_9: '4'
Global ID = 8  | from: client_0: '2', client_1: '2', client_11: '2', client_12: 'a', client_13: '2', client_14: '2', client_15: 'z', client_16: 'D', client_17: 'Q', client_18: 'h', client_19: 'z', client_20: 'G', client_25: 'automobile', client_27: 'ship', client_31: 'automobile', client_4: '2', client_5: '2', client_8: '2'
Global ID = 11 | from: client_1: '3', client_11: 'W', client_12: 'l', client_13: 'W', client_14: 'W', client_15: 'F', client_16: 'W', client_17: 'V', client_18: 'k', client_19: 'w', client_2: '8', client_20: 'S', client_22: 'frog', client_23: 'airplane', client_24: 'deer', client_25: 'truck', client_26: 'ship', client_27: 'frog', client_28: 'truck', client_29: 'ship', client_30: 'dog', client_31: 'deer', client_4: '9', client_5: '9', client_6: '2', client_9: '2'
Global ID = 12 | from: client_0: '5', client_1: '5', client_11: 'S', client_12: '5', client_13: '5', client_14: 'S', client_16: 's', client_17: '5', client_18: 'r', client_19: 's', client_20: 's', client_4: '5', client_6: '5', client_9: '5'
Global ID = 13 | from: client_11: 'f', client_12: 'F', client_13: 'F', client_14: 'F', client_15: 'f', client_16: 'F', client_17: 'F', client_18: 'd', client_19: 'F', client_20: 'u', client_27: 'horse'
Global ID = 16 | from: client_12: 'n', client_14: 'q', client_15: '9', client_16: '9', client_17: '9', client_18: 'n', client_19: 'n', client_2: '9', client_20: 'n', client_3: '9', client_7: '9', client_9: '9'
Global ID = 17 | from: client_11: 'N', client_12: 'U', client_14: 'U', client_15: 'm', client_16: 'u', client_18: 'm', client_20: 'U'
Global ID = 19 | from: client_11: '7', client_13: '7', client_14: '7', client_15: '7', client_18: '9'
Global ID = 20 | from: client_11: 'u', client_12: 'o', client_13: '0', client_14: 'D', client_15: 'o', client_16: '0', client_17: 'q', client_18: 'O', client_19: 'O', client_2: '5', client_20: 'O', client_22: 'automobile', client_23: 'bird', client_25: 'ship', client_26: 'horse', client_27: 'dog', client_3: '0', client_30: 'frog', client_31: 'ship', client_6: '3', client_7: '0', client_8: '0', client_9: '8'
Global ID = 22 | from: client_0: '1', client_11: 'l', client_12: 'f', client_13: 'l', client_14: '1', client_15: '1', client_16: 'I', client_17: 'l', client_18: 'l', client_19: '1', client_20: 'i', client_23: 'horse', client_25: 'airplane', client_28: 'airplane', client_29: 'bird', client_31: 'bird', client_4: '1', client_5: '1', client_7: '1', client_8: '1'
Global ID = 28 | from: client_11: 'D', client_12: 'A', client_13: 'O', client_14: 'a', client_17: 'a', client_18: 'A', client_19: 'i', client_20: 'A', client_31: 'airplane'
Global ID = 29 | from: client_11: 'I', client_12: 'Q', client_13: 'r', client_14: 'd', client_15: 'l', client_16: 'M', client_17: 'y', client_18: 'Q', client_19: 'r', client_20: 'r', client_31: 'horse', client_5: '0', client_9: '1'
Global ID = 30 | from: client_12: 'M', client_15: 'M', client_16: 'm', client_17: 'm', client_20: 'm'
Global ID = 31 | from: client_12: 'Y', client_14: 'Y', client_15: 'Y', client_17: 'Y', client_18: 'y', client_20: 'Y'
Global ID = 32 | from: client_13: 'Z', client_14: 's', client_15: 'c', client_16: 'C', client_17: 'C', client_18: 'c', client_22: 'cat'
Global ID = 33 | from: client_11: 'r', client_12: 'j', client_13: 'b', client_14: 'h', client_15: 'U', client_16: 'V', client_17: 'U', client_18: 'z', client_19: 'h', client_20: '6', client_23: 'frog', client_28: 'cat', client_31: 'dog'
Global ID = 34 | from: client_11: 'F', client_13: 'P', client_15: 'p', client_16: 'p', client_17: 'P', client_18: 'p', client_19: 'p'
Global ID = 35 | from: client_13: 'w', client_16: 'r', client_18: 'W'
Global ID = 36 | from: client_12: 'H', client_17: 'i', client_18: 'Y', client_25: 'deer', client_26: 'frog', client_31: 'cat'
Global ID = 37 | from: client_14: 'l', client_15: 'i', client_17: 'I', client_18: '1', client_20: 'q'
Global ID = 39 | from: client_12: 'J', client_13: 'J', client_14: '5', client_15: 'J', client_16: 'j', client_18: 'J', client_19: 'J', client_20: 'J'
Global ID = 40 | from: client_11: 'L', client_12: 'K', client_13: '1', client_14: 'I', client_15: 'G', client_16: 'G', client_17: '6', client_18: 'u', client_19: 'W', client_20: '1', client_3: '1', client_4: '6', client_7: '6', client_8: '6', client_9: '6'
Global ID = 41 | from: client_14: 'P', client_16: 'P'
Global ID = 42 | from: client_12: 'V', client_14: 'V', client_18: 'v', client_19: 'v'
Global ID = 43 | from: client_11: 'B', client_12: '3', client_13: 'x', client_14: 'm', client_15: 'x', client_16: 'B', client_17: 'B', client_18: '3', client_19: 'S', client_2: '3', client_20: 'X', client_4: '3', client_5: '3', client_7: '3', client_9: '3'
Global ID = 44 | from: client_11: 'Z', client_12: 't', client_14: 'J', client_15: 'T', client_16: '7', client_17: 'T', client_18: 'T', client_19: 'P', client_20: 't', client_3: '7', client_6: '7', client_7: '7', client_8: '7', client_9: '7'
Global ID = 45 | from: client_12: 'Z', client_17: 'z'
Global ID = 46 | from: client_11: 'k', client_12: 'G', client_14: 'b', client_19: 'G', client_20: 'b'
Global ID = 47 | from: client_18: 'N', client_20: 'N'
Global ID = 48 | from: client_18: 'g', client_20: '9'
Global ID = 49 | from: client_11: 'O'
Global ID = 50 | from: client_11: 'P'
Global ID = 51 | from: client_11: 'g'
Global ID = 52 | from: client_12: 'T'
Global ID = 53 | from: client_12: 'd'
Global ID = 54 | from: client_12: 'k'
Global ID = 55 | from: client_12: 'r'
Global ID = 56 | from: client_12: 's'
Global ID = 57 | from: client_12: 'u'
Global ID = 58 | from: client_12: 'v'
Global ID = 59 | from: client_13: 'A'
Global ID = 60 | from: client_13: 'D'
Global ID = 61 | from: client_13: 'd'
Global ID = 62 | from: client_13: 'j'
Global ID = 63 | from: client_13: 'o'
Global ID = 64 | from: client_13: 't'
Global ID = 65 | from: client_13: 'z'
Global ID = 66 | from: client_14: '9'
Global ID = 67 | from: client_14: 'C'
Global ID = 68 | from: client_14: 'H'
Global ID = 69 | from: client_14: 'T'
Global ID = 70 | from: client_14: 'i'
Global ID = 71 | from: client_14: 'w'
Global ID = 72 | from: client_15: '2'
Global ID = 73 | from: client_15: '3'
Global ID = 74 | from: client_15: '4'
Global ID = 75 | from: client_15: 'I'
Global ID = 76 | from: client_15: 'S'
Global ID = 77 | from: client_15: 'd'
Global ID = 78 | from: client_15: 'u'
Global ID = 79 | from: client_15: 'v'
Global ID = 80 | from: client_15: 'w'
Global ID = 81 | from: client_16: 'b'
Global ID = 82 | from: client_16: 'c'
Global ID = 83 | from: client_16: 'h'
Global ID = 84 | from: client_16: 'l'
Global ID = 85 | from: client_16: 'n'
Global ID = 86 | from: client_16: 'v'
Global ID = 87 | from: client_16: 'z'
Global ID = 88 | from: client_17: '4'
Global ID = 89 | from: client_17: '7'
Global ID = 90 | from: client_17: 'D'
Global ID = 91 | from: client_17: 'J'
Global ID = 92 | from: client_17: 'O'
Global ID = 93 | from: client_17: 'b'
Global ID = 94 | from: client_17: 'c'
Global ID = 95 | from: client_17: 'd'
Global ID = 96 | from: client_17: 'o'
Global ID = 97 | from: client_17: 't'
Global ID = 98 | from: client_18: 'I'
Global ID = 99 | from: client_18: 'M'
Global ID = 100 | from: client_18: 'P'
Global ID = 101 | from: client_18: 'V'
Global ID = 102 | from: client_18: 'a'
Global ID = 103 | from: client_18: 'f'
Global ID = 104 | from: client_18: 's'
Global ID = 105 | from: client_19: 'Q'
Global ID = 106 | from: client_19: 'a'
Global ID = 107 | from: client_19: 'o'
Global ID = 108 | from: client_20: '0'
Global ID = 109 | from: client_20: '2'
Global ID = 110 | from: client_20: '3'
Global ID = 111 | from: client_20: '5'
Global ID = 112 | from: client_20: 'B'
Global ID = 113 | from: client_20: 'D'
Global ID = 114 | from: client_20: 'E'
Global ID = 115 | from: client_20: 'F'
Global ID = 116 | from: client_20: 'H'
Global ID = 117 | from: client_20: 'I'
Global ID = 118 | from: client_20: 'K'
Global ID = 119 | from: client_20: 'L'
Global ID = 120 | from: client_20: 'M'
Global ID = 121 | from: client_20: 'P'
Global ID = 122 | from: client_20: 'Q'
Global ID = 123 | from: client_20: 'R'
Global ID = 124 | from: client_20: 'T'
Global ID = 125 | from: client_20: 'W'
Global ID = 126 | from: client_20: 'Z'
Global ID = 127 | from: client_20: 'c'
Global ID = 128 | from: client_20: 'd'
Global ID = 129 | from: client_20: 'e'
Global ID = 130 | from: client_20: 'f'
Global ID = 131 | from: client_20: 'g'
Global ID = 132 | from: client_20: 'h'
Global ID = 133 | from: client_20: 'j'
Global ID = 134 | from: client_20: 'k'
Global ID = 135 | from: client_20: 'l'
Global ID = 136 | from: client_20: 'o'
Global ID = 137 | from: client_20: 'p'
Global ID = 138 | from: client_20: 'w'
Global ID = 139 | from: client_20: 'x'
Global ID = 140 | from: client_20: 'y'
Global ID = 141 | from: client_20: 'z'
==================================================


##################################################
Entropy Ratio = 0.5
##################################################

==================================================
Label Mapping Summary:
Global ID = 1  | from: client_11: '4', client_12: 'N', client_14: '4', client_15: 'X', client_16: 'A', client_17: 'M', client_18: 'X', client_19: 'V', client_20: '4', client_27: 'automobile', client_3: '4', client_4: '4', client_6: '4', client_7: '4', client_8: '4'
Global ID = 2  | from: client_11: 'o', client_12: 'z', client_13: 'C', client_14: 'c', client_15: 'D', client_16: 'O', client_17: 'Z', client_18: 'Z', client_19: '2', client_20: 'C', client_22: 'dog'
Global ID = 3  | from: client_11: 'H', client_12: '8', client_13: 'g', client_14: '8', client_15: '8', client_16: 'q', client_17: '8', client_18: '8', client_19: 'g', client_20: '8', client_23: 'deer', client_25: 'horse', client_26: 'truck', client_27: 'bird', client_28: 'dog', client_29: 'horse', client_30: 'ship', client_31: 'truck', client_4: '8'
Global ID = 5  | from: client_11: 'K', client_14: 'R', client_15: 'K', client_17: 'k', client_18: 'K', client_19: 'R', client_20: 'a'
Global ID = 6  | from: client_11: 'd', client_12: 'e', client_13: 'e', client_14: 'e', client_15: 's', client_16: 'E', client_17: 'e', client_18: 'E', client_19: 'E', client_20: '7', client_22: 'airplane', client_26: 'airplane', client_27: 'airplane', client_28: 'automobile', client_31: 'airplane', client_9: '0'
Global ID = 7  | from: client_1: '6', client_11: 'U', client_12: 'p', client_13: 'G', client_14: 'X', client_15: 'W', client_16: '6', client_17: 'H', client_18: '6', client_19: 'k', client_2: '4', client_20: 'V', client_22: 'bird', client_23: 'cat', client_24: 'dog', client_25: 'bird', client_26: 'cat', client_27: 'deer', client_28: 'horse', client_29: 'truck', client_3: '6', client_30: 'horse', client_31: 'frog', client_5: '8', client_6: '6', client_9: '4'
Global ID = 8  | from: client_0: '2', client_1: '2', client_11: '2', client_12: 'a', client_13: '2', client_14: '2', client_15: 'z', client_16: 'D', client_17: 'Q', client_18: 'h', client_19: 'z', client_20: 'G', client_25: 'automobile', client_27: 'ship', client_31: 'automobile', client_4: '2', client_5: '2', client_8: '2'
Global ID = 11 | from: client_1: '3', client_11: 'W', client_12: 'l', client_13: 'W', client_14: 'W', client_15: 'F', client_16: 'W', client_17: 'V', client_18: 'k', client_19: 'w', client_2: '8', client_20: 'S', client_22: 'frog', client_23: 'airplane', client_24: 'deer', client_25: 'truck', client_26: 'ship', client_27: 'frog', client_28: 'truck', client_29: 'ship', client_30: 'dog', client_31: 'deer', client_4: '9', client_5: '9', client_6: '2', client_9: '2'
Global ID = 12 | from: client_0: '5', client_1: '5', client_11: 'S', client_12: '5', client_13: '5', client_14: 'S', client_15: 'v', client_16: 's', client_17: '5', client_18: 'r', client_19: 's', client_20: 's', client_4: '5', client_6: '5', client_9: '5'
Global ID = 13 | from: client_11: 'f', client_12: 'F', client_13: 'F', client_14: 'F', client_15: 'f', client_16: 'F', client_17: 'F', client_18: 'd', client_19: 'F', client_20: 'u', client_27: 'horse'
Global ID = 16 | from: client_12: 'n', client_14: 'q', client_15: '9', client_16: '9', client_17: '9', client_18: 'n', client_19: 'n', client_2: '9', client_20: 'n', client_3: '9', client_7: '9', client_9: '9'
Global ID = 17 | from: client_11: 'N', client_12: 'U', client_14: 'U', client_15: 'm', client_16: 'u', client_18: 'm', client_20: 'U'
Global ID = 19 | from: client_11: '7', client_12: 'T', client_13: '7', client_14: '7', client_15: '7', client_18: '9'
Global ID = 20 | from: client_11: 'u', client_12: 'o', client_13: '0', client_14: 'D', client_15: 'o', client_16: '0', client_17: 'q', client_18: 'O', client_19: 'O', client_2: '5', client_20: 'O', client_22: 'automobile', client_23: 'bird', client_25: 'ship', client_26: 'horse', client_27: 'dog', client_3: '0', client_30: 'frog', client_31: 'ship', client_6: '3', client_7: '0', client_8: '0', client_9: '8'
Global ID = 22 | from: client_0: '1', client_11: 'l', client_12: 'f', client_13: 'l', client_14: '1', client_15: '1', client_16: 'I', client_17: 'l', client_18: 'l', client_19: '1', client_20: 'i', client_23: 'horse', client_25: 'airplane', client_28: 'airplane', client_29: 'bird', client_31: 'bird', client_4: '1', client_5: '1', client_7: '1', client_8: '1'
Global ID = 23 | from: client_11: 'Z', client_14: 'J', client_15: 'T', client_16: '7', client_17: 'T', client_18: 'T', client_19: 'P', client_20: 'y', client_3: '7', client_6: '7', client_7: '7', client_8: '7', client_9: '7'
Global ID = 28 | from: client_11: 'D', client_12: 'A', client_13: 'O', client_14: 'a', client_16: 'l', client_17: 'a', client_18: 'A', client_19: 'i', client_20: 'A'
Global ID = 29 | from: client_11: 'I', client_12: 'Q', client_13: 'r', client_14: 'd', client_15: 'l', client_16: 'M', client_17: 'y', client_18: 'Q', client_19: 'r', client_20: 'r', client_31: 'horse', client_5: '0', client_9: '1'
Global ID = 30 | from: client_12: 'M', client_14: 'i', client_15: 'M', client_16: 'm', client_17: 'm', client_20: 'm'
Global ID = 31 | from: client_12: 'Y', client_14: 'Y', client_15: 'Y', client_17: 'Y', client_18: 'y', client_20: 'Y'
Global ID = 32 | from: client_13: 'Z', client_14: 's', client_15: 'c', client_16: 'C', client_17: 'C', client_18: 'c', client_22: 'cat'
Global ID = 33 | from: client_11: 'r', client_12: 'j', client_13: 'b', client_14: 'h', client_15: 'U', client_16: 'V', client_17: 'U', client_18: 'z', client_19: 'h', client_20: '6', client_23: 'frog', client_28: 'cat', client_31: 'dog'
Global ID = 34 | from: client_11: 'F', client_13: 'P', client_15: 'p', client_16: 'p', client_17: 'P', client_18: 'p', client_19: 'p'
Global ID = 35 | from: client_13: 'w', client_16: 'r', client_18: 'W'
Global ID = 36 | from: client_12: 'H', client_14: 'T', client_17: 'i', client_18: 'Y', client_25: 'deer', client_26: 'frog', client_31: 'cat'
Global ID = 37 | from: client_13: 'j', client_14: 'l', client_15: 'i', client_16: 'h', client_17: 'I', client_18: '1', client_20: 'q'
Global ID = 39 | from: client_12: 'J', client_13: 'J', client_14: '5', client_15: 'J', client_16: 'j', client_17: 'J', client_18: 'J', client_19: 'J', client_20: 'J'
Global ID = 40 | from: client_11: 'L', client_12: 'K', client_13: '1', client_14: 'I', client_15: 'G', client_16: 'G', client_17: '6', client_18: 'u', client_19: 'W', client_20: '1', client_3: '1', client_4: '6', client_7: '6', client_8: '6', client_9: '6'
Global ID = 41 | from: client_14: 'P', client_16: 'P', client_17: 'b'
Global ID = 42 | from: client_12: 'V', client_14: 'V', client_18: 'v', client_19: 'v'
Global ID = 43 | from: client_11: 'B', client_12: '3', client_13: 'x', client_14: 'm', client_15: 'x', client_16: 'B', client_17: 'B', client_18: '3', client_19: 'S', client_2: '3', client_20: 'X', client_4: '3', client_5: '3', client_7: '3', client_9: '3'
Global ID = 44 | from: client_12: 't', client_20: 't'
Global ID = 45 | from: client_12: 'Z', client_17: 'z'
Global ID = 46 | from: client_11: 'k', client_12: 'G', client_14: 'b', client_19: 'G', client_20: 'b'
Global ID = 47 | from: client_18: 'N', client_20: 'N'
Global ID = 48 | from: client_18: 'g', client_20: '9'
Global ID = 49 | from: client_11: 'O'
Global ID = 50 | from: client_11: 'P'
Global ID = 51 | from: client_11: 'g'
Global ID = 52 | from: client_12: 'd'
Global ID = 53 | from: client_12: 'k'
Global ID = 54 | from: client_12: 'r'
Global ID = 55 | from: client_12: 's'
Global ID = 56 | from: client_12: 'u'
Global ID = 57 | from: client_12: 'v'
Global ID = 58 | from: client_13: 'A'
Global ID = 59 | from: client_13: 'D'
Global ID = 60 | from: client_13: 'd'
Global ID = 61 | from: client_13: 'o'
Global ID = 62 | from: client_13: 't'
Global ID = 63 | from: client_13: 'z'
Global ID = 64 | from: client_14: '9'
Global ID = 65 | from: client_14: 'C'
Global ID = 66 | from: client_14: 'H'
Global ID = 67 | from: client_14: 'w'
Global ID = 68 | from: client_15: '2'
Global ID = 69 | from: client_15: '3'
Global ID = 70 | from: client_15: '4'
Global ID = 71 | from: client_15: 'I'
Global ID = 72 | from: client_15: 'S'
Global ID = 73 | from: client_15: 'd'
Global ID = 74 | from: client_15: 'u'
Global ID = 75 | from: client_15: 'w'
Global ID = 76 | from: client_16: 'b'
Global ID = 77 | from: client_16: 'c'
Global ID = 78 | from: client_16: 'n'
Global ID = 79 | from: client_16: 'v'
Global ID = 80 | from: client_16: 'z'
Global ID = 81 | from: client_17: '4'
Global ID = 82 | from: client_17: '7'
Global ID = 83 | from: client_17: 'D'
Global ID = 84 | from: client_17: 'O'
Global ID = 85 | from: client_17: 'c'
Global ID = 86 | from: client_17: 'd'
Global ID = 87 | from: client_17: 'o'
Global ID = 88 | from: client_17: 't'
Global ID = 89 | from: client_18: 'I'
Global ID = 90 | from: client_18: 'M'
Global ID = 91 | from: client_18: 'P'
Global ID = 92 | from: client_18: 'V'
Global ID = 93 | from: client_18: 'a'
Global ID = 94 | from: client_18: 'f'
Global ID = 95 | from: client_18: 's'
Global ID = 96 | from: client_19: 'Q'
Global ID = 97 | from: client_19: 'a'
Global ID = 98 | from: client_19: 'o'
Global ID = 99 | from: client_20: '0'
Global ID = 100 | from: client_20: '2'
Global ID = 101 | from: client_20: '3'
Global ID = 102 | from: client_20: '5'
Global ID = 103 | from: client_20: 'B'
Global ID = 104 | from: client_20: 'D'
Global ID = 105 | from: client_20: 'E'
Global ID = 106 | from: client_20: 'F'
Global ID = 107 | from: client_20: 'H'
Global ID = 108 | from: client_20: 'I'
Global ID = 109 | from: client_20: 'K'
Global ID = 110 | from: client_20: 'L'
Global ID = 111 | from: client_20: 'M'
Global ID = 112 | from: client_20: 'P'
Global ID = 113 | from: client_20: 'Q'
Global ID = 114 | from: client_20: 'R'
Global ID = 115 | from: client_20: 'T'
Global ID = 116 | from: client_20: 'W'
Global ID = 117 | from: client_20: 'Z'
Global ID = 118 | from: client_20: 'c'
Global ID = 119 | from: client_20: 'd'
Global ID = 120 | from: client_20: 'e'
Global ID = 121 | from: client_20: 'f'
Global ID = 122 | from: client_20: 'g'
Global ID = 123 | from: client_20: 'h'
Global ID = 124 | from: client_20: 'j'
Global ID = 125 | from: client_20: 'k'
Global ID = 126 | from: client_20: 'l'
Global ID = 127 | from: client_20: 'o'
Global ID = 128 | from: client_20: 'p'
Global ID = 129 | from: client_20: 'w'
Global ID = 130 | from: client_20: 'x'
Global ID = 131 | from: client_20: 'z'
==================================================


##################################################
Entropy Ratio = 0.6
##################################################

==================================================
Label Mapping Summary:
Global ID = 1  | from: client_11: '4', client_12: 'N', client_14: '4', client_15: 'X', client_16: 'A', client_17: 'M', client_18: 'X', client_19: 'V', client_20: '4', client_27: 'automobile', client_3: '4', client_4: '4', client_6: '4', client_7: '4', client_8: '4'
Global ID = 2  | from: client_11: 'o', client_12: 'z', client_13: 'C', client_14: 'c', client_15: 'D', client_16: 'O', client_17: 'Z', client_18: 'Z', client_19: '2', client_20: 'C', client_22: 'dog'
Global ID = 3  | from: client_11: 'H', client_12: '8', client_13: 'g', client_14: '8', client_15: '8', client_16: 'q', client_17: '8', client_18: '8', client_19: 'g', client_20: '8', client_23: 'deer', client_25: 'horse', client_26: 'truck', client_27: 'bird', client_28: 'dog', client_29: 'horse', client_30: 'ship', client_31: 'truck', client_4: '8'
Global ID = 5  | from: client_11: 'K', client_14: 'R', client_15: 'K', client_17: 'k', client_18: 'K', client_19: 'R', client_20: 'a'
Global ID = 6  | from: client_11: 'd', client_12: 'e', client_13: 'e', client_14: 'e', client_15: 's', client_16: 'E', client_17: 'e', client_18: 'E', client_19: 'E', client_20: '7', client_22: 'airplane', client_26: 'airplane', client_27: 'airplane', client_28: 'automobile', client_31: 'airplane', client_9: '0'
Global ID = 7  | from: client_1: '6', client_11: 'U', client_12: 'p', client_13: 'G', client_14: 'X', client_15: 'W', client_16: '6', client_17: 'H', client_18: '6', client_19: 'k', client_2: '4', client_20: 'V', client_22: 'bird', client_23: 'cat', client_24: 'dog', client_25: 'bird', client_26: 'cat', client_27: 'deer', client_28: 'horse', client_29: 'truck', client_3: '6', client_30: 'horse', client_31: 'frog', client_5: '8', client_6: '6', client_9: '4'
Global ID = 8  | from: client_0: '2', client_1: '2', client_11: '2', client_12: 'a', client_13: '2', client_14: '2', client_15: 'z', client_16: 'D', client_17: 'Q', client_18: 'h', client_19: 'z', client_20: 'G', client_25: 'automobile', client_27: 'ship', client_31: 'automobile', client_4: '2', client_5: '2', client_8: '2'
Global ID = 11 | from: client_1: '3', client_11: 'W', client_12: 'l', client_13: 'W', client_14: 'W', client_15: 'F', client_16: 'W', client_17: 'V', client_18: 'k', client_19: 'w', client_2: '8', client_20: 'S', client_22: 'frog', client_23: 'airplane', client_24: 'deer', client_25: 'truck', client_26: 'ship', client_27: 'frog', client_28: 'truck', client_29: 'ship', client_30: 'dog', client_31: 'deer', client_4: '9', client_5: '9', client_6: '2', client_9: '2'
Global ID = 12 | from: client_0: '5', client_1: '5', client_11: 'S', client_12: '5', client_13: '5', client_14: 'S', client_15: 'v', client_16: 's', client_17: '5', client_18: 'r', client_19: 's', client_20: 's', client_4: '5', client_6: '5', client_9: '5'
Global ID = 13 | from: client_11: 'f', client_12: 'F', client_13: 'F', client_14: 'F', client_15: 'f', client_16: 'F', client_17: 'F', client_18: 'd', client_19: 'F', client_20: 'u', client_27: 'horse'
Global ID = 16 | from: client_12: 'n', client_13: 'd', client_14: 'q', client_15: '9', client_16: '9', client_17: '9', client_18: 'n', client_19: 'n', client_2: '9', client_20: 'n', client_3: '9', client_7: '9', client_9: '9'
Global ID = 17 | from: client_11: 'N', client_12: 'U', client_14: 'U', client_15: 'm', client_16: 'u', client_18: 'm', client_20: 'U'
Global ID = 19 | from: client_11: '7', client_13: '7', client_14: '7', client_15: '7', client_18: '9', client_20: '2'
Global ID = 20 | from: client_11: 'u', client_12: 'o', client_13: '0', client_14: 'D', client_15: 'o', client_16: '0', client_17: 'q', client_18: 'O', client_19: 'O', client_2: '5', client_20: 'O', client_22: 'automobile', client_23: 'bird', client_25: 'ship', client_26: 'horse', client_27: 'dog', client_3: '0', client_30: 'frog', client_31: 'ship', client_6: '3', client_7: '0', client_8: '0', client_9: '8'
Global ID = 22 | from: client_0: '1', client_11: 'l', client_12: 'f', client_13: 'l', client_14: '1', client_15: '1', client_16: 'I', client_17: 'l', client_18: 'l', client_19: '1', client_20: 'i', client_23: 'horse', client_25: 'airplane', client_28: 'airplane', client_29: 'bird', client_31: 'bird', client_4: '1', client_5: '1', client_7: '1', client_8: '1'
Global ID = 23 | from: client_11: 'Z', client_12: 'T', client_14: 'J', client_15: 'T', client_16: '7', client_17: 'T', client_18: 'T', client_19: 'P', client_20: 'y', client_3: '7', client_6: '7', client_7: '7', client_8: '7', client_9: '7'
Global ID = 28 | from: client_11: 'D', client_12: 'A', client_13: 'O', client_14: 'a', client_16: 'l', client_17: 'a', client_18: 'A', client_19: 'i', client_20: 'A'
Global ID = 29 | from: client_11: 'I', client_12: 'Q', client_13: 'r', client_14: 'd', client_15: 'l', client_16: 'M', client_17: 'y', client_18: 'Q', client_19: 'r', client_20: 'r', client_31: 'horse', client_5: '0', client_9: '1'
Global ID = 30 | from: client_12: 'M', client_14: 'i', client_15: 'M', client_16: 'm', client_17: 'm', client_20: 'm'
Global ID = 31 | from: client_11: 'g', client_12: 'Y', client_14: 'Y', client_15: 'Y', client_17: 'Y', client_18: 'y', client_20: 'Y'
Global ID = 32 | from: client_11: 'O', client_13: 'Z', client_14: 's', client_15: 'c', client_16: 'C', client_17: 'C', client_18: 'c', client_22: 'cat'
Global ID = 33 | from: client_11: 'r', client_12: 'j', client_13: 'b', client_14: 'h', client_15: 'U', client_16: 'V', client_17: 'U', client_18: 'z', client_19: 'h', client_20: '6', client_23: 'frog', client_28: 'cat', client_31: 'dog'
Global ID = 34 | from: client_11: 'F', client_13: 'P', client_15: 'p', client_16: 'p', client_17: 'P', client_18: 'p', client_19: 'p'
Global ID = 35 | from: client_13: 'w', client_16: 'r', client_18: 'W'
Global ID = 36 | from: client_12: 'H', client_14: 'T', client_17: 'i', client_18: 'Y', client_25: 'deer', client_26: 'frog', client_31: 'cat'
Global ID = 37 | from: client_12: 'k', client_13: 'j', client_14: 'l', client_15: 'i', client_16: 'h', client_17: 'I', client_18: '1', client_20: 'q'
Global ID = 39 | from: client_12: 'J', client_13: 'J', client_14: '5', client_15: 'J', client_16: 'j', client_17: 'J', client_18: 'J', client_19: 'J', client_20: 'J'
Global ID = 40 | from: client_11: 'L', client_12: 'K', client_13: '1', client_14: 'I', client_15: 'G', client_16: 'G', client_17: '6', client_18: 'u', client_19: 'W', client_20: '1', client_3: '1', client_4: '6', client_7: '6', client_8: '6', client_9: '6'
Global ID = 41 | from: client_14: 'P', client_16: 'P', client_17: 'b'
Global ID = 42 | from: client_12: 'V', client_14: 'V', client_18: 'v', client_19: 'v', client_20: 'E'
Global ID = 43 | from: client_11: 'B', client_12: '3', client_13: 'x', client_14: 'm', client_15: 'x', client_16: 'B', client_17: 'B', client_18: '3', client_19: 'S', client_2: '3', client_20: 'X', client_4: '3', client_5: '3', client_7: '3', client_9: '3'
Global ID = 44 | from: client_12: 't', client_20: 't'
Global ID = 45 | from: client_12: 'Z', client_17: 'z'
Global ID = 46 | from: client_11: 'k', client_12: 'G', client_14: 'b', client_16: 'b', client_19: 'G', client_20: 'b'
Global ID = 47 | from: client_18: 'N', client_20: 'N'
Global ID = 48 | from: client_15: 'S', client_17: 'c', client_18: 'g', client_20: '9'
Global ID = 49 | from: client_13: 'D', client_17: 'o'
Global ID = 50 | from: client_11: 'P'
Global ID = 51 | from: client_12: 'd'
Global ID = 52 | from: client_12: 'r'
Global ID = 53 | from: client_12: 's'
Global ID = 54 | from: client_12: 'u'
Global ID = 55 | from: client_12: 'v'
Global ID = 56 | from: client_13: 'A'
Global ID = 57 | from: client_13: 'o'
Global ID = 58 | from: client_13: 't'
Global ID = 59 | from: client_13: 'z'
Global ID = 60 | from: client_14: '9'
Global ID = 61 | from: client_14: 'C'
Global ID = 62 | from: client_14: 'H'
Global ID = 63 | from: client_14: 'w'
Global ID = 64 | from: client_15: '2'
Global ID = 65 | from: client_15: '3'
Global ID = 66 | from: client_15: '4'
Global ID = 67 | from: client_15: 'I'
Global ID = 68 | from: client_15: 'd'
Global ID = 69 | from: client_15: 'u'
Global ID = 70 | from: client_15: 'w'
Global ID = 71 | from: client_16: 'c'
Global ID = 72 | from: client_16: 'n'
Global ID = 73 | from: client_16: 'v'
Global ID = 74 | from: client_16: 'z'
Global ID = 75 | from: client_17: '4'
Global ID = 76 | from: client_17: '7'
Global ID = 77 | from: client_17: 'D'
Global ID = 78 | from: client_17: 'O'
Global ID = 79 | from: client_17: 'd'
Global ID = 80 | from: client_17: 't'
Global ID = 81 | from: client_18: 'I'
Global ID = 82 | from: client_18: 'M'
Global ID = 83 | from: client_18: 'P'
Global ID = 84 | from: client_18: 'V'
Global ID = 85 | from: client_18: 'a'
Global ID = 86 | from: client_18: 'f'
Global ID = 87 | from: client_18: 's'
Global ID = 88 | from: client_19: 'Q'
Global ID = 89 | from: client_19: 'a'
Global ID = 90 | from: client_19: 'o'
Global ID = 91 | from: client_20: '0'
Global ID = 92 | from: client_20: '3'
Global ID = 93 | from: client_20: '5'
Global ID = 94 | from: client_20: 'B'
Global ID = 95 | from: client_20: 'D'
Global ID = 96 | from: client_20: 'F'
Global ID = 97 | from: client_20: 'H'
Global ID = 98 | from: client_20: 'I'
Global ID = 99 | from: client_20: 'K'
Global ID = 100 | from: client_20: 'L'
Global ID = 101 | from: client_20: 'M'
Global ID = 102 | from: client_20: 'P'
Global ID = 103 | from: client_20: 'Q'
Global ID = 104 | from: client_20: 'R'
Global ID = 105 | from: client_20: 'T'
Global ID = 106 | from: client_20: 'W'
Global ID = 107 | from: client_20: 'Z'
Global ID = 108 | from: client_20: 'c'
Global ID = 109 | from: client_20: 'd'
Global ID = 110 | from: client_20: 'e'
Global ID = 111 | from: client_20: 'f'
Global ID = 112 | from: client_20: 'g'
Global ID = 113 | from: client_20: 'h'
Global ID = 114 | from: client_20: 'j'
Global ID = 115 | from: client_20: 'k'
Global ID = 116 | from: client_20: 'l'
Global ID = 117 | from: client_20: 'o'
Global ID = 118 | from: client_20: 'p'
Global ID = 119 | from: client_20: 'w'
Global ID = 120 | from: client_20: 'x'
Global ID = 121 | from: client_20: 'z'
==================================================


##################################################
Entropy Ratio = 0.7
##################################################

==================================================
Label Mapping Summary:
Global ID = 1  | from: client_11: '4', client_12: 'N', client_14: '4', client_15: 'X', client_16: 'A', client_17: 'M', client_18: 'X', client_19: 'V', client_20: '4', client_27: 'automobile', client_3: '4', client_4: '4', client_6: '4', client_7: '4', client_8: '4'
Global ID = 2  | from: client_11: 'o', client_12: 'z', client_13: 'C', client_14: 'c', client_15: 'D', client_16: 'O', client_17: 'Z', client_18: 'Z', client_19: '2', client_20: 'C', client_22: 'dog'
Global ID = 3  | from: client_11: 'H', client_12: '8', client_13: 'g', client_14: '8', client_15: '8', client_16: 'q', client_17: '8', client_18: '8', client_19: 'g', client_20: '8', client_23: 'deer', client_25: 'horse', client_26: 'truck', client_27: 'bird', client_28: 'dog', client_29: 'horse', client_30: 'ship', client_31: 'truck', client_4: '8'
Global ID = 5  | from: client_11: 'K', client_14: 'R', client_15: 'K', client_17: 'k', client_18: 'K', client_19: 'R', client_20: 'a'
Global ID = 6  | from: client_11: 'd', client_12: 'e', client_13: 'e', client_14: 'e', client_15: 's', client_16: 'E', client_17: 'e', client_18: 'E', client_19: 'E', client_20: '7', client_22: 'airplane', client_26: 'airplane', client_27: 'airplane', client_28: 'automobile', client_31: 'airplane', client_9: '0'
Global ID = 7  | from: client_1: '6', client_11: 'U', client_12: 'p', client_13: 'G', client_14: 'X', client_15: 'W', client_16: '6', client_17: 'H', client_18: '6', client_19: 'k', client_2: '4', client_20: 'V', client_22: 'bird', client_23: 'cat', client_24: 'dog', client_25: 'bird', client_26: 'cat', client_27: 'deer', client_28: 'horse', client_29: 'truck', client_3: '6', client_30: 'horse', client_31: 'frog', client_5: '8', client_6: '6', client_9: '4'
Global ID = 8  | from: client_0: '2', client_1: '2', client_11: '2', client_12: 'a', client_13: '2', client_14: '2', client_15: 'z', client_16: 'D', client_17: 'Q', client_18: 'h', client_19: 'z', client_20: 'G', client_25: 'automobile', client_27: 'ship', client_31: 'automobile', client_4: '2', client_5: '2', client_8: '2'
Global ID = 11 | from: client_1: '3', client_11: 'W', client_12: 'l', client_13: 'W', client_14: 'W', client_15: 'F', client_16: 'W', client_17: 'V', client_18: 'k', client_19: 'w', client_2: '8', client_20: 'S', client_22: 'frog', client_23: 'airplane', client_24: 'deer', client_25: 'truck', client_26: 'ship', client_27: 'frog', client_28: 'truck', client_29: 'ship', client_30: 'dog', client_31: 'deer', client_4: '9', client_5: '9', client_6: '2', client_9: '2'
Global ID = 12 | from: client_0: '5', client_1: '5', client_11: 'S', client_12: '5', client_13: '5', client_14: 'S', client_15: 'v', client_16: 's', client_17: '5', client_18: 'r', client_19: 's', client_20: 's', client_4: '5', client_6: '5', client_9: '5'
Global ID = 13 | from: client_11: 'f', client_12: 'F', client_13: 'F', client_14: 'F', client_15: 'f', client_16: 'F', client_17: 'F', client_18: 'd', client_19: 'F', client_20: 'u', client_27: 'horse'
Global ID = 16 | from: client_11: 'P', client_12: 'n', client_13: 'd', client_14: 'q', client_15: '9', client_16: '9', client_17: '9', client_18: 'n', client_19: 'n', client_2: '9', client_20: 'n', client_3: '9', client_7: '9', client_9: '9'
Global ID = 17 | from: client_11: 'N', client_12: 'U', client_14: 'U', client_15: 'm', client_16: 'u', client_18: 'm', client_19: 'a', client_20: 'U'
Global ID = 19 | from: client_11: '7', client_13: '7', client_14: '7', client_15: '7', client_17: 't', client_18: '9', client_20: '2'
Global ID = 20 | from: client_11: 'u', client_12: 'o', client_13: '0', client_14: 'D', client_15: 'o', client_16: '0', client_17: 'q', client_18: 'O', client_19: 'O', client_2: '5', client_20: 'O', client_22: 'automobile', client_23: 'bird', client_25: 'ship', client_26: 'horse', client_27: 'dog', client_3: '0', client_30: 'frog', client_31: 'ship', client_6: '3', client_7: '0', client_8: '0', client_9: '8'
Global ID = 22 | from: client_0: '1', client_11: 'l', client_12: 'f', client_13: 'l', client_14: '1', client_15: '1', client_16: 'I', client_17: 'l', client_18: 'l', client_19: '1', client_20: 'i', client_23: 'horse', client_25: 'airplane', client_28: 'airplane', client_29: 'bird', client_31: 'bird', client_4: '1', client_5: '1', client_7: '1', client_8: '1'
Global ID = 23 | from: client_11: 'Z', client_12: 'T', client_14: 'J', client_15: 'T', client_16: '7', client_17: 'T', client_18: 'T', client_19: 'P', client_20: 'y', client_3: '7', client_6: '7', client_7: '7', client_8: '7', client_9: '7'
Global ID = 28 | from: client_11: 'D', client_12: 'A', client_13: 'O', client_14: 'a', client_16: 'l', client_17: 'a', client_18: 'A', client_19: 'i', client_20: 'A'
Global ID = 29 | from: client_11: 'I', client_12: 'Q', client_13: 'r', client_14: 'd', client_15: 'l', client_16: 'M', client_17: 'y', client_18: 'Q', client_19: 'r', client_20: 'r', client_31: 'horse', client_5: '0', client_9: '1'
Global ID = 30 | from: client_12: 'M', client_14: 'i', client_15: 'M', client_16: 'm', client_17: 'm', client_20: 'm'
Global ID = 31 | from: client_11: 'g', client_12: 'Y', client_14: 'Y', client_15: 'Y', client_17: 'Y', client_18: 'y', client_20: 'Y'
Global ID = 32 | from: client_11: 'O', client_13: 'Z', client_14: 's', client_15: 'c', client_16: 'C', client_17: 'C', client_18: 'c', client_22: 'cat'
Global ID = 33 | from: client_11: 'r', client_12: 'j', client_13: 'b', client_14: 'h', client_15: 'U', client_16: 'V', client_17: 'U', client_18: 'z', client_19: 'h', client_20: '6', client_23: 'frog', client_28: 'cat', client_31: 'dog'
Global ID = 34 | from: client_11: 'F', client_13: 'P', client_15: 'p', client_16: 'p', client_17: 'P', client_18: 'p', client_19: 'p'
Global ID = 35 | from: client_13: 'w', client_16: 'r', client_18: 'W'
Global ID = 36 | from: client_12: 'H', client_14: 'T', client_17: 'i', client_18: 'Y', client_25: 'deer', client_26: 'frog', client_31: 'cat'
Global ID = 37 | from: client_12: 'k', client_13: 'j', client_14: 'l', client_15: 'i', client_16: 'h', client_17: 'I', client_18: '1', client_20: 'q'
Global ID = 39 | from: client_12: 'J', client_13: 'J', client_14: '5', client_15: 'J', client_16: 'j', client_17: 'J', client_18: 'J', client_19: 'J', client_20: 'J'
Global ID = 40 | from: client_11: 'L', client_12: 'K', client_13: '1', client_14: 'I', client_15: 'G', client_16: 'G', client_17: '6', client_18: 'u', client_19: 'W', client_20: '1', client_3: '1', client_4: '6', client_7: '6', client_8: '6', client_9: '6'
Global ID = 41 | from: client_14: 'P', client_16: 'P', client_17: 'b'
Global ID = 42 | from: client_12: 'V', client_14: 'V', client_18: 'v', client_19: 'v', client_20: 'E'
Global ID = 43 | from: client_11: 'B', client_12: '3', client_13: 'x', client_14: 'm', client_15: 'x', client_16: 'B', client_17: 'B', client_18: '3', client_19: 'S', client_2: '3', client_20: 'X', client_4: '3', client_5: '3', client_7: '3', client_9: '3'
Global ID = 44 | from: client_12: 't', client_20: 't'
Global ID = 45 | from: client_12: 'Z', client_17: 'z'
Global ID = 46 | from: client_11: 'k', client_12: 'G', client_14: 'b', client_16: 'b', client_17: '7', client_19: 'G', client_20: 'b'
Global ID = 47 | from: client_18: 'N', client_20: 'N'
Global ID = 48 | from: client_12: 's', client_15: 'S', client_16: 'z', client_17: 'c', client_18: 'g', client_20: '9'
Global ID = 49 | from: client_13: 'D', client_17: 'o'
Global ID = 50 | from: client_12: 'd'
Global ID = 51 | from: client_12: 'r'
Global ID = 52 | from: client_12: 'u'
Global ID = 53 | from: client_12: 'v'
Global ID = 54 | from: client_13: 'A'
Global ID = 55 | from: client_13: 'o'
Global ID = 56 | from: client_13: 't'
Global ID = 57 | from: client_13: 'z'
Global ID = 58 | from: client_14: '9'
Global ID = 59 | from: client_14: 'C'
Global ID = 60 | from: client_14: 'H'
Global ID = 61 | from: client_14: 'w'
Global ID = 62 | from: client_15: '2'
Global ID = 63 | from: client_15: '3'
Global ID = 64 | from: client_15: '4'
Global ID = 65 | from: client_15: 'I'
Global ID = 66 | from: client_15: 'd'
Global ID = 67 | from: client_15: 'u'
Global ID = 68 | from: client_15: 'w'
Global ID = 69 | from: client_16: 'c'
Global ID = 70 | from: client_16: 'n'
Global ID = 71 | from: client_16: 'v'
Global ID = 72 | from: client_17: '4'
Global ID = 73 | from: client_17: 'D'
Global ID = 74 | from: client_17: 'O'
Global ID = 75 | from: client_17: 'd'
Global ID = 76 | from: client_18: 'I'
Global ID = 77 | from: client_18: 'M'
Global ID = 78 | from: client_18: 'P'
Global ID = 79 | from: client_18: 'V'
Global ID = 80 | from: client_18: 'a'
Global ID = 81 | from: client_18: 'f'
Global ID = 82 | from: client_18: 's'
Global ID = 83 | from: client_19: 'Q'
Global ID = 84 | from: client_19: 'o'
Global ID = 85 | from: client_20: '0'
Global ID = 86 | from: client_20: '3'
Global ID = 87 | from: client_20: '5'
Global ID = 88 | from: client_20: 'B'
Global ID = 89 | from: client_20: 'D'
Global ID = 90 | from: client_20: 'F'
Global ID = 91 | from: client_20: 'H'
Global ID = 92 | from: client_20: 'I'
Global ID = 93 | from: client_20: 'K'
Global ID = 94 | from: client_20: 'L'
Global ID = 95 | from: client_20: 'M'
Global ID = 96 | from: client_20: 'P'
Global ID = 97 | from: client_20: 'Q'
Global ID = 98 | from: client_20: 'R'
Global ID = 99 | from: client_20: 'T'
Global ID = 100 | from: client_20: 'W'
Global ID = 101 | from: client_20: 'Z'
Global ID = 102 | from: client_20: 'c'
Global ID = 103 | from: client_20: 'd'
Global ID = 104 | from: client_20: 'e'
Global ID = 105 | from: client_20: 'f'
Global ID = 106 | from: client_20: 'g'
Global ID = 107 | from: client_20: 'h'
Global ID = 108 | from: client_20: 'j'
Global ID = 109 | from: client_20: 'k'
Global ID = 110 | from: client_20: 'l'
Global ID = 111 | from: client_20: 'o'
Global ID = 112 | from: client_20: 'p'
Global ID = 113 | from: client_20: 'w'
Global ID = 114 | from: client_20: 'x'
Global ID = 115 | from: client_20: 'z'
==================================================


##################################################
Entropy Ratio = 0.8
##################################################

==================================================
Label Mapping Summary:
Global ID = 1  | from: client_11: '4', client_12: 'N', client_14: '4', client_15: 'X', client_16: 'A', client_17: 'M', client_18: 'X', client_19: 'V', client_20: '4', client_27: 'automobile', client_3: '4', client_4: '4', client_6: '4', client_7: '4', client_8: '4'
Global ID = 2  | from: client_11: 'o', client_12: 'z', client_13: 'C', client_14: 'c', client_15: 'D', client_16: 'O', client_17: 'Z', client_18: 'Z', client_19: '2', client_20: 'C', client_22: 'dog'
Global ID = 3  | from: client_11: 'H', client_12: '8', client_13: 'g', client_14: '8', client_15: '8', client_16: 'q', client_17: '8', client_18: '8', client_19: 'g', client_20: '8', client_23: 'deer', client_25: 'horse', client_26: 'truck', client_27: 'bird', client_28: 'dog', client_29: 'horse', client_30: 'ship', client_31: 'truck', client_4: '8'
Global ID = 5  | from: client_11: 'K', client_14: 'R', client_15: 'K', client_17: 'k', client_18: 'K', client_19: 'R', client_20: 'a'
Global ID = 6  | from: client_11: 'd', client_12: 'e', client_13: 'e', client_14: 'e', client_15: 's', client_16: 'E', client_17: 'e', client_18: 'E', client_19: 'E', client_20: '7', client_22: 'airplane', client_26: 'airplane', client_27: 'airplane', client_28: 'automobile', client_31: 'airplane', client_9: '0'
Global ID = 7  | from: client_1: '6', client_11: 'U', client_12: 'p', client_13: 'G', client_14: 'X', client_15: 'W', client_16: '6', client_17: 'H', client_18: '6', client_19: 'k', client_2: '4', client_20: 'V', client_22: 'bird', client_23: 'cat', client_24: 'dog', client_25: 'bird', client_26: 'cat', client_27: 'deer', client_28: 'horse', client_29: 'truck', client_3: '6', client_30: 'horse', client_31: 'frog', client_5: '8', client_6: '6', client_9: '4'
Global ID = 8  | from: client_0: '2', client_1: '2', client_11: '2', client_12: 'a', client_13: '2', client_14: '2', client_15: 'z', client_16: 'D', client_17: 'Q', client_18: 'h', client_19: 'z', client_20: 'G', client_25: 'automobile', client_27: 'ship', client_31: 'automobile', client_4: '2', client_5: '2', client_8: '2'
Global ID = 11 | from: client_1: '3', client_11: 'W', client_12: 'l', client_13: 'W', client_14: 'W', client_15: 'F', client_16: 'W', client_17: 'V', client_18: 'k', client_19: 'w', client_2: '8', client_20: 'S', client_22: 'frog', client_23: 'airplane', client_24: 'deer', client_25: 'truck', client_26: 'ship', client_27: 'frog', client_28: 'truck', client_29: 'ship', client_30: 'dog', client_31: 'deer', client_4: '9', client_5: '9', client_6: '2', client_9: '2'
Global ID = 12 | from: client_0: '5', client_1: '5', client_11: 'S', client_12: '5', client_13: '5', client_14: 'S', client_15: 'v', client_16: 's', client_17: '5', client_18: 'r', client_19: 's', client_20: 's', client_4: '5', client_6: '5', client_9: '5'
Global ID = 13 | from: client_11: 'f', client_12: 'F', client_13: 'F', client_14: 'F', client_15: 'f', client_16: 'F', client_17: 'F', client_18: 'd', client_19: 'F', client_20: 'u', client_27: 'horse'
Global ID = 16 | from: client_11: 'P', client_12: 'n', client_13: 'd', client_14: 'q', client_15: '9', client_16: '9', client_17: '9', client_18: 'n', client_19: 'n', client_2: '9', client_20: 'n', client_3: '9', client_7: '9', client_9: '9'
Global ID = 17 | from: client_11: 'N', client_12: 'U', client_14: 'U', client_15: 'm', client_16: 'u', client_18: 'm', client_19: 'a', client_20: 'U'
Global ID = 19 | from: client_11: '7', client_13: '7', client_14: '7', client_15: '7', client_17: 't', client_18: '9', client_20: '2'
Global ID = 20 | from: client_11: 'u', client_12: 'o', client_13: '0', client_14: 'D', client_15: 'o', client_16: '0', client_17: 'q', client_18: 'O', client_19: 'O', client_2: '5', client_20: 'O', client_22: 'automobile', client_23: 'bird', client_25: 'ship', client_26: 'horse', client_27: 'dog', client_3: '0', client_30: 'frog', client_31: 'ship', client_6: '3', client_7: '0', client_8: '0', client_9: '8'
Global ID = 22 | from: client_0: '1', client_11: 'l', client_12: 'f', client_13: 'l', client_14: '1', client_15: '1', client_16: 'I', client_17: 'l', client_18: 'l', client_19: '1', client_20: 'i', client_23: 'horse', client_25: 'airplane', client_28: 'airplane', client_29: 'bird', client_31: 'bird', client_4: '1', client_5: '1', client_7: '1', client_8: '1'
Global ID = 23 | from: client_11: 'Z', client_12: 'T', client_14: 'J', client_15: 'T', client_16: '7', client_17: 'T', client_18: 'T', client_19: 'P', client_20: 'y', client_3: '7', client_6: '7', client_7: '7', client_8: '7', client_9: '7'
Global ID = 28 | from: client_11: 'D', client_12: 'A', client_13: 'O', client_14: 'a', client_16: 'l', client_17: 'a', client_18: 'A', client_19: 'i', client_20: 'A'
Global ID = 29 | from: client_11: 'I', client_12: 'Q', client_13: 'r', client_14: 'd', client_15: 'l', client_16: 'M', client_17: 'y', client_18: 'Q', client_19: 'r', client_20: 'r', client_31: 'horse', client_5: '0', client_9: '1'
Global ID = 30 | from: client_12: 'M', client_14: 'i', client_15: 'M', client_16: 'm', client_17: 'm', client_20: 'm'
Global ID = 31 | from: client_11: 'g', client_12: 'Y', client_14: 'Y', client_15: 'Y', client_17: 'Y', client_18: 'y', client_20: 'Y'
Global ID = 32 | from: client_11: 'O', client_13: 'Z', client_14: 's', client_15: 'c', client_16: 'C', client_17: 'C', client_18: 'c', client_22: 'cat'
Global ID = 33 | from: client_11: 'r', client_12: 'j', client_13: 'b', client_14: 'h', client_15: 'U', client_16: 'V', client_17: 'U', client_18: 'z', client_19: 'h', client_20: '6', client_23: 'frog', client_28: 'cat', client_31: 'dog'
Global ID = 34 | from: client_11: 'F', client_13: 'P', client_15: 'p', client_16: 'p', client_17: 'P', client_18: 'p', client_19: 'p'
Global ID = 35 | from: client_13: 'w', client_16: 'r', client_18: 'W'
Global ID = 36 | from: client_12: 'H', client_14: 'T', client_17: 'i', client_18: 'Y', client_25: 'deer', client_26: 'frog', client_31: 'cat'
Global ID = 37 | from: client_12: 'k', client_13: 'j', client_14: 'l', client_15: 'i', client_16: 'h', client_17: 'I', client_18: '1', client_20: 'q'
Global ID = 39 | from: client_12: 'J', client_13: 'J', client_14: '5', client_15: 'J', client_16: 'j', client_17: 'J', client_18: 'J', client_19: 'J', client_20: 'J'
Global ID = 40 | from: client_11: 'L', client_12: 'K', client_13: '1', client_14: 'I', client_15: 'G', client_16: 'G', client_17: '6', client_18: 'u', client_19: 'W', client_20: '1', client_3: '1', client_4: '6', client_7: '6', client_8: '6', client_9: '6'
Global ID = 41 | from: client_14: 'P', client_16: 'P', client_17: 'b'
Global ID = 42 | from: client_12: 'V', client_14: 'V', client_18: 'v', client_19: 'v', client_20: 'E'
Global ID = 43 | from: client_11: 'B', client_12: '3', client_13: 'x', client_14: 'm', client_15: 'x', client_16: 'B', client_17: 'B', client_18: '3', client_19: 'S', client_2: '3', client_20: 'X', client_4: '3', client_5: '3', client_7: '3', client_9: '3'
Global ID = 44 | from: client_12: 't', client_20: 't'
Global ID = 45 | from: client_12: 'Z', client_17: 'z'
Global ID = 46 | from: client_11: 'k', client_12: 'G', client_14: 'b', client_16: 'b', client_17: '7', client_19: 'G', client_20: 'b'
Global ID = 47 | from: client_18: 'N', client_20: 'N'
Global ID = 48 | from: client_12: 's', client_15: 'S', client_16: 'z', client_17: 'c', client_18: 'g', client_20: '9'
Global ID = 49 | from: client_13: 'D', client_17: 'o'
Global ID = 50 | from: client_12: 'd'
Global ID = 51 | from: client_12: 'r'
Global ID = 52 | from: client_12: 'u'
Global ID = 53 | from: client_12: 'v'
Global ID = 54 | from: client_13: 'A'
Global ID = 55 | from: client_13: 'o'
Global ID = 56 | from: client_13: 't'
Global ID = 57 | from: client_13: 'z'
Global ID = 58 | from: client_14: '9'
Global ID = 59 | from: client_14: 'C'
Global ID = 60 | from: client_14: 'H'
Global ID = 61 | from: client_14: 'w'
Global ID = 62 | from: client_15: '2'
Global ID = 63 | from: client_15: '3'
Global ID = 64 | from: client_15: '4'
Global ID = 65 | from: client_15: 'I'
Global ID = 66 | from: client_15: 'd'
Global ID = 67 | from: client_15: 'u'
Global ID = 68 | from: client_15: 'w'
Global ID = 69 | from: client_16: 'c'
Global ID = 70 | from: client_16: 'n'
Global ID = 71 | from: client_16: 'v'
Global ID = 72 | from: client_17: '4'
Global ID = 73 | from: client_17: 'D'
Global ID = 74 | from: client_17: 'O'
Global ID = 75 | from: client_17: 'd'
Global ID = 76 | from: client_18: 'I'
Global ID = 77 | from: client_18: 'M'
Global ID = 78 | from: client_18: 'P'
Global ID = 79 | from: client_18: 'V'
Global ID = 80 | from: client_18: 'a'
Global ID = 81 | from: client_18: 'f'
Global ID = 82 | from: client_18: 's'
Global ID = 83 | from: client_19: 'Q'
Global ID = 84 | from: client_19: 'o'
Global ID = 85 | from: client_20: '0'
Global ID = 86 | from: client_20: '3'
Global ID = 87 | from: client_20: '5'
Global ID = 88 | from: client_20: 'B'
Global ID = 89 | from: client_20: 'D'
Global ID = 90 | from: client_20: 'F'
Global ID = 91 | from: client_20: 'H'
Global ID = 92 | from: client_20: 'I'
Global ID = 93 | from: client_20: 'K'
Global ID = 94 | from: client_20: 'L'
Global ID = 95 | from: client_20: 'M'
Global ID = 96 | from: client_20: 'P'
Global ID = 97 | from: client_20: 'Q'
Global ID = 98 | from: client_20: 'R'
Global ID = 99 | from: client_20: 'T'
Global ID = 100 | from: client_20: 'W'
Global ID = 101 | from: client_20: 'Z'
Global ID = 102 | from: client_20: 'c'
Global ID = 103 | from: client_20: 'd'
Global ID = 104 | from: client_20: 'e'
Global ID = 105 | from: client_20: 'f'
Global ID = 106 | from: client_20: 'g'
Global ID = 107 | from: client_20: 'h'
Global ID = 108 | from: client_20: 'j'
Global ID = 109 | from: client_20: 'k'
Global ID = 110 | from: client_20: 'l'
Global ID = 111 | from: client_20: 'o'
Global ID = 112 | from: client_20: 'p'
Global ID = 113 | from: client_20: 'w'
Global ID = 114 | from: client_20: 'x'
Global ID = 115 | from: client_20: 'z'
==================================================


##################################################
Entropy Ratio = 0.9
##################################################

==================================================
Label Mapping Summary:
Global ID = 1  | from: client_11: '4', client_12: 'N', client_14: '4', client_15: 'X', client_16: 'A', client_17: 'M', client_18: 'X', client_19: 'V', client_20: '4', client_27: 'automobile', client_3: '4', client_4: '4', client_6: '4', client_7: '4', client_8: '4'
Global ID = 2  | from: client_11: 'o', client_12: 'z', client_13: 'C', client_14: 'c', client_15: 'D', client_16: 'O', client_17: 'Z', client_18: 'Z', client_19: '2', client_20: 'C', client_22: 'dog'
Global ID = 3  | from: client_11: 'H', client_12: '8', client_13: 'g', client_14: '8', client_15: '8', client_16: 'q', client_17: '8', client_18: '8', client_19: 'g', client_20: '8', client_23: 'deer', client_25: 'horse', client_26: 'truck', client_27: 'bird', client_28: 'dog', client_29: 'horse', client_30: 'ship', client_31: 'truck', client_4: '8'
Global ID = 5  | from: client_11: 'K', client_14: 'R', client_15: 'K', client_17: 'k', client_18: 'K', client_19: 'R', client_20: 'a'
Global ID = 6  | from: client_11: 'd', client_12: 'e', client_13: 'e', client_14: 'e', client_15: 's', client_16: 'E', client_17: 'e', client_18: 'E', client_19: 'E', client_20: '7', client_22: 'airplane', client_26: 'airplane', client_27: 'airplane', client_28: 'automobile', client_31: 'airplane', client_9: '0'
Global ID = 7  | from: client_1: '6', client_11: 'U', client_12: 'p', client_13: 'G', client_14: 'X', client_15: 'W', client_16: '6', client_17: 'H', client_18: '6', client_19: 'k', client_2: '4', client_20: 'V', client_22: 'bird', client_23: 'cat', client_24: 'dog', client_25: 'bird', client_26: 'cat', client_27: 'deer', client_28: 'horse', client_29: 'truck', client_3: '6', client_30: 'horse', client_31: 'frog', client_5: '8', client_6: '6', client_9: '4'
Global ID = 8  | from: client_0: '2', client_1: '2', client_11: '2', client_12: 'a', client_13: '2', client_14: '2', client_15: 'z', client_16: 'D', client_17: 'Q', client_18: 'h', client_19: 'z', client_20: 'G', client_25: 'automobile', client_27: 'ship', client_31: 'automobile', client_4: '2', client_5: '2', client_8: '2'
Global ID = 11 | from: client_1: '3', client_11: 'W', client_12: 'l', client_13: 'W', client_14: 'W', client_15: 'F', client_16: 'W', client_17: 'V', client_18: 'k', client_19: 'w', client_2: '8', client_20: 'S', client_22: 'frog', client_23: 'airplane', client_24: 'deer', client_25: 'truck', client_26: 'ship', client_27: 'frog', client_28: 'truck', client_29: 'ship', client_30: 'dog', client_31: 'deer', client_4: '9', client_5: '9', client_6: '2', client_9: '2'
Global ID = 12 | from: client_0: '5', client_1: '5', client_11: 'S', client_12: '5', client_13: '5', client_14: 'S', client_15: 'v', client_16: 's', client_17: '5', client_18: 'r', client_19: 's', client_20: 's', client_4: '5', client_6: '5', client_9: '5'
Global ID = 13 | from: client_11: 'f', client_12: 'F', client_13: 'F', client_14: 'F', client_15: 'f', client_16: 'F', client_17: 'F', client_18: 'd', client_19: 'F', client_20: 'u', client_27: 'horse'
Global ID = 16 | from: client_11: 'P', client_12: 'n', client_13: 'd', client_14: 'q', client_15: '9', client_16: '9', client_17: '9', client_18: 'n', client_19: 'n', client_2: '9', client_20: 'n', client_3: '9', client_7: '9', client_9: '9'
Global ID = 17 | from: client_11: 'N', client_12: 'U', client_14: 'U', client_15: 'm', client_16: 'u', client_18: 'm', client_19: 'a', client_20: 'U'
Global ID = 19 | from: client_11: '7', client_13: '7', client_14: '7', client_15: '7', client_17: 't', client_18: '9', client_20: '2'
Global ID = 20 | from: client_11: 'u', client_12: 'o', client_13: '0', client_14: 'D', client_15: 'o', client_16: '0', client_17: 'q', client_18: 'O', client_19: 'O', client_2: '5', client_20: 'O', client_22: 'automobile', client_23: 'bird', client_25: 'ship', client_26: 'horse', client_27: 'dog', client_3: '0', client_30: 'frog', client_31: 'ship', client_6: '3', client_7: '0', client_8: '0', client_9: '8'
Global ID = 22 | from: client_0: '1', client_11: 'l', client_12: 'f', client_13: 'l', client_14: '1', client_15: '1', client_16: 'I', client_17: 'l', client_18: 'l', client_19: '1', client_20: 'i', client_23: 'horse', client_25: 'airplane', client_28: 'airplane', client_29: 'bird', client_31: 'bird', client_4: '1', client_5: '1', client_7: '1', client_8: '1'
Global ID = 23 | from: client_11: 'Z', client_12: 'T', client_14: 'J', client_15: 'T', client_16: '7', client_17: 'T', client_18: 'T', client_19: 'P', client_20: 'y', client_3: '7', client_6: '7', client_7: '7', client_8: '7', client_9: '7'
Global ID = 28 | from: client_11: 'D', client_12: 'A', client_13: 'O', client_14: 'a', client_16: 'l', client_17: 'a', client_18: 'A', client_19: 'i', client_20: 'A'
Global ID = 29 | from: client_11: 'I', client_12: 'Q', client_13: 'r', client_14: 'd', client_15: 'l', client_16: 'M', client_17: 'y', client_18: 'Q', client_19: 'r', client_20: 'r', client_31: 'horse', client_5: '0', client_9: '1'
Global ID = 30 | from: client_12: 'M', client_14: 'i', client_15: 'M', client_16: 'm', client_17: 'm', client_20: 'm'
Global ID = 31 | from: client_11: 'g', client_12: 'Y', client_14: 'Y', client_15: 'Y', client_17: 'Y', client_18: 'y', client_20: 'Y'
Global ID = 32 | from: client_11: 'O', client_13: 'Z', client_14: 's', client_15: 'c', client_16: 'C', client_17: 'C', client_18: 'c', client_22: 'cat'
Global ID = 33 | from: client_11: 'r', client_12: 'j', client_13: 'b', client_14: 'h', client_15: 'U', client_16: 'V', client_17: 'U', client_18: 'z', client_19: 'h', client_20: '6', client_23: 'frog', client_28: 'cat', client_31: 'dog'
Global ID = 34 | from: client_11: 'F', client_13: 'P', client_15: 'p', client_16: 'p', client_17: 'P', client_18: 'p', client_19: 'p'
Global ID = 35 | from: client_13: 'w', client_16: 'r', client_18: 'W'
Global ID = 36 | from: client_12: 'H', client_14: 'T', client_17: 'i', client_18: 'Y', client_25: 'deer', client_26: 'frog', client_31: 'cat'
Global ID = 37 | from: client_12: 'k', client_13: 'j', client_14: 'l', client_15: 'i', client_16: 'h', client_17: 'I', client_18: '1', client_20: 'q'
Global ID = 39 | from: client_12: 'J', client_13: 'J', client_14: '5', client_15: 'J', client_16: 'j', client_17: 'J', client_18: 'J', client_19: 'J', client_20: 'J'
Global ID = 40 | from: client_11: 'L', client_12: 'K', client_13: '1', client_14: 'I', client_15: 'G', client_16: 'G', client_17: '6', client_18: 'u', client_19: 'W', client_20: '1', client_3: '1', client_4: '6', client_7: '6', client_8: '6', client_9: '6'
Global ID = 41 | from: client_14: 'P', client_16: 'P', client_17: 'b'
Global ID = 42 | from: client_12: 'V', client_14: 'V', client_18: 'v', client_19: 'v', client_20: 'E'
Global ID = 43 | from: client_11: 'B', client_12: '3', client_13: 'x', client_14: 'm', client_15: 'x', client_16: 'B', client_17: 'B', client_18: '3', client_19: 'S', client_2: '3', client_20: 'X', client_4: '3', client_5: '3', client_7: '3', client_9: '3'
Global ID = 44 | from: client_12: 't', client_20: 't'
Global ID = 45 | from: client_12: 'Z', client_17: 'z'
Global ID = 46 | from: client_11: 'k', client_12: 'G', client_14: 'b', client_16: 'b', client_17: '7', client_19: 'G', client_20: 'b'
Global ID = 47 | from: client_18: 'N', client_20: 'N'
Global ID = 48 | from: client_12: 's', client_15: 'S', client_16: 'z', client_17: 'c', client_18: 'g', client_20: '9'
Global ID = 49 | from: client_13: 'D', client_17: 'o'
Global ID = 50 | from: client_12: 'd'
Global ID = 51 | from: client_12: 'r'
Global ID = 52 | from: client_12: 'u'
Global ID = 53 | from: client_12: 'v'
Global ID = 54 | from: client_13: 'A'
Global ID = 55 | from: client_13: 'o'
Global ID = 56 | from: client_13: 't'
Global ID = 57 | from: client_13: 'z'
Global ID = 58 | from: client_14: '9'
Global ID = 59 | from: client_14: 'C'
Global ID = 60 | from: client_14: 'H'
Global ID = 61 | from: client_14: 'w'
Global ID = 62 | from: client_15: '2'
Global ID = 63 | from: client_15: '3'
Global ID = 64 | from: client_15: '4'
Global ID = 65 | from: client_15: 'I'
Global ID = 66 | from: client_15: 'd'
Global ID = 67 | from: client_15: 'u'
Global ID = 68 | from: client_15: 'w'
Global ID = 69 | from: client_16: 'c'
Global ID = 70 | from: client_16: 'n'
Global ID = 71 | from: client_16: 'v'
Global ID = 72 | from: client_17: '4'
Global ID = 73 | from: client_17: 'D'
Global ID = 74 | from: client_17: 'O'
Global ID = 75 | from: client_17: 'd'
Global ID = 76 | from: client_18: 'I'
Global ID = 77 | from: client_18: 'M'
Global ID = 78 | from: client_18: 'P'
Global ID = 79 | from: client_18: 'V'
Global ID = 80 | from: client_18: 'a'
Global ID = 81 | from: client_18: 'f'
Global ID = 82 | from: client_18: 's'
Global ID = 83 | from: client_19: 'Q'
Global ID = 84 | from: client_19: 'o'
Global ID = 85 | from: client_20: '0'
Global ID = 86 | from: client_20: '3'
Global ID = 87 | from: client_20: '5'
Global ID = 88 | from: client_20: 'B'
Global ID = 89 | from: client_20: 'D'
Global ID = 90 | from: client_20: 'F'
Global ID = 91 | from: client_20: 'H'
Global ID = 92 | from: client_20: 'I'
Global ID = 93 | from: client_20: 'K'
Global ID = 94 | from: client_20: 'L'
Global ID = 95 | from: client_20: 'M'
Global ID = 96 | from: client_20: 'P'
Global ID = 97 | from: client_20: 'Q'
Global ID = 98 | from: client_20: 'R'
Global ID = 99 | from: client_20: 'T'
Global ID = 100 | from: client_20: 'W'
Global ID = 101 | from: client_20: 'Z'
Global ID = 102 | from: client_20: 'c'
Global ID = 103 | from: client_20: 'd'
Global ID = 104 | from: client_20: 'e'
Global ID = 105 | from: client_20: 'f'
Global ID = 106 | from: client_20: 'g'
Global ID = 107 | from: client_20: 'h'
Global ID = 108 | from: client_20: 'j'
Global ID = 109 | from: client_20: 'k'
Global ID = 110 | from: client_20: 'l'
Global ID = 111 | from: client_20: 'o'
Global ID = 112 | from: client_20: 'p'
Global ID = 113 | from: client_20: 'w'
Global ID = 114 | from: client_20: 'x'
Global ID = 115 | from: client_20: 'z'
==================================================


##################################################
Entropy Ratio = 1.0
##################################################

==================================================
Label Mapping Summary:
Global ID = 1  | from: client_11: '4', client_12: 'N', client_14: '4', client_15: 'X', client_16: 'A', client_17: 'M', client_18: 'X', client_19: 'V', client_20: '4', client_27: 'automobile', client_3: '4', client_4: '4', client_6: '4', client_7: '4', client_8: '4'
Global ID = 2  | from: client_11: 'o', client_12: 'z', client_13: 'C', client_14: 'c', client_15: 'D', client_16: 'O', client_17: 'Z', client_18: 'Z', client_19: '2', client_20: 'C', client_22: 'dog'
Global ID = 3  | from: client_11: 'H', client_12: '8', client_13: 'g', client_14: '8', client_15: '8', client_16: 'q', client_17: '8', client_18: '8', client_19: 'g', client_20: '8', client_23: 'deer', client_25: 'horse', client_26: 'truck', client_27: 'bird', client_28: 'dog', client_29: 'horse', client_30: 'ship', client_31: 'truck', client_4: '8'
Global ID = 5  | from: client_11: 'K', client_14: 'R', client_15: 'K', client_17: 'k', client_18: 'K', client_19: 'R', client_20: 'a'
Global ID = 6  | from: client_11: 'd', client_12: 'e', client_13: 'e', client_14: 'e', client_15: 's', client_16: 'E', client_17: 'e', client_18: 'E', client_19: 'E', client_20: '7', client_22: 'airplane', client_26: 'airplane', client_27: 'airplane', client_28: 'automobile', client_31: 'airplane', client_9: '0'
Global ID = 7  | from: client_1: '6', client_11: 'U', client_12: 'p', client_13: 'G', client_14: 'X', client_15: 'W', client_16: '6', client_17: 'H', client_18: '6', client_19: 'k', client_2: '4', client_20: 'V', client_22: 'bird', client_23: 'cat', client_24: 'dog', client_25: 'bird', client_26: 'cat', client_27: 'deer', client_28: 'horse', client_29: 'truck', client_3: '6', client_30: 'horse', client_31: 'frog', client_5: '8', client_6: '6', client_9: '4'
Global ID = 8  | from: client_0: '2', client_1: '2', client_11: '2', client_12: 'a', client_13: '2', client_14: '2', client_15: 'z', client_16: 'D', client_17: 'Q', client_18: 'h', client_19: 'z', client_20: 'G', client_25: 'automobile', client_27: 'ship', client_31: 'automobile', client_4: '2', client_5: '2', client_8: '2'
Global ID = 11 | from: client_1: '3', client_11: 'W', client_12: 'l', client_13: 'W', client_14: 'W', client_15: 'F', client_16: 'W', client_17: 'V', client_18: 'k', client_19: 'w', client_2: '8', client_20: 'S', client_22: 'frog', client_23: 'airplane', client_24: 'deer', client_25: 'truck', client_26: 'ship', client_27: 'frog', client_28: 'truck', client_29: 'ship', client_30: 'dog', client_31: 'deer', client_4: '9', client_5: '9', client_6: '2', client_9: '2'
Global ID = 12 | from: client_0: '5', client_1: '5', client_11: 'S', client_12: '5', client_13: '5', client_14: 'S', client_15: 'v', client_16: 's', client_17: '5', client_18: 'r', client_19: 's', client_20: 's', client_4: '5', client_6: '5', client_9: '5'
Global ID = 13 | from: client_11: 'f', client_12: 'F', client_13: 'F', client_14: 'F', client_15: 'f', client_16: 'F', client_17: 'F', client_18: 'd', client_19: 'F', client_20: 'u', client_27: 'horse'
Global ID = 16 | from: client_11: 'P', client_12: 'n', client_13: 'd', client_14: 'q', client_15: '9', client_16: '9', client_17: '9', client_18: 'n', client_19: 'n', client_2: '9', client_20: 'n', client_3: '9', client_7: '9', client_9: '9'
Global ID = 17 | from: client_11: 'N', client_12: 'U', client_14: 'U', client_15: 'm', client_16: 'u', client_18: 'm', client_19: 'a', client_20: 'U'
Global ID = 19 | from: client_11: '7', client_13: '7', client_14: '7', client_15: '7', client_17: 't', client_18: '9', client_20: '2'
Global ID = 20 | from: client_11: 'u', client_12: 'o', client_13: '0', client_14: 'D', client_15: 'o', client_16: '0', client_17: 'q', client_18: 'O', client_19: 'O', client_2: '5', client_20: 'O', client_22: 'automobile', client_23: 'bird', client_25: 'ship', client_26: 'horse', client_27: 'dog', client_3: '0', client_30: 'frog', client_31: 'ship', client_6: '3', client_7: '0', client_8: '0', client_9: '8'
Global ID = 22 | from: client_0: '1', client_11: 'l', client_12: 'f', client_13: 'l', client_14: '1', client_15: '1', client_16: 'I', client_17: 'l', client_18: 'l', client_19: '1', client_20: 'i', client_23: 'horse', client_25: 'airplane', client_28: 'airplane', client_29: 'bird', client_31: 'bird', client_4: '1', client_5: '1', client_7: '1', client_8: '1'
Global ID = 23 | from: client_11: 'Z', client_12: 'T', client_14: 'J', client_15: 'T', client_16: '7', client_17: 'T', client_18: 'T', client_19: 'P', client_20: 'y', client_3: '7', client_6: '7', client_7: '7', client_8: '7', client_9: '7'
Global ID = 28 | from: client_11: 'D', client_12: 'A', client_13: 'O', client_14: 'a', client_16: 'l', client_17: 'a', client_18: 'A', client_19: 'i', client_20: 'A'
Global ID = 29 | from: client_11: 'I', client_12: 'Q', client_13: 'r', client_14: 'd', client_15: 'l', client_16: 'M', client_17: 'y', client_18: 'Q', client_19: 'r', client_20: 'r', client_31: 'horse', client_5: '0', client_9: '1'
Global ID = 30 | from: client_12: 'M', client_14: 'i', client_15: 'M', client_16: 'm', client_17: 'm', client_20: 'm'
Global ID = 31 | from: client_11: 'g', client_12: 'Y', client_14: 'Y', client_15: 'Y', client_17: 'Y', client_18: 'y', client_20: 'Y'
Global ID = 32 | from: client_11: 'O', client_13: 'Z', client_14: 's', client_15: 'c', client_16: 'C', client_17: 'C', client_18: 'c', client_22: 'cat'
Global ID = 33 | from: client_11: 'r', client_12: 'j', client_13: 'b', client_14: 'h', client_15: 'U', client_16: 'V', client_17: 'U', client_18: 'z', client_19: 'h', client_20: '6', client_23: 'frog', client_28: 'cat', client_31: 'dog'
Global ID = 34 | from: client_11: 'F', client_13: 'P', client_15: 'p', client_16: 'p', client_17: 'P', client_18: 'p', client_19: 'p'
Global ID = 35 | from: client_13: 'w', client_16: 'r', client_18: 'W'
Global ID = 36 | from: client_12: 'H', client_14: 'T', client_17: 'i', client_18: 'Y', client_25: 'deer', client_26: 'frog', client_31: 'cat'
Global ID = 37 | from: client_12: 'k', client_13: 'j', client_14: 'l', client_15: 'i', client_16: 'h', client_17: 'I', client_18: '1', client_20: 'q'
Global ID = 39 | from: client_12: 'J', client_13: 'J', client_14: '5', client_15: 'J', client_16: 'j', client_17: 'J', client_18: 'J', client_19: 'J', client_20: 'J'
Global ID = 40 | from: client_11: 'L', client_12: 'K', client_13: '1', client_14: 'I', client_15: 'G', client_16: 'G', client_17: '6', client_18: 'u', client_19: 'W', client_20: '1', client_3: '1', client_4: '6', client_7: '6', client_8: '6', client_9: '6'
Global ID = 41 | from: client_14: 'P', client_16: 'P', client_17: 'b'
Global ID = 42 | from: client_12: 'V', client_14: 'V', client_18: 'v', client_19: 'v', client_20: 'E'
Global ID = 43 | from: client_11: 'B', client_12: '3', client_13: 'x', client_14: 'm', client_15: 'x', client_16: 'B', client_17: 'B', client_18: '3', client_19: 'S', client_2: '3', client_20: 'X', client_4: '3', client_5: '3', client_7: '3', client_9: '3'
Global ID = 44 | from: client_12: 't', client_20: 't'
Global ID = 45 | from: client_12: 'Z', client_17: 'z'
Global ID = 46 | from: client_11: 'k', client_12: 'G', client_14: 'b', client_16: 'b', client_17: '7', client_19: 'G', client_20: 'b'
Global ID = 47 | from: client_18: 'N', client_20: 'N'
Global ID = 48 | from: client_12: 's', client_15: 'S', client_16: 'z', client_17: 'c', client_18: 'g', client_20: '9'
Global ID = 49 | from: client_13: 'D', client_17: 'o'
Global ID = 50 | from: client_12: 'd'
Global ID = 51 | from: client_12: 'r'
Global ID = 52 | from: client_12: 'u'
Global ID = 53 | from: client_12: 'v'
Global ID = 54 | from: client_13: 'A'
Global ID = 55 | from: client_13: 'o'
Global ID = 56 | from: client_13: 't'
Global ID = 57 | from: client_13: 'z'
Global ID = 58 | from: client_14: '9'
Global ID = 59 | from: client_14: 'C'
Global ID = 60 | from: client_14: 'H'
Global ID = 61 | from: client_14: 'w'
Global ID = 62 | from: client_15: '2'
Global ID = 63 | from: client_15: '3'
Global ID = 64 | from: client_15: '4'
Global ID = 65 | from: client_15: 'I'
Global ID = 66 | from: client_15: 'd'
Global ID = 67 | from: client_15: 'u'
Global ID = 68 | from: client_15: 'w'
Global ID = 69 | from: client_16: 'c'
Global ID = 70 | from: client_16: 'n'
Global ID = 71 | from: client_16: 'v'
Global ID = 72 | from: client_17: '4'
Global ID = 73 | from: client_17: 'D'
Global ID = 74 | from: client_17: 'O'
Global ID = 75 | from: client_17: 'd'
Global ID = 76 | from: client_18: 'I'
Global ID = 77 | from: client_18: 'M'
Global ID = 78 | from: client_18: 'P'
Global ID = 79 | from: client_18: 'V'
Global ID = 80 | from: client_18: 'a'
Global ID = 81 | from: client_18: 'f'
Global ID = 82 | from: client_18: 's'
Global ID = 83 | from: client_19: 'Q'
Global ID = 84 | from: client_19: 'o'
Global ID = 85 | from: client_20: '0'
Global ID = 86 | from: client_20: '3'
Global ID = 87 | from: client_20: '5'
Global ID = 88 | from: client_20: 'B'
Global ID = 89 | from: client_20: 'D'
Global ID = 90 | from: client_20: 'F'
Global ID = 91 | from: client_20: 'H'
Global ID = 92 | from: client_20: 'I'
Global ID = 93 | from: client_20: 'K'
Global ID = 94 | from: client_20: 'L'
Global ID = 95 | from: client_20: 'M'
Global ID = 96 | from: client_20: 'P'
Global ID = 97 | from: client_20: 'Q'
Global ID = 98 | from: client_20: 'R'
Global ID = 99 | from: client_20: 'T'
Global ID = 100 | from: client_20: 'W'
Global ID = 101 | from: client_20: 'Z'
Global ID = 102 | from: client_20: 'c'
Global ID = 103 | from: client_20: 'd'
Global ID = 104 | from: client_20: 'e'
Global ID = 105 | from: client_20: 'f'
Global ID = 106 | from: client_20: 'g'
Global ID = 107 | from: client_20: 'h'
Global ID = 108 | from: client_20: 'j'
Global ID = 109 | from: client_20: 'k'
Global ID = 110 | from: client_20: 'l'
Global ID = 111 | from: client_20: 'o'
Global ID = 112 | from: client_20: 'p'
Global ID = 113 | from: client_20: 'w'
Global ID = 114 | from: client_20: 'x'
Global ID = 115 | from: client_20: 'z'
==================================================

