Time: 2026-06-02 11:45:44
Log Dir: logs/2026-06-02_11-45-44/Ours
================================================================================

==============================        Args        ==============================
  exp_timestamp: None
  exp_conf: ./configs/het-iid-exp.yaml
  device: cuda:1
  seed: 15698
  algorithm: Ours
  num_new_clients: 1
  num_train_mnist: 10
  num_train_emnist: 10
  num_train_fashionmnist: 0
  num_train_cifar10: 10
  num_train_cifar100: 0
  num_train_usps: 0
================================================================================
==============================    Exp Configs     ==============================
exp_name: model-heterogeneity
heterogeneous: true
dirichlet_alpha: 100
global_rounds: 100
local_epochs: 1
local_loss_fn: CrossEntropyLoss
local_optim: Adam
local_lr: 0.001
batch_size: 64
sample_frac: 1.0
test_interval: 1
metric_type: accuracy
global_feature_dim: 256
optim: Adam
optim_lr: 0.001
global_gen_epochs: 10
gen_noise_dim: 128
gen_optim: Adam
gen_optim_lr: 0.001
global_feat_gen_epochs: 10
feat_gen_noise_dim: 128
feat_gen_optim: Adam
feat_gen_optim_lr: 0.001
feat_gen_div_beta: 1.0
public_data_ratio: 0.05
start_mapping_epoch: 25
gen_observer_weight: 0.0
index_matching: class_name
aggregate_method: dataset_name
use_new_entropy_method: true
entropy_ratio: 0.85
global_model_epochs: 5
global_model_optim: Adam
global_model_optim_lr: 0.0001
global_samples_per_class: 64

================================================================================

==================================================
Start 100 rounds training by Ours
Selected client ids: [0, 1, 2, 3, 4, 5, 6, 7, 8, 9, 10, 11, 12, 13, 14, 15, 16, 17, 18, 19, 20, 21, 22, 23, 24, 25, 26, 27, 28, 29]
--- Round 1 ---
Round 1 | Client 0 | Model: (MLP) | Acc: 83.86%
Round 1 | Client 1 | Model: (CNN) | Acc: 50.50%
Round 1 | Client 2 | Model: (ResNet8) | Acc: 82.11%
Round 1 | Client 3 | Model: (ResNet18) | Acc: 83.14%
Round 1 | Client 4 | Model: (MobileNetV2) | Acc: 54.39%
Round 1 | Client 5 | Model: (MobileNetV3) | Acc: 47.16%
Round 1 | Client 6 | Model: (LeNet) | Acc: 80.85%
Round 1 | Client 7 | Model: (AlexNet) | Acc: 86.32%
Round 1 | Client 8 | Model: (ShuffleNet) | Acc: 62.58%
Round 1 | Client 9 | Model: (SqueezeNet) | Acc: 51.58%
Round 1 | Client 11 | Model: (MLP) | Acc: 74.61%
Round 1 | Client 12 | Model: (CNN) | Acc: 74.77%
Round 1 | Client 13 | Model: (ResNet8) | Acc: 78.00%
Round 1 | Client 14 | Model: (ResNet18) | Acc: 81.02%
Round 1 | Client 15 | Model: (MobileNetV2) | Acc: 74.55%
Round 1 | Client 16 | Model: (MobileNetV3) | Acc: 32.23%
Round 1 | Client 17 | Model: (LeNet) | Acc: 77.17%
Round 1 | Client 18 | Model: (AlexNet) | Acc: 80.53%
Round 1 | Client 19 | Model: (ShuffleNet) | Acc: 70.96%
Round 1 | Client 20 | Model: (SqueezeNet) | Acc: 70.01%
Round 1 | Client 22 | Model: (MLP) | Acc: 30.22%
Round 1 | Client 23 | Model: (CNN) | Acc: 33.08%
Round 1 | Client 24 | Model: (ResNet8) | Acc: 32.23%
Round 1 | Client 25 | Model: (ResNet18) | Acc: 29.19%
Round 1 | Client 26 | Model: (MobileNetV2) | Acc: 15.95%
Round 1 | Client 27 | Model: (MobileNetV3) | Acc: 33.58%
Round 1 | Client 28 | Model: (LeNet) | Acc: 28.16%
Round 1 | Client 29 | Model: (AlexNet) | Acc: 26.59%
Round 1 | Client 30 | Model: (ShuffleNet) | Acc: 20.94%
Round 1 | Client 31 | Model: (SqueezeNet) | Acc: 14.72%
[Server] Aggregating by Dataset Name ...
Selected client ids: [0, 1, 2, 3, 4, 5, 6, 7, 8, 9, 10, 11, 12, 13, 14, 15, 16, 17, 18, 19, 20, 21, 22, 23, 24, 25, 26, 27, 28, 29]
--- Round 2 ---
Round 2 | Client 0 | Model: (MLP) | Acc: 88.77%
Round 2 | Client 1 | Model: (CNN) | Acc: 75.30%
Round 2 | Client 2 | Model: (ResNet8) | Acc: 59.80%
Round 2 | Client 3 | Model: (ResNet18) | Acc: 91.06%
Round 2 | Client 4 | Model: (MobileNetV2) | Acc: 83.08%
Round 2 | Client 5 | Model: (MobileNetV3) | Acc: 65.55%
Round 2 | Client 6 | Model: (LeNet) | Acc: 93.11%
Round 2 | Client 7 | Model: (AlexNet) | Acc: 94.00%
Round 2 | Client 8 | Model: (ShuffleNet) | Acc: 76.95%
Round 2 | Client 9 | Model: (SqueezeNet) | Acc: 79.45%
Round 2 | Client 11 | Model: (MLP) | Acc: 77.18%
Round 2 | Client 12 | Model: (CNN) | Acc: 78.71%
Round 2 | Client 13 | Model: (ResNet8) | Acc: 81.60%
Round 2 | Client 14 | Model: (ResNet18) | Acc: 84.56%
Round 2 | Client 15 | Model: (MobileNetV2) | Acc: 77.62%
Round 2 | Client 16 | Model: (MobileNetV3) | Acc: 59.74%
Round 2 | Client 17 | Model: (LeNet) | Acc: 81.58%
Round 2 | Client 18 | Model: (AlexNet) | Acc: 82.74%
Round 2 | Client 19 | Model: (ShuffleNet) | Acc: 75.72%
Round 2 | Client 20 | Model: (SqueezeNet) | Acc: 75.29%
Round 2 | Client 22 | Model: (MLP) | Acc: 35.01%
Round 2 | Client 23 | Model: (CNN) | Acc: 40.00%
Round 2 | Client 24 | Model: (ResNet8) | Acc: 40.79%
Round 2 | Client 25 | Model: (ResNet18) | Acc: 34.63%
Round 2 | Client 26 | Model: (MobileNetV2) | Acc: 28.12%
Round 2 | Client 27 | Model: (MobileNetV3) | Acc: 37.12%
Round 2 | Client 28 | Model: (LeNet) | Acc: 32.56%
Round 2 | Client 29 | Model: (AlexNet) | Acc: 32.22%
Round 2 | Client 30 | Model: (ShuffleNet) | Acc: 24.56%
Round 2 | Client 31 | Model: (SqueezeNet) | Acc: 20.45%
[Server] Aggregating by Dataset Name ...
Selected client ids: [0, 1, 2, 3, 4, 5, 6, 7, 8, 9, 10, 11, 12, 13, 14, 15, 16, 17, 18, 19, 20, 21, 22, 23, 24, 25, 26, 27, 28, 29]
--- Round 3 ---
Round 3 | Client 0 | Model: (MLP) | Acc: 89.09%
Round 3 | Client 1 | Model: (CNN) | Acc: 62.79%
Round 3 | Client 2 | Model: (ResNet8) | Acc: 85.05%
Round 3 | Client 3 | Model: (ResNet18) | Acc: 94.57%
Round 3 | Client 4 | Model: (MobileNetV2) | Acc: 89.29%
Round 3 | Client 5 | Model: (MobileNetV3) | Acc: 68.00%
Round 3 | Client 6 | Model: (LeNet) | Acc: 94.75%
Round 3 | Client 7 | Model: (AlexNet) | Acc: 96.00%
Round 3 | Client 8 | Model: (ShuffleNet) | Acc: 80.51%
Round 3 | Client 9 | Model: (SqueezeNet) | Acc: 85.36%
Round 3 | Client 11 | Model: (MLP) | Acc: 78.74%
Round 3 | Client 12 | Model: (CNN) | Acc: 79.62%
Round 3 | Client 13 | Model: (ResNet8) | Acc: 83.46%
Round 3 | Client 14 | Model: (ResNet18) | Acc: 84.80%
Round 3 | Client 15 | Model: (MobileNetV2) | Acc: 79.26%
Round 3 | Client 16 | Model: (MobileNetV3) | Acc: 49.75%
Round 3 | Client 17 | Model: (LeNet) | Acc: 82.79%
Round 3 | Client 18 | Model: (AlexNet) | Acc: 83.29%
Round 3 | Client 19 | Model: (ShuffleNet) | Acc: 78.45%
Round 3 | Client 20 | Model: (SqueezeNet) | Acc: 77.48%
Round 3 | Client 22 | Model: (MLP) | Acc: 36.09%
Round 3 | Client 23 | Model: (CNN) | Acc: 40.88%
Round 3 | Client 24 | Model: (ResNet8) | Acc: 43.36%
Round 3 | Client 25 | Model: (ResNet18) | Acc: 38.29%
Round 3 | Client 26 | Model: (MobileNetV2) | Acc: 31.48%
Round 3 | Client 27 | Model: (MobileNetV3) | Acc: 36.59%
Round 3 | Client 28 | Model: (LeNet) | Acc: 37.51%
Round 3 | Client 29 | Model: (AlexNet) | Acc: 41.30%
Round 3 | Client 30 | Model: (ShuffleNet) | Acc: 26.10%
Round 3 | Client 31 | Model: (SqueezeNet) | Acc: 21.91%
[Server] Aggregating by Dataset Name ...
Selected client ids: [0, 1, 2, 3, 4, 5, 6, 7, 8, 9, 10, 11, 12, 13, 14, 15, 16, 17, 18, 19, 20, 21, 22, 23, 24, 25, 26, 27, 28, 29]
--- Round 4 ---
Round 4 | Client 0 | Model: (MLP) | Acc: 90.73%
Round 4 | Client 1 | Model: (CNN) | Acc: 73.75%
Round 4 | Client 2 | Model: (ResNet8) | Acc: 94.34%
Round 4 | Client 3 | Model: (ResNet18) | Acc: 97.96%
Round 4 | Client 4 | Model: (MobileNetV2) | Acc: 91.33%
Round 4 | Client 5 | Model: (MobileNetV3) | Acc: 63.43%
Round 4 | Client 6 | Model: (LeNet) | Acc: 96.28%
Round 4 | Client 7 | Model: (AlexNet) | Acc: 96.84%
Round 4 | Client 8 | Model: (ShuffleNet) | Acc: 76.50%
Round 4 | Client 9 | Model: (SqueezeNet) | Acc: 87.10%
Round 4 | Client 11 | Model: (MLP) | Acc: 78.25%
Round 4 | Client 12 | Model: (CNN) | Acc: 76.28%
Round 4 | Client 13 | Model: (ResNet8) | Acc: 84.16%
Round 4 | Client 14 | Model: (ResNet18) | Acc: 85.29%
Round 4 | Client 15 | Model: (MobileNetV2) | Acc: 80.28%
Round 4 | Client 16 | Model: (MobileNetV3) | Acc: 63.73%
Round 4 | Client 17 | Model: (LeNet) | Acc: 81.88%
Round 4 | Client 18 | Model: (AlexNet) | Acc: 84.63%
Round 4 | Client 19 | Model: (ShuffleNet) | Acc: 79.22%
Round 4 | Client 20 | Model: (SqueezeNet) | Acc: 79.94%
Round 4 | Client 22 | Model: (MLP) | Acc: 37.17%
Round 4 | Client 23 | Model: (CNN) | Acc: 51.21%
Round 4 | Client 24 | Model: (ResNet8) | Acc: 50.43%
Round 4 | Client 25 | Model: (ResNet18) | Acc: 46.61%
Round 4 | Client 26 | Model: (MobileNetV2) | Acc: 32.53%
Round 4 | Client 27 | Model: (MobileNetV3) | Acc: 38.41%
Round 4 | Client 28 | Model: (LeNet) | Acc: 40.70%
Round 4 | Client 29 | Model: (AlexNet) | Acc: 39.89%
Round 4 | Client 30 | Model: (ShuffleNet) | Acc: 30.92%
Round 4 | Client 31 | Model: (SqueezeNet) | Acc: 22.25%
[Server] Aggregating by Dataset Name ...
Selected client ids: [0, 1, 2, 3, 4, 5, 6, 7, 8, 9, 10, 11, 12, 13, 14, 15, 16, 17, 18, 19, 20, 21, 22, 23, 24, 25, 26, 27, 28, 29]
--- Round 5 ---
Round 5 | Client 0 | Model: (MLP) | Acc: 90.95%
Round 5 | Client 1 | Model: (CNN) | Acc: 81.95%
Round 5 | Client 2 | Model: (ResNet8) | Acc: 94.68%
Round 5 | Client 3 | Model: (ResNet18) | Acc: 97.74%
Round 5 | Client 4 | Model: (MobileNetV2) | Acc: 90.79%
Round 5 | Client 5 | Model: (MobileNetV3) | Acc: 60.31%
Round 5 | Client 6 | Model: (LeNet) | Acc: 96.28%
Round 5 | Client 7 | Model: (AlexNet) | Acc: 97.68%
Round 5 | Client 8 | Model: (ShuffleNet) | Acc: 79.84%
Round 5 | Client 9 | Model: (SqueezeNet) | Acc: 87.32%
Round 5 | Client 11 | Model: (MLP) | Acc: 79.24%
Round 5 | Client 12 | Model: (CNN) | Acc: 82.42%
Round 5 | Client 13 | Model: (ResNet8) | Acc: 84.88%
Round 5 | Client 14 | Model: (ResNet18) | Acc: 85.67%
Round 5 | Client 15 | Model: (MobileNetV2) | Acc: 81.19%
Round 5 | Client 16 | Model: (MobileNetV3) | Acc: 62.81%
Round 5 | Client 17 | Model: (LeNet) | Acc: 83.16%
Round 5 | Client 18 | Model: (AlexNet) | Acc: 84.34%
Round 5 | Client 19 | Model: (ShuffleNet) | Acc: 80.17%
Round 5 | Client 20 | Model: (SqueezeNet) | Acc: 80.46%
Round 5 | Client 22 | Model: (MLP) | Acc: 39.09%
Round 5 | Client 23 | Model: (CNN) | Acc: 50.44%
Round 5 | Client 24 | Model: (ResNet8) | Acc: 50.43%
Round 5 | Client 25 | Model: (ResNet18) | Acc: 48.72%
Round 5 | Client 26 | Model: (MobileNetV2) | Acc: 35.78%
Round 5 | Client 27 | Model: (MobileNetV3) | Acc: 39.91%
Round 5 | Client 28 | Model: (LeNet) | Acc: 41.80%
Round 5 | Client 29 | Model: (AlexNet) | Acc: 43.57%
Round 5 | Client 30 | Model: (ShuffleNet) | Acc: 32.24%
Round 5 | Client 31 | Model: (SqueezeNet) | Acc: 29.55%
[Server] Aggregating by Dataset Name ...
Selected client ids: [0, 1, 2, 3, 4, 5, 6, 7, 8, 9, 10, 11, 12, 13, 14, 15, 16, 17, 18, 19, 20, 21, 22, 23, 24, 25, 26, 27, 28, 29]
--- Round 6 ---
Round 6 | Client 0 | Model: (MLP) | Acc: 91.06%
Round 6 | Client 1 | Model: (CNN) | Acc: 79.84%
Round 6 | Client 2 | Model: (ResNet8) | Acc: 97.40%
Round 6 | Client 3 | Model: (ResNet18) | Acc: 97.40%
Round 6 | Client 4 | Model: (MobileNetV2) | Acc: 91.01%
Round 6 | Client 5 | Model: (MobileNetV3) | Acc: 52.95%
Round 6 | Client 6 | Model: (LeNet) | Acc: 95.95%
Round 6 | Client 7 | Model: (AlexNet) | Acc: 96.84%
Round 6 | Client 8 | Model: (ShuffleNet) | Acc: 80.51%
Round 6 | Client 9 | Model: (SqueezeNet) | Acc: 92.57%
Round 6 | Client 11 | Model: (MLP) | Acc: 79.43%
Round 6 | Client 12 | Model: (CNN) | Acc: 82.79%
Round 6 | Client 13 | Model: (ResNet8) | Acc: 84.01%
Round 6 | Client 14 | Model: (ResNet18) | Acc: 85.27%
Round 6 | Client 15 | Model: (MobileNetV2) | Acc: 81.83%
Round 6 | Client 16 | Model: (MobileNetV3) | Acc: 48.94%
Round 6 | Client 17 | Model: (LeNet) | Acc: 83.99%
Round 6 | Client 18 | Model: (AlexNet) | Acc: 84.84%
Round 6 | Client 19 | Model: (ShuffleNet) | Acc: 80.40%
Round 6 | Client 20 | Model: (SqueezeNet) | Acc: 80.64%
Round 6 | Client 22 | Model: (MLP) | Acc: 38.73%
Round 6 | Client 23 | Model: (CNN) | Acc: 50.22%
Round 6 | Client 24 | Model: (ResNet8) | Acc: 38.97%
Round 6 | Client 25 | Model: (ResNet18) | Acc: 50.94%
Round 6 | Client 26 | Model: (MobileNetV2) | Acc: 35.47%
Round 6 | Client 27 | Model: (MobileNetV3) | Acc: 43.03%
Round 6 | Client 28 | Model: (LeNet) | Acc: 43.45%
Round 6 | Client 29 | Model: (AlexNet) | Acc: 43.89%
Round 6 | Client 30 | Model: (ShuffleNet) | Acc: 33.99%
Round 6 | Client 31 | Model: (SqueezeNet) | Acc: 22.13%
[Server] Aggregating by Dataset Name ...
Selected client ids: [0, 1, 2, 3, 4, 5, 6, 7, 8, 9, 10, 11, 12, 13, 14, 15, 16, 17, 18, 19, 20, 21, 22, 23, 24, 25, 26, 27, 28, 29]
--- Round 7 ---
Round 7 | Client 0 | Model: (MLP) | Acc: 92.91%
Round 7 | Client 1 | Model: (CNN) | Acc: 81.62%
Round 7 | Client 2 | Model: (ResNet8) | Acc: 91.73%
Round 7 | Client 3 | Model: (ResNet18) | Acc: 98.42%
Round 7 | Client 4 | Model: (MobileNetV2) | Acc: 92.51%
Round 7 | Client 5 | Model: (MobileNetV3) | Acc: 77.48%
Round 7 | Client 6 | Model: (LeNet) | Acc: 96.50%
Round 7 | Client 7 | Model: (AlexNet) | Acc: 97.79%
Round 7 | Client 8 | Model: (ShuffleNet) | Acc: 80.40%
Round 7 | Client 9 | Model: (SqueezeNet) | Acc: 93.99%
Round 7 | Client 11 | Model: (MLP) | Acc: 79.69%
Round 7 | Client 12 | Model: (CNN) | Acc: 82.86%
Round 7 | Client 13 | Model: (ResNet8) | Acc: 85.32%
Round 7 | Client 14 | Model: (ResNet18) | Acc: 86.18%
Round 7 | Client 15 | Model: (MobileNetV2) | Acc: 81.71%
Round 7 | Client 16 | Model: (MobileNetV3) | Acc: 57.31%
Round 7 | Client 17 | Model: (LeNet) | Acc: 83.99%
Round 7 | Client 18 | Model: (AlexNet) | Acc: 84.58%
Round 7 | Client 19 | Model: (ShuffleNet) | Acc: 82.16%
Round 7 | Client 20 | Model: (SqueezeNet) | Acc: 80.12%
Round 7 | Client 22 | Model: (MLP) | Acc: 39.45%
Round 7 | Client 23 | Model: (CNN) | Acc: 46.04%
Round 7 | Client 24 | Model: (ResNet8) | Acc: 49.14%
Round 7 | Client 25 | Model: (ResNet18) | Acc: 45.95%
Round 7 | Client 26 | Model: (MobileNetV2) | Acc: 35.36%
Round 7 | Client 27 | Model: (MobileNetV3) | Acc: 42.17%
Round 7 | Client 28 | Model: (LeNet) | Acc: 42.46%
Round 7 | Client 29 | Model: (AlexNet) | Acc: 47.89%
Round 7 | Client 30 | Model: (ShuffleNet) | Acc: 36.62%
Round 7 | Client 31 | Model: (SqueezeNet) | Acc: 30.67%
[Server] Aggregating by Dataset Name ...
Selected client ids: [0, 1, 2, 3, 4, 5, 6, 7, 8, 9, 10, 11, 12, 13, 14, 15, 16, 17, 18, 19, 20, 21, 22, 23, 24, 25, 26, 27, 28, 29]
--- Round 8 ---
Round 8 | Client 0 | Model: (MLP) | Acc: 92.15%
Round 8 | Client 1 | Model: (CNN) | Acc: 67.55%
Round 8 | Client 2 | Model: (ResNet8) | Acc: 91.39%
Round 8 | Client 3 | Model: (ResNet18) | Acc: 97.62%
Round 8 | Client 4 | Model: (MobileNetV2) | Acc: 92.61%
Round 8 | Client 5 | Model: (MobileNetV3) | Acc: 85.06%
Round 8 | Client 6 | Model: (LeNet) | Acc: 97.26%
Round 8 | Client 7 | Model: (AlexNet) | Acc: 98.74%
Round 8 | Client 8 | Model: (ShuffleNet) | Acc: 84.08%
Round 8 | Client 9 | Model: (SqueezeNet) | Acc: 91.26%
Round 8 | Client 11 | Model: (MLP) | Acc: 79.59%
Round 8 | Client 12 | Model: (CNN) | Acc: 80.90%
Round 8 | Client 13 | Model: (ResNet8) | Acc: 85.55%
Round 8 | Client 14 | Model: (ResNet18) | Acc: 85.32%
Round 8 | Client 15 | Model: (MobileNetV2) | Acc: 82.64%
Round 8 | Client 16 | Model: (MobileNetV3) | Acc: 68.91%
Round 8 | Client 17 | Model: (LeNet) | Acc: 83.62%
Round 8 | Client 18 | Model: (AlexNet) | Acc: 85.38%
Round 8 | Client 19 | Model: (ShuffleNet) | Acc: 82.09%
Round 8 | Client 20 | Model: (SqueezeNet) | Acc: 81.76%
Round 8 | Client 22 | Model: (MLP) | Acc: 36.81%
Round 8 | Client 23 | Model: (CNN) | Acc: 51.10%
Round 8 | Client 24 | Model: (ResNet8) | Acc: 47.97%
Round 8 | Client 25 | Model: (ResNet18) | Acc: 53.94%
Round 8 | Client 26 | Model: (MobileNetV2) | Acc: 33.58%
Round 8 | Client 27 | Model: (MobileNetV3) | Acc: 43.88%
Round 8 | Client 28 | Model: (LeNet) | Acc: 45.21%
Round 8 | Client 29 | Model: (AlexNet) | Acc: 47.35%
Round 8 | Client 30 | Model: (ShuffleNet) | Acc: 36.40%
Round 8 | Client 31 | Model: (SqueezeNet) | Acc: 29.33%
[Server] Aggregating by Dataset Name ...
Selected client ids: [0, 1, 2, 3, 4, 5, 6, 7, 8, 9, 10, 11, 12, 13, 14, 15, 16, 17, 18, 19, 20, 21, 22, 23, 24, 25, 26, 27, 28, 29]
--- Round 9 ---
Round 9 | Client 0 | Model: (MLP) | Acc: 93.68%
Round 9 | Client 1 | Model: (CNN) | Acc: 46.07%
Round 9 | Client 2 | Model: (ResNet8) | Acc: 97.06%
Round 9 | Client 3 | Model: (ResNet18) | Acc: 97.85%
Round 9 | Client 4 | Model: (MobileNetV2) | Acc: 93.58%
Round 9 | Client 5 | Model: (MobileNetV3) | Acc: 75.47%
Round 9 | Client 6 | Model: (LeNet) | Acc: 97.48%
Round 9 | Client 7 | Model: (AlexNet) | Acc: 98.32%
Round 9 | Client 8 | Model: (ShuffleNet) | Acc: 81.63%
Round 9 | Client 9 | Model: (SqueezeNet) | Acc: 95.52%
Round 9 | Client 11 | Model: (MLP) | Acc: 80.20%
Round 9 | Client 12 | Model: (CNN) | Acc: 80.98%
Round 9 | Client 13 | Model: (ResNet8) | Acc: 85.24%
Round 9 | Client 14 | Model: (ResNet18) | Acc: 85.81%
Round 9 | Client 15 | Model: (MobileNetV2) | Acc: 83.61%
Round 9 | Client 16 | Model: (MobileNetV3) | Acc: 75.15%
Round 9 | Client 17 | Model: (LeNet) | Acc: 84.21%
Round 9 | Client 18 | Model: (AlexNet) | Acc: 84.95%
Round 9 | Client 19 | Model: (ShuffleNet) | Acc: 82.06%
Round 9 | Client 20 | Model: (SqueezeNet) | Acc: 81.84%
Round 9 | Client 22 | Model: (MLP) | Acc: 41.01%
Round 9 | Client 23 | Model: (CNN) | Acc: 43.96%
Round 9 | Client 24 | Model: (ResNet8) | Acc: 53.00%
Round 9 | Client 25 | Model: (ResNet18) | Acc: 54.38%
Round 9 | Client 26 | Model: (MobileNetV2) | Acc: 35.47%
Round 9 | Client 27 | Model: (MobileNetV3) | Acc: 41.42%
Round 9 | Client 28 | Model: (LeNet) | Acc: 46.75%
Round 9 | Client 29 | Model: (AlexNet) | Acc: 47.78%
Round 9 | Client 30 | Model: (ShuffleNet) | Acc: 39.47%
Round 9 | Client 31 | Model: (SqueezeNet) | Acc: 31.35%
[Server] Aggregating by Dataset Name ...
Selected client ids: [0, 1, 2, 3, 4, 5, 6, 7, 8, 9, 10, 11, 12, 13, 14, 15, 16, 17, 18, 19, 20, 21, 22, 23, 24, 25, 26, 27, 28, 29]
--- Round 10 ---
Round 10 | Client 0 | Model: (MLP) | Acc: 92.48%
Round 10 | Client 1 | Model: (CNN) | Acc: 93.91%
Round 10 | Client 2 | Model: (ResNet8) | Acc: 86.86%
Round 10 | Client 3 | Model: (ResNet18) | Acc: 98.64%
Round 10 | Client 4 | Model: (MobileNetV2) | Acc: 93.90%
Round 10 | Client 5 | Model: (MobileNetV3) | Acc: 82.72%
Round 10 | Client 6 | Model: (LeNet) | Acc: 97.26%
Round 10 | Client 7 | Model: (AlexNet) | Acc: 98.32%
Round 10 | Client 8 | Model: (ShuffleNet) | Acc: 81.74%
Round 10 | Client 9 | Model: (SqueezeNet) | Acc: 94.86%
Round 10 | Client 11 | Model: (MLP) | Acc: 80.04%
Round 10 | Client 12 | Model: (CNN) | Acc: 81.74%
Round 10 | Client 13 | Model: (ResNet8) | Acc: 84.58%
Round 10 | Client 14 | Model: (ResNet18) | Acc: 85.96%
Round 10 | Client 15 | Model: (MobileNetV2) | Acc: 82.59%
Round 10 | Client 16 | Model: (MobileNetV3) | Acc: 75.54%
Round 10 | Client 17 | Model: (LeNet) | Acc: 84.07%
Round 10 | Client 18 | Model: (AlexNet) | Acc: 84.64%
Round 10 | Client 19 | Model: (ShuffleNet) | Acc: 82.77%
Round 10 | Client 20 | Model: (SqueezeNet) | Acc: 81.76%
Round 10 | Client 22 | Model: (MLP) | Acc: 40.17%
Round 10 | Client 23 | Model: (CNN) | Acc: 52.42%
Round 10 | Client 24 | Model: (ResNet8) | Acc: 57.17%
Round 10 | Client 25 | Model: (ResNet18) | Acc: 50.50%
Round 10 | Client 26 | Model: (MobileNetV2) | Acc: 37.04%
Round 10 | Client 27 | Model: (MobileNetV3) | Acc: 44.10%
Round 10 | Client 28 | Model: (LeNet) | Acc: 46.86%
Round 10 | Client 29 | Model: (AlexNet) | Acc: 49.95%
Round 10 | Client 30 | Model: (ShuffleNet) | Acc: 37.50%
Round 10 | Client 31 | Model: (SqueezeNet) | Acc: 30.45%
[Server] Aggregating by Dataset Name ...
Selected client ids: [0, 1, 2, 3, 4, 5, 6, 7, 8, 9, 10, 11, 12, 13, 14, 15, 16, 17, 18, 19, 20, 21, 22, 23, 24, 25, 26, 27, 28, 29]
--- Round 11 ---
Round 11 | Client 0 | Model: (MLP) | Acc: 94.44%
Round 11 | Client 1 | Model: (CNN) | Acc: 89.48%
Round 11 | Client 2 | Model: (ResNet8) | Acc: 95.70%
Round 11 | Client 3 | Model: (ResNet18) | Acc: 97.29%
Round 11 | Client 4 | Model: (MobileNetV2) | Acc: 93.68%
Round 11 | Client 5 | Model: (MobileNetV3) | Acc: 83.39%
Round 11 | Client 6 | Model: (LeNet) | Acc: 97.16%
Round 11 | Client 7 | Model: (AlexNet) | Acc: 97.16%
Round 11 | Client 8 | Model: (ShuffleNet) | Acc: 63.25%
Round 11 | Client 9 | Model: (SqueezeNet) | Acc: 94.32%
Round 11 | Client 11 | Model: (MLP) | Acc: 81.04%
Round 11 | Client 12 | Model: (CNN) | Acc: 83.55%
Round 11 | Client 13 | Model: (ResNet8) | Acc: 84.72%
Round 11 | Client 14 | Model: (ResNet18) | Acc: 84.91%
Round 11 | Client 15 | Model: (MobileNetV2) | Acc: 83.64%
Round 11 | Client 16 | Model: (MobileNetV3) | Acc: 69.13%
Round 11 | Client 17 | Model: (LeNet) | Acc: 84.16%
Round 11 | Client 18 | Model: (AlexNet) | Acc: 84.30%
Round 11 | Client 19 | Model: (ShuffleNet) | Acc: 82.80%
Round 11 | Client 20 | Model: (SqueezeNet) | Acc: 82.07%
Round 11 | Client 22 | Model: (MLP) | Acc: 40.41%
Round 11 | Client 23 | Model: (CNN) | Acc: 54.29%
Round 11 | Client 24 | Model: (ResNet8) | Acc: 56.42%
Round 11 | Client 25 | Model: (ResNet18) | Acc: 49.61%
Round 11 | Client 26 | Model: (MobileNetV2) | Acc: 36.52%
Round 11 | Client 27 | Model: (MobileNetV3) | Acc: 43.45%
Round 11 | Client 28 | Model: (LeNet) | Acc: 49.83%
Round 11 | Client 29 | Model: (AlexNet) | Acc: 49.62%
Round 11 | Client 30 | Model: (ShuffleNet) | Acc: 37.83%
Round 11 | Client 31 | Model: (SqueezeNet) | Acc: 33.03%
[Server] Aggregating by Dataset Name ...
Selected client ids: [0, 1, 2, 3, 4, 5, 6, 7, 8, 9, 10, 11, 12, 13, 14, 15, 16, 17, 18, 19, 20, 21, 22, 23, 24, 25, 26, 27, 28, 29]
--- Round 12 ---
Round 12 | Client 0 | Model: (MLP) | Acc: 92.26%
Round 12 | Client 1 | Model: (CNN) | Acc: 85.49%
Round 12 | Client 2 | Model: (ResNet8) | Acc: 96.38%
Round 12 | Client 3 | Model: (ResNet18) | Acc: 97.51%
Round 12 | Client 4 | Model: (MobileNetV2) | Acc: 94.00%
Round 12 | Client 5 | Model: (MobileNetV3) | Acc: 81.05%
Round 12 | Client 6 | Model: (LeNet) | Acc: 97.70%
Round 12 | Client 7 | Model: (AlexNet) | Acc: 98.32%
Round 12 | Client 8 | Model: (ShuffleNet) | Acc: 71.71%
Round 12 | Client 9 | Model: (SqueezeNet) | Acc: 96.17%
Round 12 | Client 11 | Model: (MLP) | Acc: 80.01%
Round 12 | Client 12 | Model: (CNN) | Acc: 82.45%
Round 12 | Client 13 | Model: (ResNet8) | Acc: 84.77%
Round 12 | Client 14 | Model: (ResNet18) | Acc: 85.72%
Round 12 | Client 15 | Model: (MobileNetV2) | Acc: 83.65%
Round 12 | Client 16 | Model: (MobileNetV3) | Acc: 78.47%
Round 12 | Client 17 | Model: (LeNet) | Acc: 84.52%
Round 12 | Client 18 | Model: (AlexNet) | Acc: 84.64%
Round 12 | Client 19 | Model: (ShuffleNet) | Acc: 82.39%
Round 12 | Client 20 | Model: (SqueezeNet) | Acc: 81.78%
Round 12 | Client 22 | Model: (MLP) | Acc: 41.01%
Round 12 | Client 23 | Model: (CNN) | Acc: 54.73%
Round 12 | Client 24 | Model: (ResNet8) | Acc: 46.90%
Round 12 | Client 25 | Model: (ResNet18) | Acc: 53.72%
Round 12 | Client 26 | Model: (MobileNetV2) | Acc: 37.78%
Round 12 | Client 27 | Model: (MobileNetV3) | Acc: 45.71%
Round 12 | Client 28 | Model: (LeNet) | Acc: 47.19%
Round 12 | Client 29 | Model: (AlexNet) | Acc: 50.92%
Round 12 | Client 30 | Model: (ShuffleNet) | Acc: 40.46%
Round 12 | Client 31 | Model: (SqueezeNet) | Acc: 33.48%
[Server] Aggregating by Dataset Name ...
Selected client ids: [0, 1, 2, 3, 4, 5, 6, 7, 8, 9, 10, 11, 12, 13, 14, 15, 16, 17, 18, 19, 20, 21, 22, 23, 24, 25, 26, 27, 28, 29]
--- Round 13 ---
Round 13 | Client 0 | Model: (MLP) | Acc: 92.58%
Round 13 | Client 1 | Model: (CNN) | Acc: 92.91%
Round 13 | Client 2 | Model: (ResNet8) | Acc: 97.51%
Round 13 | Client 3 | Model: (ResNet18) | Acc: 97.51%
Round 13 | Client 4 | Model: (MobileNetV2) | Acc: 94.22%
Round 13 | Client 5 | Model: (MobileNetV3) | Acc: 86.62%
Round 13 | Client 6 | Model: (LeNet) | Acc: 98.03%
Round 13 | Client 7 | Model: (AlexNet) | Acc: 97.05%
Round 13 | Client 8 | Model: (ShuffleNet) | Acc: 69.60%
Round 13 | Client 9 | Model: (SqueezeNet) | Acc: 95.63%
Round 13 | Client 11 | Model: (MLP) | Acc: 80.08%
Round 13 | Client 12 | Model: (CNN) | Acc: 84.78%
Round 13 | Client 13 | Model: (ResNet8) | Acc: 85.09%
Round 13 | Client 14 | Model: (ResNet18) | Acc: 86.23%
Round 13 | Client 15 | Model: (MobileNetV2) | Acc: 82.99%
Round 13 | Client 16 | Model: (MobileNetV3) | Acc: 73.30%
Round 13 | Client 17 | Model: (LeNet) | Acc: 84.63%
Round 13 | Client 18 | Model: (AlexNet) | Acc: 83.07%
Round 13 | Client 19 | Model: (ShuffleNet) | Acc: 83.34%
Round 13 | Client 20 | Model: (SqueezeNet) | Acc: 82.94%
Round 13 | Client 22 | Model: (MLP) | Acc: 42.21%
Round 13 | Client 23 | Model: (CNN) | Acc: 41.21%
Round 13 | Client 24 | Model: (ResNet8) | Acc: 50.00%
Round 13 | Client 25 | Model: (ResNet18) | Acc: 57.05%
Round 13 | Client 26 | Model: (MobileNetV2) | Acc: 36.52%
Round 13 | Client 27 | Model: (MobileNetV3) | Acc: 44.42%
Round 13 | Client 28 | Model: (LeNet) | Acc: 49.61%
Round 13 | Client 29 | Model: (AlexNet) | Acc: 52.65%
Round 13 | Client 30 | Model: (ShuffleNet) | Acc: 38.05%
Round 13 | Client 31 | Model: (SqueezeNet) | Acc: 32.47%
[Server] Aggregating by Dataset Name ...
Selected client ids: [0, 1, 2, 3, 4, 5, 6, 7, 8, 9, 10, 11, 12, 13, 14, 15, 16, 17, 18, 19, 20, 21, 22, 23, 24, 25, 26, 27, 28, 29]
--- Round 14 ---
Round 14 | Client 0 | Model: (MLP) | Acc: 92.15%
Round 14 | Client 1 | Model: (CNN) | Acc: 88.37%
Round 14 | Client 2 | Model: (ResNet8) | Acc: 98.30%
Round 14 | Client 3 | Model: (ResNet18) | Acc: 97.62%
Round 14 | Client 4 | Model: (MobileNetV2) | Acc: 94.11%
Round 14 | Client 5 | Model: (MobileNetV3) | Acc: 83.50%
Round 14 | Client 6 | Model: (LeNet) | Acc: 98.47%
Round 14 | Client 7 | Model: (AlexNet) | Acc: 98.32%
Round 14 | Client 8 | Model: (ShuffleNet) | Acc: 65.37%
Round 14 | Client 9 | Model: (SqueezeNet) | Acc: 96.83%
Round 14 | Client 11 | Model: (MLP) | Acc: 81.18%
Round 14 | Client 12 | Model: (CNN) | Acc: 84.55%
Round 14 | Client 13 | Model: (ResNet8) | Acc: 84.56%
Round 14 | Client 14 | Model: (ResNet18) | Acc: 85.61%
Round 14 | Client 15 | Model: (MobileNetV2) | Acc: 84.02%
Round 14 | Client 16 | Model: (MobileNetV3) | Acc: 76.42%
Round 14 | Client 17 | Model: (LeNet) | Acc: 84.50%
Round 14 | Client 18 | Model: (AlexNet) | Acc: 84.04%
Round 14 | Client 19 | Model: (ShuffleNet) | Acc: 82.94%
Round 14 | Client 20 | Model: (SqueezeNet) | Acc: 81.80%
Round 14 | Client 22 | Model: (MLP) | Acc: 40.29%
Round 14 | Client 23 | Model: (CNN) | Acc: 56.26%
Round 14 | Client 24 | Model: (ResNet8) | Acc: 56.00%
Round 14 | Client 25 | Model: (ResNet18) | Acc: 52.28%
Round 14 | Client 26 | Model: (MobileNetV2) | Acc: 39.66%
Round 14 | Client 27 | Model: (MobileNetV3) | Acc: 45.39%
Round 14 | Client 28 | Model: (LeNet) | Acc: 49.17%
Round 14 | Client 29 | Model: (AlexNet) | Acc: 53.62%
Round 14 | Client 30 | Model: (ShuffleNet) | Acc: 38.82%
Round 14 | Client 31 | Model: (SqueezeNet) | Acc: 32.36%
[Server] Aggregating by Dataset Name ...
Selected client ids: [0, 1, 2, 3, 4, 5, 6, 7, 8, 9, 10, 11, 12, 13, 14, 15, 16, 17, 18, 19, 20, 21, 22, 23, 24, 25, 26, 27, 28, 29]
--- Round 15 ---
Round 15 | Client 0 | Model: (MLP) | Acc: 94.33%
Round 15 | Client 1 | Model: (CNN) | Acc: 94.02%
Round 15 | Client 2 | Model: (ResNet8) | Acc: 98.53%
Round 15 | Client 3 | Model: (ResNet18) | Acc: 98.42%
Round 15 | Client 4 | Model: (MobileNetV2) | Acc: 94.33%
Round 15 | Client 5 | Model: (MobileNetV3) | Acc: 78.26%
Round 15 | Client 6 | Model: (LeNet) | Acc: 98.36%
Round 15 | Client 7 | Model: (AlexNet) | Acc: 98.00%
Round 15 | Client 8 | Model: (ShuffleNet) | Acc: 69.04%
Round 15 | Client 9 | Model: (SqueezeNet) | Acc: 96.61%
Round 15 | Client 11 | Model: (MLP) | Acc: 79.56%
Round 15 | Client 12 | Model: (CNN) | Acc: 84.65%
Round 15 | Client 13 | Model: (ResNet8) | Acc: 84.31%
Round 15 | Client 14 | Model: (ResNet18) | Acc: 85.56%
Round 15 | Client 15 | Model: (MobileNetV2) | Acc: 83.70%
Round 15 | Client 16 | Model: (MobileNetV3) | Acc: 76.35%
Round 15 | Client 17 | Model: (LeNet) | Acc: 84.14%
Round 15 | Client 18 | Model: (AlexNet) | Acc: 83.15%
Round 15 | Client 19 | Model: (ShuffleNet) | Acc: 83.27%
Round 15 | Client 20 | Model: (SqueezeNet) | Acc: 82.54%
Round 15 | Client 22 | Model: (MLP) | Acc: 43.05%
Round 15 | Client 23 | Model: (CNN) | Acc: 57.91%
Round 15 | Client 24 | Model: (ResNet8) | Acc: 59.10%
Round 15 | Client 25 | Model: (ResNet18) | Acc: 57.82%
Round 15 | Client 26 | Model: (MobileNetV2) | Acc: 38.20%
Round 15 | Client 27 | Model: (MobileNetV3) | Acc: 45.49%
Round 15 | Client 28 | Model: (LeNet) | Acc: 49.06%
Round 15 | Client 29 | Model: (AlexNet) | Acc: 53.51%
Round 15 | Client 30 | Model: (ShuffleNet) | Acc: 40.57%
Round 15 | Client 31 | Model: (SqueezeNet) | Acc: 33.82%
[Server] Aggregating by Dataset Name ...
Selected client ids: [0, 1, 2, 3, 4, 5, 6, 7, 8, 9, 10, 11, 12, 13, 14, 15, 16, 17, 18, 19, 20, 21, 22, 23, 24, 25, 26, 27, 28, 29]
--- Round 16 ---
Round 16 | Client 0 | Model: (MLP) | Acc: 94.66%
Round 16 | Client 1 | Model: (CNN) | Acc: 95.24%
Round 16 | Client 2 | Model: (ResNet8) | Acc: 98.41%
Round 16 | Client 3 | Model: (ResNet18) | Acc: 98.87%
Round 16 | Client 4 | Model: (MobileNetV2) | Acc: 94.11%
Round 16 | Client 5 | Model: (MobileNetV3) | Acc: 88.41%
Round 16 | Client 6 | Model: (LeNet) | Acc: 98.14%
Round 16 | Client 7 | Model: (AlexNet) | Acc: 98.21%
Round 16 | Client 8 | Model: (ShuffleNet) | Acc: 71.83%
Round 16 | Client 9 | Model: (SqueezeNet) | Acc: 96.39%
Round 16 | Client 11 | Model: (MLP) | Acc: 80.43%
Round 16 | Client 12 | Model: (CNN) | Acc: 84.22%
Round 16 | Client 13 | Model: (ResNet8) | Acc: 84.66%
Round 16 | Client 14 | Model: (ResNet18) | Acc: 85.23%
Round 16 | Client 15 | Model: (MobileNetV2) | Acc: 83.36%
Round 16 | Client 16 | Model: (MobileNetV3) | Acc: 68.30%
Round 16 | Client 17 | Model: (LeNet) | Acc: 84.79%
Round 16 | Client 18 | Model: (AlexNet) | Acc: 83.11%
Round 16 | Client 19 | Model: (ShuffleNet) | Acc: 83.61%
Round 16 | Client 20 | Model: (SqueezeNet) | Acc: 83.27%
Round 16 | Client 22 | Model: (MLP) | Acc: 39.45%
Round 16 | Client 23 | Model: (CNN) | Acc: 49.12%
Round 16 | Client 24 | Model: (ResNet8) | Acc: 52.03%
Round 16 | Client 25 | Model: (ResNet18) | Acc: 55.72%
Round 16 | Client 26 | Model: (MobileNetV2) | Acc: 36.52%
Round 16 | Client 27 | Model: (MobileNetV3) | Acc: 48.18%
Round 16 | Client 28 | Model: (LeNet) | Acc: 51.38%
Round 16 | Client 29 | Model: (AlexNet) | Acc: 53.30%
Round 16 | Client 30 | Model: (ShuffleNet) | Acc: 39.36%
Round 16 | Client 31 | Model: (SqueezeNet) | Acc: 36.40%
[Server] Aggregating by Dataset Name ...
Selected client ids: [0, 1, 2, 3, 4, 5, 6, 7, 8, 9, 10, 11, 12, 13, 14, 15, 16, 17, 18, 19, 20, 21, 22, 23, 24, 25, 26, 27, 28, 29]
--- Round 17 ---
Round 17 | Client 0 | Model: (MLP) | Acc: 94.44%
Round 17 | Client 1 | Model: (CNN) | Acc: 95.68%
Round 17 | Client 2 | Model: (ResNet8) | Acc: 97.73%
Round 17 | Client 3 | Model: (ResNet18) | Acc: 98.19%
Round 17 | Client 4 | Model: (MobileNetV2) | Acc: 95.93%
Round 17 | Client 5 | Model: (MobileNetV3) | Acc: 89.41%
Round 17 | Client 6 | Model: (LeNet) | Acc: 98.03%
Round 17 | Client 7 | Model: (AlexNet) | Acc: 98.32%
Round 17 | Client 8 | Model: (ShuffleNet) | Acc: 72.05%
Round 17 | Client 9 | Model: (SqueezeNet) | Acc: 96.72%
Round 17 | Client 11 | Model: (MLP) | Acc: 80.73%
Round 17 | Client 12 | Model: (CNN) | Acc: 85.30%
Round 17 | Client 13 | Model: (ResNet8) | Acc: 84.56%
Round 17 | Client 14 | Model: (ResNet18) | Acc: 85.09%
Round 17 | Client 15 | Model: (MobileNetV2) | Acc: 83.61%
Round 17 | Client 16 | Model: (MobileNetV3) | Acc: 76.97%
Round 17 | Client 17 | Model: (LeNet) | Acc: 84.51%
Round 17 | Client 18 | Model: (AlexNet) | Acc: 83.92%
Round 17 | Client 19 | Model: (ShuffleNet) | Acc: 83.57%
Round 17 | Client 20 | Model: (SqueezeNet) | Acc: 81.59%
Round 17 | Client 22 | Model: (MLP) | Acc: 41.49%
Round 17 | Client 23 | Model: (CNN) | Acc: 58.68%
Round 17 | Client 24 | Model: (ResNet8) | Acc: 56.64%
Round 17 | Client 25 | Model: (ResNet18) | Acc: 55.60%
Round 17 | Client 26 | Model: (MobileNetV2) | Acc: 37.78%
Round 17 | Client 27 | Model: (MobileNetV3) | Acc: 44.96%
Round 17 | Client 28 | Model: (LeNet) | Acc: 51.27%
Round 17 | Client 29 | Model: (AlexNet) | Acc: 52.22%
Round 17 | Client 30 | Model: (ShuffleNet) | Acc: 38.82%
Round 17 | Client 31 | Model: (SqueezeNet) | Acc: 33.93%
[Server] Aggregating by Dataset Name ...
Selected client ids: [0, 1, 2, 3, 4, 5, 6, 7, 8, 9, 10, 11, 12, 13, 14, 15, 16, 17, 18, 19, 20, 21, 22, 23, 24, 25, 26, 27, 28, 29]
--- Round 18 ---
Round 18 | Client 0 | Model: (MLP) | Acc: 92.15%
Round 18 | Client 1 | Model: (CNN) | Acc: 89.37%
Round 18 | Client 2 | Model: (ResNet8) | Acc: 96.60%
Round 18 | Client 3 | Model: (ResNet18) | Acc: 98.87%
Round 18 | Client 4 | Model: (MobileNetV2) | Acc: 95.82%
Round 18 | Client 5 | Model: (MobileNetV3) | Acc: 88.29%
Round 18 | Client 6 | Model: (LeNet) | Acc: 98.47%
Round 18 | Client 7 | Model: (AlexNet) | Acc: 98.32%
Round 18 | Client 8 | Model: (ShuffleNet) | Acc: 72.83%
Round 18 | Client 9 | Model: (SqueezeNet) | Acc: 96.07%
Round 18 | Client 11 | Model: (MLP) | Acc: 80.73%
Round 18 | Client 12 | Model: (CNN) | Acc: 83.03%
Round 18 | Client 13 | Model: (ResNet8) | Acc: 84.90%
Round 18 | Client 14 | Model: (ResNet18) | Acc: 85.05%
Round 18 | Client 15 | Model: (MobileNetV2) | Acc: 84.12%
Round 18 | Client 16 | Model: (MobileNetV3) | Acc: 77.37%
Round 18 | Client 17 | Model: (LeNet) | Acc: 84.12%
Round 18 | Client 18 | Model: (AlexNet) | Acc: 83.35%
Round 18 | Client 19 | Model: (ShuffleNet) | Acc: 83.02%
Round 18 | Client 20 | Model: (SqueezeNet) | Acc: 82.91%
Round 18 | Client 22 | Model: (MLP) | Acc: 38.73%
Round 18 | Client 23 | Model: (CNN) | Acc: 57.80%
Round 18 | Client 24 | Model: (ResNet8) | Acc: 54.50%
Round 18 | Client 25 | Model: (ResNet18) | Acc: 58.60%
Round 18 | Client 26 | Model: (MobileNetV2) | Acc: 36.73%
Round 18 | Client 27 | Model: (MobileNetV3) | Acc: 44.74%
Round 18 | Client 28 | Model: (LeNet) | Acc: 52.70%
Round 18 | Client 29 | Model: (AlexNet) | Acc: 53.95%
Round 18 | Client 30 | Model: (ShuffleNet) | Acc: 40.13%
Round 18 | Client 31 | Model: (SqueezeNet) | Acc: 37.75%
[Server] Aggregating by Dataset Name ...
Selected client ids: [0, 1, 2, 3, 4, 5, 6, 7, 8, 9, 10, 11, 12, 13, 14, 15, 16, 17, 18, 19, 20, 21, 22, 23, 24, 25, 26, 27, 28, 29]
--- Round 19 ---
Round 19 | Client 0 | Model: (MLP) | Acc: 94.55%
Round 19 | Client 1 | Model: (CNN) | Acc: 43.74%
Round 19 | Client 2 | Model: (ResNet8) | Acc: 94.56%
Round 19 | Client 3 | Model: (ResNet18) | Acc: 98.98%
Round 19 | Client 4 | Model: (MobileNetV2) | Acc: 96.04%
Round 19 | Client 5 | Model: (MobileNetV3) | Acc: 90.19%
Round 19 | Client 6 | Model: (LeNet) | Acc: 97.48%
Round 19 | Client 7 | Model: (AlexNet) | Acc: 98.53%
Round 19 | Client 8 | Model: (ShuffleNet) | Acc: 73.61%
Round 19 | Client 9 | Model: (SqueezeNet) | Acc: 95.41%
Round 19 | Client 11 | Model: (MLP) | Acc: 80.21%
Round 19 | Client 12 | Model: (CNN) | Acc: 83.42%
Round 19 | Client 13 | Model: (ResNet8) | Acc: 84.19%
Round 19 | Client 14 | Model: (ResNet18) | Acc: 84.99%
Round 19 | Client 15 | Model: (MobileNetV2) | Acc: 84.27%
Round 19 | Client 16 | Model: (MobileNetV3) | Acc: 78.66%
Round 19 | Client 17 | Model: (LeNet) | Acc: 84.44%
Round 19 | Client 18 | Model: (AlexNet) | Acc: 83.78%
Round 19 | Client 19 | Model: (ShuffleNet) | Acc: 83.01%
Round 19 | Client 20 | Model: (SqueezeNet) | Acc: 83.03%
Round 19 | Client 22 | Model: (MLP) | Acc: 41.01%
Round 19 | Client 23 | Model: (CNN) | Acc: 57.47%
Round 19 | Client 24 | Model: (ResNet8) | Acc: 54.28%
Round 19 | Client 25 | Model: (ResNet18) | Acc: 57.27%
Round 19 | Client 26 | Model: (MobileNetV2) | Acc: 39.77%
Round 19 | Client 27 | Model: (MobileNetV3) | Acc: 45.82%
Round 19 | Client 28 | Model: (LeNet) | Acc: 52.15%
Round 19 | Client 29 | Model: (AlexNet) | Acc: 54.59%
Round 19 | Client 30 | Model: (ShuffleNet) | Acc: 38.82%
Round 19 | Client 31 | Model: (SqueezeNet) | Acc: 36.97%
[Server] Aggregating by Dataset Name ...
Selected client ids: [0, 1, 2, 3, 4, 5, 6, 7, 8, 9, 10, 11, 12, 13, 14, 15, 16, 17, 18, 19, 20, 21, 22, 23, 24, 25, 26, 27, 28, 29]
--- Round 20 ---
Round 20 | Client 0 | Model: (MLP) | Acc: 93.68%
Round 20 | Client 1 | Model: (CNN) | Acc: 95.57%
Round 20 | Client 2 | Model: (ResNet8) | Acc: 96.26%
Round 20 | Client 3 | Model: (ResNet18) | Acc: 98.19%
Round 20 | Client 4 | Model: (MobileNetV2) | Acc: 93.90%
Round 20 | Client 5 | Model: (MobileNetV3) | Acc: 88.41%
Round 20 | Client 6 | Model: (LeNet) | Acc: 97.81%
Round 20 | Client 7 | Model: (AlexNet) | Acc: 98.95%
Round 20 | Client 8 | Model: (ShuffleNet) | Acc: 72.72%
Round 20 | Client 9 | Model: (SqueezeNet) | Acc: 97.49%
Round 20 | Client 11 | Model: (MLP) | Acc: 80.53%
Round 20 | Client 12 | Model: (CNN) | Acc: 84.90%
Round 20 | Client 13 | Model: (ResNet8) | Acc: 84.14%
Round 20 | Client 14 | Model: (ResNet18) | Acc: 84.59%
Round 20 | Client 15 | Model: (MobileNetV2) | Acc: 83.57%
Round 20 | Client 16 | Model: (MobileNetV3) | Acc: 79.61%
Round 20 | Client 17 | Model: (LeNet) | Acc: 84.16%
Round 20 | Client 18 | Model: (AlexNet) | Acc: 82.89%
Round 20 | Client 19 | Model: (ShuffleNet) | Acc: 82.54%
Round 20 | Client 20 | Model: (SqueezeNet) | Acc: 82.83%
Round 20 | Client 22 | Model: (MLP) | Acc: 38.61%
Round 20 | Client 23 | Model: (CNN) | Acc: 45.60%
Round 20 | Client 24 | Model: (ResNet8) | Acc: 51.07%
Round 20 | Client 25 | Model: (ResNet18) | Acc: 54.94%
Round 20 | Client 26 | Model: (MobileNetV2) | Acc: 38.09%
Round 20 | Client 27 | Model: (MobileNetV3) | Acc: 46.89%
Round 20 | Client 28 | Model: (LeNet) | Acc: 51.71%
Round 20 | Client 29 | Model: (AlexNet) | Acc: 54.38%
Round 20 | Client 30 | Model: (ShuffleNet) | Acc: 39.04%
Round 20 | Client 31 | Model: (SqueezeNet) | Acc: 35.39%
[Server] Aggregating by Dataset Name ...
Selected client ids: [0, 1, 2, 3, 4, 5, 6, 7, 8, 9, 10, 11, 12, 13, 14, 15, 16, 17, 18, 19, 20, 21, 22, 23, 24, 25, 26, 27, 28, 29]
--- Round 21 ---
Round 21 | Client 0 | Model: (MLP) | Acc: 93.68%
Round 21 | Client 1 | Model: (CNN) | Acc: 79.62%
Round 21 | Client 2 | Model: (ResNet8) | Acc: 92.87%
Round 21 | Client 3 | Model: (ResNet18) | Acc: 97.62%
Round 21 | Client 4 | Model: (MobileNetV2) | Acc: 94.86%
Round 21 | Client 5 | Model: (MobileNetV3) | Acc: 89.63%
Round 21 | Client 6 | Model: (LeNet) | Acc: 98.58%
Round 21 | Client 7 | Model: (AlexNet) | Acc: 98.74%
Round 21 | Client 8 | Model: (ShuffleNet) | Acc: 71.94%
Round 21 | Client 9 | Model: (SqueezeNet) | Acc: 97.05%
Round 21 | Client 11 | Model: (MLP) | Acc: 80.32%
Round 21 | Client 12 | Model: (CNN) | Acc: 84.58%
Round 21 | Client 13 | Model: (ResNet8) | Acc: 84.69%
Round 21 | Client 14 | Model: (ResNet18) | Acc: 84.60%
Round 21 | Client 15 | Model: (MobileNetV2) | Acc: 84.09%
Round 21 | Client 16 | Model: (MobileNetV3) | Acc: 77.04%
Round 21 | Client 17 | Model: (LeNet) | Acc: 84.15%
Round 21 | Client 18 | Model: (AlexNet) | Acc: 82.65%
Round 21 | Client 19 | Model: (ShuffleNet) | Acc: 83.40%
Round 21 | Client 20 | Model: (SqueezeNet) | Acc: 81.32%
Round 21 | Client 22 | Model: (MLP) | Acc: 39.93%
Round 21 | Client 23 | Model: (CNN) | Acc: 58.13%
Round 21 | Client 24 | Model: (ResNet8) | Acc: 55.25%
Round 21 | Client 25 | Model: (ResNet18) | Acc: 61.15%
Round 21 | Client 26 | Model: (MobileNetV2) | Acc: 39.87%
Round 21 | Client 27 | Model: (MobileNetV3) | Acc: 46.89%
Round 21 | Client 28 | Model: (LeNet) | Acc: 50.39%
Round 21 | Client 29 | Model: (AlexNet) | Acc: 53.62%
Round 21 | Client 30 | Model: (ShuffleNet) | Acc: 40.24%
Round 21 | Client 31 | Model: (SqueezeNet) | Acc: 35.06%
[Server] Aggregating by Dataset Name ...
Selected client ids: [0, 1, 2, 3, 4, 5, 6, 7, 8, 9, 10, 11, 12, 13, 14, 15, 16, 17, 18, 19, 20, 21, 22, 23, 24, 25, 26, 27, 28, 29]
--- Round 22 ---
Round 22 | Client 0 | Model: (MLP) | Acc: 94.98%
Round 22 | Client 1 | Model: (CNN) | Acc: 79.29%
Round 22 | Client 2 | Model: (ResNet8) | Acc: 94.22%
Round 22 | Client 3 | Model: (ResNet18) | Acc: 98.87%
Round 22 | Client 4 | Model: (MobileNetV2) | Acc: 95.18%
Round 22 | Client 5 | Model: (MobileNetV3) | Acc: 88.29%
Round 22 | Client 6 | Model: (LeNet) | Acc: 97.70%
Round 22 | Client 7 | Model: (AlexNet) | Acc: 98.84%
Round 22 | Client 8 | Model: (ShuffleNet) | Acc: 71.27%
Round 22 | Client 9 | Model: (SqueezeNet) | Acc: 96.61%
Round 22 | Client 11 | Model: (MLP) | Acc: 80.69%
Round 22 | Client 12 | Model: (CNN) | Acc: 84.92%
Round 22 | Client 13 | Model: (ResNet8) | Acc: 82.83%
Round 22 | Client 14 | Model: (ResNet18) | Acc: 83.87%
Round 22 | Client 15 | Model: (MobileNetV2) | Acc: 83.69%
Round 22 | Client 16 | Model: (MobileNetV3) | Acc: 78.19%
Round 22 | Client 17 | Model: (LeNet) | Acc: 83.91%
Round 22 | Client 18 | Model: (AlexNet) | Acc: 82.47%
Round 22 | Client 19 | Model: (ShuffleNet) | Acc: 83.57%
Round 22 | Client 20 | Model: (SqueezeNet) | Acc: 82.27%
Round 22 | Client 22 | Model: (MLP) | Acc: 37.77%
Round 22 | Client 23 | Model: (CNN) | Acc: 45.05%
Round 22 | Client 24 | Model: (ResNet8) | Acc: 53.75%
Round 22 | Client 25 | Model: (ResNet18) | Acc: 59.16%
Round 22 | Client 26 | Model: (MobileNetV2) | Acc: 38.82%
Round 22 | Client 27 | Model: (MobileNetV3) | Acc: 45.82%
Round 22 | Client 28 | Model: (LeNet) | Acc: 51.27%
Round 22 | Client 29 | Model: (AlexNet) | Acc: 53.73%
Round 22 | Client 30 | Model: (ShuffleNet) | Acc: 41.12%
Round 22 | Client 31 | Model: (SqueezeNet) | Acc: 35.73%
[Server] Aggregating by Dataset Name ...
Selected client ids: [0, 1, 2, 3, 4, 5, 6, 7, 8, 9, 10, 11, 12, 13, 14, 15, 16, 17, 18, 19, 20, 21, 22, 23, 24, 25, 26, 27, 28, 29]
--- Round 23 ---
Round 23 | Client 0 | Model: (MLP) | Acc: 96.07%
Round 23 | Client 1 | Model: (CNN) | Acc: 86.49%
Round 23 | Client 2 | Model: (ResNet8) | Acc: 97.85%
Round 23 | Client 3 | Model: (ResNet18) | Acc: 98.98%
Round 23 | Client 4 | Model: (MobileNetV2) | Acc: 95.29%
Round 23 | Client 5 | Model: (MobileNetV3) | Acc: 82.50%
Round 23 | Client 6 | Model: (LeNet) | Acc: 97.92%
Round 23 | Client 7 | Model: (AlexNet) | Acc: 98.84%
Round 23 | Client 8 | Model: (ShuffleNet) | Acc: 73.61%
Round 23 | Client 9 | Model: (SqueezeNet) | Acc: 97.70%
Round 23 | Client 11 | Model: (MLP) | Acc: 80.02%
Round 23 | Client 12 | Model: (CNN) | Acc: 84.36%
Round 23 | Client 13 | Model: (ResNet8) | Acc: 82.72%
Round 23 | Client 14 | Model: (ResNet18) | Acc: 84.46%
Round 23 | Client 15 | Model: (MobileNetV2) | Acc: 84.36%
Round 23 | Client 16 | Model: (MobileNetV3) | Acc: 77.83%
Round 23 | Client 17 | Model: (LeNet) | Acc: 84.16%
Round 23 | Client 18 | Model: (AlexNet) | Acc: 82.60%
Round 23 | Client 19 | Model: (ShuffleNet) | Acc: 83.05%
Round 23 | Client 20 | Model: (SqueezeNet) | Acc: 83.24%
Round 23 | Client 22 | Model: (MLP) | Acc: 42.45%
Round 23 | Client 23 | Model: (CNN) | Acc: 50.99%
Round 23 | Client 24 | Model: (ResNet8) | Acc: 59.21%
Round 23 | Client 25 | Model: (ResNet18) | Acc: 59.60%
Round 23 | Client 26 | Model: (MobileNetV2) | Acc: 40.19%
Round 23 | Client 27 | Model: (MobileNetV3) | Acc: 46.03%
Round 23 | Client 28 | Model: (LeNet) | Acc: 52.26%
Round 23 | Client 29 | Model: (AlexNet) | Acc: 55.57%
Round 23 | Client 30 | Model: (ShuffleNet) | Acc: 37.61%
Round 23 | Client 31 | Model: (SqueezeNet) | Acc: 36.85%
[Server] Aggregating by Dataset Name ...
Selected client ids: [0, 1, 2, 3, 4, 5, 6, 7, 8, 9, 10, 11, 12, 13, 14, 15, 16, 17, 18, 19, 20, 21, 22, 23, 24, 25, 26, 27, 28, 29]
--- Round 24 ---
Round 24 | Client 0 | Model: (MLP) | Acc: 94.77%
Round 24 | Client 1 | Model: (CNN) | Acc: 77.52%
Round 24 | Client 2 | Model: (ResNet8) | Acc: 96.38%
Round 24 | Client 3 | Model: (ResNet18) | Acc: 98.64%
Round 24 | Client 4 | Model: (MobileNetV2) | Acc: 95.50%
Round 24 | Client 5 | Model: (MobileNetV3) | Acc: 86.96%
Round 24 | Client 6 | Model: (LeNet) | Acc: 98.69%
Round 24 | Client 7 | Model: (AlexNet) | Acc: 98.95%
Round 24 | Client 8 | Model: (ShuffleNet) | Acc: 73.72%
Round 24 | Client 9 | Model: (SqueezeNet) | Acc: 97.16%
Round 24 | Client 11 | Model: (MLP) | Acc: 80.47%
Round 24 | Client 12 | Model: (CNN) | Acc: 85.28%
Round 24 | Client 13 | Model: (ResNet8) | Acc: 83.82%
Round 24 | Client 14 | Model: (ResNet18) | Acc: 84.26%
Round 24 | Client 15 | Model: (MobileNetV2) | Acc: 84.10%
Round 24 | Client 16 | Model: (MobileNetV3) | Acc: 77.74%
Round 24 | Client 17 | Model: (LeNet) | Acc: 84.48%
Round 24 | Client 18 | Model: (AlexNet) | Acc: 82.76%
Round 24 | Client 19 | Model: (ShuffleNet) | Acc: 83.51%
Round 24 | Client 20 | Model: (SqueezeNet) | Acc: 82.76%
Round 24 | Client 22 | Model: (MLP) | Acc: 40.05%
Round 24 | Client 23 | Model: (CNN) | Acc: 60.33%
Round 24 | Client 24 | Model: (ResNet8) | Acc: 60.49%
Round 24 | Client 25 | Model: (ResNet18) | Acc: 57.49%
Round 24 | Client 26 | Model: (MobileNetV2) | Acc: 38.61%
Round 24 | Client 27 | Model: (MobileNetV3) | Acc: 47.10%
Round 24 | Client 28 | Model: (LeNet) | Acc: 53.25%
Round 24 | Client 29 | Model: (AlexNet) | Acc: 55.35%
Round 24 | Client 30 | Model: (ShuffleNet) | Acc: 37.06%
Round 24 | Client 31 | Model: (SqueezeNet) | Acc: 38.65%
[Server] Aggregating by Dataset Name ...
Selected client ids: [0, 1, 2, 3, 4, 5, 6, 7, 8, 9, 10, 11, 12, 13, 14, 15, 16, 17, 18, 19, 20, 21, 22, 23, 24, 25, 26, 27, 28, 29]
--- Round 25 ---
Round 25 | Client 0 | Model: (MLP) | Acc: 93.02%
Round 25 | Client 1 | Model: (CNN) | Acc: 86.38%
Round 25 | Client 2 | Model: (ResNet8) | Acc: 98.07%
Round 25 | Client 3 | Model: (ResNet18) | Acc: 99.10%
Round 25 | Client 4 | Model: (MobileNetV2) | Acc: 95.07%
Round 25 | Client 5 | Model: (MobileNetV3) | Acc: 86.18%
Round 25 | Client 6 | Model: (LeNet) | Acc: 98.47%
Round 25 | Client 7 | Model: (AlexNet) | Acc: 98.95%
Round 25 | Client 8 | Model: (ShuffleNet) | Acc: 72.61%
Round 25 | Client 9 | Model: (SqueezeNet) | Acc: 95.85%
Round 25 | Client 11 | Model: (MLP) | Acc: 80.62%
Round 25 | Client 12 | Model: (CNN) | Acc: 84.30%
Round 25 | Client 13 | Model: (ResNet8) | Acc: 83.58%
Round 25 | Client 14 | Model: (ResNet18) | Acc: 83.43%
Round 25 | Client 15 | Model: (MobileNetV2) | Acc: 83.98%
Round 25 | Client 16 | Model: (MobileNetV3) | Acc: 74.93%
Round 25 | Client 17 | Model: (LeNet) | Acc: 84.26%
Round 25 | Client 18 | Model: (AlexNet) | Acc: 82.25%
Round 25 | Client 19 | Model: (ShuffleNet) | Acc: 83.38%
Round 25 | Client 20 | Model: (SqueezeNet) | Acc: 83.75%
Round 25 | Client 22 | Model: (MLP) | Acc: 40.05%
Round 25 | Client 23 | Model: (CNN) | Acc: 61.10%
Round 25 | Client 24 | Model: (ResNet8) | Acc: 57.07%
Round 25 | Client 25 | Model: (ResNet18) | Acc: 59.82%
Round 25 | Client 26 | Model: (MobileNetV2) | Acc: 39.45%
Round 25 | Client 27 | Model: (MobileNetV3) | Acc: 48.71%
Round 25 | Client 28 | Model: (LeNet) | Acc: 53.14%
Round 25 | Client 29 | Model: (AlexNet) | Acc: 56.11%
Round 25 | Client 30 | Model: (ShuffleNet) | Acc: 38.27%
Round 25 | Client 31 | Model: (SqueezeNet) | Acc: 40.00%
[Server] Aggregating by Dataset Name ...
[Server] Performing Name-Based Label Mapping...
[Server] Name-based mapping completed. Found 72 unique global classes.

=========================================================================================================
Global ID  | Class Name           | Mapped Datasets (Local ID)
---------------------------------------------------------------------------------------------------------
0          | 0                    | MNIST(0), EMNIST(0)
1          | 1                    | MNIST(1), EMNIST(1)
2          | 2                    | MNIST(2), EMNIST(2)
3          | 3                    | MNIST(3), EMNIST(3)
4          | 4                    | MNIST(4), EMNIST(4)
5          | 5                    | MNIST(5), EMNIST(5)
6          | 6                    | MNIST(6), EMNIST(6)
7          | 7                    | MNIST(7), EMNIST(7)
8          | 8                    | MNIST(8), EMNIST(8)
9          | 9                    | MNIST(9), EMNIST(9)
10         | A                    | EMNIST(10)
11         | B                    | EMNIST(11)
12         | C                    | EMNIST(12)
13         | D                    | EMNIST(13)
14         | E                    | EMNIST(14)
15         | F                    | EMNIST(15)
16         | G                    | EMNIST(16)
17         | H                    | EMNIST(17)
18         | I                    | EMNIST(18)
19         | J                    | EMNIST(19)
20         | K                    | EMNIST(20)
21         | L                    | EMNIST(21)
22         | M                    | EMNIST(22)
23         | N                    | EMNIST(23)
24         | O                    | EMNIST(24)
25         | P                    | EMNIST(25)
26         | Q                    | EMNIST(26)
27         | R                    | EMNIST(27)
28         | S                    | EMNIST(28)
29         | T                    | EMNIST(29)
30         | U                    | EMNIST(30)
31         | V                    | EMNIST(31)
32         | W                    | EMNIST(32)
33         | X                    | EMNIST(33)
34         | Y                    | EMNIST(34)
35         | Z                    | EMNIST(35)
36         | a                    | EMNIST(36)
37         | airplane             | CIFAR10(0)
38         | automobile           | CIFAR10(1)
39         | b                    | EMNIST(37)
40         | bird                 | CIFAR10(2)
41         | c                    | EMNIST(38)
42         | cat                  | CIFAR10(3)
43         | d                    | EMNIST(39)
44         | deer                 | CIFAR10(4)
45         | dog                  | CIFAR10(5)
46         | e                    | EMNIST(40)
47         | f                    | EMNIST(41)
48         | frog                 | CIFAR10(6)
49         | g                    | EMNIST(42)
50         | h                    | EMNIST(43)
51         | horse                | CIFAR10(7)
52         | i                    | EMNIST(44)
53         | j                    | EMNIST(45)
54         | k                    | EMNIST(46)
55         | l                    | EMNIST(47)
56         | m                    | EMNIST(48)
57         | n                    | EMNIST(49)
58         | o                    | EMNIST(50)
59         | p                    | EMNIST(51)
60         | q                    | EMNIST(52)
61         | r                    | EMNIST(53)
62         | s                    | EMNIST(54)
63         | ship                 | CIFAR10(8)
64         | t                    | EMNIST(55)
65         | truck                | CIFAR10(9)
66         | u                    | EMNIST(56)
67         | v                    | EMNIST(57)
68         | w                    | EMNIST(58)
69         | x                    | EMNIST(59)
70         | y                    | EMNIST(60)
71         | z                    | EMNIST(61)
=========================================================================================================

[Server] Training Image-Based Global Generator...
  Epoch 1/10 | Loss: 17.5363
  Epoch 2/10 | Loss: 15.3487
  Epoch 3/10 | Loss: 14.6484
  Epoch 4/10 | Loss: 15.0310
  Epoch 5/10 | Loss: 15.5314
  Epoch 6/10 | Loss: 13.3698
  Epoch 7/10 | Loss: 12.8449
  Epoch 8/10 | Loss: 11.0280
  Epoch 9/10 | Loss: 12.2175
  Epoch 10/10 | Loss: 11.6191
[Server] Image-Based Global Generator training finished.
[Server] Training Final Global Inference Model ...
Detected 72 global classes: [0, 1, 2, 3, 4, 5, 6, 7, 8, 9, 10, 11, 12, 13, 14, 15, 16, 17, 18, 19, 20, 21, 22, 23, 24, 25, 26, 27, 28, 29, 30, 31, 32, 33, 34, 35, 36, 37, 38, 39, 40, 41, 42, 43, 44, 45, 46, 47, 48, 49, 50, 51, 52, 53, 54, 55, 56, 57, 58, 59, 60, 61, 62, 63, 64, 65, 66, 67, 68, 69, 70, 71]
Initializing Global Inference Model with 72 classes...
Epoch 0 Loss: 8.6466
Epoch 1 Loss: 8.5822
Epoch 2 Loss: 8.5278
Epoch 3 Loss: 8.5029
Epoch 4 Loss: 8.4863
[Server] Global Inference Model Acc (MNIST) (Round 25): 0.00% (Tested on 9095 samples)
[Server] Global Inference Model Acc (EMNIST) (Round 25): 0.41% (Tested on 105779 samples)
[Server] Global Inference Model Acc (CIFAR10) (Round 25): 0.00% (Tested on 9100 samples)
[Server] Global Inference Model Acc (Mix) (Round 25): 0.35% (Tested on 123974 samples)
Selected client ids: [0, 1, 2, 3, 4, 5, 6, 7, 8, 9, 10, 11, 12, 13, 14, 15, 16, 17, 18, 19, 20, 21, 22, 23, 24, 25, 26, 27, 28, 29]
--- Round 26 ---
Round 26 | Client 0 | Model: (MLP) | Acc: 94.87%
Round 26 | Client 1 | Model: (CNN) | Acc: 96.90%
Round 26 | Client 2 | Model: (ResNet8) | Acc: 98.41%
Round 26 | Client 3 | Model: (ResNet18) | Acc: 98.98%
Round 26 | Client 4 | Model: (MobileNetV2) | Acc: 95.61%
Round 26 | Client 5 | Model: (MobileNetV3) | Acc: 90.97%
Round 26 | Client 6 | Model: (LeNet) | Acc: 98.36%
Round 26 | Client 7 | Model: (AlexNet) | Acc: 98.95%
Round 26 | Client 8 | Model: (ShuffleNet) | Acc: 73.27%
Round 26 | Client 9 | Model: (SqueezeNet) | Acc: 96.50%
Round 26 | Client 11 | Model: (MLP) | Acc: 80.39%
Round 26 | Client 12 | Model: (CNN) | Acc: 83.54%
Round 26 | Client 13 | Model: (ResNet8) | Acc: 83.48%
Round 26 | Client 14 | Model: (ResNet18) | Acc: 83.57%
Round 26 | Client 15 | Model: (MobileNetV2) | Acc: 84.58%
Round 26 | Client 16 | Model: (MobileNetV3) | Acc: 79.33%
Round 26 | Client 17 | Model: (LeNet) | Acc: 83.81%
Round 26 | Client 18 | Model: (AlexNet) | Acc: 83.35%
Round 26 | Client 19 | Model: (ShuffleNet) | Acc: 83.23%
Round 26 | Client 20 | Model: (SqueezeNet) | Acc: 83.01%
Round 26 | Client 22 | Model: (MLP) | Acc: 39.81%
Round 26 | Client 23 | Model: (CNN) | Acc: 57.03%
Round 26 | Client 24 | Model: (ResNet8) | Acc: 54.60%
Round 26 | Client 25 | Model: (ResNet18) | Acc: 59.16%
Round 26 | Client 26 | Model: (MobileNetV2) | Acc: 36.94%
Round 26 | Client 27 | Model: (MobileNetV3) | Acc: 46.67%
Round 26 | Client 28 | Model: (LeNet) | Acc: 52.48%
Round 26 | Client 29 | Model: (AlexNet) | Acc: 55.57%
Round 26 | Client 30 | Model: (ShuffleNet) | Acc: 38.93%
Round 26 | Client 31 | Model: (SqueezeNet) | Acc: 38.99%
[Server] Aggregating by Dataset Name ...
[Server] Training Image-Based Global Generator...
  Epoch 1/10 | Loss: 13.4861
  Epoch 2/10 | Loss: 12.9856
  Epoch 3/10 | Loss: 12.6024
  Epoch 4/10 | Loss: 12.4360
  Epoch 5/10 | Loss: 13.1183
  Epoch 6/10 | Loss: 12.3850
  Epoch 7/10 | Loss: 12.2896
  Epoch 8/10 | Loss: 10.9764
  Epoch 9/10 | Loss: 11.8445
  Epoch 10/10 | Loss: 13.6071
[Server] Image-Based Global Generator training finished.
[Server] Training Final Global Inference Model ...
Detected 72 global classes: [0, 1, 2, 3, 4, 5, 6, 7, 8, 9, 10, 11, 12, 13, 14, 15, 16, 17, 18, 19, 20, 21, 22, 23, 24, 25, 26, 27, 28, 29, 30, 31, 32, 33, 34, 35, 36, 37, 38, 39, 40, 41, 42, 43, 44, 45, 46, 47, 48, 49, 50, 51, 52, 53, 54, 55, 56, 57, 58, 59, 60, 61, 62, 63, 64, 65, 66, 67, 68, 69, 70, 71]
Epoch 0 Loss: 8.4877
Epoch 1 Loss: 8.6144
Epoch 2 Loss: 8.3431
Epoch 3 Loss: 8.3861
Epoch 4 Loss: 8.4726
[Server] Global Inference Model Acc (MNIST) (Round 26): 0.00% (Tested on 9095 samples)
[Server] Global Inference Model Acc (EMNIST) (Round 26): 0.44% (Tested on 105779 samples)
[Server] Global Inference Model Acc (CIFAR10) (Round 26): 0.00% (Tested on 9100 samples)
[Server] Global Inference Model Acc (Mix) (Round 26): 0.38% (Tested on 123974 samples)
Selected client ids: [0, 1, 2, 3, 4, 5, 6, 7, 8, 9, 10, 11, 12, 13, 14, 15, 16, 17, 18, 19, 20, 21, 22, 23, 24, 25, 26, 27, 28, 29]
--- Round 27 ---
Round 27 | Client 0 | Model: (MLP) | Acc: 95.09%
Round 27 | Client 1 | Model: (CNN) | Acc: 97.01%
Round 27 | Client 2 | Model: (ResNet8) | Acc: 98.87%
Round 27 | Client 3 | Model: (ResNet18) | Acc: 98.53%
Round 27 | Client 4 | Model: (MobileNetV2) | Acc: 96.57%
Round 27 | Client 5 | Model: (MobileNetV3) | Acc: 90.86%
Round 27 | Client 6 | Model: (LeNet) | Acc: 98.80%
Round 27 | Client 7 | Model: (AlexNet) | Acc: 98.95%
Round 27 | Client 8 | Model: (ShuffleNet) | Acc: 74.94%
Round 27 | Client 9 | Model: (SqueezeNet) | Acc: 96.61%
Round 27 | Client 11 | Model: (MLP) | Acc: 80.34%
Round 27 | Client 12 | Model: (CNN) | Acc: 84.41%
Round 27 | Client 13 | Model: (ResNet8) | Acc: 82.12%
Round 27 | Client 14 | Model: (ResNet18) | Acc: 83.60%
Round 27 | Client 15 | Model: (MobileNetV2) | Acc: 84.17%
Round 27 | Client 16 | Model: (MobileNetV3) | Acc: 71.77%
Round 27 | Client 17 | Model: (LeNet) | Acc: 84.10%
Round 27 | Client 18 | Model: (AlexNet) | Acc: 83.01%
Round 27 | Client 19 | Model: (ShuffleNet) | Acc: 83.57%
Round 27 | Client 20 | Model: (SqueezeNet) | Acc: 83.98%
Round 27 | Client 22 | Model: (MLP) | Acc: 40.65%
Round 27 | Client 23 | Model: (CNN) | Acc: 50.77%
Round 27 | Client 24 | Model: (ResNet8) | Acc: 55.78%
Round 27 | Client 25 | Model: (ResNet18) | Acc: 58.05%
Round 27 | Client 26 | Model: (MobileNetV2) | Acc: 37.88%
Round 27 | Client 27 | Model: (MobileNetV3) | Acc: 47.85%
Round 27 | Client 28 | Model: (LeNet) | Acc: 52.70%
Round 27 | Client 29 | Model: (AlexNet) | Acc: 55.03%
Round 27 | Client 30 | Model: (ShuffleNet) | Acc: 41.56%
Round 27 | Client 31 | Model: (SqueezeNet) | Acc: 36.97%
[Server] Aggregating by Dataset Name ...
[Server] Training Image-Based Global Generator...
  Epoch 1/10 | Loss: 12.4442
  Epoch 2/10 | Loss: 11.8874
  Epoch 3/10 | Loss: 11.8983
  Epoch 4/10 | Loss: 11.9755
  Epoch 5/10 | Loss: 12.2269
  Epoch 6/10 | Loss: 10.5660
  Epoch 7/10 | Loss: 11.3225
  Epoch 8/10 | Loss: 10.9563
  Epoch 9/10 | Loss: 10.7230
  Epoch 10/10 | Loss: 10.7441
[Server] Image-Based Global Generator training finished.
[Server] Training Final Global Inference Model ...
Detected 72 global classes: [0, 1, 2, 3, 4, 5, 6, 7, 8, 9, 10, 11, 12, 13, 14, 15, 16, 17, 18, 19, 20, 21, 22, 23, 24, 25, 26, 27, 28, 29, 30, 31, 32, 33, 34, 35, 36, 37, 38, 39, 40, 41, 42, 43, 44, 45, 46, 47, 48, 49, 50, 51, 52, 53, 54, 55, 56, 57, 58, 59, 60, 61, 62, 63, 64, 65, 66, 67, 68, 69, 70, 71]
Epoch 0 Loss: 8.3253
Epoch 1 Loss: 8.3718
Epoch 2 Loss: 8.4308
Epoch 3 Loss: 8.3416
Epoch 4 Loss: 8.2414
[Server] Global Inference Model Acc (MNIST) (Round 27): 0.00% (Tested on 9095 samples)
[Server] Global Inference Model Acc (EMNIST) (Round 27): 0.00% (Tested on 105779 samples)
[Server] Global Inference Model Acc (CIFAR10) (Round 27): 9.26% (Tested on 9100 samples)
[Server] Global Inference Model Acc (Mix) (Round 27): 0.68% (Tested on 123974 samples)
Selected client ids: [0, 1, 2, 3, 4, 5, 6, 7, 8, 9, 10, 11, 12, 13, 14, 15, 16, 17, 18, 19, 20, 21, 22, 23, 24, 25, 26, 27, 28, 29]
--- Round 28 ---
Round 28 | Client 0 | Model: (MLP) | Acc: 95.31%
Round 28 | Client 1 | Model: (CNN) | Acc: 97.34%
Round 28 | Client 2 | Model: (ResNet8) | Acc: 98.98%
Round 28 | Client 3 | Model: (ResNet18) | Acc: 96.95%
Round 28 | Client 4 | Model: (MobileNetV2) | Acc: 96.68%
Round 28 | Client 5 | Model: (MobileNetV3) | Acc: 89.07%
Round 28 | Client 6 | Model: (LeNet) | Acc: 98.80%
Round 28 | Client 7 | Model: (AlexNet) | Acc: 98.95%
Round 28 | Client 8 | Model: (ShuffleNet) | Acc: 71.49%
Round 28 | Client 9 | Model: (SqueezeNet) | Acc: 96.50%
Round 28 | Client 11 | Model: (MLP) | Acc: 81.13%
Round 28 | Client 12 | Model: (CNN) | Acc: 84.38%
Round 28 | Client 13 | Model: (ResNet8) | Acc: 83.16%
Round 28 | Client 14 | Model: (ResNet18) | Acc: 83.66%
Round 28 | Client 15 | Model: (MobileNetV2) | Acc: 84.44%
Round 28 | Client 16 | Model: (MobileNetV3) | Acc: 79.63%
Round 28 | Client 17 | Model: (LeNet) | Acc: 84.16%
Round 28 | Client 18 | Model: (AlexNet) | Acc: 82.58%
Round 28 | Client 19 | Model: (ShuffleNet) | Acc: 83.61%
Round 28 | Client 20 | Model: (SqueezeNet) | Acc: 83.22%
Round 28 | Client 22 | Model: (MLP) | Acc: 41.49%
Round 28 | Client 23 | Model: (CNN) | Acc: 58.57%
Round 28 | Client 24 | Model: (ResNet8) | Acc: 52.57%
Round 28 | Client 25 | Model: (ResNet18) | Acc: 58.05%
Round 28 | Client 26 | Model: (MobileNetV2) | Acc: 39.56%
Round 28 | Client 27 | Model: (MobileNetV3) | Acc: 47.96%
Round 28 | Client 28 | Model: (LeNet) | Acc: 52.04%
Round 28 | Client 29 | Model: (AlexNet) | Acc: 52.11%
Round 28 | Client 30 | Model: (ShuffleNet) | Acc: 40.68%
Round 28 | Client 31 | Model: (SqueezeNet) | Acc: 39.44%
[Server] Aggregating by Dataset Name ...
[Server] Training Image-Based Global Generator...
  Epoch 1/10 | Loss: 9.8453
  Epoch 2/10 | Loss: 11.3979
  Epoch 3/10 | Loss: 11.7649
  Epoch 4/10 | Loss: 10.7071
  Epoch 5/10 | Loss: 9.5704
  Epoch 6/10 | Loss: 9.4467
  Epoch 7/10 | Loss: 9.6317
  Epoch 8/10 | Loss: 9.6648
  Epoch 9/10 | Loss: 8.9108
  Epoch 10/10 | Loss: 8.7851
[Server] Image-Based Global Generator training finished.
[Server] Training Final Global Inference Model ...
Detected 72 global classes: [0, 1, 2, 3, 4, 5, 6, 7, 8, 9, 10, 11, 12, 13, 14, 15, 16, 17, 18, 19, 20, 21, 22, 23, 24, 25, 26, 27, 28, 29, 30, 31, 32, 33, 34, 35, 36, 37, 38, 39, 40, 41, 42, 43, 44, 45, 46, 47, 48, 49, 50, 51, 52, 53, 54, 55, 56, 57, 58, 59, 60, 61, 62, 63, 64, 65, 66, 67, 68, 69, 70, 71]
Epoch 0 Loss: 8.3150
Epoch 1 Loss: 8.1608
Epoch 2 Loss: 8.2064
Epoch 3 Loss: 8.0887
Epoch 4 Loss: 7.8612
[Server] Global Inference Model Acc (MNIST) (Round 28): 0.00% (Tested on 9095 samples)
[Server] Global Inference Model Acc (EMNIST) (Round 28): 0.00% (Tested on 105779 samples)
[Server] Global Inference Model Acc (CIFAR10) (Round 28): 9.96% (Tested on 9100 samples)
[Server] Global Inference Model Acc (Mix) (Round 28): 0.73% (Tested on 123974 samples)
Selected client ids: [0, 1, 2, 3, 4, 5, 6, 7, 8, 9, 10, 11, 12, 13, 14, 15, 16, 17, 18, 19, 20, 21, 22, 23, 24, 25, 26, 27, 28, 29]
--- Round 29 ---
Round 29 | Client 0 | Model: (MLP) | Acc: 94.44%
Round 29 | Client 1 | Model: (CNN) | Acc: 96.90%
Round 29 | Client 2 | Model: (ResNet8) | Acc: 98.98%
Round 29 | Client 3 | Model: (ResNet18) | Acc: 98.08%
Round 29 | Client 4 | Model: (MobileNetV2) | Acc: 95.50%
Round 29 | Client 5 | Model: (MobileNetV3) | Acc: 82.16%
Round 29 | Client 6 | Model: (LeNet) | Acc: 98.25%
Round 29 | Client 7 | Model: (AlexNet) | Acc: 98.95%
Round 29 | Client 8 | Model: (ShuffleNet) | Acc: 71.27%
Round 29 | Client 9 | Model: (SqueezeNet) | Acc: 96.94%
Round 29 | Client 11 | Model: (MLP) | Acc: 80.20%
Round 29 | Client 12 | Model: (CNN) | Acc: 85.42%
Round 29 | Client 13 | Model: (ResNet8) | Acc: 83.87%
Round 29 | Client 14 | Model: (ResNet18) | Acc: 83.88%
Round 29 | Client 15 | Model: (MobileNetV2) | Acc: 84.07%
Round 29 | Client 16 | Model: (MobileNetV3) | Acc: 78.15%
Round 29 | Client 17 | Model: (LeNet) | Acc: 83.69%
Round 29 | Client 18 | Model: (AlexNet) | Acc: 82.76%
Round 29 | Client 19 | Model: (ShuffleNet) | Acc: 83.53%
Round 29 | Client 20 | Model: (SqueezeNet) | Acc: 83.23%
Round 29 | Client 22 | Model: (MLP) | Acc: 40.53%
Round 29 | Client 23 | Model: (CNN) | Acc: 59.67%
Round 29 | Client 24 | Model: (ResNet8) | Acc: 53.21%
Round 29 | Client 25 | Model: (ResNet18) | Acc: 60.04%
Round 29 | Client 26 | Model: (MobileNetV2) | Acc: 42.50%
Round 29 | Client 27 | Model: (MobileNetV3) | Acc: 47.42%
Round 29 | Client 28 | Model: (LeNet) | Acc: 51.05%
Round 29 | Client 29 | Model: (AlexNet) | Acc: 55.68%
Round 29 | Client 30 | Model: (ShuffleNet) | Acc: 40.79%
Round 29 | Client 31 | Model: (SqueezeNet) | Acc: 37.19%
[Server] Aggregating by Dataset Name ...
[Server] Training Image-Based Global Generator...
  Epoch 1/10 | Loss: 9.7401
  Epoch 2/10 | Loss: 8.3772
  Epoch 3/10 | Loss: 8.9454
  Epoch 4/10 | Loss: 9.4525
  Epoch 5/10 | Loss: 8.5353
  Epoch 6/10 | Loss: 8.1710
  Epoch 7/10 | Loss: 8.0696
  Epoch 8/10 | Loss: 8.2478
  Epoch 9/10 | Loss: 7.3773
  Epoch 10/10 | Loss: 7.9482
[Server] Image-Based Global Generator training finished.
[Server] Training Final Global Inference Model ...
Detected 72 global classes: [0, 1, 2, 3, 4, 5, 6, 7, 8, 9, 10, 11, 12, 13, 14, 15, 16, 17, 18, 19, 20, 21, 22, 23, 24, 25, 26, 27, 28, 29, 30, 31, 32, 33, 34, 35, 36, 37, 38, 39, 40, 41, 42, 43, 44, 45, 46, 47, 48, 49, 50, 51, 52, 53, 54, 55, 56, 57, 58, 59, 60, 61, 62, 63, 64, 65, 66, 67, 68, 69, 70, 71]
Epoch 0 Loss: 8.0671
Epoch 1 Loss: 7.8390
Epoch 2 Loss: 7.8569
Epoch 3 Loss: 7.6355
Epoch 4 Loss: 7.7913
[Server] Global Inference Model Acc (MNIST) (Round 29): 0.00% (Tested on 9095 samples)
[Server] Global Inference Model Acc (EMNIST) (Round 29): 0.00% (Tested on 105779 samples)
[Server] Global Inference Model Acc (CIFAR10) (Round 29): 9.63% (Tested on 9100 samples)
[Server] Global Inference Model Acc (Mix) (Round 29): 0.71% (Tested on 123974 samples)
Selected client ids: [0, 1, 2, 3, 4, 5, 6, 7, 8, 9, 10, 11, 12, 13, 14, 15, 16, 17, 18, 19, 20, 21, 22, 23, 24, 25, 26, 27, 28, 29]
--- Round 30 ---
Round 30 | Client 0 | Model: (MLP) | Acc: 95.31%
Round 30 | Client 1 | Model: (CNN) | Acc: 97.56%
Round 30 | Client 2 | Model: (ResNet8) | Acc: 98.98%
Round 30 | Client 3 | Model: (ResNet18) | Acc: 98.98%
Round 30 | Client 4 | Model: (MobileNetV2) | Acc: 96.04%
Round 30 | Client 5 | Model: (MobileNetV3) | Acc: 91.97%
Round 30 | Client 6 | Model: (LeNet) | Acc: 98.25%
Round 30 | Client 7 | Model: (AlexNet) | Acc: 98.95%
Round 30 | Client 8 | Model: (ShuffleNet) | Acc: 73.83%
Round 30 | Client 9 | Model: (SqueezeNet) | Acc: 98.14%
Round 30 | Client 11 | Model: (MLP) | Acc: 80.43%
Round 30 | Client 12 | Model: (CNN) | Acc: 84.64%
Round 30 | Client 13 | Model: (ResNet8) | Acc: 81.91%
Round 30 | Client 14 | Model: (ResNet18) | Acc: 83.73%
Round 30 | Client 15 | Model: (MobileNetV2) | Acc: 84.80%
Round 30 | Client 16 | Model: (MobileNetV3) | Acc: 78.45%
Round 30 | Client 17 | Model: (LeNet) | Acc: 84.06%
Round 30 | Client 18 | Model: (AlexNet) | Acc: 82.60%
Round 30 | Client 19 | Model: (ShuffleNet) | Acc: 82.24%
Round 30 | Client 20 | Model: (SqueezeNet) | Acc: 82.99%
Round 30 | Client 22 | Model: (MLP) | Acc: 43.29%
Round 30 | Client 23 | Model: (CNN) | Acc: 56.81%
Round 30 | Client 24 | Model: (ResNet8) | Acc: 58.99%
Round 30 | Client 25 | Model: (ResNet18) | Acc: 61.38%
Round 30 | Client 26 | Model: (MobileNetV2) | Acc: 39.56%
Round 30 | Client 27 | Model: (MobileNetV3) | Acc: 45.71%
Round 30 | Client 28 | Model: (LeNet) | Acc: 52.37%
Round 30 | Client 29 | Model: (AlexNet) | Acc: 52.97%
Round 30 | Client 30 | Model: (ShuffleNet) | Acc: 40.90%
Round 30 | Client 31 | Model: (SqueezeNet) | Acc: 41.01%
[Server] Aggregating by Dataset Name ...
[Server] Training Image-Based Global Generator...
  Epoch 1/10 | Loss: 8.7684
  Epoch 2/10 | Loss: 8.1692
  Epoch 3/10 | Loss: 8.0981
  Epoch 4/10 | Loss: 8.0292
  Epoch 5/10 | Loss: 8.3280
  Epoch 6/10 | Loss: 8.1953
  Epoch 7/10 | Loss: 7.3929
  Epoch 8/10 | Loss: 8.0140
  Epoch 9/10 | Loss: 7.5055
  Epoch 10/10 | Loss: 6.2872
[Server] Image-Based Global Generator training finished.
[Server] Training Final Global Inference Model ...
Detected 72 global classes: [0, 1, 2, 3, 4, 5, 6, 7, 8, 9, 10, 11, 12, 13, 14, 15, 16, 17, 18, 19, 20, 21, 22, 23, 24, 25, 26, 27, 28, 29, 30, 31, 32, 33, 34, 35, 36, 37, 38, 39, 40, 41, 42, 43, 44, 45, 46, 47, 48, 49, 50, 51, 52, 53, 54, 55, 56, 57, 58, 59, 60, 61, 62, 63, 64, 65, 66, 67, 68, 69, 70, 71]
Epoch 0 Loss: 7.5590
Epoch 1 Loss: 7.6757
Epoch 2 Loss: 7.5157
Epoch 3 Loss: 7.3371
Epoch 4 Loss: 7.0623
[Server] Global Inference Model Acc (MNIST) (Round 30): 0.00% (Tested on 9095 samples)
[Server] Global Inference Model Acc (EMNIST) (Round 30): 0.00% (Tested on 105779 samples)
[Server] Global Inference Model Acc (CIFAR10) (Round 30): 9.96% (Tested on 9100 samples)
[Server] Global Inference Model Acc (Mix) (Round 30): 0.73% (Tested on 123974 samples)
Selected client ids: [0, 1, 2, 3, 4, 5, 6, 7, 8, 9, 10, 11, 12, 13, 14, 15, 16, 17, 18, 19, 20, 21, 22, 23, 24, 25, 26, 27, 28, 29]
--- Round 31 ---
Round 31 | Client 0 | Model: (MLP) | Acc: 94.33%
Round 31 | Client 1 | Model: (CNN) | Acc: 97.12%
Round 31 | Client 2 | Model: (ResNet8) | Acc: 98.98%
Round 31 | Client 3 | Model: (ResNet18) | Acc: 98.87%
Round 31 | Client 4 | Model: (MobileNetV2) | Acc: 95.18%
Round 31 | Client 5 | Model: (MobileNetV3) | Acc: 89.41%
Round 31 | Client 6 | Model: (LeNet) | Acc: 98.25%
Round 31 | Client 7 | Model: (AlexNet) | Acc: 98.95%
Round 31 | Client 8 | Model: (ShuffleNet) | Acc: 72.38%
Round 31 | Client 9 | Model: (SqueezeNet) | Acc: 98.36%
Round 31 | Client 11 | Model: (MLP) | Acc: 80.69%
Round 31 | Client 12 | Model: (CNN) | Acc: 84.19%
Round 31 | Client 13 | Model: (ResNet8) | Acc: 84.00%
Round 31 | Client 14 | Model: (ResNet18) | Acc: 83.83%
Round 31 | Client 15 | Model: (MobileNetV2) | Acc: 84.66%
Round 31 | Client 16 | Model: (MobileNetV3) | Acc: 63.88%
Round 31 | Client 17 | Model: (LeNet) | Acc: 83.58%
Round 31 | Client 18 | Model: (AlexNet) | Acc: 82.99%
Round 31 | Client 19 | Model: (ShuffleNet) | Acc: 83.43%
Round 31 | Client 20 | Model: (SqueezeNet) | Acc: 83.85%
Round 31 | Client 22 | Model: (MLP) | Acc: 41.73%
Round 31 | Client 23 | Model: (CNN) | Acc: 63.08%
Round 31 | Client 24 | Model: (ResNet8) | Acc: 60.60%
Round 31 | Client 25 | Model: (ResNet18) | Acc: 56.71%
Round 31 | Client 26 | Model: (MobileNetV2) | Acc: 41.87%
Round 31 | Client 27 | Model: (MobileNetV3) | Acc: 47.53%
Round 31 | Client 28 | Model: (LeNet) | Acc: 53.25%
Round 31 | Client 29 | Model: (AlexNet) | Acc: 55.03%
Round 31 | Client 30 | Model: (ShuffleNet) | Acc: 39.47%
Round 31 | Client 31 | Model: (SqueezeNet) | Acc: 36.52%
[Server] Aggregating by Dataset Name ...
[Server] Training Image-Based Global Generator...
  Epoch 1/10 | Loss: 7.1512
  Epoch 2/10 | Loss: 7.1837
  Epoch 3/10 | Loss: 7.3710
  Epoch 4/10 | Loss: 6.4411
  Epoch 5/10 | Loss: 6.4984
  Epoch 6/10 | Loss: 7.1943
  Epoch 7/10 | Loss: 6.4279
  Epoch 8/10 | Loss: 6.0822
  Epoch 9/10 | Loss: 5.8331
  Epoch 10/10 | Loss: 5.9589
[Server] Image-Based Global Generator training finished.
[Server] Training Final Global Inference Model ...
Detected 72 global classes: [0, 1, 2, 3, 4, 5, 6, 7, 8, 9, 10, 11, 12, 13, 14, 15, 16, 17, 18, 19, 20, 21, 22, 23, 24, 25, 26, 27, 28, 29, 30, 31, 32, 33, 34, 35, 36, 37, 38, 39, 40, 41, 42, 43, 44, 45, 46, 47, 48, 49, 50, 51, 52, 53, 54, 55, 56, 57, 58, 59, 60, 61, 62, 63, 64, 65, 66, 67, 68, 69, 70, 71]
Epoch 0 Loss: 7.3765
Epoch 1 Loss: 7.2738
Epoch 2 Loss: 7.1203
Epoch 3 Loss: 7.4797
Epoch 4 Loss: 6.8845
[Server] Global Inference Model Acc (MNIST) (Round 31): 0.01% (Tested on 9095 samples)
[Server] Global Inference Model Acc (EMNIST) (Round 31): 0.12% (Tested on 105779 samples)
[Server] Global Inference Model Acc (CIFAR10) (Round 31): 1.48% (Tested on 9100 samples)
[Server] Global Inference Model Acc (Mix) (Round 31): 0.21% (Tested on 123974 samples)
Selected client ids: [0, 1, 2, 3, 4, 5, 6, 7, 8, 9, 10, 11, 12, 13, 14, 15, 16, 17, 18, 19, 20, 21, 22, 23, 24, 25, 26, 27, 28, 29]
--- Round 32 ---
Round 32 | Client 0 | Model: (MLP) | Acc: 95.31%
Round 32 | Client 1 | Model: (CNN) | Acc: 96.01%
Round 32 | Client 2 | Model: (ResNet8) | Acc: 98.98%
Round 32 | Client 3 | Model: (ResNet18) | Acc: 98.87%
Round 32 | Client 4 | Model: (MobileNetV2) | Acc: 96.15%
Round 32 | Client 5 | Model: (MobileNetV3) | Acc: 86.85%
Round 32 | Client 6 | Model: (LeNet) | Acc: 97.81%
Round 32 | Client 7 | Model: (AlexNet) | Acc: 98.95%
Round 32 | Client 8 | Model: (ShuffleNet) | Acc: 72.38%
Round 32 | Client 9 | Model: (SqueezeNet) | Acc: 97.49%
Round 32 | Client 11 | Model: (MLP) | Acc: 80.24%
Round 32 | Client 12 | Model: (CNN) | Acc: 85.07%
Round 32 | Client 13 | Model: (ResNet8) | Acc: 83.34%
Round 32 | Client 14 | Model: (ResNet18) | Acc: 83.75%
Round 32 | Client 15 | Model: (MobileNetV2) | Acc: 84.93%
Round 32 | Client 16 | Model: (MobileNetV3) | Acc: 78.20%
Round 32 | Client 17 | Model: (LeNet) | Acc: 83.56%
Round 32 | Client 18 | Model: (AlexNet) | Acc: 82.25%
Round 32 | Client 19 | Model: (ShuffleNet) | Acc: 83.76%
Round 32 | Client 20 | Model: (SqueezeNet) | Acc: 82.99%
Round 32 | Client 22 | Model: (MLP) | Acc: 40.53%
Round 32 | Client 23 | Model: (CNN) | Acc: 61.10%
Round 32 | Client 24 | Model: (ResNet8) | Acc: 63.49%
Round 32 | Client 25 | Model: (ResNet18) | Acc: 57.82%
Round 32 | Client 26 | Model: (MobileNetV2) | Acc: 40.50%
Round 32 | Client 27 | Model: (MobileNetV3) | Acc: 48.07%
Round 32 | Client 28 | Model: (LeNet) | Acc: 52.81%
Round 32 | Client 29 | Model: (AlexNet) | Acc: 54.70%
Round 32 | Client 30 | Model: (ShuffleNet) | Acc: 41.12%
Round 32 | Client 31 | Model: (SqueezeNet) | Acc: 38.88%
[Server] Aggregating by Dataset Name ...
[Server] Training Image-Based Global Generator...
  Epoch 1/10 | Loss: 6.0416
  Epoch 2/10 | Loss: 6.9770
  Epoch 3/10 | Loss: 6.5631
  Epoch 4/10 | Loss: 5.6682
  Epoch 5/10 | Loss: 6.8419
  Epoch 6/10 | Loss: 6.0204
  Epoch 7/10 | Loss: 5.7212
  Epoch 8/10 | Loss: 5.1828
  Epoch 9/10 | Loss: 5.5330
  Epoch 10/10 | Loss: 5.4540
[Server] Image-Based Global Generator training finished.
[Server] Training Final Global Inference Model ...
Detected 72 global classes: [0, 1, 2, 3, 4, 5, 6, 7, 8, 9, 10, 11, 12, 13, 14, 15, 16, 17, 18, 19, 20, 21, 22, 23, 24, 25, 26, 27, 28, 29, 30, 31, 32, 33, 34, 35, 36, 37, 38, 39, 40, 41, 42, 43, 44, 45, 46, 47, 48, 49, 50, 51, 52, 53, 54, 55, 56, 57, 58, 59, 60, 61, 62, 63, 64, 65, 66, 67, 68, 69, 70, 71]
Epoch 0 Loss: 7.0573
Epoch 1 Loss: 7.1201
Epoch 2 Loss: 6.5358
Epoch 3 Loss: 6.5386
Epoch 4 Loss: 6.5102
[Server] Global Inference Model Acc (MNIST) (Round 32): 0.00% (Tested on 9095 samples)
[Server] Global Inference Model Acc (EMNIST) (Round 32): 0.45% (Tested on 105779 samples)
[Server] Global Inference Model Acc (CIFAR10) (Round 32): 0.16% (Tested on 9100 samples)
[Server] Global Inference Model Acc (Mix) (Round 32): 0.39% (Tested on 123974 samples)
Selected client ids: [0, 1, 2, 3, 4, 5, 6, 7, 8, 9, 10, 11, 12, 13, 14, 15, 16, 17, 18, 19, 20, 21, 22, 23, 24, 25, 26, 27, 28, 29]
--- Round 33 ---
Round 33 | Client 0 | Model: (MLP) | Acc: 94.98%
Round 33 | Client 1 | Model: (CNN) | Acc: 59.47%
Round 33 | Client 2 | Model: (ResNet8) | Acc: 98.98%
Round 33 | Client 3 | Model: (ResNet18) | Acc: 98.76%
Round 33 | Client 4 | Model: (MobileNetV2) | Acc: 96.04%
Round 33 | Client 5 | Model: (MobileNetV3) | Acc: 90.52%
Round 33 | Client 6 | Model: (LeNet) | Acc: 98.14%
Round 33 | Client 7 | Model: (AlexNet) | Acc: 98.95%
Round 33 | Client 8 | Model: (ShuffleNet) | Acc: 71.83%
Round 33 | Client 9 | Model: (SqueezeNet) | Acc: 97.92%
Round 33 | Client 11 | Model: (MLP) | Acc: 80.79%
Round 33 | Client 12 | Model: (CNN) | Acc: 84.77%
Round 33 | Client 13 | Model: (ResNet8) | Acc: 83.39%
Round 33 | Client 14 | Model: (ResNet18) | Acc: 83.21%
Round 33 | Client 15 | Model: (MobileNetV2) | Acc: 84.17%
Round 33 | Client 16 | Model: (MobileNetV3) | Acc: 80.32%
Round 33 | Client 17 | Model: (LeNet) | Acc: 83.44%
Round 33 | Client 18 | Model: (AlexNet) | Acc: 82.49%
Round 33 | Client 19 | Model: (ShuffleNet) | Acc: 83.74%
Round 33 | Client 20 | Model: (SqueezeNet) | Acc: 83.07%
Round 33 | Client 22 | Model: (MLP) | Acc: 39.93%
Round 33 | Client 23 | Model: (CNN) | Acc: 48.79%
Round 33 | Client 24 | Model: (ResNet8) | Acc: 64.24%
Round 33 | Client 25 | Model: (ResNet18) | Acc: 60.38%
Round 33 | Client 26 | Model: (MobileNetV2) | Acc: 39.87%
Round 33 | Client 27 | Model: (MobileNetV3) | Acc: 49.68%
Round 33 | Client 28 | Model: (LeNet) | Acc: 52.92%
Round 33 | Client 29 | Model: (AlexNet) | Acc: 55.89%
Round 33 | Client 30 | Model: (ShuffleNet) | Acc: 39.04%
Round 33 | Client 31 | Model: (SqueezeNet) | Acc: 38.43%
[Server] Aggregating by Dataset Name ...
[Server] Training Image-Based Global Generator...
  Epoch 1/10 | Loss: 6.6717
  Epoch 2/10 | Loss: 6.0821
  Epoch 3/10 | Loss: 4.8021
  Epoch 4/10 | Loss: 5.6911
  Epoch 5/10 | Loss: 5.7835
  Epoch 6/10 | Loss: 5.2029
  Epoch 7/10 | Loss: 5.3991
  Epoch 8/10 | Loss: 5.1753
  Epoch 9/10 | Loss: 5.0286
  Epoch 10/10 | Loss: 4.4750
[Server] Image-Based Global Generator training finished.
[Server] Training Final Global Inference Model ...
Detected 72 global classes: [0, 1, 2, 3, 4, 5, 6, 7, 8, 9, 10, 11, 12, 13, 14, 15, 16, 17, 18, 19, 20, 21, 22, 23, 24, 25, 26, 27, 28, 29, 30, 31, 32, 33, 34, 35, 36, 37, 38, 39, 40, 41, 42, 43, 44, 45, 46, 47, 48, 49, 50, 51, 52, 53, 54, 55, 56, 57, 58, 59, 60, 61, 62, 63, 64, 65, 66, 67, 68, 69, 70, 71]
Epoch 0 Loss: 6.0899
Epoch 1 Loss: 5.8605
Epoch 2 Loss: 5.9436
Epoch 3 Loss: 6.2386
Epoch 4 Loss: 5.9123
[Server] Global Inference Model Acc (MNIST) (Round 33): 0.00% (Tested on 9095 samples)
[Server] Global Inference Model Acc (EMNIST) (Round 33): 0.00% (Tested on 105779 samples)
[Server] Global Inference Model Acc (CIFAR10) (Round 33): 6.60% (Tested on 9100 samples)
[Server] Global Inference Model Acc (Mix) (Round 33): 0.48% (Tested on 123974 samples)
Selected client ids: [0, 1, 2, 3, 4, 5, 6, 7, 8, 9, 10, 11, 12, 13, 14, 15, 16, 17, 18, 19, 20, 21, 22, 23, 24, 25, 26, 27, 28, 29]
--- Round 34 ---
Round 34 | Client 0 | Model: (MLP) | Acc: 93.68%
Round 34 | Client 1 | Model: (CNN) | Acc: 76.30%
Round 34 | Client 2 | Model: (ResNet8) | Acc: 98.98%
Round 34 | Client 3 | Model: (ResNet18) | Acc: 98.64%
Round 34 | Client 4 | Model: (MobileNetV2) | Acc: 95.82%
Round 34 | Client 5 | Model: (MobileNetV3) | Acc: 90.86%
Round 34 | Client 6 | Model: (LeNet) | Acc: 98.03%
Round 34 | Client 7 | Model: (AlexNet) | Acc: 98.95%
Round 34 | Client 8 | Model: (ShuffleNet) | Acc: 70.16%
Round 34 | Client 9 | Model: (SqueezeNet) | Acc: 98.14%
Round 34 | Client 11 | Model: (MLP) | Acc: 80.19%
Round 34 | Client 12 | Model: (CNN) | Acc: 84.74%
Round 34 | Client 13 | Model: (ResNet8) | Acc: 83.72%
Round 34 | Client 14 | Model: (ResNet18) | Acc: 83.76%
Round 34 | Client 15 | Model: (MobileNetV2) | Acc: 83.95%
Round 34 | Client 16 | Model: (MobileNetV3) | Acc: 77.16%
Round 34 | Client 17 | Model: (LeNet) | Acc: 83.02%
Round 34 | Client 18 | Model: (AlexNet) | Acc: 81.81%
Round 34 | Client 19 | Model: (ShuffleNet) | Acc: 83.64%
Round 34 | Client 20 | Model: (SqueezeNet) | Acc: 83.97%
Round 34 | Client 22 | Model: (MLP) | Acc: 39.21%
Round 34 | Client 23 | Model: (CNN) | Acc: 53.85%
Round 34 | Client 24 | Model: (ResNet8) | Acc: 64.67%
Round 34 | Client 25 | Model: (ResNet18) | Acc: 59.49%
Round 34 | Client 26 | Model: (MobileNetV2) | Acc: 40.08%
Round 34 | Client 27 | Model: (MobileNetV3) | Acc: 48.39%
Round 34 | Client 28 | Model: (LeNet) | Acc: 53.14%
Round 34 | Client 29 | Model: (AlexNet) | Acc: 55.89%
Round 34 | Client 30 | Model: (ShuffleNet) | Acc: 39.80%
Round 34 | Client 31 | Model: (SqueezeNet) | Acc: 39.55%
[Server] Aggregating by Dataset Name ...
[Server] Training Image-Based Global Generator...
  Epoch 1/10 | Loss: 5.5461
  Epoch 2/10 | Loss: 6.2783
  Epoch 3/10 | Loss: 5.2440
  Epoch 4/10 | Loss: 5.1149
  Epoch 5/10 | Loss: 5.4464
  Epoch 6/10 | Loss: 5.3302
  Epoch 7/10 | Loss: 4.9031
  Epoch 8/10 | Loss: 5.3480
  Epoch 9/10 | Loss: 4.2029
  Epoch 10/10 | Loss: 5.2544
[Server] Image-Based Global Generator training finished.
[Server] Training Final Global Inference Model ...
Detected 72 global classes: [0, 1, 2, 3, 4, 5, 6, 7, 8, 9, 10, 11, 12, 13, 14, 15, 16, 17, 18, 19, 20, 21, 22, 23, 24, 25, 26, 27, 28, 29, 30, 31, 32, 33, 34, 35, 36, 37, 38, 39, 40, 41, 42, 43, 44, 45, 46, 47, 48, 49, 50, 51, 52, 53, 54, 55, 56, 57, 58, 59, 60, 61, 62, 63, 64, 65, 66, 67, 68, 69, 70, 71]
Epoch 0 Loss: 6.1254
Epoch 1 Loss: 5.7540
Epoch 2 Loss: 5.6056
Epoch 3 Loss: 5.2665
Epoch 4 Loss: 4.9115
[Server] Global Inference Model Acc (MNIST) (Round 34): 0.00% (Tested on 9095 samples)
[Server] Global Inference Model Acc (EMNIST) (Round 34): 0.42% (Tested on 105779 samples)
[Server] Global Inference Model Acc (CIFAR10) (Round 34): 4.56% (Tested on 9100 samples)
[Server] Global Inference Model Acc (Mix) (Round 34): 0.69% (Tested on 123974 samples)
Selected client ids: [0, 1, 2, 3, 4, 5, 6, 7, 8, 9, 10, 11, 12, 13, 14, 15, 16, 17, 18, 19, 20, 21, 22, 23, 24, 25, 26, 27, 28, 29]
--- Round 35 ---
Round 35 | Client 0 | Model: (MLP) | Acc: 94.77%
Round 35 | Client 1 | Model: (CNN) | Acc: 94.46%
Round 35 | Client 2 | Model: (ResNet8) | Acc: 99.09%
Round 35 | Client 3 | Model: (ResNet18) | Acc: 98.53%
Round 35 | Client 4 | Model: (MobileNetV2) | Acc: 95.82%
Round 35 | Client 5 | Model: (MobileNetV3) | Acc: 92.20%
Round 35 | Client 6 | Model: (LeNet) | Acc: 98.47%
Round 35 | Client 7 | Model: (AlexNet) | Acc: 98.95%
Round 35 | Client 8 | Model: (ShuffleNet) | Acc: 70.60%
Round 35 | Client 9 | Model: (SqueezeNet) | Acc: 98.14%
Round 35 | Client 11 | Model: (MLP) | Acc: 79.99%
Round 35 | Client 12 | Model: (CNN) | Acc: 84.59%
Round 35 | Client 13 | Model: (ResNet8) | Acc: 81.94%
Round 35 | Client 14 | Model: (ResNet18) | Acc: 84.30%
Round 35 | Client 15 | Model: (MobileNetV2) | Acc: 84.37%
Round 35 | Client 16 | Model: (MobileNetV3) | Acc: 80.28%
Round 35 | Client 17 | Model: (LeNet) | Acc: 84.03%
Round 35 | Client 18 | Model: (AlexNet) | Acc: 82.76%
Round 35 | Client 19 | Model: (ShuffleNet) | Acc: 83.56%
Round 35 | Client 20 | Model: (SqueezeNet) | Acc: 83.90%
Round 35 | Client 22 | Model: (MLP) | Acc: 40.65%
Round 35 | Client 23 | Model: (CNN) | Acc: 55.16%
Round 35 | Client 24 | Model: (ResNet8) | Acc: 63.70%
Round 35 | Client 25 | Model: (ResNet18) | Acc: 58.71%
Round 35 | Client 26 | Model: (MobileNetV2) | Acc: 39.77%
Round 35 | Client 27 | Model: (MobileNetV3) | Acc: 49.46%
Round 35 | Client 28 | Model: (LeNet) | Acc: 54.57%
Round 35 | Client 29 | Model: (AlexNet) | Acc: 54.05%
Round 35 | Client 30 | Model: (ShuffleNet) | Acc: 38.16%
Round 35 | Client 31 | Model: (SqueezeNet) | Acc: 38.31%
[Server] Aggregating by Dataset Name ...
[Server] Training Image-Based Global Generator...
  Epoch 1/10 | Loss: 5.7044
  Epoch 2/10 | Loss: 4.5748
  Epoch 3/10 | Loss: 4.4541
  Epoch 4/10 | Loss: 4.6026
  Epoch 5/10 | Loss: 4.8385
  Epoch 6/10 | Loss: 4.6762
  Epoch 7/10 | Loss: 4.1373
  Epoch 8/10 | Loss: 4.4179
  Epoch 9/10 | Loss: 4.6419
  Epoch 10/10 | Loss: 3.8116
[Server] Image-Based Global Generator training finished.
[Server] Training Final Global Inference Model ...
Detected 72 global classes: [0, 1, 2, 3, 4, 5, 6, 7, 8, 9, 10, 11, 12, 13, 14, 15, 16, 17, 18, 19, 20, 21, 22, 23, 24, 25, 26, 27, 28, 29, 30, 31, 32, 33, 34, 35, 36, 37, 38, 39, 40, 41, 42, 43, 44, 45, 46, 47, 48, 49, 50, 51, 52, 53, 54, 55, 56, 57, 58, 59, 60, 61, 62, 63, 64, 65, 66, 67, 68, 69, 70, 71]
Epoch 0 Loss: 5.2210
Epoch 1 Loss: 5.2002
Epoch 2 Loss: 5.3202
Epoch 3 Loss: 4.8302
Epoch 4 Loss: 4.8473
[Server] Global Inference Model Acc (MNIST) (Round 35): 0.00% (Tested on 9095 samples)
[Server] Global Inference Model Acc (EMNIST) (Round 35): 0.45% (Tested on 105779 samples)
[Server] Global Inference Model Acc (CIFAR10) (Round 35): 4.09% (Tested on 9100 samples)
[Server] Global Inference Model Acc (Mix) (Round 35): 0.68% (Tested on 123974 samples)
Selected client ids: [0, 1, 2, 3, 4, 5, 6, 7, 8, 9, 10, 11, 12, 13, 14, 15, 16, 17, 18, 19, 20, 21, 22, 23, 24, 25, 26, 27, 28, 29]
--- Round 36 ---
Round 36 | Client 0 | Model: (MLP) | Acc: 95.64%
Round 36 | Client 1 | Model: (CNN) | Acc: 93.47%
Round 36 | Client 2 | Model: (ResNet8) | Acc: 98.98%
Round 36 | Client 3 | Model: (ResNet18) | Acc: 98.53%
Round 36 | Client 4 | Model: (MobileNetV2) | Acc: 96.68%
Round 36 | Client 5 | Model: (MobileNetV3) | Acc: 92.64%
Round 36 | Client 6 | Model: (LeNet) | Acc: 98.69%
Round 36 | Client 7 | Model: (AlexNet) | Acc: 98.95%
Round 36 | Client 8 | Model: (ShuffleNet) | Acc: 73.50%
Round 36 | Client 9 | Model: (SqueezeNet) | Acc: 97.38%
Round 36 | Client 11 | Model: (MLP) | Acc: 80.11%
Round 36 | Client 12 | Model: (CNN) | Acc: 84.99%
Round 36 | Client 13 | Model: (ResNet8) | Acc: 83.08%
Round 36 | Client 14 | Model: (ResNet18) | Acc: 84.41%
Round 36 | Client 15 | Model: (MobileNetV2) | Acc: 84.21%
Round 36 | Client 16 | Model: (MobileNetV3) | Acc: 79.89%
Round 36 | Client 17 | Model: (LeNet) | Acc: 83.40%
Round 36 | Client 18 | Model: (AlexNet) | Acc: 81.84%
Round 36 | Client 19 | Model: (ShuffleNet) | Acc: 83.75%
Round 36 | Client 20 | Model: (SqueezeNet) | Acc: 83.36%
Round 36 | Client 22 | Model: (MLP) | Acc: 41.73%
Round 36 | Client 23 | Model: (CNN) | Acc: 61.32%
Round 36 | Client 24 | Model: (ResNet8) | Acc: 64.13%
Round 36 | Client 25 | Model: (ResNet18) | Acc: 58.05%
Round 36 | Client 26 | Model: (MobileNetV2) | Acc: 39.03%
Round 36 | Client 27 | Model: (MobileNetV3) | Acc: 46.57%
Round 36 | Client 28 | Model: (LeNet) | Acc: 53.69%
Round 36 | Client 29 | Model: (AlexNet) | Acc: 52.86%
Round 36 | Client 30 | Model: (ShuffleNet) | Acc: 39.47%
Round 36 | Client 31 | Model: (SqueezeNet) | Acc: 39.21%
[Server] Aggregating by Dataset Name ...
[Server] Training Image-Based Global Generator...
  Epoch 1/10 | Loss: 4.4925
  Epoch 2/10 | Loss: 3.8993
  Epoch 3/10 | Loss: 3.6892
  Epoch 4/10 | Loss: 4.5314
  Epoch 5/10 | Loss: 4.0282
  Epoch 6/10 | Loss: 3.8159
  Epoch 7/10 | Loss: 3.7034
  Epoch 8/10 | Loss: 3.7536
  Epoch 9/10 | Loss: 4.0653
  Epoch 10/10 | Loss: 3.4786
[Server] Image-Based Global Generator training finished.
[Server] Training Final Global Inference Model ...
Detected 72 global classes: [0, 1, 2, 3, 4, 5, 6, 7, 8, 9, 10, 11, 12, 13, 14, 15, 16, 17, 18, 19, 20, 21, 22, 23, 24, 25, 26, 27, 28, 29, 30, 31, 32, 33, 34, 35, 36, 37, 38, 39, 40, 41, 42, 43, 44, 45, 46, 47, 48, 49, 50, 51, 52, 53, 54, 55, 56, 57, 58, 59, 60, 61, 62, 63, 64, 65, 66, 67, 68, 69, 70, 71]
Epoch 0 Loss: 5.3255
Epoch 1 Loss: 4.6160
Epoch 2 Loss: 4.4425
Epoch 3 Loss: 4.1345
Epoch 4 Loss: 4.1686
[Server] Global Inference Model Acc (MNIST) (Round 36): 0.00% (Tested on 9095 samples)
[Server] Global Inference Model Acc (EMNIST) (Round 36): 0.34% (Tested on 105779 samples)
[Server] Global Inference Model Acc (CIFAR10) (Round 36): 2.59% (Tested on 9100 samples)
[Server] Global Inference Model Acc (Mix) (Round 36): 0.48% (Tested on 123974 samples)
Selected client ids: [0, 1, 2, 3, 4, 5, 6, 7, 8, 9, 10, 11, 12, 13, 14, 15, 16, 17, 18, 19, 20, 21, 22, 23, 24, 25, 26, 27, 28, 29]
--- Round 37 ---
Round 37 | Client 0 | Model: (MLP) | Acc: 95.31%
Round 37 | Client 1 | Model: (CNN) | Acc: 94.35%
Round 37 | Client 2 | Model: (ResNet8) | Acc: 99.09%
Round 37 | Client 3 | Model: (ResNet18) | Acc: 98.64%
Round 37 | Client 4 | Model: (MobileNetV2) | Acc: 92.18%
Round 37 | Client 5 | Model: (MobileNetV3) | Acc: 87.74%
Round 37 | Client 6 | Model: (LeNet) | Acc: 98.58%
Round 37 | Client 7 | Model: (AlexNet) | Acc: 98.84%
Round 37 | Client 8 | Model: (ShuffleNet) | Acc: 73.94%
Round 37 | Client 9 | Model: (SqueezeNet) | Acc: 97.16%
Round 37 | Client 11 | Model: (MLP) | Acc: 80.33%
Round 37 | Client 12 | Model: (CNN) | Acc: 84.56%
Round 37 | Client 13 | Model: (ResNet8) | Acc: 83.43%
Round 37 | Client 14 | Model: (ResNet18) | Acc: 83.85%
Round 37 | Client 15 | Model: (MobileNetV2) | Acc: 83.81%
Round 37 | Client 16 | Model: (MobileNetV3) | Acc: 78.06%
Round 37 | Client 17 | Model: (LeNet) | Acc: 83.84%
Round 37 | Client 18 | Model: (AlexNet) | Acc: 82.81%
Round 37 | Client 19 | Model: (ShuffleNet) | Acc: 83.79%
Round 37 | Client 20 | Model: (SqueezeNet) | Acc: 83.36%
Round 37 | Client 22 | Model: (MLP) | Acc: 39.09%
Round 37 | Client 23 | Model: (CNN) | Acc: 59.78%
Round 37 | Client 24 | Model: (ResNet8) | Acc: 64.78%
Round 37 | Client 25 | Model: (ResNet18) | Acc: 57.05%
Round 37 | Client 26 | Model: (MobileNetV2) | Acc: 42.29%
Round 37 | Client 27 | Model: (MobileNetV3) | Acc: 49.14%
Round 37 | Client 28 | Model: (LeNet) | Acc: 53.03%
Round 37 | Client 29 | Model: (AlexNet) | Acc: 55.68%
Round 37 | Client 30 | Model: (ShuffleNet) | Acc: 41.01%
Round 37 | Client 31 | Model: (SqueezeNet) | Acc: 39.66%
[Server] Aggregating by Dataset Name ...
[Server] Training Image-Based Global Generator...
  Epoch 1/10 | Loss: 4.2686
  Epoch 2/10 | Loss: 3.6806
  Epoch 3/10 | Loss: 4.1224
  Epoch 4/10 | Loss: 3.7790
  Epoch 5/10 | Loss: 3.2211
  Epoch 6/10 | Loss: 4.0018
  Epoch 7/10 | Loss: 3.4559
  Epoch 8/10 | Loss: 3.8795
  Epoch 9/10 | Loss: 3.6628
  Epoch 10/10 | Loss: 2.8325
[Server] Image-Based Global Generator training finished.
[Server] Training Final Global Inference Model ...
Detected 72 global classes: [0, 1, 2, 3, 4, 5, 6, 7, 8, 9, 10, 11, 12, 13, 14, 15, 16, 17, 18, 19, 20, 21, 22, 23, 24, 25, 26, 27, 28, 29, 30, 31, 32, 33, 34, 35, 36, 37, 38, 39, 40, 41, 42, 43, 44, 45, 46, 47, 48, 49, 50, 51, 52, 53, 54, 55, 56, 57, 58, 59, 60, 61, 62, 63, 64, 65, 66, 67, 68, 69, 70, 71]
Epoch 0 Loss: 4.2223
Epoch 1 Loss: 4.1630
Epoch 2 Loss: 4.6468
Epoch 3 Loss: 4.4716
Epoch 4 Loss: 3.8326
[Server] Global Inference Model Acc (MNIST) (Round 37): 0.00% (Tested on 9095 samples)
[Server] Global Inference Model Acc (EMNIST) (Round 37): 0.42% (Tested on 105779 samples)
[Server] Global Inference Model Acc (CIFAR10) (Round 37): 1.80% (Tested on 9100 samples)
[Server] Global Inference Model Acc (Mix) (Round 37): 0.49% (Tested on 123974 samples)
Selected client ids: [0, 1, 2, 3, 4, 5, 6, 7, 8, 9, 10, 11, 12, 13, 14, 15, 16, 17, 18, 19, 20, 21, 22, 23, 24, 25, 26, 27, 28, 29]
--- Round 38 ---
Round 38 | Client 0 | Model: (MLP) | Acc: 95.97%
Round 38 | Client 1 | Model: (CNN) | Acc: 84.94%
Round 38 | Client 2 | Model: (ResNet8) | Acc: 99.21%
Round 38 | Client 3 | Model: (ResNet18) | Acc: 99.10%
Round 38 | Client 4 | Model: (MobileNetV2) | Acc: 94.97%
Round 38 | Client 5 | Model: (MobileNetV3) | Acc: 90.30%
Round 38 | Client 6 | Model: (LeNet) | Acc: 98.36%
Round 38 | Client 7 | Model: (AlexNet) | Acc: 98.84%
Round 38 | Client 8 | Model: (ShuffleNet) | Acc: 72.94%
Round 38 | Client 9 | Model: (SqueezeNet) | Acc: 97.60%
Round 38 | Client 11 | Model: (MLP) | Acc: 79.40%
Round 38 | Client 12 | Model: (CNN) | Acc: 84.82%
Round 38 | Client 13 | Model: (ResNet8) | Acc: 84.26%
Round 38 | Client 14 | Model: (ResNet18) | Acc: 82.28%
Round 38 | Client 15 | Model: (MobileNetV2) | Acc: 84.15%
Round 38 | Client 16 | Model: (MobileNetV3) | Acc: 79.88%
Round 38 | Client 17 | Model: (LeNet) | Acc: 83.60%
Round 38 | Client 18 | Model: (AlexNet) | Acc: 82.44%
Round 38 | Client 19 | Model: (ShuffleNet) | Acc: 83.50%
Round 38 | Client 20 | Model: (SqueezeNet) | Acc: 83.78%
Round 38 | Client 22 | Model: (MLP) | Acc: 41.49%
Round 38 | Client 23 | Model: (CNN) | Acc: 52.97%
Round 38 | Client 24 | Model: (ResNet8) | Acc: 64.88%
Round 38 | Client 25 | Model: (ResNet18) | Acc: 53.50%
Round 38 | Client 26 | Model: (MobileNetV2) | Acc: 40.61%
Round 38 | Client 27 | Model: (MobileNetV3) | Acc: 47.21%
Round 38 | Client 28 | Model: (LeNet) | Acc: 54.35%
Round 38 | Client 29 | Model: (AlexNet) | Acc: 56.11%
Round 38 | Client 30 | Model: (ShuffleNet) | Acc: 40.79%
Round 38 | Client 31 | Model: (SqueezeNet) | Acc: 40.56%
[Server] Aggregating by Dataset Name ...
[Server] Training Image-Based Global Generator...
  Epoch 1/10 | Loss: 3.4140
  Epoch 2/10 | Loss: 3.1285
  Epoch 3/10 | Loss: 2.4823
  Epoch 4/10 | Loss: 2.6911
  Epoch 5/10 | Loss: 3.0294
  Epoch 6/10 | Loss: 2.3988
  Epoch 7/10 | Loss: 2.7896
  Epoch 8/10 | Loss: 2.8212
  Epoch 9/10 | Loss: 2.2373
  Epoch 10/10 | Loss: 2.4689
[Server] Image-Based Global Generator training finished.
[Server] Training Final Global Inference Model ...
Detected 72 global classes: [0, 1, 2, 3, 4, 5, 6, 7, 8, 9, 10, 11, 12, 13, 14, 15, 16, 17, 18, 19, 20, 21, 22, 23, 24, 25, 26, 27, 28, 29, 30, 31, 32, 33, 34, 35, 36, 37, 38, 39, 40, 41, 42, 43, 44, 45, 46, 47, 48, 49, 50, 51, 52, 53, 54, 55, 56, 57, 58, 59, 60, 61, 62, 63, 64, 65, 66, 67, 68, 69, 70, 71]
Epoch 0 Loss: 3.8860
Epoch 1 Loss: 3.2490
Epoch 2 Loss: 3.9386
Epoch 3 Loss: 3.3231
Epoch 4 Loss: 2.9380
[Server] Global Inference Model Acc (MNIST) (Round 38): 0.05% (Tested on 9095 samples)
[Server] Global Inference Model Acc (EMNIST) (Round 38): 0.62% (Tested on 105779 samples)
[Server] Global Inference Model Acc (CIFAR10) (Round 38): 2.15% (Tested on 9100 samples)
[Server] Global Inference Model Acc (Mix) (Round 38): 0.69% (Tested on 123974 samples)
Selected client ids: [0, 1, 2, 3, 4, 5, 6, 7, 8, 9, 10, 11, 12, 13, 14, 15, 16, 17, 18, 19, 20, 21, 22, 23, 24, 25, 26, 27, 28, 29]
--- Round 39 ---
Round 39 | Client 0 | Model: (MLP) | Acc: 94.77%
Round 39 | Client 1 | Model: (CNN) | Acc: 97.45%
Round 39 | Client 2 | Model: (ResNet8) | Acc: 99.09%
Round 39 | Client 3 | Model: (ResNet18) | Acc: 98.98%
Round 39 | Client 4 | Model: (MobileNetV2) | Acc: 94.00%
Round 39 | Client 5 | Model: (MobileNetV3) | Acc: 88.29%
Round 39 | Client 6 | Model: (LeNet) | Acc: 98.58%
Round 39 | Client 7 | Model: (AlexNet) | Acc: 98.84%
Round 39 | Client 8 | Model: (ShuffleNet) | Acc: 72.49%
Round 39 | Client 9 | Model: (SqueezeNet) | Acc: 97.92%
Round 39 | Client 11 | Model: (MLP) | Acc: 80.47%
Round 39 | Client 12 | Model: (CNN) | Acc: 84.36%
Round 39 | Client 13 | Model: (ResNet8) | Acc: 83.05%
Round 39 | Client 14 | Model: (ResNet18) | Acc: 83.85%
Round 39 | Client 15 | Model: (MobileNetV2) | Acc: 84.16%
Round 39 | Client 16 | Model: (MobileNetV3) | Acc: 76.25%
Round 39 | Client 17 | Model: (LeNet) | Acc: 83.36%
Round 39 | Client 18 | Model: (AlexNet) | Acc: 82.75%
Round 39 | Client 19 | Model: (ShuffleNet) | Acc: 83.83%
Round 39 | Client 20 | Model: (SqueezeNet) | Acc: 83.55%
Round 39 | Client 22 | Model: (MLP) | Acc: 41.49%
Round 39 | Client 23 | Model: (CNN) | Acc: 48.24%
Round 39 | Client 24 | Model: (ResNet8) | Acc: 64.67%
Round 39 | Client 25 | Model: (ResNet18) | Acc: 58.38%
Round 39 | Client 26 | Model: (MobileNetV2) | Acc: 41.55%
Round 39 | Client 27 | Model: (MobileNetV3) | Acc: 46.78%
Round 39 | Client 28 | Model: (LeNet) | Acc: 53.58%
Round 39 | Client 29 | Model: (AlexNet) | Acc: 54.05%
Round 39 | Client 30 | Model: (ShuffleNet) | Acc: 41.23%
Round 39 | Client 31 | Model: (SqueezeNet) | Acc: 37.53%
[Server] Aggregating by Dataset Name ...
[Server] Training Image-Based Global Generator...
  Epoch 1/10 | Loss: 2.9914
  Epoch 2/10 | Loss: 2.9595
  Epoch 3/10 | Loss: 2.6049
  Epoch 4/10 | Loss: 2.2356
  Epoch 5/10 | Loss: 2.4387
  Epoch 6/10 | Loss: 2.4111
  Epoch 7/10 | Loss: 2.6025
  Epoch 8/10 | Loss: 2.5494
  Epoch 9/10 | Loss: 1.7179
  Epoch 10/10 | Loss: 1.9439
[Server] Image-Based Global Generator training finished.
[Server] Training Final Global Inference Model ...
Detected 72 global classes: [0, 1, 2, 3, 4, 5, 6, 7, 8, 9, 10, 11, 12, 13, 14, 15, 16, 17, 18, 19, 20, 21, 22, 23, 24, 25, 26, 27, 28, 29, 30, 31, 32, 33, 34, 35, 36, 37, 38, 39, 40, 41, 42, 43, 44, 45, 46, 47, 48, 49, 50, 51, 52, 53, 54, 55, 56, 57, 58, 59, 60, 61, 62, 63, 64, 65, 66, 67, 68, 69, 70, 71]
Epoch 0 Loss: 3.1638
Epoch 1 Loss: 3.1996
Epoch 2 Loss: 3.1139
Epoch 3 Loss: 3.0241
Epoch 4 Loss: 2.4891
[Server] Global Inference Model Acc (MNIST) (Round 39): 0.51% (Tested on 9095 samples)
[Server] Global Inference Model Acc (EMNIST) (Round 39): 1.61% (Tested on 105779 samples)
[Server] Global Inference Model Acc (CIFAR10) (Round 39): 2.30% (Tested on 9100 samples)
[Server] Global Inference Model Acc (Mix) (Round 39): 1.58% (Tested on 123974 samples)
Selected client ids: [0, 1, 2, 3, 4, 5, 6, 7, 8, 9, 10, 11, 12, 13, 14, 15, 16, 17, 18, 19, 20, 21, 22, 23, 24, 25, 26, 27, 28, 29]
--- Round 40 ---
Round 40 | Client 0 | Model: (MLP) | Acc: 94.77%
Round 40 | Client 1 | Model: (CNN) | Acc: 97.34%
Round 40 | Client 2 | Model: (ResNet8) | Acc: 99.21%
Round 40 | Client 3 | Model: (ResNet18) | Acc: 98.98%
Round 40 | Client 4 | Model: (MobileNetV2) | Acc: 96.57%
Round 40 | Client 5 | Model: (MobileNetV3) | Acc: 91.30%
Round 40 | Client 6 | Model: (LeNet) | Acc: 98.47%
Round 40 | Client 7 | Model: (AlexNet) | Acc: 98.84%
Round 40 | Client 8 | Model: (ShuffleNet) | Acc: 74.61%
Round 40 | Client 9 | Model: (SqueezeNet) | Acc: 97.81%
Round 40 | Client 11 | Model: (MLP) | Acc: 80.64%
Round 40 | Client 12 | Model: (CNN) | Acc: 83.74%
Round 40 | Client 13 | Model: (ResNet8) | Acc: 82.67%
Round 40 | Client 14 | Model: (ResNet18) | Acc: 84.61%
Round 40 | Client 15 | Model: (MobileNetV2) | Acc: 84.50%
Round 40 | Client 16 | Model: (MobileNetV3) | Acc: 76.81%
Round 40 | Client 17 | Model: (LeNet) | Acc: 83.16%
Round 40 | Client 18 | Model: (AlexNet) | Acc: 82.86%
Round 40 | Client 19 | Model: (ShuffleNet) | Acc: 83.48%
Round 40 | Client 20 | Model: (SqueezeNet) | Acc: 83.19%
Round 40 | Client 22 | Model: (MLP) | Acc: 39.81%
Round 40 | Client 23 | Model: (CNN) | Acc: 55.93%
Round 40 | Client 24 | Model: (ResNet8) | Acc: 63.81%
Round 40 | Client 25 | Model: (ResNet18) | Acc: 59.38%
Round 40 | Client 26 | Model: (MobileNetV2) | Acc: 42.71%
Round 40 | Client 27 | Model: (MobileNetV3) | Acc: 49.03%
Round 40 | Client 28 | Model: (LeNet) | Acc: 53.80%
Round 40 | Client 29 | Model: (AlexNet) | Acc: 53.95%
Round 40 | Client 30 | Model: (ShuffleNet) | Acc: 38.16%
Round 40 | Client 31 | Model: (SqueezeNet) | Acc: 38.76%
[Server] Aggregating by Dataset Name ...
[Server] Training Image-Based Global Generator...
  Epoch 1/10 | Loss: 1.6741
  Epoch 2/10 | Loss: 2.3065
  Epoch 3/10 | Loss: 2.0156
  Epoch 4/10 | Loss: 1.8761
  Epoch 5/10 | Loss: 2.4672
  Epoch 6/10 | Loss: 1.6635
  Epoch 7/10 | Loss: 1.7785
  Epoch 8/10 | Loss: 1.5331
  Epoch 9/10 | Loss: 1.6842
  Epoch 10/10 | Loss: 1.3290
[Server] Image-Based Global Generator training finished.
[Server] Training Final Global Inference Model ...
Detected 72 global classes: [0, 1, 2, 3, 4, 5, 6, 7, 8, 9, 10, 11, 12, 13, 14, 15, 16, 17, 18, 19, 20, 21, 22, 23, 24, 25, 26, 27, 28, 29, 30, 31, 32, 33, 34, 35, 36, 37, 38, 39, 40, 41, 42, 43, 44, 45, 46, 47, 48, 49, 50, 51, 52, 53, 54, 55, 56, 57, 58, 59, 60, 61, 62, 63, 64, 65, 66, 67, 68, 69, 70, 71]
Epoch 0 Loss: 3.4319
Epoch 1 Loss: 2.3885
Epoch 2 Loss: 2.3636
Epoch 3 Loss: 2.5263
Epoch 4 Loss: 2.3344
[Server] Global Inference Model Acc (MNIST) (Round 40): 0.48% (Tested on 9095 samples)
[Server] Global Inference Model Acc (EMNIST) (Round 40): 3.18% (Tested on 105779 samples)
[Server] Global Inference Model Acc (CIFAR10) (Round 40): 1.78% (Tested on 9100 samples)
[Server] Global Inference Model Acc (Mix) (Round 40): 2.88% (Tested on 123974 samples)
Selected client ids: [0, 1, 2, 3, 4, 5, 6, 7, 8, 9, 10, 11, 12, 13, 14, 15, 16, 17, 18, 19, 20, 21, 22, 23, 24, 25, 26, 27, 28, 29]
--- Round 41 ---
Round 41 | Client 0 | Model: (MLP) | Acc: 94.33%
Round 41 | Client 1 | Model: (CNN) | Acc: 97.90%
Round 41 | Client 2 | Model: (ResNet8) | Acc: 99.09%
Round 41 | Client 3 | Model: (ResNet18) | Acc: 99.21%
Round 41 | Client 4 | Model: (MobileNetV2) | Acc: 96.68%
Round 41 | Client 5 | Model: (MobileNetV3) | Acc: 91.42%
Round 41 | Client 6 | Model: (LeNet) | Acc: 98.58%
Round 41 | Client 7 | Model: (AlexNet) | Acc: 98.84%
Round 41 | Client 8 | Model: (ShuffleNet) | Acc: 73.27%
Round 41 | Client 9 | Model: (SqueezeNet) | Acc: 96.94%
Round 41 | Client 11 | Model: (MLP) | Acc: 80.28%
Round 41 | Client 12 | Model: (CNN) | Acc: 84.92%
Round 41 | Client 13 | Model: (ResNet8) | Acc: 83.24%
Round 41 | Client 14 | Model: (ResNet18) | Acc: 83.80%
Round 41 | Client 15 | Model: (MobileNetV2) | Acc: 83.71%
Round 41 | Client 16 | Model: (MobileNetV3) | Acc: 79.12%
Round 41 | Client 17 | Model: (LeNet) | Acc: 84.09%
Round 41 | Client 18 | Model: (AlexNet) | Acc: 82.52%
Round 41 | Client 19 | Model: (ShuffleNet) | Acc: 83.36%
Round 41 | Client 20 | Model: (SqueezeNet) | Acc: 82.55%
Round 41 | Client 22 | Model: (MLP) | Acc: 38.97%
Round 41 | Client 23 | Model: (CNN) | Acc: 53.96%
Round 41 | Client 24 | Model: (ResNet8) | Acc: 64.45%
Round 41 | Client 25 | Model: (ResNet18) | Acc: 61.38%
Round 41 | Client 26 | Model: (MobileNetV2) | Acc: 42.39%
Round 41 | Client 27 | Model: (MobileNetV3) | Acc: 48.82%
Round 41 | Client 28 | Model: (LeNet) | Acc: 52.59%
Round 41 | Client 29 | Model: (AlexNet) | Acc: 54.27%
Round 41 | Client 30 | Model: (ShuffleNet) | Acc: 41.01%
Round 41 | Client 31 | Model: (SqueezeNet) | Acc: 42.13%
[Server] Aggregating by Dataset Name ...
[Server] Training Image-Based Global Generator...
  Epoch 1/10 | Loss: 1.5402
  Epoch 2/10 | Loss: 1.5988
  Epoch 3/10 | Loss: 1.4835
  Epoch 4/10 | Loss: 1.3726
  Epoch 5/10 | Loss: 1.2260
  Epoch 6/10 | Loss: 1.3378
  Epoch 7/10 | Loss: 1.2141
  Epoch 8/10 | Loss: 1.0944
  Epoch 9/10 | Loss: 1.1288
  Epoch 10/10 | Loss: 1.3827
[Server] Image-Based Global Generator training finished.
[Server] Training Final Global Inference Model ...
Detected 72 global classes: [0, 1, 2, 3, 4, 5, 6, 7, 8, 9, 10, 11, 12, 13, 14, 15, 16, 17, 18, 19, 20, 21, 22, 23, 24, 25, 26, 27, 28, 29, 30, 31, 32, 33, 34, 35, 36, 37, 38, 39, 40, 41, 42, 43, 44, 45, 46, 47, 48, 49, 50, 51, 52, 53, 54, 55, 56, 57, 58, 59, 60, 61, 62, 63, 64, 65, 66, 67, 68, 69, 70, 71]
Epoch 0 Loss: 3.0806
Epoch 1 Loss: 2.1514
Epoch 2 Loss: 2.7472
Epoch 3 Loss: 2.4378
Epoch 4 Loss: 2.1502
[Server] Global Inference Model Acc (MNIST) (Round 41): 0.14% (Tested on 9095 samples)
[Server] Global Inference Model Acc (EMNIST) (Round 41): 2.36% (Tested on 105779 samples)
[Server] Global Inference Model Acc (CIFAR10) (Round 41): 1.35% (Tested on 9100 samples)
[Server] Global Inference Model Acc (Mix) (Round 41): 2.13% (Tested on 123974 samples)
Selected client ids: [0, 1, 2, 3, 4, 5, 6, 7, 8, 9, 10, 11, 12, 13, 14, 15, 16, 17, 18, 19, 20, 21, 22, 23, 24, 25, 26, 27, 28, 29]
--- Round 42 ---
Round 42 | Client 0 | Model: (MLP) | Acc: 94.87%
Round 42 | Client 1 | Model: (CNN) | Acc: 97.79%
Round 42 | Client 2 | Model: (ResNet8) | Acc: 99.21%
Round 42 | Client 3 | Model: (ResNet18) | Acc: 98.76%
Round 42 | Client 4 | Model: (MobileNetV2) | Acc: 97.11%
Round 42 | Client 5 | Model: (MobileNetV3) | Acc: 92.64%
Round 42 | Client 6 | Model: (LeNet) | Acc: 98.58%
Round 42 | Client 7 | Model: (AlexNet) | Acc: 98.84%
Round 42 | Client 8 | Model: (ShuffleNet) | Acc: 61.36%
Round 42 | Client 9 | Model: (SqueezeNet) | Acc: 96.83%
Round 42 | Client 11 | Model: (MLP) | Acc: 80.49%
Round 42 | Client 12 | Model: (CNN) | Acc: 85.08%
Round 42 | Client 13 | Model: (ResNet8) | Acc: 82.43%
Round 42 | Client 14 | Model: (ResNet18) | Acc: 83.68%
Round 42 | Client 15 | Model: (MobileNetV2) | Acc: 83.88%
Round 42 | Client 16 | Model: (MobileNetV3) | Acc: 79.35%
Round 42 | Client 17 | Model: (LeNet) | Acc: 83.75%
Round 42 | Client 18 | Model: (AlexNet) | Acc: 82.25%
Round 42 | Client 19 | Model: (ShuffleNet) | Acc: 83.23%
Round 42 | Client 20 | Model: (SqueezeNet) | Acc: 83.49%
Round 42 | Client 22 | Model: (MLP) | Acc: 39.69%
Round 42 | Client 23 | Model: (CNN) | Acc: 62.53%
Round 42 | Client 24 | Model: (ResNet8) | Acc: 64.35%
Round 42 | Client 25 | Model: (ResNet18) | Acc: 59.05%
Round 42 | Client 26 | Model: (MobileNetV2) | Acc: 40.19%
Round 42 | Client 27 | Model: (MobileNetV3) | Acc: 48.50%
Round 42 | Client 28 | Model: (LeNet) | Acc: 53.03%
Round 42 | Client 29 | Model: (AlexNet) | Acc: 53.30%
Round 42 | Client 30 | Model: (ShuffleNet) | Acc: 40.35%
Round 42 | Client 31 | Model: (SqueezeNet) | Acc: 41.80%
[Server] Aggregating by Dataset Name ...
[Server] Training Image-Based Global Generator...
  Epoch 1/10 | Loss: 1.2832
  Epoch 2/10 | Loss: 1.2319
  Epoch 3/10 | Loss: 1.4614
  Epoch 4/10 | Loss: 1.2265
  Epoch 5/10 | Loss: 1.4308
  Epoch 6/10 | Loss: 1.3829
  Epoch 7/10 | Loss: 1.3953
  Epoch 8/10 | Loss: 1.1251
  Epoch 9/10 | Loss: 1.1273
  Epoch 10/10 | Loss: 1.1531
[Server] Image-Based Global Generator training finished.
[Server] Training Final Global Inference Model ...
Detected 72 global classes: [0, 1, 2, 3, 4, 5, 6, 7, 8, 9, 10, 11, 12, 13, 14, 15, 16, 17, 18, 19, 20, 21, 22, 23, 24, 25, 26, 27, 28, 29, 30, 31, 32, 33, 34, 35, 36, 37, 38, 39, 40, 41, 42, 43, 44, 45, 46, 47, 48, 49, 50, 51, 52, 53, 54, 55, 56, 57, 58, 59, 60, 61, 62, 63, 64, 65, 66, 67, 68, 69, 70, 71]
Epoch 0 Loss: 1.9554
Epoch 1 Loss: 1.5497
Epoch 2 Loss: 1.7365
Epoch 3 Loss: 1.4600
Epoch 4 Loss: 1.5725
[Server] Global Inference Model Acc (MNIST) (Round 42): 0.81% (Tested on 9095 samples)
[Server] Global Inference Model Acc (EMNIST) (Round 42): 2.62% (Tested on 105779 samples)
[Server] Global Inference Model Acc (CIFAR10) (Round 42): 1.71% (Tested on 9100 samples)
[Server] Global Inference Model Acc (Mix) (Round 42): 2.42% (Tested on 123974 samples)
Selected client ids: [0, 1, 2, 3, 4, 5, 6, 7, 8, 9, 10, 11, 12, 13, 14, 15, 16, 17, 18, 19, 20, 21, 22, 23, 24, 25, 26, 27, 28, 29]
--- Round 43 ---
Round 43 | Client 0 | Model: (MLP) | Acc: 94.55%
Round 43 | Client 1 | Model: (CNN) | Acc: 97.23%
Round 43 | Client 2 | Model: (ResNet8) | Acc: 99.21%
Round 43 | Client 3 | Model: (ResNet18) | Acc: 98.64%
Round 43 | Client 4 | Model: (MobileNetV2) | Acc: 96.68%
Round 43 | Client 5 | Model: (MobileNetV3) | Acc: 91.75%
Round 43 | Client 6 | Model: (LeNet) | Acc: 98.58%
Round 43 | Client 7 | Model: (AlexNet) | Acc: 98.84%
Round 43 | Client 8 | Model: (ShuffleNet) | Acc: 62.14%
Round 43 | Client 9 | Model: (SqueezeNet) | Acc: 97.38%
Round 43 | Client 11 | Model: (MLP) | Acc: 80.61%
Round 43 | Client 12 | Model: (CNN) | Acc: 84.31%
Round 43 | Client 13 | Model: (ResNet8) | Acc: 83.39%
Round 43 | Client 14 | Model: (ResNet18) | Acc: 84.04%
Round 43 | Client 15 | Model: (MobileNetV2) | Acc: 83.86%
Round 43 | Client 16 | Model: (MobileNetV3) | Acc: 79.63%
Round 43 | Client 17 | Model: (LeNet) | Acc: 83.07%
Round 43 | Client 18 | Model: (AlexNet) | Acc: 82.11%
Round 43 | Client 19 | Model: (ShuffleNet) | Acc: 83.52%
Round 43 | Client 20 | Model: (SqueezeNet) | Acc: 83.98%
Round 43 | Client 22 | Model: (MLP) | Acc: 42.81%
Round 43 | Client 23 | Model: (CNN) | Acc: 59.67%
Round 43 | Client 24 | Model: (ResNet8) | Acc: 63.81%
Round 43 | Client 25 | Model: (ResNet18) | Acc: 58.60%
Round 43 | Client 26 | Model: (MobileNetV2) | Acc: 38.82%
Round 43 | Client 27 | Model: (MobileNetV3) | Acc: 47.32%
Round 43 | Client 28 | Model: (LeNet) | Acc: 52.37%
Round 43 | Client 29 | Model: (AlexNet) | Acc: 54.92%
Round 43 | Client 30 | Model: (ShuffleNet) | Acc: 38.82%
Round 43 | Client 31 | Model: (SqueezeNet) | Acc: 43.37%
[Server] Aggregating by Dataset Name ...
[Server] Training Image-Based Global Generator...
  Epoch 1/10 | Loss: 1.1333
  Epoch 2/10 | Loss: 1.2069
  Epoch 3/10 | Loss: 0.9696
  Epoch 4/10 | Loss: 0.9168
  Epoch 5/10 | Loss: 1.3344
  Epoch 6/10 | Loss: 0.8457
  Epoch 7/10 | Loss: 1.2479
  Epoch 8/10 | Loss: 1.1433
  Epoch 9/10 | Loss: 1.0393
  Epoch 10/10 | Loss: 0.8948
[Server] Image-Based Global Generator training finished.
[Server] Training Final Global Inference Model ...
Detected 72 global classes: [0, 1, 2, 3, 4, 5, 6, 7, 8, 9, 10, 11, 12, 13, 14, 15, 16, 17, 18, 19, 20, 21, 22, 23, 24, 25, 26, 27, 28, 29, 30, 31, 32, 33, 34, 35, 36, 37, 38, 39, 40, 41, 42, 43, 44, 45, 46, 47, 48, 49, 50, 51, 52, 53, 54, 55, 56, 57, 58, 59, 60, 61, 62, 63, 64, 65, 66, 67, 68, 69, 70, 71]
Epoch 0 Loss: 1.4954
Epoch 1 Loss: 1.4597
Epoch 2 Loss: 1.2351
Epoch 3 Loss: 1.5792
Epoch 4 Loss: 1.0080
[Server] Global Inference Model Acc (MNIST) (Round 43): 0.40% (Tested on 9095 samples)
[Server] Global Inference Model Acc (EMNIST) (Round 43): 3.06% (Tested on 105779 samples)
[Server] Global Inference Model Acc (CIFAR10) (Round 43): 1.16% (Tested on 9100 samples)
[Server] Global Inference Model Acc (Mix) (Round 43): 2.72% (Tested on 123974 samples)
Selected client ids: [0, 1, 2, 3, 4, 5, 6, 7, 8, 9, 10, 11, 12, 13, 14, 15, 16, 17, 18, 19, 20, 21, 22, 23, 24, 25, 26, 27, 28, 29]
--- Round 44 ---
Round 44 | Client 0 | Model: (MLP) | Acc: 95.31%
Round 44 | Client 1 | Model: (CNN) | Acc: 97.34%
Round 44 | Client 2 | Model: (ResNet8) | Acc: 99.21%
Round 44 | Client 3 | Model: (ResNet18) | Acc: 98.87%
Round 44 | Client 4 | Model: (MobileNetV2) | Acc: 97.11%
Round 44 | Client 5 | Model: (MobileNetV3) | Acc: 92.64%
Round 44 | Client 6 | Model: (LeNet) | Acc: 97.81%
Round 44 | Client 7 | Model: (AlexNet) | Acc: 98.84%
Round 44 | Client 8 | Model: (ShuffleNet) | Acc: 66.82%
Round 44 | Client 9 | Model: (SqueezeNet) | Acc: 98.25%
Round 44 | Client 11 | Model: (MLP) | Acc: 80.24%
Round 44 | Client 12 | Model: (CNN) | Acc: 83.64%
Round 44 | Client 13 | Model: (ResNet8) | Acc: 83.03%
Round 44 | Client 14 | Model: (ResNet18) | Acc: 84.24%
Round 44 | Client 15 | Model: (MobileNetV2) | Acc: 84.21%
Round 44 | Client 16 | Model: (MobileNetV3) | Acc: 78.79%
Round 44 | Client 17 | Model: (LeNet) | Acc: 83.24%
Round 44 | Client 18 | Model: (AlexNet) | Acc: 82.58%
Round 44 | Client 19 | Model: (ShuffleNet) | Acc: 83.88%
Round 44 | Client 20 | Model: (SqueezeNet) | Acc: 82.55%
Round 44 | Client 22 | Model: (MLP) | Acc: 43.65%
Round 44 | Client 23 | Model: (CNN) | Acc: 50.55%
Round 44 | Client 24 | Model: (ResNet8) | Acc: 63.92%
Round 44 | Client 25 | Model: (ResNet18) | Acc: 59.93%
Round 44 | Client 26 | Model: (MobileNetV2) | Acc: 40.29%
Round 44 | Client 27 | Model: (MobileNetV3) | Acc: 48.82%
Round 44 | Client 28 | Model: (LeNet) | Acc: 53.58%
Round 44 | Client 29 | Model: (AlexNet) | Acc: 54.27%
Round 44 | Client 30 | Model: (ShuffleNet) | Acc: 40.46%
Round 44 | Client 31 | Model: (SqueezeNet) | Acc: 40.45%
[Server] Aggregating by Dataset Name ...
[Server] Training Image-Based Global Generator...
  Epoch 1/10 | Loss: 1.0964
  Epoch 2/10 | Loss: 1.0604
  Epoch 3/10 | Loss: 1.0194
  Epoch 4/10 | Loss: 1.1535
  Epoch 5/10 | Loss: 0.8905
  Epoch 6/10 | Loss: 1.0267
  Epoch 7/10 | Loss: 0.8405
  Epoch 8/10 | Loss: 1.0076
  Epoch 9/10 | Loss: 0.8045
  Epoch 10/10 | Loss: 1.1472
[Server] Image-Based Global Generator training finished.
[Server] Training Final Global Inference Model ...
Detected 72 global classes: [0, 1, 2, 3, 4, 5, 6, 7, 8, 9, 10, 11, 12, 13, 14, 15, 16, 17, 18, 19, 20, 21, 22, 23, 24, 25, 26, 27, 28, 29, 30, 31, 32, 33, 34, 35, 36, 37, 38, 39, 40, 41, 42, 43, 44, 45, 46, 47, 48, 49, 50, 51, 52, 53, 54, 55, 56, 57, 58, 59, 60, 61, 62, 63, 64, 65, 66, 67, 68, 69, 70, 71]
Epoch 0 Loss: 1.2701
Epoch 1 Loss: 1.0746
Epoch 2 Loss: 0.9806
Epoch 3 Loss: 1.0138
Epoch 4 Loss: 0.9445
[Server] Global Inference Model Acc (MNIST) (Round 44): 0.59% (Tested on 9095 samples)
[Server] Global Inference Model Acc (EMNIST) (Round 44): 2.21% (Tested on 105779 samples)
[Server] Global Inference Model Acc (CIFAR10) (Round 44): 1.91% (Tested on 9100 samples)
[Server] Global Inference Model Acc (Mix) (Round 44): 2.07% (Tested on 123974 samples)
Selected client ids: [0, 1, 2, 3, 4, 5, 6, 7, 8, 9, 10, 11, 12, 13, 14, 15, 16, 17, 18, 19, 20, 21, 22, 23, 24, 25, 26, 27, 28, 29]
--- Round 45 ---
Round 45 | Client 0 | Model: (MLP) | Acc: 94.55%
Round 45 | Client 1 | Model: (CNN) | Acc: 97.45%
Round 45 | Client 2 | Model: (ResNet8) | Acc: 99.09%
Round 45 | Client 3 | Model: (ResNet18) | Acc: 98.42%
Round 45 | Client 4 | Model: (MobileNetV2) | Acc: 97.32%
Round 45 | Client 5 | Model: (MobileNetV3) | Acc: 91.53%
Round 45 | Client 6 | Model: (LeNet) | Acc: 98.36%
Round 45 | Client 7 | Model: (AlexNet) | Acc: 98.84%
Round 45 | Client 8 | Model: (ShuffleNet) | Acc: 67.71%
Round 45 | Client 9 | Model: (SqueezeNet) | Acc: 98.14%
Round 45 | Client 11 | Model: (MLP) | Acc: 79.96%
Round 45 | Client 12 | Model: (CNN) | Acc: 84.50%
Round 45 | Client 13 | Model: (ResNet8) | Acc: 83.56%
Round 45 | Client 14 | Model: (ResNet18) | Acc: 84.25%
Round 45 | Client 15 | Model: (MobileNetV2) | Acc: 84.29%
Round 45 | Client 16 | Model: (MobileNetV3) | Acc: 78.07%
Round 45 | Client 17 | Model: (LeNet) | Acc: 83.09%
Round 45 | Client 18 | Model: (AlexNet) | Acc: 82.42%
Round 45 | Client 19 | Model: (ShuffleNet) | Acc: 83.24%
Round 45 | Client 20 | Model: (SqueezeNet) | Acc: 84.06%
Round 45 | Client 22 | Model: (MLP) | Acc: 44.48%
Round 45 | Client 23 | Model: (CNN) | Acc: 55.60%
Round 45 | Client 24 | Model: (ResNet8) | Acc: 63.60%
Round 45 | Client 25 | Model: (ResNet18) | Acc: 58.27%
Round 45 | Client 26 | Model: (MobileNetV2) | Acc: 38.41%
Round 45 | Client 27 | Model: (MobileNetV3) | Acc: 48.28%
Round 45 | Client 28 | Model: (LeNet) | Acc: 54.46%
Round 45 | Client 29 | Model: (AlexNet) | Acc: 55.35%
Round 45 | Client 30 | Model: (ShuffleNet) | Acc: 38.16%
Round 45 | Client 31 | Model: (SqueezeNet) | Acc: 41.35%
[Server] Aggregating by Dataset Name ...
[Server] Training Image-Based Global Generator...
  Epoch 1/10 | Loss: 0.7865
  Epoch 2/10 | Loss: 1.0336
  Epoch 3/10 | Loss: 0.8867
  Epoch 4/10 | Loss: 0.8960
  Epoch 5/10 | Loss: 0.9164
  Epoch 6/10 | Loss: 0.7935
  Epoch 7/10 | Loss: 0.9087
  Epoch 8/10 | Loss: 0.6088
  Epoch 9/10 | Loss: 0.6236
  Epoch 10/10 | Loss: 1.1498
[Server] Image-Based Global Generator training finished.
[Server] Training Final Global Inference Model ...
Detected 72 global classes: [0, 1, 2, 3, 4, 5, 6, 7, 8, 9, 10, 11, 12, 13, 14, 15, 16, 17, 18, 19, 20, 21, 22, 23, 24, 25, 26, 27, 28, 29, 30, 31, 32, 33, 34, 35, 36, 37, 38, 39, 40, 41, 42, 43, 44, 45, 46, 47, 48, 49, 50, 51, 52, 53, 54, 55, 56, 57, 58, 59, 60, 61, 62, 63, 64, 65, 66, 67, 68, 69, 70, 71]
Epoch 0 Loss: 0.9340
Epoch 1 Loss: 0.8080
Epoch 2 Loss: 1.1003
Epoch 3 Loss: 0.6707
Epoch 4 Loss: 0.7291
[Server] Global Inference Model Acc (MNIST) (Round 45): 0.00% (Tested on 9095 samples)
[Server] Global Inference Model Acc (EMNIST) (Round 45): 3.52% (Tested on 105779 samples)
[Server] Global Inference Model Acc (CIFAR10) (Round 45): 1.25% (Tested on 9100 samples)
[Server] Global Inference Model Acc (Mix) (Round 45): 3.10% (Tested on 123974 samples)
Selected client ids: [0, 1, 2, 3, 4, 5, 6, 7, 8, 9, 10, 11, 12, 13, 14, 15, 16, 17, 18, 19, 20, 21, 22, 23, 24, 25, 26, 27, 28, 29]
--- Round 46 ---
Round 46 | Client 0 | Model: (MLP) | Acc: 95.31%
Round 46 | Client 1 | Model: (CNN) | Acc: 97.23%
Round 46 | Client 2 | Model: (ResNet8) | Acc: 99.09%
Round 46 | Client 3 | Model: (ResNet18) | Acc: 98.98%
Round 46 | Client 4 | Model: (MobileNetV2) | Acc: 97.00%
Round 46 | Client 5 | Model: (MobileNetV3) | Acc: 92.64%
Round 46 | Client 6 | Model: (LeNet) | Acc: 98.69%
Round 46 | Client 7 | Model: (AlexNet) | Acc: 98.95%
Round 46 | Client 8 | Model: (ShuffleNet) | Acc: 71.05%
Round 46 | Client 9 | Model: (SqueezeNet) | Acc: 97.92%
Round 46 | Client 11 | Model: (MLP) | Acc: 79.27%
Round 46 | Client 12 | Model: (CNN) | Acc: 84.49%
Round 46 | Client 13 | Model: (ResNet8) | Acc: 83.07%
Round 46 | Client 14 | Model: (ResNet18) | Acc: 83.70%
Round 46 | Client 15 | Model: (MobileNetV2) | Acc: 83.85%
Round 46 | Client 16 | Model: (MobileNetV3) | Acc: 74.73%
Round 46 | Client 17 | Model: (LeNet) | Acc: 82.90%
Round 46 | Client 18 | Model: (AlexNet) | Acc: 82.25%
Round 46 | Client 19 | Model: (ShuffleNet) | Acc: 83.57%
Round 46 | Client 20 | Model: (SqueezeNet) | Acc: 83.68%
Round 46 | Client 22 | Model: (MLP) | Acc: 42.93%
Round 46 | Client 23 | Model: (CNN) | Acc: 63.19%
Round 46 | Client 24 | Model: (ResNet8) | Acc: 64.56%
Round 46 | Client 25 | Model: (ResNet18) | Acc: 61.15%
Round 46 | Client 26 | Model: (MobileNetV2) | Acc: 40.82%
Round 46 | Client 27 | Model: (MobileNetV3) | Acc: 46.67%
Round 46 | Client 28 | Model: (LeNet) | Acc: 54.13%
Round 46 | Client 29 | Model: (AlexNet) | Acc: 55.57%
Round 46 | Client 30 | Model: (ShuffleNet) | Acc: 38.49%
Round 46 | Client 31 | Model: (SqueezeNet) | Acc: 43.03%
[Server] Aggregating by Dataset Name ...
[Server] Training Image-Based Global Generator...
  Epoch 1/10 | Loss: 0.7248
  Epoch 2/10 | Loss: 0.7746
  Epoch 3/10 | Loss: 0.6247
  Epoch 4/10 | Loss: 0.6887
  Epoch 5/10 | Loss: 0.4712
  Epoch 6/10 | Loss: 0.5455
  Epoch 7/10 | Loss: 0.6713
  Epoch 8/10 | Loss: 0.6147
  Epoch 9/10 | Loss: 0.5975
  Epoch 10/10 | Loss: 0.6093
[Server] Image-Based Global Generator training finished.
[Server] Training Final Global Inference Model ...
Detected 72 global classes: [0, 1, 2, 3, 4, 5, 6, 7, 8, 9, 10, 11, 12, 13, 14, 15, 16, 17, 18, 19, 20, 21, 22, 23, 24, 25, 26, 27, 28, 29, 30, 31, 32, 33, 34, 35, 36, 37, 38, 39, 40, 41, 42, 43, 44, 45, 46, 47, 48, 49, 50, 51, 52, 53, 54, 55, 56, 57, 58, 59, 60, 61, 62, 63, 64, 65, 66, 67, 68, 69, 70, 71]
Epoch 0 Loss: 0.7602
Epoch 1 Loss: 0.6720
Epoch 2 Loss: 0.5619
Epoch 3 Loss: 0.6929
Epoch 4 Loss: 0.6663
[Server] Global Inference Model Acc (MNIST) (Round 46): 0.11% (Tested on 9095 samples)
[Server] Global Inference Model Acc (EMNIST) (Round 46): 2.95% (Tested on 105779 samples)
[Server] Global Inference Model Acc (CIFAR10) (Round 46): 1.80% (Tested on 9100 samples)
[Server] Global Inference Model Acc (Mix) (Round 46): 2.66% (Tested on 123974 samples)
Selected client ids: [0, 1, 2, 3, 4, 5, 6, 7, 8, 9, 10, 11, 12, 13, 14, 15, 16, 17, 18, 19, 20, 21, 22, 23, 24, 25, 26, 27, 28, 29]
--- Round 47 ---
Round 47 | Client 0 | Model: (MLP) | Acc: 93.78%
Round 47 | Client 1 | Model: (CNN) | Acc: 97.56%
Round 47 | Client 2 | Model: (ResNet8) | Acc: 98.98%
Round 47 | Client 3 | Model: (ResNet18) | Acc: 98.87%
Round 47 | Client 4 | Model: (MobileNetV2) | Acc: 96.36%
Round 47 | Client 5 | Model: (MobileNetV3) | Acc: 92.31%
Round 47 | Client 6 | Model: (LeNet) | Acc: 98.47%
Round 47 | Client 7 | Model: (AlexNet) | Acc: 98.95%
Round 47 | Client 8 | Model: (ShuffleNet) | Acc: 70.60%
Round 47 | Client 9 | Model: (SqueezeNet) | Acc: 97.27%
Round 47 | Client 11 | Model: (MLP) | Acc: 80.56%
Round 47 | Client 12 | Model: (CNN) | Acc: 84.61%
Round 47 | Client 13 | Model: (ResNet8) | Acc: 83.55%
Round 47 | Client 14 | Model: (ResNet18) | Acc: 84.18%
Round 47 | Client 15 | Model: (MobileNetV2) | Acc: 83.91%
Round 47 | Client 16 | Model: (MobileNetV3) | Acc: 76.67%
Round 47 | Client 17 | Model: (LeNet) | Acc: 82.68%
Round 47 | Client 18 | Model: (AlexNet) | Acc: 82.87%
Round 47 | Client 19 | Model: (ShuffleNet) | Acc: 83.13%
Round 47 | Client 20 | Model: (SqueezeNet) | Acc: 83.57%
Round 47 | Client 22 | Model: (MLP) | Acc: 43.17%
Round 47 | Client 23 | Model: (CNN) | Acc: 61.32%
Round 47 | Client 24 | Model: (ResNet8) | Acc: 63.70%
Round 47 | Client 25 | Model: (ResNet18) | Acc: 57.49%
Round 47 | Client 26 | Model: (MobileNetV2) | Acc: 40.29%
Round 47 | Client 27 | Model: (MobileNetV3) | Acc: 48.93%
Round 47 | Client 28 | Model: (LeNet) | Acc: 53.47%
Round 47 | Client 29 | Model: (AlexNet) | Acc: 54.27%
Round 47 | Client 30 | Model: (ShuffleNet) | Acc: 39.58%
Round 47 | Client 31 | Model: (SqueezeNet) | Acc: 42.02%
[Server] Aggregating by Dataset Name ...
[Server] Training Image-Based Global Generator...
  Epoch 1/10 | Loss: 0.7200
  Epoch 2/10 | Loss: 0.4206
  Epoch 3/10 | Loss: 0.6620
  Epoch 4/10 | Loss: 0.7080
  Epoch 5/10 | Loss: 0.5035
  Epoch 6/10 | Loss: 0.3133
  Epoch 7/10 | Loss: 0.6209
  Epoch 8/10 | Loss: 0.5402
  Epoch 9/10 | Loss: 0.5245
  Epoch 10/10 | Loss: 0.5267
[Server] Image-Based Global Generator training finished.
[Server] Training Final Global Inference Model ...
Detected 72 global classes: [0, 1, 2, 3, 4, 5, 6, 7, 8, 9, 10, 11, 12, 13, 14, 15, 16, 17, 18, 19, 20, 21, 22, 23, 24, 25, 26, 27, 28, 29, 30, 31, 32, 33, 34, 35, 36, 37, 38, 39, 40, 41, 42, 43, 44, 45, 46, 47, 48, 49, 50, 51, 52, 53, 54, 55, 56, 57, 58, 59, 60, 61, 62, 63, 64, 65, 66, 67, 68, 69, 70, 71]
Epoch 0 Loss: 0.6187
Epoch 1 Loss: 0.5730
Epoch 2 Loss: 0.5716
Epoch 3 Loss: 0.5555
Epoch 4 Loss: 0.6294
[Server] Global Inference Model Acc (MNIST) (Round 47): 0.59% (Tested on 9095 samples)
[Server] Global Inference Model Acc (EMNIST) (Round 47): 3.02% (Tested on 105779 samples)
[Server] Global Inference Model Acc (CIFAR10) (Round 47): 3.21% (Tested on 9100 samples)
[Server] Global Inference Model Acc (Mix) (Round 47): 2.85% (Tested on 123974 samples)
Selected client ids: [0, 1, 2, 3, 4, 5, 6, 7, 8, 9, 10, 11, 12, 13, 14, 15, 16, 17, 18, 19, 20, 21, 22, 23, 24, 25, 26, 27, 28, 29]
--- Round 48 ---
Round 48 | Client 0 | Model: (MLP) | Acc: 95.64%
Round 48 | Client 1 | Model: (CNN) | Acc: 97.67%
Round 48 | Client 2 | Model: (ResNet8) | Acc: 67.72%
Round 48 | Client 3 | Model: (ResNet18) | Acc: 98.76%
Round 48 | Client 4 | Model: (MobileNetV2) | Acc: 96.15%
Round 48 | Client 5 | Model: (MobileNetV3) | Acc: 88.85%
Round 48 | Client 6 | Model: (LeNet) | Acc: 98.69%
Round 48 | Client 7 | Model: (AlexNet) | Acc: 98.95%
Round 48 | Client 8 | Model: (ShuffleNet) | Acc: 70.27%
Round 48 | Client 9 | Model: (SqueezeNet) | Acc: 97.70%
Round 48 | Client 11 | Model: (MLP) | Acc: 80.18%
Round 48 | Client 12 | Model: (CNN) | Acc: 84.20%
Round 48 | Client 13 | Model: (ResNet8) | Acc: 83.32%
Round 48 | Client 14 | Model: (ResNet18) | Acc: 83.39%
Round 48 | Client 15 | Model: (MobileNetV2) | Acc: 83.87%
Round 48 | Client 16 | Model: (MobileNetV3) | Acc: 78.37%
Round 48 | Client 17 | Model: (LeNet) | Acc: 83.48%
Round 48 | Client 18 | Model: (AlexNet) | Acc: 82.56%
Round 48 | Client 19 | Model: (ShuffleNet) | Acc: 83.24%
Round 48 | Client 20 | Model: (SqueezeNet) | Acc: 83.89%
Round 48 | Client 22 | Model: (MLP) | Acc: 43.05%
Round 48 | Client 23 | Model: (CNN) | Acc: 40.33%
Round 48 | Client 24 | Model: (ResNet8) | Acc: 64.03%
Round 48 | Client 25 | Model: (ResNet18) | Acc: 60.04%
Round 48 | Client 26 | Model: (MobileNetV2) | Acc: 40.29%
Round 48 | Client 27 | Model: (MobileNetV3) | Acc: 49.03%
Round 48 | Client 28 | Model: (LeNet) | Acc: 53.47%
Round 48 | Client 29 | Model: (AlexNet) | Acc: 56.32%
Round 48 | Client 30 | Model: (ShuffleNet) | Acc: 40.46%
Round 48 | Client 31 | Model: (SqueezeNet) | Acc: 42.92%
[Server] Aggregating by Dataset Name ...
[Server] Training Image-Based Global Generator...
  Epoch 1/10 | Loss: 1.1263
  Epoch 2/10 | Loss: 1.0242
  Epoch 3/10 | Loss: 0.7540
  Epoch 4/10 | Loss: 0.8869
  Epoch 5/10 | Loss: 0.8168
  Epoch 6/10 | Loss: 0.6265
  Epoch 7/10 | Loss: 0.7486
  Epoch 8/10 | Loss: 0.6054
  Epoch 9/10 | Loss: 0.8220
  Epoch 10/10 | Loss: 0.6879
[Server] Image-Based Global Generator training finished.
[Server] Training Final Global Inference Model ...
Detected 72 global classes: [0, 1, 2, 3, 4, 5, 6, 7, 8, 9, 10, 11, 12, 13, 14, 15, 16, 17, 18, 19, 20, 21, 22, 23, 24, 25, 26, 27, 28, 29, 30, 31, 32, 33, 34, 35, 36, 37, 38, 39, 40, 41, 42, 43, 44, 45, 46, 47, 48, 49, 50, 51, 52, 53, 54, 55, 56, 57, 58, 59, 60, 61, 62, 63, 64, 65, 66, 67, 68, 69, 70, 71]
Epoch 0 Loss: 0.4803
Epoch 1 Loss: 0.5167
Epoch 2 Loss: 0.4845
Epoch 3 Loss: 0.5385
Epoch 4 Loss: 0.5092
[Server] Global Inference Model Acc (MNIST) (Round 48): 0.57% (Tested on 9095 samples)
[Server] Global Inference Model Acc (EMNIST) (Round 48): 3.01% (Tested on 105779 samples)
[Server] Global Inference Model Acc (CIFAR10) (Round 48): 7.47% (Tested on 9100 samples)
[Server] Global Inference Model Acc (Mix) (Round 48): 3.16% (Tested on 123974 samples)
Selected client ids: [0, 1, 2, 3, 4, 5, 6, 7, 8, 9, 10, 11, 12, 13, 14, 15, 16, 17, 18, 19, 20, 21, 22, 23, 24, 25, 26, 27, 28, 29]
--- Round 49 ---
Round 49 | Client 0 | Model: (MLP) | Acc: 95.09%
Round 49 | Client 1 | Model: (CNN) | Acc: 82.06%
Round 49 | Client 2 | Model: (ResNet8) | Acc: 91.73%
Round 49 | Client 3 | Model: (ResNet18) | Acc: 98.76%
Round 49 | Client 4 | Model: (MobileNetV2) | Acc: 96.15%
Round 49 | Client 5 | Model: (MobileNetV3) | Acc: 92.20%
Round 49 | Client 6 | Model: (LeNet) | Acc: 98.80%
Round 49 | Client 7 | Model: (AlexNet) | Acc: 98.95%
Round 49 | Client 8 | Model: (ShuffleNet) | Acc: 74.83%
Round 49 | Client 9 | Model: (SqueezeNet) | Acc: 96.39%
Round 49 | Client 11 | Model: (MLP) | Acc: 79.82%
Round 49 | Client 12 | Model: (CNN) | Acc: 84.27%
Round 49 | Client 13 | Model: (ResNet8) | Acc: 83.86%
Round 49 | Client 14 | Model: (ResNet18) | Acc: 84.44%
Round 49 | Client 15 | Model: (MobileNetV2) | Acc: 84.12%
Round 49 | Client 16 | Model: (MobileNetV3) | Acc: 78.66%
Round 49 | Client 17 | Model: (LeNet) | Acc: 83.12%
Round 49 | Client 18 | Model: (AlexNet) | Acc: 82.77%
Round 49 | Client 19 | Model: (ShuffleNet) | Acc: 83.64%
Round 49 | Client 20 | Model: (SqueezeNet) | Acc: 83.64%
Round 49 | Client 22 | Model: (MLP) | Acc: 42.81%
Round 49 | Client 23 | Model: (CNN) | Acc: 50.66%
Round 49 | Client 24 | Model: (ResNet8) | Acc: 64.13%
Round 49 | Client 25 | Model: (ResNet18) | Acc: 60.38%
Round 49 | Client 26 | Model: (MobileNetV2) | Acc: 40.92%
Round 49 | Client 27 | Model: (MobileNetV3) | Acc: 48.50%
Round 49 | Client 28 | Model: (LeNet) | Acc: 52.70%
Round 49 | Client 29 | Model: (AlexNet) | Acc: 56.54%
Round 49 | Client 30 | Model: (ShuffleNet) | Acc: 40.02%
Round 49 | Client 31 | Model: (SqueezeNet) | Acc: 42.47%
[Server] Aggregating by Dataset Name ...
[Server] Training Image-Based Global Generator...
  Epoch 1/10 | Loss: 1.3186
  Epoch 2/10 | Loss: 0.9886
  Epoch 3/10 | Loss: 0.7430
  Epoch 4/10 | Loss: 0.8968
  Epoch 5/10 | Loss: 0.9115
  Epoch 6/10 | Loss: 0.7125
  Epoch 7/10 | Loss: 0.6440
  Epoch 8/10 | Loss: 0.9411
  Epoch 9/10 | Loss: 0.7199
  Epoch 10/10 | Loss: 0.6611
[Server] Image-Based Global Generator training finished.
[Server] Training Final Global Inference Model ...
Detected 72 global classes: [0, 1, 2, 3, 4, 5, 6, 7, 8, 9, 10, 11, 12, 13, 14, 15, 16, 17, 18, 19, 20, 21, 22, 23, 24, 25, 26, 27, 28, 29, 30, 31, 32, 33, 34, 35, 36, 37, 38, 39, 40, 41, 42, 43, 44, 45, 46, 47, 48, 49, 50, 51, 52, 53, 54, 55, 56, 57, 58, 59, 60, 61, 62, 63, 64, 65, 66, 67, 68, 69, 70, 71]
Epoch 0 Loss: 0.6766
Epoch 1 Loss: 0.4817
Epoch 2 Loss: 0.5165
Epoch 3 Loss: 0.4441
Epoch 4 Loss: 0.4150
[Server] Global Inference Model Acc (MNIST) (Round 49): 1.30% (Tested on 9095 samples)
[Server] Global Inference Model Acc (EMNIST) (Round 49): 3.49% (Tested on 105779 samples)
[Server] Global Inference Model Acc (CIFAR10) (Round 49): 7.18% (Tested on 9100 samples)
[Server] Global Inference Model Acc (Mix) (Round 49): 3.60% (Tested on 123974 samples)
Selected client ids: [0, 1, 2, 3, 4, 5, 6, 7, 8, 9, 10, 11, 12, 13, 14, 15, 16, 17, 18, 19, 20, 21, 22, 23, 24, 25, 26, 27, 28, 29]
--- Round 50 ---
Round 50 | Client 0 | Model: (MLP) | Acc: 93.78%
Round 50 | Client 1 | Model: (CNN) | Acc: 44.52%
Round 50 | Client 2 | Model: (ResNet8) | Acc: 93.66%
Round 50 | Client 3 | Model: (ResNet18) | Acc: 98.53%
Round 50 | Client 4 | Model: (MobileNetV2) | Acc: 96.57%
Round 50 | Client 5 | Model: (MobileNetV3) | Acc: 92.08%
Round 50 | Client 6 | Model: (LeNet) | Acc: 98.80%
Round 50 | Client 7 | Model: (AlexNet) | Acc: 98.95%
Round 50 | Client 8 | Model: (ShuffleNet) | Acc: 73.50%
Round 50 | Client 9 | Model: (SqueezeNet) | Acc: 98.03%
Round 50 | Client 11 | Model: (MLP) | Acc: 80.33%
Round 50 | Client 12 | Model: (CNN) | Acc: 84.04%
Round 50 | Client 13 | Model: (ResNet8) | Acc: 82.52%
Round 50 | Client 14 | Model: (ResNet18) | Acc: 83.83%
Round 50 | Client 15 | Model: (MobileNetV2) | Acc: 84.19%
Round 50 | Client 16 | Model: (MobileNetV3) | Acc: 79.03%
Round 50 | Client 17 | Model: (LeNet) | Acc: 83.01%
Round 50 | Client 18 | Model: (AlexNet) | Acc: 82.16%
Round 50 | Client 19 | Model: (ShuffleNet) | Acc: 83.24%
Round 50 | Client 20 | Model: (SqueezeNet) | Acc: 83.88%
Round 50 | Client 22 | Model: (MLP) | Acc: 43.05%
Round 50 | Client 23 | Model: (CNN) | Acc: 58.35%
Round 50 | Client 24 | Model: (ResNet8) | Acc: 63.81%
Round 50 | Client 25 | Model: (ResNet18) | Acc: 60.16%
Round 50 | Client 26 | Model: (MobileNetV2) | Acc: 40.08%
Round 50 | Client 27 | Model: (MobileNetV3) | Acc: 48.07%
Round 50 | Client 28 | Model: (LeNet) | Acc: 53.36%
Round 50 | Client 29 | Model: (AlexNet) | Acc: 56.54%
Round 50 | Client 30 | Model: (ShuffleNet) | Acc: 42.98%
Round 50 | Client 31 | Model: (SqueezeNet) | Acc: 39.21%
[Server] Aggregating by Dataset Name ...
[Server] Training Image-Based Global Generator...
  Epoch 1/10 | Loss: 0.6621
  Epoch 2/10 | Loss: 0.5532
  Epoch 3/10 | Loss: 0.3686
  Epoch 4/10 | Loss: 0.3697
  Epoch 5/10 | Loss: 0.4698
  Epoch 6/10 | Loss: 0.5496
  Epoch 7/10 | Loss: 0.6435
  Epoch 8/10 | Loss: 0.5765
  Epoch 9/10 | Loss: 0.7211
  Epoch 10/10 | Loss: 0.3994
[Server] Image-Based Global Generator training finished.
[Server] Training Final Global Inference Model ...
Detected 72 global classes: [0, 1, 2, 3, 4, 5, 6, 7, 8, 9, 10, 11, 12, 13, 14, 15, 16, 17, 18, 19, 20, 21, 22, 23, 24, 25, 26, 27, 28, 29, 30, 31, 32, 33, 34, 35, 36, 37, 38, 39, 40, 41, 42, 43, 44, 45, 46, 47, 48, 49, 50, 51, 52, 53, 54, 55, 56, 57, 58, 59, 60, 61, 62, 63, 64, 65, 66, 67, 68, 69, 70, 71]
Epoch 0 Loss: 0.4755
Epoch 1 Loss: 0.4101
Epoch 2 Loss: 0.4330
Epoch 3 Loss: 0.4017
Epoch 4 Loss: 0.3560
[Server] Global Inference Model Acc (MNIST) (Round 50): 0.01% (Tested on 9095 samples)
[Server] Global Inference Model Acc (EMNIST) (Round 50): 4.49% (Tested on 105779 samples)
[Server] Global Inference Model Acc (CIFAR10) (Round 50): 6.38% (Tested on 9100 samples)
[Server] Global Inference Model Acc (Mix) (Round 50): 4.30% (Tested on 123974 samples)
Selected client ids: [0, 1, 2, 3, 4, 5, 6, 7, 8, 9, 10, 11, 12, 13, 14, 15, 16, 17, 18, 19, 20, 21, 22, 23, 24, 25, 26, 27, 28, 29]
--- Round 51 ---
Round 51 | Client 0 | Model: (MLP) | Acc: 94.98%
Round 51 | Client 1 | Model: (CNN) | Acc: 70.21%
Round 51 | Client 2 | Model: (ResNet8) | Acc: 98.30%
Round 51 | Client 3 | Model: (ResNet18) | Acc: 98.98%
Round 51 | Client 4 | Model: (MobileNetV2) | Acc: 96.47%
Round 51 | Client 5 | Model: (MobileNetV3) | Acc: 90.19%
Round 51 | Client 6 | Model: (LeNet) | Acc: 98.80%
Round 51 | Client 7 | Model: (AlexNet) | Acc: 98.95%
Round 51 | Client 8 | Model: (ShuffleNet) | Acc: 73.61%
Round 51 | Client 9 | Model: (SqueezeNet) | Acc: 96.83%
Round 51 | Client 11 | Model: (MLP) | Acc: 80.40%
Round 51 | Client 12 | Model: (CNN) | Acc: 83.89%
Round 51 | Client 13 | Model: (ResNet8) | Acc: 83.86%
Round 51 | Client 14 | Model: (ResNet18) | Acc: 84.15%
Round 51 | Client 15 | Model: (MobileNetV2) | Acc: 84.29%
Round 51 | Client 16 | Model: (MobileNetV3) | Acc: 77.41%
Round 51 | Client 17 | Model: (LeNet) | Acc: 82.86%
Round 51 | Client 18 | Model: (AlexNet) | Acc: 82.26%
Round 51 | Client 19 | Model: (ShuffleNet) | Acc: 83.31%
Round 51 | Client 20 | Model: (SqueezeNet) | Acc: 82.76%
Round 51 | Client 22 | Model: (MLP) | Acc: 43.29%
Round 51 | Client 23 | Model: (CNN) | Acc: 54.62%
Round 51 | Client 24 | Model: (ResNet8) | Acc: 63.81%
Round 51 | Client 25 | Model: (ResNet18) | Acc: 61.38%
Round 51 | Client 26 | Model: (MobileNetV2) | Acc: 42.29%
Round 51 | Client 27 | Model: (MobileNetV3) | Acc: 47.32%
Round 51 | Client 28 | Model: (LeNet) | Acc: 54.79%
Round 51 | Client 29 | Model: (AlexNet) | Acc: 56.54%
Round 51 | Client 30 | Model: (ShuffleNet) | Acc: 39.04%
Round 51 | Client 31 | Model: (SqueezeNet) | Acc: 41.12%
[Server] Aggregating by Dataset Name ...
[Server] Training Image-Based Global Generator...
  Epoch 1/10 | Loss: 0.8660
  Epoch 2/10 | Loss: 0.7082
  Epoch 3/10 | Loss: 0.4007
  Epoch 4/10 | Loss: 0.6460
  Epoch 5/10 | Loss: 0.4518
  Epoch 6/10 | Loss: 0.4767
  Epoch 7/10 | Loss: 0.6289
  Epoch 8/10 | Loss: 0.5090
  Epoch 9/10 | Loss: 0.4900
  Epoch 10/10 | Loss: 0.4422
[Server] Image-Based Global Generator training finished.
[Server] Training Final Global Inference Model ...
Detected 72 global classes: [0, 1, 2, 3, 4, 5, 6, 7, 8, 9, 10, 11, 12, 13, 14, 15, 16, 17, 18, 19, 20, 21, 22, 23, 24, 25, 26, 27, 28, 29, 30, 31, 32, 33, 34, 35, 36, 37, 38, 39, 40, 41, 42, 43, 44, 45, 46, 47, 48, 49, 50, 51, 52, 53, 54, 55, 56, 57, 58, 59, 60, 61, 62, 63, 64, 65, 66, 67, 68, 69, 70, 71]
Epoch 0 Loss: 0.3504
Epoch 1 Loss: 0.3393
Epoch 2 Loss: 0.2711
Epoch 3 Loss: 0.3096
Epoch 4 Loss: 0.4753
[Server] Global Inference Model Acc (MNIST) (Round 51): 0.01% (Tested on 9095 samples)
[Server] Global Inference Model Acc (EMNIST) (Round 51): 3.86% (Tested on 105779 samples)
[Server] Global Inference Model Acc (CIFAR10) (Round 51): 2.58% (Tested on 9100 samples)
[Server] Global Inference Model Acc (Mix) (Round 51): 3.49% (Tested on 123974 samples)
Selected client ids: [0, 1, 2, 3, 4, 5, 6, 7, 8, 9, 10, 11, 12, 13, 14, 15, 16, 17, 18, 19, 20, 21, 22, 23, 24, 25, 26, 27, 28, 29]
--- Round 52 ---
Round 52 | Client 0 | Model: (MLP) | Acc: 96.40%
Round 52 | Client 1 | Model: (CNN) | Acc: 71.32%
Round 52 | Client 2 | Model: (ResNet8) | Acc: 98.41%
Round 52 | Client 3 | Model: (ResNet18) | Acc: 98.76%
Round 52 | Client 4 | Model: (MobileNetV2) | Acc: 96.25%
Round 52 | Client 5 | Model: (MobileNetV3) | Acc: 92.42%
Round 52 | Client 6 | Model: (LeNet) | Acc: 98.80%
Round 52 | Client 7 | Model: (AlexNet) | Acc: 98.95%
Round 52 | Client 8 | Model: (ShuffleNet) | Acc: 71.94%
Round 52 | Client 9 | Model: (SqueezeNet) | Acc: 97.05%
Round 52 | Client 11 | Model: (MLP) | Acc: 79.88%
Round 52 | Client 12 | Model: (CNN) | Acc: 84.15%
Round 52 | Client 13 | Model: (ResNet8) | Acc: 83.58%
Round 52 | Client 14 | Model: (ResNet18) | Acc: 83.98%
Round 52 | Client 15 | Model: (MobileNetV2) | Acc: 83.25%
Round 52 | Client 16 | Model: (MobileNetV3) | Acc: 79.16%
Round 52 | Client 17 | Model: (LeNet) | Acc: 83.11%
Round 52 | Client 18 | Model: (AlexNet) | Acc: 82.22%
Round 52 | Client 19 | Model: (ShuffleNet) | Acc: 83.09%
Round 52 | Client 20 | Model: (SqueezeNet) | Acc: 83.55%
Round 52 | Client 22 | Model: (MLP) | Acc: 42.57%
Round 52 | Client 23 | Model: (CNN) | Acc: 52.97%
Round 52 | Client 24 | Model: (ResNet8) | Acc: 63.81%
Round 52 | Client 25 | Model: (ResNet18) | Acc: 61.04%
Round 52 | Client 26 | Model: (MobileNetV2) | Acc: 41.24%
Round 52 | Client 27 | Model: (MobileNetV3) | Acc: 48.50%
Round 52 | Client 28 | Model: (LeNet) | Acc: 52.59%
Round 52 | Client 29 | Model: (AlexNet) | Acc: 56.54%
Round 52 | Client 30 | Model: (ShuffleNet) | Acc: 39.04%
Round 52 | Client 31 | Model: (SqueezeNet) | Acc: 42.92%
[Server] Aggregating by Dataset Name ...
[Server] Training Image-Based Global Generator...
  Epoch 1/10 | Loss: 0.4996
  Epoch 2/10 | Loss: 0.3777
  Epoch 3/10 | Loss: 0.3715
  Epoch 4/10 | Loss: 0.4805
  Epoch 5/10 | Loss: 0.4628
  Epoch 6/10 | Loss: 0.5711
  Epoch 7/10 | Loss: 0.5077
  Epoch 8/10 | Loss: 0.3704
  Epoch 9/10 | Loss: 0.3909
  Epoch 10/10 | Loss: 0.4048
[Server] Image-Based Global Generator training finished.
[Server] Training Final Global Inference Model ...
Detected 72 global classes: [0, 1, 2, 3, 4, 5, 6, 7, 8, 9, 10, 11, 12, 13, 14, 15, 16, 17, 18, 19, 20, 21, 22, 23, 24, 25, 26, 27, 28, 29, 30, 31, 32, 33, 34, 35, 36, 37, 38, 39, 40, 41, 42, 43, 44, 45, 46, 47, 48, 49, 50, 51, 52, 53, 54, 55, 56, 57, 58, 59, 60, 61, 62, 63, 64, 65, 66, 67, 68, 69, 70, 71]
Epoch 0 Loss: 0.4307
Epoch 1 Loss: 0.4953
Epoch 2 Loss: 0.4425
Epoch 3 Loss: 0.2062
Epoch 4 Loss: 0.3208
[Server] Global Inference Model Acc (MNIST) (Round 52): 0.18% (Tested on 9095 samples)
[Server] Global Inference Model Acc (EMNIST) (Round 52): 3.12% (Tested on 105779 samples)
[Server] Global Inference Model Acc (CIFAR10) (Round 52): 2.77% (Tested on 9100 samples)
[Server] Global Inference Model Acc (Mix) (Round 52): 2.87% (Tested on 123974 samples)
Selected client ids: [0, 1, 2, 3, 4, 5, 6, 7, 8, 9, 10, 11, 12, 13, 14, 15, 16, 17, 18, 19, 20, 21, 22, 23, 24, 25, 26, 27, 28, 29]
--- Round 53 ---
Round 53 | Client 0 | Model: (MLP) | Acc: 94.66%
Round 53 | Client 1 | Model: (CNN) | Acc: 87.49%
Round 53 | Client 2 | Model: (ResNet8) | Acc: 98.41%
Round 53 | Client 3 | Model: (ResNet18) | Acc: 98.30%
Round 53 | Client 4 | Model: (MobileNetV2) | Acc: 97.11%
Round 53 | Client 5 | Model: (MobileNetV3) | Acc: 92.20%
Round 53 | Client 6 | Model: (LeNet) | Acc: 98.80%
Round 53 | Client 7 | Model: (AlexNet) | Acc: 98.95%
Round 53 | Client 8 | Model: (ShuffleNet) | Acc: 72.27%
Round 53 | Client 9 | Model: (SqueezeNet) | Acc: 98.25%
Round 53 | Client 11 | Model: (MLP) | Acc: 79.43%
Round 53 | Client 12 | Model: (CNN) | Acc: 82.65%
Round 53 | Client 13 | Model: (ResNet8) | Acc: 83.36%
Round 53 | Client 14 | Model: (ResNet18) | Acc: 84.32%
Round 53 | Client 15 | Model: (MobileNetV2) | Acc: 83.47%
Round 53 | Client 16 | Model: (MobileNetV3) | Acc: 75.19%
Round 53 | Client 17 | Model: (LeNet) | Acc: 83.20%
Round 53 | Client 18 | Model: (AlexNet) | Acc: 82.10%
Round 53 | Client 19 | Model: (ShuffleNet) | Acc: 82.14%
Round 53 | Client 20 | Model: (SqueezeNet) | Acc: 84.30%
Round 53 | Client 22 | Model: (MLP) | Acc: 42.69%
Round 53 | Client 23 | Model: (CNN) | Acc: 61.10%
Round 53 | Client 24 | Model: (ResNet8) | Acc: 64.35%
Round 53 | Client 25 | Model: (ResNet18) | Acc: 62.82%
Round 53 | Client 26 | Model: (MobileNetV2) | Acc: 39.14%
Round 53 | Client 27 | Model: (MobileNetV3) | Acc: 47.00%
Round 53 | Client 28 | Model: (LeNet) | Acc: 51.82%
Round 53 | Client 29 | Model: (AlexNet) | Acc: 56.65%
Round 53 | Client 30 | Model: (ShuffleNet) | Acc: 40.57%
Round 53 | Client 31 | Model: (SqueezeNet) | Acc: 42.13%
[Server] Aggregating by Dataset Name ...
[Server] Training Image-Based Global Generator...
  Epoch 1/10 | Loss: 0.6648
  Epoch 2/10 | Loss: 0.4883
  Epoch 3/10 | Loss: 0.5167
  Epoch 4/10 | Loss: 0.3327
  Epoch 5/10 | Loss: 0.5267
  Epoch 6/10 | Loss: 0.3034
  Epoch 7/10 | Loss: 0.3828
  Epoch 8/10 | Loss: 0.2575
  Epoch 9/10 | Loss: 0.4546
  Epoch 10/10 | Loss: 0.3119
[Server] Image-Based Global Generator training finished.
[Server] Training Final Global Inference Model ...
Detected 72 global classes: [0, 1, 2, 3, 4, 5, 6, 7, 8, 9, 10, 11, 12, 13, 14, 15, 16, 17, 18, 19, 20, 21, 22, 23, 24, 25, 26, 27, 28, 29, 30, 31, 32, 33, 34, 35, 36, 37, 38, 39, 40, 41, 42, 43, 44, 45, 46, 47, 48, 49, 50, 51, 52, 53, 54, 55, 56, 57, 58, 59, 60, 61, 62, 63, 64, 65, 66, 67, 68, 69, 70, 71]
Epoch 0 Loss: 0.3230
Epoch 1 Loss: 0.3634
Epoch 2 Loss: 0.3142
Epoch 3 Loss: 0.2292
Epoch 4 Loss: 0.2991
[Server] Global Inference Model Acc (MNIST) (Round 53): 1.09% (Tested on 9095 samples)
[Server] Global Inference Model Acc (EMNIST) (Round 53): 1.97% (Tested on 105779 samples)
[Server] Global Inference Model Acc (CIFAR10) (Round 53): 3.70% (Tested on 9100 samples)
[Server] Global Inference Model Acc (Mix) (Round 53): 2.03% (Tested on 123974 samples)
Selected client ids: [0, 1, 2, 3, 4, 5, 6, 7, 8, 9, 10, 11, 12, 13, 14, 15, 16, 17, 18, 19, 20, 21, 22, 23, 24, 25, 26, 27, 28, 29]
--- Round 54 ---
Round 54 | Client 0 | Model: (MLP) | Acc: 96.07%
Round 54 | Client 1 | Model: (CNN) | Acc: 97.79%
Round 54 | Client 2 | Model: (ResNet8) | Acc: 98.64%
Round 54 | Client 3 | Model: (ResNet18) | Acc: 98.87%
Round 54 | Client 4 | Model: (MobileNetV2) | Acc: 95.72%
Round 54 | Client 5 | Model: (MobileNetV3) | Acc: 91.86%
Round 54 | Client 6 | Model: (LeNet) | Acc: 98.69%
Round 54 | Client 7 | Model: (AlexNet) | Acc: 98.95%
Round 54 | Client 8 | Model: (ShuffleNet) | Acc: 72.94%
Round 54 | Client 9 | Model: (SqueezeNet) | Acc: 97.92%
Round 54 | Client 11 | Model: (MLP) | Acc: 79.37%
Round 54 | Client 12 | Model: (CNN) | Acc: 84.82%
Round 54 | Client 13 | Model: (ResNet8) | Acc: 82.95%
Round 54 | Client 14 | Model: (ResNet18) | Acc: 84.66%
Round 54 | Client 15 | Model: (MobileNetV2) | Acc: 83.73%
Round 54 | Client 16 | Model: (MobileNetV3) | Acc: 78.60%
Round 54 | Client 17 | Model: (LeNet) | Acc: 82.80%
Round 54 | Client 18 | Model: (AlexNet) | Acc: 82.04%
Round 54 | Client 19 | Model: (ShuffleNet) | Acc: 83.45%
Round 54 | Client 20 | Model: (SqueezeNet) | Acc: 83.56%
Round 54 | Client 22 | Model: (MLP) | Acc: 42.81%
Round 54 | Client 23 | Model: (CNN) | Acc: 61.32%
Round 54 | Client 24 | Model: (ResNet8) | Acc: 64.35%
Round 54 | Client 25 | Model: (ResNet18) | Acc: 61.27%
Round 54 | Client 26 | Model: (MobileNetV2) | Acc: 41.97%
Round 54 | Client 27 | Model: (MobileNetV3) | Acc: 48.18%
Round 54 | Client 28 | Model: (LeNet) | Acc: 52.37%
Round 54 | Client 29 | Model: (AlexNet) | Acc: 56.54%
Round 54 | Client 30 | Model: (ShuffleNet) | Acc: 37.39%
Round 54 | Client 31 | Model: (SqueezeNet) | Acc: 41.01%
[Server] Aggregating by Dataset Name ...
[Server] Training Image-Based Global Generator...
  Epoch 1/10 | Loss: 0.3420
  Epoch 2/10 | Loss: 0.3033
  Epoch 3/10 | Loss: 0.3665
  Epoch 4/10 | Loss: 0.2858
  Epoch 5/10 | Loss: 0.3149
  Epoch 6/10 | Loss: 0.3207
  Epoch 7/10 | Loss: 0.3667
  Epoch 8/10 | Loss: 0.4307
  Epoch 9/10 | Loss: 0.2253
  Epoch 10/10 | Loss: 0.2721
[Server] Image-Based Global Generator training finished.
[Server] Training Final Global Inference Model ...
Detected 72 global classes: [0, 1, 2, 3, 4, 5, 6, 7, 8, 9, 10, 11, 12, 13, 14, 15, 16, 17, 18, 19, 20, 21, 22, 23, 24, 25, 26, 27, 28, 29, 30, 31, 32, 33, 34, 35, 36, 37, 38, 39, 40, 41, 42, 43, 44, 45, 46, 47, 48, 49, 50, 51, 52, 53, 54, 55, 56, 57, 58, 59, 60, 61, 62, 63, 64, 65, 66, 67, 68, 69, 70, 71]
Epoch 0 Loss: 0.4033
Epoch 1 Loss: 0.2167
Epoch 2 Loss: 0.3942
Epoch 3 Loss: 0.1853
Epoch 4 Loss: 0.2339
[Server] Global Inference Model Acc (MNIST) (Round 54): 0.93% (Tested on 9095 samples)
[Server] Global Inference Model Acc (EMNIST) (Round 54): 3.86% (Tested on 105779 samples)
[Server] Global Inference Model Acc (CIFAR10) (Round 54): 3.32% (Tested on 9100 samples)
[Server] Global Inference Model Acc (Mix) (Round 54): 3.60% (Tested on 123974 samples)
Selected client ids: [0, 1, 2, 3, 4, 5, 6, 7, 8, 9, 10, 11, 12, 13, 14, 15, 16, 17, 18, 19, 20, 21, 22, 23, 24, 25, 26, 27, 28, 29]
--- Round 55 ---
Round 55 | Client 0 | Model: (MLP) | Acc: 94.55%
Round 55 | Client 1 | Model: (CNN) | Acc: 97.23%
Round 55 | Client 2 | Model: (ResNet8) | Acc: 98.41%
Round 55 | Client 3 | Model: (ResNet18) | Acc: 97.96%
Round 55 | Client 4 | Model: (MobileNetV2) | Acc: 97.11%
Round 55 | Client 5 | Model: (MobileNetV3) | Acc: 92.53%
Round 55 | Client 6 | Model: (LeNet) | Acc: 98.69%
Round 55 | Client 7 | Model: (AlexNet) | Acc: 98.95%
Round 55 | Client 8 | Model: (ShuffleNet) | Acc: 73.16%
Round 55 | Client 9 | Model: (SqueezeNet) | Acc: 97.05%
Round 55 | Client 11 | Model: (MLP) | Acc: 80.20%
Round 55 | Client 12 | Model: (CNN) | Acc: 84.62%
Round 55 | Client 13 | Model: (ResNet8) | Acc: 83.64%
Round 55 | Client 14 | Model: (ResNet18) | Acc: 84.34%
Round 55 | Client 15 | Model: (MobileNetV2) | Acc: 83.26%
Round 55 | Client 16 | Model: (MobileNetV3) | Acc: 79.96%
Round 55 | Client 17 | Model: (LeNet) | Acc: 83.31%
Round 55 | Client 18 | Model: (AlexNet) | Acc: 81.88%
Round 55 | Client 19 | Model: (ShuffleNet) | Acc: 83.12%
Round 55 | Client 20 | Model: (SqueezeNet) | Acc: 83.76%
Round 55 | Client 22 | Model: (MLP) | Acc: 42.81%
Round 55 | Client 23 | Model: (CNN) | Acc: 59.45%
Round 55 | Client 24 | Model: (ResNet8) | Acc: 64.35%
Round 55 | Client 25 | Model: (ResNet18) | Acc: 59.05%
Round 55 | Client 26 | Model: (MobileNetV2) | Acc: 40.71%
Round 55 | Client 27 | Model: (MobileNetV3) | Acc: 48.18%
Round 55 | Client 28 | Model: (LeNet) | Acc: 51.49%
Round 55 | Client 29 | Model: (AlexNet) | Acc: 56.65%
Round 55 | Client 30 | Model: (ShuffleNet) | Acc: 38.71%
Round 55 | Client 31 | Model: (SqueezeNet) | Acc: 41.69%
[Server] Aggregating by Dataset Name ...
[Server] Training Image-Based Global Generator...
  Epoch 1/10 | Loss: 0.5430
  Epoch 2/10 | Loss: 0.2542
  Epoch 3/10 | Loss: 0.2499
  Epoch 4/10 | Loss: 0.3904
  Epoch 5/10 | Loss: 0.3277
  Epoch 6/10 | Loss: 0.3250
  Epoch 7/10 | Loss: 0.2274
  Epoch 8/10 | Loss: 0.2386
  Epoch 9/10 | Loss: 0.3763
  Epoch 10/10 | Loss: 0.3287
[Server] Image-Based Global Generator training finished.
[Server] Training Final Global Inference Model ...
Detected 72 global classes: [0, 1, 2, 3, 4, 5, 6, 7, 8, 9, 10, 11, 12, 13, 14, 15, 16, 17, 18, 19, 20, 21, 22, 23, 24, 25, 26, 27, 28, 29, 30, 31, 32, 33, 34, 35, 36, 37, 38, 39, 40, 41, 42, 43, 44, 45, 46, 47, 48, 49, 50, 51, 52, 53, 54, 55, 56, 57, 58, 59, 60, 61, 62, 63, 64, 65, 66, 67, 68, 69, 70, 71]
Epoch 0 Loss: 0.3331
Epoch 1 Loss: 0.2940
Epoch 2 Loss: 0.2799
Epoch 3 Loss: 0.3420
Epoch 4 Loss: 0.2804
[Server] Global Inference Model Acc (MNIST) (Round 55): 0.66% (Tested on 9095 samples)
[Server] Global Inference Model Acc (EMNIST) (Round 55): 4.65% (Tested on 105779 samples)
[Server] Global Inference Model Acc (CIFAR10) (Round 55): 3.65% (Tested on 9100 samples)
[Server] Global Inference Model Acc (Mix) (Round 55): 4.28% (Tested on 123974 samples)
Selected client ids: [0, 1, 2, 3, 4, 5, 6, 7, 8, 9, 10, 11, 12, 13, 14, 15, 16, 17, 18, 19, 20, 21, 22, 23, 24, 25, 26, 27, 28, 29]
--- Round 56 ---
Round 56 | Client 0 | Model: (MLP) | Acc: 94.77%
Round 56 | Client 1 | Model: (CNN) | Acc: 97.67%
Round 56 | Client 2 | Model: (ResNet8) | Acc: 98.41%
Round 56 | Client 3 | Model: (ResNet18) | Acc: 97.85%
Round 56 | Client 4 | Model: (MobileNetV2) | Acc: 96.79%
Round 56 | Client 5 | Model: (MobileNetV3) | Acc: 91.42%
Round 56 | Client 6 | Model: (LeNet) | Acc: 98.69%
Round 56 | Client 7 | Model: (AlexNet) | Acc: 98.74%
Round 56 | Client 8 | Model: (ShuffleNet) | Acc: 75.72%
Round 56 | Client 9 | Model: (SqueezeNet) | Acc: 96.28%
Round 56 | Client 11 | Model: (MLP) | Acc: 80.17%
Round 56 | Client 12 | Model: (CNN) | Acc: 83.83%
Round 56 | Client 13 | Model: (ResNet8) | Acc: 83.10%
Round 56 | Client 14 | Model: (ResNet18) | Acc: 84.64%
Round 56 | Client 15 | Model: (MobileNetV2) | Acc: 83.58%
Round 56 | Client 16 | Model: (MobileNetV3) | Acc: 78.08%
Round 56 | Client 17 | Model: (LeNet) | Acc: 82.57%
Round 56 | Client 18 | Model: (AlexNet) | Acc: 82.19%
Round 56 | Client 19 | Model: (ShuffleNet) | Acc: 83.12%
Round 56 | Client 20 | Model: (SqueezeNet) | Acc: 83.63%
Round 56 | Client 22 | Model: (MLP) | Acc: 42.81%
Round 56 | Client 23 | Model: (CNN) | Acc: 60.77%
Round 56 | Client 24 | Model: (ResNet8) | Acc: 64.56%
Round 56 | Client 25 | Model: (ResNet18) | Acc: 61.04%
Round 56 | Client 26 | Model: (MobileNetV2) | Acc: 37.78%
Round 56 | Client 27 | Model: (MobileNetV3) | Acc: 47.21%
Round 56 | Client 28 | Model: (LeNet) | Acc: 53.03%
Round 56 | Client 29 | Model: (AlexNet) | Acc: 56.76%
Round 56 | Client 30 | Model: (ShuffleNet) | Acc: 41.34%
Round 56 | Client 31 | Model: (SqueezeNet) | Acc: 38.88%
[Server] Aggregating by Dataset Name ...
[Server] Training Image-Based Global Generator...
  Epoch 1/10 | Loss: 0.2722
  Epoch 2/10 | Loss: 0.2112
  Epoch 3/10 | Loss: 0.2573
  Epoch 4/10 | Loss: 0.2251
  Epoch 5/10 | Loss: 0.2031
  Epoch 6/10 | Loss: 0.2328
  Epoch 7/10 | Loss: 0.2628
  Epoch 8/10 | Loss: 0.3021
  Epoch 9/10 | Loss: 0.1439
  Epoch 10/10 | Loss: 0.1772
[Server] Image-Based Global Generator training finished.
[Server] Training Final Global Inference Model ...
Detected 72 global classes: [0, 1, 2, 3, 4, 5, 6, 7, 8, 9, 10, 11, 12, 13, 14, 15, 16, 17, 18, 19, 20, 21, 22, 23, 24, 25, 26, 27, 28, 29, 30, 31, 32, 33, 34, 35, 36, 37, 38, 39, 40, 41, 42, 43, 44, 45, 46, 47, 48, 49, 50, 51, 52, 53, 54, 55, 56, 57, 58, 59, 60, 61, 62, 63, 64, 65, 66, 67, 68, 69, 70, 71]
Epoch 0 Loss: 0.2528
Epoch 1 Loss: 0.2386
Epoch 2 Loss: 0.1296
Epoch 3 Loss: 0.3039
Epoch 4 Loss: 0.3040
[Server] Global Inference Model Acc (MNIST) (Round 56): 0.95% (Tested on 9095 samples)
[Server] Global Inference Model Acc (EMNIST) (Round 56): 4.28% (Tested on 105779 samples)
[Server] Global Inference Model Acc (CIFAR10) (Round 56): 4.82% (Tested on 9100 samples)
[Server] Global Inference Model Acc (Mix) (Round 56): 4.08% (Tested on 123974 samples)
Selected client ids: [0, 1, 2, 3, 4, 5, 6, 7, 8, 9, 10, 11, 12, 13, 14, 15, 16, 17, 18, 19, 20, 21, 22, 23, 24, 25, 26, 27, 28, 29]
--- Round 57 ---
Round 57 | Client 0 | Model: (MLP) | Acc: 96.40%
Round 57 | Client 1 | Model: (CNN) | Acc: 97.79%
Round 57 | Client 2 | Model: (ResNet8) | Acc: 97.96%
Round 57 | Client 3 | Model: (ResNet18) | Acc: 98.53%
Round 57 | Client 4 | Model: (MobileNetV2) | Acc: 96.36%
Round 57 | Client 5 | Model: (MobileNetV3) | Acc: 91.30%
Round 57 | Client 6 | Model: (LeNet) | Acc: 98.69%
Round 57 | Client 7 | Model: (AlexNet) | Acc: 98.84%
Round 57 | Client 8 | Model: (ShuffleNet) | Acc: 71.27%
Round 57 | Client 9 | Model: (SqueezeNet) | Acc: 96.28%
Round 57 | Client 11 | Model: (MLP) | Acc: 80.30%
Round 57 | Client 12 | Model: (CNN) | Acc: 84.26%
Round 57 | Client 13 | Model: (ResNet8) | Acc: 83.00%
Round 57 | Client 14 | Model: (ResNet18) | Acc: 84.59%
Round 57 | Client 15 | Model: (MobileNetV2) | Acc: 83.69%
Round 57 | Client 16 | Model: (MobileNetV3) | Acc: 79.28%
Round 57 | Client 17 | Model: (LeNet) | Acc: 83.33%
Round 57 | Client 18 | Model: (AlexNet) | Acc: 82.89%
Round 57 | Client 19 | Model: (ShuffleNet) | Acc: 83.68%
Round 57 | Client 20 | Model: (SqueezeNet) | Acc: 84.24%
Round 57 | Client 22 | Model: (MLP) | Acc: 42.45%
Round 57 | Client 23 | Model: (CNN) | Acc: 60.11%
Round 57 | Client 24 | Model: (ResNet8) | Acc: 64.13%
Round 57 | Client 25 | Model: (ResNet18) | Acc: 61.27%
Round 57 | Client 26 | Model: (MobileNetV2) | Acc: 41.45%
Round 57 | Client 27 | Model: (MobileNetV3) | Acc: 47.53%
Round 57 | Client 28 | Model: (LeNet) | Acc: 53.36%
Round 57 | Client 29 | Model: (AlexNet) | Acc: 56.86%
Round 57 | Client 30 | Model: (ShuffleNet) | Acc: 40.35%
Round 57 | Client 31 | Model: (SqueezeNet) | Acc: 41.01%
[Server] Aggregating by Dataset Name ...
[Server] Training Image-Based Global Generator...
  Epoch 1/10 | Loss: 0.3759
  Epoch 2/10 | Loss: 0.2943
  Epoch 3/10 | Loss: 0.3042
  Epoch 4/10 | Loss: 0.2767
  Epoch 5/10 | Loss: 0.3311
  Epoch 6/10 | Loss: 0.2092
  Epoch 7/10 | Loss: 0.2113
  Epoch 8/10 | Loss: 0.1864
  Epoch 9/10 | Loss: 0.2449
  Epoch 10/10 | Loss: 0.3093
[Server] Image-Based Global Generator training finished.
[Server] Training Final Global Inference Model ...
Detected 72 global classes: [0, 1, 2, 3, 4, 5, 6, 7, 8, 9, 10, 11, 12, 13, 14, 15, 16, 17, 18, 19, 20, 21, 22, 23, 24, 25, 26, 27, 28, 29, 30, 31, 32, 33, 34, 35, 36, 37, 38, 39, 40, 41, 42, 43, 44, 45, 46, 47, 48, 49, 50, 51, 52, 53, 54, 55, 56, 57, 58, 59, 60, 61, 62, 63, 64, 65, 66, 67, 68, 69, 70, 71]
Epoch 0 Loss: 0.3405
Epoch 1 Loss: 0.1445
Epoch 2 Loss: 0.2225
Epoch 3 Loss: 0.1574
Epoch 4 Loss: 0.2120
[Server] Global Inference Model Acc (MNIST) (Round 57): 2.52% (Tested on 9095 samples)
[Server] Global Inference Model Acc (EMNIST) (Round 57): 3.67% (Tested on 105779 samples)
[Server] Global Inference Model Acc (CIFAR10) (Round 57): 2.81% (Tested on 9100 samples)
[Server] Global Inference Model Acc (Mix) (Round 57): 3.52% (Tested on 123974 samples)
Selected client ids: [0, 1, 2, 3, 4, 5, 6, 7, 8, 9, 10, 11, 12, 13, 14, 15, 16, 17, 18, 19, 20, 21, 22, 23, 24, 25, 26, 27, 28, 29]
--- Round 58 ---
Round 58 | Client 0 | Model: (MLP) | Acc: 94.98%
Round 58 | Client 1 | Model: (CNN) | Acc: 97.90%
Round 58 | Client 2 | Model: (ResNet8) | Acc: 98.07%
Round 58 | Client 3 | Model: (ResNet18) | Acc: 98.98%
Round 58 | Client 4 | Model: (MobileNetV2) | Acc: 95.72%
Round 58 | Client 5 | Model: (MobileNetV3) | Acc: 91.19%
Round 58 | Client 6 | Model: (LeNet) | Acc: 98.69%
Round 58 | Client 7 | Model: (AlexNet) | Acc: 98.95%
Round 58 | Client 8 | Model: (ShuffleNet) | Acc: 72.27%
Round 58 | Client 9 | Model: (SqueezeNet) | Acc: 97.16%
Round 58 | Client 11 | Model: (MLP) | Acc: 80.31%
Round 58 | Client 12 | Model: (CNN) | Acc: 84.64%
Round 58 | Client 13 | Model: (ResNet8) | Acc: 83.72%
Round 58 | Client 14 | Model: (ResNet18) | Acc: 84.41%
Round 58 | Client 15 | Model: (MobileNetV2) | Acc: 83.71%
Round 58 | Client 16 | Model: (MobileNetV3) | Acc: 75.74%
Round 58 | Client 17 | Model: (LeNet) | Acc: 82.50%
Round 58 | Client 18 | Model: (AlexNet) | Acc: 82.44%
Round 58 | Client 19 | Model: (ShuffleNet) | Acc: 83.16%
Round 58 | Client 20 | Model: (SqueezeNet) | Acc: 83.16%
Round 58 | Client 22 | Model: (MLP) | Acc: 43.05%
Round 58 | Client 23 | Model: (CNN) | Acc: 64.51%
Round 58 | Client 24 | Model: (ResNet8) | Acc: 64.88%
Round 58 | Client 25 | Model: (ResNet18) | Acc: 59.49%
Round 58 | Client 26 | Model: (MobileNetV2) | Acc: 40.82%
Round 58 | Client 27 | Model: (MobileNetV3) | Acc: 47.21%
Round 58 | Client 28 | Model: (LeNet) | Acc: 54.24%
Round 58 | Client 29 | Model: (AlexNet) | Acc: 56.86%
Round 58 | Client 30 | Model: (ShuffleNet) | Acc: 40.57%
Round 58 | Client 31 | Model: (SqueezeNet) | Acc: 37.75%
[Server] Aggregating by Dataset Name ...
[Server] Training Image-Based Global Generator...
  Epoch 1/10 | Loss: 0.2754
  Epoch 2/10 | Loss: 0.2937
  Epoch 3/10 | Loss: 0.3424
  Epoch 4/10 | Loss: 0.2701
  Epoch 5/10 | Loss: 0.2608
  Epoch 6/10 | Loss: 0.2126
  Epoch 7/10 | Loss: 0.1626
  Epoch 8/10 | Loss: 0.2270
  Epoch 9/10 | Loss: 0.2490
  Epoch 10/10 | Loss: 0.2160
[Server] Image-Based Global Generator training finished.
[Server] Training Final Global Inference Model ...
Detected 72 global classes: [0, 1, 2, 3, 4, 5, 6, 7, 8, 9, 10, 11, 12, 13, 14, 15, 16, 17, 18, 19, 20, 21, 22, 23, 24, 25, 26, 27, 28, 29, 30, 31, 32, 33, 34, 35, 36, 37, 38, 39, 40, 41, 42, 43, 44, 45, 46, 47, 48, 49, 50, 51, 52, 53, 54, 55, 56, 57, 58, 59, 60, 61, 62, 63, 64, 65, 66, 67, 68, 69, 70, 71]
Epoch 0 Loss: 0.2515
Epoch 1 Loss: 0.2249
Epoch 2 Loss: 0.1574
Epoch 3 Loss: 0.1533
Epoch 4 Loss: 0.1682
[Server] Global Inference Model Acc (MNIST) (Round 58): 1.78% (Tested on 9095 samples)
[Server] Global Inference Model Acc (EMNIST) (Round 58): 3.56% (Tested on 105779 samples)
[Server] Global Inference Model Acc (CIFAR10) (Round 58): 2.45% (Tested on 9100 samples)
[Server] Global Inference Model Acc (Mix) (Round 58): 3.35% (Tested on 123974 samples)
Selected client ids: [0, 1, 2, 3, 4, 5, 6, 7, 8, 9, 10, 11, 12, 13, 14, 15, 16, 17, 18, 19, 20, 21, 22, 23, 24, 25, 26, 27, 28, 29]
--- Round 59 ---
Round 59 | Client 0 | Model: (MLP) | Acc: 95.31%
Round 59 | Client 1 | Model: (CNN) | Acc: 97.79%
Round 59 | Client 2 | Model: (ResNet8) | Acc: 98.41%
Round 59 | Client 3 | Model: (ResNet18) | Acc: 99.10%
Round 59 | Client 4 | Model: (MobileNetV2) | Acc: 97.00%
Round 59 | Client 5 | Model: (MobileNetV3) | Acc: 91.75%
Round 59 | Client 6 | Model: (LeNet) | Acc: 98.69%
Round 59 | Client 7 | Model: (AlexNet) | Acc: 98.95%
Round 59 | Client 8 | Model: (ShuffleNet) | Acc: 72.16%
Round 59 | Client 9 | Model: (SqueezeNet) | Acc: 98.58%
Round 59 | Client 11 | Model: (MLP) | Acc: 79.99%
Round 59 | Client 12 | Model: (CNN) | Acc: 84.22%
Round 59 | Client 13 | Model: (ResNet8) | Acc: 83.22%
Round 59 | Client 14 | Model: (ResNet18) | Acc: 84.31%
Round 59 | Client 15 | Model: (MobileNetV2) | Acc: 83.44%
Round 59 | Client 16 | Model: (MobileNetV3) | Acc: 77.83%
Round 59 | Client 17 | Model: (LeNet) | Acc: 82.51%
Round 59 | Client 18 | Model: (AlexNet) | Acc: 82.36%
Round 59 | Client 19 | Model: (ShuffleNet) | Acc: 82.99%
Round 59 | Client 20 | Model: (SqueezeNet) | Acc: 84.00%
Round 59 | Client 22 | Model: (MLP) | Acc: 42.93%
Round 59 | Client 23 | Model: (CNN) | Acc: 53.19%
Round 59 | Client 24 | Model: (ResNet8) | Acc: 64.78%
Round 59 | Client 25 | Model: (ResNet18) | Acc: 57.16%
Round 59 | Client 26 | Model: (MobileNetV2) | Acc: 43.97%
Round 59 | Client 27 | Model: (MobileNetV3) | Acc: 46.14%
Round 59 | Client 28 | Model: (LeNet) | Acc: 53.14%
Round 59 | Client 29 | Model: (AlexNet) | Acc: 56.97%
Round 59 | Client 30 | Model: (ShuffleNet) | Acc: 39.04%
Round 59 | Client 31 | Model: (SqueezeNet) | Acc: 41.24%
[Server] Aggregating by Dataset Name ...
[Server] Training Image-Based Global Generator...
  Epoch 1/10 | Loss: 0.2489
  Epoch 2/10 | Loss: 0.3469
  Epoch 3/10 | Loss: 0.2105
  Epoch 4/10 | Loss: 0.2851
  Epoch 5/10 | Loss: 0.2856
  Epoch 6/10 | Loss: 0.2545
  Epoch 7/10 | Loss: 0.2359
  Epoch 8/10 | Loss: 0.1930
  Epoch 9/10 | Loss: 0.1604
  Epoch 10/10 | Loss: 0.1579
[Server] Image-Based Global Generator training finished.
[Server] Training Final Global Inference Model ...
Detected 72 global classes: [0, 1, 2, 3, 4, 5, 6, 7, 8, 9, 10, 11, 12, 13, 14, 15, 16, 17, 18, 19, 20, 21, 22, 23, 24, 25, 26, 27, 28, 29, 30, 31, 32, 33, 34, 35, 36, 37, 38, 39, 40, 41, 42, 43, 44, 45, 46, 47, 48, 49, 50, 51, 52, 53, 54, 55, 56, 57, 58, 59, 60, 61, 62, 63, 64, 65, 66, 67, 68, 69, 70, 71]
Epoch 0 Loss: 0.2991
Epoch 1 Loss: 0.1682
Epoch 2 Loss: 0.1857
Epoch 3 Loss: 0.2155
Epoch 4 Loss: 0.1116
[Server] Global Inference Model Acc (MNIST) (Round 59): 0.80% (Tested on 9095 samples)
[Server] Global Inference Model Acc (EMNIST) (Round 59): 3.45% (Tested on 105779 samples)
[Server] Global Inference Model Acc (CIFAR10) (Round 59): 5.07% (Tested on 9100 samples)
[Server] Global Inference Model Acc (Mix) (Round 59): 3.37% (Tested on 123974 samples)
Selected client ids: [0, 1, 2, 3, 4, 5, 6, 7, 8, 9, 10, 11, 12, 13, 14, 15, 16, 17, 18, 19, 20, 21, 22, 23, 24, 25, 26, 27, 28, 29]
--- Round 60 ---
Round 60 | Client 0 | Model: (MLP) | Acc: 95.20%
Round 60 | Client 1 | Model: (CNN) | Acc: 97.90%
Round 60 | Client 2 | Model: (ResNet8) | Acc: 98.30%
Round 60 | Client 3 | Model: (ResNet18) | Acc: 98.87%
Round 60 | Client 4 | Model: (MobileNetV2) | Acc: 96.04%
Round 60 | Client 5 | Model: (MobileNetV3) | Acc: 92.20%
Round 60 | Client 6 | Model: (LeNet) | Acc: 98.69%
Round 60 | Client 7 | Model: (AlexNet) | Acc: 98.84%
Round 60 | Client 8 | Model: (ShuffleNet) | Acc: 72.94%
Round 60 | Client 9 | Model: (SqueezeNet) | Acc: 98.47%
Round 60 | Client 11 | Model: (MLP) | Acc: 79.85%
Round 60 | Client 12 | Model: (CNN) | Acc: 83.52%
Round 60 | Client 13 | Model: (ResNet8) | Acc: 83.41%
Round 60 | Client 14 | Model: (ResNet18) | Acc: 84.75%
Round 60 | Client 15 | Model: (MobileNetV2) | Acc: 83.67%
Round 60 | Client 16 | Model: (MobileNetV3) | Acc: 75.78%
Round 60 | Client 17 | Model: (LeNet) | Acc: 82.40%
Round 60 | Client 18 | Model: (AlexNet) | Acc: 81.97%
Round 60 | Client 19 | Model: (ShuffleNet) | Acc: 83.02%
Round 60 | Client 20 | Model: (SqueezeNet) | Acc: 83.62%
Round 60 | Client 22 | Model: (MLP) | Acc: 42.81%
Round 60 | Client 23 | Model: (CNN) | Acc: 55.71%
Round 60 | Client 24 | Model: (ResNet8) | Acc: 63.92%
Round 60 | Client 25 | Model: (ResNet18) | Acc: 59.82%
Round 60 | Client 26 | Model: (MobileNetV2) | Acc: 40.92%
Round 60 | Client 27 | Model: (MobileNetV3) | Acc: 47.53%
Round 60 | Client 28 | Model: (LeNet) | Acc: 54.35%
Round 60 | Client 29 | Model: (AlexNet) | Acc: 56.86%
Round 60 | Client 30 | Model: (ShuffleNet) | Acc: 40.02%
Round 60 | Client 31 | Model: (SqueezeNet) | Acc: 40.56%
[Server] Aggregating by Dataset Name ...
[Server] Training Image-Based Global Generator...
  Epoch 1/10 | Loss: 0.3454
  Epoch 2/10 | Loss: 0.2524
  Epoch 3/10 | Loss: 0.2426
  Epoch 4/10 | Loss: 0.1902
  Epoch 5/10 | Loss: 0.1772
  Epoch 6/10 | Loss: 0.1877
  Epoch 7/10 | Loss: 0.1873
  Epoch 8/10 | Loss: 0.2460
  Epoch 9/10 | Loss: 0.1570
  Epoch 10/10 | Loss: 0.2408
[Server] Image-Based Global Generator training finished.
[Server] Training Final Global Inference Model ...
Detected 72 global classes: [0, 1, 2, 3, 4, 5, 6, 7, 8, 9, 10, 11, 12, 13, 14, 15, 16, 17, 18, 19, 20, 21, 22, 23, 24, 25, 26, 27, 28, 29, 30, 31, 32, 33, 34, 35, 36, 37, 38, 39, 40, 41, 42, 43, 44, 45, 46, 47, 48, 49, 50, 51, 52, 53, 54, 55, 56, 57, 58, 59, 60, 61, 62, 63, 64, 65, 66, 67, 68, 69, 70, 71]
Epoch 0 Loss: 0.1439
Epoch 1 Loss: 0.2206
Epoch 2 Loss: 0.1087
Epoch 3 Loss: 0.1088
Epoch 4 Loss: 0.1999
[Server] Global Inference Model Acc (MNIST) (Round 60): 0.32% (Tested on 9095 samples)
[Server] Global Inference Model Acc (EMNIST) (Round 60): 3.05% (Tested on 105779 samples)
[Server] Global Inference Model Acc (CIFAR10) (Round 60): 13.13% (Tested on 9100 samples)
[Server] Global Inference Model Acc (Mix) (Round 60): 3.59% (Tested on 123974 samples)
Selected client ids: [0, 1, 2, 3, 4, 5, 6, 7, 8, 9, 10, 11, 12, 13, 14, 15, 16, 17, 18, 19, 20, 21, 22, 23, 24, 25, 26, 27, 28, 29]
--- Round 61 ---
Round 61 | Client 0 | Model: (MLP) | Acc: 95.75%
Round 61 | Client 1 | Model: (CNN) | Acc: 97.45%
Round 61 | Client 2 | Model: (ResNet8) | Acc: 98.19%
Round 61 | Client 3 | Model: (ResNet18) | Acc: 99.10%
Round 61 | Client 4 | Model: (MobileNetV2) | Acc: 95.29%
Round 61 | Client 5 | Model: (MobileNetV3) | Acc: 92.42%
Round 61 | Client 6 | Model: (LeNet) | Acc: 98.69%
Round 61 | Client 7 | Model: (AlexNet) | Acc: 98.84%
Round 61 | Client 8 | Model: (ShuffleNet) | Acc: 74.16%
Round 61 | Client 9 | Model: (SqueezeNet) | Acc: 97.81%
Round 61 | Client 11 | Model: (MLP) | Acc: 80.25%
Round 61 | Client 12 | Model: (CNN) | Acc: 83.76%
Round 61 | Client 13 | Model: (ResNet8) | Acc: 83.32%
Round 61 | Client 14 | Model: (ResNet18) | Acc: 83.32%
Round 61 | Client 15 | Model: (MobileNetV2) | Acc: 83.69%
Round 61 | Client 16 | Model: (MobileNetV3) | Acc: 80.17%
Round 61 | Client 17 | Model: (LeNet) | Acc: 82.99%
Round 61 | Client 18 | Model: (AlexNet) | Acc: 81.30%
Round 61 | Client 19 | Model: (ShuffleNet) | Acc: 82.97%
Round 61 | Client 20 | Model: (SqueezeNet) | Acc: 83.90%
Round 61 | Client 22 | Model: (MLP) | Acc: 43.17%
Round 61 | Client 23 | Model: (CNN) | Acc: 47.91%
Round 61 | Client 24 | Model: (ResNet8) | Acc: 63.92%
Round 61 | Client 25 | Model: (ResNet18) | Acc: 60.04%
Round 61 | Client 26 | Model: (MobileNetV2) | Acc: 42.08%
Round 61 | Client 27 | Model: (MobileNetV3) | Acc: 47.00%
Round 61 | Client 28 | Model: (LeNet) | Acc: 51.49%
Round 61 | Client 29 | Model: (AlexNet) | Acc: 56.97%
Round 61 | Client 30 | Model: (ShuffleNet) | Acc: 38.93%
Round 61 | Client 31 | Model: (SqueezeNet) | Acc: 41.24%
[Server] Aggregating by Dataset Name ...
[Server] Training Image-Based Global Generator...
  Epoch 1/10 | Loss: 0.3683
  Epoch 2/10 | Loss: 0.2569
  Epoch 3/10 | Loss: 0.3026
  Epoch 4/10 | Loss: 0.2548
  Epoch 5/10 | Loss: 0.2618
  Epoch 6/10 | Loss: 0.2867
  Epoch 7/10 | Loss: 0.1858
  Epoch 8/10 | Loss: 0.2413
  Epoch 9/10 | Loss: 0.2926
  Epoch 10/10 | Loss: 0.1766
[Server] Image-Based Global Generator training finished.
[Server] Training Final Global Inference Model ...
Detected 72 global classes: [0, 1, 2, 3, 4, 5, 6, 7, 8, 9, 10, 11, 12, 13, 14, 15, 16, 17, 18, 19, 20, 21, 22, 23, 24, 25, 26, 27, 28, 29, 30, 31, 32, 33, 34, 35, 36, 37, 38, 39, 40, 41, 42, 43, 44, 45, 46, 47, 48, 49, 50, 51, 52, 53, 54, 55, 56, 57, 58, 59, 60, 61, 62, 63, 64, 65, 66, 67, 68, 69, 70, 71]
Epoch 0 Loss: 0.1272
Epoch 1 Loss: 0.1570
Epoch 2 Loss: 0.1279
Epoch 3 Loss: 0.1150
Epoch 4 Loss: 0.1054
[Server] Global Inference Model Acc (MNIST) (Round 61): 0.16% (Tested on 9095 samples)
[Server] Global Inference Model Acc (EMNIST) (Round 61): 3.47% (Tested on 105779 samples)
[Server] Global Inference Model Acc (CIFAR10) (Round 61): 11.89% (Tested on 9100 samples)
[Server] Global Inference Model Acc (Mix) (Round 61): 3.85% (Tested on 123974 samples)
Selected client ids: [0, 1, 2, 3, 4, 5, 6, 7, 8, 9, 10, 11, 12, 13, 14, 15, 16, 17, 18, 19, 20, 21, 22, 23, 24, 25, 26, 27, 28, 29]
--- Round 62 ---
Round 62 | Client 0 | Model: (MLP) | Acc: 96.07%
Round 62 | Client 1 | Model: (CNN) | Acc: 97.67%
Round 62 | Client 2 | Model: (ResNet8) | Acc: 98.53%
Round 62 | Client 3 | Model: (ResNet18) | Acc: 99.21%
Round 62 | Client 4 | Model: (MobileNetV2) | Acc: 96.79%
Round 62 | Client 5 | Model: (MobileNetV3) | Acc: 91.86%
Round 62 | Client 6 | Model: (LeNet) | Acc: 98.69%
Round 62 | Client 7 | Model: (AlexNet) | Acc: 98.95%
Round 62 | Client 8 | Model: (ShuffleNet) | Acc: 73.50%
Round 62 | Client 9 | Model: (SqueezeNet) | Acc: 97.60%
Round 62 | Client 11 | Model: (MLP) | Acc: 79.92%
Round 62 | Client 12 | Model: (CNN) | Acc: 84.11%
Round 62 | Client 13 | Model: (ResNet8) | Acc: 84.31%
Round 62 | Client 14 | Model: (ResNet18) | Acc: 84.58%
Round 62 | Client 15 | Model: (MobileNetV2) | Acc: 83.63%
Round 62 | Client 16 | Model: (MobileNetV3) | Acc: 79.21%
Round 62 | Client 17 | Model: (LeNet) | Acc: 82.77%
Round 62 | Client 18 | Model: (AlexNet) | Acc: 82.26%
Round 62 | Client 19 | Model: (ShuffleNet) | Acc: 82.91%
Round 62 | Client 20 | Model: (SqueezeNet) | Acc: 84.64%
Round 62 | Client 22 | Model: (MLP) | Acc: 43.05%
Round 62 | Client 23 | Model: (CNN) | Acc: 54.07%
Round 62 | Client 24 | Model: (ResNet8) | Acc: 64.24%
Round 62 | Client 25 | Model: (ResNet18) | Acc: 62.71%
Round 62 | Client 26 | Model: (MobileNetV2) | Acc: 41.13%
Round 62 | Client 27 | Model: (MobileNetV3) | Acc: 46.24%
Round 62 | Client 28 | Model: (LeNet) | Acc: 52.37%
Round 62 | Client 29 | Model: (AlexNet) | Acc: 56.97%
Round 62 | Client 30 | Model: (ShuffleNet) | Acc: 41.01%
Round 62 | Client 31 | Model: (SqueezeNet) | Acc: 41.91%
[Server] Aggregating by Dataset Name ...
[Server] Training Image-Based Global Generator...
  Epoch 1/10 | Loss: 0.2703
  Epoch 2/10 | Loss: 0.3048
  Epoch 3/10 | Loss: 0.2227
  Epoch 4/10 | Loss: 0.2046
  Epoch 5/10 | Loss: 0.4318
  Epoch 6/10 | Loss: 0.1843
  Epoch 7/10 | Loss: 0.2718
  Epoch 8/10 | Loss: 0.2551
  Epoch 9/10 | Loss: 0.2321
  Epoch 10/10 | Loss: 0.1583
[Server] Image-Based Global Generator training finished.
[Server] Training Final Global Inference Model ...
Detected 72 global classes: [0, 1, 2, 3, 4, 5, 6, 7, 8, 9, 10, 11, 12, 13, 14, 15, 16, 17, 18, 19, 20, 21, 22, 23, 24, 25, 26, 27, 28, 29, 30, 31, 32, 33, 34, 35, 36, 37, 38, 39, 40, 41, 42, 43, 44, 45, 46, 47, 48, 49, 50, 51, 52, 53, 54, 55, 56, 57, 58, 59, 60, 61, 62, 63, 64, 65, 66, 67, 68, 69, 70, 71]
Epoch 0 Loss: 0.1392
Epoch 1 Loss: 0.1369
Epoch 2 Loss: 0.1694
Epoch 3 Loss: 0.1275
Epoch 4 Loss: 0.1486
[Server] Global Inference Model Acc (MNIST) (Round 62): 0.40% (Tested on 9095 samples)
[Server] Global Inference Model Acc (EMNIST) (Round 62): 4.04% (Tested on 105779 samples)
[Server] Global Inference Model Acc (CIFAR10) (Round 62): 7.69% (Tested on 9100 samples)
[Server] Global Inference Model Acc (Mix) (Round 62): 4.04% (Tested on 123974 samples)
Selected client ids: [0, 1, 2, 3, 4, 5, 6, 7, 8, 9, 10, 11, 12, 13, 14, 15, 16, 17, 18, 19, 20, 21, 22, 23, 24, 25, 26, 27, 28, 29]
--- Round 63 ---
Round 63 | Client 0 | Model: (MLP) | Acc: 96.84%
Round 63 | Client 1 | Model: (CNN) | Acc: 98.12%
Round 63 | Client 2 | Model: (ResNet8) | Acc: 98.30%
Round 63 | Client 3 | Model: (ResNet18) | Acc: 99.10%
Round 63 | Client 4 | Model: (MobileNetV2) | Acc: 97.22%
Round 63 | Client 5 | Model: (MobileNetV3) | Acc: 88.74%
Round 63 | Client 6 | Model: (LeNet) | Acc: 98.69%
Round 63 | Client 7 | Model: (AlexNet) | Acc: 98.84%
Round 63 | Client 8 | Model: (ShuffleNet) | Acc: 67.26%
Round 63 | Client 9 | Model: (SqueezeNet) | Acc: 97.81%
Round 63 | Client 11 | Model: (MLP) | Acc: 79.74%
Round 63 | Client 12 | Model: (CNN) | Acc: 83.99%
Round 63 | Client 13 | Model: (ResNet8) | Acc: 83.21%
Round 63 | Client 14 | Model: (ResNet18) | Acc: 83.35%
Round 63 | Client 15 | Model: (MobileNetV2) | Acc: 83.61%
Round 63 | Client 16 | Model: (MobileNetV3) | Acc: 78.99%
Round 63 | Client 17 | Model: (LeNet) | Acc: 82.90%
Round 63 | Client 18 | Model: (AlexNet) | Acc: 82.20%
Round 63 | Client 19 | Model: (ShuffleNet) | Acc: 83.43%
Round 63 | Client 20 | Model: (SqueezeNet) | Acc: 84.20%
Round 63 | Client 22 | Model: (MLP) | Acc: 42.57%
Round 63 | Client 23 | Model: (CNN) | Acc: 58.24%
Round 63 | Client 24 | Model: (ResNet8) | Acc: 63.81%
Round 63 | Client 25 | Model: (ResNet18) | Acc: 61.93%
Round 63 | Client 26 | Model: (MobileNetV2) | Acc: 39.77%
Round 63 | Client 27 | Model: (MobileNetV3) | Acc: 48.82%
Round 63 | Client 28 | Model: (LeNet) | Acc: 52.26%
Round 63 | Client 29 | Model: (AlexNet) | Acc: 56.76%
Round 63 | Client 30 | Model: (ShuffleNet) | Acc: 38.82%
Round 63 | Client 31 | Model: (SqueezeNet) | Acc: 41.80%
[Server] Aggregating by Dataset Name ...
[Server] Training Image-Based Global Generator...
  Epoch 1/10 | Loss: 0.2476
  Epoch 2/10 | Loss: 0.2505
  Epoch 3/10 | Loss: 0.2367
  Epoch 4/10 | Loss: 0.1319
  Epoch 5/10 | Loss: 0.1837
  Epoch 6/10 | Loss: 0.1964
  Epoch 7/10 | Loss: 0.1450
  Epoch 8/10 | Loss: 0.1797
  Epoch 9/10 | Loss: 0.1439
  Epoch 10/10 | Loss: 0.1779
[Server] Image-Based Global Generator training finished.
[Server] Training Final Global Inference Model ...
Detected 72 global classes: [0, 1, 2, 3, 4, 5, 6, 7, 8, 9, 10, 11, 12, 13, 14, 15, 16, 17, 18, 19, 20, 21, 22, 23, 24, 25, 26, 27, 28, 29, 30, 31, 32, 33, 34, 35, 36, 37, 38, 39, 40, 41, 42, 43, 44, 45, 46, 47, 48, 49, 50, 51, 52, 53, 54, 55, 56, 57, 58, 59, 60, 61, 62, 63, 64, 65, 66, 67, 68, 69, 70, 71]
Epoch 0 Loss: 0.0799
Epoch 1 Loss: 0.1025
Epoch 2 Loss: 0.1275
Epoch 3 Loss: 0.0755
Epoch 4 Loss: 0.1419
[Server] Global Inference Model Acc (MNIST) (Round 63): 0.52% (Tested on 9095 samples)
[Server] Global Inference Model Acc (EMNIST) (Round 63): 4.30% (Tested on 105779 samples)
[Server] Global Inference Model Acc (CIFAR10) (Round 63): 6.31% (Tested on 9100 samples)
[Server] Global Inference Model Acc (Mix) (Round 63): 4.17% (Tested on 123974 samples)
Selected client ids: [0, 1, 2, 3, 4, 5, 6, 7, 8, 9, 10, 11, 12, 13, 14, 15, 16, 17, 18, 19, 20, 21, 22, 23, 24, 25, 26, 27, 28, 29]
--- Round 64 ---
Round 64 | Client 0 | Model: (MLP) | Acc: 96.29%
Round 64 | Client 1 | Model: (CNN) | Acc: 97.45%
Round 64 | Client 2 | Model: (ResNet8) | Acc: 98.64%
Round 64 | Client 3 | Model: (ResNet18) | Acc: 99.43%
Round 64 | Client 4 | Model: (MobileNetV2) | Acc: 96.04%
Round 64 | Client 5 | Model: (MobileNetV3) | Acc: 92.20%
Round 64 | Client 6 | Model: (LeNet) | Acc: 98.69%
Round 64 | Client 7 | Model: (AlexNet) | Acc: 98.95%
Round 64 | Client 8 | Model: (ShuffleNet) | Acc: 70.16%
Round 64 | Client 9 | Model: (SqueezeNet) | Acc: 98.47%
Round 64 | Client 11 | Model: (MLP) | Acc: 79.92%
Round 64 | Client 12 | Model: (CNN) | Acc: 84.07%
Round 64 | Client 13 | Model: (ResNet8) | Acc: 83.07%
Round 64 | Client 14 | Model: (ResNet18) | Acc: 83.83%
Round 64 | Client 15 | Model: (MobileNetV2) | Acc: 83.66%
Round 64 | Client 16 | Model: (MobileNetV3) | Acc: 79.30%
Round 64 | Client 17 | Model: (LeNet) | Acc: 82.76%
Round 64 | Client 18 | Model: (AlexNet) | Acc: 82.13%
Round 64 | Client 19 | Model: (ShuffleNet) | Acc: 82.74%
Round 64 | Client 20 | Model: (SqueezeNet) | Acc: 83.57%
Round 64 | Client 22 | Model: (MLP) | Acc: 43.17%
Round 64 | Client 23 | Model: (CNN) | Acc: 52.64%
Round 64 | Client 24 | Model: (ResNet8) | Acc: 63.81%
Round 64 | Client 25 | Model: (ResNet18) | Acc: 61.15%
Round 64 | Client 26 | Model: (MobileNetV2) | Acc: 42.08%
Round 64 | Client 27 | Model: (MobileNetV3) | Acc: 48.61%
Round 64 | Client 28 | Model: (LeNet) | Acc: 53.80%
Round 64 | Client 29 | Model: (AlexNet) | Acc: 56.76%
Round 64 | Client 30 | Model: (ShuffleNet) | Acc: 40.35%
Round 64 | Client 31 | Model: (SqueezeNet) | Acc: 41.35%
[Server] Aggregating by Dataset Name ...
[Server] Training Image-Based Global Generator...
  Epoch 1/10 | Loss: 0.2928
  Epoch 2/10 | Loss: 0.3184
  Epoch 3/10 | Loss: 0.2611
  Epoch 4/10 | Loss: 0.2399
  Epoch 5/10 | Loss: 0.2223
  Epoch 6/10 | Loss: 0.2267
  Epoch 7/10 | Loss: 0.1635
  Epoch 8/10 | Loss: 0.2008
  Epoch 9/10 | Loss: 0.1346
  Epoch 10/10 | Loss: 0.1751
[Server] Image-Based Global Generator training finished.
[Server] Training Final Global Inference Model ...
Detected 72 global classes: [0, 1, 2, 3, 4, 5, 6, 7, 8, 9, 10, 11, 12, 13, 14, 15, 16, 17, 18, 19, 20, 21, 22, 23, 24, 25, 26, 27, 28, 29, 30, 31, 32, 33, 34, 35, 36, 37, 38, 39, 40, 41, 42, 43, 44, 45, 46, 47, 48, 49, 50, 51, 52, 53, 54, 55, 56, 57, 58, 59, 60, 61, 62, 63, 64, 65, 66, 67, 68, 69, 70, 71]
Epoch 0 Loss: 0.0825
Epoch 1 Loss: 0.0892
Epoch 2 Loss: 0.0916
Epoch 3 Loss: 0.1110
Epoch 4 Loss: 0.1025
[Server] Global Inference Model Acc (MNIST) (Round 64): 0.93% (Tested on 9095 samples)
[Server] Global Inference Model Acc (EMNIST) (Round 64): 3.52% (Tested on 105779 samples)
[Server] Global Inference Model Acc (CIFAR10) (Round 64): 6.93% (Tested on 9100 samples)
[Server] Global Inference Model Acc (Mix) (Round 64): 3.58% (Tested on 123974 samples)
Selected client ids: [0, 1, 2, 3, 4, 5, 6, 7, 8, 9, 10, 11, 12, 13, 14, 15, 16, 17, 18, 19, 20, 21, 22, 23, 24, 25, 26, 27, 28, 29]
--- Round 65 ---
Round 65 | Client 0 | Model: (MLP) | Acc: 96.62%
Round 65 | Client 1 | Model: (CNN) | Acc: 97.45%
Round 65 | Client 2 | Model: (ResNet8) | Acc: 98.41%
Round 65 | Client 3 | Model: (ResNet18) | Acc: 99.21%
Round 65 | Client 4 | Model: (MobileNetV2) | Acc: 97.43%
Round 65 | Client 5 | Model: (MobileNetV3) | Acc: 92.08%
Round 65 | Client 6 | Model: (LeNet) | Acc: 98.69%
Round 65 | Client 7 | Model: (AlexNet) | Acc: 98.95%
Round 65 | Client 8 | Model: (ShuffleNet) | Acc: 71.94%
Round 65 | Client 9 | Model: (SqueezeNet) | Acc: 98.03%
Round 65 | Client 11 | Model: (MLP) | Acc: 79.81%
Round 65 | Client 12 | Model: (CNN) | Acc: 84.37%
Round 65 | Client 13 | Model: (ResNet8) | Acc: 83.55%
Round 65 | Client 14 | Model: (ResNet18) | Acc: 84.18%
Round 65 | Client 15 | Model: (MobileNetV2) | Acc: 83.16%
Round 65 | Client 16 | Model: (MobileNetV3) | Acc: 79.09%
Round 65 | Client 17 | Model: (LeNet) | Acc: 82.39%
Round 65 | Client 18 | Model: (AlexNet) | Acc: 81.89%
Round 65 | Client 19 | Model: (ShuffleNet) | Acc: 83.04%
Round 65 | Client 20 | Model: (SqueezeNet) | Acc: 83.58%
Round 65 | Client 22 | Model: (MLP) | Acc: 43.17%
Round 65 | Client 23 | Model: (CNN) | Acc: 48.57%
Round 65 | Client 24 | Model: (ResNet8) | Acc: 63.28%
Round 65 | Client 25 | Model: (ResNet18) | Acc: 61.60%
Round 65 | Client 26 | Model: (MobileNetV2) | Acc: 42.50%
Round 65 | Client 27 | Model: (MobileNetV3) | Acc: 46.03%
Round 65 | Client 28 | Model: (LeNet) | Acc: 54.35%
Round 65 | Client 29 | Model: (AlexNet) | Acc: 56.97%
Round 65 | Client 30 | Model: (ShuffleNet) | Acc: 42.54%
Round 65 | Client 31 | Model: (SqueezeNet) | Acc: 42.47%
[Server] Aggregating by Dataset Name ...
[Server] Training Image-Based Global Generator...
  Epoch 1/10 | Loss: 0.1651
  Epoch 2/10 | Loss: 0.1554
  Epoch 3/10 | Loss: 0.2506
  Epoch 4/10 | Loss: 0.1783
  Epoch 5/10 | Loss: 0.1736
  Epoch 6/10 | Loss: 0.1921
  Epoch 7/10 | Loss: 0.1703
  Epoch 8/10 | Loss: 0.1500
  Epoch 9/10 | Loss: 0.1750
  Epoch 10/10 | Loss: 0.1702
[Server] Image-Based Global Generator training finished.
[Server] Training Final Global Inference Model ...
Detected 72 global classes: [0, 1, 2, 3, 4, 5, 6, 7, 8, 9, 10, 11, 12, 13, 14, 15, 16, 17, 18, 19, 20, 21, 22, 23, 24, 25, 26, 27, 28, 29, 30, 31, 32, 33, 34, 35, 36, 37, 38, 39, 40, 41, 42, 43, 44, 45, 46, 47, 48, 49, 50, 51, 52, 53, 54, 55, 56, 57, 58, 59, 60, 61, 62, 63, 64, 65, 66, 67, 68, 69, 70, 71]
Epoch 0 Loss: 0.0687
Epoch 1 Loss: 0.1603
Epoch 2 Loss: 0.0626
Epoch 3 Loss: 0.0811
Epoch 4 Loss: 0.0704
[Server] Global Inference Model Acc (MNIST) (Round 65): 1.51% (Tested on 9095 samples)
[Server] Global Inference Model Acc (EMNIST) (Round 65): 3.93% (Tested on 105779 samples)
[Server] Global Inference Model Acc (CIFAR10) (Round 65): 8.99% (Tested on 9100 samples)
[Server] Global Inference Model Acc (Mix) (Round 65): 4.12% (Tested on 123974 samples)
Selected client ids: [0, 1, 2, 3, 4, 5, 6, 7, 8, 9, 10, 11, 12, 13, 14, 15, 16, 17, 18, 19, 20, 21, 22, 23, 24, 25, 26, 27, 28, 29]
--- Round 66 ---
Round 66 | Client 0 | Model: (MLP) | Acc: 96.84%
Round 66 | Client 1 | Model: (CNN) | Acc: 97.79%
Round 66 | Client 2 | Model: (ResNet8) | Acc: 98.53%
Round 66 | Client 3 | Model: (ResNet18) | Acc: 98.76%
Round 66 | Client 4 | Model: (MobileNetV2) | Acc: 96.47%
Round 66 | Client 5 | Model: (MobileNetV3) | Acc: 93.09%
Round 66 | Client 6 | Model: (LeNet) | Acc: 98.69%
Round 66 | Client 7 | Model: (AlexNet) | Acc: 98.95%
Round 66 | Client 8 | Model: (ShuffleNet) | Acc: 72.72%
Round 66 | Client 9 | Model: (SqueezeNet) | Acc: 96.39%
Round 66 | Client 11 | Model: (MLP) | Acc: 80.01%
Round 66 | Client 12 | Model: (CNN) | Acc: 84.33%
Round 66 | Client 13 | Model: (ResNet8) | Acc: 83.62%
Round 66 | Client 14 | Model: (ResNet18) | Acc: 84.24%
Round 66 | Client 15 | Model: (MobileNetV2) | Acc: 82.70%
Round 66 | Client 16 | Model: (MobileNetV3) | Acc: 79.90%
Round 66 | Client 17 | Model: (LeNet) | Acc: 82.73%
Round 66 | Client 18 | Model: (AlexNet) | Acc: 82.25%
Round 66 | Client 19 | Model: (ShuffleNet) | Acc: 83.40%
Round 66 | Client 20 | Model: (SqueezeNet) | Acc: 83.11%
Round 66 | Client 22 | Model: (MLP) | Acc: 43.17%
Round 66 | Client 23 | Model: (CNN) | Acc: 56.70%
Round 66 | Client 24 | Model: (ResNet8) | Acc: 63.70%
Round 66 | Client 25 | Model: (ResNet18) | Acc: 61.60%
Round 66 | Client 26 | Model: (MobileNetV2) | Acc: 42.50%
Round 66 | Client 27 | Model: (MobileNetV3) | Acc: 46.46%
Round 66 | Client 28 | Model: (LeNet) | Acc: 53.91%
Round 66 | Client 29 | Model: (AlexNet) | Acc: 56.97%
Round 66 | Client 30 | Model: (ShuffleNet) | Acc: 41.34%
Round 66 | Client 31 | Model: (SqueezeNet) | Acc: 39.66%
[Server] Aggregating by Dataset Name ...
[Server] Training Image-Based Global Generator...
  Epoch 1/10 | Loss: 0.1948
  Epoch 2/10 | Loss: 0.2306
  Epoch 3/10 | Loss: 0.1693
  Epoch 4/10 | Loss: 0.1838
  Epoch 5/10 | Loss: 0.1833
  Epoch 6/10 | Loss: 0.1120
  Epoch 7/10 | Loss: 0.2172
  Epoch 8/10 | Loss: 0.1527
  Epoch 9/10 | Loss: 0.1478
  Epoch 10/10 | Loss: 0.1634
[Server] Image-Based Global Generator training finished.
[Server] Training Final Global Inference Model ...
Detected 72 global classes: [0, 1, 2, 3, 4, 5, 6, 7, 8, 9, 10, 11, 12, 13, 14, 15, 16, 17, 18, 19, 20, 21, 22, 23, 24, 25, 26, 27, 28, 29, 30, 31, 32, 33, 34, 35, 36, 37, 38, 39, 40, 41, 42, 43, 44, 45, 46, 47, 48, 49, 50, 51, 52, 53, 54, 55, 56, 57, 58, 59, 60, 61, 62, 63, 64, 65, 66, 67, 68, 69, 70, 71]
Epoch 0 Loss: 0.1489
Epoch 1 Loss: 0.1062
Epoch 2 Loss: 0.0645
Epoch 3 Loss: 0.0696
Epoch 4 Loss: 0.1239
[Server] Global Inference Model Acc (MNIST) (Round 66): 1.40% (Tested on 9095 samples)
[Server] Global Inference Model Acc (EMNIST) (Round 66): 5.08% (Tested on 105779 samples)
[Server] Global Inference Model Acc (CIFAR10) (Round 66): 12.58% (Tested on 9100 samples)
[Server] Global Inference Model Acc (Mix) (Round 66): 5.36% (Tested on 123974 samples)
Selected client ids: [0, 1, 2, 3, 4, 5, 6, 7, 8, 9, 10, 11, 12, 13, 14, 15, 16, 17, 18, 19, 20, 21, 22, 23, 24, 25, 26, 27, 28, 29]
--- Round 67 ---
Round 67 | Client 0 | Model: (MLP) | Acc: 96.73%
Round 67 | Client 1 | Model: (CNN) | Acc: 97.45%
Round 67 | Client 2 | Model: (ResNet8) | Acc: 98.41%
Round 67 | Client 3 | Model: (ResNet18) | Acc: 98.98%
Round 67 | Client 4 | Model: (MobileNetV2) | Acc: 96.79%
Round 67 | Client 5 | Model: (MobileNetV3) | Acc: 88.74%
Round 67 | Client 6 | Model: (LeNet) | Acc: 98.69%
Round 67 | Client 7 | Model: (AlexNet) | Acc: 98.95%
Round 67 | Client 8 | Model: (ShuffleNet) | Acc: 69.82%
Round 67 | Client 9 | Model: (SqueezeNet) | Acc: 97.38%
Round 67 | Client 11 | Model: (MLP) | Acc: 79.39%
Round 67 | Client 12 | Model: (CNN) | Acc: 84.19%
Round 67 | Client 13 | Model: (ResNet8) | Acc: 83.41%
Round 67 | Client 14 | Model: (ResNet18) | Acc: 83.75%
Round 67 | Client 15 | Model: (MobileNetV2) | Acc: 83.66%
Round 67 | Client 16 | Model: (MobileNetV3) | Acc: 76.58%
Round 67 | Client 17 | Model: (LeNet) | Acc: 82.82%
Round 67 | Client 18 | Model: (AlexNet) | Acc: 82.06%
Round 67 | Client 19 | Model: (ShuffleNet) | Acc: 82.97%
Round 67 | Client 20 | Model: (SqueezeNet) | Acc: 83.55%
Round 67 | Client 22 | Model: (MLP) | Acc: 43.29%
Round 67 | Client 23 | Model: (CNN) | Acc: 59.01%
Round 67 | Client 24 | Model: (ResNet8) | Acc: 64.03%
Round 67 | Client 25 | Model: (ResNet18) | Acc: 63.04%
Round 67 | Client 26 | Model: (MobileNetV2) | Acc: 43.86%
Round 67 | Client 27 | Model: (MobileNetV3) | Acc: 49.14%
Round 67 | Client 28 | Model: (LeNet) | Acc: 54.68%
Round 67 | Client 29 | Model: (AlexNet) | Acc: 56.86%
Round 67 | Client 30 | Model: (ShuffleNet) | Acc: 39.36%
Round 67 | Client 31 | Model: (SqueezeNet) | Acc: 41.24%
[Server] Aggregating by Dataset Name ...
[Server] Training Image-Based Global Generator...
  Epoch 1/10 | Loss: 0.1662
  Epoch 2/10 | Loss: 0.2008
  Epoch 3/10 | Loss: 0.2140
  Epoch 4/10 | Loss: 0.1331
  Epoch 5/10 | Loss: 0.1445
  Epoch 6/10 | Loss: 0.1581
  Epoch 7/10 | Loss: 0.1499
  Epoch 8/10 | Loss: 0.1501
  Epoch 9/10 | Loss: 0.1259
  Epoch 10/10 | Loss: 0.1537
[Server] Image-Based Global Generator training finished.
[Server] Training Final Global Inference Model ...
Detected 72 global classes: [0, 1, 2, 3, 4, 5, 6, 7, 8, 9, 10, 11, 12, 13, 14, 15, 16, 17, 18, 19, 20, 21, 22, 23, 24, 25, 26, 27, 28, 29, 30, 31, 32, 33, 34, 35, 36, 37, 38, 39, 40, 41, 42, 43, 44, 45, 46, 47, 48, 49, 50, 51, 52, 53, 54, 55, 56, 57, 58, 59, 60, 61, 62, 63, 64, 65, 66, 67, 68, 69, 70, 71]
Epoch 0 Loss: 0.0662
Epoch 1 Loss: 0.0726
Epoch 2 Loss: 0.0885
Epoch 3 Loss: 0.2097
Epoch 4 Loss: 0.0682
[Server] Global Inference Model Acc (MNIST) (Round 67): 1.79% (Tested on 9095 samples)
[Server] Global Inference Model Acc (EMNIST) (Round 67): 3.67% (Tested on 105779 samples)
[Server] Global Inference Model Acc (CIFAR10) (Round 67): 12.67% (Tested on 9100 samples)
[Server] Global Inference Model Acc (Mix) (Round 67): 4.19% (Tested on 123974 samples)
Selected client ids: [0, 1, 2, 3, 4, 5, 6, 7, 8, 9, 10, 11, 12, 13, 14, 15, 16, 17, 18, 19, 20, 21, 22, 23, 24, 25, 26, 27, 28, 29]
--- Round 68 ---
Round 68 | Client 0 | Model: (MLP) | Acc: 96.73%
Round 68 | Client 1 | Model: (CNN) | Acc: 97.67%
Round 68 | Client 2 | Model: (ResNet8) | Acc: 98.64%
Round 68 | Client 3 | Model: (ResNet18) | Acc: 98.87%
Round 68 | Client 4 | Model: (MobileNetV2) | Acc: 97.54%
Round 68 | Client 5 | Model: (MobileNetV3) | Acc: 91.30%
Round 68 | Client 6 | Model: (LeNet) | Acc: 98.69%
Round 68 | Client 7 | Model: (AlexNet) | Acc: 98.95%
Round 68 | Client 8 | Model: (ShuffleNet) | Acc: 71.94%
Round 68 | Client 9 | Model: (SqueezeNet) | Acc: 98.69%
Round 68 | Client 11 | Model: (MLP) | Acc: 80.18%
Round 68 | Client 12 | Model: (CNN) | Acc: 83.78%
Round 68 | Client 13 | Model: (ResNet8) | Acc: 82.60%
Round 68 | Client 14 | Model: (ResNet18) | Acc: 84.13%
Round 68 | Client 15 | Model: (MobileNetV2) | Acc: 83.28%
Round 68 | Client 16 | Model: (MobileNetV3) | Acc: 76.16%
Round 68 | Client 17 | Model: (LeNet) | Acc: 82.70%
Round 68 | Client 18 | Model: (AlexNet) | Acc: 81.41%
Round 68 | Client 19 | Model: (ShuffleNet) | Acc: 82.72%
Round 68 | Client 20 | Model: (SqueezeNet) | Acc: 84.14%
Round 68 | Client 22 | Model: (MLP) | Acc: 43.29%
Round 68 | Client 23 | Model: (CNN) | Acc: 62.53%
Round 68 | Client 24 | Model: (ResNet8) | Acc: 63.81%
Round 68 | Client 25 | Model: (ResNet18) | Acc: 60.93%
Round 68 | Client 26 | Model: (MobileNetV2) | Acc: 39.03%
Round 68 | Client 27 | Model: (MobileNetV3) | Acc: 48.71%
Round 68 | Client 28 | Model: (LeNet) | Acc: 54.24%
Round 68 | Client 29 | Model: (AlexNet) | Acc: 56.54%
Round 68 | Client 30 | Model: (ShuffleNet) | Acc: 40.57%
Round 68 | Client 31 | Model: (SqueezeNet) | Acc: 40.56%
[Server] Aggregating by Dataset Name ...
[Server] Training Image-Based Global Generator...
  Epoch 1/10 | Loss: 0.1301
  Epoch 2/10 | Loss: 0.1509
  Epoch 3/10 | Loss: 0.1708
  Epoch 4/10 | Loss: 0.1142
  Epoch 5/10 | Loss: 0.2162
  Epoch 6/10 | Loss: 0.1785
  Epoch 7/10 | Loss: 0.1607
  Epoch 8/10 | Loss: 0.1831
  Epoch 9/10 | Loss: 0.1667
  Epoch 10/10 | Loss: 0.1375
[Server] Image-Based Global Generator training finished.
[Server] Training Final Global Inference Model ...
Detected 72 global classes: [0, 1, 2, 3, 4, 5, 6, 7, 8, 9, 10, 11, 12, 13, 14, 15, 16, 17, 18, 19, 20, 21, 22, 23, 24, 25, 26, 27, 28, 29, 30, 31, 32, 33, 34, 35, 36, 37, 38, 39, 40, 41, 42, 43, 44, 45, 46, 47, 48, 49, 50, 51, 52, 53, 54, 55, 56, 57, 58, 59, 60, 61, 62, 63, 64, 65, 66, 67, 68, 69, 70, 71]
Epoch 0 Loss: 0.0832
Epoch 1 Loss: 0.0575
Epoch 2 Loss: 0.0431
Epoch 3 Loss: 0.0815
Epoch 4 Loss: 0.0700
[Server] Global Inference Model Acc (MNIST) (Round 68): 1.14% (Tested on 9095 samples)
[Server] Global Inference Model Acc (EMNIST) (Round 68): 3.41% (Tested on 105779 samples)
[Server] Global Inference Model Acc (CIFAR10) (Round 68): 12.12% (Tested on 9100 samples)
[Server] Global Inference Model Acc (Mix) (Round 68): 3.89% (Tested on 123974 samples)
Selected client ids: [0, 1, 2, 3, 4, 5, 6, 7, 8, 9, 10, 11, 12, 13, 14, 15, 16, 17, 18, 19, 20, 21, 22, 23, 24, 25, 26, 27, 28, 29]
--- Round 69 ---
Round 69 | Client 0 | Model: (MLP) | Acc: 96.62%
Round 69 | Client 1 | Model: (CNN) | Acc: 97.67%
Round 69 | Client 2 | Model: (ResNet8) | Acc: 98.53%
Round 69 | Client 3 | Model: (ResNet18) | Acc: 98.87%
Round 69 | Client 4 | Model: (MobileNetV2) | Acc: 96.04%
Round 69 | Client 5 | Model: (MobileNetV3) | Acc: 92.31%
Round 69 | Client 6 | Model: (LeNet) | Acc: 98.69%
Round 69 | Client 7 | Model: (AlexNet) | Acc: 98.95%
Round 69 | Client 8 | Model: (ShuffleNet) | Acc: 71.60%
Round 69 | Client 9 | Model: (SqueezeNet) | Acc: 98.03%
Round 69 | Client 11 | Model: (MLP) | Acc: 79.95%
Round 69 | Client 12 | Model: (CNN) | Acc: 83.59%
Round 69 | Client 13 | Model: (ResNet8) | Acc: 83.17%
Round 69 | Client 14 | Model: (ResNet18) | Acc: 84.27%
Round 69 | Client 15 | Model: (MobileNetV2) | Acc: 83.22%
Round 69 | Client 16 | Model: (MobileNetV3) | Acc: 77.59%
Round 69 | Client 17 | Model: (LeNet) | Acc: 82.69%
Round 69 | Client 18 | Model: (AlexNet) | Acc: 82.53%
Round 69 | Client 19 | Model: (ShuffleNet) | Acc: 82.02%
Round 69 | Client 20 | Model: (SqueezeNet) | Acc: 83.51%
Round 69 | Client 22 | Model: (MLP) | Acc: 43.17%
Round 69 | Client 23 | Model: (CNN) | Acc: 67.47%
Round 69 | Client 24 | Model: (ResNet8) | Acc: 63.06%
Round 69 | Client 25 | Model: (ResNet18) | Acc: 55.05%
Round 69 | Client 26 | Model: (MobileNetV2) | Acc: 39.45%
Round 69 | Client 27 | Model: (MobileNetV3) | Acc: 47.00%
Round 69 | Client 28 | Model: (LeNet) | Acc: 54.24%
Round 69 | Client 29 | Model: (AlexNet) | Acc: 56.54%
Round 69 | Client 30 | Model: (ShuffleNet) | Acc: 40.24%
Round 69 | Client 31 | Model: (SqueezeNet) | Acc: 40.56%
[Server] Aggregating by Dataset Name ...
[Server] Training Image-Based Global Generator...
  Epoch 1/10 | Loss: 0.1830
  Epoch 2/10 | Loss: 0.1075
  Epoch 3/10 | Loss: 0.1549
  Epoch 4/10 | Loss: 0.1157
  Epoch 5/10 | Loss: 0.1187
  Epoch 6/10 | Loss: 0.1219
  Epoch 7/10 | Loss: 0.1465
  Epoch 8/10 | Loss: 0.0858
  Epoch 9/10 | Loss: 0.1625
  Epoch 10/10 | Loss: 0.1445
[Server] Image-Based Global Generator training finished.
[Server] Training Final Global Inference Model ...
Detected 72 global classes: [0, 1, 2, 3, 4, 5, 6, 7, 8, 9, 10, 11, 12, 13, 14, 15, 16, 17, 18, 19, 20, 21, 22, 23, 24, 25, 26, 27, 28, 29, 30, 31, 32, 33, 34, 35, 36, 37, 38, 39, 40, 41, 42, 43, 44, 45, 46, 47, 48, 49, 50, 51, 52, 53, 54, 55, 56, 57, 58, 59, 60, 61, 62, 63, 64, 65, 66, 67, 68, 69, 70, 71]
Epoch 0 Loss: 0.1119
Epoch 1 Loss: 0.0875
Epoch 2 Loss: 0.0579
Epoch 3 Loss: 0.0569
Epoch 4 Loss: 0.0950
[Server] Global Inference Model Acc (MNIST) (Round 69): 0.67% (Tested on 9095 samples)
[Server] Global Inference Model Acc (EMNIST) (Round 69): 3.23% (Tested on 105779 samples)
[Server] Global Inference Model Acc (CIFAR10) (Round 69): 11.92% (Tested on 9100 samples)
[Server] Global Inference Model Acc (Mix) (Round 69): 3.68% (Tested on 123974 samples)
Selected client ids: [0, 1, 2, 3, 4, 5, 6, 7, 8, 9, 10, 11, 12, 13, 14, 15, 16, 17, 18, 19, 20, 21, 22, 23, 24, 25, 26, 27, 28, 29]
--- Round 70 ---
Round 70 | Client 0 | Model: (MLP) | Acc: 96.73%
Round 70 | Client 1 | Model: (CNN) | Acc: 97.90%
Round 70 | Client 2 | Model: (ResNet8) | Acc: 98.53%
Round 70 | Client 3 | Model: (ResNet18) | Acc: 98.76%
Round 70 | Client 4 | Model: (MobileNetV2) | Acc: 97.64%
Round 70 | Client 5 | Model: (MobileNetV3) | Acc: 91.42%
Round 70 | Client 6 | Model: (LeNet) | Acc: 98.69%
Round 70 | Client 7 | Model: (AlexNet) | Acc: 98.84%
Round 70 | Client 8 | Model: (ShuffleNet) | Acc: 69.93%
Round 70 | Client 9 | Model: (SqueezeNet) | Acc: 97.81%
Round 70 | Client 11 | Model: (MLP) | Acc: 79.95%
Round 70 | Client 12 | Model: (CNN) | Acc: 83.99%
Round 70 | Client 13 | Model: (ResNet8) | Acc: 83.61%
Round 70 | Client 14 | Model: (ResNet18) | Acc: 83.79%
Round 70 | Client 15 | Model: (MobileNetV2) | Acc: 82.73%
Round 70 | Client 16 | Model: (MobileNetV3) | Acc: 75.26%
Round 70 | Client 17 | Model: (LeNet) | Acc: 82.57%
Round 70 | Client 18 | Model: (AlexNet) | Acc: 81.81%
Round 70 | Client 19 | Model: (ShuffleNet) | Acc: 83.05%
Round 70 | Client 20 | Model: (SqueezeNet) | Acc: 84.08%
Round 70 | Client 22 | Model: (MLP) | Acc: 42.93%
Round 70 | Client 23 | Model: (CNN) | Acc: 61.10%
Round 70 | Client 24 | Model: (ResNet8) | Acc: 63.81%
Round 70 | Client 25 | Model: (ResNet18) | Acc: 54.50%
Round 70 | Client 26 | Model: (MobileNetV2) | Acc: 43.02%
Round 70 | Client 27 | Model: (MobileNetV3) | Acc: 48.61%
Round 70 | Client 28 | Model: (LeNet) | Acc: 54.35%
Round 70 | Client 29 | Model: (AlexNet) | Acc: 56.97%
Round 70 | Client 30 | Model: (ShuffleNet) | Acc: 41.01%
Round 70 | Client 31 | Model: (SqueezeNet) | Acc: 39.89%
[Server] Aggregating by Dataset Name ...
[Server] Training Image-Based Global Generator...
  Epoch 1/10 | Loss: 0.1625
  Epoch 2/10 | Loss: 0.2446
  Epoch 3/10 | Loss: 0.0860
  Epoch 4/10 | Loss: 0.1617
  Epoch 5/10 | Loss: 0.1120
  Epoch 6/10 | Loss: 0.0944
  Epoch 7/10 | Loss: 0.1083
  Epoch 8/10 | Loss: 0.1378
  Epoch 9/10 | Loss: 0.0841
  Epoch 10/10 | Loss: 0.1229
[Server] Image-Based Global Generator training finished.
[Server] Training Final Global Inference Model ...
Detected 72 global classes: [0, 1, 2, 3, 4, 5, 6, 7, 8, 9, 10, 11, 12, 13, 14, 15, 16, 17, 18, 19, 20, 21, 22, 23, 24, 25, 26, 27, 28, 29, 30, 31, 32, 33, 34, 35, 36, 37, 38, 39, 40, 41, 42, 43, 44, 45, 46, 47, 48, 49, 50, 51, 52, 53, 54, 55, 56, 57, 58, 59, 60, 61, 62, 63, 64, 65, 66, 67, 68, 69, 70, 71]
Epoch 0 Loss: 0.0669
Epoch 1 Loss: 0.0607
Epoch 2 Loss: 0.0934
Epoch 3 Loss: 0.0590
Epoch 4 Loss: 0.0779
[Server] Global Inference Model Acc (MNIST) (Round 70): 0.81% (Tested on 9095 samples)
[Server] Global Inference Model Acc (EMNIST) (Round 70): 3.53% (Tested on 105779 samples)
[Server] Global Inference Model Acc (CIFAR10) (Round 70): 9.91% (Tested on 9100 samples)
[Server] Global Inference Model Acc (Mix) (Round 70): 3.80% (Tested on 123974 samples)
Selected client ids: [0, 1, 2, 3, 4, 5, 6, 7, 8, 9, 10, 11, 12, 13, 14, 15, 16, 17, 18, 19, 20, 21, 22, 23, 24, 25, 26, 27, 28, 29]
--- Round 71 ---
Round 71 | Client 0 | Model: (MLP) | Acc: 96.62%
Round 71 | Client 1 | Model: (CNN) | Acc: 97.67%
Round 71 | Client 2 | Model: (ResNet8) | Acc: 98.53%
Round 71 | Client 3 | Model: (ResNet18) | Acc: 97.74%
Round 71 | Client 4 | Model: (MobileNetV2) | Acc: 96.79%
Round 71 | Client 5 | Model: (MobileNetV3) | Acc: 91.86%
Round 71 | Client 6 | Model: (LeNet) | Acc: 98.69%
Round 71 | Client 7 | Model: (AlexNet) | Acc: 98.95%
Round 71 | Client 8 | Model: (ShuffleNet) | Acc: 70.94%
Round 71 | Client 9 | Model: (SqueezeNet) | Acc: 98.47%
Round 71 | Client 11 | Model: (MLP) | Acc: 79.86%
Round 71 | Client 12 | Model: (CNN) | Acc: 82.15%
Round 71 | Client 13 | Model: (ResNet8) | Acc: 82.81%
Round 71 | Client 14 | Model: (ResNet18) | Acc: 84.55%
Round 71 | Client 15 | Model: (MobileNetV2) | Acc: 82.94%
Round 71 | Client 16 | Model: (MobileNetV3) | Acc: 77.55%
Round 71 | Client 17 | Model: (LeNet) | Acc: 82.98%
Round 71 | Client 18 | Model: (AlexNet) | Acc: 82.26%
Round 71 | Client 19 | Model: (ShuffleNet) | Acc: 82.89%
Round 71 | Client 20 | Model: (SqueezeNet) | Acc: 82.92%
Round 71 | Client 22 | Model: (MLP) | Acc: 43.17%
Round 71 | Client 23 | Model: (CNN) | Acc: 53.85%
Round 71 | Client 24 | Model: (ResNet8) | Acc: 63.92%
Round 71 | Client 25 | Model: (ResNet18) | Acc: 56.27%
Round 71 | Client 26 | Model: (MobileNetV2) | Acc: 41.34%
Round 71 | Client 27 | Model: (MobileNetV3) | Acc: 47.85%
Round 71 | Client 28 | Model: (LeNet) | Acc: 54.90%
Round 71 | Client 29 | Model: (AlexNet) | Acc: 55.89%
Round 71 | Client 30 | Model: (ShuffleNet) | Acc: 41.12%
Round 71 | Client 31 | Model: (SqueezeNet) | Acc: 39.21%
[Server] Aggregating by Dataset Name ...
[Server] Training Image-Based Global Generator...
  Epoch 1/10 | Loss: 0.1794
  Epoch 2/10 | Loss: 0.1215
  Epoch 3/10 | Loss: 0.1479
  Epoch 4/10 | Loss: 0.1506
  Epoch 5/10 | Loss: 0.1214
  Epoch 6/10 | Loss: 0.1337
  Epoch 7/10 | Loss: 0.1249
  Epoch 8/10 | Loss: 0.0801
  Epoch 9/10 | Loss: 0.0801
  Epoch 10/10 | Loss: 0.1059
[Server] Image-Based Global Generator training finished.
[Server] Training Final Global Inference Model ...
Detected 72 global classes: [0, 1, 2, 3, 4, 5, 6, 7, 8, 9, 10, 11, 12, 13, 14, 15, 16, 17, 18, 19, 20, 21, 22, 23, 24, 25, 26, 27, 28, 29, 30, 31, 32, 33, 34, 35, 36, 37, 38, 39, 40, 41, 42, 43, 44, 45, 46, 47, 48, 49, 50, 51, 52, 53, 54, 55, 56, 57, 58, 59, 60, 61, 62, 63, 64, 65, 66, 67, 68, 69, 70, 71]
Epoch 0 Loss: 0.0539
Epoch 1 Loss: 0.0675
Epoch 2 Loss: 0.1703
Epoch 3 Loss: 0.0436
Epoch 4 Loss: 0.0491
[Server] Global Inference Model Acc (MNIST) (Round 71): 0.66% (Tested on 9095 samples)
[Server] Global Inference Model Acc (EMNIST) (Round 71): 3.56% (Tested on 105779 samples)
[Server] Global Inference Model Acc (CIFAR10) (Round 71): 9.46% (Tested on 9100 samples)
[Server] Global Inference Model Acc (Mix) (Round 71): 3.78% (Tested on 123974 samples)
Selected client ids: [0, 1, 2, 3, 4, 5, 6, 7, 8, 9, 10, 11, 12, 13, 14, 15, 16, 17, 18, 19, 20, 21, 22, 23, 24, 25, 26, 27, 28, 29]
--- Round 72 ---
Round 72 | Client 0 | Model: (MLP) | Acc: 96.73%
Round 72 | Client 1 | Model: (CNN) | Acc: 18.49%
Round 72 | Client 2 | Model: (ResNet8) | Acc: 98.53%
Round 72 | Client 3 | Model: (ResNet18) | Acc: 99.10%
Round 72 | Client 4 | Model: (MobileNetV2) | Acc: 97.00%
Round 72 | Client 5 | Model: (MobileNetV3) | Acc: 93.09%
Round 72 | Client 6 | Model: (LeNet) | Acc: 98.69%
Round 72 | Client 7 | Model: (AlexNet) | Acc: 98.95%
Round 72 | Client 8 | Model: (ShuffleNet) | Acc: 72.83%
Round 72 | Client 9 | Model: (SqueezeNet) | Acc: 97.92%
Round 72 | Client 11 | Model: (MLP) | Acc: 79.98%
Round 72 | Client 12 | Model: (CNN) | Acc: 84.06%
Round 72 | Client 13 | Model: (ResNet8) | Acc: 83.39%
Round 72 | Client 14 | Model: (ResNet18) | Acc: 84.20%
Round 72 | Client 15 | Model: (MobileNetV2) | Acc: 83.19%
Round 72 | Client 16 | Model: (MobileNetV3) | Acc: 79.47%
Round 72 | Client 17 | Model: (LeNet) | Acc: 82.59%
Round 72 | Client 18 | Model: (AlexNet) | Acc: 81.99%
Round 72 | Client 19 | Model: (ShuffleNet) | Acc: 82.85%
Round 72 | Client 20 | Model: (SqueezeNet) | Acc: 83.64%
Round 72 | Client 22 | Model: (MLP) | Acc: 43.29%
Round 72 | Client 23 | Model: (CNN) | Acc: 59.67%
Round 72 | Client 24 | Model: (ResNet8) | Acc: 64.24%
Round 72 | Client 25 | Model: (ResNet18) | Acc: 60.93%
Round 72 | Client 26 | Model: (MobileNetV2) | Acc: 40.19%
Round 72 | Client 27 | Model: (MobileNetV3) | Acc: 46.35%
Round 72 | Client 28 | Model: (LeNet) | Acc: 54.68%
Round 72 | Client 29 | Model: (AlexNet) | Acc: 56.00%
Round 72 | Client 30 | Model: (ShuffleNet) | Acc: 40.68%
Round 72 | Client 31 | Model: (SqueezeNet) | Acc: 39.33%
[Server] Aggregating by Dataset Name ...
[Server] Training Image-Based Global Generator...
  Epoch 1/10 | Loss: 0.2052
  Epoch 2/10 | Loss: 0.2205
  Epoch 3/10 | Loss: 0.2505
  Epoch 4/10 | Loss: 0.2214
  Epoch 5/10 | Loss: 0.2178
  Epoch 6/10 | Loss: 0.2198
  Epoch 7/10 | Loss: 0.1495
  Epoch 8/10 | Loss: 0.1070
  Epoch 9/10 | Loss: 0.0727
  Epoch 10/10 | Loss: 0.0988
[Server] Image-Based Global Generator training finished.
[Server] Training Final Global Inference Model ...
Detected 72 global classes: [0, 1, 2, 3, 4, 5, 6, 7, 8, 9, 10, 11, 12, 13, 14, 15, 16, 17, 18, 19, 20, 21, 22, 23, 24, 25, 26, 27, 28, 29, 30, 31, 32, 33, 34, 35, 36, 37, 38, 39, 40, 41, 42, 43, 44, 45, 46, 47, 48, 49, 50, 51, 52, 53, 54, 55, 56, 57, 58, 59, 60, 61, 62, 63, 64, 65, 66, 67, 68, 69, 70, 71]
Epoch 0 Loss: 0.0770
Epoch 1 Loss: 0.0907
Epoch 2 Loss: 0.0570
Epoch 3 Loss: 0.0710
Epoch 4 Loss: 0.0489
[Server] Global Inference Model Acc (MNIST) (Round 72): 0.75% (Tested on 9095 samples)
[Server] Global Inference Model Acc (EMNIST) (Round 72): 3.23% (Tested on 105779 samples)
[Server] Global Inference Model Acc (CIFAR10) (Round 72): 11.62% (Tested on 9100 samples)
[Server] Global Inference Model Acc (Mix) (Round 72): 3.67% (Tested on 123974 samples)
Selected client ids: [0, 1, 2, 3, 4, 5, 6, 7, 8, 9, 10, 11, 12, 13, 14, 15, 16, 17, 18, 19, 20, 21, 22, 23, 24, 25, 26, 27, 28, 29]
--- Round 73 ---
Round 73 | Client 0 | Model: (MLP) | Acc: 96.73%
Round 73 | Client 1 | Model: (CNN) | Acc: 44.96%
Round 73 | Client 2 | Model: (ResNet8) | Acc: 98.53%
Round 73 | Client 3 | Model: (ResNet18) | Acc: 98.98%
Round 73 | Client 4 | Model: (MobileNetV2) | Acc: 97.11%
Round 73 | Client 5 | Model: (MobileNetV3) | Acc: 91.97%
Round 73 | Client 6 | Model: (LeNet) | Acc: 98.69%
Round 73 | Client 7 | Model: (AlexNet) | Acc: 98.84%
Round 73 | Client 8 | Model: (ShuffleNet) | Acc: 72.27%
Round 73 | Client 9 | Model: (SqueezeNet) | Acc: 97.92%
Round 73 | Client 11 | Model: (MLP) | Acc: 80.01%
Round 73 | Client 12 | Model: (CNN) | Acc: 82.12%
Round 73 | Client 13 | Model: (ResNet8) | Acc: 83.88%
Round 73 | Client 14 | Model: (ResNet18) | Acc: 84.02%
Round 73 | Client 15 | Model: (MobileNetV2) | Acc: 82.92%
Round 73 | Client 16 | Model: (MobileNetV3) | Acc: 78.39%
Round 73 | Client 17 | Model: (LeNet) | Acc: 82.77%
Round 73 | Client 18 | Model: (AlexNet) | Acc: 82.07%
Round 73 | Client 19 | Model: (ShuffleNet) | Acc: 82.89%
Round 73 | Client 20 | Model: (SqueezeNet) | Acc: 83.63%
Round 73 | Client 22 | Model: (MLP) | Acc: 43.17%
Round 73 | Client 23 | Model: (CNN) | Acc: 60.22%
Round 73 | Client 24 | Model: (ResNet8) | Acc: 63.70%
Round 73 | Client 25 | Model: (ResNet18) | Acc: 57.94%
Round 73 | Client 26 | Model: (MobileNetV2) | Acc: 42.39%
Round 73 | Client 27 | Model: (MobileNetV3) | Acc: 47.53%
Round 73 | Client 28 | Model: (LeNet) | Acc: 54.68%
Round 73 | Client 29 | Model: (AlexNet) | Acc: 56.11%
Round 73 | Client 30 | Model: (ShuffleNet) | Acc: 40.02%
Round 73 | Client 31 | Model: (SqueezeNet) | Acc: 41.80%
[Server] Aggregating by Dataset Name ...
[Server] Training Image-Based Global Generator...
  Epoch 1/10 | Loss: 0.2092
  Epoch 2/10 | Loss: 0.1620
  Epoch 3/10 | Loss: 0.1436
  Epoch 4/10 | Loss: 0.1499
  Epoch 5/10 | Loss: 0.2158
  Epoch 6/10 | Loss: 0.1621
  Epoch 7/10 | Loss: 0.1471
  Epoch 8/10 | Loss: 0.1449
  Epoch 9/10 | Loss: 0.1761
  Epoch 10/10 | Loss: 0.1012
[Server] Image-Based Global Generator training finished.
[Server] Training Final Global Inference Model ...
Detected 72 global classes: [0, 1, 2, 3, 4, 5, 6, 7, 8, 9, 10, 11, 12, 13, 14, 15, 16, 17, 18, 19, 20, 21, 22, 23, 24, 25, 26, 27, 28, 29, 30, 31, 32, 33, 34, 35, 36, 37, 38, 39, 40, 41, 42, 43, 44, 45, 46, 47, 48, 49, 50, 51, 52, 53, 54, 55, 56, 57, 58, 59, 60, 61, 62, 63, 64, 65, 66, 67, 68, 69, 70, 71]
Epoch 0 Loss: 0.0699
Epoch 1 Loss: 0.0399
Epoch 2 Loss: 0.0638
Epoch 3 Loss: 0.0696
Epoch 4 Loss: 0.0636
[Server] Global Inference Model Acc (MNIST) (Round 73): 1.18% (Tested on 9095 samples)
[Server] Global Inference Model Acc (EMNIST) (Round 73): 3.41% (Tested on 105779 samples)
[Server] Global Inference Model Acc (CIFAR10) (Round 73): 11.84% (Tested on 9100 samples)
[Server] Global Inference Model Acc (Mix) (Round 73): 3.87% (Tested on 123974 samples)
Selected client ids: [0, 1, 2, 3, 4, 5, 6, 7, 8, 9, 10, 11, 12, 13, 14, 15, 16, 17, 18, 19, 20, 21, 22, 23, 24, 25, 26, 27, 28, 29]
--- Round 74 ---
Round 74 | Client 0 | Model: (MLP) | Acc: 96.73%
Round 74 | Client 1 | Model: (CNN) | Acc: 89.26%
Round 74 | Client 2 | Model: (ResNet8) | Acc: 98.75%
Round 74 | Client 3 | Model: (ResNet18) | Acc: 99.21%
Round 74 | Client 4 | Model: (MobileNetV2) | Acc: 95.29%
Round 74 | Client 5 | Model: (MobileNetV3) | Acc: 93.09%
Round 74 | Client 6 | Model: (LeNet) | Acc: 98.69%
Round 74 | Client 7 | Model: (AlexNet) | Acc: 98.95%
Round 74 | Client 8 | Model: (ShuffleNet) | Acc: 73.61%
Round 74 | Client 9 | Model: (SqueezeNet) | Acc: 98.80%
Round 74 | Client 11 | Model: (MLP) | Acc: 79.82%
Round 74 | Client 12 | Model: (CNN) | Acc: 82.58%
Round 74 | Client 13 | Model: (ResNet8) | Acc: 83.00%
Round 74 | Client 14 | Model: (ResNet18) | Acc: 84.22%
Round 74 | Client 15 | Model: (MobileNetV2) | Acc: 82.83%
Round 74 | Client 16 | Model: (MobileNetV3) | Acc: 78.51%
Round 74 | Client 17 | Model: (LeNet) | Acc: 82.64%
Round 74 | Client 18 | Model: (AlexNet) | Acc: 81.67%
Round 74 | Client 19 | Model: (ShuffleNet) | Acc: 82.71%
Round 74 | Client 20 | Model: (SqueezeNet) | Acc: 84.05%
Round 74 | Client 22 | Model: (MLP) | Acc: 42.93%
Round 74 | Client 23 | Model: (CNN) | Acc: 59.89%
Round 74 | Client 24 | Model: (ResNet8) | Acc: 63.92%
Round 74 | Client 25 | Model: (ResNet18) | Acc: 59.82%
Round 74 | Client 26 | Model: (MobileNetV2) | Acc: 40.40%
Round 74 | Client 27 | Model: (MobileNetV3) | Acc: 49.14%
Round 74 | Client 28 | Model: (LeNet) | Acc: 54.79%
Round 74 | Client 29 | Model: (AlexNet) | Acc: 56.54%
Round 74 | Client 30 | Model: (ShuffleNet) | Acc: 38.71%
Round 74 | Client 31 | Model: (SqueezeNet) | Acc: 41.01%
[Server] Aggregating by Dataset Name ...
[Server] Training Image-Based Global Generator...
  Epoch 1/10 | Loss: 0.1522
  Epoch 2/10 | Loss: 0.1251
  Epoch 3/10 | Loss: 0.2118
  Epoch 4/10 | Loss: 0.2027
  Epoch 5/10 | Loss: 0.1073
  Epoch 6/10 | Loss: 0.1037
  Epoch 7/10 | Loss: 0.1098
  Epoch 8/10 | Loss: 0.1042
  Epoch 9/10 | Loss: 0.1156
  Epoch 10/10 | Loss: 0.0896
[Server] Image-Based Global Generator training finished.
[Server] Training Final Global Inference Model ...
Detected 72 global classes: [0, 1, 2, 3, 4, 5, 6, 7, 8, 9, 10, 11, 12, 13, 14, 15, 16, 17, 18, 19, 20, 21, 22, 23, 24, 25, 26, 27, 28, 29, 30, 31, 32, 33, 34, 35, 36, 37, 38, 39, 40, 41, 42, 43, 44, 45, 46, 47, 48, 49, 50, 51, 52, 53, 54, 55, 56, 57, 58, 59, 60, 61, 62, 63, 64, 65, 66, 67, 68, 69, 70, 71]
Epoch 0 Loss: 0.0725
Epoch 1 Loss: 0.0531
Epoch 2 Loss: 0.0802
Epoch 3 Loss: 0.0385
Epoch 4 Loss: 0.0765
[Server] Global Inference Model Acc (MNIST) (Round 74): 0.57% (Tested on 9095 samples)
[Server] Global Inference Model Acc (EMNIST) (Round 74): 3.83% (Tested on 105779 samples)
[Server] Global Inference Model Acc (CIFAR10) (Round 74): 10.20% (Tested on 9100 samples)
[Server] Global Inference Model Acc (Mix) (Round 74): 4.06% (Tested on 123974 samples)
Selected client ids: [0, 1, 2, 3, 4, 5, 6, 7, 8, 9, 10, 11, 12, 13, 14, 15, 16, 17, 18, 19, 20, 21, 22, 23, 24, 25, 26, 27, 28, 29]
--- Round 75 ---
Round 75 | Client 0 | Model: (MLP) | Acc: 96.73%
Round 75 | Client 1 | Model: (CNN) | Acc: 85.38%
Round 75 | Client 2 | Model: (ResNet8) | Acc: 98.64%
Round 75 | Client 3 | Model: (ResNet18) | Acc: 99.32%
Round 75 | Client 4 | Model: (MobileNetV2) | Acc: 96.47%
Round 75 | Client 5 | Model: (MobileNetV3) | Acc: 92.53%
Round 75 | Client 6 | Model: (LeNet) | Acc: 98.69%
Round 75 | Client 7 | Model: (AlexNet) | Acc: 98.84%
Round 75 | Client 8 | Model: (ShuffleNet) | Acc: 70.60%
Round 75 | Client 9 | Model: (SqueezeNet) | Acc: 99.02%
Round 75 | Client 11 | Model: (MLP) | Acc: 79.22%
Round 75 | Client 12 | Model: (CNN) | Acc: 83.48%
Round 75 | Client 13 | Model: (ResNet8) | Acc: 81.62%
Round 75 | Client 14 | Model: (ResNet18) | Acc: 84.30%
Round 75 | Client 15 | Model: (MobileNetV2) | Acc: 83.10%
Round 75 | Client 16 | Model: (MobileNetV3) | Acc: 78.30%
Round 75 | Client 17 | Model: (LeNet) | Acc: 82.79%
Round 75 | Client 18 | Model: (AlexNet) | Acc: 81.70%
Round 75 | Client 19 | Model: (ShuffleNet) | Acc: 83.04%
Round 75 | Client 20 | Model: (SqueezeNet) | Acc: 82.91%
Round 75 | Client 22 | Model: (MLP) | Acc: 43.17%
Round 75 | Client 23 | Model: (CNN) | Acc: 64.40%
Round 75 | Client 24 | Model: (ResNet8) | Acc: 64.56%
Round 75 | Client 25 | Model: (ResNet18) | Acc: 60.04%
Round 75 | Client 26 | Model: (MobileNetV2) | Acc: 40.61%
Round 75 | Client 27 | Model: (MobileNetV3) | Acc: 46.24%
Round 75 | Client 28 | Model: (LeNet) | Acc: 55.01%
Round 75 | Client 29 | Model: (AlexNet) | Acc: 56.32%
Round 75 | Client 30 | Model: (ShuffleNet) | Acc: 38.71%
Round 75 | Client 31 | Model: (SqueezeNet) | Acc: 43.37%
[Server] Aggregating by Dataset Name ...
[Server] Training Image-Based Global Generator...
  Epoch 1/10 | Loss: 0.1219
  Epoch 2/10 | Loss: 0.1839
  Epoch 3/10 | Loss: 0.0668
  Epoch 4/10 | Loss: 0.1232
  Epoch 5/10 | Loss: 0.2147
  Epoch 6/10 | Loss: 0.2008
  Epoch 7/10 | Loss: 0.0766
  Epoch 8/10 | Loss: 0.1364
  Epoch 9/10 | Loss: 0.0877
  Epoch 10/10 | Loss: 0.0786
[Server] Image-Based Global Generator training finished.
[Server] Training Final Global Inference Model ...
Detected 72 global classes: [0, 1, 2, 3, 4, 5, 6, 7, 8, 9, 10, 11, 12, 13, 14, 15, 16, 17, 18, 19, 20, 21, 22, 23, 24, 25, 26, 27, 28, 29, 30, 31, 32, 33, 34, 35, 36, 37, 38, 39, 40, 41, 42, 43, 44, 45, 46, 47, 48, 49, 50, 51, 52, 53, 54, 55, 56, 57, 58, 59, 60, 61, 62, 63, 64, 65, 66, 67, 68, 69, 70, 71]
Epoch 0 Loss: 0.0572
Epoch 1 Loss: 0.0447
Epoch 2 Loss: 0.0480
Epoch 3 Loss: 0.0623
Epoch 4 Loss: 0.0919
[Server] Global Inference Model Acc (MNIST) (Round 75): 0.66% (Tested on 9095 samples)
[Server] Global Inference Model Acc (EMNIST) (Round 75): 3.58% (Tested on 105779 samples)
[Server] Global Inference Model Acc (CIFAR10) (Round 75): 9.08% (Tested on 9100 samples)
[Server] Global Inference Model Acc (Mix) (Round 75): 3.77% (Tested on 123974 samples)
Selected client ids: [0, 1, 2, 3, 4, 5, 6, 7, 8, 9, 10, 11, 12, 13, 14, 15, 16, 17, 18, 19, 20, 21, 22, 23, 24, 25, 26, 27, 28, 29]
--- Round 76 ---
Round 76 | Client 0 | Model: (MLP) | Acc: 96.73%
Round 76 | Client 1 | Model: (CNN) | Acc: 98.01%
Round 76 | Client 2 | Model: (ResNet8) | Acc: 98.75%
Round 76 | Client 3 | Model: (ResNet18) | Acc: 99.55%
Round 76 | Client 4 | Model: (MobileNetV2) | Acc: 96.25%
Round 76 | Client 5 | Model: (MobileNetV3) | Acc: 92.64%
Round 76 | Client 6 | Model: (LeNet) | Acc: 98.69%
Round 76 | Client 7 | Model: (AlexNet) | Acc: 98.95%
Round 76 | Client 8 | Model: (ShuffleNet) | Acc: 73.83%
Round 76 | Client 9 | Model: (SqueezeNet) | Acc: 98.91%
Round 76 | Client 11 | Model: (MLP) | Acc: 79.51%
Round 76 | Client 12 | Model: (CNN) | Acc: 83.62%
Round 76 | Client 13 | Model: (ResNet8) | Acc: 82.95%
Round 76 | Client 14 | Model: (ResNet18) | Acc: 84.54%
Round 76 | Client 15 | Model: (MobileNetV2) | Acc: 82.51%
Round 76 | Client 16 | Model: (MobileNetV3) | Acc: 78.68%
Round 76 | Client 17 | Model: (LeNet) | Acc: 82.30%
Round 76 | Client 18 | Model: (AlexNet) | Acc: 82.02%
Round 76 | Client 19 | Model: (ShuffleNet) | Acc: 82.57%
Round 76 | Client 20 | Model: (SqueezeNet) | Acc: 83.47%
Round 76 | Client 22 | Model: (MLP) | Acc: 43.17%
Round 76 | Client 23 | Model: (CNN) | Acc: 66.37%
Round 76 | Client 24 | Model: (ResNet8) | Acc: 63.60%
Round 76 | Client 25 | Model: (ResNet18) | Acc: 61.27%
Round 76 | Client 26 | Model: (MobileNetV2) | Acc: 43.65%
Round 76 | Client 27 | Model: (MobileNetV3) | Acc: 47.42%
Round 76 | Client 28 | Model: (LeNet) | Acc: 54.79%
Round 76 | Client 29 | Model: (AlexNet) | Acc: 56.32%
Round 76 | Client 30 | Model: (ShuffleNet) | Acc: 39.04%
Round 76 | Client 31 | Model: (SqueezeNet) | Acc: 41.12%
[Server] Aggregating by Dataset Name ...
[Server] Training Image-Based Global Generator...
  Epoch 1/10 | Loss: 0.1675
  Epoch 2/10 | Loss: 0.1083
  Epoch 3/10 | Loss: 0.0834
  Epoch 4/10 | Loss: 0.1583
  Epoch 5/10 | Loss: 0.0962
  Epoch 6/10 | Loss: 0.0985
  Epoch 7/10 | Loss: 0.1146
  Epoch 8/10 | Loss: 0.1619
  Epoch 9/10 | Loss: 0.0947
  Epoch 10/10 | Loss: 0.0986
[Server] Image-Based Global Generator training finished.
[Server] Training Final Global Inference Model ...
Detected 72 global classes: [0, 1, 2, 3, 4, 5, 6, 7, 8, 9, 10, 11, 12, 13, 14, 15, 16, 17, 18, 19, 20, 21, 22, 23, 24, 25, 26, 27, 28, 29, 30, 31, 32, 33, 34, 35, 36, 37, 38, 39, 40, 41, 42, 43, 44, 45, 46, 47, 48, 49, 50, 51, 52, 53, 54, 55, 56, 57, 58, 59, 60, 61, 62, 63, 64, 65, 66, 67, 68, 69, 70, 71]
Epoch 0 Loss: 0.0482
Epoch 1 Loss: 0.0598
Epoch 2 Loss: 0.0495
Epoch 3 Loss: 0.0915
Epoch 4 Loss: 0.0501
[Server] Global Inference Model Acc (MNIST) (Round 76): 0.75% (Tested on 9095 samples)
[Server] Global Inference Model Acc (EMNIST) (Round 76): 3.96% (Tested on 105779 samples)
[Server] Global Inference Model Acc (CIFAR10) (Round 76): 12.02% (Tested on 9100 samples)
[Server] Global Inference Model Acc (Mix) (Round 76): 4.32% (Tested on 123974 samples)
Selected client ids: [0, 1, 2, 3, 4, 5, 6, 7, 8, 9, 10, 11, 12, 13, 14, 15, 16, 17, 18, 19, 20, 21, 22, 23, 24, 25, 26, 27, 28, 29]
--- Round 77 ---
Round 77 | Client 0 | Model: (MLP) | Acc: 96.73%
Round 77 | Client 1 | Model: (CNN) | Acc: 98.12%
Round 77 | Client 2 | Model: (ResNet8) | Acc: 98.64%
Round 77 | Client 3 | Model: (ResNet18) | Acc: 99.55%
Round 77 | Client 4 | Model: (MobileNetV2) | Acc: 96.90%
Round 77 | Client 5 | Model: (MobileNetV3) | Acc: 93.53%
Round 77 | Client 6 | Model: (LeNet) | Acc: 98.69%
Round 77 | Client 7 | Model: (AlexNet) | Acc: 98.84%
Round 77 | Client 8 | Model: (ShuffleNet) | Acc: 73.50%
Round 77 | Client 9 | Model: (SqueezeNet) | Acc: 98.25%
Round 77 | Client 11 | Model: (MLP) | Acc: 80.10%
Round 77 | Client 12 | Model: (CNN) | Acc: 83.35%
Round 77 | Client 13 | Model: (ResNet8) | Acc: 83.09%
Round 77 | Client 14 | Model: (ResNet18) | Acc: 83.89%
Round 77 | Client 15 | Model: (MobileNetV2) | Acc: 81.73%
Round 77 | Client 16 | Model: (MobileNetV3) | Acc: 78.92%
Round 77 | Client 17 | Model: (LeNet) | Acc: 82.86%
Round 77 | Client 18 | Model: (AlexNet) | Acc: 81.90%
Round 77 | Client 19 | Model: (ShuffleNet) | Acc: 82.88%
Round 77 | Client 20 | Model: (SqueezeNet) | Acc: 83.70%
Round 77 | Client 22 | Model: (MLP) | Acc: 43.05%
Round 77 | Client 23 | Model: (CNN) | Acc: 66.59%
Round 77 | Client 24 | Model: (ResNet8) | Acc: 64.24%
Round 77 | Client 25 | Model: (ResNet18) | Acc: 63.15%
Round 77 | Client 26 | Model: (MobileNetV2) | Acc: 41.87%
Round 77 | Client 27 | Model: (MobileNetV3) | Acc: 47.53%
Round 77 | Client 28 | Model: (LeNet) | Acc: 55.12%
Round 77 | Client 29 | Model: (AlexNet) | Acc: 56.11%
Round 77 | Client 30 | Model: (ShuffleNet) | Acc: 38.49%
Round 77 | Client 31 | Model: (SqueezeNet) | Acc: 43.82%
[Server] Aggregating by Dataset Name ...
[Server] Training Image-Based Global Generator...
  Epoch 1/10 | Loss: 0.1099
  Epoch 2/10 | Loss: 0.1350
  Epoch 3/10 | Loss: 0.1462
  Epoch 4/10 | Loss: 0.1389
  Epoch 5/10 | Loss: 0.1229
  Epoch 6/10 | Loss: 0.0990
  Epoch 7/10 | Loss: 0.0951
  Epoch 8/10 | Loss: 0.0948
  Epoch 9/10 | Loss: 0.0626
  Epoch 10/10 | Loss: 0.0906
[Server] Image-Based Global Generator training finished.
[Server] Training Final Global Inference Model ...
Detected 72 global classes: [0, 1, 2, 3, 4, 5, 6, 7, 8, 9, 10, 11, 12, 13, 14, 15, 16, 17, 18, 19, 20, 21, 22, 23, 24, 25, 26, 27, 28, 29, 30, 31, 32, 33, 34, 35, 36, 37, 38, 39, 40, 41, 42, 43, 44, 45, 46, 47, 48, 49, 50, 51, 52, 53, 54, 55, 56, 57, 58, 59, 60, 61, 62, 63, 64, 65, 66, 67, 68, 69, 70, 71]
Epoch 0 Loss: 0.0501
Epoch 1 Loss: 0.0414
Epoch 2 Loss: 0.0909
Epoch 3 Loss: 0.0689
Epoch 4 Loss: 0.0378
[Server] Global Inference Model Acc (MNIST) (Round 77): 0.95% (Tested on 9095 samples)
[Server] Global Inference Model Acc (EMNIST) (Round 77): 4.11% (Tested on 105779 samples)
[Server] Global Inference Model Acc (CIFAR10) (Round 77): 13.43% (Tested on 9100 samples)
[Server] Global Inference Model Acc (Mix) (Round 77): 4.56% (Tested on 123974 samples)
Selected client ids: [0, 1, 2, 3, 4, 5, 6, 7, 8, 9, 10, 11, 12, 13, 14, 15, 16, 17, 18, 19, 20, 21, 22, 23, 24, 25, 26, 27, 28, 29]
--- Round 78 ---
Round 78 | Client 0 | Model: (MLP) | Acc: 96.73%
Round 78 | Client 1 | Model: (CNN) | Acc: 97.67%
Round 78 | Client 2 | Model: (ResNet8) | Acc: 98.41%
Round 78 | Client 3 | Model: (ResNet18) | Acc: 98.64%
Round 78 | Client 4 | Model: (MobileNetV2) | Acc: 97.64%
Round 78 | Client 5 | Model: (MobileNetV3) | Acc: 92.53%
Round 78 | Client 6 | Model: (LeNet) | Acc: 98.69%
Round 78 | Client 7 | Model: (AlexNet) | Acc: 98.74%
Round 78 | Client 8 | Model: (ShuffleNet) | Acc: 70.82%
Round 78 | Client 9 | Model: (SqueezeNet) | Acc: 98.47%
Round 78 | Client 11 | Model: (MLP) | Acc: 79.10%
Round 78 | Client 12 | Model: (CNN) | Acc: 83.66%
Round 78 | Client 13 | Model: (ResNet8) | Acc: 83.08%
Round 78 | Client 14 | Model: (ResNet18) | Acc: 84.15%
Round 78 | Client 15 | Model: (MobileNetV2) | Acc: 82.74%
Round 78 | Client 16 | Model: (MobileNetV3) | Acc: 76.90%
Round 78 | Client 17 | Model: (LeNet) | Acc: 82.45%
Round 78 | Client 18 | Model: (AlexNet) | Acc: 82.13%
Round 78 | Client 19 | Model: (ShuffleNet) | Acc: 83.10%
Round 78 | Client 20 | Model: (SqueezeNet) | Acc: 82.78%
Round 78 | Client 22 | Model: (MLP) | Acc: 43.17%
Round 78 | Client 23 | Model: (CNN) | Acc: 64.18%
Round 78 | Client 24 | Model: (ResNet8) | Acc: 63.38%
Round 78 | Client 25 | Model: (ResNet18) | Acc: 59.60%
Round 78 | Client 26 | Model: (MobileNetV2) | Acc: 40.40%
Round 78 | Client 27 | Model: (MobileNetV3) | Acc: 47.64%
Round 78 | Client 28 | Model: (LeNet) | Acc: 54.68%
Round 78 | Client 29 | Model: (AlexNet) | Acc: 56.00%
Round 78 | Client 30 | Model: (ShuffleNet) | Acc: 39.80%
Round 78 | Client 31 | Model: (SqueezeNet) | Acc: 42.47%
[Server] Aggregating by Dataset Name ...
[Server] Training Image-Based Global Generator...
  Epoch 1/10 | Loss: 0.0738
  Epoch 2/10 | Loss: 0.1788
  Epoch 3/10 | Loss: 0.1433
  Epoch 4/10 | Loss: 0.1214
  Epoch 5/10 | Loss: 0.1204
  Epoch 6/10 | Loss: 0.1347
  Epoch 7/10 | Loss: 0.1829
  Epoch 8/10 | Loss: 0.1088
  Epoch 9/10 | Loss: 0.1572
  Epoch 10/10 | Loss: 0.1002
[Server] Image-Based Global Generator training finished.
[Server] Training Final Global Inference Model ...
Detected 72 global classes: [0, 1, 2, 3, 4, 5, 6, 7, 8, 9, 10, 11, 12, 13, 14, 15, 16, 17, 18, 19, 20, 21, 22, 23, 24, 25, 26, 27, 28, 29, 30, 31, 32, 33, 34, 35, 36, 37, 38, 39, 40, 41, 42, 43, 44, 45, 46, 47, 48, 49, 50, 51, 52, 53, 54, 55, 56, 57, 58, 59, 60, 61, 62, 63, 64, 65, 66, 67, 68, 69, 70, 71]
Epoch 0 Loss: 0.0403
Epoch 1 Loss: 0.0500
Epoch 2 Loss: 0.0263
Epoch 3 Loss: 0.0443
Epoch 4 Loss: 0.0302
[Server] Global Inference Model Acc (MNIST) (Round 78): 0.78% (Tested on 9095 samples)
[Server] Global Inference Model Acc (EMNIST) (Round 78): 3.91% (Tested on 105779 samples)
[Server] Global Inference Model Acc (CIFAR10) (Round 78): 11.25% (Tested on 9100 samples)
[Server] Global Inference Model Acc (Mix) (Round 78): 4.22% (Tested on 123974 samples)
Selected client ids: [0, 1, 2, 3, 4, 5, 6, 7, 8, 9, 10, 11, 12, 13, 14, 15, 16, 17, 18, 19, 20, 21, 22, 23, 24, 25, 26, 27, 28, 29]
--- Round 79 ---
Round 79 | Client 0 | Model: (MLP) | Acc: 96.73%
Round 79 | Client 1 | Model: (CNN) | Acc: 97.67%
Round 79 | Client 2 | Model: (ResNet8) | Acc: 98.64%
Round 79 | Client 3 | Model: (ResNet18) | Acc: 99.10%
Round 79 | Client 4 | Model: (MobileNetV2) | Acc: 97.11%
Round 79 | Client 5 | Model: (MobileNetV3) | Acc: 90.75%
Round 79 | Client 6 | Model: (LeNet) | Acc: 98.69%
Round 79 | Client 7 | Model: (AlexNet) | Acc: 98.95%
Round 79 | Client 8 | Model: (ShuffleNet) | Acc: 74.16%
Round 79 | Client 9 | Model: (SqueezeNet) | Acc: 96.39%
Round 79 | Client 11 | Model: (MLP) | Acc: 79.05%
Round 79 | Client 12 | Model: (CNN) | Acc: 82.41%
Round 79 | Client 13 | Model: (ResNet8) | Acc: 83.08%
Round 79 | Client 14 | Model: (ResNet18) | Acc: 84.62%
Round 79 | Client 15 | Model: (MobileNetV2) | Acc: 82.08%
Round 79 | Client 16 | Model: (MobileNetV3) | Acc: 78.01%
Round 79 | Client 17 | Model: (LeNet) | Acc: 82.81%
Round 79 | Client 18 | Model: (AlexNet) | Acc: 81.44%
Round 79 | Client 19 | Model: (ShuffleNet) | Acc: 83.23%
Round 79 | Client 20 | Model: (SqueezeNet) | Acc: 83.82%
Round 79 | Client 22 | Model: (MLP) | Acc: 43.29%
Round 79 | Client 23 | Model: (CNN) | Acc: 62.20%
Round 79 | Client 24 | Model: (ResNet8) | Acc: 64.67%
Round 79 | Client 25 | Model: (ResNet18) | Acc: 60.60%
Round 79 | Client 26 | Model: (MobileNetV2) | Acc: 41.55%
Round 79 | Client 27 | Model: (MobileNetV3) | Acc: 47.10%
Round 79 | Client 28 | Model: (LeNet) | Acc: 55.01%
Round 79 | Client 29 | Model: (AlexNet) | Acc: 56.11%
Round 79 | Client 30 | Model: (ShuffleNet) | Acc: 39.58%
Round 79 | Client 31 | Model: (SqueezeNet) | Acc: 42.92%
[Server] Aggregating by Dataset Name ...
[Server] Training Image-Based Global Generator...
  Epoch 1/10 | Loss: 0.0945
  Epoch 2/10 | Loss: 0.1624
  Epoch 3/10 | Loss: 0.1000
  Epoch 4/10 | Loss: 0.1396
  Epoch 5/10 | Loss: 0.1245
  Epoch 6/10 | Loss: 0.0608
  Epoch 7/10 | Loss: 0.0815
  Epoch 8/10 | Loss: 0.1116
  Epoch 9/10 | Loss: 0.0767
  Epoch 10/10 | Loss: 0.0940
[Server] Image-Based Global Generator training finished.
[Server] Training Final Global Inference Model ...
Detected 72 global classes: [0, 1, 2, 3, 4, 5, 6, 7, 8, 9, 10, 11, 12, 13, 14, 15, 16, 17, 18, 19, 20, 21, 22, 23, 24, 25, 26, 27, 28, 29, 30, 31, 32, 33, 34, 35, 36, 37, 38, 39, 40, 41, 42, 43, 44, 45, 46, 47, 48, 49, 50, 51, 52, 53, 54, 55, 56, 57, 58, 59, 60, 61, 62, 63, 64, 65, 66, 67, 68, 69, 70, 71]
Epoch 0 Loss: 0.0390
Epoch 1 Loss: 0.0296
Epoch 2 Loss: 0.0458
Epoch 3 Loss: 0.1021
Epoch 4 Loss: 0.0524
[Server] Global Inference Model Acc (MNIST) (Round 79): 0.59% (Tested on 9095 samples)
[Server] Global Inference Model Acc (EMNIST) (Round 79): 3.69% (Tested on 105779 samples)
[Server] Global Inference Model Acc (CIFAR10) (Round 79): 11.47% (Tested on 9100 samples)
[Server] Global Inference Model Acc (Mix) (Round 79): 4.03% (Tested on 123974 samples)
Selected client ids: [0, 1, 2, 3, 4, 5, 6, 7, 8, 9, 10, 11, 12, 13, 14, 15, 16, 17, 18, 19, 20, 21, 22, 23, 24, 25, 26, 27, 28, 29]
--- Round 80 ---
Round 80 | Client 0 | Model: (MLP) | Acc: 96.73%
Round 80 | Client 1 | Model: (CNN) | Acc: 98.34%
Round 80 | Client 2 | Model: (ResNet8) | Acc: 98.75%
Round 80 | Client 3 | Model: (ResNet18) | Acc: 99.21%
Round 80 | Client 4 | Model: (MobileNetV2) | Acc: 96.90%
Round 80 | Client 5 | Model: (MobileNetV3) | Acc: 93.65%
Round 80 | Client 6 | Model: (LeNet) | Acc: 98.69%
Round 80 | Client 7 | Model: (AlexNet) | Acc: 98.84%
Round 80 | Client 8 | Model: (ShuffleNet) | Acc: 70.38%
Round 80 | Client 9 | Model: (SqueezeNet) | Acc: 97.16%
Round 80 | Client 11 | Model: (MLP) | Acc: 79.86%
Round 80 | Client 12 | Model: (CNN) | Acc: 83.53%
Round 80 | Client 13 | Model: (ResNet8) | Acc: 83.81%
Round 80 | Client 14 | Model: (ResNet18) | Acc: 84.31%
Round 80 | Client 15 | Model: (MobileNetV2) | Acc: 82.37%
Round 80 | Client 16 | Model: (MobileNetV3) | Acc: 79.70%
Round 80 | Client 17 | Model: (LeNet) | Acc: 81.79%
Round 80 | Client 18 | Model: (AlexNet) | Acc: 82.21%
Round 80 | Client 19 | Model: (ShuffleNet) | Acc: 83.14%
Round 80 | Client 20 | Model: (SqueezeNet) | Acc: 84.01%
Round 80 | Client 22 | Model: (MLP) | Acc: 43.17%
Round 80 | Client 23 | Model: (CNN) | Acc: 55.71%
Round 80 | Client 24 | Model: (ResNet8) | Acc: 62.96%
Round 80 | Client 25 | Model: (ResNet18) | Acc: 54.50%
Round 80 | Client 26 | Model: (MobileNetV2) | Acc: 41.87%
Round 80 | Client 27 | Model: (MobileNetV3) | Acc: 46.03%
Round 80 | Client 28 | Model: (LeNet) | Acc: 54.79%
Round 80 | Client 29 | Model: (AlexNet) | Acc: 56.32%
Round 80 | Client 30 | Model: (ShuffleNet) | Acc: 39.80%
Round 80 | Client 31 | Model: (SqueezeNet) | Acc: 40.90%
[Server] Aggregating by Dataset Name ...
[Server] Training Image-Based Global Generator...
  Epoch 1/10 | Loss: 0.1488
  Epoch 2/10 | Loss: 0.1024
  Epoch 3/10 | Loss: 0.0887
  Epoch 4/10 | Loss: 0.1082
  Epoch 5/10 | Loss: 0.1216
  Epoch 6/10 | Loss: 0.1047
  Epoch 7/10 | Loss: 0.0959
  Epoch 8/10 | Loss: 0.0836
  Epoch 9/10 | Loss: 0.1265
  Epoch 10/10 | Loss: 0.1273
[Server] Image-Based Global Generator training finished.
[Server] Training Final Global Inference Model ...
Detected 72 global classes: [0, 1, 2, 3, 4, 5, 6, 7, 8, 9, 10, 11, 12, 13, 14, 15, 16, 17, 18, 19, 20, 21, 22, 23, 24, 25, 26, 27, 28, 29, 30, 31, 32, 33, 34, 35, 36, 37, 38, 39, 40, 41, 42, 43, 44, 45, 46, 47, 48, 49, 50, 51, 52, 53, 54, 55, 56, 57, 58, 59, 60, 61, 62, 63, 64, 65, 66, 67, 68, 69, 70, 71]
Epoch 0 Loss: 0.0386
Epoch 1 Loss: 0.0400
Epoch 2 Loss: 0.0511
Epoch 3 Loss: 0.0432
Epoch 4 Loss: 0.0428
[Server] Global Inference Model Acc (MNIST) (Round 80): 0.99% (Tested on 9095 samples)
[Server] Global Inference Model Acc (EMNIST) (Round 80): 3.39% (Tested on 105779 samples)
[Server] Global Inference Model Acc (CIFAR10) (Round 80): 13.36% (Tested on 9100 samples)
[Server] Global Inference Model Acc (Mix) (Round 80): 3.95% (Tested on 123974 samples)
Selected client ids: [0, 1, 2, 3, 4, 5, 6, 7, 8, 9, 10, 11, 12, 13, 14, 15, 16, 17, 18, 19, 20, 21, 22, 23, 24, 25, 26, 27, 28, 29]
--- Round 81 ---
Round 81 | Client 0 | Model: (MLP) | Acc: 96.73%
Round 81 | Client 1 | Model: (CNN) | Acc: 97.90%
Round 81 | Client 2 | Model: (ResNet8) | Acc: 98.53%
Round 81 | Client 3 | Model: (ResNet18) | Acc: 99.10%
Round 81 | Client 4 | Model: (MobileNetV2) | Acc: 97.75%
Round 81 | Client 5 | Model: (MobileNetV3) | Acc: 93.20%
Round 81 | Client 6 | Model: (LeNet) | Acc: 98.69%
Round 81 | Client 7 | Model: (AlexNet) | Acc: 98.84%
Round 81 | Client 8 | Model: (ShuffleNet) | Acc: 72.27%
Round 81 | Client 9 | Model: (SqueezeNet) | Acc: 97.92%
Round 81 | Client 11 | Model: (MLP) | Acc: 79.26%
Round 81 | Client 12 | Model: (CNN) | Acc: 83.06%
Round 81 | Client 13 | Model: (ResNet8) | Acc: 83.62%
Round 81 | Client 14 | Model: (ResNet18) | Acc: 83.84%
Round 81 | Client 15 | Model: (MobileNetV2) | Acc: 82.47%
Round 81 | Client 16 | Model: (MobileNetV3) | Acc: 76.29%
Round 81 | Client 17 | Model: (LeNet) | Acc: 82.13%
Round 81 | Client 18 | Model: (AlexNet) | Acc: 82.00%
Round 81 | Client 19 | Model: (ShuffleNet) | Acc: 82.61%
Round 81 | Client 20 | Model: (SqueezeNet) | Acc: 83.29%
Round 81 | Client 22 | Model: (MLP) | Acc: 43.41%
Round 81 | Client 23 | Model: (CNN) | Acc: 57.91%
Round 81 | Client 24 | Model: (ResNet8) | Acc: 63.49%
Round 81 | Client 25 | Model: (ResNet18) | Acc: 59.93%
Round 81 | Client 26 | Model: (MobileNetV2) | Acc: 41.55%
Round 81 | Client 27 | Model: (MobileNetV3) | Acc: 46.67%
Round 81 | Client 28 | Model: (LeNet) | Acc: 54.90%
Round 81 | Client 29 | Model: (AlexNet) | Acc: 56.65%
Round 81 | Client 30 | Model: (ShuffleNet) | Acc: 41.56%
Round 81 | Client 31 | Model: (SqueezeNet) | Acc: 43.37%
[Server] Aggregating by Dataset Name ...
[Server] Training Image-Based Global Generator...
  Epoch 1/10 | Loss: 0.1594
  Epoch 2/10 | Loss: 0.1131
  Epoch 3/10 | Loss: 0.1082
  Epoch 4/10 | Loss: 0.1041
  Epoch 5/10 | Loss: 0.1182
  Epoch 6/10 | Loss: 0.0874
  Epoch 7/10 | Loss: 0.0609
  Epoch 8/10 | Loss: 0.1270
  Epoch 9/10 | Loss: 0.0731
  Epoch 10/10 | Loss: 0.1115
[Server] Image-Based Global Generator training finished.
[Server] Training Final Global Inference Model ...
Detected 72 global classes: [0, 1, 2, 3, 4, 5, 6, 7, 8, 9, 10, 11, 12, 13, 14, 15, 16, 17, 18, 19, 20, 21, 22, 23, 24, 25, 26, 27, 28, 29, 30, 31, 32, 33, 34, 35, 36, 37, 38, 39, 40, 41, 42, 43, 44, 45, 46, 47, 48, 49, 50, 51, 52, 53, 54, 55, 56, 57, 58, 59, 60, 61, 62, 63, 64, 65, 66, 67, 68, 69, 70, 71]
Epoch 0 Loss: 0.0323
Epoch 1 Loss: 0.0417
Epoch 2 Loss: 0.0384
Epoch 3 Loss: 0.0314
Epoch 4 Loss: 0.0392
[Server] Global Inference Model Acc (MNIST) (Round 81): 1.22% (Tested on 9095 samples)
[Server] Global Inference Model Acc (EMNIST) (Round 81): 3.44% (Tested on 105779 samples)
[Server] Global Inference Model Acc (CIFAR10) (Round 81): 12.40% (Tested on 9100 samples)
[Server] Global Inference Model Acc (Mix) (Round 81): 3.93% (Tested on 123974 samples)
Selected client ids: [0, 1, 2, 3, 4, 5, 6, 7, 8, 9, 10, 11, 12, 13, 14, 15, 16, 17, 18, 19, 20, 21, 22, 23, 24, 25, 26, 27, 28, 29]
--- Round 82 ---
Round 82 | Client 0 | Model: (MLP) | Acc: 96.73%
Round 82 | Client 1 | Model: (CNN) | Acc: 98.12%
Round 82 | Client 2 | Model: (ResNet8) | Acc: 98.98%
Round 82 | Client 3 | Model: (ResNet18) | Acc: 98.87%
Round 82 | Client 4 | Model: (MobileNetV2) | Acc: 98.07%
Round 82 | Client 5 | Model: (MobileNetV3) | Acc: 91.86%
Round 82 | Client 6 | Model: (LeNet) | Acc: 98.69%
Round 82 | Client 7 | Model: (AlexNet) | Acc: 98.95%
Round 82 | Client 8 | Model: (ShuffleNet) | Acc: 74.39%
Round 82 | Client 9 | Model: (SqueezeNet) | Acc: 97.49%
Round 82 | Client 11 | Model: (MLP) | Acc: 80.26%
Round 82 | Client 12 | Model: (CNN) | Acc: 83.16%
Round 82 | Client 13 | Model: (ResNet8) | Acc: 83.63%
Round 82 | Client 14 | Model: (ResNet18) | Acc: 83.58%
Round 82 | Client 15 | Model: (MobileNetV2) | Acc: 82.72%
Round 82 | Client 16 | Model: (MobileNetV3) | Acc: 77.70%
Round 82 | Client 17 | Model: (LeNet) | Acc: 82.30%
Round 82 | Client 18 | Model: (AlexNet) | Acc: 82.71%
Round 82 | Client 19 | Model: (ShuffleNet) | Acc: 82.76%
Round 82 | Client 20 | Model: (SqueezeNet) | Acc: 83.95%
Round 82 | Client 22 | Model: (MLP) | Acc: 43.29%
Round 82 | Client 23 | Model: (CNN) | Acc: 58.79%
Round 82 | Client 24 | Model: (ResNet8) | Acc: 63.70%
Round 82 | Client 25 | Model: (ResNet18) | Acc: 58.27%
Round 82 | Client 26 | Model: (MobileNetV2) | Acc: 41.76%
Round 82 | Client 27 | Model: (MobileNetV3) | Acc: 47.00%
Round 82 | Client 28 | Model: (LeNet) | Acc: 55.01%
Round 82 | Client 29 | Model: (AlexNet) | Acc: 56.11%
Round 82 | Client 30 | Model: (ShuffleNet) | Acc: 40.68%
Round 82 | Client 31 | Model: (SqueezeNet) | Acc: 41.46%
[Server] Aggregating by Dataset Name ...
[Server] Training Image-Based Global Generator...
  Epoch 1/10 | Loss: 0.1405
  Epoch 2/10 | Loss: 0.1027
  Epoch 3/10 | Loss: 0.1710
  Epoch 4/10 | Loss: 0.1349
  Epoch 5/10 | Loss: 0.0692
  Epoch 6/10 | Loss: 0.1385
  Epoch 7/10 | Loss: 0.0716
  Epoch 8/10 | Loss: 0.0562
  Epoch 9/10 | Loss: 0.0770
  Epoch 10/10 | Loss: 0.1009
[Server] Image-Based Global Generator training finished.
[Server] Training Final Global Inference Model ...
Detected 72 global classes: [0, 1, 2, 3, 4, 5, 6, 7, 8, 9, 10, 11, 12, 13, 14, 15, 16, 17, 18, 19, 20, 21, 22, 23, 24, 25, 26, 27, 28, 29, 30, 31, 32, 33, 34, 35, 36, 37, 38, 39, 40, 41, 42, 43, 44, 45, 46, 47, 48, 49, 50, 51, 52, 53, 54, 55, 56, 57, 58, 59, 60, 61, 62, 63, 64, 65, 66, 67, 68, 69, 70, 71]
Epoch 0 Loss: 0.0336
Epoch 1 Loss: 0.0673
Epoch 2 Loss: 0.0322
Epoch 3 Loss: 0.0260
Epoch 4 Loss: 0.0386
[Server] Global Inference Model Acc (MNIST) (Round 82): 1.44% (Tested on 9095 samples)
[Server] Global Inference Model Acc (EMNIST) (Round 82): 3.57% (Tested on 105779 samples)
[Server] Global Inference Model Acc (CIFAR10) (Round 82): 12.48% (Tested on 9100 samples)
[Server] Global Inference Model Acc (Mix) (Round 82): 4.07% (Tested on 123974 samples)
Selected client ids: [0, 1, 2, 3, 4, 5, 6, 7, 8, 9, 10, 11, 12, 13, 14, 15, 16, 17, 18, 19, 20, 21, 22, 23, 24, 25, 26, 27, 28, 29]
--- Round 83 ---
Round 83 | Client 0 | Model: (MLP) | Acc: 96.84%
Round 83 | Client 1 | Model: (CNN) | Acc: 98.01%
Round 83 | Client 2 | Model: (ResNet8) | Acc: 98.53%
Round 83 | Client 3 | Model: (ResNet18) | Acc: 98.30%
Round 83 | Client 4 | Model: (MobileNetV2) | Acc: 97.97%
Round 83 | Client 5 | Model: (MobileNetV3) | Acc: 92.64%
Round 83 | Client 6 | Model: (LeNet) | Acc: 98.69%
Round 83 | Client 7 | Model: (AlexNet) | Acc: 98.84%
Round 83 | Client 8 | Model: (ShuffleNet) | Acc: 71.60%
Round 83 | Client 9 | Model: (SqueezeNet) | Acc: 97.49%
Round 83 | Client 11 | Model: (MLP) | Acc: 79.45%
Round 83 | Client 12 | Model: (CNN) | Acc: 83.35%
Round 83 | Client 13 | Model: (ResNet8) | Acc: 83.68%
Round 83 | Client 14 | Model: (ResNet18) | Acc: 83.96%
Round 83 | Client 15 | Model: (MobileNetV2) | Acc: 83.05%
Round 83 | Client 16 | Model: (MobileNetV3) | Acc: 78.66%
Round 83 | Client 17 | Model: (LeNet) | Acc: 82.34%
Round 83 | Client 18 | Model: (AlexNet) | Acc: 82.52%
Round 83 | Client 19 | Model: (ShuffleNet) | Acc: 82.75%
Round 83 | Client 20 | Model: (SqueezeNet) | Acc: 83.76%
Round 83 | Client 22 | Model: (MLP) | Acc: 43.29%
Round 83 | Client 23 | Model: (CNN) | Acc: 54.18%
Round 83 | Client 24 | Model: (ResNet8) | Acc: 63.60%
Round 83 | Client 25 | Model: (ResNet18) | Acc: 61.27%
Round 83 | Client 26 | Model: (MobileNetV2) | Acc: 40.19%
Round 83 | Client 27 | Model: (MobileNetV3) | Acc: 47.75%
Round 83 | Client 28 | Model: (LeNet) | Acc: 55.12%
Round 83 | Client 29 | Model: (AlexNet) | Acc: 56.00%
Round 83 | Client 30 | Model: (ShuffleNet) | Acc: 40.90%
Round 83 | Client 31 | Model: (SqueezeNet) | Acc: 44.04%
[Server] Aggregating by Dataset Name ...
[Server] Training Image-Based Global Generator...
  Epoch 1/10 | Loss: 0.1150
  Epoch 2/10 | Loss: 0.0898
  Epoch 3/10 | Loss: 0.1126
  Epoch 4/10 | Loss: 0.1000
  Epoch 5/10 | Loss: 0.1376
  Epoch 6/10 | Loss: 0.1446
  Epoch 7/10 | Loss: 0.0893
  Epoch 8/10 | Loss: 0.0892
  Epoch 9/10 | Loss: 0.1019
  Epoch 10/10 | Loss: 0.0790
[Server] Image-Based Global Generator training finished.
[Server] Training Final Global Inference Model ...
Detected 72 global classes: [0, 1, 2, 3, 4, 5, 6, 7, 8, 9, 10, 11, 12, 13, 14, 15, 16, 17, 18, 19, 20, 21, 22, 23, 24, 25, 26, 27, 28, 29, 30, 31, 32, 33, 34, 35, 36, 37, 38, 39, 40, 41, 42, 43, 44, 45, 46, 47, 48, 49, 50, 51, 52, 53, 54, 55, 56, 57, 58, 59, 60, 61, 62, 63, 64, 65, 66, 67, 68, 69, 70, 71]
Epoch 0 Loss: 0.0311
Epoch 1 Loss: 0.0308
Epoch 2 Loss: 0.0549
Epoch 3 Loss: 0.0256
Epoch 4 Loss: 0.0317
[Server] Global Inference Model Acc (MNIST) (Round 83): 2.22% (Tested on 9095 samples)
[Server] Global Inference Model Acc (EMNIST) (Round 83): 4.11% (Tested on 105779 samples)
[Server] Global Inference Model Acc (CIFAR10) (Round 83): 11.56% (Tested on 9100 samples)
[Server] Global Inference Model Acc (Mix) (Round 83): 4.52% (Tested on 123974 samples)
Selected client ids: [0, 1, 2, 3, 4, 5, 6, 7, 8, 9, 10, 11, 12, 13, 14, 15, 16, 17, 18, 19, 20, 21, 22, 23, 24, 25, 26, 27, 28, 29]
--- Round 84 ---
Round 84 | Client 0 | Model: (MLP) | Acc: 96.84%
Round 84 | Client 1 | Model: (CNN) | Acc: 97.67%
Round 84 | Client 2 | Model: (ResNet8) | Acc: 98.53%
Round 84 | Client 3 | Model: (ResNet18) | Acc: 98.87%
Round 84 | Client 4 | Model: (MobileNetV2) | Acc: 96.68%
Round 84 | Client 5 | Model: (MobileNetV3) | Acc: 92.08%
Round 84 | Client 6 | Model: (LeNet) | Acc: 98.69%
Round 84 | Client 7 | Model: (AlexNet) | Acc: 98.95%
Round 84 | Client 8 | Model: (ShuffleNet) | Acc: 76.06%
Round 84 | Client 9 | Model: (SqueezeNet) | Acc: 98.69%
Round 84 | Client 11 | Model: (MLP) | Acc: 77.84%
Round 84 | Client 12 | Model: (CNN) | Acc: 83.26%
Round 84 | Client 13 | Model: (ResNet8) | Acc: 83.13%
Round 84 | Client 14 | Model: (ResNet18) | Acc: 84.55%
Round 84 | Client 15 | Model: (MobileNetV2) | Acc: 82.90%
Round 84 | Client 16 | Model: (MobileNetV3) | Acc: 78.56%
Round 84 | Client 17 | Model: (LeNet) | Acc: 82.48%
Round 84 | Client 18 | Model: (AlexNet) | Acc: 82.40%
Round 84 | Client 19 | Model: (ShuffleNet) | Acc: 82.66%
Round 84 | Client 20 | Model: (SqueezeNet) | Acc: 82.81%
Round 84 | Client 22 | Model: (MLP) | Acc: 43.17%
Round 84 | Client 23 | Model: (CNN) | Acc: 48.68%
Round 84 | Client 24 | Model: (ResNet8) | Acc: 63.49%
Round 84 | Client 25 | Model: (ResNet18) | Acc: 60.71%
Round 84 | Client 26 | Model: (MobileNetV2) | Acc: 42.81%
Round 84 | Client 27 | Model: (MobileNetV3) | Acc: 47.42%
Round 84 | Client 28 | Model: (LeNet) | Acc: 55.12%
Round 84 | Client 29 | Model: (AlexNet) | Acc: 56.65%
Round 84 | Client 30 | Model: (ShuffleNet) | Acc: 40.35%
Round 84 | Client 31 | Model: (SqueezeNet) | Acc: 42.02%
[Server] Aggregating by Dataset Name ...
[Server] Training Image-Based Global Generator...
  Epoch 1/10 | Loss: 0.0858
  Epoch 2/10 | Loss: 0.1290
  Epoch 3/10 | Loss: 0.1260
  Epoch 4/10 | Loss: 0.1119
  Epoch 5/10 | Loss: 0.0973
  Epoch 6/10 | Loss: 0.1305
  Epoch 7/10 | Loss: 0.0978
  Epoch 8/10 | Loss: 0.0892
  Epoch 9/10 | Loss: 0.0761
  Epoch 10/10 | Loss: 0.0714
[Server] Image-Based Global Generator training finished.
[Server] Training Final Global Inference Model ...
Detected 72 global classes: [0, 1, 2, 3, 4, 5, 6, 7, 8, 9, 10, 11, 12, 13, 14, 15, 16, 17, 18, 19, 20, 21, 22, 23, 24, 25, 26, 27, 28, 29, 30, 31, 32, 33, 34, 35, 36, 37, 38, 39, 40, 41, 42, 43, 44, 45, 46, 47, 48, 49, 50, 51, 52, 53, 54, 55, 56, 57, 58, 59, 60, 61, 62, 63, 64, 65, 66, 67, 68, 69, 70, 71]
Epoch 0 Loss: 0.0366
Epoch 1 Loss: 0.0428
Epoch 2 Loss: 0.0364
Epoch 3 Loss: 0.0307
Epoch 4 Loss: 0.0308
[Server] Global Inference Model Acc (MNIST) (Round 84): 1.63% (Tested on 9095 samples)
[Server] Global Inference Model Acc (EMNIST) (Round 84): 4.32% (Tested on 105779 samples)
[Server] Global Inference Model Acc (CIFAR10) (Round 84): 8.58% (Tested on 9100 samples)
[Server] Global Inference Model Acc (Mix) (Round 84): 4.43% (Tested on 123974 samples)
Selected client ids: [0, 1, 2, 3, 4, 5, 6, 7, 8, 9, 10, 11, 12, 13, 14, 15, 16, 17, 18, 19, 20, 21, 22, 23, 24, 25, 26, 27, 28, 29]
--- Round 85 ---
Round 85 | Client 0 | Model: (MLP) | Acc: 96.84%
Round 85 | Client 1 | Model: (CNN) | Acc: 97.34%
Round 85 | Client 2 | Model: (ResNet8) | Acc: 98.53%
Round 85 | Client 3 | Model: (ResNet18) | Acc: 99.43%
Round 85 | Client 4 | Model: (MobileNetV2) | Acc: 95.29%
Round 85 | Client 5 | Model: (MobileNetV3) | Acc: 84.06%
Round 85 | Client 6 | Model: (LeNet) | Acc: 98.69%
Round 85 | Client 7 | Model: (AlexNet) | Acc: 98.84%
Round 85 | Client 8 | Model: (ShuffleNet) | Acc: 72.61%
Round 85 | Client 9 | Model: (SqueezeNet) | Acc: 97.38%
Round 85 | Client 11 | Model: (MLP) | Acc: 79.77%
Round 85 | Client 12 | Model: (CNN) | Acc: 82.97%
Round 85 | Client 13 | Model: (ResNet8) | Acc: 83.91%
Round 85 | Client 14 | Model: (ResNet18) | Acc: 83.82%
Round 85 | Client 15 | Model: (MobileNetV2) | Acc: 82.09%
Round 85 | Client 16 | Model: (MobileNetV3) | Acc: 75.92%
Round 85 | Client 17 | Model: (LeNet) | Acc: 81.95%
Round 85 | Client 18 | Model: (AlexNet) | Acc: 81.82%
Round 85 | Client 19 | Model: (ShuffleNet) | Acc: 82.75%
Round 85 | Client 20 | Model: (SqueezeNet) | Acc: 84.33%
Round 85 | Client 22 | Model: (MLP) | Acc: 43.05%
Round 85 | Client 23 | Model: (CNN) | Acc: 65.05%
Round 85 | Client 24 | Model: (ResNet8) | Acc: 64.03%
Round 85 | Client 25 | Model: (ResNet18) | Acc: 61.15%
Round 85 | Client 26 | Model: (MobileNetV2) | Acc: 42.08%
Round 85 | Client 27 | Model: (MobileNetV3) | Acc: 48.50%
Round 85 | Client 28 | Model: (LeNet) | Acc: 55.01%
Round 85 | Client 29 | Model: (AlexNet) | Acc: 56.54%
Round 85 | Client 30 | Model: (ShuffleNet) | Acc: 39.36%
Round 85 | Client 31 | Model: (SqueezeNet) | Acc: 42.02%
[Server] Aggregating by Dataset Name ...
[Server] Training Image-Based Global Generator...
  Epoch 1/10 | Loss: 0.1265
  Epoch 2/10 | Loss: 0.1361
  Epoch 3/10 | Loss: 0.0914
  Epoch 4/10 | Loss: 0.2044
  Epoch 5/10 | Loss: 0.1390
  Epoch 6/10 | Loss: 0.1276
  Epoch 7/10 | Loss: 0.1318
  Epoch 8/10 | Loss: 0.1124
  Epoch 9/10 | Loss: 0.1120
  Epoch 10/10 | Loss: 0.0789
[Server] Image-Based Global Generator training finished.
[Server] Training Final Global Inference Model ...
Detected 72 global classes: [0, 1, 2, 3, 4, 5, 6, 7, 8, 9, 10, 11, 12, 13, 14, 15, 16, 17, 18, 19, 20, 21, 22, 23, 24, 25, 26, 27, 28, 29, 30, 31, 32, 33, 34, 35, 36, 37, 38, 39, 40, 41, 42, 43, 44, 45, 46, 47, 48, 49, 50, 51, 52, 53, 54, 55, 56, 57, 58, 59, 60, 61, 62, 63, 64, 65, 66, 67, 68, 69, 70, 71]
Epoch 0 Loss: 0.0464
Epoch 1 Loss: 0.0185
Epoch 2 Loss: 0.0288
Epoch 3 Loss: 0.0384
Epoch 4 Loss: 0.0264
[Server] Global Inference Model Acc (MNIST) (Round 85): 1.22% (Tested on 9095 samples)
[Server] Global Inference Model Acc (EMNIST) (Round 85): 4.02% (Tested on 105779 samples)
[Server] Global Inference Model Acc (CIFAR10) (Round 85): 7.67% (Tested on 9100 samples)
[Server] Global Inference Model Acc (Mix) (Round 85): 4.08% (Tested on 123974 samples)
Selected client ids: [0, 1, 2, 3, 4, 5, 6, 7, 8, 9, 10, 11, 12, 13, 14, 15, 16, 17, 18, 19, 20, 21, 22, 23, 24, 25, 26, 27, 28, 29]
--- Round 86 ---
Round 86 | Client 0 | Model: (MLP) | Acc: 96.84%
Round 86 | Client 1 | Model: (CNN) | Acc: 97.79%
Round 86 | Client 2 | Model: (ResNet8) | Acc: 98.53%
Round 86 | Client 3 | Model: (ResNet18) | Acc: 99.32%
Round 86 | Client 4 | Model: (MobileNetV2) | Acc: 97.22%
Round 86 | Client 5 | Model: (MobileNetV3) | Acc: 93.31%
Round 86 | Client 6 | Model: (LeNet) | Acc: 98.69%
Round 86 | Client 7 | Model: (AlexNet) | Acc: 98.84%
Round 86 | Client 8 | Model: (ShuffleNet) | Acc: 73.94%
Round 86 | Client 9 | Model: (SqueezeNet) | Acc: 97.81%
Round 86 | Client 11 | Model: (MLP) | Acc: 80.12%
Round 86 | Client 12 | Model: (CNN) | Acc: 83.05%
Round 86 | Client 13 | Model: (ResNet8) | Acc: 83.69%
Round 86 | Client 14 | Model: (ResNet18) | Acc: 83.66%
Round 86 | Client 15 | Model: (MobileNetV2) | Acc: 82.58%
Round 86 | Client 16 | Model: (MobileNetV3) | Acc: 77.81%
Round 86 | Client 17 | Model: (LeNet) | Acc: 82.35%
Round 86 | Client 18 | Model: (AlexNet) | Acc: 81.42%
Round 86 | Client 19 | Model: (ShuffleNet) | Acc: 82.65%
Round 86 | Client 20 | Model: (SqueezeNet) | Acc: 83.04%
Round 86 | Client 22 | Model: (MLP) | Acc: 43.29%
Round 86 | Client 23 | Model: (CNN) | Acc: 64.62%
Round 86 | Client 24 | Model: (ResNet8) | Acc: 63.70%
Round 86 | Client 25 | Model: (ResNet18) | Acc: 58.16%
Round 86 | Client 26 | Model: (MobileNetV2) | Acc: 40.82%
Round 86 | Client 27 | Model: (MobileNetV3) | Acc: 46.35%
Round 86 | Client 28 | Model: (LeNet) | Acc: 54.68%
Round 86 | Client 29 | Model: (AlexNet) | Acc: 56.97%
Round 86 | Client 30 | Model: (ShuffleNet) | Acc: 40.24%
Round 86 | Client 31 | Model: (SqueezeNet) | Acc: 42.13%
[Server] Aggregating by Dataset Name ...
[Server] Training Image-Based Global Generator...
  Epoch 1/10 | Loss: 0.1382
  Epoch 2/10 | Loss: 0.1001
  Epoch 3/10 | Loss: 0.1035
  Epoch 4/10 | Loss: 0.1421
  Epoch 5/10 | Loss: 0.0923
  Epoch 6/10 | Loss: 0.0771
  Epoch 7/10 | Loss: 0.1054
  Epoch 8/10 | Loss: 0.0879
  Epoch 9/10 | Loss: 0.0905
  Epoch 10/10 | Loss: 0.0885
[Server] Image-Based Global Generator training finished.
[Server] Training Final Global Inference Model ...
Detected 72 global classes: [0, 1, 2, 3, 4, 5, 6, 7, 8, 9, 10, 11, 12, 13, 14, 15, 16, 17, 18, 19, 20, 21, 22, 23, 24, 25, 26, 27, 28, 29, 30, 31, 32, 33, 34, 35, 36, 37, 38, 39, 40, 41, 42, 43, 44, 45, 46, 47, 48, 49, 50, 51, 52, 53, 54, 55, 56, 57, 58, 59, 60, 61, 62, 63, 64, 65, 66, 67, 68, 69, 70, 71]
Epoch 0 Loss: 0.0260
Epoch 1 Loss: 0.0256
Epoch 2 Loss: 0.0278
Epoch 3 Loss: 0.0211
Epoch 4 Loss: 0.0208
[Server] Global Inference Model Acc (MNIST) (Round 86): 1.29% (Tested on 9095 samples)
[Server] Global Inference Model Acc (EMNIST) (Round 86): 4.05% (Tested on 105779 samples)
[Server] Global Inference Model Acc (CIFAR10) (Round 86): 9.09% (Tested on 9100 samples)
[Server] Global Inference Model Acc (Mix) (Round 86): 4.22% (Tested on 123974 samples)
Selected client ids: [0, 1, 2, 3, 4, 5, 6, 7, 8, 9, 10, 11, 12, 13, 14, 15, 16, 17, 18, 19, 20, 21, 22, 23, 24, 25, 26, 27, 28, 29]
--- Round 87 ---
Round 87 | Client 0 | Model: (MLP) | Acc: 96.84%
Round 87 | Client 1 | Model: (CNN) | Acc: 97.90%
Round 87 | Client 2 | Model: (ResNet8) | Acc: 98.75%
Round 87 | Client 3 | Model: (ResNet18) | Acc: 99.43%
Round 87 | Client 4 | Model: (MobileNetV2) | Acc: 97.11%
Round 87 | Client 5 | Model: (MobileNetV3) | Acc: 92.31%
Round 87 | Client 6 | Model: (LeNet) | Acc: 98.69%
Round 87 | Client 7 | Model: (AlexNet) | Acc: 98.74%
Round 87 | Client 8 | Model: (ShuffleNet) | Acc: 75.06%
Round 87 | Client 9 | Model: (SqueezeNet) | Acc: 98.03%
Round 87 | Client 11 | Model: (MLP) | Acc: 79.23%
Round 87 | Client 12 | Model: (CNN) | Acc: 82.91%
Round 87 | Client 13 | Model: (ResNet8) | Acc: 82.96%
Round 87 | Client 14 | Model: (ResNet18) | Acc: 84.57%
Round 87 | Client 15 | Model: (MobileNetV2) | Acc: 82.09%
Round 87 | Client 16 | Model: (MobileNetV3) | Acc: 77.77%
Round 87 | Client 17 | Model: (LeNet) | Acc: 81.84%
Round 87 | Client 18 | Model: (AlexNet) | Acc: 81.59%
Round 87 | Client 19 | Model: (ShuffleNet) | Acc: 83.11%
Round 87 | Client 20 | Model: (SqueezeNet) | Acc: 84.01%
Round 87 | Client 22 | Model: (MLP) | Acc: 43.17%
Round 87 | Client 23 | Model: (CNN) | Acc: 64.51%
Round 87 | Client 24 | Model: (ResNet8) | Acc: 63.81%
Round 87 | Client 25 | Model: (ResNet18) | Acc: 59.93%
Round 87 | Client 26 | Model: (MobileNetV2) | Acc: 41.76%
Round 87 | Client 27 | Model: (MobileNetV3) | Acc: 47.85%
Round 87 | Client 28 | Model: (LeNet) | Acc: 55.12%
Round 87 | Client 29 | Model: (AlexNet) | Acc: 56.32%
Round 87 | Client 30 | Model: (ShuffleNet) | Acc: 40.02%
Round 87 | Client 31 | Model: (SqueezeNet) | Acc: 44.16%
[Server] Aggregating by Dataset Name ...
[Server] Training Image-Based Global Generator...
  Epoch 1/10 | Loss: 0.1499
  Epoch 2/10 | Loss: 0.1330
  Epoch 3/10 | Loss: 0.0647
  Epoch 4/10 | Loss: 0.1476
  Epoch 5/10 | Loss: 0.1021
  Epoch 6/10 | Loss: 0.1306
  Epoch 7/10 | Loss: 0.0950
  Epoch 8/10 | Loss: 0.1321
  Epoch 9/10 | Loss: 0.0715
  Epoch 10/10 | Loss: 0.0849
[Server] Image-Based Global Generator training finished.
[Server] Training Final Global Inference Model ...
Detected 72 global classes: [0, 1, 2, 3, 4, 5, 6, 7, 8, 9, 10, 11, 12, 13, 14, 15, 16, 17, 18, 19, 20, 21, 22, 23, 24, 25, 26, 27, 28, 29, 30, 31, 32, 33, 34, 35, 36, 37, 38, 39, 40, 41, 42, 43, 44, 45, 46, 47, 48, 49, 50, 51, 52, 53, 54, 55, 56, 57, 58, 59, 60, 61, 62, 63, 64, 65, 66, 67, 68, 69, 70, 71]
Epoch 0 Loss: 0.0265
Epoch 1 Loss: 0.0272
Epoch 2 Loss: 0.0245
Epoch 3 Loss: 0.0202
Epoch 4 Loss: 0.0244
[Server] Global Inference Model Acc (MNIST) (Round 87): 1.04% (Tested on 9095 samples)
[Server] Global Inference Model Acc (EMNIST) (Round 87): 4.15% (Tested on 105779 samples)
[Server] Global Inference Model Acc (CIFAR10) (Round 87): 9.58% (Tested on 9100 samples)
[Server] Global Inference Model Acc (Mix) (Round 87): 4.32% (Tested on 123974 samples)
Selected client ids: [0, 1, 2, 3, 4, 5, 6, 7, 8, 9, 10, 11, 12, 13, 14, 15, 16, 17, 18, 19, 20, 21, 22, 23, 24, 25, 26, 27, 28, 29]
--- Round 88 ---
Round 88 | Client 0 | Model: (MLP) | Acc: 96.84%
Round 88 | Client 1 | Model: (CNN) | Acc: 98.12%
Round 88 | Client 2 | Model: (ResNet8) | Acc: 98.53%
Round 88 | Client 3 | Model: (ResNet18) | Acc: 99.32%
Round 88 | Client 4 | Model: (MobileNetV2) | Acc: 97.11%
Round 88 | Client 5 | Model: (MobileNetV3) | Acc: 93.20%
Round 88 | Client 6 | Model: (LeNet) | Acc: 98.69%
Round 88 | Client 7 | Model: (AlexNet) | Acc: 98.84%
Round 88 | Client 8 | Model: (ShuffleNet) | Acc: 76.17%
Round 88 | Client 9 | Model: (SqueezeNet) | Acc: 98.47%
Round 88 | Client 11 | Model: (MLP) | Acc: 80.66%
Round 88 | Client 12 | Model: (CNN) | Acc: 83.22%
Round 88 | Client 13 | Model: (ResNet8) | Acc: 83.55%
Round 88 | Client 14 | Model: (ResNet18) | Acc: 84.40%
Round 88 | Client 15 | Model: (MobileNetV2) | Acc: 82.76%
Round 88 | Client 16 | Model: (MobileNetV3) | Acc: 79.24%
Round 88 | Client 17 | Model: (LeNet) | Acc: 81.91%
Round 88 | Client 18 | Model: (AlexNet) | Acc: 82.13%
Round 88 | Client 19 | Model: (ShuffleNet) | Acc: 82.66%
Round 88 | Client 20 | Model: (SqueezeNet) | Acc: 83.95%
Round 88 | Client 22 | Model: (MLP) | Acc: 43.05%
Round 88 | Client 23 | Model: (CNN) | Acc: 60.11%
Round 88 | Client 24 | Model: (ResNet8) | Acc: 63.70%
Round 88 | Client 25 | Model: (ResNet18) | Acc: 59.05%
Round 88 | Client 26 | Model: (MobileNetV2) | Acc: 41.66%
Round 88 | Client 27 | Model: (MobileNetV3) | Acc: 47.32%
Round 88 | Client 28 | Model: (LeNet) | Acc: 54.79%
Round 88 | Client 29 | Model: (AlexNet) | Acc: 56.65%
Round 88 | Client 30 | Model: (ShuffleNet) | Acc: 39.69%
Round 88 | Client 31 | Model: (SqueezeNet) | Acc: 42.13%
[Server] Aggregating by Dataset Name ...
[Server] Training Image-Based Global Generator...
  Epoch 1/10 | Loss: 0.1074
  Epoch 2/10 | Loss: 0.1777
  Epoch 3/10 | Loss: 0.0841
  Epoch 4/10 | Loss: 0.0835
  Epoch 5/10 | Loss: 0.1125
  Epoch 6/10 | Loss: 0.0594
  Epoch 7/10 | Loss: 0.1011
  Epoch 8/10 | Loss: 0.1085
  Epoch 9/10 | Loss: 0.0693
  Epoch 10/10 | Loss: 0.1689
[Server] Image-Based Global Generator training finished.
[Server] Training Final Global Inference Model ...
Detected 72 global classes: [0, 1, 2, 3, 4, 5, 6, 7, 8, 9, 10, 11, 12, 13, 14, 15, 16, 17, 18, 19, 20, 21, 22, 23, 24, 25, 26, 27, 28, 29, 30, 31, 32, 33, 34, 35, 36, 37, 38, 39, 40, 41, 42, 43, 44, 45, 46, 47, 48, 49, 50, 51, 52, 53, 54, 55, 56, 57, 58, 59, 60, 61, 62, 63, 64, 65, 66, 67, 68, 69, 70, 71]
Epoch 0 Loss: 0.0164
Epoch 1 Loss: 0.0276
Epoch 2 Loss: 0.0312
Epoch 3 Loss: 0.0327
Epoch 4 Loss: 0.0431
[Server] Global Inference Model Acc (MNIST) (Round 88): 0.81% (Tested on 9095 samples)
[Server] Global Inference Model Acc (EMNIST) (Round 88): 3.91% (Tested on 105779 samples)
[Server] Global Inference Model Acc (CIFAR10) (Round 88): 9.01% (Tested on 9100 samples)
[Server] Global Inference Model Acc (Mix) (Round 88): 4.06% (Tested on 123974 samples)
Selected client ids: [0, 1, 2, 3, 4, 5, 6, 7, 8, 9, 10, 11, 12, 13, 14, 15, 16, 17, 18, 19, 20, 21, 22, 23, 24, 25, 26, 27, 28, 29]
--- Round 89 ---
Round 89 | Client 0 | Model: (MLP) | Acc: 96.84%
Round 89 | Client 1 | Model: (CNN) | Acc: 98.12%
Round 89 | Client 2 | Model: (ResNet8) | Acc: 98.98%
Round 89 | Client 3 | Model: (ResNet18) | Acc: 99.43%
Round 89 | Client 4 | Model: (MobileNetV2) | Acc: 97.32%
Round 89 | Client 5 | Model: (MobileNetV3) | Acc: 92.75%
Round 89 | Client 6 | Model: (LeNet) | Acc: 98.69%
Round 89 | Client 7 | Model: (AlexNet) | Acc: 98.84%
Round 89 | Client 8 | Model: (ShuffleNet) | Acc: 76.84%
Round 89 | Client 9 | Model: (SqueezeNet) | Acc: 97.60%
Round 89 | Client 11 | Model: (MLP) | Acc: 79.89%
Round 89 | Client 12 | Model: (CNN) | Acc: 83.12%
Round 89 | Client 13 | Model: (ResNet8) | Acc: 83.76%
Round 89 | Client 14 | Model: (ResNet18) | Acc: 84.46%
Round 89 | Client 15 | Model: (MobileNetV2) | Acc: 82.61%
Round 89 | Client 16 | Model: (MobileNetV3) | Acc: 77.60%
Round 89 | Client 17 | Model: (LeNet) | Acc: 82.40%
Round 89 | Client 18 | Model: (AlexNet) | Acc: 81.80%
Round 89 | Client 19 | Model: (ShuffleNet) | Acc: 82.89%
Round 89 | Client 20 | Model: (SqueezeNet) | Acc: 83.43%
Round 89 | Client 22 | Model: (MLP) | Acc: 43.05%
Round 89 | Client 23 | Model: (CNN) | Acc: 65.38%
Round 89 | Client 24 | Model: (ResNet8) | Acc: 63.81%
Round 89 | Client 25 | Model: (ResNet18) | Acc: 59.27%
Round 89 | Client 26 | Model: (MobileNetV2) | Acc: 41.76%
Round 89 | Client 27 | Model: (MobileNetV3) | Acc: 46.24%
Round 89 | Client 28 | Model: (LeNet) | Acc: 54.68%
Round 89 | Client 29 | Model: (AlexNet) | Acc: 56.22%
Round 89 | Client 30 | Model: (ShuffleNet) | Acc: 41.67%
Round 89 | Client 31 | Model: (SqueezeNet) | Acc: 40.56%
[Server] Aggregating by Dataset Name ...
[Server] Training Image-Based Global Generator...
  Epoch 1/10 | Loss: 0.0772
  Epoch 2/10 | Loss: 0.1167
  Epoch 3/10 | Loss: 0.1263
  Epoch 4/10 | Loss: 0.0694
  Epoch 5/10 | Loss: 0.1015
  Epoch 6/10 | Loss: 0.1334
  Epoch 7/10 | Loss: 0.2305
  Epoch 8/10 | Loss: 0.1173
  Epoch 9/10 | Loss: 0.1518
  Epoch 10/10 | Loss: 0.1054
[Server] Image-Based Global Generator training finished.
[Server] Training Final Global Inference Model ...
Detected 72 global classes: [0, 1, 2, 3, 4, 5, 6, 7, 8, 9, 10, 11, 12, 13, 14, 15, 16, 17, 18, 19, 20, 21, 22, 23, 24, 25, 26, 27, 28, 29, 30, 31, 32, 33, 34, 35, 36, 37, 38, 39, 40, 41, 42, 43, 44, 45, 46, 47, 48, 49, 50, 51, 52, 53, 54, 55, 56, 57, 58, 59, 60, 61, 62, 63, 64, 65, 66, 67, 68, 69, 70, 71]
Epoch 0 Loss: 0.0286
Epoch 1 Loss: 0.0345
Epoch 2 Loss: 0.0397
Epoch 3 Loss: 0.0264
Epoch 4 Loss: 0.0260
[Server] Global Inference Model Acc (MNIST) (Round 89): 0.52% (Tested on 9095 samples)
[Server] Global Inference Model Acc (EMNIST) (Round 89): 3.81% (Tested on 105779 samples)
[Server] Global Inference Model Acc (CIFAR10) (Round 89): 8.23% (Tested on 9100 samples)
[Server] Global Inference Model Acc (Mix) (Round 89): 3.89% (Tested on 123974 samples)
Selected client ids: [0, 1, 2, 3, 4, 5, 6, 7, 8, 9, 10, 11, 12, 13, 14, 15, 16, 17, 18, 19, 20, 21, 22, 23, 24, 25, 26, 27, 28, 29]
--- Round 90 ---
Round 90 | Client 0 | Model: (MLP) | Acc: 96.84%
Round 90 | Client 1 | Model: (CNN) | Acc: 97.90%
Round 90 | Client 2 | Model: (ResNet8) | Acc: 98.87%
Round 90 | Client 3 | Model: (ResNet18) | Acc: 99.43%
Round 90 | Client 4 | Model: (MobileNetV2) | Acc: 96.57%
Round 90 | Client 5 | Model: (MobileNetV3) | Acc: 92.31%
Round 90 | Client 6 | Model: (LeNet) | Acc: 98.69%
Round 90 | Client 7 | Model: (AlexNet) | Acc: 98.84%
Round 90 | Client 8 | Model: (ShuffleNet) | Acc: 74.94%
Round 90 | Client 9 | Model: (SqueezeNet) | Acc: 98.47%
Round 90 | Client 11 | Model: (MLP) | Acc: 79.09%
Round 90 | Client 12 | Model: (CNN) | Acc: 83.43%
Round 90 | Client 13 | Model: (ResNet8) | Acc: 82.93%
Round 90 | Client 14 | Model: (ResNet18) | Acc: 84.15%
Round 90 | Client 15 | Model: (MobileNetV2) | Acc: 82.95%
Round 90 | Client 16 | Model: (MobileNetV3) | Acc: 77.81%
Round 90 | Client 17 | Model: (LeNet) | Acc: 82.09%
Round 90 | Client 18 | Model: (AlexNet) | Acc: 82.01%
Round 90 | Client 19 | Model: (ShuffleNet) | Acc: 82.89%
Round 90 | Client 20 | Model: (SqueezeNet) | Acc: 83.32%
Round 90 | Client 22 | Model: (MLP) | Acc: 43.41%
Round 90 | Client 23 | Model: (CNN) | Acc: 64.51%
Round 90 | Client 24 | Model: (ResNet8) | Acc: 64.03%
Round 90 | Client 25 | Model: (ResNet18) | Acc: 58.82%
Round 90 | Client 26 | Model: (MobileNetV2) | Acc: 41.13%
Round 90 | Client 27 | Model: (MobileNetV3) | Acc: 47.64%
Round 90 | Client 28 | Model: (LeNet) | Acc: 54.90%
Round 90 | Client 29 | Model: (AlexNet) | Acc: 56.43%
Round 90 | Client 30 | Model: (ShuffleNet) | Acc: 42.43%
Round 90 | Client 31 | Model: (SqueezeNet) | Acc: 44.38%
[Server] Aggregating by Dataset Name ...
[Server] Training Image-Based Global Generator...
  Epoch 1/10 | Loss: 0.0999
  Epoch 2/10 | Loss: 0.1016
  Epoch 3/10 | Loss: 0.1447
  Epoch 4/10 | Loss: 0.0785
  Epoch 5/10 | Loss: 0.1180
  Epoch 6/10 | Loss: 0.1150
  Epoch 7/10 | Loss: 0.0935
  Epoch 8/10 | Loss: 0.1009
  Epoch 9/10 | Loss: 0.0536
  Epoch 10/10 | Loss: 0.1787
[Server] Image-Based Global Generator training finished.
[Server] Training Final Global Inference Model ...
Detected 72 global classes: [0, 1, 2, 3, 4, 5, 6, 7, 8, 9, 10, 11, 12, 13, 14, 15, 16, 17, 18, 19, 20, 21, 22, 23, 24, 25, 26, 27, 28, 29, 30, 31, 32, 33, 34, 35, 36, 37, 38, 39, 40, 41, 42, 43, 44, 45, 46, 47, 48, 49, 50, 51, 52, 53, 54, 55, 56, 57, 58, 59, 60, 61, 62, 63, 64, 65, 66, 67, 68, 69, 70, 71]
Epoch 0 Loss: 0.0301
Epoch 1 Loss: 0.0221
Epoch 2 Loss: 0.0418
Epoch 3 Loss: 0.0281
Epoch 4 Loss: 0.0288
[Server] Global Inference Model Acc (MNIST) (Round 90): 0.79% (Tested on 9095 samples)
[Server] Global Inference Model Acc (EMNIST) (Round 90): 4.24% (Tested on 105779 samples)
[Server] Global Inference Model Acc (CIFAR10) (Round 90): 10.34% (Tested on 9100 samples)
[Server] Global Inference Model Acc (Mix) (Round 90): 4.44% (Tested on 123974 samples)
Selected client ids: [0, 1, 2, 3, 4, 5, 6, 7, 8, 9, 10, 11, 12, 13, 14, 15, 16, 17, 18, 19, 20, 21, 22, 23, 24, 25, 26, 27, 28, 29]
--- Round 91 ---
Round 91 | Client 0 | Model: (MLP) | Acc: 96.84%
Round 91 | Client 1 | Model: (CNN) | Acc: 98.01%
Round 91 | Client 2 | Model: (ResNet8) | Acc: 98.87%
Round 91 | Client 3 | Model: (ResNet18) | Acc: 99.43%
Round 91 | Client 4 | Model: (MobileNetV2) | Acc: 97.00%
Round 91 | Client 5 | Model: (MobileNetV3) | Acc: 92.20%
Round 91 | Client 6 | Model: (LeNet) | Acc: 98.69%
Round 91 | Client 7 | Model: (AlexNet) | Acc: 98.84%
Round 91 | Client 8 | Model: (ShuffleNet) | Acc: 76.61%
Round 91 | Client 9 | Model: (SqueezeNet) | Acc: 97.81%
Round 91 | Client 11 | Model: (MLP) | Acc: 80.13%
Round 91 | Client 12 | Model: (CNN) | Acc: 83.24%
Round 91 | Client 13 | Model: (ResNet8) | Acc: 82.26%
Round 91 | Client 14 | Model: (ResNet18) | Acc: 84.67%
Round 91 | Client 15 | Model: (MobileNetV2) | Acc: 82.46%
Round 91 | Client 16 | Model: (MobileNetV3) | Acc: 77.75%
Round 91 | Client 17 | Model: (LeNet) | Acc: 81.99%
Round 91 | Client 18 | Model: (AlexNet) | Acc: 81.91%
Round 91 | Client 19 | Model: (ShuffleNet) | Acc: 83.09%
Round 91 | Client 20 | Model: (SqueezeNet) | Acc: 83.59%
Round 91 | Client 22 | Model: (MLP) | Acc: 43.53%
Round 91 | Client 23 | Model: (CNN) | Acc: 55.60%
Round 91 | Client 24 | Model: (ResNet8) | Acc: 64.67%
Round 91 | Client 25 | Model: (ResNet18) | Acc: 57.49%
Round 91 | Client 26 | Model: (MobileNetV2) | Acc: 42.92%
Round 91 | Client 27 | Model: (MobileNetV3) | Acc: 47.42%
Round 91 | Client 28 | Model: (LeNet) | Acc: 54.35%
Round 91 | Client 29 | Model: (AlexNet) | Acc: 56.22%
Round 91 | Client 30 | Model: (ShuffleNet) | Acc: 39.25%
Round 91 | Client 31 | Model: (SqueezeNet) | Acc: 42.47%
[Server] Aggregating by Dataset Name ...
[Server] Training Image-Based Global Generator...
  Epoch 1/10 | Loss: 0.0761
  Epoch 2/10 | Loss: 0.0997
  Epoch 3/10 | Loss: 0.0994
  Epoch 4/10 | Loss: 0.0952
  Epoch 5/10 | Loss: 0.1125
  Epoch 6/10 | Loss: 0.1147
  Epoch 7/10 | Loss: 0.0896
  Epoch 8/10 | Loss: 0.0842
  Epoch 9/10 | Loss: 0.0833
  Epoch 10/10 | Loss: 0.0806
[Server] Image-Based Global Generator training finished.
[Server] Training Final Global Inference Model ...
Detected 72 global classes: [0, 1, 2, 3, 4, 5, 6, 7, 8, 9, 10, 11, 12, 13, 14, 15, 16, 17, 18, 19, 20, 21, 22, 23, 24, 25, 26, 27, 28, 29, 30, 31, 32, 33, 34, 35, 36, 37, 38, 39, 40, 41, 42, 43, 44, 45, 46, 47, 48, 49, 50, 51, 52, 53, 54, 55, 56, 57, 58, 59, 60, 61, 62, 63, 64, 65, 66, 67, 68, 69, 70, 71]
Epoch 0 Loss: 0.0242
Epoch 1 Loss: 0.0711
Epoch 2 Loss: 0.0264
Epoch 3 Loss: 0.0179
Epoch 4 Loss: 0.0268
[Server] Global Inference Model Acc (MNIST) (Round 91): 1.03% (Tested on 9095 samples)
[Server] Global Inference Model Acc (EMNIST) (Round 91): 4.47% (Tested on 105779 samples)
[Server] Global Inference Model Acc (CIFAR10) (Round 91): 12.88% (Tested on 9100 samples)
[Server] Global Inference Model Acc (Mix) (Round 91): 4.83% (Tested on 123974 samples)
Selected client ids: [0, 1, 2, 3, 4, 5, 6, 7, 8, 9, 10, 11, 12, 13, 14, 15, 16, 17, 18, 19, 20, 21, 22, 23, 24, 25, 26, 27, 28, 29]
--- Round 92 ---
Round 92 | Client 0 | Model: (MLP) | Acc: 96.84%
Round 92 | Client 1 | Model: (CNN) | Acc: 98.01%
Round 92 | Client 2 | Model: (ResNet8) | Acc: 98.75%
Round 92 | Client 3 | Model: (ResNet18) | Acc: 95.36%
Round 92 | Client 4 | Model: (MobileNetV2) | Acc: 97.22%
Round 92 | Client 5 | Model: (MobileNetV3) | Acc: 93.20%
Round 92 | Client 6 | Model: (LeNet) | Acc: 98.69%
Round 92 | Client 7 | Model: (AlexNet) | Acc: 98.84%
Round 92 | Client 8 | Model: (ShuffleNet) | Acc: 74.94%
Round 92 | Client 9 | Model: (SqueezeNet) | Acc: 97.27%
Round 92 | Client 11 | Model: (MLP) | Acc: 79.95%
Round 92 | Client 12 | Model: (CNN) | Acc: 83.52%
Round 92 | Client 13 | Model: (ResNet8) | Acc: 83.66%
Round 92 | Client 14 | Model: (ResNet18) | Acc: 84.61%
Round 92 | Client 15 | Model: (MobileNetV2) | Acc: 82.18%
Round 92 | Client 16 | Model: (MobileNetV3) | Acc: 76.60%
Round 92 | Client 17 | Model: (LeNet) | Acc: 81.99%
Round 92 | Client 18 | Model: (AlexNet) | Acc: 81.88%
Round 92 | Client 19 | Model: (ShuffleNet) | Acc: 83.20%
Round 92 | Client 20 | Model: (SqueezeNet) | Acc: 82.99%
Round 92 | Client 22 | Model: (MLP) | Acc: 43.29%
Round 92 | Client 23 | Model: (CNN) | Acc: 62.31%
Round 92 | Client 24 | Model: (ResNet8) | Acc: 64.03%
Round 92 | Client 25 | Model: (ResNet18) | Acc: 57.38%
Round 92 | Client 26 | Model: (MobileNetV2) | Acc: 39.56%
Round 92 | Client 27 | Model: (MobileNetV3) | Acc: 46.57%
Round 92 | Client 28 | Model: (LeNet) | Acc: 54.46%
Round 92 | Client 29 | Model: (AlexNet) | Acc: 56.65%
Round 92 | Client 30 | Model: (ShuffleNet) | Acc: 40.79%
Round 92 | Client 31 | Model: (SqueezeNet) | Acc: 41.35%
[Server] Aggregating by Dataset Name ...
[Server] Training Image-Based Global Generator...
  Epoch 1/10 | Loss: 0.1228
  Epoch 2/10 | Loss: 0.0948
  Epoch 3/10 | Loss: 0.0838
  Epoch 4/10 | Loss: 0.0891
  Epoch 5/10 | Loss: 0.0717
  Epoch 6/10 | Loss: 0.0793
  Epoch 7/10 | Loss: 0.0889
  Epoch 8/10 | Loss: 0.0800
  Epoch 9/10 | Loss: 0.1028
  Epoch 10/10 | Loss: 0.0991
[Server] Image-Based Global Generator training finished.
[Server] Training Final Global Inference Model ...
Detected 72 global classes: [0, 1, 2, 3, 4, 5, 6, 7, 8, 9, 10, 11, 12, 13, 14, 15, 16, 17, 18, 19, 20, 21, 22, 23, 24, 25, 26, 27, 28, 29, 30, 31, 32, 33, 34, 35, 36, 37, 38, 39, 40, 41, 42, 43, 44, 45, 46, 47, 48, 49, 50, 51, 52, 53, 54, 55, 56, 57, 58, 59, 60, 61, 62, 63, 64, 65, 66, 67, 68, 69, 70, 71]
Epoch 0 Loss: 0.0253
Epoch 1 Loss: 0.0288
Epoch 2 Loss: 0.0184
Epoch 3 Loss: 0.0234
Epoch 4 Loss: 0.0259
[Server] Global Inference Model Acc (MNIST) (Round 92): 1.03% (Tested on 9095 samples)
[Server] Global Inference Model Acc (EMNIST) (Round 92): 4.37% (Tested on 105779 samples)
[Server] Global Inference Model Acc (CIFAR10) (Round 92): 12.31% (Tested on 9100 samples)
[Server] Global Inference Model Acc (Mix) (Round 92): 4.71% (Tested on 123974 samples)
Selected client ids: [0, 1, 2, 3, 4, 5, 6, 7, 8, 9, 10, 11, 12, 13, 14, 15, 16, 17, 18, 19, 20, 21, 22, 23, 24, 25, 26, 27, 28, 29]
--- Round 93 ---
Round 93 | Client 0 | Model: (MLP) | Acc: 96.84%
Round 93 | Client 1 | Model: (CNN) | Acc: 98.01%
Round 93 | Client 2 | Model: (ResNet8) | Acc: 98.87%
Round 93 | Client 3 | Model: (ResNet18) | Acc: 98.76%
Round 93 | Client 4 | Model: (MobileNetV2) | Acc: 97.11%
Round 93 | Client 5 | Model: (MobileNetV3) | Acc: 92.64%
Round 93 | Client 6 | Model: (LeNet) | Acc: 98.69%
Round 93 | Client 7 | Model: (AlexNet) | Acc: 98.74%
Round 93 | Client 8 | Model: (ShuffleNet) | Acc: 76.73%
Round 93 | Client 9 | Model: (SqueezeNet) | Acc: 97.70%
Round 93 | Client 11 | Model: (MLP) | Acc: 79.69%
Round 93 | Client 12 | Model: (CNN) | Acc: 83.05%
Round 93 | Client 13 | Model: (ResNet8) | Acc: 82.29%
Round 93 | Client 14 | Model: (ResNet18) | Acc: 84.08%
Round 93 | Client 15 | Model: (MobileNetV2) | Acc: 82.14%
Round 93 | Client 16 | Model: (MobileNetV3) | Acc: 77.57%
Round 93 | Client 17 | Model: (LeNet) | Acc: 82.56%
Round 93 | Client 18 | Model: (AlexNet) | Acc: 81.96%
Round 93 | Client 19 | Model: (ShuffleNet) | Acc: 82.56%
Round 93 | Client 20 | Model: (SqueezeNet) | Acc: 83.51%
Round 93 | Client 22 | Model: (MLP) | Acc: 43.41%
Round 93 | Client 23 | Model: (CNN) | Acc: 60.33%
Round 93 | Client 24 | Model: (ResNet8) | Acc: 63.92%
Round 93 | Client 25 | Model: (ResNet18) | Acc: 59.71%
Round 93 | Client 26 | Model: (MobileNetV2) | Acc: 39.87%
Round 93 | Client 27 | Model: (MobileNetV3) | Acc: 48.28%
Round 93 | Client 28 | Model: (LeNet) | Acc: 54.57%
Round 93 | Client 29 | Model: (AlexNet) | Acc: 56.43%
Round 93 | Client 30 | Model: (ShuffleNet) | Acc: 37.83%
Round 93 | Client 31 | Model: (SqueezeNet) | Acc: 42.81%
[Server] Aggregating by Dataset Name ...
[Server] Training Image-Based Global Generator...
  Epoch 1/10 | Loss: 0.1093
  Epoch 2/10 | Loss: 0.1487
  Epoch 3/10 | Loss: 0.1175
  Epoch 4/10 | Loss: 0.0763
  Epoch 5/10 | Loss: 0.0835
  Epoch 6/10 | Loss: 0.0633
  Epoch 7/10 | Loss: 0.0778
  Epoch 8/10 | Loss: 0.0919
  Epoch 9/10 | Loss: 0.0894
  Epoch 10/10 | Loss: 0.0623
[Server] Image-Based Global Generator training finished.
[Server] Training Final Global Inference Model ...
Detected 72 global classes: [0, 1, 2, 3, 4, 5, 6, 7, 8, 9, 10, 11, 12, 13, 14, 15, 16, 17, 18, 19, 20, 21, 22, 23, 24, 25, 26, 27, 28, 29, 30, 31, 32, 33, 34, 35, 36, 37, 38, 39, 40, 41, 42, 43, 44, 45, 46, 47, 48, 49, 50, 51, 52, 53, 54, 55, 56, 57, 58, 59, 60, 61, 62, 63, 64, 65, 66, 67, 68, 69, 70, 71]
Epoch 0 Loss: 0.0183
Epoch 1 Loss: 0.0272
Epoch 2 Loss: 0.0453
Epoch 3 Loss: 0.0179
Epoch 4 Loss: 0.0421
[Server] Global Inference Model Acc (MNIST) (Round 93): 1.37% (Tested on 9095 samples)
[Server] Global Inference Model Acc (EMNIST) (Round 93): 4.28% (Tested on 105779 samples)
[Server] Global Inference Model Acc (CIFAR10) (Round 93): 11.81% (Tested on 9100 samples)
[Server] Global Inference Model Acc (Mix) (Round 93): 4.62% (Tested on 123974 samples)
Selected client ids: [0, 1, 2, 3, 4, 5, 6, 7, 8, 9, 10, 11, 12, 13, 14, 15, 16, 17, 18, 19, 20, 21, 22, 23, 24, 25, 26, 27, 28, 29]
--- Round 94 ---
Round 94 | Client 0 | Model: (MLP) | Acc: 96.84%
Round 94 | Client 1 | Model: (CNN) | Acc: 98.12%
Round 94 | Client 2 | Model: (ResNet8) | Acc: 91.17%
Round 94 | Client 3 | Model: (ResNet18) | Acc: 98.64%
Round 94 | Client 4 | Model: (MobileNetV2) | Acc: 97.64%
Round 94 | Client 5 | Model: (MobileNetV3) | Acc: 92.64%
Round 94 | Client 6 | Model: (LeNet) | Acc: 98.69%
Round 94 | Client 7 | Model: (AlexNet) | Acc: 98.74%
Round 94 | Client 8 | Model: (ShuffleNet) | Acc: 74.16%
Round 94 | Client 9 | Model: (SqueezeNet) | Acc: 98.36%
Round 94 | Client 11 | Model: (MLP) | Acc: 79.58%
Round 94 | Client 12 | Model: (CNN) | Acc: 82.38%
Round 94 | Client 13 | Model: (ResNet8) | Acc: 83.39%
Round 94 | Client 14 | Model: (ResNet18) | Acc: 83.98%
Round 94 | Client 15 | Model: (MobileNetV2) | Acc: 81.94%
Round 94 | Client 16 | Model: (MobileNetV3) | Acc: 78.73%
Round 94 | Client 17 | Model: (LeNet) | Acc: 82.21%
Round 94 | Client 18 | Model: (AlexNet) | Acc: 82.50%
Round 94 | Client 19 | Model: (ShuffleNet) | Acc: 82.48%
Round 94 | Client 20 | Model: (SqueezeNet) | Acc: 83.67%
Round 94 | Client 22 | Model: (MLP) | Acc: 43.17%
Round 94 | Client 23 | Model: (CNN) | Acc: 45.82%
Round 94 | Client 24 | Model: (ResNet8) | Acc: 64.13%
Round 94 | Client 25 | Model: (ResNet18) | Acc: 57.16%
Round 94 | Client 26 | Model: (MobileNetV2) | Acc: 40.50%
Round 94 | Client 27 | Model: (MobileNetV3) | Acc: 47.64%
Round 94 | Client 28 | Model: (LeNet) | Acc: 54.57%
Round 94 | Client 29 | Model: (AlexNet) | Acc: 56.97%
Round 94 | Client 30 | Model: (ShuffleNet) | Acc: 40.79%
Round 94 | Client 31 | Model: (SqueezeNet) | Acc: 42.36%
[Server] Aggregating by Dataset Name ...
[Server] Training Image-Based Global Generator...
  Epoch 1/10 | Loss: 0.1219
  Epoch 2/10 | Loss: 0.1235
  Epoch 3/10 | Loss: 0.1356
  Epoch 4/10 | Loss: 0.1678
  Epoch 5/10 | Loss: 0.0702
  Epoch 6/10 | Loss: 0.0663
  Epoch 7/10 | Loss: 0.0436
  Epoch 8/10 | Loss: 0.1102
  Epoch 9/10 | Loss: 0.0741
  Epoch 10/10 | Loss: 0.1321
[Server] Image-Based Global Generator training finished.
[Server] Training Final Global Inference Model ...
Detected 72 global classes: [0, 1, 2, 3, 4, 5, 6, 7, 8, 9, 10, 11, 12, 13, 14, 15, 16, 17, 18, 19, 20, 21, 22, 23, 24, 25, 26, 27, 28, 29, 30, 31, 32, 33, 34, 35, 36, 37, 38, 39, 40, 41, 42, 43, 44, 45, 46, 47, 48, 49, 50, 51, 52, 53, 54, 55, 56, 57, 58, 59, 60, 61, 62, 63, 64, 65, 66, 67, 68, 69, 70, 71]
Epoch 0 Loss: 0.0662
Epoch 1 Loss: 0.0224
Epoch 2 Loss: 0.0217
Epoch 3 Loss: 0.0234
Epoch 4 Loss: 0.0329
[Server] Global Inference Model Acc (MNIST) (Round 94): 1.55% (Tested on 9095 samples)
[Server] Global Inference Model Acc (EMNIST) (Round 94): 4.08% (Tested on 105779 samples)
[Server] Global Inference Model Acc (CIFAR10) (Round 94): 9.84% (Tested on 9100 samples)
[Server] Global Inference Model Acc (Mix) (Round 94): 4.32% (Tested on 123974 samples)
Selected client ids: [0, 1, 2, 3, 4, 5, 6, 7, 8, 9, 10, 11, 12, 13, 14, 15, 16, 17, 18, 19, 20, 21, 22, 23, 24, 25, 26, 27, 28, 29]
--- Round 95 ---
Round 95 | Client 0 | Model: (MLP) | Acc: 96.84%
Round 95 | Client 1 | Model: (CNN) | Acc: 98.01%
Round 95 | Client 2 | Model: (ResNet8) | Acc: 96.72%
Round 95 | Client 3 | Model: (ResNet18) | Acc: 98.76%
Round 95 | Client 4 | Model: (MobileNetV2) | Acc: 97.22%
Round 95 | Client 5 | Model: (MobileNetV3) | Acc: 92.75%
Round 95 | Client 6 | Model: (LeNet) | Acc: 98.69%
Round 95 | Client 7 | Model: (AlexNet) | Acc: 98.74%
Round 95 | Client 8 | Model: (ShuffleNet) | Acc: 76.28%
Round 95 | Client 9 | Model: (SqueezeNet) | Acc: 97.60%
Round 95 | Client 11 | Model: (MLP) | Acc: 79.53%
Round 95 | Client 12 | Model: (CNN) | Acc: 83.13%
Round 95 | Client 13 | Model: (ResNet8) | Acc: 83.85%
Round 95 | Client 14 | Model: (ResNet18) | Acc: 84.18%
Round 95 | Client 15 | Model: (MobileNetV2) | Acc: 82.74%
Round 95 | Client 16 | Model: (MobileNetV3) | Acc: 78.22%
Round 95 | Client 17 | Model: (LeNet) | Acc: 82.00%
Round 95 | Client 18 | Model: (AlexNet) | Acc: 82.44%
Round 95 | Client 19 | Model: (ShuffleNet) | Acc: 83.21%
Round 95 | Client 20 | Model: (SqueezeNet) | Acc: 83.82%
Round 95 | Client 22 | Model: (MLP) | Acc: 43.41%
Round 95 | Client 23 | Model: (CNN) | Acc: 58.90%
Round 95 | Client 24 | Model: (ResNet8) | Acc: 63.92%
Round 95 | Client 25 | Model: (ResNet18) | Acc: 58.05%
Round 95 | Client 26 | Model: (MobileNetV2) | Acc: 41.34%
Round 95 | Client 27 | Model: (MobileNetV3) | Acc: 46.78%
Round 95 | Client 28 | Model: (LeNet) | Acc: 54.57%
Round 95 | Client 29 | Model: (AlexNet) | Acc: 56.22%
Round 95 | Client 30 | Model: (ShuffleNet) | Acc: 43.20%
Round 95 | Client 31 | Model: (SqueezeNet) | Acc: 39.89%
[Server] Aggregating by Dataset Name ...
[Server] Training Image-Based Global Generator...
  Epoch 1/10 | Loss: 0.0970
  Epoch 2/10 | Loss: 0.1288
  Epoch 3/10 | Loss: 0.0923
  Epoch 4/10 | Loss: 0.1306
  Epoch 5/10 | Loss: 0.1019
  Epoch 6/10 | Loss: 0.1404
  Epoch 7/10 | Loss: 0.1030
  Epoch 8/10 | Loss: 0.1286
  Epoch 9/10 | Loss: 0.1675
  Epoch 10/10 | Loss: 0.1043
[Server] Image-Based Global Generator training finished.
[Server] Training Final Global Inference Model ...
Detected 72 global classes: [0, 1, 2, 3, 4, 5, 6, 7, 8, 9, 10, 11, 12, 13, 14, 15, 16, 17, 18, 19, 20, 21, 22, 23, 24, 25, 26, 27, 28, 29, 30, 31, 32, 33, 34, 35, 36, 37, 38, 39, 40, 41, 42, 43, 44, 45, 46, 47, 48, 49, 50, 51, 52, 53, 54, 55, 56, 57, 58, 59, 60, 61, 62, 63, 64, 65, 66, 67, 68, 69, 70, 71]
Epoch 0 Loss: 0.0280
Epoch 1 Loss: 0.0605
Epoch 2 Loss: 0.0219
Epoch 3 Loss: 0.0467
Epoch 4 Loss: 0.0237
[Server] Global Inference Model Acc (MNIST) (Round 95): 1.66% (Tested on 9095 samples)
[Server] Global Inference Model Acc (EMNIST) (Round 95): 3.75% (Tested on 105779 samples)
[Server] Global Inference Model Acc (CIFAR10) (Round 95): 12.90% (Tested on 9100 samples)
[Server] Global Inference Model Acc (Mix) (Round 95): 4.27% (Tested on 123974 samples)
Selected client ids: [0, 1, 2, 3, 4, 5, 6, 7, 8, 9, 10, 11, 12, 13, 14, 15, 16, 17, 18, 19, 20, 21, 22, 23, 24, 25, 26, 27, 28, 29]
--- Round 96 ---
Round 96 | Client 0 | Model: (MLP) | Acc: 96.84%
Round 96 | Client 1 | Model: (CNN) | Acc: 98.12%
Round 96 | Client 2 | Model: (ResNet8) | Acc: 96.83%
Round 96 | Client 3 | Model: (ResNet18) | Acc: 98.64%
Round 96 | Client 4 | Model: (MobileNetV2) | Acc: 97.64%
Round 96 | Client 5 | Model: (MobileNetV3) | Acc: 92.08%
Round 96 | Client 6 | Model: (LeNet) | Acc: 98.69%
Round 96 | Client 7 | Model: (AlexNet) | Acc: 98.74%
Round 96 | Client 8 | Model: (ShuffleNet) | Acc: 76.61%
Round 96 | Client 9 | Model: (SqueezeNet) | Acc: 98.58%
Round 96 | Client 11 | Model: (MLP) | Acc: 80.40%
Round 96 | Client 12 | Model: (CNN) | Acc: 83.03%
Round 96 | Client 13 | Model: (ResNet8) | Acc: 83.75%
Round 96 | Client 14 | Model: (ResNet18) | Acc: 84.11%
Round 96 | Client 15 | Model: (MobileNetV2) | Acc: 82.06%
Round 96 | Client 16 | Model: (MobileNetV3) | Acc: 78.40%
Round 96 | Client 17 | Model: (LeNet) | Acc: 82.25%
Round 96 | Client 18 | Model: (AlexNet) | Acc: 81.90%
Round 96 | Client 19 | Model: (ShuffleNet) | Acc: 82.60%
Round 96 | Client 20 | Model: (SqueezeNet) | Acc: 83.87%
Round 96 | Client 22 | Model: (MLP) | Acc: 43.17%
Round 96 | Client 23 | Model: (CNN) | Acc: 62.09%
Round 96 | Client 24 | Model: (ResNet8) | Acc: 63.81%
Round 96 | Client 25 | Model: (ResNet18) | Acc: 61.15%
Round 96 | Client 26 | Model: (MobileNetV2) | Acc: 39.45%
Round 96 | Client 27 | Model: (MobileNetV3) | Acc: 45.06%
Round 96 | Client 28 | Model: (LeNet) | Acc: 54.68%
Round 96 | Client 29 | Model: (AlexNet) | Acc: 56.65%
Round 96 | Client 30 | Model: (ShuffleNet) | Acc: 40.35%
Round 96 | Client 31 | Model: (SqueezeNet) | Acc: 41.57%
[Server] Aggregating by Dataset Name ...
[Server] Training Image-Based Global Generator...
  Epoch 1/10 | Loss: 0.1042
  Epoch 2/10 | Loss: 0.1290
  Epoch 3/10 | Loss: 0.1446
  Epoch 4/10 | Loss: 0.0826
  Epoch 5/10 | Loss: 0.0695
  Epoch 6/10 | Loss: 0.0776
  Epoch 7/10 | Loss: 0.1301
  Epoch 8/10 | Loss: 0.0894
  Epoch 9/10 | Loss: 0.0690
  Epoch 10/10 | Loss: 0.0569
[Server] Image-Based Global Generator training finished.
[Server] Training Final Global Inference Model ...
Detected 72 global classes: [0, 1, 2, 3, 4, 5, 6, 7, 8, 9, 10, 11, 12, 13, 14, 15, 16, 17, 18, 19, 20, 21, 22, 23, 24, 25, 26, 27, 28, 29, 30, 31, 32, 33, 34, 35, 36, 37, 38, 39, 40, 41, 42, 43, 44, 45, 46, 47, 48, 49, 50, 51, 52, 53, 54, 55, 56, 57, 58, 59, 60, 61, 62, 63, 64, 65, 66, 67, 68, 69, 70, 71]
Epoch 0 Loss: 0.0356
Epoch 1 Loss: 0.0603
Epoch 2 Loss: 0.0290
Epoch 3 Loss: 0.0533
Epoch 4 Loss: 0.0119
[Server] Global Inference Model Acc (MNIST) (Round 96): 1.55% (Tested on 9095 samples)
[Server] Global Inference Model Acc (EMNIST) (Round 96): 3.49% (Tested on 105779 samples)
[Server] Global Inference Model Acc (CIFAR10) (Round 96): 11.05% (Tested on 9100 samples)
[Server] Global Inference Model Acc (Mix) (Round 96): 3.91% (Tested on 123974 samples)
Selected client ids: [0, 1, 2, 3, 4, 5, 6, 7, 8, 9, 10, 11, 12, 13, 14, 15, 16, 17, 18, 19, 20, 21, 22, 23, 24, 25, 26, 27, 28, 29]
--- Round 97 ---
Round 97 | Client 0 | Model: (MLP) | Acc: 96.84%
Round 97 | Client 1 | Model: (CNN) | Acc: 98.12%
Round 97 | Client 2 | Model: (ResNet8) | Acc: 98.64%
Round 97 | Client 3 | Model: (ResNet18) | Acc: 98.98%
Round 97 | Client 4 | Model: (MobileNetV2) | Acc: 97.64%
Round 97 | Client 5 | Model: (MobileNetV3) | Acc: 91.42%
Round 97 | Client 6 | Model: (LeNet) | Acc: 98.69%
Round 97 | Client 7 | Model: (AlexNet) | Acc: 98.74%
Round 97 | Client 8 | Model: (ShuffleNet) | Acc: 76.61%
Round 97 | Client 9 | Model: (SqueezeNet) | Acc: 97.70%
Round 97 | Client 11 | Model: (MLP) | Acc: 80.03%
Round 97 | Client 12 | Model: (CNN) | Acc: 83.51%
Round 97 | Client 13 | Model: (ResNet8) | Acc: 83.25%
Round 97 | Client 14 | Model: (ResNet18) | Acc: 84.06%
Round 97 | Client 15 | Model: (MobileNetV2) | Acc: 82.59%
Round 97 | Client 16 | Model: (MobileNetV3) | Acc: 77.48%
Round 97 | Client 17 | Model: (LeNet) | Acc: 81.69%
Round 97 | Client 18 | Model: (AlexNet) | Acc: 81.64%
Round 97 | Client 19 | Model: (ShuffleNet) | Acc: 82.53%
Round 97 | Client 20 | Model: (SqueezeNet) | Acc: 82.98%
Round 97 | Client 22 | Model: (MLP) | Acc: 43.29%
Round 97 | Client 23 | Model: (CNN) | Acc: 61.21%
Round 97 | Client 24 | Model: (ResNet8) | Acc: 63.38%
Round 97 | Client 25 | Model: (ResNet18) | Acc: 59.60%
Round 97 | Client 26 | Model: (MobileNetV2) | Acc: 42.81%
Round 97 | Client 27 | Model: (MobileNetV3) | Acc: 45.82%
Round 97 | Client 28 | Model: (LeNet) | Acc: 54.68%
Round 97 | Client 29 | Model: (AlexNet) | Acc: 56.22%
Round 97 | Client 30 | Model: (ShuffleNet) | Acc: 42.54%
Round 97 | Client 31 | Model: (SqueezeNet) | Acc: 41.24%
[Server] Aggregating by Dataset Name ...
[Server] Training Image-Based Global Generator...
  Epoch 1/10 | Loss: 0.1662
  Epoch 2/10 | Loss: 0.1400
  Epoch 3/10 | Loss: 0.0457
  Epoch 4/10 | Loss: 0.1121
  Epoch 5/10 | Loss: 0.1249
  Epoch 6/10 | Loss: 0.0724
  Epoch 7/10 | Loss: 0.1033
  Epoch 8/10 | Loss: 0.0541
  Epoch 9/10 | Loss: 0.0564
  Epoch 10/10 | Loss: 0.0722
[Server] Image-Based Global Generator training finished.
[Server] Training Final Global Inference Model ...
Detected 72 global classes: [0, 1, 2, 3, 4, 5, 6, 7, 8, 9, 10, 11, 12, 13, 14, 15, 16, 17, 18, 19, 20, 21, 22, 23, 24, 25, 26, 27, 28, 29, 30, 31, 32, 33, 34, 35, 36, 37, 38, 39, 40, 41, 42, 43, 44, 45, 46, 47, 48, 49, 50, 51, 52, 53, 54, 55, 56, 57, 58, 59, 60, 61, 62, 63, 64, 65, 66, 67, 68, 69, 70, 71]
Epoch 0 Loss: 0.0234
Epoch 1 Loss: 0.0601
Epoch 2 Loss: 0.0243
Epoch 3 Loss: 0.0236
Epoch 4 Loss: 0.0495
[Server] Global Inference Model Acc (MNIST) (Round 97): 1.25% (Tested on 9095 samples)
[Server] Global Inference Model Acc (EMNIST) (Round 97): 3.45% (Tested on 105779 samples)
[Server] Global Inference Model Acc (CIFAR10) (Round 97): 10.44% (Tested on 9100 samples)
[Server] Global Inference Model Acc (Mix) (Round 97): 3.80% (Tested on 123974 samples)
Selected client ids: [0, 1, 2, 3, 4, 5, 6, 7, 8, 9, 10, 11, 12, 13, 14, 15, 16, 17, 18, 19, 20, 21, 22, 23, 24, 25, 26, 27, 28, 29]
--- Round 98 ---
Round 98 | Client 0 | Model: (MLP) | Acc: 96.84%
Round 98 | Client 1 | Model: (CNN) | Acc: 97.90%
Round 98 | Client 2 | Model: (ResNet8) | Acc: 98.75%
Round 98 | Client 3 | Model: (ResNet18) | Acc: 99.10%
Round 98 | Client 4 | Model: (MobileNetV2) | Acc: 96.68%
Round 98 | Client 5 | Model: (MobileNetV3) | Acc: 93.53%
Round 98 | Client 6 | Model: (LeNet) | Acc: 98.69%
Round 98 | Client 7 | Model: (AlexNet) | Acc: 98.84%
Round 98 | Client 8 | Model: (ShuffleNet) | Acc: 77.39%
Round 98 | Client 9 | Model: (SqueezeNet) | Acc: 88.74%
Round 98 | Client 11 | Model: (MLP) | Acc: 78.96%
Round 98 | Client 12 | Model: (CNN) | Acc: 81.93%
Round 98 | Client 13 | Model: (ResNet8) | Acc: 84.19%
Round 98 | Client 14 | Model: (ResNet18) | Acc: 84.47%
Round 98 | Client 15 | Model: (MobileNetV2) | Acc: 82.45%
Round 98 | Client 16 | Model: (MobileNetV3) | Acc: 79.06%
Round 98 | Client 17 | Model: (LeNet) | Acc: 82.42%
Round 98 | Client 18 | Model: (AlexNet) | Acc: 82.05%
Round 98 | Client 19 | Model: (ShuffleNet) | Acc: 82.58%
Round 98 | Client 20 | Model: (SqueezeNet) | Acc: 83.24%
Round 98 | Client 22 | Model: (MLP) | Acc: 42.93%
Round 98 | Client 23 | Model: (CNN) | Acc: 55.49%
Round 98 | Client 24 | Model: (ResNet8) | Acc: 64.45%
Round 98 | Client 25 | Model: (ResNet18) | Acc: 58.60%
Round 98 | Client 26 | Model: (MobileNetV2) | Acc: 40.71%
Round 98 | Client 27 | Model: (MobileNetV3) | Acc: 47.00%
Round 98 | Client 28 | Model: (LeNet) | Acc: 54.79%
Round 98 | Client 29 | Model: (AlexNet) | Acc: 56.43%
Round 98 | Client 30 | Model: (ShuffleNet) | Acc: 39.58%
Round 98 | Client 31 | Model: (SqueezeNet) | Acc: 41.80%
[Server] Aggregating by Dataset Name ...
[Server] Training Image-Based Global Generator...
  Epoch 1/10 | Loss: 0.1075
  Epoch 2/10 | Loss: 0.1098
  Epoch 3/10 | Loss: 0.0923
  Epoch 4/10 | Loss: 0.0656
  Epoch 5/10 | Loss: 0.0692
  Epoch 6/10 | Loss: 0.0577
  Epoch 7/10 | Loss: 0.0693
  Epoch 8/10 | Loss: 0.1078
  Epoch 9/10 | Loss: 0.1371
  Epoch 10/10 | Loss: 0.0912
[Server] Image-Based Global Generator training finished.
[Server] Training Final Global Inference Model ...
Detected 72 global classes: [0, 1, 2, 3, 4, 5, 6, 7, 8, 9, 10, 11, 12, 13, 14, 15, 16, 17, 18, 19, 20, 21, 22, 23, 24, 25, 26, 27, 28, 29, 30, 31, 32, 33, 34, 35, 36, 37, 38, 39, 40, 41, 42, 43, 44, 45, 46, 47, 48, 49, 50, 51, 52, 53, 54, 55, 56, 57, 58, 59, 60, 61, 62, 63, 64, 65, 66, 67, 68, 69, 70, 71]
Epoch 0 Loss: 0.0502
Epoch 1 Loss: 0.0279
Epoch 2 Loss: 0.0245
Epoch 3 Loss: 0.0181
Epoch 4 Loss: 0.0322
[Server] Global Inference Model Acc (MNIST) (Round 98): 1.12% (Tested on 9095 samples)
[Server] Global Inference Model Acc (EMNIST) (Round 98): 3.81% (Tested on 105779 samples)
[Server] Global Inference Model Acc (CIFAR10) (Round 98): 11.69% (Tested on 9100 samples)
[Server] Global Inference Model Acc (Mix) (Round 98): 4.19% (Tested on 123974 samples)
Selected client ids: [0, 1, 2, 3, 4, 5, 6, 7, 8, 9, 10, 11, 12, 13, 14, 15, 16, 17, 18, 19, 20, 21, 22, 23, 24, 25, 26, 27, 28, 29]
--- Round 99 ---
Round 99 | Client 0 | Model: (MLP) | Acc: 96.84%
Round 99 | Client 1 | Model: (CNN) | Acc: 97.90%
Round 99 | Client 2 | Model: (ResNet8) | Acc: 98.19%
Round 99 | Client 3 | Model: (ResNet18) | Acc: 98.76%
Round 99 | Client 4 | Model: (MobileNetV2) | Acc: 97.22%
Round 99 | Client 5 | Model: (MobileNetV3) | Acc: 92.20%
Round 99 | Client 6 | Model: (LeNet) | Acc: 98.69%
Round 99 | Client 7 | Model: (AlexNet) | Acc: 98.84%
Round 99 | Client 8 | Model: (ShuffleNet) | Acc: 77.84%
Round 99 | Client 9 | Model: (SqueezeNet) | Acc: 97.16%
Round 99 | Client 11 | Model: (MLP) | Acc: 78.93%
Round 99 | Client 12 | Model: (CNN) | Acc: 83.67%
Round 99 | Client 13 | Model: (ResNet8) | Acc: 83.64%
Round 99 | Client 14 | Model: (ResNet18) | Acc: 84.90%
Round 99 | Client 15 | Model: (MobileNetV2) | Acc: 82.52%
Round 99 | Client 16 | Model: (MobileNetV3) | Acc: 78.66%
Round 99 | Client 17 | Model: (LeNet) | Acc: 81.65%
Round 99 | Client 18 | Model: (AlexNet) | Acc: 81.77%
Round 99 | Client 19 | Model: (ShuffleNet) | Acc: 81.80%
Round 99 | Client 20 | Model: (SqueezeNet) | Acc: 82.00%
Round 99 | Client 22 | Model: (MLP) | Acc: 43.05%
Round 99 | Client 23 | Model: (CNN) | Acc: 59.78%
Round 99 | Client 24 | Model: (ResNet8) | Acc: 63.81%
Round 99 | Client 25 | Model: (ResNet18) | Acc: 60.82%
Round 99 | Client 26 | Model: (MobileNetV2) | Acc: 42.29%
Round 99 | Client 27 | Model: (MobileNetV3) | Acc: 47.75%
Round 99 | Client 28 | Model: (LeNet) | Acc: 54.57%
Round 99 | Client 29 | Model: (AlexNet) | Acc: 56.43%
Round 99 | Client 30 | Model: (ShuffleNet) | Acc: 41.56%
Round 99 | Client 31 | Model: (SqueezeNet) | Acc: 43.03%
[Server] Aggregating by Dataset Name ...
[Server] Training Image-Based Global Generator...
  Epoch 1/10 | Loss: 0.0985
  Epoch 2/10 | Loss: 0.1025
  Epoch 3/10 | Loss: 0.0984
  Epoch 4/10 | Loss: 0.1318
  Epoch 5/10 | Loss: 0.0643
  Epoch 6/10 | Loss: 0.0866
  Epoch 7/10 | Loss: 0.0559
  Epoch 8/10 | Loss: 0.1007
  Epoch 9/10 | Loss: 0.0801
  Epoch 10/10 | Loss: 0.0637
[Server] Image-Based Global Generator training finished.
[Server] Training Final Global Inference Model ...
Detected 72 global classes: [0, 1, 2, 3, 4, 5, 6, 7, 8, 9, 10, 11, 12, 13, 14, 15, 16, 17, 18, 19, 20, 21, 22, 23, 24, 25, 26, 27, 28, 29, 30, 31, 32, 33, 34, 35, 36, 37, 38, 39, 40, 41, 42, 43, 44, 45, 46, 47, 48, 49, 50, 51, 52, 53, 54, 55, 56, 57, 58, 59, 60, 61, 62, 63, 64, 65, 66, 67, 68, 69, 70, 71]
Epoch 0 Loss: 0.0326
Epoch 1 Loss: 0.0159
Epoch 2 Loss: 0.0241
Epoch 3 Loss: 0.0316
Epoch 4 Loss: 0.0207
[Server] Global Inference Model Acc (MNIST) (Round 99): 1.00% (Tested on 9095 samples)
[Server] Global Inference Model Acc (EMNIST) (Round 99): 3.99% (Tested on 105779 samples)
[Server] Global Inference Model Acc (CIFAR10) (Round 99): 13.74% (Tested on 9100 samples)
[Server] Global Inference Model Acc (Mix) (Round 99): 4.49% (Tested on 123974 samples)
Selected client ids: [0, 1, 2, 3, 4, 5, 6, 7, 8, 9, 10, 11, 12, 13, 14, 15, 16, 17, 18, 19, 20, 21, 22, 23, 24, 25, 26, 27, 28, 29]
--- Round 100 ---
Round 100 | Client 0 | Model: (MLP) | Acc: 96.84%
Round 100 | Client 1 | Model: (CNN) | Acc: 98.01%
Round 100 | Client 2 | Model: (ResNet8) | Acc: 98.30%
Round 100 | Client 3 | Model: (ResNet18) | Acc: 98.87%
Round 100 | Client 4 | Model: (MobileNetV2) | Acc: 97.32%
Round 100 | Client 5 | Model: (MobileNetV3) | Acc: 93.20%
Round 100 | Client 6 | Model: (LeNet) | Acc: 98.69%
Round 100 | Client 7 | Model: (AlexNet) | Acc: 98.84%
Round 100 | Client 8 | Model: (ShuffleNet) | Acc: 77.39%
Round 100 | Client 9 | Model: (SqueezeNet) | Acc: 96.94%
Round 100 | Client 11 | Model: (MLP) | Acc: 79.41%
Round 100 | Client 12 | Model: (CNN) | Acc: 82.59%
Round 100 | Client 13 | Model: (ResNet8) | Acc: 84.13%
Round 100 | Client 14 | Model: (ResNet18) | Acc: 84.57%
Round 100 | Client 15 | Model: (MobileNetV2) | Acc: 82.83%
Round 100 | Client 16 | Model: (MobileNetV3) | Acc: 75.80%
Round 100 | Client 17 | Model: (LeNet) | Acc: 82.30%
Round 100 | Client 18 | Model: (AlexNet) | Acc: 81.64%
Round 100 | Client 19 | Model: (ShuffleNet) | Acc: 82.54%
Round 100 | Client 20 | Model: (SqueezeNet) | Acc: 82.95%
Round 100 | Client 22 | Model: (MLP) | Acc: 43.41%
Round 100 | Client 23 | Model: (CNN) | Acc: 61.87%
Round 100 | Client 24 | Model: (ResNet8) | Acc: 25.91%
Round 100 | Client 25 | Model: (ResNet18) | Acc: 58.60%
Round 100 | Client 26 | Model: (MobileNetV2) | Acc: 41.66%
Round 100 | Client 27 | Model: (MobileNetV3) | Acc: 48.71%
Round 100 | Client 28 | Model: (LeNet) | Acc: 54.46%
Round 100 | Client 29 | Model: (AlexNet) | Acc: 56.22%
Round 100 | Client 30 | Model: (ShuffleNet) | Acc: 40.57%
Round 100 | Client 31 | Model: (SqueezeNet) | Acc: 40.56%
[Server] Aggregating by Dataset Name ...
[Server] Training Image-Based Global Generator...
  Epoch 1/10 | Loss: 0.9065
  Epoch 2/10 | Loss: 0.8048
  Epoch 3/10 | Loss: 0.7226
  Epoch 4/10 | Loss: 0.4106
  Epoch 5/10 | Loss: 0.4438
  Epoch 6/10 | Loss: 0.2535
  Epoch 7/10 | Loss: 0.2959
  Epoch 8/10 | Loss: 0.3956
  Epoch 9/10 | Loss: 0.2731
  Epoch 10/10 | Loss: 0.1572
[Server] Image-Based Global Generator training finished.
[Server] Training Final Global Inference Model ...
Detected 72 global classes: [0, 1, 2, 3, 4, 5, 6, 7, 8, 9, 10, 11, 12, 13, 14, 15, 16, 17, 18, 19, 20, 21, 22, 23, 24, 25, 26, 27, 28, 29, 30, 31, 32, 33, 34, 35, 36, 37, 38, 39, 40, 41, 42, 43, 44, 45, 46, 47, 48, 49, 50, 51, 52, 53, 54, 55, 56, 57, 58, 59, 60, 61, 62, 63, 64, 65, 66, 67, 68, 69, 70, 71]
Epoch 0 Loss: 0.0286
Epoch 1 Loss: 0.0276
Epoch 2 Loss: 0.0367
Epoch 3 Loss: 0.0293
Epoch 4 Loss: 0.0210
[Server] Global Inference Model Acc (MNIST) (Round 100): 1.50% (Tested on 9095 samples)
[Server] Global Inference Model Acc (EMNIST) (Round 100): 3.94% (Tested on 105779 samples)
[Server] Global Inference Model Acc (CIFAR10) (Round 100): 15.90% (Tested on 9100 samples)
[Server] Global Inference Model Acc (Mix) (Round 100): 4.64% (Tested on 123974 samples)
Saving UDON Server Checkpoints ...
[Server] All clients saved in logs/2026-06-02_11-45-44/Ours/clients_last_round_checkpoints/
==============================    Finished. Total Time: 5:18:35    ==============================
