Time: 2026-04-12 15:20:14
Log Dir: /home/unshun/multi-FL/logs/Local_iid_het_gb40/new_client_2026-04-12_15-20-14/
================================================================================Loading checkpoints from logs/Local_iid_het_gb40/Local/
Method selected: NAYER
Loaded MLP for MNIST from client_model_MNIST_c0_MLP.pth
Loaded LeNet for MNIST from client_model_MNIST_c6_LeNet.pth
Loaded ShuffleNet for MNIST from client_model_MNIST_c8_ShuffleNet.pth
Loaded MobileNetV2 for MNIST from client_model_MNIST_c4_MobileNetV2.pth
Loaded ResNet8 for MNIST from client_model_MNIST_c2_ResNet8.pth
Loaded CNN for MNIST from client_model_MNIST_c1_CNN.pth
Loaded ResNet18 for MNIST from client_model_MNIST_c3_ResNet18.pth
Loaded SqueezeNet for MNIST from client_model_MNIST_c9_SqueezeNet.pth
Loaded AlexNet for MNIST from client_model_MNIST_c7_AlexNet.pth
Loaded MobileNetV3 for MNIST from client_model_MNIST_c5_MobileNetV3.pth
Loaded ShuffleNet for EMNIST from client_model_EMNIST_c19_ShuffleNet.pth
Loaded MobileNetV2 for EMNIST from client_model_EMNIST_c15_MobileNetV2.pth
Loaded AlexNet for EMNIST from client_model_EMNIST_c18_AlexNet.pth
Loaded SqueezeNet for EMNIST from client_model_EMNIST_c20_SqueezeNet.pth
Loaded MobileNetV3 for EMNIST from client_model_EMNIST_c16_MobileNetV3.pth
Loaded ResNet18 for EMNIST from client_model_EMNIST_c14_ResNet18.pth
Loaded ResNet8 for EMNIST from client_model_EMNIST_c13_ResNet8.pth
Loaded CNN for EMNIST from client_model_EMNIST_c12_CNN.pth
Loaded MLP for EMNIST from client_model_EMNIST_c11_MLP.pth
Loaded LeNet for EMNIST from client_model_EMNIST_c17_LeNet.pth
Loaded SqueezeNet for CIFAR10 from client_model_CIFAR10_c31_SqueezeNet.pth
Loaded MLP for CIFAR10 from client_model_CIFAR10_c22_MLP.pth
Loaded ResNet8 for CIFAR10 from client_model_CIFAR10_c24_ResNet8.pth
Loaded CNN for CIFAR10 from client_model_CIFAR10_c23_CNN.pth
Loaded ResNet18 for CIFAR10 from client_model_CIFAR10_c25_ResNet18.pth
Loaded MobileNetV2 for CIFAR10 from client_model_CIFAR10_c26_MobileNetV2.pth
Loaded LeNet for CIFAR10 from client_model_CIFAR10_c28_LeNet.pth
Loaded ShuffleNet for CIFAR10 from client_model_CIFAR10_c30_ShuffleNet.pth
Loaded MobileNetV3 for CIFAR10 from client_model_CIFAR10_c27_MobileNetV3.pth
Loaded AlexNet for CIFAR10 from client_model_CIFAR10_c29_AlexNet.pth
WARNING: No models loaded for dataset: FashionMNIST.
WARNING: No models loaded for dataset: CIFAR100.

========================================
>>> [METHOD: SYNTHETIC] Starting Synthetic Label Mapping...
========================================
>>> Target Methods to Run: ['NAYER']
>>> [Syn] Loaded client data distributions directly from server checkpoint.

########################################
>>> [Syn] Running Method: NAYER
########################################

>>> Syn-NAYER Training Old Generators...
[Testing] Training Per-Dataset Generators Offline (Old Gen Method) using NAYER...
--- NAYER Generator Configuration ---
    epochs: 120
    g_loops: 2
    g_steps: 30
    g_life: 10
    kd_steps: 400
    warmup: 20
    gwp_loops: 10
    lr_g: 0.004
    ce: 0.5
    bn: 10.0
    adv: 1.33
    student_lr: 0.2
------------------------------------
    -> Loading CLIP ViT-B/32 label embeddings for 10 classes...
    -> [Epoch 0] Student Test Accuracy for MNIST: 9.74%
    -> [Epoch 1] Student Test Accuracy for MNIST: 9.74%
    -> [Epoch 2] Student Test Accuracy for MNIST: 9.74%
    -> [Epoch 3] Student Test Accuracy for MNIST: 9.74%
    -> [Epoch 4] Student Test Accuracy for MNIST: 9.74%
    -> [Epoch 5] Student Test Accuracy for MNIST: 10.39%
    -> [Epoch 6] Student Test Accuracy for MNIST: 9.75%
    -> [Epoch 7] Student Test Accuracy for MNIST: 9.87%
    -> [Epoch 8] Student Test Accuracy for MNIST: 9.77%
    -> [Epoch 9] Student Test Accuracy for MNIST: 9.82%
    -> [Epoch 10] Student Test Accuracy for MNIST: 9.74%
    -> [Epoch 11] Student Test Accuracy for MNIST: 9.77%
    -> [Epoch 12] Student Test Accuracy for MNIST: 9.74%
    -> [Epoch 13] Student Test Accuracy for MNIST: 9.85%
    -> [Epoch 14] Student Test Accuracy for MNIST: 9.74%
    -> [Epoch 15] Student Test Accuracy for MNIST: 10.10%
    -> [Epoch 16] Student Test Accuracy for MNIST: 9.74%
    -> [Epoch 17] Student Test Accuracy for MNIST: 9.90%
    -> [Epoch 18] Student Test Accuracy for MNIST: 9.74%
    -> [Epoch 19] Student Test Accuracy for MNIST: 9.74%
    -> [Epoch 20] Student Test Accuracy for MNIST: 9.74%
    -> [Epoch 21] Student Test Accuracy for MNIST: 9.74%
    -> [Epoch 22] Student Test Accuracy for MNIST: 9.76%
    -> [Epoch 23] Student Test Accuracy for MNIST: 9.74%
    -> [Epoch 24] Student Test Accuracy for MNIST: 10.17%
    -> [Epoch 25] Student Test Accuracy for MNIST: 9.74%
    -> [Epoch 26] Student Test Accuracy for MNIST: 9.74%
    -> [Epoch 27] Student Test Accuracy for MNIST: 11.48%
    -> [Epoch 28] Student Test Accuracy for MNIST: 9.74%
    -> [Epoch 29] Student Test Accuracy for MNIST: 11.23%
    -> [Epoch 30] Student Test Accuracy for MNIST: 10.57%
    -> [Epoch 31] Student Test Accuracy for MNIST: 9.74%
    -> [Epoch 32] Student Test Accuracy for MNIST: 9.74%
    -> [Epoch 33] Student Test Accuracy for MNIST: 9.74%
    -> [Epoch 34] Student Test Accuracy for MNIST: 11.33%
    -> [Epoch 35] Student Test Accuracy for MNIST: 10.33%
    -> [Epoch 36] Student Test Accuracy for MNIST: 13.60%
    -> [Epoch 37] Student Test Accuracy for MNIST: 10.38%
    -> [Epoch 38] Student Test Accuracy for MNIST: 9.75%
    -> [Epoch 39] Student Test Accuracy for MNIST: 9.74%
    -> [Epoch 40] Student Test Accuracy for MNIST: 9.08%
    -> [Epoch 41] Student Test Accuracy for MNIST: 9.74%
    -> [Epoch 42] Student Test Accuracy for MNIST: 9.74%
    -> [Epoch 43] Student Test Accuracy for MNIST: 9.81%
    -> [Epoch 44] Student Test Accuracy for MNIST: 9.74%
    -> [Epoch 45] Student Test Accuracy for MNIST: 10.24%
    -> [Epoch 46] Student Test Accuracy for MNIST: 9.59%
    -> [Epoch 47] Student Test Accuracy for MNIST: 21.41%
    -> [Epoch 48] Student Test Accuracy for MNIST: 9.79%
    -> [Epoch 49] Student Test Accuracy for MNIST: 9.74%
    -> [Epoch 50] Student Test Accuracy for MNIST: 14.72%
    -> [Epoch 51] Student Test Accuracy for MNIST: 9.81%
    -> [Epoch 52] Student Test Accuracy for MNIST: 9.74%
    -> [Epoch 53] Student Test Accuracy for MNIST: 9.72%
    -> [Epoch 54] Student Test Accuracy for MNIST: 9.29%
    -> [Epoch 55] Student Test Accuracy for MNIST: 15.23%
    -> [Epoch 56] Student Test Accuracy for MNIST: 9.76%
    -> [Epoch 57] Student Test Accuracy for MNIST: 15.72%
    -> [Epoch 58] Student Test Accuracy for MNIST: 20.36%
    -> [Epoch 59] Student Test Accuracy for MNIST: 12.18%
    -> [Epoch 60] Student Test Accuracy for MNIST: 9.74%
    -> [Epoch 61] Student Test Accuracy for MNIST: 9.74%
    -> [Epoch 62] Student Test Accuracy for MNIST: 17.36%
    -> [Epoch 63] Student Test Accuracy for MNIST: 20.06%
    -> [Epoch 64] Student Test Accuracy for MNIST: 9.74%
    -> [Epoch 65] Student Test Accuracy for MNIST: 10.02%
    -> [Epoch 66] Student Test Accuracy for MNIST: 20.02%
    -> [Epoch 67] Student Test Accuracy for MNIST: 9.74%
    -> [Epoch 68] Student Test Accuracy for MNIST: 9.74%
    -> [Epoch 69] Student Test Accuracy for MNIST: 22.73%
    -> [Epoch 70] Student Test Accuracy for MNIST: 22.79%
    -> [Epoch 71] Student Test Accuracy for MNIST: 14.40%
    -> [Epoch 72] Student Test Accuracy for MNIST: 10.27%
    -> [Epoch 73] Student Test Accuracy for MNIST: 9.55%
    -> [Epoch 74] Student Test Accuracy for MNIST: 9.78%
    -> [Epoch 75] Student Test Accuracy for MNIST: 10.93%
    -> [Epoch 76] Student Test Accuracy for MNIST: 14.85%
    -> [Epoch 77] Student Test Accuracy for MNIST: 14.34%
    -> [Epoch 78] Student Test Accuracy for MNIST: 14.69%
    -> [Epoch 79] Student Test Accuracy for MNIST: 9.85%
    -> [Epoch 80] Student Test Accuracy for MNIST: 9.24%
    -> [Epoch 81] Student Test Accuracy for MNIST: 12.10%
    -> [Epoch 82] Student Test Accuracy for MNIST: 11.69%
    -> [Epoch 83] Student Test Accuracy for MNIST: 14.31%
    -> [Epoch 84] Student Test Accuracy for MNIST: 17.57%
    -> [Epoch 85] Student Test Accuracy for MNIST: 12.77%
    -> [Epoch 86] Student Test Accuracy for MNIST: 13.68%
    -> [Epoch 87] Student Test Accuracy for MNIST: 19.47%
    -> [Epoch 88] Student Test Accuracy for MNIST: 9.74%
    -> [Epoch 89] Student Test Accuracy for MNIST: 9.74%
    -> [Epoch 90] Student Test Accuracy for MNIST: 9.74%
    -> [Epoch 91] Student Test Accuracy for MNIST: 17.74%
    -> [Epoch 92] Student Test Accuracy for MNIST: 9.74%
    -> [Epoch 93] Student Test Accuracy for MNIST: 11.32%
    -> [Epoch 94] Student Test Accuracy for MNIST: 9.94%
    -> [Epoch 95] Student Test Accuracy for MNIST: 10.73%
    -> [Epoch 96] Student Test Accuracy for MNIST: 14.80%
    -> [Epoch 97] Student Test Accuracy for MNIST: 9.74%
    -> [Epoch 98] Student Test Accuracy for MNIST: 9.49%
    -> [Epoch 99] Student Test Accuracy for MNIST: 9.74%
    -> [Epoch 100] Student Test Accuracy for MNIST: 9.74%
    -> [Epoch 101] Student Test Accuracy for MNIST: 15.53%
    -> [Epoch 102] Student Test Accuracy for MNIST: 10.38%
    -> [Epoch 103] Student Test Accuracy for MNIST: 10.08%
    -> [Epoch 104] Student Test Accuracy for MNIST: 9.93%
    -> [Epoch 105] Student Test Accuracy for MNIST: 9.74%
    -> [Epoch 106] Student Test Accuracy for MNIST: 11.95%
    -> [Epoch 107] Student Test Accuracy for MNIST: 11.20%
    -> [Epoch 108] Student Test Accuracy for MNIST: 10.63%
    -> [Epoch 109] Student Test Accuracy for MNIST: 17.52%
    -> [Epoch 110] Student Test Accuracy for MNIST: 9.77%
    -> [Epoch 111] Student Test Accuracy for MNIST: 17.75%
    -> [Epoch 112] Student Test Accuracy for MNIST: 14.11%
    -> [Epoch 113] Student Test Accuracy for MNIST: 9.74%
    -> [Epoch 114] Student Test Accuracy for MNIST: 12.02%
    -> [Epoch 115] Student Test Accuracy for MNIST: 12.09%
    -> [Epoch 116] Student Test Accuracy for MNIST: 10.21%
    -> [Epoch 117] Student Test Accuracy for MNIST: 11.85%
    -> [Epoch 118] Student Test Accuracy for MNIST: 14.27%
    -> [Epoch 119] Student Test Accuracy for MNIST: 9.76%
    Dataset [MNIST] Generator | Epochs: 120 | Final Loss: 374.3516
    -> Student Accuracy per Epoch saved to /home/unshun/multi-FL/logs/Local_iid_het_gb40/new_client_2026-04-12_15-20-14/NAYER_MNIST_student_acc.csv
-> [New] Gen images saved to /home/unshun/multi-FL/logs/Local_iid_het_gb40/new_client_2026-04-12_15-20-14/NAYER_MNIST__gen_img_old.png
    -> Loading CLIP ViT-B/32 label embeddings for 62 classes...
    -> [Epoch 0] Student Test Accuracy for EMNIST: 4.59%
    -> [Epoch 1] Student Test Accuracy for EMNIST: 1.61%
    -> [Epoch 2] Student Test Accuracy for EMNIST: 3.38%
    -> [Epoch 3] Student Test Accuracy for EMNIST: 4.39%
    -> [Epoch 4] Student Test Accuracy for EMNIST: 4.66%
    -> [Epoch 5] Student Test Accuracy for EMNIST: 0.73%
    -> [Epoch 6] Student Test Accuracy for EMNIST: 2.69%
    -> [Epoch 7] Student Test Accuracy for EMNIST: 1.05%
    -> [Epoch 8] Student Test Accuracy for EMNIST: 0.97%
    -> [Epoch 9] Student Test Accuracy for EMNIST: 0.88%
    -> [Epoch 10] Student Test Accuracy for EMNIST: 3.71%
    -> [Epoch 11] Student Test Accuracy for EMNIST: 1.83%
    -> [Epoch 12] Student Test Accuracy for EMNIST: 3.52%
    -> [Epoch 13] Student Test Accuracy for EMNIST: 4.06%
    -> [Epoch 14] Student Test Accuracy for EMNIST: 1.33%
    -> [Epoch 15] Student Test Accuracy for EMNIST: 4.72%
    -> [Epoch 16] Student Test Accuracy for EMNIST: 5.20%
    -> [Epoch 17] Student Test Accuracy for EMNIST: 2.48%
    -> [Epoch 18] Student Test Accuracy for EMNIST: 3.93%
    -> [Epoch 19] Student Test Accuracy for EMNIST: 3.46%
    -> [Epoch 20] Student Test Accuracy for EMNIST: 4.60%
    -> [Epoch 21] Student Test Accuracy for EMNIST: 2.13%
    -> [Epoch 22] Student Test Accuracy for EMNIST: 3.66%
    -> [Epoch 23] Student Test Accuracy for EMNIST: 0.81%
    -> [Epoch 24] Student Test Accuracy for EMNIST: 5.84%
    -> [Epoch 25] Student Test Accuracy for EMNIST: 5.44%
    -> [Epoch 26] Student Test Accuracy for EMNIST: 5.58%
    -> [Epoch 27] Student Test Accuracy for EMNIST: 3.66%
    -> [Epoch 28] Student Test Accuracy for EMNIST: 5.51%
    -> [Epoch 29] Student Test Accuracy for EMNIST: 5.49%
    -> [Epoch 30] Student Test Accuracy for EMNIST: 5.14%
    -> [Epoch 31] Student Test Accuracy for EMNIST: 8.47%
    -> [Epoch 32] Student Test Accuracy for EMNIST: 5.48%
    -> [Epoch 33] Student Test Accuracy for EMNIST: 2.59%
    -> [Epoch 34] Student Test Accuracy for EMNIST: 7.83%
    -> [Epoch 35] Student Test Accuracy for EMNIST: 5.71%
    -> [Epoch 36] Student Test Accuracy for EMNIST: 5.53%
    -> [Epoch 37] Student Test Accuracy for EMNIST: 5.71%
    -> [Epoch 38] Student Test Accuracy for EMNIST: 7.05%
    -> [Epoch 39] Student Test Accuracy for EMNIST: 7.12%
    -> [Epoch 40] Student Test Accuracy for EMNIST: 6.15%
    -> [Epoch 41] Student Test Accuracy for EMNIST: 6.47%
    -> [Epoch 42] Student Test Accuracy for EMNIST: 6.62%
    -> [Epoch 43] Student Test Accuracy for EMNIST: 7.49%
    -> [Epoch 44] Student Test Accuracy for EMNIST: 6.93%
    -> [Epoch 45] Student Test Accuracy for EMNIST: 7.09%
    -> [Epoch 46] Student Test Accuracy for EMNIST: 6.14%
    -> [Epoch 47] Student Test Accuracy for EMNIST: 8.16%
    -> [Epoch 48] Student Test Accuracy for EMNIST: 8.46%
    -> [Epoch 49] Student Test Accuracy for EMNIST: 7.00%
    -> [Epoch 50] Student Test Accuracy for EMNIST: 9.28%
    -> [Epoch 51] Student Test Accuracy for EMNIST: 8.20%
    -> [Epoch 52] Student Test Accuracy for EMNIST: 8.45%
    -> [Epoch 53] Student Test Accuracy for EMNIST: 6.73%
    -> [Epoch 54] Student Test Accuracy for EMNIST: 8.93%
    -> [Epoch 55] Student Test Accuracy for EMNIST: 8.20%
    -> [Epoch 56] Student Test Accuracy for EMNIST: 7.39%
    -> [Epoch 57] Student Test Accuracy for EMNIST: 7.74%
    -> [Epoch 58] Student Test Accuracy for EMNIST: 7.70%
    -> [Epoch 59] Student Test Accuracy for EMNIST: 9.63%
    -> [Epoch 60] Student Test Accuracy for EMNIST: 12.10%
    -> [Epoch 61] Student Test Accuracy for EMNIST: 9.28%
    -> [Epoch 62] Student Test Accuracy for EMNIST: 8.78%
    -> [Epoch 63] Student Test Accuracy for EMNIST: 7.71%
    -> [Epoch 64] Student Test Accuracy for EMNIST: 7.30%
    -> [Epoch 65] Student Test Accuracy for EMNIST: 8.59%
    -> [Epoch 66] Student Test Accuracy for EMNIST: 8.59%
    -> [Epoch 67] Student Test Accuracy for EMNIST: 7.35%
    -> [Epoch 68] Student Test Accuracy for EMNIST: 7.03%
    -> [Epoch 69] Student Test Accuracy for EMNIST: 13.27%
    -> [Epoch 70] Student Test Accuracy for EMNIST: 12.55%
    -> [Epoch 71] Student Test Accuracy for EMNIST: 11.57%
    -> [Epoch 72] Student Test Accuracy for EMNIST: 9.15%
    -> [Epoch 73] Student Test Accuracy for EMNIST: 9.90%
    -> [Epoch 74] Student Test Accuracy for EMNIST: 8.98%
    -> [Epoch 75] Student Test Accuracy for EMNIST: 7.73%
    -> [Epoch 76] Student Test Accuracy for EMNIST: 11.71%
    -> [Epoch 77] Student Test Accuracy for EMNIST: 4.31%
    -> [Epoch 78] Student Test Accuracy for EMNIST: 13.03%
    -> [Epoch 79] Student Test Accuracy for EMNIST: 11.55%
    -> [Epoch 80] Student Test Accuracy for EMNIST: 8.95%
    -> [Epoch 81] Student Test Accuracy for EMNIST: 9.00%
    -> [Epoch 82] Student Test Accuracy for EMNIST: 10.88%
    -> [Epoch 83] Student Test Accuracy for EMNIST: 9.38%
    -> [Epoch 84] Student Test Accuracy for EMNIST: 11.82%
    -> [Epoch 85] Student Test Accuracy for EMNIST: 13.09%
    -> [Epoch 86] Student Test Accuracy for EMNIST: 11.33%
    -> [Epoch 87] Student Test Accuracy for EMNIST: 11.22%
    -> [Epoch 88] Student Test Accuracy for EMNIST: 10.38%
    -> [Epoch 89] Student Test Accuracy for EMNIST: 11.43%
    -> [Epoch 90] Student Test Accuracy for EMNIST: 12.16%
    -> [Epoch 91] Student Test Accuracy for EMNIST: 10.43%
    -> [Epoch 92] Student Test Accuracy for EMNIST: 10.83%
    -> [Epoch 93] Student Test Accuracy for EMNIST: 13.36%
    -> [Epoch 94] Student Test Accuracy for EMNIST: 11.18%
    -> [Epoch 95] Student Test Accuracy for EMNIST: 8.52%
    -> [Epoch 96] Student Test Accuracy for EMNIST: 9.73%
    -> [Epoch 97] Student Test Accuracy for EMNIST: 8.64%
    -> [Epoch 98] Student Test Accuracy for EMNIST: 12.35%
    -> [Epoch 99] Student Test Accuracy for EMNIST: 12.60%
    -> [Epoch 100] Student Test Accuracy for EMNIST: 13.76%
    -> [Epoch 101] Student Test Accuracy for EMNIST: 12.99%
    -> [Epoch 102] Student Test Accuracy for EMNIST: 14.38%
    -> [Epoch 103] Student Test Accuracy for EMNIST: 17.38%
    -> [Epoch 104] Student Test Accuracy for EMNIST: 14.27%
    -> [Epoch 105] Student Test Accuracy for EMNIST: 11.38%
    -> [Epoch 106] Student Test Accuracy for EMNIST: 10.19%
    -> [Epoch 107] Student Test Accuracy for EMNIST: 8.21%
    -> [Epoch 108] Student Test Accuracy for EMNIST: 9.36%
    -> [Epoch 109] Student Test Accuracy for EMNIST: 11.30%
    -> [Epoch 110] Student Test Accuracy for EMNIST: 14.21%
    -> [Epoch 111] Student Test Accuracy for EMNIST: 13.82%
    -> [Epoch 112] Student Test Accuracy for EMNIST: 13.69%
    -> [Epoch 113] Student Test Accuracy for EMNIST: 16.54%
    -> [Epoch 114] Student Test Accuracy for EMNIST: 9.55%
    -> [Epoch 115] Student Test Accuracy for EMNIST: 9.22%
    -> [Epoch 116] Student Test Accuracy for EMNIST: 11.04%
    -> [Epoch 117] Student Test Accuracy for EMNIST: 12.20%
    -> [Epoch 118] Student Test Accuracy for EMNIST: 14.18%
    -> [Epoch 119] Student Test Accuracy for EMNIST: 23.29%
    Dataset [EMNIST] Generator | Epochs: 120 | Final Loss: 3427.3673
    -> Student Accuracy per Epoch saved to /home/unshun/multi-FL/logs/Local_iid_het_gb40/new_client_2026-04-12_15-20-14/NAYER_EMNIST_student_acc.csv
-> [New] Gen images saved to /home/unshun/multi-FL/logs/Local_iid_het_gb40/new_client_2026-04-12_15-20-14/NAYER_EMNIST__gen_img_old.png
    -> Loading CLIP ViT-B/32 label embeddings for 10 classes...
    -> [Epoch 0] Student Test Accuracy for CIFAR10: 10.08%
    -> [Epoch 1] Student Test Accuracy for CIFAR10: 12.30%
    -> [Epoch 2] Student Test Accuracy for CIFAR10: 11.57%
    -> [Epoch 3] Student Test Accuracy for CIFAR10: 9.41%
    -> [Epoch 4] Student Test Accuracy for CIFAR10: 15.12%
    -> [Epoch 5] Student Test Accuracy for CIFAR10: 15.60%
    -> [Epoch 6] Student Test Accuracy for CIFAR10: 15.68%
    -> [Epoch 7] Student Test Accuracy for CIFAR10: 13.32%
    -> [Epoch 8] Student Test Accuracy for CIFAR10: 13.22%
    -> [Epoch 9] Student Test Accuracy for CIFAR10: 12.04%
    -> [Epoch 10] Student Test Accuracy for CIFAR10: 12.37%
    -> [Epoch 11] Student Test Accuracy for CIFAR10: 16.39%
    -> [Epoch 12] Student Test Accuracy for CIFAR10: 16.64%
    -> [Epoch 13] Student Test Accuracy for CIFAR10: 15.34%
    -> [Epoch 14] Student Test Accuracy for CIFAR10: 19.20%
    -> [Epoch 15] Student Test Accuracy for CIFAR10: 16.65%
    -> [Epoch 16] Student Test Accuracy for CIFAR10: 17.93%
    -> [Epoch 17] Student Test Accuracy for CIFAR10: 15.55%
    -> [Epoch 18] Student Test Accuracy for CIFAR10: 17.54%
    -> [Epoch 19] Student Test Accuracy for CIFAR10: 13.77%
    -> [Epoch 20] Student Test Accuracy for CIFAR10: 16.31%
    -> [Epoch 21] Student Test Accuracy for CIFAR10: 11.83%
    -> [Epoch 22] Student Test Accuracy for CIFAR10: 13.56%
    -> [Epoch 23] Student Test Accuracy for CIFAR10: 19.89%
    -> [Epoch 24] Student Test Accuracy for CIFAR10: 18.43%
    -> [Epoch 25] Student Test Accuracy for CIFAR10: 22.69%
    -> [Epoch 26] Student Test Accuracy for CIFAR10: 16.52%
    -> [Epoch 27] Student Test Accuracy for CIFAR10: 22.05%
    -> [Epoch 28] Student Test Accuracy for CIFAR10: 14.88%
    -> [Epoch 29] Student Test Accuracy for CIFAR10: 19.76%
    -> [Epoch 30] Student Test Accuracy for CIFAR10: 21.14%
    -> [Epoch 31] Student Test Accuracy for CIFAR10: 20.86%
    -> [Epoch 32] Student Test Accuracy for CIFAR10: 22.81%
    -> [Epoch 33] Student Test Accuracy for CIFAR10: 16.40%
    -> [Epoch 34] Student Test Accuracy for CIFAR10: 15.50%
    -> [Epoch 35] Student Test Accuracy for CIFAR10: 20.71%
    -> [Epoch 36] Student Test Accuracy for CIFAR10: 22.01%
    -> [Epoch 37] Student Test Accuracy for CIFAR10: 16.36%
    -> [Epoch 38] Student Test Accuracy for CIFAR10: 17.63%
    -> [Epoch 39] Student Test Accuracy for CIFAR10: 24.30%
    -> [Epoch 40] Student Test Accuracy for CIFAR10: 15.54%
    -> [Epoch 41] Student Test Accuracy for CIFAR10: 19.93%
    -> [Epoch 42] Student Test Accuracy for CIFAR10: 22.76%
    -> [Epoch 43] Student Test Accuracy for CIFAR10: 20.82%
    -> [Epoch 44] Student Test Accuracy for CIFAR10: 21.03%
    -> [Epoch 45] Student Test Accuracy for CIFAR10: 23.25%
    -> [Epoch 46] Student Test Accuracy for CIFAR10: 21.04%
    -> [Epoch 47] Student Test Accuracy for CIFAR10: 23.06%
    -> [Epoch 48] Student Test Accuracy for CIFAR10: 25.40%
    -> [Epoch 49] Student Test Accuracy for CIFAR10: 21.01%
    -> [Epoch 50] Student Test Accuracy for CIFAR10: 25.27%
    -> [Epoch 51] Student Test Accuracy for CIFAR10: 18.39%
    -> [Epoch 52] Student Test Accuracy for CIFAR10: 19.75%
    -> [Epoch 53] Student Test Accuracy for CIFAR10: 20.84%
    -> [Epoch 54] Student Test Accuracy for CIFAR10: 13.60%
    -> [Epoch 55] Student Test Accuracy for CIFAR10: 22.43%
    -> [Epoch 56] Student Test Accuracy for CIFAR10: 21.43%
    -> [Epoch 57] Student Test Accuracy for CIFAR10: 22.31%
    -> [Epoch 58] Student Test Accuracy for CIFAR10: 18.63%
    -> [Epoch 59] Student Test Accuracy for CIFAR10: 20.98%
    -> [Epoch 60] Student Test Accuracy for CIFAR10: 20.27%
    -> [Epoch 61] Student Test Accuracy for CIFAR10: 22.06%
    -> [Epoch 62] Student Test Accuracy for CIFAR10: 16.82%
    -> [Epoch 63] Student Test Accuracy for CIFAR10: 20.94%
    -> [Epoch 64] Student Test Accuracy for CIFAR10: 18.49%
    -> [Epoch 65] Student Test Accuracy for CIFAR10: 17.28%
    -> [Epoch 66] Student Test Accuracy for CIFAR10: 16.30%
    -> [Epoch 67] Student Test Accuracy for CIFAR10: 17.01%
    -> [Epoch 68] Student Test Accuracy for CIFAR10: 14.68%
    -> [Epoch 69] Student Test Accuracy for CIFAR10: 20.52%
    -> [Epoch 70] Student Test Accuracy for CIFAR10: 17.31%
    -> [Epoch 71] Student Test Accuracy for CIFAR10: 15.93%
    -> [Epoch 72] Student Test Accuracy for CIFAR10: 16.45%
    -> [Epoch 73] Student Test Accuracy for CIFAR10: 19.55%
    -> [Epoch 74] Student Test Accuracy for CIFAR10: 19.71%
    -> [Epoch 75] Student Test Accuracy for CIFAR10: 19.64%
    -> [Epoch 76] Student Test Accuracy for CIFAR10: 17.75%
    -> [Epoch 77] Student Test Accuracy for CIFAR10: 16.92%
    -> [Epoch 78] Student Test Accuracy for CIFAR10: 14.95%
    -> [Epoch 79] Student Test Accuracy for CIFAR10: 13.52%
    -> [Epoch 80] Student Test Accuracy for CIFAR10: 19.74%
    -> [Epoch 81] Student Test Accuracy for CIFAR10: 19.91%
    -> [Epoch 82] Student Test Accuracy for CIFAR10: 16.51%
    -> [Epoch 83] Student Test Accuracy for CIFAR10: 19.22%
    -> [Epoch 84] Student Test Accuracy for CIFAR10: 18.88%
    -> [Epoch 85] Student Test Accuracy for CIFAR10: 15.99%
    -> [Epoch 86] Student Test Accuracy for CIFAR10: 18.25%
    -> [Epoch 87] Student Test Accuracy for CIFAR10: 20.77%
    -> [Epoch 88] Student Test Accuracy for CIFAR10: 15.90%
    -> [Epoch 89] Student Test Accuracy for CIFAR10: 22.35%
    -> [Epoch 90] Student Test Accuracy for CIFAR10: 18.36%
    -> [Epoch 91] Student Test Accuracy for CIFAR10: 14.86%
    -> [Epoch 92] Student Test Accuracy for CIFAR10: 16.81%
    -> [Epoch 93] Student Test Accuracy for CIFAR10: 21.12%
    -> [Epoch 94] Student Test Accuracy for CIFAR10: 22.75%
    -> [Epoch 95] Student Test Accuracy for CIFAR10: 17.80%
    -> [Epoch 96] Student Test Accuracy for CIFAR10: 19.73%
    -> [Epoch 97] Student Test Accuracy for CIFAR10: 25.62%
    -> [Epoch 98] Student Test Accuracy for CIFAR10: 19.82%
    -> [Epoch 99] Student Test Accuracy for CIFAR10: 16.51%
    -> [Epoch 100] Student Test Accuracy for CIFAR10: 18.59%
    -> [Epoch 101] Student Test Accuracy for CIFAR10: 13.03%
    -> [Epoch 102] Student Test Accuracy for CIFAR10: 21.20%
    -> [Epoch 103] Student Test Accuracy for CIFAR10: 20.09%
    -> [Epoch 104] Student Test Accuracy for CIFAR10: 19.82%
    -> [Epoch 105] Student Test Accuracy for CIFAR10: 16.33%
    -> [Epoch 106] Student Test Accuracy for CIFAR10: 17.55%
    -> [Epoch 107] Student Test Accuracy for CIFAR10: 23.00%
    -> [Epoch 108] Student Test Accuracy for CIFAR10: 12.74%
    -> [Epoch 109] Student Test Accuracy for CIFAR10: 26.96%
    -> [Epoch 110] Student Test Accuracy for CIFAR10: 21.67%
    -> [Epoch 111] Student Test Accuracy for CIFAR10: 24.12%
    -> [Epoch 112] Student Test Accuracy for CIFAR10: 16.46%
    -> [Epoch 113] Student Test Accuracy for CIFAR10: 20.87%
    -> [Epoch 114] Student Test Accuracy for CIFAR10: 21.40%
    -> [Epoch 115] Student Test Accuracy for CIFAR10: 22.50%
    -> [Epoch 116] Student Test Accuracy for CIFAR10: 22.50%
    -> [Epoch 117] Student Test Accuracy for CIFAR10: 22.16%
    -> [Epoch 118] Student Test Accuracy for CIFAR10: 22.18%
    -> [Epoch 119] Student Test Accuracy for CIFAR10: 23.00%
    Dataset [CIFAR10] Generator | Epochs: 120 | Final Loss: 113.5572
    -> Student Accuracy per Epoch saved to /home/unshun/multi-FL/logs/Local_iid_het_gb40/new_client_2026-04-12_15-20-14/NAYER_CIFAR10_student_acc.csv
-> [New] Gen images saved to /home/unshun/multi-FL/logs/Local_iid_het_gb40/new_client_2026-04-12_15-20-14/NAYER_CIFAR10__gen_img_old.png
Exp: Old Gen + Old Ent (0.1)
dynamic_entropy_ratio: 0.1
MNIST:'0' -> EMNIST ❌ (Uncertain)
MNIST:'1' -> EMNIST ❌ (Uncertain)
MNIST:'2' -> EMNIST ❌ (Uncertain)
MNIST:'3' -> EMNIST ❌ (Uncertain)
MNIST:'4' -> EMNIST ❌ (Uncertain)
MNIST:'5' -> EMNIST ❌ (Uncertain)
MNIST:'6' -> EMNIST ❌ (Uncertain)
MNIST:'7' -> EMNIST ❌ (Uncertain)
MNIST:'8' -> EMNIST ❌ (Uncertain)
MNIST:'9' -> EMNIST ❌ (Uncertain)
MNIST:'0' -> CIFAR10 ❌ (Uncertain)
MNIST:'1' -> CIFAR10 ❌ (Uncertain)
MNIST:'2' -> CIFAR10 ❌ (Uncertain)
MNIST:'3' -> CIFAR10 ❌ (Uncertain)
MNIST:'4' -> CIFAR10 ❌ (Uncertain)
MNIST:'5' -> CIFAR10 ❌ (Uncertain)
MNIST:'6' -> CIFAR10 ❌ (Uncertain)
MNIST:'7' -> CIFAR10 ❌ (Uncertain)
MNIST:'8' -> CIFAR10 ❌ (Uncertain)
MNIST:'9' -> CIFAR10 ❌ (Uncertain)
EMNIST:'0' -> MNIST ❌ (Uncertain)
EMNIST:'1' -> MNIST ❌ (Uncertain)
EMNIST:'2' -> MNIST ❌ (Uncertain)
EMNIST:'3' -> MNIST ❌ (Uncertain)
EMNIST:'4' -> MNIST ❌ (Uncertain)
EMNIST:'5' -> MNIST ❌ (Uncertain)
EMNIST:'6' -> MNIST ❌ (Uncertain)
EMNIST:'7' -> MNIST ❌ (Uncertain)
EMNIST:'8' -> MNIST ❌ (Uncertain)
EMNIST:'9' -> MNIST ❌ (Uncertain)
EMNIST:'A' -> MNIST ❌ (Uncertain)
EMNIST:'B' -> MNIST ❌ (Uncertain)
EMNIST:'C' -> MNIST ❌ (Uncertain)
EMNIST:'D' -> MNIST ❌ (Uncertain)
EMNIST:'E' -> MNIST ❌ (Uncertain)
EMNIST:'F' -> MNIST ❌ (Uncertain)
EMNIST:'G' -> MNIST ❌ (Uncertain)
EMNIST:'H' -> MNIST ❌ (Uncertain)
EMNIST:'I' -> MNIST ❌ (Uncertain)
EMNIST:'J' -> MNIST ❌ (Uncertain)
EMNIST:'K' -> MNIST ❌ (Uncertain)
EMNIST:'L' -> MNIST ❌ (Uncertain)
EMNIST:'M' -> MNIST ❌ (Uncertain)
EMNIST:'N' -> MNIST ❌ (Uncertain)
EMNIST:'O' -> MNIST ❌ (Uncertain)
EMNIST:'P' -> MNIST ❌ (Uncertain)
EMNIST:'Q' -> MNIST ❌ (Uncertain)
EMNIST:'R' -> MNIST ❌ (Uncertain)
EMNIST:'S' -> MNIST ❌ (Uncertain)
EMNIST:'T' -> MNIST ❌ (Uncertain)
EMNIST:'U' -> MNIST ❌ (Uncertain)
EMNIST:'V' -> MNIST ❌ (Uncertain)
EMNIST:'W' -> MNIST ❌ (Uncertain)
EMNIST:'X' -> MNIST ❌ (Uncertain)
EMNIST:'Y' -> MNIST ❌ (Uncertain)
EMNIST:'Z' -> MNIST ❌ (Uncertain)
EMNIST:'a' -> MNIST ❌ (Uncertain)
EMNIST:'b' -> MNIST ❌ (Uncertain)
EMNIST:'c' -> MNIST ❌ (Uncertain)
EMNIST:'d' -> MNIST ❌ (Uncertain)
EMNIST:'e' -> MNIST ❌ (Uncertain)
EMNIST:'f' -> MNIST ❌ (Uncertain)
EMNIST:'g' -> MNIST ❌ (Uncertain)
EMNIST:'h' -> MNIST ❌ (Uncertain)
EMNIST:'i' -> MNIST ❌ (Uncertain)
EMNIST:'j' -> MNIST ❌ (Uncertain)
EMNIST:'k' -> MNIST ❌ (Uncertain)
EMNIST:'l' -> MNIST ❌ (Uncertain)
EMNIST:'m' -> MNIST ❌ (Uncertain)
EMNIST:'n' -> MNIST ❌ (Uncertain)
EMNIST:'o' -> MNIST ❌ (Uncertain)
EMNIST:'p' -> MNIST ❌ (Uncertain)
EMNIST:'q' -> MNIST ❌ (Uncertain)
EMNIST:'r' -> MNIST ❌ (Uncertain)
EMNIST:'s' -> MNIST ❌ (Uncertain)
EMNIST:'t' -> MNIST ❌ (Uncertain)
EMNIST:'u' -> MNIST ❌ (Uncertain)
EMNIST:'v' -> MNIST ❌ (Uncertain)
EMNIST:'w' -> MNIST ❌ (Uncertain)
EMNIST:'x' -> MNIST ❌ (Uncertain)
EMNIST:'y' -> MNIST ❌ (Uncertain)
EMNIST:'z' -> MNIST ❌ (Uncertain)
EMNIST:'0' -> CIFAR10 ❌ (Uncertain)
EMNIST:'1' -> CIFAR10 ❌ (Uncertain)
EMNIST:'2' -> CIFAR10 ❌ (Uncertain)
EMNIST:'3' -> CIFAR10 ❌ (Uncertain)
EMNIST:'4' -> CIFAR10 ❌ (Uncertain)
EMNIST:'5' -> CIFAR10 ❌ (Uncertain)
EMNIST:'6' -> CIFAR10 ❌ (Uncertain)
EMNIST:'7' -> CIFAR10 ❌ (Uncertain)
EMNIST:'8' -> CIFAR10 ❌ (Uncertain)
EMNIST:'9' -> CIFAR10 ❌ (Uncertain)
EMNIST:'A' -> CIFAR10 ❌ (Uncertain)
EMNIST:'B' -> CIFAR10 ❌ (Uncertain)
EMNIST:'C' -> CIFAR10 ❌ (Uncertain)
EMNIST:'D' -> CIFAR10 ❌ (Uncertain)
EMNIST:'E' -> CIFAR10 ❌ (Uncertain)
EMNIST:'F' -> CIFAR10 ❌ (Uncertain)
EMNIST:'G' -> CIFAR10 ❌ (Uncertain)
EMNIST:'H' -> CIFAR10 ❌ (Uncertain)
EMNIST:'I' -> CIFAR10 ❌ (Uncertain)
EMNIST:'J' -> CIFAR10 ❌ (Uncertain)
EMNIST:'K' -> CIFAR10 ❌ (Uncertain)
EMNIST:'L' -> CIFAR10 ❌ (Uncertain)
EMNIST:'M' -> CIFAR10 ❌ (Uncertain)
EMNIST:'N' -> CIFAR10 ❌ (Uncertain)
EMNIST:'O' -> CIFAR10 ❌ (Uncertain)
EMNIST:'P' -> CIFAR10 ❌ (Uncertain)
EMNIST:'Q' -> CIFAR10 ❌ (Uncertain)
EMNIST:'R' -> CIFAR10 ❌ (Uncertain)
EMNIST:'S' -> CIFAR10 ❌ (Uncertain)
EMNIST:'T' -> CIFAR10 ❌ (Uncertain)
EMNIST:'U' -> CIFAR10 ❌ (Uncertain)
EMNIST:'V' -> CIFAR10 ❌ (Uncertain)
EMNIST:'W' -> CIFAR10 ❌ (Uncertain)
EMNIST:'X' -> CIFAR10 ❌ (Uncertain)
EMNIST:'Y' -> CIFAR10 ❌ (Uncertain)
EMNIST:'Z' -> CIFAR10 ❌ (Uncertain)
EMNIST:'a' -> CIFAR10 ❌ (Uncertain)
EMNIST:'b' -> CIFAR10 ❌ (Uncertain)
EMNIST:'c' -> CIFAR10 ❌ (Uncertain)
EMNIST:'d' -> CIFAR10 ❌ (Uncertain)
EMNIST:'e' -> CIFAR10 ❌ (Uncertain)
EMNIST:'f' -> CIFAR10 ❌ (Uncertain)
EMNIST:'g' -> CIFAR10 ❌ (Uncertain)
EMNIST:'h' -> CIFAR10 ❌ (Uncertain)
EMNIST:'i' -> CIFAR10 ❌ (Uncertain)
EMNIST:'j' -> CIFAR10 ❌ (Uncertain)
EMNIST:'k' -> CIFAR10 ❌ (Uncertain)
EMNIST:'l' -> CIFAR10 ❌ (Uncertain)
EMNIST:'m' -> CIFAR10 ❌ (Uncertain)
EMNIST:'n' -> CIFAR10 ❌ (Uncertain)
EMNIST:'o' -> CIFAR10 ❌ (Uncertain)
EMNIST:'p' -> CIFAR10 ❌ (Uncertain)
EMNIST:'q' -> CIFAR10 ❌ (Uncertain)
EMNIST:'r' -> CIFAR10 ❌ (Uncertain)
EMNIST:'s' -> CIFAR10 ❌ (Uncertain)
EMNIST:'t' -> CIFAR10 ❌ (Uncertain)
EMNIST:'u' -> CIFAR10 ❌ (Uncertain)
EMNIST:'v' -> CIFAR10 ❌ (Uncertain)
EMNIST:'w' -> CIFAR10 ❌ (Uncertain)
EMNIST:'x' -> CIFAR10 ❌ (Uncertain)
EMNIST:'y' -> CIFAR10 ❌ (Uncertain)
EMNIST:'z' -> CIFAR10 ❌ (Uncertain)
CIFAR10:'airplane' -> MNIST ❌ (Uncertain)
CIFAR10:'automobile' -> MNIST ❌ (Uncertain)
CIFAR10:'bird' -> MNIST ❌ (Uncertain)
CIFAR10:'cat' -> MNIST ❌ (Uncertain)
CIFAR10:'deer' -> MNIST ❌ (Uncertain)
CIFAR10:'dog' -> MNIST ❌ (Uncertain)
CIFAR10:'frog' -> MNIST ❌ (Uncertain)
CIFAR10:'horse' -> MNIST ❌ (Uncertain)
CIFAR10:'ship' -> MNIST ❌ (Uncertain)
CIFAR10:'truck' -> MNIST ❌ (Uncertain)
CIFAR10:'airplane' -> EMNIST ❌ (Uncertain)
CIFAR10:'automobile' -> EMNIST ❌ (Uncertain)
CIFAR10:'bird' -> EMNIST ❌ (Uncertain)
CIFAR10:'cat' -> EMNIST ❌ (Uncertain)
CIFAR10:'deer' -> EMNIST ❌ (Uncertain)
CIFAR10:'dog' -> EMNIST ❌ (Uncertain)
CIFAR10:'frog' -> EMNIST ❌ (Uncertain)
CIFAR10:'horse' -> EMNIST ❌ (Uncertain)
CIFAR10:'ship' -> EMNIST ❌ (Uncertain)
CIFAR10:'truck' -> EMNIST ❌ (Uncertain)
Exp: Old Gen + Old Ent (0.15)
dynamic_entropy_ratio: 0.15
MNIST:'0' -> EMNIST ❌ (Uncertain)
MNIST:'1' -> EMNIST ❌ (Uncertain)
MNIST:'2' -> EMNIST ❌ (Uncertain)
MNIST:'3' -> EMNIST ❌ (Uncertain)
MNIST:'4' -> EMNIST ❌ (Uncertain)
MNIST:'5' -> EMNIST ❌ (Uncertain)
MNIST:'6' -> EMNIST ❌ (Uncertain)
MNIST:'7' -> EMNIST ❌ (Uncertain)
MNIST:'8' -> EMNIST ❌ (Uncertain)
MNIST:'9' -> EMNIST ❌ (Uncertain)
MNIST:'0' -> CIFAR10 ❌ (Uncertain)
MNIST:'1' -> CIFAR10 ❌ (Uncertain)
MNIST:'2' -> CIFAR10 ❌ (Uncertain)
MNIST:'3' -> CIFAR10 ❌ (Uncertain)
MNIST:'4' -> CIFAR10 ❌ (Uncertain)
MNIST:'5' -> CIFAR10 ❌ (Uncertain)
MNIST:'6' -> CIFAR10 ❌ (Uncertain)
MNIST:'7' -> CIFAR10 ❌ (Uncertain)
MNIST:'8' -> CIFAR10 ❌ (Uncertain)
MNIST:'9' -> CIFAR10 ❌ (Uncertain)
EMNIST:'0' -> MNIST ❌ (Uncertain)
EMNIST:'1' -> MNIST ❌ (Uncertain)
EMNIST:'2' -> MNIST ❌ (Uncertain)
EMNIST:'3' -> MNIST ❌ (Uncertain)
EMNIST:'4' -> MNIST ❌ (Uncertain)
EMNIST:'5' -> MNIST ❌ (Uncertain)
EMNIST:'6' -> MNIST ❌ (Uncertain)
EMNIST:'7' -> MNIST ❌ (Uncertain)
EMNIST:'8' -> MNIST ❌ (Uncertain)
EMNIST:'9' -> MNIST ❌ (Uncertain)
EMNIST:'A' -> MNIST ❌ (Uncertain)
EMNIST:'B' -> MNIST ❌ (Uncertain)
EMNIST:'C' -> MNIST ❌ (Uncertain)
EMNIST:'D' -> MNIST ❌ (Uncertain)
EMNIST:'E' -> MNIST ❌ (Uncertain)
EMNIST:'F' -> MNIST ❌ (Uncertain)
EMNIST:'G' -> MNIST ❌ (Uncertain)
EMNIST:'H' -> MNIST ❌ (Uncertain)
EMNIST:'I' -> MNIST ❌ (Uncertain)
EMNIST:'J' -> MNIST ❌ (Uncertain)
EMNIST:'K' -> MNIST ❌ (Uncertain)
EMNIST:'L' -> MNIST ❌ (Uncertain)
EMNIST:'M' -> MNIST ❌ (Uncertain)
EMNIST:'N' -> MNIST ❌ (Uncertain)
EMNIST:'O' -> MNIST ❌ (Uncertain)
EMNIST:'P' -> MNIST ❌ (Uncertain)
EMNIST:'Q' -> MNIST ❌ (Uncertain)
EMNIST:'R' -> MNIST ❌ (Uncertain)
EMNIST:'S' -> MNIST ❌ (Uncertain)
EMNIST:'T' -> MNIST ❌ (Uncertain)
EMNIST:'U' -> MNIST ❌ (Uncertain)
EMNIST:'V' -> MNIST ❌ (Uncertain)
EMNIST:'W' -> MNIST ❌ (Uncertain)
EMNIST:'X' -> MNIST ❌ (Uncertain)
EMNIST:'Y' -> MNIST ❌ (Uncertain)
EMNIST:'Z' -> MNIST ❌ (Uncertain)
EMNIST:'a' -> MNIST ❌ (Uncertain)
EMNIST:'b' -> MNIST ❌ (Uncertain)
EMNIST:'c' -> MNIST ❌ (Uncertain)
EMNIST:'d' -> MNIST ❌ (Uncertain)
EMNIST:'e' -> MNIST ❌ (Uncertain)
EMNIST:'f' -> MNIST ❌ (Uncertain)
EMNIST:'g' -> MNIST ❌ (Uncertain)
EMNIST:'h' -> MNIST ❌ (Uncertain)
EMNIST:'i' -> MNIST ❌ (Uncertain)
EMNIST:'j' -> MNIST ❌ (Uncertain)
EMNIST:'k' -> MNIST ❌ (Uncertain)
EMNIST:'l' -> MNIST ❌ (Uncertain)
EMNIST:'m' -> MNIST ❌ (Uncertain)
EMNIST:'n' -> MNIST ❌ (Uncertain)
EMNIST:'o' -> MNIST ❌ (Uncertain)
EMNIST:'p' -> MNIST ❌ (Uncertain)
EMNIST:'q' -> MNIST ❌ (Uncertain)
EMNIST:'r' -> MNIST ❌ (Uncertain)
EMNIST:'s' -> MNIST ❌ (Uncertain)
EMNIST:'t' -> MNIST ❌ (Uncertain)
EMNIST:'u' -> MNIST ❌ (Uncertain)
EMNIST:'v' -> MNIST ❌ (Uncertain)
EMNIST:'w' -> MNIST ❌ (Uncertain)
EMNIST:'x' -> MNIST ❌ (Uncertain)
EMNIST:'y' -> MNIST ❌ (Uncertain)
EMNIST:'z' -> MNIST ❌ (Uncertain)
EMNIST:'0' -> CIFAR10 ❌ (Uncertain)
EMNIST:'1' -> CIFAR10 ❌ (Uncertain)
EMNIST:'2' -> CIFAR10 ❌ (Uncertain)
EMNIST:'3' -> CIFAR10 ❌ (Uncertain)
EMNIST:'4' -> CIFAR10 ❌ (Uncertain)
EMNIST:'5' -> CIFAR10 ❌ (Uncertain)
EMNIST:'6' -> CIFAR10 ❌ (Uncertain)
EMNIST:'7' -> CIFAR10 ❌ (Uncertain)
EMNIST:'8' -> CIFAR10 ❌ (Uncertain)
EMNIST:'9' -> CIFAR10 ❌ (Uncertain)
EMNIST:'A' -> CIFAR10 ❌ (Uncertain)
EMNIST:'B' -> CIFAR10 ❌ (Uncertain)
EMNIST:'C' -> CIFAR10 ❌ (Uncertain)
EMNIST:'D' -> CIFAR10 ❌ (Uncertain)
EMNIST:'E' -> CIFAR10 ❌ (Uncertain)
EMNIST:'F' -> CIFAR10 ❌ (Uncertain)
EMNIST:'G' -> CIFAR10 ❌ (Uncertain)
EMNIST:'H' -> CIFAR10 ❌ (Uncertain)
EMNIST:'I' -> CIFAR10 ❌ (Uncertain)
EMNIST:'J' -> CIFAR10 ❌ (Uncertain)
EMNIST:'K' -> CIFAR10 ❌ (Uncertain)
EMNIST:'L' -> CIFAR10 ❌ (Uncertain)
EMNIST:'M' -> CIFAR10 ❌ (Uncertain)
EMNIST:'N' -> CIFAR10 ❌ (Uncertain)
EMNIST:'O' -> CIFAR10 ❌ (Uncertain)
EMNIST:'P' -> CIFAR10 ❌ (Uncertain)
EMNIST:'Q' -> CIFAR10 ❌ (Uncertain)
EMNIST:'R' -> CIFAR10 ❌ (Uncertain)
EMNIST:'S' -> CIFAR10 ❌ (Uncertain)
EMNIST:'T' -> CIFAR10 ❌ (Uncertain)
EMNIST:'U' -> CIFAR10 ❌ (Uncertain)
EMNIST:'V' -> CIFAR10 ❌ (Uncertain)
EMNIST:'W' -> CIFAR10 ❌ (Uncertain)
EMNIST:'X' -> CIFAR10 ❌ (Uncertain)
EMNIST:'Y' -> CIFAR10 ❌ (Uncertain)
EMNIST:'Z' -> CIFAR10 ❌ (Uncertain)
EMNIST:'a' -> CIFAR10 ❌ (Uncertain)
EMNIST:'b' -> CIFAR10 ❌ (Uncertain)
EMNIST:'c' -> CIFAR10 ❌ (Uncertain)
EMNIST:'d' -> CIFAR10 ❌ (Uncertain)
EMNIST:'e' -> CIFAR10 ❌ (Uncertain)
EMNIST:'f' -> CIFAR10 ❌ (Uncertain)
EMNIST:'g' -> CIFAR10 ❌ (Uncertain)
EMNIST:'h' -> CIFAR10 ❌ (Uncertain)
EMNIST:'i' -> CIFAR10 ❌ (Uncertain)
EMNIST:'j' -> CIFAR10 ❌ (Uncertain)
EMNIST:'k' -> CIFAR10 ❌ (Uncertain)
EMNIST:'l' -> CIFAR10 ❌ (Uncertain)
EMNIST:'m' -> CIFAR10 ❌ (Uncertain)
EMNIST:'n' -> CIFAR10 ❌ (Uncertain)
EMNIST:'o' -> CIFAR10 ❌ (Uncertain)
EMNIST:'p' -> CIFAR10 ❌ (Uncertain)
EMNIST:'q' -> CIFAR10 ❌ (Uncertain)
EMNIST:'r' -> CIFAR10 ❌ (Uncertain)
EMNIST:'s' -> CIFAR10 ❌ (Uncertain)
EMNIST:'t' -> CIFAR10 ❌ (Uncertain)
EMNIST:'u' -> CIFAR10 ❌ (Uncertain)
EMNIST:'v' -> CIFAR10 ❌ (Uncertain)
EMNIST:'w' -> CIFAR10 ❌ (Uncertain)
EMNIST:'x' -> CIFAR10 ❌ (Uncertain)
EMNIST:'y' -> CIFAR10 ❌ (Uncertain)
EMNIST:'z' -> CIFAR10 ❌ (Uncertain)
CIFAR10:'airplane' -> MNIST ❌ (Uncertain)
CIFAR10:'automobile' -> MNIST ❌ (Uncertain)
CIFAR10:'bird' -> MNIST ❌ (Uncertain)
CIFAR10:'cat' -> MNIST ❌ (Uncertain)
CIFAR10:'deer' -> MNIST ❌ (Uncertain)
CIFAR10:'dog' -> MNIST ❌ (Uncertain)
CIFAR10:'frog' -> MNIST ❌ (Uncertain)
CIFAR10:'horse' -> MNIST ❌ (Uncertain)
CIFAR10:'ship' -> MNIST ❌ (Uncertain)
CIFAR10:'truck' -> MNIST ❌ (Uncertain)
CIFAR10:'airplane' -> EMNIST ❌ (Uncertain)
CIFAR10:'automobile' -> EMNIST ❌ (Uncertain)
CIFAR10:'bird' -> EMNIST ❌ (Uncertain)
CIFAR10:'cat' -> EMNIST ❌ (Uncertain)
CIFAR10:'deer' -> EMNIST ❌ (Uncertain)
CIFAR10:'dog' -> EMNIST ❌ (Uncertain)
CIFAR10:'frog' -> EMNIST ❌ (Uncertain)
CIFAR10:'horse' -> EMNIST ❌ (Uncertain)
CIFAR10:'ship' -> EMNIST ❌ (Uncertain)
CIFAR10:'truck' -> EMNIST ❌ (Uncertain)
Exp: Old Gen + Old Ent (0.2)
dynamic_entropy_ratio: 0.2
MNIST:'0' -> EMNIST ❌ (Uncertain)
MNIST:'1' -> EMNIST ❌ (Uncertain)
MNIST:'2' -> EMNIST ❌ (Uncertain)
MNIST:'3' -> EMNIST ❌ (Uncertain)
MNIST:'4' -> EMNIST ❌ (Uncertain)
MNIST:'5' -> EMNIST ❌ (Uncertain)
MNIST:'6' -> EMNIST ❌ (Uncertain)
MNIST:'7' -> EMNIST ❌ (Uncertain)
MNIST:'8' -> EMNIST ❌ (Uncertain)
MNIST:'9' -> EMNIST ❌ (Uncertain)
MNIST:'0' -> CIFAR10 ❌ (Uncertain)
MNIST:'1' -> CIFAR10 ❌ (Uncertain)
MNIST:'2' -> CIFAR10 ❌ (Uncertain)
MNIST:'3' -> CIFAR10 ❌ (Uncertain)
MNIST:'4' -> CIFAR10 ❌ (Uncertain)
MNIST:'5' -> CIFAR10 ❌ (Uncertain)
MNIST:'6' -> CIFAR10 ❌ (Uncertain)
MNIST:'7' -> CIFAR10 ❌ (Uncertain)
MNIST:'8' -> CIFAR10 ❌ (Uncertain)
MNIST:'9' -> CIFAR10 ❌ (Uncertain)
EMNIST:'0' -> MNIST ❌ (Uncertain)
EMNIST:'1' -> MNIST ❌ (Uncertain)
EMNIST:'2' -> MNIST ❌ (Uncertain)
EMNIST:'3' -> MNIST ❌ (Uncertain)
EMNIST:'4' -> MNIST ❌ (Uncertain)
EMNIST:'5' -> MNIST ❌ (Uncertain)
EMNIST:'6' -> MNIST ❌ (Uncertain)
EMNIST:'7' -> MNIST ❌ (Uncertain)
EMNIST:'8' -> MNIST ❌ (Uncertain)
EMNIST:'9' -> MNIST ❌ (Uncertain)
EMNIST:'A' -> MNIST ❌ (Uncertain)
EMNIST:'B' -> MNIST ❌ (Uncertain)
EMNIST:'C' -> MNIST ❌ (Uncertain)
EMNIST:'D' -> MNIST ❌ (Uncertain)
EMNIST:'E' -> MNIST ❌ (Uncertain)
EMNIST:'F' -> MNIST ❌ (Uncertain)
EMNIST:'G' -> MNIST ❌ (Uncertain)
EMNIST:'H' -> MNIST ❌ (Uncertain)
EMNIST:'I' -> MNIST ❌ (Uncertain)
EMNIST:'J' -> MNIST ❌ (Uncertain)
EMNIST:'K' -> MNIST ❌ (Uncertain)
EMNIST:'L' -> MNIST ❌ (Uncertain)
EMNIST:'M' -> MNIST ❌ (Uncertain)
EMNIST:'N' -> MNIST ❌ (Uncertain)
EMNIST:'O' -> MNIST ❌ (Uncertain)
EMNIST:'P' -> MNIST ❌ (Uncertain)
EMNIST:'Q' -> MNIST ❌ (Uncertain)
EMNIST:'R' -> MNIST ❌ (Uncertain)
EMNIST:'S' -> MNIST ❌ (Uncertain)
EMNIST:'T' -> MNIST ❌ (Uncertain)
EMNIST:'U' -> MNIST ❌ (Uncertain)
EMNIST:'V' -> MNIST ❌ (Uncertain)
EMNIST:'W' -> MNIST ❌ (Uncertain)
EMNIST:'X' -> MNIST ❌ (Uncertain)
EMNIST:'Y' -> MNIST ❌ (Uncertain)
EMNIST:'Z' -> MNIST ❌ (Uncertain)
EMNIST:'a' -> MNIST ❌ (Uncertain)
EMNIST:'b' -> MNIST ❌ (Uncertain)
EMNIST:'c' -> MNIST ❌ (Uncertain)
EMNIST:'d' -> MNIST ❌ (Uncertain)
EMNIST:'e' -> MNIST ❌ (Uncertain)
EMNIST:'f' -> MNIST ❌ (Uncertain)
EMNIST:'g' -> MNIST ❌ (Uncertain)
EMNIST:'h' -> MNIST ❌ (Uncertain)
EMNIST:'i' -> MNIST ❌ (Uncertain)
EMNIST:'j' -> MNIST ❌ (Uncertain)
EMNIST:'k' -> MNIST ❌ (Uncertain)
EMNIST:'l' -> MNIST ❌ (Uncertain)
EMNIST:'m' -> MNIST ❌ (Uncertain)
EMNIST:'n' -> MNIST ❌ (Uncertain)
EMNIST:'o' -> MNIST ❌ (Uncertain)
EMNIST:'p' -> MNIST ❌ (Uncertain)
EMNIST:'q' -> MNIST ❌ (Uncertain)
EMNIST:'r' -> MNIST ❌ (Uncertain)
EMNIST:'s' -> MNIST ❌ (Uncertain)
EMNIST:'t' -> MNIST ❌ (Uncertain)
EMNIST:'u' -> MNIST ❌ (Uncertain)
EMNIST:'v' -> MNIST ❌ (Uncertain)
EMNIST:'w' -> MNIST ❌ (Uncertain)
EMNIST:'x' -> MNIST ❌ (Uncertain)
EMNIST:'y' -> MNIST ❌ (Uncertain)
EMNIST:'z' -> MNIST ❌ (Uncertain)
EMNIST:'0' -> CIFAR10 ❌ (Uncertain)
EMNIST:'1' -> CIFAR10 ❌ (Uncertain)
EMNIST:'2' -> CIFAR10 ❌ (Uncertain)
EMNIST:'3' -> CIFAR10 ❌ (Uncertain)
EMNIST:'4' -> CIFAR10 ❌ (Uncertain)
EMNIST:'5' -> CIFAR10 ❌ (Uncertain)
EMNIST:'6' -> CIFAR10 ❌ (Uncertain)
EMNIST:'7' -> CIFAR10 ❌ (Uncertain)
EMNIST:'8' -> CIFAR10 ❌ (Uncertain)
EMNIST:'9' -> CIFAR10 ❌ (Uncertain)
EMNIST:'A' -> CIFAR10 ❌ (Uncertain)
EMNIST:'B' -> CIFAR10 ❌ (Uncertain)
EMNIST:'C' -> CIFAR10 ❌ (Uncertain)
EMNIST:'D' -> CIFAR10 ❌ (Uncertain)
EMNIST:'E' -> CIFAR10 ❌ (Uncertain)
EMNIST:'F' -> CIFAR10 ❌ (Uncertain)
EMNIST:'G' -> CIFAR10 ❌ (Uncertain)
EMNIST:'H' -> CIFAR10 ❌ (Uncertain)
EMNIST:'I' -> CIFAR10 ❌ (Uncertain)
EMNIST:'J' -> CIFAR10 ❌ (Uncertain)
EMNIST:'K' -> CIFAR10 ❌ (Uncertain)
EMNIST:'L' -> CIFAR10 ❌ (Uncertain)
EMNIST:'M' -> CIFAR10 ❌ (Uncertain)
EMNIST:'N' -> CIFAR10 ❌ (Uncertain)
EMNIST:'O' -> CIFAR10 ❌ (Uncertain)
EMNIST:'P' -> CIFAR10 ❌ (Uncertain)
EMNIST:'Q' -> CIFAR10 ❌ (Uncertain)
EMNIST:'R' -> CIFAR10 ❌ (Uncertain)
EMNIST:'S' -> CIFAR10 ❌ (Uncertain)
EMNIST:'T' -> CIFAR10 ❌ (Uncertain)
EMNIST:'U' -> CIFAR10 ❌ (Uncertain)
EMNIST:'V' -> CIFAR10 ❌ (Uncertain)
EMNIST:'W' -> CIFAR10 ❌ (Uncertain)
EMNIST:'X' -> CIFAR10 ❌ (Uncertain)
EMNIST:'Y' -> CIFAR10 ❌ (Uncertain)
EMNIST:'Z' -> CIFAR10 ❌ (Uncertain)
EMNIST:'a' -> CIFAR10 ❌ (Uncertain)
EMNIST:'b' -> CIFAR10 ❌ (Uncertain)
EMNIST:'c' -> CIFAR10 ❌ (Uncertain)
EMNIST:'d' -> CIFAR10 ❌ (Uncertain)
EMNIST:'e' -> CIFAR10 ❌ (Uncertain)
EMNIST:'f' -> CIFAR10 ❌ (Uncertain)
EMNIST:'g' -> CIFAR10 ❌ (Uncertain)
EMNIST:'h' -> CIFAR10 ❌ (Uncertain)
EMNIST:'i' -> CIFAR10 ❌ (Uncertain)
EMNIST:'j' -> CIFAR10 ❌ (Uncertain)
EMNIST:'k' -> CIFAR10 ❌ (Uncertain)
EMNIST:'l' -> CIFAR10 ❌ (Uncertain)
EMNIST:'m' -> CIFAR10 ❌ (Uncertain)
EMNIST:'n' -> CIFAR10 ❌ (Uncertain)
EMNIST:'o' -> CIFAR10 ❌ (Uncertain)
EMNIST:'p' -> CIFAR10 ❌ (Uncertain)
EMNIST:'q' -> CIFAR10 ❌ (Uncertain)
EMNIST:'r' -> CIFAR10 ❌ (Uncertain)
EMNIST:'s' -> CIFAR10 ❌ (Uncertain)
EMNIST:'t' -> CIFAR10 ❌ (Uncertain)
EMNIST:'u' -> CIFAR10 ❌ (Uncertain)
EMNIST:'v' -> CIFAR10 ❌ (Uncertain)
EMNIST:'w' -> CIFAR10 ❌ (Uncertain)
EMNIST:'x' -> CIFAR10 ❌ (Uncertain)
EMNIST:'y' -> CIFAR10 ❌ (Uncertain)
EMNIST:'z' -> CIFAR10 ❌ (Uncertain)
CIFAR10:'airplane' -> MNIST ❌ (Uncertain)
CIFAR10:'automobile' -> MNIST ❌ (Uncertain)
CIFAR10:'bird' -> MNIST ❌ (Uncertain)
CIFAR10:'cat' -> MNIST ❌ (Uncertain)
CIFAR10:'deer' -> MNIST ❌ (Uncertain)
CIFAR10:'dog' -> MNIST ❌ (Uncertain)
CIFAR10:'frog' -> MNIST ❌ (Uncertain)
CIFAR10:'horse' -> MNIST ❌ (Uncertain)
CIFAR10:'ship' -> MNIST ❌ (Uncertain)
CIFAR10:'truck' -> MNIST ❌ (Uncertain)
CIFAR10:'airplane' -> EMNIST ❌ (Uncertain)
CIFAR10:'automobile' -> EMNIST ❌ (Uncertain)
CIFAR10:'bird' -> EMNIST ❌ (Uncertain)
CIFAR10:'cat' -> EMNIST ❌ (Uncertain)
CIFAR10:'deer' -> EMNIST ❌ (Uncertain)
CIFAR10:'dog' -> EMNIST ❌ (Uncertain)
CIFAR10:'frog' -> EMNIST ❌ (Uncertain)
CIFAR10:'horse' -> EMNIST ❌ (Uncertain)
CIFAR10:'ship' -> EMNIST ❌ (Uncertain)
CIFAR10:'truck' -> EMNIST ❌ (Uncertain)
Exp: Old Gen + Old Ent (0.25)
dynamic_entropy_ratio: 0.25
MNIST:'0' -> EMNIST ❌ (Uncertain)
MNIST:'1' -> EMNIST ❌ (Uncertain)
MNIST:'2' -> EMNIST ❌ (Uncertain)
MNIST:'3' -> EMNIST ❌ (Uncertain)
MNIST:'4' -> EMNIST ❌ (Uncertain)
MNIST:'5' -> EMNIST ❌ (Uncertain)
MNIST:'6' -> EMNIST ❌ (Uncertain)
MNIST:'7' -> EMNIST ❌ (Uncertain)
MNIST:'8' -> EMNIST ❌ (Uncertain)
MNIST:'9' -> EMNIST ❌ (Uncertain)
MNIST:'0' -> CIFAR10 ❌ (Uncertain)
MNIST:'1' -> CIFAR10 ❌ (Uncertain)
MNIST:'2' -> CIFAR10 ❌ (Uncertain)
MNIST:'3' -> CIFAR10 ❌ (Uncertain)
MNIST:'4' -> CIFAR10 ❌ (Uncertain)
MNIST:'5' -> CIFAR10 ❌ (Uncertain)
MNIST:'6' -> CIFAR10 ❌ (Uncertain)
MNIST:'7' -> CIFAR10 ❌ (Uncertain)
MNIST:'8' -> CIFAR10 ❌ (Uncertain)
MNIST:'9' -> CIFAR10 ❌ (Uncertain)
EMNIST:'0' -> MNIST ❌ (Uncertain)
EMNIST:'1' -> MNIST ❌ (Uncertain)
EMNIST:'2' -> MNIST ❌ (Uncertain)
EMNIST:'3' -> MNIST ❌ (Uncertain)
EMNIST:'4' -> MNIST ❌ (Uncertain)
EMNIST:'5' -> MNIST ❌ (Uncertain)
EMNIST:'6' -> MNIST ❌ (Uncertain)
EMNIST:'7' -> MNIST ❌ (Uncertain)
EMNIST:'8' -> MNIST ❌ (Uncertain)
EMNIST:'9' -> MNIST ❌ (Uncertain)
EMNIST:'A' -> MNIST ❌ (Uncertain)
EMNIST:'B' -> MNIST ❌ (Uncertain)
EMNIST:'C' -> MNIST ❌ (Uncertain)
EMNIST:'D' -> MNIST ❌ (Uncertain)
EMNIST:'E' -> MNIST ❌ (Uncertain)
EMNIST:'F' -> MNIST ❌ (Uncertain)
EMNIST:'G' -> MNIST ❌ (Uncertain)
EMNIST:'H' -> MNIST ❌ (Uncertain)
EMNIST:'I' -> MNIST ❌ (Uncertain)
EMNIST:'J' -> MNIST ❌ (Uncertain)
EMNIST:'K' -> MNIST ❌ (Uncertain)
EMNIST:'L' -> MNIST ❌ (Uncertain)
EMNIST:'M' -> MNIST ❌ (Uncertain)
EMNIST:'N' -> MNIST ❌ (Uncertain)
EMNIST:'O' -> MNIST ❌ (Uncertain)
EMNIST:'P' -> MNIST ❌ (Uncertain)
EMNIST:'Q' -> MNIST ❌ (Uncertain)
EMNIST:'R' -> MNIST ❌ (Uncertain)
EMNIST:'S' -> MNIST ❌ (Uncertain)
EMNIST:'T' -> MNIST ❌ (Uncertain)
EMNIST:'U' -> MNIST ❌ (Uncertain)
EMNIST:'V' -> MNIST ❌ (Uncertain)
EMNIST:'W' -> MNIST ❌ (Uncertain)
EMNIST:'X' -> MNIST ❌ (Uncertain)
EMNIST:'Y' -> MNIST ❌ (Uncertain)
EMNIST:'Z' -> MNIST ❌ (Uncertain)
EMNIST:'a' -> MNIST ❌ (Uncertain)
EMNIST:'b' -> MNIST ❌ (Uncertain)
EMNIST:'c' -> MNIST ❌ (Uncertain)
EMNIST:'d' -> MNIST ❌ (Uncertain)
EMNIST:'e' -> MNIST ❌ (Uncertain)
EMNIST:'f' -> MNIST ❌ (Uncertain)
EMNIST:'g' -> MNIST ❌ (Uncertain)
EMNIST:'h' -> MNIST ❌ (Uncertain)
EMNIST:'i' -> MNIST ❌ (Uncertain)
EMNIST:'j' -> MNIST ❌ (Uncertain)
EMNIST:'k' -> MNIST ❌ (Uncertain)
EMNIST:'l' -> MNIST ❌ (Uncertain)
EMNIST:'m' -> MNIST ❌ (Uncertain)
EMNIST:'n' -> MNIST ❌ (Uncertain)
EMNIST:'o' -> MNIST ❌ (Uncertain)
EMNIST:'p' -> MNIST ❌ (Uncertain)
EMNIST:'q' -> MNIST ❌ (Uncertain)
EMNIST:'r' -> MNIST ❌ (Uncertain)
EMNIST:'s' -> MNIST ❌ (Uncertain)
EMNIST:'t' -> MNIST ❌ (Uncertain)
EMNIST:'u' -> MNIST ❌ (Uncertain)
EMNIST:'v' -> MNIST ❌ (Uncertain)
EMNIST:'w' -> MNIST ❌ (Uncertain)
EMNIST:'x' -> MNIST ❌ (Uncertain)
EMNIST:'y' -> MNIST ❌ (Uncertain)
EMNIST:'z' -> MNIST ❌ (Uncertain)
EMNIST:'0' -> CIFAR10 ❌ (Uncertain)
EMNIST:'1' -> CIFAR10 ❌ (Uncertain)
EMNIST:'2' -> CIFAR10 ❌ (Uncertain)
EMNIST:'3' -> CIFAR10 ❌ (Uncertain)
EMNIST:'4' -> CIFAR10 ❌ (Uncertain)
EMNIST:'5' -> CIFAR10 ❌ (Uncertain)
EMNIST:'6' -> CIFAR10 ❌ (Uncertain)
EMNIST:'7' -> CIFAR10 ❌ (Uncertain)
EMNIST:'8' -> CIFAR10 ❌ (Uncertain)
EMNIST:'9' -> CIFAR10 ❌ (Uncertain)
EMNIST:'A' -> CIFAR10 ❌ (Uncertain)
EMNIST:'B' -> CIFAR10 ❌ (Uncertain)
EMNIST:'C' -> CIFAR10 ❌ (Uncertain)
EMNIST:'D' -> CIFAR10 ❌ (Uncertain)
EMNIST:'E' -> CIFAR10 ❌ (Uncertain)
EMNIST:'F' -> CIFAR10 ❌ (Uncertain)
EMNIST:'G' -> CIFAR10 ❌ (Uncertain)
EMNIST:'H' -> CIFAR10 ❌ (Uncertain)
EMNIST:'I' -> CIFAR10 ❌ (Uncertain)
EMNIST:'J' -> CIFAR10 ❌ (Uncertain)
EMNIST:'K' -> CIFAR10 ❌ (Uncertain)
EMNIST:'L' -> CIFAR10 ❌ (Uncertain)
EMNIST:'M' -> CIFAR10 ❌ (Uncertain)
EMNIST:'N' -> CIFAR10 ❌ (Uncertain)
EMNIST:'O' -> CIFAR10 ❌ (Uncertain)
EMNIST:'P' -> CIFAR10 ❌ (Uncertain)
EMNIST:'Q' -> CIFAR10 ❌ (Uncertain)
EMNIST:'R' -> CIFAR10 ❌ (Uncertain)
EMNIST:'S' -> CIFAR10 ❌ (Uncertain)
EMNIST:'T' -> CIFAR10 ❌ (Uncertain)
EMNIST:'U' -> CIFAR10 ❌ (Uncertain)
EMNIST:'V' -> CIFAR10 ❌ (Uncertain)
EMNIST:'W' -> CIFAR10 ❌ (Uncertain)
EMNIST:'X' -> CIFAR10 ❌ (Uncertain)
EMNIST:'Y' -> CIFAR10 ❌ (Uncertain)
EMNIST:'Z' -> CIFAR10 ❌ (Uncertain)
EMNIST:'a' -> CIFAR10 ❌ (Uncertain)
EMNIST:'b' -> CIFAR10 ❌ (Uncertain)
EMNIST:'c' -> CIFAR10 ❌ (Uncertain)
EMNIST:'d' -> CIFAR10 ❌ (Uncertain)
EMNIST:'e' -> CIFAR10 ❌ (Uncertain)
EMNIST:'f' -> CIFAR10 ❌ (Uncertain)
EMNIST:'g' -> CIFAR10 ❌ (Uncertain)
EMNIST:'h' -> CIFAR10 ❌ (Uncertain)
EMNIST:'i' -> CIFAR10 ❌ (Uncertain)
EMNIST:'j' -> CIFAR10 ❌ (Uncertain)
EMNIST:'k' -> CIFAR10 ❌ (Uncertain)
EMNIST:'l' -> CIFAR10 ❌ (Uncertain)
EMNIST:'m' -> CIFAR10 ❌ (Uncertain)
EMNIST:'n' -> CIFAR10 ❌ (Uncertain)
EMNIST:'o' -> CIFAR10 ❌ (Uncertain)
EMNIST:'p' -> CIFAR10 ❌ (Uncertain)
EMNIST:'q' -> CIFAR10 ❌ (Uncertain)
EMNIST:'r' -> CIFAR10 ❌ (Uncertain)
EMNIST:'s' -> CIFAR10 ❌ (Uncertain)
EMNIST:'t' -> CIFAR10 ❌ (Uncertain)
EMNIST:'u' -> CIFAR10 ❌ (Uncertain)
EMNIST:'v' -> CIFAR10 ❌ (Uncertain)
EMNIST:'w' -> CIFAR10 ❌ (Uncertain)
EMNIST:'x' -> CIFAR10 ❌ (Uncertain)
EMNIST:'y' -> CIFAR10 ❌ (Uncertain)
EMNIST:'z' -> CIFAR10 ❌ (Uncertain)
CIFAR10:'airplane' -> MNIST ❌ (Uncertain)
CIFAR10:'automobile' -> MNIST ❌ (Uncertain)
CIFAR10:'bird' -> MNIST ❌ (Uncertain)
CIFAR10:'cat' -> MNIST ❌ (Uncertain)
CIFAR10:'deer' -> MNIST ❌ (Uncertain)
CIFAR10:'dog' -> MNIST ❌ (Uncertain)
CIFAR10:'frog' -> MNIST ❌ (Uncertain)
CIFAR10:'horse' -> MNIST ❌ (Uncertain)
CIFAR10:'ship' -> MNIST ❌ (Uncertain)
CIFAR10:'truck' -> MNIST ❌ (Uncertain)
CIFAR10:'airplane' -> EMNIST ❌ (Uncertain)
CIFAR10:'automobile' -> EMNIST ❌ (Uncertain)
CIFAR10:'bird' -> EMNIST ❌ (Uncertain)
CIFAR10:'cat' -> EMNIST ❌ (Uncertain)
CIFAR10:'deer' -> EMNIST ❌ (Uncertain)
CIFAR10:'dog' -> EMNIST ❌ (Uncertain)
CIFAR10:'frog' -> EMNIST ❌ (Uncertain)
CIFAR10:'horse' -> EMNIST ❌ (Uncertain)
CIFAR10:'ship' -> EMNIST ❌ (Uncertain)
CIFAR10:'truck' -> EMNIST ❌ (Uncertain)
Exp: Old Gen + Old Ent (0.3)
dynamic_entropy_ratio: 0.3
MNIST:'0' -> EMNIST ❌ (Uncertain)
MNIST:'1' -> EMNIST ❌ (Uncertain)
MNIST:'2' -> EMNIST ❌ (Uncertain)
MNIST:'3' -> EMNIST ❌ (Uncertain)
MNIST:'4' -> EMNIST ❌ (Uncertain)
MNIST:'5' -> EMNIST ❌ (Uncertain)
MNIST:'6' -> EMNIST ❌ (Uncertain)
MNIST:'7' -> EMNIST ❌ (Uncertain)
MNIST:'8' -> EMNIST ❌ (Uncertain)
MNIST:'9' -> EMNIST ❌ (Uncertain)
MNIST:'0' -> CIFAR10 ❌ (Uncertain)
MNIST:'1' -> CIFAR10 ❌ (Uncertain)
MNIST:'2' -> CIFAR10 ❌ (Uncertain)
MNIST:'3' -> CIFAR10 ❌ (Uncertain)
MNIST:'4' -> CIFAR10 ❌ (Uncertain)
MNIST:'5' -> CIFAR10 ❌ (Uncertain)
MNIST:'6' -> CIFAR10 ❌ (Uncertain)
MNIST:'7' -> CIFAR10 ❌ (Uncertain)
MNIST:'8' -> CIFAR10 ❌ (Uncertain)
MNIST:'9' -> CIFAR10 ❌ (Uncertain)
EMNIST:'0' -> MNIST ❌ (Uncertain)
EMNIST:'1' -> MNIST ❌ (Uncertain)
EMNIST:'2' -> MNIST ❌ (Uncertain)
EMNIST:'3' -> MNIST ❌ (Uncertain)
EMNIST:'4' -> MNIST ❌ (Uncertain)
EMNIST:'5' -> MNIST ❌ (Uncertain)
EMNIST:'6' -> MNIST ❌ (Uncertain)
EMNIST:'7' -> MNIST ❌ (Uncertain)
EMNIST:'8' -> MNIST ❌ (Uncertain)
EMNIST:'9' -> MNIST ❌ (Uncertain)
EMNIST:'A' -> MNIST ❌ (Uncertain)
EMNIST:'B' -> MNIST ❌ (Uncertain)
EMNIST:'C' -> MNIST ❌ (Uncertain)
EMNIST:'D' -> MNIST ❌ (Uncertain)
EMNIST:'E' -> MNIST ❌ (Uncertain)
EMNIST:'F' -> MNIST ❌ (Uncertain)
EMNIST:'G' -> MNIST ❌ (Uncertain)
EMNIST:'H' -> MNIST ❌ (Uncertain)
EMNIST:'I' -> MNIST ❌ (Uncertain)
EMNIST:'J' -> MNIST ❌ (Uncertain)
EMNIST:'K' -> MNIST ❌ (Uncertain)
EMNIST:'L' -> MNIST ❌ (Uncertain)
EMNIST:'M' -> MNIST ❌ (Uncertain)
EMNIST:'N' -> MNIST ❌ (Uncertain)
EMNIST:'O' -> MNIST ❌ (Uncertain)
EMNIST:'P' -> MNIST ❌ (Uncertain)
EMNIST:'Q' -> MNIST ❌ (Uncertain)
EMNIST:'R' -> MNIST ❌ (Uncertain)
EMNIST:'S' -> MNIST ❌ (Uncertain)
EMNIST:'T' -> MNIST ❌ (Uncertain)
EMNIST:'U' -> MNIST ❌ (Uncertain)
EMNIST:'V' -> MNIST ❌ (Uncertain)
EMNIST:'W' -> MNIST ❌ (Uncertain)
EMNIST:'X' -> MNIST ❌ (Uncertain)
EMNIST:'Y' -> MNIST ❌ (Uncertain)
EMNIST:'Z' -> MNIST ❌ (Uncertain)
EMNIST:'a' -> MNIST ❌ (Uncertain)
EMNIST:'b' -> MNIST ❌ (Uncertain)
EMNIST:'c' -> MNIST ❌ (Uncertain)
EMNIST:'d' -> MNIST ❌ (Uncertain)
EMNIST:'e' -> MNIST ❌ (Uncertain)
EMNIST:'f' -> MNIST ❌ (Uncertain)
EMNIST:'g' -> MNIST ❌ (Uncertain)
EMNIST:'h' -> MNIST ❌ (Uncertain)
EMNIST:'i' -> MNIST ❌ (Uncertain)
EMNIST:'j' -> MNIST ❌ (Uncertain)
EMNIST:'k' -> MNIST ❌ (Uncertain)
EMNIST:'l' -> MNIST ❌ (Uncertain)
EMNIST:'m' -> MNIST ❌ (Uncertain)
EMNIST:'n' -> MNIST ❌ (Uncertain)
EMNIST:'o' -> MNIST ❌ (Uncertain)
EMNIST:'p' -> MNIST ❌ (Uncertain)
EMNIST:'q' -> MNIST ❌ (Uncertain)
EMNIST:'r' -> MNIST ❌ (Uncertain)
EMNIST:'s' -> MNIST ❌ (Uncertain)
EMNIST:'t' -> MNIST ❌ (Uncertain)
EMNIST:'u' -> MNIST ❌ (Uncertain)
EMNIST:'v' -> MNIST ❌ (Uncertain)
EMNIST:'w' -> MNIST ❌ (Uncertain)
EMNIST:'x' -> MNIST ❌ (Uncertain)
EMNIST:'y' -> MNIST ❌ (Uncertain)
EMNIST:'z' -> MNIST ❌ (Uncertain)
EMNIST:'0' -> CIFAR10 ❌ (Uncertain)
EMNIST:'1' -> CIFAR10 ❌ (Uncertain)
EMNIST:'2' -> CIFAR10 ❌ (Uncertain)
EMNIST:'3' -> CIFAR10 ❌ (Uncertain)
EMNIST:'4' -> CIFAR10 ❌ (Uncertain)
EMNIST:'5' -> CIFAR10 ❌ (Uncertain)
EMNIST:'6' -> CIFAR10 ❌ (Uncertain)
EMNIST:'7' -> CIFAR10 ❌ (Uncertain)
EMNIST:'8' -> CIFAR10 ❌ (Uncertain)
EMNIST:'9' -> CIFAR10 ❌ (Uncertain)
EMNIST:'A' -> CIFAR10 ❌ (Uncertain)
EMNIST:'B' -> CIFAR10 ❌ (Uncertain)
EMNIST:'C' -> CIFAR10 ❌ (Uncertain)
EMNIST:'D' -> CIFAR10 ❌ (Uncertain)
EMNIST:'E' -> CIFAR10 ❌ (Uncertain)
EMNIST:'F' -> CIFAR10 ❌ (Uncertain)
EMNIST:'G' -> CIFAR10 ❌ (Uncertain)
EMNIST:'H' -> CIFAR10 ❌ (Uncertain)
EMNIST:'I' -> CIFAR10 ❌ (Uncertain)
EMNIST:'J' -> CIFAR10 ❌ (Uncertain)
EMNIST:'K' -> CIFAR10 ❌ (Uncertain)
EMNIST:'L' -> CIFAR10 ❌ (Uncertain)
EMNIST:'M' -> CIFAR10 ❌ (Uncertain)
EMNIST:'N' -> CIFAR10 ❌ (Uncertain)
EMNIST:'O' -> CIFAR10 ❌ (Uncertain)
EMNIST:'P' -> CIFAR10 ❌ (Uncertain)
EMNIST:'Q' -> CIFAR10 ❌ (Uncertain)
EMNIST:'R' -> CIFAR10 ❌ (Uncertain)
EMNIST:'S' -> CIFAR10 ❌ (Uncertain)
EMNIST:'T' -> CIFAR10 ❌ (Uncertain)
EMNIST:'U' -> CIFAR10 ❌ (Uncertain)
EMNIST:'V' -> CIFAR10 ❌ (Uncertain)
EMNIST:'W' -> CIFAR10 ❌ (Uncertain)
EMNIST:'X' -> CIFAR10 ❌ (Uncertain)
EMNIST:'Y' -> CIFAR10 ❌ (Uncertain)
EMNIST:'Z' -> CIFAR10 ❌ (Uncertain)
EMNIST:'a' -> CIFAR10 ❌ (Uncertain)
EMNIST:'b' -> CIFAR10 ❌ (Uncertain)
EMNIST:'c' -> CIFAR10 ❌ (Uncertain)
EMNIST:'d' -> CIFAR10 ❌ (Uncertain)
EMNIST:'e' -> CIFAR10 ❌ (Uncertain)
EMNIST:'f' -> CIFAR10 ❌ (Uncertain)
EMNIST:'g' -> CIFAR10 ❌ (Uncertain)
EMNIST:'h' -> CIFAR10 ❌ (Uncertain)
EMNIST:'i' -> CIFAR10 ❌ (Uncertain)
EMNIST:'j' -> CIFAR10 ❌ (Uncertain)
EMNIST:'k' -> CIFAR10 ❌ (Uncertain)
EMNIST:'l' -> CIFAR10 ❌ (Uncertain)
EMNIST:'m' -> CIFAR10 ❌ (Uncertain)
EMNIST:'n' -> CIFAR10 ❌ (Uncertain)
EMNIST:'o' -> CIFAR10 ❌ (Uncertain)
EMNIST:'p' -> CIFAR10 ❌ (Uncertain)
EMNIST:'q' -> CIFAR10 ❌ (Uncertain)
EMNIST:'r' -> CIFAR10 ❌ (Uncertain)
EMNIST:'s' -> CIFAR10 ❌ (Uncertain)
EMNIST:'t' -> CIFAR10 ❌ (Uncertain)
EMNIST:'u' -> CIFAR10 ❌ (Uncertain)
EMNIST:'v' -> CIFAR10 ❌ (Uncertain)
EMNIST:'w' -> CIFAR10 ❌ (Uncertain)
EMNIST:'x' -> CIFAR10 ❌ (Uncertain)
EMNIST:'y' -> CIFAR10 ❌ (Uncertain)
EMNIST:'z' -> CIFAR10 ❌ (Uncertain)
CIFAR10:'airplane' -> MNIST ❌ (Uncertain)
CIFAR10:'automobile' -> MNIST ❌ (Uncertain)
CIFAR10:'bird' -> MNIST ❌ (Uncertain)
CIFAR10:'cat' -> MNIST ❌ (Uncertain)
CIFAR10:'deer' -> MNIST ❌ (Uncertain)
CIFAR10:'dog' -> MNIST ❌ (Uncertain)
CIFAR10:'frog' -> MNIST ❌ (Uncertain)
CIFAR10:'horse' -> MNIST ❌ (Uncertain)
CIFAR10:'ship' -> MNIST ❌ (Uncertain)
CIFAR10:'truck' -> MNIST ❌ (Uncertain)
CIFAR10:'airplane' -> EMNIST ❌ (Uncertain)
CIFAR10:'automobile' -> EMNIST ❌ (Uncertain)
CIFAR10:'bird' -> EMNIST ❌ (Uncertain)
CIFAR10:'cat' -> EMNIST ❌ (Uncertain)
CIFAR10:'deer' -> EMNIST ❌ (Uncertain)
CIFAR10:'dog' -> EMNIST ❌ (Uncertain)
CIFAR10:'frog' -> EMNIST ❌ (Uncertain)
CIFAR10:'horse' -> EMNIST ❌ (Uncertain)
CIFAR10:'ship' -> EMNIST ❌ (Uncertain)
CIFAR10:'truck' -> EMNIST ❌ (Uncertain)
Exp: Old Gen + Old Ent (0.35)
dynamic_entropy_ratio: 0.35
MNIST:'0' -> EMNIST ❌ (Uncertain)
MNIST:'1' -> EMNIST ❌ (Uncertain)
MNIST:'2' -> EMNIST ❌ (Uncertain)
MNIST:'3' -> EMNIST ❌ (Uncertain)
MNIST:'4' -> EMNIST ❌ (Uncertain)
MNIST:'5' -> EMNIST ❌ (Uncertain)
MNIST:'6' -> EMNIST ❌ (Uncertain)
MNIST:'7' -> EMNIST ❌ (Uncertain)
MNIST:'8' -> EMNIST | Predict: '8' (Ent: 1.42)
MNIST:'9' -> EMNIST ❌ (Uncertain)
MNIST:'0' -> CIFAR10 ❌ (Uncertain)
MNIST:'1' -> CIFAR10 ❌ (Uncertain)
MNIST:'2' -> CIFAR10 ❌ (Uncertain)
MNIST:'3' -> CIFAR10 ❌ (Uncertain)
MNIST:'4' -> CIFAR10 ❌ (Uncertain)
MNIST:'5' -> CIFAR10 ❌ (Uncertain)
MNIST:'6' -> CIFAR10 ❌ (Uncertain)
MNIST:'7' -> CIFAR10 ❌ (Uncertain)
MNIST:'8' -> CIFAR10 ❌ (Uncertain)
MNIST:'9' -> CIFAR10 ❌ (Uncertain)
EMNIST:'0' -> MNIST ❌ (Uncertain)
EMNIST:'1' -> MNIST ❌ (Uncertain)
EMNIST:'2' -> MNIST ❌ (Uncertain)
EMNIST:'3' -> MNIST ❌ (Uncertain)
EMNIST:'4' -> MNIST ❌ (Uncertain)
EMNIST:'5' -> MNIST ❌ (Uncertain)
EMNIST:'6' -> MNIST ❌ (Uncertain)
EMNIST:'7' -> MNIST ❌ (Uncertain)
EMNIST:'9' -> MNIST ❌ (Uncertain)
EMNIST:'A' -> MNIST ❌ (Uncertain)
EMNIST:'B' -> MNIST ❌ (Uncertain)
EMNIST:'C' -> MNIST ❌ (Uncertain)
EMNIST:'D' -> MNIST ❌ (Uncertain)
EMNIST:'E' -> MNIST ❌ (Uncertain)
EMNIST:'F' -> MNIST ❌ (Uncertain)
EMNIST:'G' -> MNIST ❌ (Uncertain)
EMNIST:'H' -> MNIST | Predict: '8' (Ent: 0.75)
  ⚠️ [Mismatch] Cycle Back predicted '8' (Expected 'H') (Ent: 1.42)
EMNIST:'I' -> MNIST ❌ (Uncertain)
EMNIST:'J' -> MNIST ❌ (Uncertain)
EMNIST:'K' -> MNIST ❌ (Uncertain)
EMNIST:'L' -> MNIST ❌ (Uncertain)
EMNIST:'M' -> MNIST | Predict: '8' (Ent: 0.77)
  ⚠️ [Mismatch] Cycle Back predicted '8' (Expected 'M') (Ent: 1.42)
EMNIST:'N' -> MNIST ❌ (Uncertain)
EMNIST:'O' -> MNIST ❌ (Uncertain)
EMNIST:'P' -> MNIST ❌ (Uncertain)
EMNIST:'Q' -> MNIST ❌ (Uncertain)
EMNIST:'R' -> MNIST ❌ (Uncertain)
EMNIST:'S' -> MNIST ❌ (Uncertain)
EMNIST:'T' -> MNIST ❌ (Uncertain)
EMNIST:'U' -> MNIST ❌ (Uncertain)
EMNIST:'V' -> MNIST ❌ (Uncertain)
EMNIST:'W' -> MNIST ❌ (Uncertain)
EMNIST:'X' -> MNIST ❌ (Uncertain)
EMNIST:'Y' -> MNIST ❌ (Uncertain)
EMNIST:'Z' -> MNIST ❌ (Uncertain)
EMNIST:'a' -> MNIST ❌ (Uncertain)
EMNIST:'b' -> MNIST ❌ (Uncertain)
EMNIST:'c' -> MNIST ❌ (Uncertain)
EMNIST:'d' -> MNIST ❌ (Uncertain)
EMNIST:'e' -> MNIST ❌ (Uncertain)
EMNIST:'f' -> MNIST ❌ (Uncertain)
EMNIST:'g' -> MNIST ❌ (Uncertain)
EMNIST:'h' -> MNIST | Predict: '8' (Ent: 0.75)
  ⚠️ [Mismatch] Cycle Back predicted '8' (Expected 'h') (Ent: 1.42)
EMNIST:'i' -> MNIST ❌ (Uncertain)
EMNIST:'j' -> MNIST ❌ (Uncertain)
EMNIST:'k' -> MNIST ❌ (Uncertain)
EMNIST:'l' -> MNIST ❌ (Uncertain)
EMNIST:'m' -> MNIST | Predict: '8' (Ent: 0.77)
  ⚠️ [Mismatch] Cycle Back predicted '8' (Expected 'm') (Ent: 1.42)
EMNIST:'n' -> MNIST ❌ (Uncertain)
EMNIST:'o' -> MNIST ❌ (Uncertain)
EMNIST:'p' -> MNIST ❌ (Uncertain)
EMNIST:'q' -> MNIST ❌ (Uncertain)
EMNIST:'r' -> MNIST ❌ (Uncertain)
EMNIST:'s' -> MNIST ❌ (Uncertain)
EMNIST:'t' -> MNIST ❌ (Uncertain)
EMNIST:'u' -> MNIST ❌ (Uncertain)
EMNIST:'v' -> MNIST ❌ (Uncertain)
EMNIST:'w' -> MNIST ❌ (Uncertain)
EMNIST:'x' -> MNIST ❌ (Uncertain)
EMNIST:'y' -> MNIST ❌ (Uncertain)
EMNIST:'z' -> MNIST ❌ (Uncertain)
EMNIST:'0' -> CIFAR10 ❌ (Uncertain)
EMNIST:'1' -> CIFAR10 ❌ (Uncertain)
EMNIST:'2' -> CIFAR10 ❌ (Uncertain)
EMNIST:'3' -> CIFAR10 ❌ (Uncertain)
EMNIST:'4' -> CIFAR10 ❌ (Uncertain)
EMNIST:'5' -> CIFAR10 ❌ (Uncertain)
EMNIST:'6' -> CIFAR10 ❌ (Uncertain)
EMNIST:'7' -> CIFAR10 ❌ (Uncertain)
EMNIST:'8' -> CIFAR10 ❌ (Uncertain)
EMNIST:'9' -> CIFAR10 ❌ (Uncertain)
EMNIST:'A' -> CIFAR10 ❌ (Uncertain)
EMNIST:'B' -> CIFAR10 ❌ (Uncertain)
EMNIST:'C' -> CIFAR10 ❌ (Uncertain)
EMNIST:'D' -> CIFAR10 ❌ (Uncertain)
EMNIST:'E' -> CIFAR10 ❌ (Uncertain)
EMNIST:'F' -> CIFAR10 ❌ (Uncertain)
EMNIST:'G' -> CIFAR10 ❌ (Uncertain)
EMNIST:'H' -> CIFAR10 ❌ (Uncertain)
EMNIST:'I' -> CIFAR10 ❌ (Uncertain)
EMNIST:'J' -> CIFAR10 ❌ (Uncertain)
EMNIST:'K' -> CIFAR10 ❌ (Uncertain)
EMNIST:'L' -> CIFAR10 ❌ (Uncertain)
EMNIST:'M' -> CIFAR10 ❌ (Uncertain)
EMNIST:'N' -> CIFAR10 ❌ (Uncertain)
EMNIST:'O' -> CIFAR10 ❌ (Uncertain)
EMNIST:'P' -> CIFAR10 ❌ (Uncertain)
EMNIST:'Q' -> CIFAR10 ❌ (Uncertain)
EMNIST:'R' -> CIFAR10 ❌ (Uncertain)
EMNIST:'S' -> CIFAR10 ❌ (Uncertain)
EMNIST:'T' -> CIFAR10 ❌ (Uncertain)
EMNIST:'U' -> CIFAR10 ❌ (Uncertain)
EMNIST:'V' -> CIFAR10 ❌ (Uncertain)
EMNIST:'W' -> CIFAR10 ❌ (Uncertain)
EMNIST:'X' -> CIFAR10 ❌ (Uncertain)
EMNIST:'Y' -> CIFAR10 ❌ (Uncertain)
EMNIST:'Z' -> CIFAR10 ❌ (Uncertain)
EMNIST:'a' -> CIFAR10 ❌ (Uncertain)
EMNIST:'b' -> CIFAR10 ❌ (Uncertain)
EMNIST:'c' -> CIFAR10 ❌ (Uncertain)
EMNIST:'d' -> CIFAR10 ❌ (Uncertain)
EMNIST:'e' -> CIFAR10 ❌ (Uncertain)
EMNIST:'f' -> CIFAR10 ❌ (Uncertain)
EMNIST:'g' -> CIFAR10 ❌ (Uncertain)
EMNIST:'h' -> CIFAR10 ❌ (Uncertain)
EMNIST:'i' -> CIFAR10 ❌ (Uncertain)
EMNIST:'j' -> CIFAR10 ❌ (Uncertain)
EMNIST:'k' -> CIFAR10 ❌ (Uncertain)
EMNIST:'l' -> CIFAR10 ❌ (Uncertain)
EMNIST:'m' -> CIFAR10 ❌ (Uncertain)
EMNIST:'n' -> CIFAR10 ❌ (Uncertain)
EMNIST:'o' -> CIFAR10 ❌ (Uncertain)
EMNIST:'p' -> CIFAR10 ❌ (Uncertain)
EMNIST:'q' -> CIFAR10 ❌ (Uncertain)
EMNIST:'r' -> CIFAR10 ❌ (Uncertain)
EMNIST:'s' -> CIFAR10 ❌ (Uncertain)
EMNIST:'t' -> CIFAR10 ❌ (Uncertain)
EMNIST:'u' -> CIFAR10 ❌ (Uncertain)
EMNIST:'v' -> CIFAR10 ❌ (Uncertain)
EMNIST:'w' -> CIFAR10 ❌ (Uncertain)
EMNIST:'x' -> CIFAR10 ❌ (Uncertain)
EMNIST:'y' -> CIFAR10 ❌ (Uncertain)
EMNIST:'z' -> CIFAR10 ❌ (Uncertain)
CIFAR10:'airplane' -> MNIST ❌ (Uncertain)
CIFAR10:'automobile' -> MNIST ❌ (Uncertain)
CIFAR10:'bird' -> MNIST ❌ (Uncertain)
CIFAR10:'cat' -> MNIST ❌ (Uncertain)
CIFAR10:'deer' -> MNIST ❌ (Uncertain)
CIFAR10:'dog' -> MNIST ❌ (Uncertain)
CIFAR10:'frog' -> MNIST ❌ (Uncertain)
CIFAR10:'horse' -> MNIST ❌ (Uncertain)
CIFAR10:'ship' -> MNIST ❌ (Uncertain)
CIFAR10:'truck' -> MNIST ❌ (Uncertain)
CIFAR10:'airplane' -> EMNIST ❌ (Uncertain)
CIFAR10:'automobile' -> EMNIST ❌ (Uncertain)
CIFAR10:'bird' -> EMNIST ❌ (Uncertain)
CIFAR10:'cat' -> EMNIST ❌ (Uncertain)
CIFAR10:'deer' -> EMNIST ❌ (Uncertain)
CIFAR10:'dog' -> EMNIST ❌ (Uncertain)
CIFAR10:'frog' -> EMNIST ❌ (Uncertain)
CIFAR10:'horse' -> EMNIST ❌ (Uncertain)
CIFAR10:'ship' -> EMNIST ❌ (Uncertain)
CIFAR10:'truck' -> EMNIST ❌ (Uncertain)
Exp: Old Gen + Old Ent (0.4)
dynamic_entropy_ratio: 0.4
MNIST:'0' -> EMNIST ❌ (Uncertain)
MNIST:'1' -> EMNIST ❌ (Uncertain)
MNIST:'2' -> EMNIST ❌ (Uncertain)
MNIST:'3' -> EMNIST ❌ (Uncertain)
MNIST:'4' -> EMNIST ❌ (Uncertain)
MNIST:'5' -> EMNIST ❌ (Uncertain)
MNIST:'6' -> EMNIST ❌ (Uncertain)
MNIST:'7' -> EMNIST ❌ (Uncertain)
MNIST:'8' -> EMNIST | Predict: '8' (Ent: 1.42)
MNIST:'9' -> EMNIST ❌ (Uncertain)
MNIST:'0' -> CIFAR10 ❌ (Uncertain)
MNIST:'1' -> CIFAR10 ❌ (Uncertain)
MNIST:'2' -> CIFAR10 ❌ (Uncertain)
MNIST:'3' -> CIFAR10 ❌ (Uncertain)
MNIST:'4' -> CIFAR10 ❌ (Uncertain)
MNIST:'5' -> CIFAR10 ❌ (Uncertain)
MNIST:'6' -> CIFAR10 ❌ (Uncertain)
MNIST:'7' -> CIFAR10 ❌ (Uncertain)
MNIST:'8' -> CIFAR10 ❌ (Uncertain)
MNIST:'9' -> CIFAR10 ❌ (Uncertain)
EMNIST:'0' -> MNIST ❌ (Uncertain)
EMNIST:'1' -> MNIST ❌ (Uncertain)
EMNIST:'2' -> MNIST ❌ (Uncertain)
EMNIST:'3' -> MNIST ❌ (Uncertain)
EMNIST:'4' -> MNIST ❌ (Uncertain)
EMNIST:'5' -> MNIST ❌ (Uncertain)
EMNIST:'6' -> MNIST ❌ (Uncertain)
EMNIST:'7' -> MNIST ❌ (Uncertain)
EMNIST:'9' -> MNIST ❌ (Uncertain)
EMNIST:'A' -> MNIST ❌ (Uncertain)
EMNIST:'B' -> MNIST ❌ (Uncertain)
EMNIST:'C' -> MNIST ❌ (Uncertain)
EMNIST:'D' -> MNIST ❌ (Uncertain)
EMNIST:'E' -> MNIST ❌ (Uncertain)
EMNIST:'F' -> MNIST ❌ (Uncertain)
EMNIST:'G' -> MNIST ❌ (Uncertain)
EMNIST:'H' -> MNIST | Predict: '8' (Ent: 0.75)
  ⚠️ [Mismatch] Cycle Back predicted '8' (Expected 'H') (Ent: 1.42)
EMNIST:'I' -> MNIST ❌ (Uncertain)
EMNIST:'J' -> MNIST | Predict: '8' (Ent: 0.91)
  ⚠️ [Mismatch] Cycle Back predicted '8' (Expected 'J') (Ent: 1.42)
EMNIST:'K' -> MNIST ❌ (Uncertain)
EMNIST:'L' -> MNIST ❌ (Uncertain)
EMNIST:'M' -> MNIST | Predict: '8' (Ent: 0.77)
  ⚠️ [Mismatch] Cycle Back predicted '8' (Expected 'M') (Ent: 1.42)
EMNIST:'N' -> MNIST ❌ (Uncertain)
EMNIST:'O' -> MNIST ❌ (Uncertain)
EMNIST:'P' -> MNIST ❌ (Uncertain)
EMNIST:'Q' -> MNIST ❌ (Uncertain)
EMNIST:'R' -> MNIST ❌ (Uncertain)
EMNIST:'S' -> MNIST ❌ (Uncertain)
EMNIST:'T' -> MNIST ❌ (Uncertain)
EMNIST:'U' -> MNIST ❌ (Uncertain)
EMNIST:'V' -> MNIST ❌ (Uncertain)
EMNIST:'W' -> MNIST ❌ (Uncertain)
EMNIST:'X' -> MNIST ❌ (Uncertain)
EMNIST:'Y' -> MNIST ❌ (Uncertain)
EMNIST:'Z' -> MNIST ❌ (Uncertain)
EMNIST:'a' -> MNIST ❌ (Uncertain)
EMNIST:'b' -> MNIST ❌ (Uncertain)
EMNIST:'c' -> MNIST ❌ (Uncertain)
EMNIST:'d' -> MNIST ❌ (Uncertain)
EMNIST:'e' -> MNIST ❌ (Uncertain)
EMNIST:'f' -> MNIST ❌ (Uncertain)
EMNIST:'g' -> MNIST ❌ (Uncertain)
EMNIST:'h' -> MNIST | Predict: '8' (Ent: 0.75)
  ⚠️ [Mismatch] Cycle Back predicted '8' (Expected 'h') (Ent: 1.42)
EMNIST:'i' -> MNIST ❌ (Uncertain)
EMNIST:'j' -> MNIST | Predict: '8' (Ent: 0.91)
  ⚠️ [Mismatch] Cycle Back predicted '8' (Expected 'j') (Ent: 1.42)
EMNIST:'k' -> MNIST ❌ (Uncertain)
EMNIST:'l' -> MNIST ❌ (Uncertain)
EMNIST:'m' -> MNIST | Predict: '8' (Ent: 0.77)
  ⚠️ [Mismatch] Cycle Back predicted '8' (Expected 'm') (Ent: 1.42)
EMNIST:'n' -> MNIST ❌ (Uncertain)
EMNIST:'o' -> MNIST ❌ (Uncertain)
EMNIST:'p' -> MNIST ❌ (Uncertain)
EMNIST:'q' -> MNIST ❌ (Uncertain)
EMNIST:'r' -> MNIST ❌ (Uncertain)
EMNIST:'s' -> MNIST ❌ (Uncertain)
EMNIST:'t' -> MNIST ❌ (Uncertain)
EMNIST:'u' -> MNIST ❌ (Uncertain)
EMNIST:'v' -> MNIST ❌ (Uncertain)
EMNIST:'w' -> MNIST ❌ (Uncertain)
EMNIST:'x' -> MNIST ❌ (Uncertain)
EMNIST:'y' -> MNIST ❌ (Uncertain)
EMNIST:'z' -> MNIST ❌ (Uncertain)
EMNIST:'0' -> CIFAR10 ❌ (Uncertain)
EMNIST:'1' -> CIFAR10 ❌ (Uncertain)
EMNIST:'2' -> CIFAR10 ❌ (Uncertain)
EMNIST:'3' -> CIFAR10 ❌ (Uncertain)
EMNIST:'4' -> CIFAR10 ❌ (Uncertain)
EMNIST:'5' -> CIFAR10 ❌ (Uncertain)
EMNIST:'6' -> CIFAR10 ❌ (Uncertain)
EMNIST:'7' -> CIFAR10 ❌ (Uncertain)
EMNIST:'8' -> CIFAR10 ❌ (Uncertain)
EMNIST:'9' -> CIFAR10 ❌ (Uncertain)
EMNIST:'A' -> CIFAR10 ❌ (Uncertain)
EMNIST:'B' -> CIFAR10 ❌ (Uncertain)
EMNIST:'C' -> CIFAR10 ❌ (Uncertain)
EMNIST:'D' -> CIFAR10 ❌ (Uncertain)
EMNIST:'E' -> CIFAR10 ❌ (Uncertain)
EMNIST:'F' -> CIFAR10 ❌ (Uncertain)
EMNIST:'G' -> CIFAR10 ❌ (Uncertain)
EMNIST:'H' -> CIFAR10 ❌ (Uncertain)
EMNIST:'I' -> CIFAR10 ❌ (Uncertain)
EMNIST:'J' -> CIFAR10 ❌ (Uncertain)
EMNIST:'K' -> CIFAR10 ❌ (Uncertain)
EMNIST:'L' -> CIFAR10 ❌ (Uncertain)
EMNIST:'M' -> CIFAR10 ❌ (Uncertain)
EMNIST:'N' -> CIFAR10 ❌ (Uncertain)
EMNIST:'O' -> CIFAR10 ❌ (Uncertain)
EMNIST:'P' -> CIFAR10 ❌ (Uncertain)
EMNIST:'Q' -> CIFAR10 ❌ (Uncertain)
EMNIST:'R' -> CIFAR10 ❌ (Uncertain)
EMNIST:'S' -> CIFAR10 ❌ (Uncertain)
EMNIST:'T' -> CIFAR10 ❌ (Uncertain)
EMNIST:'U' -> CIFAR10 ❌ (Uncertain)
EMNIST:'V' -> CIFAR10 ❌ (Uncertain)
EMNIST:'W' -> CIFAR10 ❌ (Uncertain)
EMNIST:'X' -> CIFAR10 ❌ (Uncertain)
EMNIST:'Y' -> CIFAR10 ❌ (Uncertain)
EMNIST:'Z' -> CIFAR10 ❌ (Uncertain)
EMNIST:'a' -> CIFAR10 ❌ (Uncertain)
EMNIST:'b' -> CIFAR10 ❌ (Uncertain)
EMNIST:'c' -> CIFAR10 ❌ (Uncertain)
EMNIST:'d' -> CIFAR10 ❌ (Uncertain)
EMNIST:'e' -> CIFAR10 ❌ (Uncertain)
EMNIST:'f' -> CIFAR10 ❌ (Uncertain)
EMNIST:'g' -> CIFAR10 ❌ (Uncertain)
EMNIST:'h' -> CIFAR10 ❌ (Uncertain)
EMNIST:'i' -> CIFAR10 ❌ (Uncertain)
EMNIST:'j' -> CIFAR10 ❌ (Uncertain)
EMNIST:'k' -> CIFAR10 ❌ (Uncertain)
EMNIST:'l' -> CIFAR10 ❌ (Uncertain)
EMNIST:'m' -> CIFAR10 ❌ (Uncertain)
EMNIST:'n' -> CIFAR10 ❌ (Uncertain)
EMNIST:'o' -> CIFAR10 ❌ (Uncertain)
EMNIST:'p' -> CIFAR10 ❌ (Uncertain)
EMNIST:'q' -> CIFAR10 ❌ (Uncertain)
EMNIST:'r' -> CIFAR10 ❌ (Uncertain)
EMNIST:'s' -> CIFAR10 ❌ (Uncertain)
EMNIST:'t' -> CIFAR10 ❌ (Uncertain)
EMNIST:'u' -> CIFAR10 ❌ (Uncertain)
EMNIST:'v' -> CIFAR10 ❌ (Uncertain)
EMNIST:'w' -> CIFAR10 ❌ (Uncertain)
EMNIST:'x' -> CIFAR10 ❌ (Uncertain)
EMNIST:'y' -> CIFAR10 ❌ (Uncertain)
EMNIST:'z' -> CIFAR10 ❌ (Uncertain)
CIFAR10:'airplane' -> MNIST ❌ (Uncertain)
CIFAR10:'automobile' -> MNIST ❌ (Uncertain)
CIFAR10:'bird' -> MNIST ❌ (Uncertain)
CIFAR10:'cat' -> MNIST ❌ (Uncertain)
CIFAR10:'deer' -> MNIST ❌ (Uncertain)
CIFAR10:'dog' -> MNIST ❌ (Uncertain)
CIFAR10:'frog' -> MNIST ❌ (Uncertain)
CIFAR10:'horse' -> MNIST ❌ (Uncertain)
CIFAR10:'ship' -> MNIST ❌ (Uncertain)
CIFAR10:'truck' -> MNIST ❌ (Uncertain)
CIFAR10:'airplane' -> EMNIST ❌ (Uncertain)
CIFAR10:'automobile' -> EMNIST ❌ (Uncertain)
CIFAR10:'bird' -> EMNIST ❌ (Uncertain)
CIFAR10:'cat' -> EMNIST ❌ (Uncertain)
CIFAR10:'deer' -> EMNIST ❌ (Uncertain)
CIFAR10:'dog' -> EMNIST ❌ (Uncertain)
CIFAR10:'frog' -> EMNIST ❌ (Uncertain)
CIFAR10:'horse' -> EMNIST ❌ (Uncertain)
CIFAR10:'ship' -> EMNIST ❌ (Uncertain)
CIFAR10:'truck' -> EMNIST ❌ (Uncertain)
Exp: Old Gen + Old Ent (0.45)
dynamic_entropy_ratio: 0.45
MNIST:'0' -> EMNIST ❌ (Uncertain)
MNIST:'1' -> EMNIST ❌ (Uncertain)
MNIST:'2' -> EMNIST ❌ (Uncertain)
MNIST:'3' -> EMNIST ❌ (Uncertain)
MNIST:'4' -> EMNIST ❌ (Uncertain)
MNIST:'5' -> EMNIST | Predict: '3' (Ent: 1.69)
MNIST:'6' -> EMNIST ❌ (Uncertain)
MNIST:'7' -> EMNIST ❌ (Uncertain)
MNIST:'8' -> EMNIST | Predict: '8' (Ent: 1.42)
MNIST:'9' -> EMNIST ❌ (Uncertain)
MNIST:'0' -> CIFAR10 ❌ (Uncertain)
MNIST:'1' -> CIFAR10 ❌ (Uncertain)
MNIST:'2' -> CIFAR10 ❌ (Uncertain)
MNIST:'3' -> CIFAR10 ❌ (Uncertain)
MNIST:'4' -> CIFAR10 ❌ (Uncertain)
MNIST:'5' -> CIFAR10 ❌ (Uncertain)
MNIST:'6' -> CIFAR10 ❌ (Uncertain)
MNIST:'7' -> CIFAR10 ❌ (Uncertain)
MNIST:'8' -> CIFAR10 ❌ (Uncertain)
MNIST:'9' -> CIFAR10 ❌ (Uncertain)
EMNIST:'0' -> MNIST ❌ (Uncertain)
EMNIST:'1' -> MNIST ❌ (Uncertain)
EMNIST:'2' -> MNIST ❌ (Uncertain)
EMNIST:'4' -> MNIST ❌ (Uncertain)
EMNIST:'5' -> MNIST ❌ (Uncertain)
EMNIST:'6' -> MNIST ❌ (Uncertain)
EMNIST:'7' -> MNIST ❌ (Uncertain)
EMNIST:'9' -> MNIST ❌ (Uncertain)
EMNIST:'A' -> MNIST ❌ (Uncertain)
EMNIST:'B' -> MNIST ❌ (Uncertain)
EMNIST:'C' -> MNIST ❌ (Uncertain)
EMNIST:'D' -> MNIST ❌ (Uncertain)
EMNIST:'E' -> MNIST ❌ (Uncertain)
EMNIST:'F' -> MNIST ❌ (Uncertain)
EMNIST:'G' -> MNIST ❌ (Uncertain)
EMNIST:'H' -> MNIST | Predict: '8' (Ent: 0.75)
  ⚠️ [Mismatch] Cycle Back predicted '8' (Expected 'H') (Ent: 1.42)
EMNIST:'I' -> MNIST ❌ (Uncertain)
EMNIST:'J' -> MNIST | Predict: '8' (Ent: 0.91)
  ⚠️ [Mismatch] Cycle Back predicted '8' (Expected 'J') (Ent: 1.42)
EMNIST:'K' -> MNIST ❌ (Uncertain)
EMNIST:'L' -> MNIST ❌ (Uncertain)
EMNIST:'M' -> MNIST | Predict: '8' (Ent: 0.77)
  ⚠️ [Mismatch] Cycle Back predicted '8' (Expected 'M') (Ent: 1.42)
EMNIST:'N' -> MNIST ❌ (Uncertain)
EMNIST:'O' -> MNIST ❌ (Uncertain)
EMNIST:'P' -> MNIST ❌ (Uncertain)
EMNIST:'Q' -> MNIST ❌ (Uncertain)
EMNIST:'R' -> MNIST ❌ (Uncertain)
EMNIST:'S' -> MNIST ❌ (Uncertain)
EMNIST:'T' -> MNIST ❌ (Uncertain)
EMNIST:'U' -> MNIST ❌ (Uncertain)
EMNIST:'V' -> MNIST ❌ (Uncertain)
EMNIST:'W' -> MNIST ❌ (Uncertain)
EMNIST:'X' -> MNIST ❌ (Uncertain)
EMNIST:'Y' -> MNIST ❌ (Uncertain)
EMNIST:'Z' -> MNIST ❌ (Uncertain)
EMNIST:'a' -> MNIST ❌ (Uncertain)
EMNIST:'b' -> MNIST ❌ (Uncertain)
EMNIST:'c' -> MNIST ❌ (Uncertain)
EMNIST:'d' -> MNIST ❌ (Uncertain)
EMNIST:'e' -> MNIST ❌ (Uncertain)
EMNIST:'f' -> MNIST ❌ (Uncertain)
EMNIST:'g' -> MNIST ❌ (Uncertain)
EMNIST:'h' -> MNIST | Predict: '8' (Ent: 0.75)
  ⚠️ [Mismatch] Cycle Back predicted '8' (Expected 'h') (Ent: 1.42)
EMNIST:'i' -> MNIST ❌ (Uncertain)
EMNIST:'j' -> MNIST | Predict: '8' (Ent: 0.91)
  ⚠️ [Mismatch] Cycle Back predicted '8' (Expected 'j') (Ent: 1.42)
EMNIST:'k' -> MNIST ❌ (Uncertain)
EMNIST:'l' -> MNIST ❌ (Uncertain)
EMNIST:'m' -> MNIST | Predict: '8' (Ent: 0.77)
  ⚠️ [Mismatch] Cycle Back predicted '8' (Expected 'm') (Ent: 1.42)
EMNIST:'n' -> MNIST ❌ (Uncertain)
EMNIST:'o' -> MNIST ❌ (Uncertain)
EMNIST:'p' -> MNIST ❌ (Uncertain)
EMNIST:'q' -> MNIST ❌ (Uncertain)
EMNIST:'r' -> MNIST ❌ (Uncertain)
EMNIST:'s' -> MNIST ❌ (Uncertain)
EMNIST:'t' -> MNIST ❌ (Uncertain)
EMNIST:'u' -> MNIST ❌ (Uncertain)
EMNIST:'v' -> MNIST ❌ (Uncertain)
EMNIST:'w' -> MNIST ❌ (Uncertain)
EMNIST:'x' -> MNIST ❌ (Uncertain)
EMNIST:'y' -> MNIST ❌ (Uncertain)
EMNIST:'z' -> MNIST ❌ (Uncertain)
EMNIST:'0' -> CIFAR10 ❌ (Uncertain)
EMNIST:'1' -> CIFAR10 ❌ (Uncertain)
EMNIST:'2' -> CIFAR10 ❌ (Uncertain)
EMNIST:'3' -> CIFAR10 ❌ (Uncertain)
EMNIST:'4' -> CIFAR10 ❌ (Uncertain)
EMNIST:'5' -> CIFAR10 ❌ (Uncertain)
EMNIST:'6' -> CIFAR10 ❌ (Uncertain)
EMNIST:'7' -> CIFAR10 ❌ (Uncertain)
EMNIST:'8' -> CIFAR10 ❌ (Uncertain)
EMNIST:'9' -> CIFAR10 ❌ (Uncertain)
EMNIST:'A' -> CIFAR10 ❌ (Uncertain)
EMNIST:'B' -> CIFAR10 ❌ (Uncertain)
EMNIST:'C' -> CIFAR10 ❌ (Uncertain)
EMNIST:'D' -> CIFAR10 ❌ (Uncertain)
EMNIST:'E' -> CIFAR10 ❌ (Uncertain)
EMNIST:'F' -> CIFAR10 ❌ (Uncertain)
EMNIST:'G' -> CIFAR10 ❌ (Uncertain)
EMNIST:'H' -> CIFAR10 ❌ (Uncertain)
EMNIST:'I' -> CIFAR10 ❌ (Uncertain)
EMNIST:'J' -> CIFAR10 ❌ (Uncertain)
EMNIST:'K' -> CIFAR10 ❌ (Uncertain)
EMNIST:'L' -> CIFAR10 ❌ (Uncertain)
EMNIST:'M' -> CIFAR10 ❌ (Uncertain)
EMNIST:'N' -> CIFAR10 ❌ (Uncertain)
EMNIST:'O' -> CIFAR10 ❌ (Uncertain)
EMNIST:'P' -> CIFAR10 ❌ (Uncertain)
EMNIST:'Q' -> CIFAR10 ❌ (Uncertain)
EMNIST:'R' -> CIFAR10 ❌ (Uncertain)
EMNIST:'S' -> CIFAR10 ❌ (Uncertain)
EMNIST:'T' -> CIFAR10 ❌ (Uncertain)
EMNIST:'U' -> CIFAR10 ❌ (Uncertain)
EMNIST:'V' -> CIFAR10 ❌ (Uncertain)
EMNIST:'W' -> CIFAR10 ❌ (Uncertain)
EMNIST:'X' -> CIFAR10 ❌ (Uncertain)
EMNIST:'Y' -> CIFAR10 ❌ (Uncertain)
EMNIST:'Z' -> CIFAR10 ❌ (Uncertain)
EMNIST:'a' -> CIFAR10 ❌ (Uncertain)
EMNIST:'b' -> CIFAR10 ❌ (Uncertain)
EMNIST:'c' -> CIFAR10 ❌ (Uncertain)
EMNIST:'d' -> CIFAR10 ❌ (Uncertain)
EMNIST:'e' -> CIFAR10 ❌ (Uncertain)
EMNIST:'f' -> CIFAR10 ❌ (Uncertain)
EMNIST:'g' -> CIFAR10 ❌ (Uncertain)
EMNIST:'h' -> CIFAR10 ❌ (Uncertain)
EMNIST:'i' -> CIFAR10 ❌ (Uncertain)
EMNIST:'j' -> CIFAR10 ❌ (Uncertain)
EMNIST:'k' -> CIFAR10 ❌ (Uncertain)
EMNIST:'l' -> CIFAR10 ❌ (Uncertain)
EMNIST:'m' -> CIFAR10 ❌ (Uncertain)
EMNIST:'n' -> CIFAR10 ❌ (Uncertain)
EMNIST:'o' -> CIFAR10 ❌ (Uncertain)
EMNIST:'p' -> CIFAR10 ❌ (Uncertain)
EMNIST:'q' -> CIFAR10 ❌ (Uncertain)
EMNIST:'r' -> CIFAR10 ❌ (Uncertain)
EMNIST:'s' -> CIFAR10 ❌ (Uncertain)
EMNIST:'t' -> CIFAR10 ❌ (Uncertain)
EMNIST:'u' -> CIFAR10 ❌ (Uncertain)
EMNIST:'v' -> CIFAR10 ❌ (Uncertain)
EMNIST:'w' -> CIFAR10 ❌ (Uncertain)
EMNIST:'x' -> CIFAR10 ❌ (Uncertain)
EMNIST:'y' -> CIFAR10 ❌ (Uncertain)
EMNIST:'z' -> CIFAR10 ❌ (Uncertain)
CIFAR10:'airplane' -> MNIST ❌ (Uncertain)
CIFAR10:'automobile' -> MNIST ❌ (Uncertain)
CIFAR10:'bird' -> MNIST ❌ (Uncertain)
CIFAR10:'cat' -> MNIST ❌ (Uncertain)
CIFAR10:'deer' -> MNIST ❌ (Uncertain)
CIFAR10:'dog' -> MNIST ❌ (Uncertain)
CIFAR10:'frog' -> MNIST ❌ (Uncertain)
CIFAR10:'horse' -> MNIST ❌ (Uncertain)
CIFAR10:'ship' -> MNIST ❌ (Uncertain)
CIFAR10:'truck' -> MNIST ❌ (Uncertain)
CIFAR10:'airplane' -> EMNIST ❌ (Uncertain)
CIFAR10:'automobile' -> EMNIST ❌ (Uncertain)
CIFAR10:'bird' -> EMNIST ❌ (Uncertain)
CIFAR10:'cat' -> EMNIST ❌ (Uncertain)
CIFAR10:'deer' -> EMNIST ❌ (Uncertain)
CIFAR10:'dog' -> EMNIST ❌ (Uncertain)
CIFAR10:'frog' -> EMNIST | Predict: '8' (Ent: 1.69)
CIFAR10:'horse' -> EMNIST ❌ (Uncertain)
CIFAR10:'ship' -> EMNIST ❌ (Uncertain)
CIFAR10:'truck' -> EMNIST ❌ (Uncertain)
Exp: Old Gen + Old Ent (0.5)
dynamic_entropy_ratio: 0.5
MNIST:'0' -> EMNIST ❌ (Uncertain)
MNIST:'1' -> EMNIST ❌ (Uncertain)
MNIST:'2' -> EMNIST ❌ (Uncertain)
MNIST:'3' -> EMNIST ❌ (Uncertain)
MNIST:'4' -> EMNIST ❌ (Uncertain)
MNIST:'5' -> EMNIST | Predict: '3' (Ent: 1.69)
  ⚠️ [Mismatch] Cycle Back predicted '8' (Expected '5') (Ent: 1.14)
MNIST:'6' -> EMNIST ❌ (Uncertain)
MNIST:'7' -> EMNIST ❌ (Uncertain)
MNIST:'8' -> EMNIST | Predict: '8' (Ent: 1.42)
  ✅ [Match] MNIST:'8' <==> EMNIST:'8' (Ent: 1.07)
MNIST:'9' -> EMNIST ❌ (Uncertain)
MNIST:'0' -> CIFAR10 ❌ (Uncertain)
MNIST:'1' -> CIFAR10 ❌ (Uncertain)
MNIST:'2' -> CIFAR10 ❌ (Uncertain)
MNIST:'3' -> CIFAR10 ❌ (Uncertain)
MNIST:'4' -> CIFAR10 ❌ (Uncertain)
MNIST:'5' -> CIFAR10 ❌ (Uncertain)
MNIST:'6' -> CIFAR10 ❌ (Uncertain)
MNIST:'7' -> CIFAR10 ❌ (Uncertain)
MNIST:'8' -> CIFAR10 ❌ (Uncertain)
MNIST:'9' -> CIFAR10 ❌ (Uncertain)
EMNIST:'0' -> MNIST ❌ (Uncertain)
EMNIST:'1' -> MNIST | Predict: '8' (Ent: 1.12)
  ⚠️ [Mismatch] Cycle Back predicted '8' (Expected '1') (Ent: 1.42)
EMNIST:'2' -> MNIST | Predict: '8' (Ent: 1.14)
  ⚠️ [Mismatch] Cycle Back predicted '8' (Expected '2') (Ent: 1.42)
EMNIST:'4' -> MNIST | Predict: '8' (Ent: 1.10)
  ⚠️ [Mismatch] Cycle Back predicted '8' (Expected '4') (Ent: 1.42)
EMNIST:'5' -> MNIST | Predict: '8' (Ent: 1.12)
  ⚠️ [Mismatch] Cycle Back predicted '8' (Expected '5') (Ent: 1.42)
EMNIST:'6' -> MNIST | Predict: '8' (Ent: 1.05)
  ⚠️ [Mismatch] Cycle Back predicted '8' (Expected '6') (Ent: 1.42)
EMNIST:'7' -> MNIST ❌ (Uncertain)
EMNIST:'9' -> MNIST ❌ (Uncertain)
EMNIST:'A' -> MNIST ❌ (Uncertain)
EMNIST:'B' -> MNIST | Predict: '8' (Ent: 1.10)
  ⚠️ [Mismatch] Cycle Back predicted '8' (Expected 'B') (Ent: 1.42)
EMNIST:'C' -> MNIST ❌ (Uncertain)
EMNIST:'D' -> MNIST ❌ (Uncertain)
EMNIST:'E' -> MNIST ❌ (Uncertain)
EMNIST:'F' -> MNIST ❌ (Uncertain)
EMNIST:'G' -> MNIST ❌ (Uncertain)
EMNIST:'H' -> MNIST | Predict: '8' (Ent: 0.75)
  ⚠️ [Mismatch] Cycle Back predicted '8' (Expected 'H') (Ent: 1.42)
EMNIST:'I' -> MNIST ❌ (Uncertain)
EMNIST:'J' -> MNIST | Predict: '8' (Ent: 0.91)
  ⚠️ [Mismatch] Cycle Back predicted '8' (Expected 'J') (Ent: 1.42)
EMNIST:'K' -> MNIST ❌ (Uncertain)
EMNIST:'L' -> MNIST ❌ (Uncertain)
EMNIST:'M' -> MNIST | Predict: '8' (Ent: 0.77)
  ⚠️ [Mismatch] Cycle Back predicted '8' (Expected 'M') (Ent: 1.42)
EMNIST:'N' -> MNIST ❌ (Uncertain)
EMNIST:'O' -> MNIST ❌ (Uncertain)
EMNIST:'P' -> MNIST ❌ (Uncertain)
EMNIST:'Q' -> MNIST ❌ (Uncertain)
EMNIST:'R' -> MNIST ❌ (Uncertain)
EMNIST:'S' -> MNIST ❌ (Uncertain)
EMNIST:'T' -> MNIST ❌ (Uncertain)
EMNIST:'U' -> MNIST ❌ (Uncertain)
EMNIST:'V' -> MNIST ❌ (Uncertain)
EMNIST:'W' -> MNIST ❌ (Uncertain)
EMNIST:'X' -> MNIST ❌ (Uncertain)
EMNIST:'Y' -> MNIST ❌ (Uncertain)
EMNIST:'Z' -> MNIST ❌ (Uncertain)
EMNIST:'a' -> MNIST ❌ (Uncertain)
EMNIST:'b' -> MNIST | Predict: '8' (Ent: 1.10)
  ⚠️ [Mismatch] Cycle Back predicted '8' (Expected 'b') (Ent: 1.42)
EMNIST:'c' -> MNIST ❌ (Uncertain)
EMNIST:'d' -> MNIST ❌ (Uncertain)
EMNIST:'e' -> MNIST ❌ (Uncertain)
EMNIST:'f' -> MNIST ❌ (Uncertain)
EMNIST:'g' -> MNIST ❌ (Uncertain)
EMNIST:'h' -> MNIST | Predict: '8' (Ent: 0.75)
  ⚠️ [Mismatch] Cycle Back predicted '8' (Expected 'h') (Ent: 1.42)
EMNIST:'i' -> MNIST ❌ (Uncertain)
EMNIST:'j' -> MNIST | Predict: '8' (Ent: 0.91)
  ⚠️ [Mismatch] Cycle Back predicted '8' (Expected 'j') (Ent: 1.42)
EMNIST:'k' -> MNIST ❌ (Uncertain)
EMNIST:'l' -> MNIST ❌ (Uncertain)
EMNIST:'m' -> MNIST | Predict: '8' (Ent: 0.77)
  ⚠️ [Mismatch] Cycle Back predicted '8' (Expected 'm') (Ent: 1.42)
EMNIST:'n' -> MNIST ❌ (Uncertain)
EMNIST:'o' -> MNIST ❌ (Uncertain)
EMNIST:'p' -> MNIST ❌ (Uncertain)
EMNIST:'q' -> MNIST ❌ (Uncertain)
EMNIST:'r' -> MNIST ❌ (Uncertain)
EMNIST:'s' -> MNIST ❌ (Uncertain)
EMNIST:'t' -> MNIST ❌ (Uncertain)
EMNIST:'u' -> MNIST ❌ (Uncertain)
EMNIST:'v' -> MNIST ❌ (Uncertain)
EMNIST:'w' -> MNIST ❌ (Uncertain)
EMNIST:'x' -> MNIST ❌ (Uncertain)
EMNIST:'y' -> MNIST ❌ (Uncertain)
EMNIST:'z' -> MNIST ❌ (Uncertain)
EMNIST:'0' -> CIFAR10 ❌ (Uncertain)
EMNIST:'1' -> CIFAR10 ❌ (Uncertain)
EMNIST:'2' -> CIFAR10 ❌ (Uncertain)
EMNIST:'3' -> CIFAR10 ❌ (Uncertain)
EMNIST:'4' -> CIFAR10 ❌ (Uncertain)
EMNIST:'5' -> CIFAR10 ❌ (Uncertain)
EMNIST:'6' -> CIFAR10 ❌ (Uncertain)
EMNIST:'7' -> CIFAR10 ❌ (Uncertain)
EMNIST:'8' -> CIFAR10 ❌ (Uncertain)
EMNIST:'9' -> CIFAR10 ❌ (Uncertain)
EMNIST:'A' -> CIFAR10 ❌ (Uncertain)
EMNIST:'B' -> CIFAR10 ❌ (Uncertain)
EMNIST:'C' -> CIFAR10 ❌ (Uncertain)
EMNIST:'D' -> CIFAR10 ❌ (Uncertain)
EMNIST:'E' -> CIFAR10 ❌ (Uncertain)
EMNIST:'F' -> CIFAR10 ❌ (Uncertain)
EMNIST:'G' -> CIFAR10 ❌ (Uncertain)
EMNIST:'H' -> CIFAR10 ❌ (Uncertain)
EMNIST:'I' -> CIFAR10 ❌ (Uncertain)
EMNIST:'J' -> CIFAR10 ❌ (Uncertain)
EMNIST:'K' -> CIFAR10 ❌ (Uncertain)
EMNIST:'L' -> CIFAR10 ❌ (Uncertain)
EMNIST:'M' -> CIFAR10 ❌ (Uncertain)
EMNIST:'N' -> CIFAR10 ❌ (Uncertain)
EMNIST:'O' -> CIFAR10 ❌ (Uncertain)
EMNIST:'P' -> CIFAR10 ❌ (Uncertain)
EMNIST:'Q' -> CIFAR10 ❌ (Uncertain)
EMNIST:'R' -> CIFAR10 ❌ (Uncertain)
EMNIST:'S' -> CIFAR10 ❌ (Uncertain)
EMNIST:'T' -> CIFAR10 ❌ (Uncertain)
EMNIST:'U' -> CIFAR10 ❌ (Uncertain)
EMNIST:'V' -> CIFAR10 ❌ (Uncertain)
EMNIST:'W' -> CIFAR10 ❌ (Uncertain)
EMNIST:'X' -> CIFAR10 ❌ (Uncertain)
EMNIST:'Y' -> CIFAR10 ❌ (Uncertain)
EMNIST:'Z' -> CIFAR10 ❌ (Uncertain)
EMNIST:'a' -> CIFAR10 ❌ (Uncertain)
EMNIST:'b' -> CIFAR10 ❌ (Uncertain)
EMNIST:'c' -> CIFAR10 ❌ (Uncertain)
EMNIST:'d' -> CIFAR10 ❌ (Uncertain)
EMNIST:'e' -> CIFAR10 ❌ (Uncertain)
EMNIST:'f' -> CIFAR10 ❌ (Uncertain)
EMNIST:'g' -> CIFAR10 ❌ (Uncertain)
EMNIST:'h' -> CIFAR10 ❌ (Uncertain)
EMNIST:'i' -> CIFAR10 ❌ (Uncertain)
EMNIST:'j' -> CIFAR10 ❌ (Uncertain)
EMNIST:'k' -> CIFAR10 ❌ (Uncertain)
EMNIST:'l' -> CIFAR10 ❌ (Uncertain)
EMNIST:'m' -> CIFAR10 ❌ (Uncertain)
EMNIST:'n' -> CIFAR10 ❌ (Uncertain)
EMNIST:'o' -> CIFAR10 ❌ (Uncertain)
EMNIST:'p' -> CIFAR10 ❌ (Uncertain)
EMNIST:'q' -> CIFAR10 ❌ (Uncertain)
EMNIST:'r' -> CIFAR10 ❌ (Uncertain)
EMNIST:'s' -> CIFAR10 ❌ (Uncertain)
EMNIST:'t' -> CIFAR10 ❌ (Uncertain)
EMNIST:'u' -> CIFAR10 ❌ (Uncertain)
EMNIST:'v' -> CIFAR10 ❌ (Uncertain)
EMNIST:'w' -> CIFAR10 ❌ (Uncertain)
EMNIST:'x' -> CIFAR10 ❌ (Uncertain)
EMNIST:'y' -> CIFAR10 ❌ (Uncertain)
EMNIST:'z' -> CIFAR10 ❌ (Uncertain)
CIFAR10:'airplane' -> MNIST ❌ (Uncertain)
CIFAR10:'automobile' -> MNIST ❌ (Uncertain)
CIFAR10:'bird' -> MNIST ❌ (Uncertain)
CIFAR10:'cat' -> MNIST ❌ (Uncertain)
CIFAR10:'deer' -> MNIST ❌ (Uncertain)
CIFAR10:'dog' -> MNIST ❌ (Uncertain)
CIFAR10:'frog' -> MNIST ❌ (Uncertain)
CIFAR10:'horse' -> MNIST ❌ (Uncertain)
CIFAR10:'ship' -> MNIST ❌ (Uncertain)
CIFAR10:'truck' -> MNIST ❌ (Uncertain)
CIFAR10:'airplane' -> EMNIST ❌ (Uncertain)
CIFAR10:'automobile' -> EMNIST ❌ (Uncertain)
CIFAR10:'bird' -> EMNIST ❌ (Uncertain)
CIFAR10:'cat' -> EMNIST ❌ (Uncertain)
CIFAR10:'deer' -> EMNIST ❌ (Uncertain)
CIFAR10:'dog' -> EMNIST ❌ (Uncertain)
CIFAR10:'frog' -> EMNIST | Predict: '8' (Ent: 1.69)
CIFAR10:'horse' -> EMNIST ❌ (Uncertain)
CIFAR10:'ship' -> EMNIST ❌ (Uncertain)
CIFAR10:'truck' -> EMNIST ❌ (Uncertain)
Exp: Old Gen + Old Ent (0.55)
dynamic_entropy_ratio: 0.55
MNIST:'0' -> EMNIST ❌ (Uncertain)
MNIST:'1' -> EMNIST ❌ (Uncertain)
MNIST:'2' -> EMNIST ❌ (Uncertain)
MNIST:'3' -> EMNIST ❌ (Uncertain)
MNIST:'4' -> EMNIST | Predict: '8' (Ent: 2.07)
  ⚠️ [Mismatch] Cycle Back predicted '8' (Expected '4') (Ent: 1.07)
MNIST:'5' -> EMNIST | Predict: '3' (Ent: 1.69)
  ⚠️ [Mismatch] Cycle Back predicted '8' (Expected '5') (Ent: 1.14)
MNIST:'6' -> EMNIST | Predict: '8' (Ent: 2.14)
  ⚠️ [Mismatch] Cycle Back predicted '8' (Expected '6') (Ent: 1.07)
MNIST:'7' -> EMNIST | Predict: '8' (Ent: 2.09)
  ⚠️ [Mismatch] Cycle Back predicted '8' (Expected '7') (Ent: 1.07)
MNIST:'8' -> EMNIST | Predict: '8' (Ent: 1.42)
  ✅ [Match] MNIST:'8' <==> EMNIST:'8' (Ent: 1.07)
MNIST:'9' -> EMNIST ❌ (Uncertain)
MNIST:'0' -> CIFAR10 ❌ (Uncertain)
MNIST:'1' -> CIFAR10 ❌ (Uncertain)
MNIST:'2' -> CIFAR10 ❌ (Uncertain)
MNIST:'3' -> CIFAR10 ❌ (Uncertain)
MNIST:'4' -> CIFAR10 ❌ (Uncertain)
MNIST:'5' -> CIFAR10 ❌ (Uncertain)
MNIST:'6' -> CIFAR10 | Predict: 'ship' (Ent: 1.21)
MNIST:'7' -> CIFAR10 ❌ (Uncertain)
MNIST:'8' -> CIFAR10 ❌ (Uncertain)
MNIST:'9' -> CIFAR10 ❌ (Uncertain)
EMNIST:'0' -> MNIST ❌ (Uncertain)
EMNIST:'1' -> MNIST | Predict: '8' (Ent: 1.12)
  ⚠️ [Mismatch] Cycle Back predicted '8' (Expected '1') (Ent: 1.42)
EMNIST:'2' -> MNIST | Predict: '8' (Ent: 1.14)
  ⚠️ [Mismatch] Cycle Back predicted '8' (Expected '2') (Ent: 1.42)
EMNIST:'4' -> MNIST | Predict: '8' (Ent: 1.10)
  ⚠️ [Mismatch] Cycle Back predicted '8' (Expected '4') (Ent: 1.42)
EMNIST:'5' -> MNIST | Predict: '8' (Ent: 1.12)
  ⚠️ [Mismatch] Cycle Back predicted '8' (Expected '5') (Ent: 1.42)
EMNIST:'6' -> MNIST | Predict: '8' (Ent: 1.05)
  ⚠️ [Mismatch] Cycle Back predicted '8' (Expected '6') (Ent: 1.42)
EMNIST:'7' -> MNIST ❌ (Uncertain)
EMNIST:'9' -> MNIST ❌ (Uncertain)
EMNIST:'A' -> MNIST ❌ (Uncertain)
EMNIST:'B' -> MNIST | Predict: '8' (Ent: 1.10)
  ⚠️ [Mismatch] Cycle Back predicted '8' (Expected 'B') (Ent: 1.42)
EMNIST:'C' -> MNIST ❌ (Uncertain)
EMNIST:'D' -> MNIST ❌ (Uncertain)
EMNIST:'E' -> MNIST ❌ (Uncertain)
EMNIST:'F' -> MNIST ❌ (Uncertain)
EMNIST:'G' -> MNIST | Predict: '8' (Ent: 1.25)
  ⚠️ [Mismatch] Cycle Back predicted '8' (Expected 'G') (Ent: 1.42)
EMNIST:'H' -> MNIST | Predict: '8' (Ent: 0.75)
  ⚠️ [Mismatch] Cycle Back predicted '8' (Expected 'H') (Ent: 1.42)
EMNIST:'I' -> MNIST ❌ (Uncertain)
EMNIST:'J' -> MNIST | Predict: '8' (Ent: 0.91)
  ⚠️ [Mismatch] Cycle Back predicted '8' (Expected 'J') (Ent: 1.42)
EMNIST:'K' -> MNIST ❌ (Uncertain)
EMNIST:'L' -> MNIST ❌ (Uncertain)
EMNIST:'M' -> MNIST | Predict: '8' (Ent: 0.77)
  ⚠️ [Mismatch] Cycle Back predicted '8' (Expected 'M') (Ent: 1.42)
EMNIST:'N' -> MNIST | Predict: '8' (Ent: 1.18)
  ⚠️ [Mismatch] Cycle Back predicted '8' (Expected 'N') (Ent: 1.42)
EMNIST:'O' -> MNIST ❌ (Uncertain)
EMNIST:'P' -> MNIST ❌ (Uncertain)
EMNIST:'Q' -> MNIST ❌ (Uncertain)
EMNIST:'R' -> MNIST ❌ (Uncertain)
EMNIST:'S' -> MNIST ❌ (Uncertain)
EMNIST:'T' -> MNIST | Predict: '8' (Ent: 1.21)
  ⚠️ [Mismatch] Cycle Back predicted '8' (Expected 'T') (Ent: 1.42)
EMNIST:'U' -> MNIST ❌ (Uncertain)
EMNIST:'V' -> MNIST | Predict: '8' (Ent: 1.16)
  ⚠️ [Mismatch] Cycle Back predicted '8' (Expected 'V') (Ent: 1.42)
EMNIST:'W' -> MNIST ❌ (Uncertain)
EMNIST:'X' -> MNIST | Predict: '8' (Ent: 1.15)
  ⚠️ [Mismatch] Cycle Back predicted '8' (Expected 'X') (Ent: 1.42)
EMNIST:'Y' -> MNIST ❌ (Uncertain)
EMNIST:'Z' -> MNIST ❌ (Uncertain)
EMNIST:'a' -> MNIST ❌ (Uncertain)
EMNIST:'b' -> MNIST | Predict: '8' (Ent: 1.10)
  ⚠️ [Mismatch] Cycle Back predicted '8' (Expected 'b') (Ent: 1.42)
EMNIST:'c' -> MNIST ❌ (Uncertain)
EMNIST:'d' -> MNIST ❌ (Uncertain)
EMNIST:'e' -> MNIST ❌ (Uncertain)
EMNIST:'f' -> MNIST ❌ (Uncertain)
EMNIST:'g' -> MNIST | Predict: '8' (Ent: 1.25)
  ⚠️ [Mismatch] Cycle Back predicted '8' (Expected 'g') (Ent: 1.42)
EMNIST:'h' -> MNIST | Predict: '8' (Ent: 0.75)
  ⚠️ [Mismatch] Cycle Back predicted '8' (Expected 'h') (Ent: 1.42)
EMNIST:'i' -> MNIST ❌ (Uncertain)
EMNIST:'j' -> MNIST | Predict: '8' (Ent: 0.91)
  ⚠️ [Mismatch] Cycle Back predicted '8' (Expected 'j') (Ent: 1.42)
EMNIST:'k' -> MNIST ❌ (Uncertain)
EMNIST:'l' -> MNIST ❌ (Uncertain)
EMNIST:'m' -> MNIST | Predict: '8' (Ent: 0.77)
  ⚠️ [Mismatch] Cycle Back predicted '8' (Expected 'm') (Ent: 1.42)
EMNIST:'n' -> MNIST | Predict: '8' (Ent: 1.18)
  ⚠️ [Mismatch] Cycle Back predicted '8' (Expected 'n') (Ent: 1.42)
EMNIST:'o' -> MNIST ❌ (Uncertain)
EMNIST:'p' -> MNIST ❌ (Uncertain)
EMNIST:'q' -> MNIST ❌ (Uncertain)
EMNIST:'r' -> MNIST ❌ (Uncertain)
EMNIST:'s' -> MNIST ❌ (Uncertain)
EMNIST:'t' -> MNIST | Predict: '8' (Ent: 1.21)
  ⚠️ [Mismatch] Cycle Back predicted '8' (Expected 't') (Ent: 1.42)
EMNIST:'u' -> MNIST ❌ (Uncertain)
EMNIST:'v' -> MNIST | Predict: '8' (Ent: 1.16)
  ⚠️ [Mismatch] Cycle Back predicted '8' (Expected 'v') (Ent: 1.42)
EMNIST:'w' -> MNIST ❌ (Uncertain)
EMNIST:'x' -> MNIST | Predict: '8' (Ent: 1.15)
  ⚠️ [Mismatch] Cycle Back predicted '8' (Expected 'x') (Ent: 1.42)
EMNIST:'y' -> MNIST ❌ (Uncertain)
EMNIST:'z' -> MNIST ❌ (Uncertain)
EMNIST:'0' -> CIFAR10 ❌ (Uncertain)
EMNIST:'1' -> CIFAR10 ❌ (Uncertain)
EMNIST:'2' -> CIFAR10 | Predict: 'airplane' (Ent: 1.17)
EMNIST:'3' -> CIFAR10 ❌ (Uncertain)
EMNIST:'4' -> CIFAR10 ❌ (Uncertain)
EMNIST:'5' -> CIFAR10 ❌ (Uncertain)
EMNIST:'6' -> CIFAR10 ❌ (Uncertain)
EMNIST:'7' -> CIFAR10 ❌ (Uncertain)
EMNIST:'8' -> CIFAR10 ❌ (Uncertain)
EMNIST:'9' -> CIFAR10 ❌ (Uncertain)
EMNIST:'A' -> CIFAR10 ❌ (Uncertain)
EMNIST:'B' -> CIFAR10 ❌ (Uncertain)
EMNIST:'C' -> CIFAR10 ❌ (Uncertain)
EMNIST:'D' -> CIFAR10 ❌ (Uncertain)
EMNIST:'E' -> CIFAR10 ❌ (Uncertain)
EMNIST:'F' -> CIFAR10 ❌ (Uncertain)
EMNIST:'G' -> CIFAR10 ❌ (Uncertain)
EMNIST:'H' -> CIFAR10 ❌ (Uncertain)
EMNIST:'I' -> CIFAR10 ❌ (Uncertain)
EMNIST:'J' -> CIFAR10 ❌ (Uncertain)
EMNIST:'K' -> CIFAR10 ❌ (Uncertain)
EMNIST:'L' -> CIFAR10 ❌ (Uncertain)
EMNIST:'M' -> CIFAR10 ❌ (Uncertain)
EMNIST:'N' -> CIFAR10 ❌ (Uncertain)
EMNIST:'O' -> CIFAR10 ❌ (Uncertain)
EMNIST:'P' -> CIFAR10 ❌ (Uncertain)
EMNIST:'Q' -> CIFAR10 ❌ (Uncertain)
EMNIST:'R' -> CIFAR10 ❌ (Uncertain)
EMNIST:'S' -> CIFAR10 ❌ (Uncertain)
EMNIST:'T' -> CIFAR10 ❌ (Uncertain)
EMNIST:'U' -> CIFAR10 ❌ (Uncertain)
EMNIST:'V' -> CIFAR10 ❌ (Uncertain)
EMNIST:'W' -> CIFAR10 ❌ (Uncertain)
EMNIST:'X' -> CIFAR10 ❌ (Uncertain)
EMNIST:'Y' -> CIFAR10 ❌ (Uncertain)
EMNIST:'Z' -> CIFAR10 ❌ (Uncertain)
EMNIST:'a' -> CIFAR10 ❌ (Uncertain)
EMNIST:'b' -> CIFAR10 ❌ (Uncertain)
EMNIST:'c' -> CIFAR10 ❌ (Uncertain)
EMNIST:'d' -> CIFAR10 ❌ (Uncertain)
EMNIST:'e' -> CIFAR10 ❌ (Uncertain)
EMNIST:'f' -> CIFAR10 ❌ (Uncertain)
EMNIST:'g' -> CIFAR10 ❌ (Uncertain)
EMNIST:'h' -> CIFAR10 ❌ (Uncertain)
EMNIST:'i' -> CIFAR10 ❌ (Uncertain)
EMNIST:'j' -> CIFAR10 ❌ (Uncertain)
EMNIST:'k' -> CIFAR10 ❌ (Uncertain)
EMNIST:'l' -> CIFAR10 ❌ (Uncertain)
EMNIST:'m' -> CIFAR10 ❌ (Uncertain)
EMNIST:'n' -> CIFAR10 ❌ (Uncertain)
EMNIST:'o' -> CIFAR10 ❌ (Uncertain)
EMNIST:'p' -> CIFAR10 ❌ (Uncertain)
EMNIST:'q' -> CIFAR10 ❌ (Uncertain)
EMNIST:'r' -> CIFAR10 ❌ (Uncertain)
EMNIST:'s' -> CIFAR10 ❌ (Uncertain)
EMNIST:'t' -> CIFAR10 ❌ (Uncertain)
EMNIST:'u' -> CIFAR10 ❌ (Uncertain)
EMNIST:'v' -> CIFAR10 ❌ (Uncertain)
EMNIST:'w' -> CIFAR10 ❌ (Uncertain)
EMNIST:'x' -> CIFAR10 ❌ (Uncertain)
EMNIST:'y' -> CIFAR10 ❌ (Uncertain)
EMNIST:'z' -> CIFAR10 ❌ (Uncertain)
CIFAR10:'airplane' -> MNIST ❌ (Uncertain)
CIFAR10:'automobile' -> MNIST ❌ (Uncertain)
CIFAR10:'bird' -> MNIST ❌ (Uncertain)
CIFAR10:'cat' -> MNIST ❌ (Uncertain)
CIFAR10:'deer' -> MNIST ❌ (Uncertain)
CIFAR10:'dog' -> MNIST | Predict: '8' (Ent: 1.23)
CIFAR10:'frog' -> MNIST ❌ (Uncertain)
CIFAR10:'horse' -> MNIST ❌ (Uncertain)
CIFAR10:'truck' -> MNIST ❌ (Uncertain)
CIFAR10:'automobile' -> EMNIST ❌ (Uncertain)
CIFAR10:'bird' -> EMNIST ❌ (Uncertain)
CIFAR10:'cat' -> EMNIST ❌ (Uncertain)
CIFAR10:'deer' -> EMNIST ❌ (Uncertain)
CIFAR10:'dog' -> EMNIST | Predict: '0' (Ent: 2.16)
CIFAR10:'frog' -> EMNIST | Predict: '8' (Ent: 1.69)
CIFAR10:'horse' -> EMNIST | Predict: '0' (Ent: 2.25)
CIFAR10:'ship' -> EMNIST ❌ (Uncertain)
CIFAR10:'truck' -> EMNIST ❌ (Uncertain)
Exp: Old Gen + Old Ent (0.6)
dynamic_entropy_ratio: 0.6
MNIST:'0' -> EMNIST | Predict: '0' (Ent: 2.30)
MNIST:'1' -> EMNIST ❌ (Uncertain)
MNIST:'2' -> EMNIST ❌ (Uncertain)
MNIST:'3' -> EMNIST ❌ (Uncertain)
MNIST:'4' -> EMNIST | Predict: '8' (Ent: 2.07)
  ⚠️ [Mismatch] Cycle Back predicted '8' (Expected '4') (Ent: 1.07)
MNIST:'5' -> EMNIST | Predict: '3' (Ent: 1.69)
  ⚠️ [Mismatch] Cycle Back predicted '8' (Expected '5') (Ent: 1.14)
MNIST:'6' -> EMNIST | Predict: '8' (Ent: 2.14)
  ⚠️ [Mismatch] Cycle Back predicted '8' (Expected '6') (Ent: 1.07)
MNIST:'7' -> EMNIST | Predict: '8' (Ent: 2.09)
  ⚠️ [Mismatch] Cycle Back predicted '8' (Expected '7') (Ent: 1.07)
MNIST:'8' -> EMNIST | Predict: '8' (Ent: 1.42)
  ✅ [Match] MNIST:'8' <==> EMNIST:'8' (Ent: 1.07)
MNIST:'9' -> EMNIST | Predict: '8' (Ent: 2.30)
  ⚠️ [Mismatch] Cycle Back predicted '8' (Expected '9') (Ent: 1.07)
MNIST:'0' -> CIFAR10 ❌ (Uncertain)
MNIST:'1' -> CIFAR10 ❌ (Uncertain)
MNIST:'2' -> CIFAR10 ❌ (Uncertain)
MNIST:'3' -> CIFAR10 ❌ (Uncertain)
MNIST:'4' -> CIFAR10 ❌ (Uncertain)
MNIST:'5' -> CIFAR10 | Predict: 'ship' (Ent: 1.34)
  ⚠️ [Mismatch] Cycle Back predicted '8' (Expected '5') (Ent: 1.29)
MNIST:'6' -> CIFAR10 | Predict: 'ship' (Ent: 1.21)
  ⚠️ [Mismatch] Cycle Back predicted '8' (Expected '6') (Ent: 1.29)
MNIST:'7' -> CIFAR10 ❌ (Uncertain)
MNIST:'8' -> CIFAR10 ❌ (Uncertain)
MNIST:'9' -> CIFAR10 ❌ (Uncertain)
EMNIST:'1' -> MNIST | Predict: '8' (Ent: 1.12)
  ⚠️ [Mismatch] Cycle Back predicted '8' (Expected '1') (Ent: 1.42)
EMNIST:'2' -> MNIST | Predict: '8' (Ent: 1.14)
  ⚠️ [Mismatch] Cycle Back predicted '8' (Expected '2') (Ent: 1.42)
EMNIST:'4' -> MNIST | Predict: '8' (Ent: 1.10)
  ⚠️ [Mismatch] Cycle Back predicted '8' (Expected '4') (Ent: 1.42)
EMNIST:'5' -> MNIST | Predict: '8' (Ent: 1.12)
  ⚠️ [Mismatch] Cycle Back predicted '8' (Expected '5') (Ent: 1.42)
EMNIST:'6' -> MNIST | Predict: '8' (Ent: 1.05)
  ⚠️ [Mismatch] Cycle Back predicted '8' (Expected '6') (Ent: 1.42)
EMNIST:'7' -> MNIST ❌ (Uncertain)
EMNIST:'9' -> MNIST ❌ (Uncertain)
EMNIST:'A' -> MNIST ❌ (Uncertain)
EMNIST:'B' -> MNIST | Predict: '8' (Ent: 1.10)
  ⚠️ [Mismatch] Cycle Back predicted '8' (Expected 'B') (Ent: 1.42)
EMNIST:'C' -> MNIST ❌ (Uncertain)
EMNIST:'D' -> MNIST | Predict: '8' (Ent: 1.36)
  ⚠️ [Mismatch] Cycle Back predicted '8' (Expected 'D') (Ent: 1.42)
EMNIST:'E' -> MNIST ❌ (Uncertain)
EMNIST:'F' -> MNIST ❌ (Uncertain)
EMNIST:'G' -> MNIST | Predict: '8' (Ent: 1.25)
  ⚠️ [Mismatch] Cycle Back predicted '8' (Expected 'G') (Ent: 1.42)
EMNIST:'H' -> MNIST | Predict: '8' (Ent: 0.75)
  ⚠️ [Mismatch] Cycle Back predicted '8' (Expected 'H') (Ent: 1.42)
EMNIST:'I' -> MNIST ❌ (Uncertain)
EMNIST:'J' -> MNIST | Predict: '8' (Ent: 0.91)
  ⚠️ [Mismatch] Cycle Back predicted '8' (Expected 'J') (Ent: 1.42)
EMNIST:'K' -> MNIST ❌ (Uncertain)
EMNIST:'L' -> MNIST ❌ (Uncertain)
EMNIST:'M' -> MNIST | Predict: '8' (Ent: 0.77)
  ⚠️ [Mismatch] Cycle Back predicted '8' (Expected 'M') (Ent: 1.42)
EMNIST:'N' -> MNIST | Predict: '8' (Ent: 1.18)
  ⚠️ [Mismatch] Cycle Back predicted '8' (Expected 'N') (Ent: 1.42)
EMNIST:'O' -> MNIST ❌ (Uncertain)
EMNIST:'P' -> MNIST ❌ (Uncertain)
EMNIST:'Q' -> MNIST | Predict: '8' (Ent: 1.29)
  ⚠️ [Mismatch] Cycle Back predicted '8' (Expected 'Q') (Ent: 1.42)
EMNIST:'R' -> MNIST ❌ (Uncertain)
EMNIST:'S' -> MNIST ❌ (Uncertain)
EMNIST:'T' -> MNIST | Predict: '8' (Ent: 1.21)
  ⚠️ [Mismatch] Cycle Back predicted '8' (Expected 'T') (Ent: 1.42)
EMNIST:'U' -> MNIST ❌ (Uncertain)
EMNIST:'V' -> MNIST | Predict: '8' (Ent: 1.16)
  ⚠️ [Mismatch] Cycle Back predicted '8' (Expected 'V') (Ent: 1.42)
EMNIST:'W' -> MNIST ❌ (Uncertain)
EMNIST:'X' -> MNIST | Predict: '8' (Ent: 1.15)
  ⚠️ [Mismatch] Cycle Back predicted '8' (Expected 'X') (Ent: 1.42)
EMNIST:'Y' -> MNIST ❌ (Uncertain)
EMNIST:'Z' -> MNIST | Predict: '8' (Ent: 1.28)
  ⚠️ [Mismatch] Cycle Back predicted '8' (Expected 'Z') (Ent: 1.42)
EMNIST:'a' -> MNIST ❌ (Uncertain)
EMNIST:'b' -> MNIST | Predict: '8' (Ent: 1.10)
  ⚠️ [Mismatch] Cycle Back predicted '8' (Expected 'b') (Ent: 1.42)
EMNIST:'c' -> MNIST ❌ (Uncertain)
EMNIST:'d' -> MNIST | Predict: '8' (Ent: 1.36)
  ⚠️ [Mismatch] Cycle Back predicted '8' (Expected 'd') (Ent: 1.42)
EMNIST:'e' -> MNIST ❌ (Uncertain)
EMNIST:'f' -> MNIST ❌ (Uncertain)
EMNIST:'g' -> MNIST | Predict: '8' (Ent: 1.25)
  ⚠️ [Mismatch] Cycle Back predicted '8' (Expected 'g') (Ent: 1.42)
EMNIST:'h' -> MNIST | Predict: '8' (Ent: 0.75)
  ⚠️ [Mismatch] Cycle Back predicted '8' (Expected 'h') (Ent: 1.42)
EMNIST:'i' -> MNIST ❌ (Uncertain)
EMNIST:'j' -> MNIST | Predict: '8' (Ent: 0.91)
  ⚠️ [Mismatch] Cycle Back predicted '8' (Expected 'j') (Ent: 1.42)
EMNIST:'k' -> MNIST ❌ (Uncertain)
EMNIST:'l' -> MNIST ❌ (Uncertain)
EMNIST:'m' -> MNIST | Predict: '8' (Ent: 0.77)
  ⚠️ [Mismatch] Cycle Back predicted '8' (Expected 'm') (Ent: 1.42)
EMNIST:'n' -> MNIST | Predict: '8' (Ent: 1.18)
  ⚠️ [Mismatch] Cycle Back predicted '8' (Expected 'n') (Ent: 1.42)
EMNIST:'o' -> MNIST ❌ (Uncertain)
EMNIST:'p' -> MNIST ❌ (Uncertain)
EMNIST:'q' -> MNIST | Predict: '8' (Ent: 1.29)
  ⚠️ [Mismatch] Cycle Back predicted '8' (Expected 'q') (Ent: 1.42)
EMNIST:'r' -> MNIST ❌ (Uncertain)
EMNIST:'s' -> MNIST ❌ (Uncertain)
EMNIST:'t' -> MNIST | Predict: '8' (Ent: 1.21)
  ⚠️ [Mismatch] Cycle Back predicted '8' (Expected 't') (Ent: 1.42)
EMNIST:'u' -> MNIST ❌ (Uncertain)
EMNIST:'v' -> MNIST | Predict: '8' (Ent: 1.16)
  ⚠️ [Mismatch] Cycle Back predicted '8' (Expected 'v') (Ent: 1.42)
EMNIST:'w' -> MNIST ❌ (Uncertain)
EMNIST:'x' -> MNIST | Predict: '8' (Ent: 1.15)
  ⚠️ [Mismatch] Cycle Back predicted '8' (Expected 'x') (Ent: 1.42)
EMNIST:'y' -> MNIST ❌ (Uncertain)
EMNIST:'z' -> MNIST | Predict: '8' (Ent: 1.28)
  ⚠️ [Mismatch] Cycle Back predicted '8' (Expected 'z') (Ent: 1.42)
EMNIST:'0' -> CIFAR10 ❌ (Uncertain)
EMNIST:'1' -> CIFAR10 ❌ (Uncertain)
EMNIST:'2' -> CIFAR10 | Predict: 'airplane' (Ent: 1.17)
EMNIST:'3' -> CIFAR10 ❌ (Uncertain)
EMNIST:'4' -> CIFAR10 ❌ (Uncertain)
EMNIST:'5' -> CIFAR10 ❌ (Uncertain)
EMNIST:'6' -> CIFAR10 ❌ (Uncertain)
EMNIST:'7' -> CIFAR10 ❌ (Uncertain)
EMNIST:'8' -> CIFAR10 ❌ (Uncertain)
EMNIST:'9' -> CIFAR10 ❌ (Uncertain)
EMNIST:'A' -> CIFAR10 ❌ (Uncertain)
EMNIST:'B' -> CIFAR10 ❌ (Uncertain)
EMNIST:'C' -> CIFAR10 | Predict: 'dog' (Ent: 1.32)
  ⚠️ [Mismatch] Cycle Back predicted '0' (Expected 'C') (Ent: 2.16)
EMNIST:'D' -> CIFAR10 ❌ (Uncertain)
EMNIST:'E' -> CIFAR10 ❌ (Uncertain)
EMNIST:'F' -> CIFAR10 ❌ (Uncertain)
EMNIST:'G' -> CIFAR10 ❌ (Uncertain)
EMNIST:'H' -> CIFAR10 | Predict: 'ship' (Ent: 1.31)
EMNIST:'I' -> CIFAR10 ❌ (Uncertain)
EMNIST:'J' -> CIFAR10 ❌ (Uncertain)
EMNIST:'K' -> CIFAR10 | Predict: 'airplane' (Ent: 1.29)
EMNIST:'L' -> CIFAR10 ❌ (Uncertain)
EMNIST:'M' -> CIFAR10 ❌ (Uncertain)
EMNIST:'N' -> CIFAR10 ❌ (Uncertain)
EMNIST:'O' -> CIFAR10 ❌ (Uncertain)
EMNIST:'P' -> CIFAR10 ❌ (Uncertain)
EMNIST:'Q' -> CIFAR10 ❌ (Uncertain)
EMNIST:'R' -> CIFAR10 ❌ (Uncertain)
EMNIST:'S' -> CIFAR10 | Predict: 'ship' (Ent: 1.37)
EMNIST:'T' -> CIFAR10 ❌ (Uncertain)
EMNIST:'U' -> CIFAR10 ❌ (Uncertain)
EMNIST:'V' -> CIFAR10 ❌ (Uncertain)
EMNIST:'W' -> CIFAR10 ❌ (Uncertain)
EMNIST:'X' -> CIFAR10 ❌ (Uncertain)
EMNIST:'Y' -> CIFAR10 ❌ (Uncertain)
EMNIST:'Z' -> CIFAR10 ❌ (Uncertain)
EMNIST:'a' -> CIFAR10 ❌ (Uncertain)
EMNIST:'b' -> CIFAR10 ❌ (Uncertain)
EMNIST:'c' -> CIFAR10 | Predict: 'dog' (Ent: 1.32)
  ⚠️ [Mismatch] Cycle Back predicted '0' (Expected 'c') (Ent: 2.16)
EMNIST:'d' -> CIFAR10 ❌ (Uncertain)
EMNIST:'e' -> CIFAR10 ❌ (Uncertain)
EMNIST:'f' -> CIFAR10 ❌ (Uncertain)
EMNIST:'g' -> CIFAR10 ❌ (Uncertain)
EMNIST:'h' -> CIFAR10 | Predict: 'ship' (Ent: 1.31)
EMNIST:'i' -> CIFAR10 ❌ (Uncertain)
EMNIST:'j' -> CIFAR10 ❌ (Uncertain)
EMNIST:'k' -> CIFAR10 | Predict: 'airplane' (Ent: 1.29)
EMNIST:'l' -> CIFAR10 ❌ (Uncertain)
EMNIST:'m' -> CIFAR10 ❌ (Uncertain)
EMNIST:'n' -> CIFAR10 ❌ (Uncertain)
EMNIST:'o' -> CIFAR10 ❌ (Uncertain)
EMNIST:'p' -> CIFAR10 ❌ (Uncertain)
EMNIST:'q' -> CIFAR10 ❌ (Uncertain)
EMNIST:'r' -> CIFAR10 ❌ (Uncertain)
EMNIST:'s' -> CIFAR10 | Predict: 'ship' (Ent: 1.37)
EMNIST:'t' -> CIFAR10 ❌ (Uncertain)
EMNIST:'u' -> CIFAR10 ❌ (Uncertain)
EMNIST:'v' -> CIFAR10 ❌ (Uncertain)
EMNIST:'w' -> CIFAR10 ❌ (Uncertain)
EMNIST:'x' -> CIFAR10 ❌ (Uncertain)
EMNIST:'y' -> CIFAR10 ❌ (Uncertain)
EMNIST:'z' -> CIFAR10 ❌ (Uncertain)
CIFAR10:'airplane' -> MNIST | Predict: '8' (Ent: 1.34)
CIFAR10:'automobile' -> MNIST ❌ (Uncertain)
CIFAR10:'bird' -> MNIST | Predict: '8' (Ent: 1.30)
CIFAR10:'cat' -> MNIST ❌ (Uncertain)
CIFAR10:'deer' -> MNIST | Predict: '8' (Ent: 1.36)
CIFAR10:'dog' -> MNIST | Predict: '8' (Ent: 1.23)
CIFAR10:'frog' -> MNIST | Predict: '8' (Ent: 1.35)
CIFAR10:'horse' -> MNIST ❌ (Uncertain)
CIFAR10:'truck' -> MNIST ❌ (Uncertain)
CIFAR10:'automobile' -> EMNIST ❌ (Uncertain)
CIFAR10:'bird' -> EMNIST ❌ (Uncertain)
CIFAR10:'cat' -> EMNIST ❌ (Uncertain)
CIFAR10:'deer' -> EMNIST | Predict: '8' (Ent: 2.41)
CIFAR10:'frog' -> EMNIST | Predict: '8' (Ent: 1.69)
CIFAR10:'horse' -> EMNIST | Predict: '0' (Ent: 2.25)
CIFAR10:'truck' -> EMNIST ❌ (Uncertain)
Exp: Old Gen + Old Ent (0.65)
dynamic_entropy_ratio: 0.65
MNIST:'0' -> EMNIST | Predict: '0' (Ent: 2.30)
MNIST:'1' -> EMNIST | Predict: 'W' (Ent: 2.50)
  ⚠️ [Mismatch] Cycle Back predicted '8' (Expected '1') (Ent: 1.47)
MNIST:'2' -> EMNIST ❌ (Uncertain)
MNIST:'3' -> EMNIST | Predict: 'G' (Ent: 2.50)
  ⚠️ [Mismatch] Cycle Back predicted '8' (Expected '3') (Ent: 1.25)
MNIST:'4' -> EMNIST | Predict: '8' (Ent: 2.07)
  ⚠️ [Mismatch] Cycle Back predicted '8' (Expected '4') (Ent: 1.07)
MNIST:'5' -> EMNIST | Predict: '3' (Ent: 1.69)
  ⚠️ [Mismatch] Cycle Back predicted '8' (Expected '5') (Ent: 1.14)
MNIST:'6' -> EMNIST | Predict: '8' (Ent: 2.14)
  ⚠️ [Mismatch] Cycle Back predicted '8' (Expected '6') (Ent: 1.07)
MNIST:'7' -> EMNIST | Predict: '8' (Ent: 2.09)
  ⚠️ [Mismatch] Cycle Back predicted '8' (Expected '7') (Ent: 1.07)
MNIST:'8' -> EMNIST | Predict: '8' (Ent: 1.42)
  ✅ [Match] MNIST:'8' <==> EMNIST:'8' (Ent: 1.07)
MNIST:'9' -> EMNIST | Predict: '8' (Ent: 2.30)
  ⚠️ [Mismatch] Cycle Back predicted '8' (Expected '9') (Ent: 1.07)
MNIST:'0' -> CIFAR10 | Predict: 'dog' (Ent: 1.40)
  ⚠️ [Mismatch] Cycle Back predicted '8' (Expected '0') (Ent: 1.23)
MNIST:'1' -> CIFAR10 ❌ (Uncertain)
MNIST:'2' -> CIFAR10 ❌ (Uncertain)
MNIST:'3' -> CIFAR10 ❌ (Uncertain)
MNIST:'4' -> CIFAR10 ❌ (Uncertain)
MNIST:'5' -> CIFAR10 | Predict: 'ship' (Ent: 1.34)
  ⚠️ [Mismatch] Cycle Back predicted '8' (Expected '5') (Ent: 1.29)
MNIST:'6' -> CIFAR10 | Predict: 'ship' (Ent: 1.21)
  ⚠️ [Mismatch] Cycle Back predicted '8' (Expected '6') (Ent: 1.29)
MNIST:'7' -> CIFAR10 | Predict: 'ship' (Ent: 1.45)
  ⚠️ [Mismatch] Cycle Back predicted '8' (Expected '7') (Ent: 1.29)
MNIST:'8' -> CIFAR10 ❌ (Uncertain)
MNIST:'9' -> CIFAR10 ❌ (Uncertain)
EMNIST:'1' -> MNIST | Predict: '8' (Ent: 1.12)
  ⚠️ [Mismatch] Cycle Back predicted '8' (Expected '1') (Ent: 1.42)
EMNIST:'2' -> MNIST | Predict: '8' (Ent: 1.14)
  ⚠️ [Mismatch] Cycle Back predicted '8' (Expected '2') (Ent: 1.42)
EMNIST:'4' -> MNIST | Predict: '8' (Ent: 1.10)
  ⚠️ [Mismatch] Cycle Back predicted '8' (Expected '4') (Ent: 1.42)
EMNIST:'5' -> MNIST | Predict: '8' (Ent: 1.12)
  ⚠️ [Mismatch] Cycle Back predicted '8' (Expected '5') (Ent: 1.42)
EMNIST:'6' -> MNIST | Predict: '8' (Ent: 1.05)
  ⚠️ [Mismatch] Cycle Back predicted '8' (Expected '6') (Ent: 1.42)
EMNIST:'7' -> MNIST | Predict: '8' (Ent: 1.39)
  ⚠️ [Mismatch] Cycle Back predicted '8' (Expected '7') (Ent: 1.42)
EMNIST:'9' -> MNIST ❌ (Uncertain)
EMNIST:'A' -> MNIST ❌ (Uncertain)
EMNIST:'B' -> MNIST | Predict: '8' (Ent: 1.10)
  ⚠️ [Mismatch] Cycle Back predicted '8' (Expected 'B') (Ent: 1.42)
EMNIST:'C' -> MNIST ❌ (Uncertain)
EMNIST:'D' -> MNIST | Predict: '8' (Ent: 1.36)
  ⚠️ [Mismatch] Cycle Back predicted '8' (Expected 'D') (Ent: 1.42)
EMNIST:'E' -> MNIST ❌ (Uncertain)
EMNIST:'F' -> MNIST ❌ (Uncertain)
EMNIST:'H' -> MNIST | Predict: '8' (Ent: 0.75)
  ⚠️ [Mismatch] Cycle Back predicted '8' (Expected 'H') (Ent: 1.42)
EMNIST:'I' -> MNIST ❌ (Uncertain)
EMNIST:'J' -> MNIST | Predict: '8' (Ent: 0.91)
  ⚠️ [Mismatch] Cycle Back predicted '8' (Expected 'J') (Ent: 1.42)
EMNIST:'K' -> MNIST | Predict: '8' (Ent: 1.42)
  ⚠️ [Mismatch] Cycle Back predicted '8' (Expected 'K') (Ent: 1.42)
EMNIST:'L' -> MNIST ❌ (Uncertain)
EMNIST:'M' -> MNIST | Predict: '8' (Ent: 0.77)
  ⚠️ [Mismatch] Cycle Back predicted '8' (Expected 'M') (Ent: 1.42)
EMNIST:'N' -> MNIST | Predict: '8' (Ent: 1.18)
  ⚠️ [Mismatch] Cycle Back predicted '8' (Expected 'N') (Ent: 1.42)
EMNIST:'O' -> MNIST ❌ (Uncertain)
EMNIST:'P' -> MNIST | Predict: '8' (Ent: 1.38)
  ⚠️ [Mismatch] Cycle Back predicted '8' (Expected 'P') (Ent: 1.42)
EMNIST:'Q' -> MNIST | Predict: '8' (Ent: 1.29)
  ⚠️ [Mismatch] Cycle Back predicted '8' (Expected 'Q') (Ent: 1.42)
EMNIST:'R' -> MNIST | Predict: '8' (Ent: 1.40)
  ⚠️ [Mismatch] Cycle Back predicted '8' (Expected 'R') (Ent: 1.42)
EMNIST:'S' -> MNIST ❌ (Uncertain)
EMNIST:'T' -> MNIST | Predict: '8' (Ent: 1.21)
  ⚠️ [Mismatch] Cycle Back predicted '8' (Expected 'T') (Ent: 1.42)
EMNIST:'U' -> MNIST ❌ (Uncertain)
EMNIST:'V' -> MNIST | Predict: '8' (Ent: 1.16)
  ⚠️ [Mismatch] Cycle Back predicted '8' (Expected 'V') (Ent: 1.42)
EMNIST:'X' -> MNIST | Predict: '8' (Ent: 1.15)
  ⚠️ [Mismatch] Cycle Back predicted '8' (Expected 'X') (Ent: 1.42)
EMNIST:'Y' -> MNIST ❌ (Uncertain)
EMNIST:'Z' -> MNIST | Predict: '8' (Ent: 1.28)
  ⚠️ [Mismatch] Cycle Back predicted '8' (Expected 'Z') (Ent: 1.42)
EMNIST:'a' -> MNIST ❌ (Uncertain)
EMNIST:'b' -> MNIST | Predict: '8' (Ent: 1.10)
  ⚠️ [Mismatch] Cycle Back predicted '8' (Expected 'b') (Ent: 1.42)
EMNIST:'c' -> MNIST ❌ (Uncertain)
EMNIST:'d' -> MNIST | Predict: '8' (Ent: 1.36)
  ⚠️ [Mismatch] Cycle Back predicted '8' (Expected 'd') (Ent: 1.42)
EMNIST:'e' -> MNIST ❌ (Uncertain)
EMNIST:'f' -> MNIST ❌ (Uncertain)
EMNIST:'g' -> MNIST | Predict: '8' (Ent: 1.25)
  ⚠️ [Mismatch] Cycle Back predicted '8' (Expected 'g') (Ent: 1.42)
EMNIST:'h' -> MNIST | Predict: '8' (Ent: 0.75)
  ⚠️ [Mismatch] Cycle Back predicted '8' (Expected 'h') (Ent: 1.42)
EMNIST:'i' -> MNIST ❌ (Uncertain)
EMNIST:'j' -> MNIST | Predict: '8' (Ent: 0.91)
  ⚠️ [Mismatch] Cycle Back predicted '8' (Expected 'j') (Ent: 1.42)
EMNIST:'k' -> MNIST | Predict: '8' (Ent: 1.42)
  ⚠️ [Mismatch] Cycle Back predicted '8' (Expected 'k') (Ent: 1.42)
EMNIST:'l' -> MNIST ❌ (Uncertain)
EMNIST:'m' -> MNIST | Predict: '8' (Ent: 0.77)
  ⚠️ [Mismatch] Cycle Back predicted '8' (Expected 'm') (Ent: 1.42)
EMNIST:'n' -> MNIST | Predict: '8' (Ent: 1.18)
  ⚠️ [Mismatch] Cycle Back predicted '8' (Expected 'n') (Ent: 1.42)
EMNIST:'o' -> MNIST ❌ (Uncertain)
EMNIST:'p' -> MNIST | Predict: '8' (Ent: 1.38)
  ⚠️ [Mismatch] Cycle Back predicted '8' (Expected 'p') (Ent: 1.42)
EMNIST:'q' -> MNIST | Predict: '8' (Ent: 1.29)
  ⚠️ [Mismatch] Cycle Back predicted '8' (Expected 'q') (Ent: 1.42)
EMNIST:'r' -> MNIST | Predict: '8' (Ent: 1.40)
  ⚠️ [Mismatch] Cycle Back predicted '8' (Expected 'r') (Ent: 1.42)
EMNIST:'s' -> MNIST ❌ (Uncertain)
EMNIST:'t' -> MNIST | Predict: '8' (Ent: 1.21)
  ⚠️ [Mismatch] Cycle Back predicted '8' (Expected 't') (Ent: 1.42)
EMNIST:'u' -> MNIST ❌ (Uncertain)
EMNIST:'v' -> MNIST | Predict: '8' (Ent: 1.16)
  ⚠️ [Mismatch] Cycle Back predicted '8' (Expected 'v') (Ent: 1.42)
EMNIST:'w' -> MNIST | Predict: '8' (Ent: 1.47)
  ⚠️ [Mismatch] Cycle Back predicted '8' (Expected 'w') (Ent: 1.42)
EMNIST:'x' -> MNIST | Predict: '8' (Ent: 1.15)
  ⚠️ [Mismatch] Cycle Back predicted '8' (Expected 'x') (Ent: 1.42)
EMNIST:'y' -> MNIST ❌ (Uncertain)
EMNIST:'z' -> MNIST | Predict: '8' (Ent: 1.28)
  ⚠️ [Mismatch] Cycle Back predicted '8' (Expected 'z') (Ent: 1.42)
EMNIST:'0' -> CIFAR10 ❌ (Uncertain)
EMNIST:'1' -> CIFAR10 | Predict: 'ship' (Ent: 1.47)
EMNIST:'2' -> CIFAR10 | Predict: 'airplane' (Ent: 1.17)
EMNIST:'3' -> CIFAR10 | Predict: 'ship' (Ent: 1.44)
EMNIST:'4' -> CIFAR10 ❌ (Uncertain)
EMNIST:'5' -> CIFAR10 ❌ (Uncertain)
EMNIST:'6' -> CIFAR10 ❌ (Uncertain)
EMNIST:'7' -> CIFAR10 ❌ (Uncertain)
EMNIST:'8' -> CIFAR10 ❌ (Uncertain)
EMNIST:'9' -> CIFAR10 ❌ (Uncertain)
EMNIST:'A' -> CIFAR10 ❌ (Uncertain)
EMNIST:'B' -> CIFAR10 ❌ (Uncertain)
EMNIST:'C' -> CIFAR10 | Predict: 'dog' (Ent: 1.32)
  ⚠️ [Mismatch] Cycle Back predicted '0' (Expected 'C') (Ent: 2.16)
EMNIST:'D' -> CIFAR10 ❌ (Uncertain)
EMNIST:'E' -> CIFAR10 | Predict: 'dog' (Ent: 1.49)
  ⚠️ [Mismatch] Cycle Back predicted '0' (Expected 'E') (Ent: 2.16)
EMNIST:'F' -> CIFAR10 ❌ (Uncertain)
EMNIST:'G' -> CIFAR10 ❌ (Uncertain)
EMNIST:'H' -> CIFAR10 | Predict: 'ship' (Ent: 1.31)
EMNIST:'I' -> CIFAR10 ❌ (Uncertain)
EMNIST:'J' -> CIFAR10 ❌ (Uncertain)
EMNIST:'K' -> CIFAR10 | Predict: 'airplane' (Ent: 1.29)
EMNIST:'L' -> CIFAR10 ❌ (Uncertain)
EMNIST:'M' -> CIFAR10 ❌ (Uncertain)
EMNIST:'N' -> CIFAR10 ❌ (Uncertain)
EMNIST:'O' -> CIFAR10 ❌ (Uncertain)
EMNIST:'P' -> CIFAR10 ❌ (Uncertain)
EMNIST:'Q' -> CIFAR10 ❌ (Uncertain)
EMNIST:'R' -> CIFAR10 ❌ (Uncertain)
EMNIST:'S' -> CIFAR10 | Predict: 'ship' (Ent: 1.37)
EMNIST:'T' -> CIFAR10 ❌ (Uncertain)
EMNIST:'U' -> CIFAR10 | Predict: 'dog' (Ent: 1.40)
  ⚠️ [Mismatch] Cycle Back predicted '0' (Expected 'U') (Ent: 2.16)
EMNIST:'V' -> CIFAR10 ❌ (Uncertain)
EMNIST:'W' -> CIFAR10 ❌ (Uncertain)
EMNIST:'X' -> CIFAR10 ❌ (Uncertain)
EMNIST:'Y' -> CIFAR10 ❌ (Uncertain)
EMNIST:'Z' -> CIFAR10 ❌ (Uncertain)
EMNIST:'a' -> CIFAR10 ❌ (Uncertain)
EMNIST:'b' -> CIFAR10 ❌ (Uncertain)
EMNIST:'c' -> CIFAR10 | Predict: 'dog' (Ent: 1.32)
  ⚠️ [Mismatch] Cycle Back predicted '0' (Expected 'c') (Ent: 2.16)
EMNIST:'d' -> CIFAR10 ❌ (Uncertain)
EMNIST:'e' -> CIFAR10 | Predict: 'dog' (Ent: 1.49)
  ⚠️ [Mismatch] Cycle Back predicted '0' (Expected 'e') (Ent: 2.16)
EMNIST:'f' -> CIFAR10 ❌ (Uncertain)
EMNIST:'g' -> CIFAR10 ❌ (Uncertain)
EMNIST:'h' -> CIFAR10 | Predict: 'ship' (Ent: 1.31)
EMNIST:'i' -> CIFAR10 ❌ (Uncertain)
EMNIST:'j' -> CIFAR10 ❌ (Uncertain)
EMNIST:'k' -> CIFAR10 | Predict: 'airplane' (Ent: 1.29)
EMNIST:'l' -> CIFAR10 ❌ (Uncertain)
EMNIST:'m' -> CIFAR10 ❌ (Uncertain)
EMNIST:'n' -> CIFAR10 ❌ (Uncertain)
EMNIST:'o' -> CIFAR10 ❌ (Uncertain)
EMNIST:'p' -> CIFAR10 ❌ (Uncertain)
EMNIST:'q' -> CIFAR10 ❌ (Uncertain)
EMNIST:'r' -> CIFAR10 ❌ (Uncertain)
EMNIST:'s' -> CIFAR10 | Predict: 'ship' (Ent: 1.37)
EMNIST:'t' -> CIFAR10 ❌ (Uncertain)
EMNIST:'u' -> CIFAR10 | Predict: 'dog' (Ent: 1.40)
  ⚠️ [Mismatch] Cycle Back predicted '0' (Expected 'u') (Ent: 2.16)
EMNIST:'v' -> CIFAR10 ❌ (Uncertain)
EMNIST:'w' -> CIFAR10 ❌ (Uncertain)
EMNIST:'x' -> CIFAR10 ❌ (Uncertain)
EMNIST:'y' -> CIFAR10 ❌ (Uncertain)
EMNIST:'z' -> CIFAR10 ❌ (Uncertain)
CIFAR10:'airplane' -> MNIST | Predict: '8' (Ent: 1.34)
CIFAR10:'automobile' -> MNIST | Predict: '8' (Ent: 1.42)
CIFAR10:'bird' -> MNIST | Predict: '8' (Ent: 1.30)
CIFAR10:'cat' -> MNIST ❌ (Uncertain)
CIFAR10:'deer' -> MNIST | Predict: '8' (Ent: 1.36)
CIFAR10:'frog' -> MNIST | Predict: '8' (Ent: 1.35)
CIFAR10:'horse' -> MNIST | Predict: '8' (Ent: 1.49)
CIFAR10:'truck' -> MNIST | Predict: '8' (Ent: 1.45)
CIFAR10:'automobile' -> EMNIST | Predict: '0' (Ent: 2.66)
CIFAR10:'bird' -> EMNIST | Predict: '0' (Ent: 2.56)
CIFAR10:'cat' -> EMNIST ❌ (Uncertain)
CIFAR10:'deer' -> EMNIST | Predict: '8' (Ent: 2.41)
CIFAR10:'frog' -> EMNIST | Predict: '8' (Ent: 1.69)
CIFAR10:'horse' -> EMNIST | Predict: '0' (Ent: 2.25)
CIFAR10:'truck' -> EMNIST | Predict: '0' (Ent: 2.48)
Exp: Old Gen + Old Ent (0.7)
dynamic_entropy_ratio: 0.7
MNIST:'0' -> EMNIST | Predict: '0' (Ent: 2.30)
MNIST:'1' -> EMNIST | Predict: 'W' (Ent: 2.50)
  ⚠️ [Mismatch] Cycle Back predicted '8' (Expected '1') (Ent: 1.47)
MNIST:'2' -> EMNIST | Predict: 'W' (Ent: 2.70)
  ⚠️ [Mismatch] Cycle Back predicted '8' (Expected '2') (Ent: 1.47)
MNIST:'3' -> EMNIST | Predict: 'G' (Ent: 2.50)
  ⚠️ [Mismatch] Cycle Back predicted '8' (Expected '3') (Ent: 1.25)
MNIST:'4' -> EMNIST | Predict: '8' (Ent: 2.07)
  ⚠️ [Mismatch] Cycle Back predicted '8' (Expected '4') (Ent: 1.07)
MNIST:'5' -> EMNIST | Predict: '3' (Ent: 1.69)
  ⚠️ [Mismatch] Cycle Back predicted '8' (Expected '5') (Ent: 1.14)
MNIST:'6' -> EMNIST | Predict: '8' (Ent: 2.14)
  ⚠️ [Mismatch] Cycle Back predicted '8' (Expected '6') (Ent: 1.07)
MNIST:'7' -> EMNIST | Predict: '8' (Ent: 2.09)
  ⚠️ [Mismatch] Cycle Back predicted '8' (Expected '7') (Ent: 1.07)
MNIST:'8' -> EMNIST | Predict: '8' (Ent: 1.42)
  ✅ [Match] MNIST:'8' <==> EMNIST:'8' (Ent: 1.07)
MNIST:'9' -> EMNIST | Predict: '8' (Ent: 2.30)
  ⚠️ [Mismatch] Cycle Back predicted '8' (Expected '9') (Ent: 1.07)
MNIST:'0' -> CIFAR10 | Predict: 'dog' (Ent: 1.40)
  ⚠️ [Mismatch] Cycle Back predicted '8' (Expected '0') (Ent: 1.23)
MNIST:'1' -> CIFAR10 ❌ (Uncertain)
MNIST:'2' -> CIFAR10 ❌ (Uncertain)
MNIST:'3' -> CIFAR10 ❌ (Uncertain)
MNIST:'4' -> CIFAR10 ❌ (Uncertain)
MNIST:'5' -> CIFAR10 | Predict: 'ship' (Ent: 1.34)
  ⚠️ [Mismatch] Cycle Back predicted '8' (Expected '5') (Ent: 1.29)
MNIST:'6' -> CIFAR10 | Predict: 'ship' (Ent: 1.21)
  ⚠️ [Mismatch] Cycle Back predicted '8' (Expected '6') (Ent: 1.29)
MNIST:'7' -> CIFAR10 | Predict: 'ship' (Ent: 1.45)
  ⚠️ [Mismatch] Cycle Back predicted '8' (Expected '7') (Ent: 1.29)
MNIST:'8' -> CIFAR10 ❌ (Uncertain)
MNIST:'9' -> CIFAR10 ❌ (Uncertain)
EMNIST:'1' -> MNIST | Predict: '8' (Ent: 1.12)
  ⚠️ [Mismatch] Cycle Back predicted '8' (Expected '1') (Ent: 1.42)
EMNIST:'2' -> MNIST | Predict: '8' (Ent: 1.14)
  ⚠️ [Mismatch] Cycle Back predicted '8' (Expected '2') (Ent: 1.42)
EMNIST:'4' -> MNIST | Predict: '8' (Ent: 1.10)
  ⚠️ [Mismatch] Cycle Back predicted '8' (Expected '4') (Ent: 1.42)
EMNIST:'5' -> MNIST | Predict: '8' (Ent: 1.12)
  ⚠️ [Mismatch] Cycle Back predicted '8' (Expected '5') (Ent: 1.42)
EMNIST:'6' -> MNIST | Predict: '8' (Ent: 1.05)
  ⚠️ [Mismatch] Cycle Back predicted '8' (Expected '6') (Ent: 1.42)
EMNIST:'7' -> MNIST | Predict: '8' (Ent: 1.39)
  ⚠️ [Mismatch] Cycle Back predicted '8' (Expected '7') (Ent: 1.42)
EMNIST:'9' -> MNIST | Predict: '8' (Ent: 1.61)
  ⚠️ [Mismatch] Cycle Back predicted '8' (Expected '9') (Ent: 1.42)
EMNIST:'A' -> MNIST ❌ (Uncertain)
EMNIST:'B' -> MNIST | Predict: '8' (Ent: 1.10)
  ⚠️ [Mismatch] Cycle Back predicted '8' (Expected 'B') (Ent: 1.42)
EMNIST:'C' -> MNIST ❌ (Uncertain)
EMNIST:'D' -> MNIST | Predict: '8' (Ent: 1.36)
  ⚠️ [Mismatch] Cycle Back predicted '8' (Expected 'D') (Ent: 1.42)
EMNIST:'E' -> MNIST | Predict: '8' (Ent: 1.57)
  ⚠️ [Mismatch] Cycle Back predicted '8' (Expected 'E') (Ent: 1.42)
EMNIST:'F' -> MNIST | Predict: '8' (Ent: 1.59)
  ⚠️ [Mismatch] Cycle Back predicted '8' (Expected 'F') (Ent: 1.42)
EMNIST:'H' -> MNIST | Predict: '8' (Ent: 0.75)
  ⚠️ [Mismatch] Cycle Back predicted '8' (Expected 'H') (Ent: 1.42)
EMNIST:'I' -> MNIST | Predict: '8' (Ent: 1.53)
  ⚠️ [Mismatch] Cycle Back predicted '8' (Expected 'I') (Ent: 1.42)
EMNIST:'J' -> MNIST | Predict: '8' (Ent: 0.91)
  ⚠️ [Mismatch] Cycle Back predicted '8' (Expected 'J') (Ent: 1.42)
EMNIST:'K' -> MNIST | Predict: '8' (Ent: 1.42)
  ⚠️ [Mismatch] Cycle Back predicted '8' (Expected 'K') (Ent: 1.42)
EMNIST:'L' -> MNIST ❌ (Uncertain)
EMNIST:'M' -> MNIST | Predict: '8' (Ent: 0.77)
  ⚠️ [Mismatch] Cycle Back predicted '8' (Expected 'M') (Ent: 1.42)
EMNIST:'N' -> MNIST | Predict: '8' (Ent: 1.18)
  ⚠️ [Mismatch] Cycle Back predicted '8' (Expected 'N') (Ent: 1.42)
EMNIST:'O' -> MNIST | Predict: '8' (Ent: 1.55)
  ⚠️ [Mismatch] Cycle Back predicted '8' (Expected 'O') (Ent: 1.42)
EMNIST:'P' -> MNIST | Predict: '8' (Ent: 1.38)
  ⚠️ [Mismatch] Cycle Back predicted '8' (Expected 'P') (Ent: 1.42)
EMNIST:'Q' -> MNIST | Predict: '8' (Ent: 1.29)
  ⚠️ [Mismatch] Cycle Back predicted '8' (Expected 'Q') (Ent: 1.42)
EMNIST:'R' -> MNIST | Predict: '8' (Ent: 1.40)
  ⚠️ [Mismatch] Cycle Back predicted '8' (Expected 'R') (Ent: 1.42)
EMNIST:'S' -> MNIST | Predict: '8' (Ent: 1.52)
  ⚠️ [Mismatch] Cycle Back predicted '8' (Expected 'S') (Ent: 1.42)
EMNIST:'T' -> MNIST | Predict: '8' (Ent: 1.21)
  ⚠️ [Mismatch] Cycle Back predicted '8' (Expected 'T') (Ent: 1.42)
EMNIST:'U' -> MNIST | Predict: '8' (Ent: 1.61)
  ⚠️ [Mismatch] Cycle Back predicted '8' (Expected 'U') (Ent: 1.42)
EMNIST:'V' -> MNIST | Predict: '8' (Ent: 1.16)
  ⚠️ [Mismatch] Cycle Back predicted '8' (Expected 'V') (Ent: 1.42)
EMNIST:'X' -> MNIST | Predict: '8' (Ent: 1.15)
  ⚠️ [Mismatch] Cycle Back predicted '8' (Expected 'X') (Ent: 1.42)
EMNIST:'Y' -> MNIST ❌ (Uncertain)
EMNIST:'Z' -> MNIST | Predict: '8' (Ent: 1.28)
  ⚠️ [Mismatch] Cycle Back predicted '8' (Expected 'Z') (Ent: 1.42)
EMNIST:'a' -> MNIST ❌ (Uncertain)
EMNIST:'b' -> MNIST | Predict: '8' (Ent: 1.10)
  ⚠️ [Mismatch] Cycle Back predicted '8' (Expected 'b') (Ent: 1.42)
EMNIST:'c' -> MNIST ❌ (Uncertain)
EMNIST:'d' -> MNIST | Predict: '8' (Ent: 1.36)
  ⚠️ [Mismatch] Cycle Back predicted '8' (Expected 'd') (Ent: 1.42)
EMNIST:'e' -> MNIST | Predict: '8' (Ent: 1.57)
  ⚠️ [Mismatch] Cycle Back predicted '8' (Expected 'e') (Ent: 1.42)
EMNIST:'f' -> MNIST | Predict: '8' (Ent: 1.59)
  ⚠️ [Mismatch] Cycle Back predicted '8' (Expected 'f') (Ent: 1.42)
EMNIST:'g' -> MNIST | Predict: '8' (Ent: 1.25)
  ⚠️ [Mismatch] Cycle Back predicted '8' (Expected 'g') (Ent: 1.42)
EMNIST:'h' -> MNIST | Predict: '8' (Ent: 0.75)
  ⚠️ [Mismatch] Cycle Back predicted '8' (Expected 'h') (Ent: 1.42)
EMNIST:'i' -> MNIST | Predict: '8' (Ent: 1.53)
  ⚠️ [Mismatch] Cycle Back predicted '8' (Expected 'i') (Ent: 1.42)
EMNIST:'j' -> MNIST | Predict: '8' (Ent: 0.91)
  ⚠️ [Mismatch] Cycle Back predicted '8' (Expected 'j') (Ent: 1.42)
EMNIST:'k' -> MNIST | Predict: '8' (Ent: 1.42)
  ⚠️ [Mismatch] Cycle Back predicted '8' (Expected 'k') (Ent: 1.42)
EMNIST:'l' -> MNIST ❌ (Uncertain)
EMNIST:'m' -> MNIST | Predict: '8' (Ent: 0.77)
  ⚠️ [Mismatch] Cycle Back predicted '8' (Expected 'm') (Ent: 1.42)
EMNIST:'n' -> MNIST | Predict: '8' (Ent: 1.18)
  ⚠️ [Mismatch] Cycle Back predicted '8' (Expected 'n') (Ent: 1.42)
EMNIST:'o' -> MNIST | Predict: '8' (Ent: 1.55)
  ⚠️ [Mismatch] Cycle Back predicted '8' (Expected 'o') (Ent: 1.42)
EMNIST:'p' -> MNIST | Predict: '8' (Ent: 1.38)
  ⚠️ [Mismatch] Cycle Back predicted '8' (Expected 'p') (Ent: 1.42)
EMNIST:'q' -> MNIST | Predict: '8' (Ent: 1.29)
  ⚠️ [Mismatch] Cycle Back predicted '8' (Expected 'q') (Ent: 1.42)
EMNIST:'r' -> MNIST | Predict: '8' (Ent: 1.40)
  ⚠️ [Mismatch] Cycle Back predicted '8' (Expected 'r') (Ent: 1.42)
EMNIST:'s' -> MNIST | Predict: '8' (Ent: 1.52)
  ⚠️ [Mismatch] Cycle Back predicted '8' (Expected 's') (Ent: 1.42)
EMNIST:'t' -> MNIST | Predict: '8' (Ent: 1.21)
  ⚠️ [Mismatch] Cycle Back predicted '8' (Expected 't') (Ent: 1.42)
EMNIST:'u' -> MNIST | Predict: '8' (Ent: 1.61)
  ⚠️ [Mismatch] Cycle Back predicted '8' (Expected 'u') (Ent: 1.42)
EMNIST:'v' -> MNIST | Predict: '8' (Ent: 1.16)
  ⚠️ [Mismatch] Cycle Back predicted '8' (Expected 'v') (Ent: 1.42)
EMNIST:'w' -> MNIST | Predict: '8' (Ent: 1.47)
  ⚠️ [Mismatch] Cycle Back predicted '8' (Expected 'w') (Ent: 1.42)
EMNIST:'x' -> MNIST | Predict: '8' (Ent: 1.15)
  ⚠️ [Mismatch] Cycle Back predicted '8' (Expected 'x') (Ent: 1.42)
EMNIST:'y' -> MNIST ❌ (Uncertain)
EMNIST:'z' -> MNIST | Predict: '8' (Ent: 1.28)
  ⚠️ [Mismatch] Cycle Back predicted '8' (Expected 'z') (Ent: 1.42)
EMNIST:'0' -> CIFAR10 | Predict: 'cat' (Ent: 1.57)
  ✅ [Match] EMNIST:'0' <==> CIFAR10:'cat' (Ent: 2.80)
EMNIST:'1' -> CIFAR10 | Predict: 'ship' (Ent: 1.47)
  ⚠️ [Mismatch] Cycle Back predicted '0' (Expected '1') (Ent: 2.74)
EMNIST:'2' -> CIFAR10 | Predict: 'airplane' (Ent: 1.17)
EMNIST:'3' -> CIFAR10 | Predict: 'ship' (Ent: 1.44)
  ⚠️ [Mismatch] Cycle Back predicted '0' (Expected '3') (Ent: 2.74)
EMNIST:'4' -> CIFAR10 | Predict: 'ship' (Ent: 1.54)
  ⚠️ [Mismatch] Cycle Back predicted '0' (Expected '4') (Ent: 2.74)
EMNIST:'5' -> CIFAR10 ❌ (Uncertain)
EMNIST:'6' -> CIFAR10 ❌ (Uncertain)
EMNIST:'7' -> CIFAR10 ❌ (Uncertain)
EMNIST:'8' -> CIFAR10 ❌ (Uncertain)
EMNIST:'9' -> CIFAR10 ❌ (Uncertain)
EMNIST:'A' -> CIFAR10 | Predict: 'dog' (Ent: 1.58)
  ⚠️ [Mismatch] Cycle Back predicted '0' (Expected 'A') (Ent: 2.16)
EMNIST:'B' -> CIFAR10 ❌ (Uncertain)
EMNIST:'C' -> CIFAR10 | Predict: 'dog' (Ent: 1.32)
  ⚠️ [Mismatch] Cycle Back predicted '0' (Expected 'C') (Ent: 2.16)
EMNIST:'D' -> CIFAR10 ❌ (Uncertain)
EMNIST:'E' -> CIFAR10 | Predict: 'dog' (Ent: 1.49)
  ⚠️ [Mismatch] Cycle Back predicted '0' (Expected 'E') (Ent: 2.16)
EMNIST:'F' -> CIFAR10 ❌ (Uncertain)
EMNIST:'G' -> CIFAR10 | Predict: 'ship' (Ent: 1.58)
  ⚠️ [Mismatch] Cycle Back predicted '0' (Expected 'G') (Ent: 2.74)
EMNIST:'H' -> CIFAR10 | Predict: 'ship' (Ent: 1.31)
  ⚠️ [Mismatch] Cycle Back predicted '0' (Expected 'H') (Ent: 2.74)
EMNIST:'I' -> CIFAR10 ❌ (Uncertain)
EMNIST:'J' -> CIFAR10 ❌ (Uncertain)
EMNIST:'K' -> CIFAR10 | Predict: 'airplane' (Ent: 1.29)
EMNIST:'L' -> CIFAR10 ❌ (Uncertain)
EMNIST:'M' -> CIFAR10 ❌ (Uncertain)
EMNIST:'N' -> CIFAR10 ❌ (Uncertain)
EMNIST:'O' -> CIFAR10 ❌ (Uncertain)
EMNIST:'P' -> CIFAR10 | Predict: 'dog' (Ent: 1.55)
  ⚠️ [Mismatch] Cycle Back predicted '0' (Expected 'P') (Ent: 2.16)
EMNIST:'Q' -> CIFAR10 | Predict: 'ship' (Ent: 1.60)
  ⚠️ [Mismatch] Cycle Back predicted '0' (Expected 'Q') (Ent: 2.74)
EMNIST:'R' -> CIFAR10 ❌ (Uncertain)
EMNIST:'S' -> CIFAR10 | Predict: 'ship' (Ent: 1.37)
  ⚠️ [Mismatch] Cycle Back predicted '0' (Expected 'S') (Ent: 2.74)
EMNIST:'T' -> CIFAR10 ❌ (Uncertain)
EMNIST:'U' -> CIFAR10 | Predict: 'dog' (Ent: 1.40)
  ⚠️ [Mismatch] Cycle Back predicted '0' (Expected 'U') (Ent: 2.16)
EMNIST:'V' -> CIFAR10 | Predict: 'ship' (Ent: 1.58)
  ⚠️ [Mismatch] Cycle Back predicted '0' (Expected 'V') (Ent: 2.74)
EMNIST:'W' -> CIFAR10 ❌ (Uncertain)
EMNIST:'X' -> CIFAR10 ❌ (Uncertain)
EMNIST:'Y' -> CIFAR10 ❌ (Uncertain)
EMNIST:'Z' -> CIFAR10 ❌ (Uncertain)
EMNIST:'a' -> CIFAR10 | Predict: 'dog' (Ent: 1.58)
  ⚠️ [Mismatch] Cycle Back predicted '0' (Expected 'a') (Ent: 2.16)
EMNIST:'b' -> CIFAR10 ❌ (Uncertain)
EMNIST:'c' -> CIFAR10 | Predict: 'dog' (Ent: 1.32)
  ⚠️ [Mismatch] Cycle Back predicted '0' (Expected 'c') (Ent: 2.16)
EMNIST:'d' -> CIFAR10 ❌ (Uncertain)
EMNIST:'e' -> CIFAR10 | Predict: 'dog' (Ent: 1.49)
  ⚠️ [Mismatch] Cycle Back predicted '0' (Expected 'e') (Ent: 2.16)
EMNIST:'f' -> CIFAR10 ❌ (Uncertain)
EMNIST:'g' -> CIFAR10 | Predict: 'ship' (Ent: 1.58)
  ⚠️ [Mismatch] Cycle Back predicted '0' (Expected 'g') (Ent: 2.74)
EMNIST:'h' -> CIFAR10 | Predict: 'ship' (Ent: 1.31)
  ⚠️ [Mismatch] Cycle Back predicted '0' (Expected 'h') (Ent: 2.74)
EMNIST:'i' -> CIFAR10 ❌ (Uncertain)
EMNIST:'j' -> CIFAR10 ❌ (Uncertain)
EMNIST:'k' -> CIFAR10 | Predict: 'airplane' (Ent: 1.29)
EMNIST:'l' -> CIFAR10 ❌ (Uncertain)
EMNIST:'m' -> CIFAR10 ❌ (Uncertain)
EMNIST:'n' -> CIFAR10 ❌ (Uncertain)
EMNIST:'o' -> CIFAR10 ❌ (Uncertain)
EMNIST:'p' -> CIFAR10 | Predict: 'dog' (Ent: 1.55)
  ⚠️ [Mismatch] Cycle Back predicted '0' (Expected 'p') (Ent: 2.16)
EMNIST:'q' -> CIFAR10 | Predict: 'ship' (Ent: 1.60)
  ⚠️ [Mismatch] Cycle Back predicted '0' (Expected 'q') (Ent: 2.74)
EMNIST:'r' -> CIFAR10 ❌ (Uncertain)
EMNIST:'s' -> CIFAR10 | Predict: 'ship' (Ent: 1.37)
  ⚠️ [Mismatch] Cycle Back predicted '0' (Expected 's') (Ent: 2.74)
EMNIST:'t' -> CIFAR10 ❌ (Uncertain)
EMNIST:'u' -> CIFAR10 | Predict: 'dog' (Ent: 1.40)
  ⚠️ [Mismatch] Cycle Back predicted '0' (Expected 'u') (Ent: 2.16)
EMNIST:'v' -> CIFAR10 | Predict: 'ship' (Ent: 1.58)
  ⚠️ [Mismatch] Cycle Back predicted '0' (Expected 'v') (Ent: 2.74)
EMNIST:'w' -> CIFAR10 ❌ (Uncertain)
EMNIST:'x' -> CIFAR10 ❌ (Uncertain)
EMNIST:'y' -> CIFAR10 ❌ (Uncertain)
EMNIST:'z' -> CIFAR10 ❌ (Uncertain)
CIFAR10:'airplane' -> MNIST | Predict: '8' (Ent: 1.34)
CIFAR10:'automobile' -> MNIST | Predict: '8' (Ent: 1.42)
CIFAR10:'bird' -> MNIST | Predict: '8' (Ent: 1.30)
CIFAR10:'cat' -> MNIST | Predict: '8' (Ent: 1.58)
CIFAR10:'deer' -> MNIST | Predict: '8' (Ent: 1.36)
CIFAR10:'frog' -> MNIST | Predict: '8' (Ent: 1.35)
CIFAR10:'horse' -> MNIST | Predict: '8' (Ent: 1.49)
CIFAR10:'truck' -> MNIST | Predict: '8' (Ent: 1.45)
CIFAR10:'automobile' -> EMNIST | Predict: '0' (Ent: 2.66)
  ⚠️ [Mismatch] Cycle Back predicted 'cat' (Expected 'automobile') (Ent: 1.57)
CIFAR10:'bird' -> EMNIST | Predict: '0' (Ent: 2.56)
  ⚠️ [Mismatch] Cycle Back predicted 'cat' (Expected 'bird') (Ent: 1.57)
CIFAR10:'deer' -> EMNIST | Predict: '8' (Ent: 2.41)
CIFAR10:'frog' -> EMNIST | Predict: '8' (Ent: 1.69)
CIFAR10:'horse' -> EMNIST | Predict: '0' (Ent: 2.25)
  ⚠️ [Mismatch] Cycle Back predicted 'cat' (Expected 'horse') (Ent: 1.57)
CIFAR10:'truck' -> EMNIST | Predict: '0' (Ent: 2.48)
  ⚠️ [Mismatch] Cycle Back predicted 'cat' (Expected 'truck') (Ent: 1.57)
Exp: Old Gen + Old Ent (0.75)
dynamic_entropy_ratio: 0.75
MNIST:'0' -> EMNIST | Predict: '0' (Ent: 2.30)
  ⚠️ [Mismatch] Cycle Back predicted '8' (Expected '0') (Ent: 1.68)
MNIST:'1' -> EMNIST | Predict: 'W' (Ent: 2.50)
  ⚠️ [Mismatch] Cycle Back predicted '8' (Expected '1') (Ent: 1.47)
MNIST:'2' -> EMNIST | Predict: 'W' (Ent: 2.70)
  ⚠️ [Mismatch] Cycle Back predicted '8' (Expected '2') (Ent: 1.47)
MNIST:'3' -> EMNIST | Predict: 'G' (Ent: 2.50)
  ⚠️ [Mismatch] Cycle Back predicted '8' (Expected '3') (Ent: 1.25)
MNIST:'4' -> EMNIST | Predict: '8' (Ent: 2.07)
  ⚠️ [Mismatch] Cycle Back predicted '8' (Expected '4') (Ent: 1.07)
MNIST:'5' -> EMNIST | Predict: '3' (Ent: 1.69)
  ⚠️ [Mismatch] Cycle Back predicted '8' (Expected '5') (Ent: 1.14)
MNIST:'6' -> EMNIST | Predict: '8' (Ent: 2.14)
  ⚠️ [Mismatch] Cycle Back predicted '8' (Expected '6') (Ent: 1.07)
MNIST:'7' -> EMNIST | Predict: '8' (Ent: 2.09)
  ⚠️ [Mismatch] Cycle Back predicted '8' (Expected '7') (Ent: 1.07)
MNIST:'8' -> EMNIST | Predict: '8' (Ent: 1.42)
  ✅ [Match] MNIST:'8' <==> EMNIST:'8' (Ent: 1.07)
MNIST:'9' -> EMNIST | Predict: '8' (Ent: 2.30)
  ⚠️ [Mismatch] Cycle Back predicted '8' (Expected '9') (Ent: 1.07)
MNIST:'0' -> CIFAR10 | Predict: 'dog' (Ent: 1.40)
  ⚠️ [Mismatch] Cycle Back predicted '8' (Expected '0') (Ent: 1.23)
MNIST:'1' -> CIFAR10 ❌ (Uncertain)
MNIST:'2' -> CIFAR10 ❌ (Uncertain)
MNIST:'3' -> CIFAR10 ❌ (Uncertain)
MNIST:'4' -> CIFAR10 | Predict: 'cat' (Ent: 1.67)
  ⚠️ [Mismatch] Cycle Back predicted '8' (Expected '4') (Ent: 1.58)
MNIST:'5' -> CIFAR10 | Predict: 'ship' (Ent: 1.34)
  ⚠️ [Mismatch] Cycle Back predicted '8' (Expected '5') (Ent: 1.29)
MNIST:'6' -> CIFAR10 | Predict: 'ship' (Ent: 1.21)
  ⚠️ [Mismatch] Cycle Back predicted '8' (Expected '6') (Ent: 1.29)
MNIST:'7' -> CIFAR10 | Predict: 'ship' (Ent: 1.45)
  ⚠️ [Mismatch] Cycle Back predicted '8' (Expected '7') (Ent: 1.29)
MNIST:'8' -> CIFAR10 ❌ (Uncertain)
MNIST:'9' -> CIFAR10 ❌ (Uncertain)
EMNIST:'1' -> MNIST | Predict: '8' (Ent: 1.12)
  ⚠️ [Mismatch] Cycle Back predicted '8' (Expected '1') (Ent: 1.42)
EMNIST:'2' -> MNIST | Predict: '8' (Ent: 1.14)
  ⚠️ [Mismatch] Cycle Back predicted '8' (Expected '2') (Ent: 1.42)
EMNIST:'4' -> MNIST | Predict: '8' (Ent: 1.10)
  ⚠️ [Mismatch] Cycle Back predicted '8' (Expected '4') (Ent: 1.42)
EMNIST:'5' -> MNIST | Predict: '8' (Ent: 1.12)
  ⚠️ [Mismatch] Cycle Back predicted '8' (Expected '5') (Ent: 1.42)
EMNIST:'6' -> MNIST | Predict: '8' (Ent: 1.05)
  ⚠️ [Mismatch] Cycle Back predicted '8' (Expected '6') (Ent: 1.42)
EMNIST:'7' -> MNIST | Predict: '8' (Ent: 1.39)
  ⚠️ [Mismatch] Cycle Back predicted '8' (Expected '7') (Ent: 1.42)
EMNIST:'9' -> MNIST | Predict: '8' (Ent: 1.61)
  ⚠️ [Mismatch] Cycle Back predicted '8' (Expected '9') (Ent: 1.42)
EMNIST:'A' -> MNIST | Predict: '8' (Ent: 1.65)
  ⚠️ [Mismatch] Cycle Back predicted '8' (Expected 'A') (Ent: 1.42)
EMNIST:'B' -> MNIST | Predict: '8' (Ent: 1.10)
  ⚠️ [Mismatch] Cycle Back predicted '8' (Expected 'B') (Ent: 1.42)
EMNIST:'C' -> MNIST ❌ (Uncertain)
EMNIST:'D' -> MNIST | Predict: '8' (Ent: 1.36)
  ⚠️ [Mismatch] Cycle Back predicted '8' (Expected 'D') (Ent: 1.42)
EMNIST:'E' -> MNIST | Predict: '8' (Ent: 1.57)
  ⚠️ [Mismatch] Cycle Back predicted '8' (Expected 'E') (Ent: 1.42)
EMNIST:'F' -> MNIST | Predict: '8' (Ent: 1.59)
  ⚠️ [Mismatch] Cycle Back predicted '8' (Expected 'F') (Ent: 1.42)
EMNIST:'H' -> MNIST | Predict: '8' (Ent: 0.75)
  ⚠️ [Mismatch] Cycle Back predicted '8' (Expected 'H') (Ent: 1.42)
EMNIST:'I' -> MNIST | Predict: '8' (Ent: 1.53)
  ⚠️ [Mismatch] Cycle Back predicted '8' (Expected 'I') (Ent: 1.42)
EMNIST:'J' -> MNIST | Predict: '8' (Ent: 0.91)
  ⚠️ [Mismatch] Cycle Back predicted '8' (Expected 'J') (Ent: 1.42)
EMNIST:'K' -> MNIST | Predict: '8' (Ent: 1.42)
  ⚠️ [Mismatch] Cycle Back predicted '8' (Expected 'K') (Ent: 1.42)
EMNIST:'L' -> MNIST ❌ (Uncertain)
EMNIST:'M' -> MNIST | Predict: '8' (Ent: 0.77)
  ⚠️ [Mismatch] Cycle Back predicted '8' (Expected 'M') (Ent: 1.42)
EMNIST:'N' -> MNIST | Predict: '8' (Ent: 1.18)
  ⚠️ [Mismatch] Cycle Back predicted '8' (Expected 'N') (Ent: 1.42)
EMNIST:'O' -> MNIST | Predict: '8' (Ent: 1.55)
  ⚠️ [Mismatch] Cycle Back predicted '8' (Expected 'O') (Ent: 1.42)
EMNIST:'P' -> MNIST | Predict: '8' (Ent: 1.38)
  ⚠️ [Mismatch] Cycle Back predicted '8' (Expected 'P') (Ent: 1.42)
EMNIST:'Q' -> MNIST | Predict: '8' (Ent: 1.29)
  ⚠️ [Mismatch] Cycle Back predicted '8' (Expected 'Q') (Ent: 1.42)
EMNIST:'R' -> MNIST | Predict: '8' (Ent: 1.40)
  ⚠️ [Mismatch] Cycle Back predicted '8' (Expected 'R') (Ent: 1.42)
EMNIST:'S' -> MNIST | Predict: '8' (Ent: 1.52)
  ⚠️ [Mismatch] Cycle Back predicted '8' (Expected 'S') (Ent: 1.42)
EMNIST:'T' -> MNIST | Predict: '8' (Ent: 1.21)
  ⚠️ [Mismatch] Cycle Back predicted '8' (Expected 'T') (Ent: 1.42)
EMNIST:'U' -> MNIST | Predict: '8' (Ent: 1.61)
  ⚠️ [Mismatch] Cycle Back predicted '8' (Expected 'U') (Ent: 1.42)
EMNIST:'V' -> MNIST | Predict: '8' (Ent: 1.16)
  ⚠️ [Mismatch] Cycle Back predicted '8' (Expected 'V') (Ent: 1.42)
EMNIST:'X' -> MNIST | Predict: '8' (Ent: 1.15)
  ⚠️ [Mismatch] Cycle Back predicted '8' (Expected 'X') (Ent: 1.42)
EMNIST:'Y' -> MNIST ❌ (Uncertain)
EMNIST:'Z' -> MNIST | Predict: '8' (Ent: 1.28)
  ⚠️ [Mismatch] Cycle Back predicted '8' (Expected 'Z') (Ent: 1.42)
EMNIST:'a' -> MNIST | Predict: '8' (Ent: 1.65)
  ⚠️ [Mismatch] Cycle Back predicted '8' (Expected 'a') (Ent: 1.42)
EMNIST:'b' -> MNIST | Predict: '8' (Ent: 1.10)
  ⚠️ [Mismatch] Cycle Back predicted '8' (Expected 'b') (Ent: 1.42)
EMNIST:'c' -> MNIST ❌ (Uncertain)
EMNIST:'d' -> MNIST | Predict: '8' (Ent: 1.36)
  ⚠️ [Mismatch] Cycle Back predicted '8' (Expected 'd') (Ent: 1.42)
EMNIST:'e' -> MNIST | Predict: '8' (Ent: 1.57)
  ⚠️ [Mismatch] Cycle Back predicted '8' (Expected 'e') (Ent: 1.42)
EMNIST:'f' -> MNIST | Predict: '8' (Ent: 1.59)
  ⚠️ [Mismatch] Cycle Back predicted '8' (Expected 'f') (Ent: 1.42)
EMNIST:'g' -> MNIST | Predict: '8' (Ent: 1.25)
  ⚠️ [Mismatch] Cycle Back predicted '8' (Expected 'g') (Ent: 1.42)
EMNIST:'h' -> MNIST | Predict: '8' (Ent: 0.75)
  ⚠️ [Mismatch] Cycle Back predicted '8' (Expected 'h') (Ent: 1.42)
EMNIST:'i' -> MNIST | Predict: '8' (Ent: 1.53)
  ⚠️ [Mismatch] Cycle Back predicted '8' (Expected 'i') (Ent: 1.42)
EMNIST:'j' -> MNIST | Predict: '8' (Ent: 0.91)
  ⚠️ [Mismatch] Cycle Back predicted '8' (Expected 'j') (Ent: 1.42)
EMNIST:'k' -> MNIST | Predict: '8' (Ent: 1.42)
  ⚠️ [Mismatch] Cycle Back predicted '8' (Expected 'k') (Ent: 1.42)
EMNIST:'l' -> MNIST ❌ (Uncertain)
EMNIST:'m' -> MNIST | Predict: '8' (Ent: 0.77)
  ⚠️ [Mismatch] Cycle Back predicted '8' (Expected 'm') (Ent: 1.42)
EMNIST:'n' -> MNIST | Predict: '8' (Ent: 1.18)
  ⚠️ [Mismatch] Cycle Back predicted '8' (Expected 'n') (Ent: 1.42)
EMNIST:'o' -> MNIST | Predict: '8' (Ent: 1.55)
  ⚠️ [Mismatch] Cycle Back predicted '8' (Expected 'o') (Ent: 1.42)
EMNIST:'p' -> MNIST | Predict: '8' (Ent: 1.38)
  ⚠️ [Mismatch] Cycle Back predicted '8' (Expected 'p') (Ent: 1.42)
EMNIST:'q' -> MNIST | Predict: '8' (Ent: 1.29)
  ⚠️ [Mismatch] Cycle Back predicted '8' (Expected 'q') (Ent: 1.42)
EMNIST:'r' -> MNIST | Predict: '8' (Ent: 1.40)
  ⚠️ [Mismatch] Cycle Back predicted '8' (Expected 'r') (Ent: 1.42)
EMNIST:'s' -> MNIST | Predict: '8' (Ent: 1.52)
  ⚠️ [Mismatch] Cycle Back predicted '8' (Expected 's') (Ent: 1.42)
EMNIST:'t' -> MNIST | Predict: '8' (Ent: 1.21)
  ⚠️ [Mismatch] Cycle Back predicted '8' (Expected 't') (Ent: 1.42)
EMNIST:'u' -> MNIST | Predict: '8' (Ent: 1.61)
  ⚠️ [Mismatch] Cycle Back predicted '8' (Expected 'u') (Ent: 1.42)
EMNIST:'v' -> MNIST | Predict: '8' (Ent: 1.16)
  ⚠️ [Mismatch] Cycle Back predicted '8' (Expected 'v') (Ent: 1.42)
EMNIST:'w' -> MNIST | Predict: '8' (Ent: 1.47)
  ⚠️ [Mismatch] Cycle Back predicted '8' (Expected 'w') (Ent: 1.42)
EMNIST:'x' -> MNIST | Predict: '8' (Ent: 1.15)
  ⚠️ [Mismatch] Cycle Back predicted '8' (Expected 'x') (Ent: 1.42)
EMNIST:'y' -> MNIST ❌ (Uncertain)
EMNIST:'z' -> MNIST | Predict: '8' (Ent: 1.28)
  ⚠️ [Mismatch] Cycle Back predicted '8' (Expected 'z') (Ent: 1.42)
EMNIST:'0' -> CIFAR10 | Predict: 'cat' (Ent: 1.57)
  ✅ [Match] EMNIST:'0' <==> CIFAR10:'cat' (Ent: 2.80)
EMNIST:'1' -> CIFAR10 | Predict: 'ship' (Ent: 1.47)
  ⚠️ [Mismatch] Cycle Back predicted '0' (Expected '1') (Ent: 2.74)
EMNIST:'2' -> CIFAR10 | Predict: 'airplane' (Ent: 1.17)
  ⚠️ [Mismatch] Cycle Back predicted '8' (Expected '2') (Ent: 2.90)
EMNIST:'3' -> CIFAR10 | Predict: 'ship' (Ent: 1.44)
  ⚠️ [Mismatch] Cycle Back predicted '0' (Expected '3') (Ent: 2.74)
EMNIST:'4' -> CIFAR10 | Predict: 'ship' (Ent: 1.54)
  ⚠️ [Mismatch] Cycle Back predicted '0' (Expected '4') (Ent: 2.74)
EMNIST:'5' -> CIFAR10 | Predict: 'ship' (Ent: 1.69)
  ⚠️ [Mismatch] Cycle Back predicted '0' (Expected '5') (Ent: 2.74)
EMNIST:'6' -> CIFAR10 | Predict: 'automobile' (Ent: 1.69)
  ⚠️ [Mismatch] Cycle Back predicted '0' (Expected '6') (Ent: 2.66)
EMNIST:'7' -> CIFAR10 | Predict: 'ship' (Ent: 1.67)
  ⚠️ [Mismatch] Cycle Back predicted '0' (Expected '7') (Ent: 2.74)
EMNIST:'8' -> CIFAR10 ❌ (Uncertain)
EMNIST:'9' -> CIFAR10 ❌ (Uncertain)
EMNIST:'A' -> CIFAR10 | Predict: 'dog' (Ent: 1.58)
  ⚠️ [Mismatch] Cycle Back predicted '0' (Expected 'A') (Ent: 2.16)
EMNIST:'B' -> CIFAR10 ❌ (Uncertain)
EMNIST:'C' -> CIFAR10 | Predict: 'dog' (Ent: 1.32)
  ⚠️ [Mismatch] Cycle Back predicted '0' (Expected 'C') (Ent: 2.16)
EMNIST:'D' -> CIFAR10 ❌ (Uncertain)
EMNIST:'E' -> CIFAR10 | Predict: 'dog' (Ent: 1.49)
  ⚠️ [Mismatch] Cycle Back predicted '0' (Expected 'E') (Ent: 2.16)
EMNIST:'F' -> CIFAR10 | Predict: 'airplane' (Ent: 1.68)
  ⚠️ [Mismatch] Cycle Back predicted '8' (Expected 'F') (Ent: 2.90)
EMNIST:'G' -> CIFAR10 | Predict: 'ship' (Ent: 1.58)
  ⚠️ [Mismatch] Cycle Back predicted '0' (Expected 'G') (Ent: 2.74)
EMNIST:'H' -> CIFAR10 | Predict: 'ship' (Ent: 1.31)
  ⚠️ [Mismatch] Cycle Back predicted '0' (Expected 'H') (Ent: 2.74)
EMNIST:'I' -> CIFAR10 | Predict: 'dog' (Ent: 1.72)
  ⚠️ [Mismatch] Cycle Back predicted '0' (Expected 'I') (Ent: 2.16)
EMNIST:'J' -> CIFAR10 | Predict: 'ship' (Ent: 1.62)
  ⚠️ [Mismatch] Cycle Back predicted '0' (Expected 'J') (Ent: 2.74)
EMNIST:'K' -> CIFAR10 | Predict: 'airplane' (Ent: 1.29)
  ⚠️ [Mismatch] Cycle Back predicted '8' (Expected 'K') (Ent: 2.90)
EMNIST:'L' -> CIFAR10 ❌ (Uncertain)
EMNIST:'M' -> CIFAR10 ❌ (Uncertain)
EMNIST:'N' -> CIFAR10 | Predict: 'ship' (Ent: 1.69)
  ⚠️ [Mismatch] Cycle Back predicted '0' (Expected 'N') (Ent: 2.74)
EMNIST:'O' -> CIFAR10 ❌ (Uncertain)
EMNIST:'P' -> CIFAR10 | Predict: 'dog' (Ent: 1.55)
  ⚠️ [Mismatch] Cycle Back predicted '0' (Expected 'P') (Ent: 2.16)
EMNIST:'Q' -> CIFAR10 | Predict: 'ship' (Ent: 1.60)
  ⚠️ [Mismatch] Cycle Back predicted '0' (Expected 'Q') (Ent: 2.74)
EMNIST:'R' -> CIFAR10 ❌ (Uncertain)
EMNIST:'S' -> CIFAR10 | Predict: 'ship' (Ent: 1.37)
  ⚠️ [Mismatch] Cycle Back predicted '0' (Expected 'S') (Ent: 2.74)
EMNIST:'T' -> CIFAR10 ❌ (Uncertain)
EMNIST:'U' -> CIFAR10 | Predict: 'dog' (Ent: 1.40)
  ⚠️ [Mismatch] Cycle Back predicted '0' (Expected 'U') (Ent: 2.16)
EMNIST:'V' -> CIFAR10 | Predict: 'ship' (Ent: 1.58)
  ⚠️ [Mismatch] Cycle Back predicted '0' (Expected 'V') (Ent: 2.74)
EMNIST:'W' -> CIFAR10 | Predict: 'ship' (Ent: 1.61)
  ⚠️ [Mismatch] Cycle Back predicted '0' (Expected 'W') (Ent: 2.74)
EMNIST:'X' -> CIFAR10 | Predict: 'automobile' (Ent: 1.67)
  ⚠️ [Mismatch] Cycle Back predicted '0' (Expected 'X') (Ent: 2.66)
EMNIST:'Y' -> CIFAR10 | Predict: 'dog' (Ent: 1.71)
  ⚠️ [Mismatch] Cycle Back predicted '0' (Expected 'Y') (Ent: 2.16)
EMNIST:'Z' -> CIFAR10 ❌ (Uncertain)
EMNIST:'a' -> CIFAR10 | Predict: 'dog' (Ent: 1.58)
  ⚠️ [Mismatch] Cycle Back predicted '0' (Expected 'a') (Ent: 2.16)
EMNIST:'b' -> CIFAR10 ❌ (Uncertain)
EMNIST:'c' -> CIFAR10 | Predict: 'dog' (Ent: 1.32)
  ⚠️ [Mismatch] Cycle Back predicted '0' (Expected 'c') (Ent: 2.16)
EMNIST:'d' -> CIFAR10 ❌ (Uncertain)
EMNIST:'e' -> CIFAR10 | Predict: 'dog' (Ent: 1.49)
  ⚠️ [Mismatch] Cycle Back predicted '0' (Expected 'e') (Ent: 2.16)
EMNIST:'f' -> CIFAR10 | Predict: 'airplane' (Ent: 1.68)
  ⚠️ [Mismatch] Cycle Back predicted '8' (Expected 'f') (Ent: 2.90)
EMNIST:'g' -> CIFAR10 | Predict: 'ship' (Ent: 1.58)
  ⚠️ [Mismatch] Cycle Back predicted '0' (Expected 'g') (Ent: 2.74)
EMNIST:'h' -> CIFAR10 | Predict: 'ship' (Ent: 1.31)
  ⚠️ [Mismatch] Cycle Back predicted '0' (Expected 'h') (Ent: 2.74)
EMNIST:'i' -> CIFAR10 | Predict: 'dog' (Ent: 1.72)
  ⚠️ [Mismatch] Cycle Back predicted '0' (Expected 'i') (Ent: 2.16)
EMNIST:'j' -> CIFAR10 | Predict: 'ship' (Ent: 1.62)
  ⚠️ [Mismatch] Cycle Back predicted '0' (Expected 'j') (Ent: 2.74)
EMNIST:'k' -> CIFAR10 | Predict: 'airplane' (Ent: 1.29)
  ⚠️ [Mismatch] Cycle Back predicted '8' (Expected 'k') (Ent: 2.90)
EMNIST:'l' -> CIFAR10 ❌ (Uncertain)
EMNIST:'m' -> CIFAR10 ❌ (Uncertain)
EMNIST:'n' -> CIFAR10 | Predict: 'ship' (Ent: 1.69)
  ⚠️ [Mismatch] Cycle Back predicted '0' (Expected 'n') (Ent: 2.74)
EMNIST:'o' -> CIFAR10 ❌ (Uncertain)
EMNIST:'p' -> CIFAR10 | Predict: 'dog' (Ent: 1.55)
  ⚠️ [Mismatch] Cycle Back predicted '0' (Expected 'p') (Ent: 2.16)
EMNIST:'q' -> CIFAR10 | Predict: 'ship' (Ent: 1.60)
  ⚠️ [Mismatch] Cycle Back predicted '0' (Expected 'q') (Ent: 2.74)
EMNIST:'r' -> CIFAR10 ❌ (Uncertain)
EMNIST:'s' -> CIFAR10 | Predict: 'ship' (Ent: 1.37)
  ⚠️ [Mismatch] Cycle Back predicted '0' (Expected 's') (Ent: 2.74)
EMNIST:'t' -> CIFAR10 ❌ (Uncertain)
EMNIST:'u' -> CIFAR10 | Predict: 'dog' (Ent: 1.40)
  ⚠️ [Mismatch] Cycle Back predicted '0' (Expected 'u') (Ent: 2.16)
EMNIST:'v' -> CIFAR10 | Predict: 'ship' (Ent: 1.58)
  ⚠️ [Mismatch] Cycle Back predicted '0' (Expected 'v') (Ent: 2.74)
EMNIST:'w' -> CIFAR10 | Predict: 'ship' (Ent: 1.61)
  ⚠️ [Mismatch] Cycle Back predicted '0' (Expected 'w') (Ent: 2.74)
EMNIST:'x' -> CIFAR10 | Predict: 'automobile' (Ent: 1.67)
  ⚠️ [Mismatch] Cycle Back predicted '0' (Expected 'x') (Ent: 2.66)
EMNIST:'y' -> CIFAR10 | Predict: 'dog' (Ent: 1.71)
  ⚠️ [Mismatch] Cycle Back predicted '0' (Expected 'y') (Ent: 2.16)
EMNIST:'z' -> CIFAR10 ❌ (Uncertain)
CIFAR10:'airplane' -> MNIST | Predict: '8' (Ent: 1.34)
CIFAR10:'automobile' -> MNIST | Predict: '8' (Ent: 1.42)
CIFAR10:'bird' -> MNIST | Predict: '8' (Ent: 1.30)
CIFAR10:'deer' -> MNIST | Predict: '8' (Ent: 1.36)
CIFAR10:'frog' -> MNIST | Predict: '8' (Ent: 1.35)
CIFAR10:'horse' -> MNIST | Predict: '8' (Ent: 1.49)
CIFAR10:'truck' -> MNIST | Predict: '8' (Ent: 1.45)
CIFAR10:'bird' -> EMNIST | Predict: '0' (Ent: 2.56)
  ⚠️ [Mismatch] Cycle Back predicted 'cat' (Expected 'bird') (Ent: 1.57)
CIFAR10:'deer' -> EMNIST | Predict: '8' (Ent: 2.41)
CIFAR10:'frog' -> EMNIST | Predict: '8' (Ent: 1.69)
CIFAR10:'horse' -> EMNIST | Predict: '0' (Ent: 2.25)
  ⚠️ [Mismatch] Cycle Back predicted 'cat' (Expected 'horse') (Ent: 1.57)
CIFAR10:'truck' -> EMNIST | Predict: '0' (Ent: 2.48)
  ⚠️ [Mismatch] Cycle Back predicted 'cat' (Expected 'truck') (Ent: 1.57)
Exp: Old Gen + Old Ent (0.8)
dynamic_entropy_ratio: 0.8
MNIST:'0' -> EMNIST | Predict: '0' (Ent: 2.30)
  ⚠️ [Mismatch] Cycle Back predicted '8' (Expected '0') (Ent: 1.68)
MNIST:'1' -> EMNIST | Predict: 'W' (Ent: 2.50)
  ⚠️ [Mismatch] Cycle Back predicted '8' (Expected '1') (Ent: 1.47)
MNIST:'2' -> EMNIST | Predict: 'W' (Ent: 2.70)
  ⚠️ [Mismatch] Cycle Back predicted '8' (Expected '2') (Ent: 1.47)
MNIST:'3' -> EMNIST | Predict: 'G' (Ent: 2.50)
  ⚠️ [Mismatch] Cycle Back predicted '8' (Expected '3') (Ent: 1.25)
MNIST:'4' -> EMNIST | Predict: '8' (Ent: 2.07)
  ⚠️ [Mismatch] Cycle Back predicted '8' (Expected '4') (Ent: 1.07)
MNIST:'5' -> EMNIST | Predict: '3' (Ent: 1.69)
  ⚠️ [Mismatch] Cycle Back predicted '8' (Expected '5') (Ent: 1.14)
MNIST:'6' -> EMNIST | Predict: '8' (Ent: 2.14)
  ⚠️ [Mismatch] Cycle Back predicted '8' (Expected '6') (Ent: 1.07)
MNIST:'7' -> EMNIST | Predict: '8' (Ent: 2.09)
  ⚠️ [Mismatch] Cycle Back predicted '8' (Expected '7') (Ent: 1.07)
MNIST:'8' -> EMNIST | Predict: '8' (Ent: 1.42)
  ✅ [Match] MNIST:'8' <==> EMNIST:'8' (Ent: 1.07)
MNIST:'9' -> EMNIST | Predict: '8' (Ent: 2.30)
  ⚠️ [Mismatch] Cycle Back predicted '8' (Expected '9') (Ent: 1.07)
MNIST:'0' -> CIFAR10 | Predict: 'dog' (Ent: 1.40)
  ⚠️ [Mismatch] Cycle Back predicted '8' (Expected '0') (Ent: 1.23)
MNIST:'1' -> CIFAR10 ❌ (Uncertain)
MNIST:'2' -> CIFAR10 ❌ (Uncertain)
MNIST:'3' -> CIFAR10 ❌ (Uncertain)
MNIST:'4' -> CIFAR10 | Predict: 'cat' (Ent: 1.67)
  ⚠️ [Mismatch] Cycle Back predicted '8' (Expected '4') (Ent: 1.58)
MNIST:'5' -> CIFAR10 | Predict: 'ship' (Ent: 1.34)
  ⚠️ [Mismatch] Cycle Back predicted '8' (Expected '5') (Ent: 1.29)
MNIST:'6' -> CIFAR10 | Predict: 'ship' (Ent: 1.21)
  ⚠️ [Mismatch] Cycle Back predicted '8' (Expected '6') (Ent: 1.29)
MNIST:'7' -> CIFAR10 | Predict: 'ship' (Ent: 1.45)
  ⚠️ [Mismatch] Cycle Back predicted '8' (Expected '7') (Ent: 1.29)
MNIST:'8' -> CIFAR10 | Predict: 'ship' (Ent: 1.75)
  ✅ [Match] MNIST:'8' <==> CIFAR10:'ship' (Ent: 1.29)
MNIST:'9' -> CIFAR10 ❌ (Uncertain)
EMNIST:'1' -> MNIST | Predict: '8' (Ent: 1.12)
  ⚠️ [Mismatch] Cycle Back predicted '8' (Expected '1') (Ent: 1.42)
EMNIST:'2' -> MNIST | Predict: '8' (Ent: 1.14)
  ⚠️ [Mismatch] Cycle Back predicted '8' (Expected '2') (Ent: 1.42)
EMNIST:'4' -> MNIST | Predict: '8' (Ent: 1.10)
  ⚠️ [Mismatch] Cycle Back predicted '8' (Expected '4') (Ent: 1.42)
EMNIST:'5' -> MNIST | Predict: '8' (Ent: 1.12)
  ⚠️ [Mismatch] Cycle Back predicted '8' (Expected '5') (Ent: 1.42)
EMNIST:'6' -> MNIST | Predict: '8' (Ent: 1.05)
  ⚠️ [Mismatch] Cycle Back predicted '8' (Expected '6') (Ent: 1.42)
EMNIST:'7' -> MNIST | Predict: '8' (Ent: 1.39)
  ⚠️ [Mismatch] Cycle Back predicted '8' (Expected '7') (Ent: 1.42)
EMNIST:'9' -> MNIST | Predict: '8' (Ent: 1.61)
  ⚠️ [Mismatch] Cycle Back predicted '8' (Expected '9') (Ent: 1.42)
EMNIST:'A' -> MNIST | Predict: '8' (Ent: 1.65)
  ⚠️ [Mismatch] Cycle Back predicted '8' (Expected 'A') (Ent: 1.42)
EMNIST:'B' -> MNIST | Predict: '8' (Ent: 1.10)
  ⚠️ [Mismatch] Cycle Back predicted '8' (Expected 'B') (Ent: 1.42)
EMNIST:'C' -> MNIST | Predict: '8' (Ent: 1.79)
  ⚠️ [Mismatch] Cycle Back predicted '8' (Expected 'C') (Ent: 1.42)
EMNIST:'D' -> MNIST | Predict: '8' (Ent: 1.36)
  ⚠️ [Mismatch] Cycle Back predicted '8' (Expected 'D') (Ent: 1.42)
EMNIST:'E' -> MNIST | Predict: '8' (Ent: 1.57)
  ⚠️ [Mismatch] Cycle Back predicted '8' (Expected 'E') (Ent: 1.42)
EMNIST:'F' -> MNIST | Predict: '8' (Ent: 1.59)
  ⚠️ [Mismatch] Cycle Back predicted '8' (Expected 'F') (Ent: 1.42)
EMNIST:'H' -> MNIST | Predict: '8' (Ent: 0.75)
  ⚠️ [Mismatch] Cycle Back predicted '8' (Expected 'H') (Ent: 1.42)
EMNIST:'I' -> MNIST | Predict: '8' (Ent: 1.53)
  ⚠️ [Mismatch] Cycle Back predicted '8' (Expected 'I') (Ent: 1.42)
EMNIST:'J' -> MNIST | Predict: '8' (Ent: 0.91)
  ⚠️ [Mismatch] Cycle Back predicted '8' (Expected 'J') (Ent: 1.42)
EMNIST:'K' -> MNIST | Predict: '8' (Ent: 1.42)
  ⚠️ [Mismatch] Cycle Back predicted '8' (Expected 'K') (Ent: 1.42)
EMNIST:'L' -> MNIST | Predict: '8' (Ent: 1.73)
  ⚠️ [Mismatch] Cycle Back predicted '8' (Expected 'L') (Ent: 1.42)
EMNIST:'M' -> MNIST | Predict: '8' (Ent: 0.77)
  ⚠️ [Mismatch] Cycle Back predicted '8' (Expected 'M') (Ent: 1.42)
EMNIST:'N' -> MNIST | Predict: '8' (Ent: 1.18)
  ⚠️ [Mismatch] Cycle Back predicted '8' (Expected 'N') (Ent: 1.42)
EMNIST:'O' -> MNIST | Predict: '8' (Ent: 1.55)
  ⚠️ [Mismatch] Cycle Back predicted '8' (Expected 'O') (Ent: 1.42)
EMNIST:'P' -> MNIST | Predict: '8' (Ent: 1.38)
  ⚠️ [Mismatch] Cycle Back predicted '8' (Expected 'P') (Ent: 1.42)
EMNIST:'Q' -> MNIST | Predict: '8' (Ent: 1.29)
  ⚠️ [Mismatch] Cycle Back predicted '8' (Expected 'Q') (Ent: 1.42)
EMNIST:'R' -> MNIST | Predict: '8' (Ent: 1.40)
  ⚠️ [Mismatch] Cycle Back predicted '8' (Expected 'R') (Ent: 1.42)
EMNIST:'S' -> MNIST | Predict: '8' (Ent: 1.52)
  ⚠️ [Mismatch] Cycle Back predicted '8' (Expected 'S') (Ent: 1.42)
EMNIST:'T' -> MNIST | Predict: '8' (Ent: 1.21)
  ⚠️ [Mismatch] Cycle Back predicted '8' (Expected 'T') (Ent: 1.42)
EMNIST:'U' -> MNIST | Predict: '8' (Ent: 1.61)
  ⚠️ [Mismatch] Cycle Back predicted '8' (Expected 'U') (Ent: 1.42)
EMNIST:'V' -> MNIST | Predict: '8' (Ent: 1.16)
  ⚠️ [Mismatch] Cycle Back predicted '8' (Expected 'V') (Ent: 1.42)
EMNIST:'X' -> MNIST | Predict: '8' (Ent: 1.15)
  ⚠️ [Mismatch] Cycle Back predicted '8' (Expected 'X') (Ent: 1.42)
EMNIST:'Y' -> MNIST | Predict: '8' (Ent: 1.84)
  ⚠️ [Mismatch] Cycle Back predicted '8' (Expected 'Y') (Ent: 1.42)
EMNIST:'Z' -> MNIST | Predict: '8' (Ent: 1.28)
  ⚠️ [Mismatch] Cycle Back predicted '8' (Expected 'Z') (Ent: 1.42)
EMNIST:'a' -> MNIST | Predict: '8' (Ent: 1.65)
  ⚠️ [Mismatch] Cycle Back predicted '8' (Expected 'a') (Ent: 1.42)
EMNIST:'b' -> MNIST | Predict: '8' (Ent: 1.10)
  ⚠️ [Mismatch] Cycle Back predicted '8' (Expected 'b') (Ent: 1.42)
EMNIST:'c' -> MNIST | Predict: '8' (Ent: 1.79)
  ⚠️ [Mismatch] Cycle Back predicted '8' (Expected 'c') (Ent: 1.42)
EMNIST:'d' -> MNIST | Predict: '8' (Ent: 1.36)
  ⚠️ [Mismatch] Cycle Back predicted '8' (Expected 'd') (Ent: 1.42)
EMNIST:'e' -> MNIST | Predict: '8' (Ent: 1.57)
  ⚠️ [Mismatch] Cycle Back predicted '8' (Expected 'e') (Ent: 1.42)
EMNIST:'f' -> MNIST | Predict: '8' (Ent: 1.59)
  ⚠️ [Mismatch] Cycle Back predicted '8' (Expected 'f') (Ent: 1.42)
EMNIST:'g' -> MNIST | Predict: '8' (Ent: 1.25)
  ⚠️ [Mismatch] Cycle Back predicted '8' (Expected 'g') (Ent: 1.42)
EMNIST:'h' -> MNIST | Predict: '8' (Ent: 0.75)
  ⚠️ [Mismatch] Cycle Back predicted '8' (Expected 'h') (Ent: 1.42)
EMNIST:'i' -> MNIST | Predict: '8' (Ent: 1.53)
  ⚠️ [Mismatch] Cycle Back predicted '8' (Expected 'i') (Ent: 1.42)
EMNIST:'j' -> MNIST | Predict: '8' (Ent: 0.91)
  ⚠️ [Mismatch] Cycle Back predicted '8' (Expected 'j') (Ent: 1.42)
EMNIST:'k' -> MNIST | Predict: '8' (Ent: 1.42)
  ⚠️ [Mismatch] Cycle Back predicted '8' (Expected 'k') (Ent: 1.42)
EMNIST:'l' -> MNIST | Predict: '8' (Ent: 1.73)
  ⚠️ [Mismatch] Cycle Back predicted '8' (Expected 'l') (Ent: 1.42)
EMNIST:'m' -> MNIST | Predict: '8' (Ent: 0.77)
  ⚠️ [Mismatch] Cycle Back predicted '8' (Expected 'm') (Ent: 1.42)
EMNIST:'n' -> MNIST | Predict: '8' (Ent: 1.18)
  ⚠️ [Mismatch] Cycle Back predicted '8' (Expected 'n') (Ent: 1.42)
EMNIST:'o' -> MNIST | Predict: '8' (Ent: 1.55)
  ⚠️ [Mismatch] Cycle Back predicted '8' (Expected 'o') (Ent: 1.42)
EMNIST:'p' -> MNIST | Predict: '8' (Ent: 1.38)
  ⚠️ [Mismatch] Cycle Back predicted '8' (Expected 'p') (Ent: 1.42)
EMNIST:'q' -> MNIST | Predict: '8' (Ent: 1.29)
  ⚠️ [Mismatch] Cycle Back predicted '8' (Expected 'q') (Ent: 1.42)
EMNIST:'r' -> MNIST | Predict: '8' (Ent: 1.40)
  ⚠️ [Mismatch] Cycle Back predicted '8' (Expected 'r') (Ent: 1.42)
EMNIST:'s' -> MNIST | Predict: '8' (Ent: 1.52)
  ⚠️ [Mismatch] Cycle Back predicted '8' (Expected 's') (Ent: 1.42)
EMNIST:'t' -> MNIST | Predict: '8' (Ent: 1.21)
  ⚠️ [Mismatch] Cycle Back predicted '8' (Expected 't') (Ent: 1.42)
EMNIST:'u' -> MNIST | Predict: '8' (Ent: 1.61)
  ⚠️ [Mismatch] Cycle Back predicted '8' (Expected 'u') (Ent: 1.42)
EMNIST:'v' -> MNIST | Predict: '8' (Ent: 1.16)
  ⚠️ [Mismatch] Cycle Back predicted '8' (Expected 'v') (Ent: 1.42)
EMNIST:'w' -> MNIST | Predict: '8' (Ent: 1.47)
  ⚠️ [Mismatch] Cycle Back predicted '8' (Expected 'w') (Ent: 1.42)
EMNIST:'x' -> MNIST | Predict: '8' (Ent: 1.15)
  ⚠️ [Mismatch] Cycle Back predicted '8' (Expected 'x') (Ent: 1.42)
EMNIST:'y' -> MNIST | Predict: '8' (Ent: 1.84)
  ⚠️ [Mismatch] Cycle Back predicted '8' (Expected 'y') (Ent: 1.42)
EMNIST:'z' -> MNIST | Predict: '8' (Ent: 1.28)
  ⚠️ [Mismatch] Cycle Back predicted '8' (Expected 'z') (Ent: 1.42)
EMNIST:'0' -> CIFAR10 | Predict: 'cat' (Ent: 1.57)
  ✅ [Match] EMNIST:'0' <==> CIFAR10:'cat' (Ent: 2.80)
EMNIST:'1' -> CIFAR10 | Predict: 'ship' (Ent: 1.47)
  ⚠️ [Mismatch] Cycle Back predicted '0' (Expected '1') (Ent: 2.74)
EMNIST:'2' -> CIFAR10 | Predict: 'airplane' (Ent: 1.17)
  ⚠️ [Mismatch] Cycle Back predicted '8' (Expected '2') (Ent: 2.90)
EMNIST:'3' -> CIFAR10 | Predict: 'ship' (Ent: 1.44)
  ⚠️ [Mismatch] Cycle Back predicted '0' (Expected '3') (Ent: 2.74)
EMNIST:'4' -> CIFAR10 | Predict: 'ship' (Ent: 1.54)
  ⚠️ [Mismatch] Cycle Back predicted '0' (Expected '4') (Ent: 2.74)
EMNIST:'5' -> CIFAR10 | Predict: 'ship' (Ent: 1.69)
  ⚠️ [Mismatch] Cycle Back predicted '0' (Expected '5') (Ent: 2.74)
EMNIST:'6' -> CIFAR10 | Predict: 'automobile' (Ent: 1.69)
  ⚠️ [Mismatch] Cycle Back predicted '0' (Expected '6') (Ent: 2.66)
EMNIST:'7' -> CIFAR10 | Predict: 'ship' (Ent: 1.67)
  ⚠️ [Mismatch] Cycle Back predicted '0' (Expected '7') (Ent: 2.74)
EMNIST:'8' -> CIFAR10 ❌ (Uncertain)
EMNIST:'9' -> CIFAR10 ❌ (Uncertain)
EMNIST:'A' -> CIFAR10 | Predict: 'dog' (Ent: 1.58)
  ⚠️ [Mismatch] Cycle Back predicted '0' (Expected 'A') (Ent: 2.16)
EMNIST:'B' -> CIFAR10 | Predict: 'ship' (Ent: 1.76)
  ⚠️ [Mismatch] Cycle Back predicted '0' (Expected 'B') (Ent: 2.74)
EMNIST:'C' -> CIFAR10 | Predict: 'dog' (Ent: 1.32)
  ⚠️ [Mismatch] Cycle Back predicted '0' (Expected 'C') (Ent: 2.16)
EMNIST:'D' -> CIFAR10 ❌ (Uncertain)
EMNIST:'E' -> CIFAR10 | Predict: 'dog' (Ent: 1.49)
  ⚠️ [Mismatch] Cycle Back predicted '0' (Expected 'E') (Ent: 2.16)
EMNIST:'F' -> CIFAR10 | Predict: 'airplane' (Ent: 1.68)
  ⚠️ [Mismatch] Cycle Back predicted '8' (Expected 'F') (Ent: 2.90)
EMNIST:'G' -> CIFAR10 | Predict: 'ship' (Ent: 1.58)
  ⚠️ [Mismatch] Cycle Back predicted '0' (Expected 'G') (Ent: 2.74)
EMNIST:'H' -> CIFAR10 | Predict: 'ship' (Ent: 1.31)
  ⚠️ [Mismatch] Cycle Back predicted '0' (Expected 'H') (Ent: 2.74)
EMNIST:'I' -> CIFAR10 | Predict: 'dog' (Ent: 1.72)
  ⚠️ [Mismatch] Cycle Back predicted '0' (Expected 'I') (Ent: 2.16)
EMNIST:'J' -> CIFAR10 | Predict: 'ship' (Ent: 1.62)
  ⚠️ [Mismatch] Cycle Back predicted '0' (Expected 'J') (Ent: 2.74)
EMNIST:'K' -> CIFAR10 | Predict: 'airplane' (Ent: 1.29)
  ⚠️ [Mismatch] Cycle Back predicted '8' (Expected 'K') (Ent: 2.90)
EMNIST:'L' -> CIFAR10 | Predict: 'ship' (Ent: 1.79)
  ⚠️ [Mismatch] Cycle Back predicted '0' (Expected 'L') (Ent: 2.74)
EMNIST:'M' -> CIFAR10 | Predict: 'dog' (Ent: 1.82)
  ⚠️ [Mismatch] Cycle Back predicted '0' (Expected 'M') (Ent: 2.16)
EMNIST:'N' -> CIFAR10 | Predict: 'ship' (Ent: 1.69)
  ⚠️ [Mismatch] Cycle Back predicted '0' (Expected 'N') (Ent: 2.74)
EMNIST:'O' -> CIFAR10 | Predict: 'ship' (Ent: 1.74)
  ⚠️ [Mismatch] Cycle Back predicted '0' (Expected 'O') (Ent: 2.74)
EMNIST:'P' -> CIFAR10 | Predict: 'dog' (Ent: 1.55)
  ⚠️ [Mismatch] Cycle Back predicted '0' (Expected 'P') (Ent: 2.16)
EMNIST:'Q' -> CIFAR10 | Predict: 'ship' (Ent: 1.60)
  ⚠️ [Mismatch] Cycle Back predicted '0' (Expected 'Q') (Ent: 2.74)
EMNIST:'R' -> CIFAR10 | Predict: 'dog' (Ent: 1.78)
  ⚠️ [Mismatch] Cycle Back predicted '0' (Expected 'R') (Ent: 2.16)
EMNIST:'S' -> CIFAR10 | Predict: 'ship' (Ent: 1.37)
  ⚠️ [Mismatch] Cycle Back predicted '0' (Expected 'S') (Ent: 2.74)
EMNIST:'T' -> CIFAR10 ❌ (Uncertain)
EMNIST:'U' -> CIFAR10 | Predict: 'dog' (Ent: 1.40)
  ⚠️ [Mismatch] Cycle Back predicted '0' (Expected 'U') (Ent: 2.16)
EMNIST:'V' -> CIFAR10 | Predict: 'ship' (Ent: 1.58)
  ⚠️ [Mismatch] Cycle Back predicted '0' (Expected 'V') (Ent: 2.74)
EMNIST:'W' -> CIFAR10 | Predict: 'ship' (Ent: 1.61)
  ⚠️ [Mismatch] Cycle Back predicted '0' (Expected 'W') (Ent: 2.74)
EMNIST:'X' -> CIFAR10 | Predict: 'automobile' (Ent: 1.67)
  ⚠️ [Mismatch] Cycle Back predicted '0' (Expected 'X') (Ent: 2.66)
EMNIST:'Y' -> CIFAR10 | Predict: 'dog' (Ent: 1.71)
  ⚠️ [Mismatch] Cycle Back predicted '0' (Expected 'Y') (Ent: 2.16)
EMNIST:'Z' -> CIFAR10 | Predict: 'airplane' (Ent: 1.77)
  ⚠️ [Mismatch] Cycle Back predicted '8' (Expected 'Z') (Ent: 2.90)
EMNIST:'a' -> CIFAR10 | Predict: 'dog' (Ent: 1.58)
  ⚠️ [Mismatch] Cycle Back predicted '0' (Expected 'a') (Ent: 2.16)
EMNIST:'b' -> CIFAR10 | Predict: 'ship' (Ent: 1.76)
  ⚠️ [Mismatch] Cycle Back predicted '0' (Expected 'b') (Ent: 2.74)
EMNIST:'c' -> CIFAR10 | Predict: 'dog' (Ent: 1.32)
  ⚠️ [Mismatch] Cycle Back predicted '0' (Expected 'c') (Ent: 2.16)
EMNIST:'d' -> CIFAR10 ❌ (Uncertain)
EMNIST:'e' -> CIFAR10 | Predict: 'dog' (Ent: 1.49)
  ⚠️ [Mismatch] Cycle Back predicted '0' (Expected 'e') (Ent: 2.16)
EMNIST:'f' -> CIFAR10 | Predict: 'airplane' (Ent: 1.68)
  ⚠️ [Mismatch] Cycle Back predicted '8' (Expected 'f') (Ent: 2.90)
EMNIST:'g' -> CIFAR10 | Predict: 'ship' (Ent: 1.58)
  ⚠️ [Mismatch] Cycle Back predicted '0' (Expected 'g') (Ent: 2.74)
EMNIST:'h' -> CIFAR10 | Predict: 'ship' (Ent: 1.31)
  ⚠️ [Mismatch] Cycle Back predicted '0' (Expected 'h') (Ent: 2.74)
EMNIST:'i' -> CIFAR10 | Predict: 'dog' (Ent: 1.72)
  ⚠️ [Mismatch] Cycle Back predicted '0' (Expected 'i') (Ent: 2.16)
EMNIST:'j' -> CIFAR10 | Predict: 'ship' (Ent: 1.62)
  ⚠️ [Mismatch] Cycle Back predicted '0' (Expected 'j') (Ent: 2.74)
EMNIST:'k' -> CIFAR10 | Predict: 'airplane' (Ent: 1.29)
  ⚠️ [Mismatch] Cycle Back predicted '8' (Expected 'k') (Ent: 2.90)
EMNIST:'l' -> CIFAR10 | Predict: 'ship' (Ent: 1.79)
  ⚠️ [Mismatch] Cycle Back predicted '0' (Expected 'l') (Ent: 2.74)
EMNIST:'m' -> CIFAR10 | Predict: 'dog' (Ent: 1.82)
  ⚠️ [Mismatch] Cycle Back predicted '0' (Expected 'm') (Ent: 2.16)
EMNIST:'n' -> CIFAR10 | Predict: 'ship' (Ent: 1.69)
  ⚠️ [Mismatch] Cycle Back predicted '0' (Expected 'n') (Ent: 2.74)
EMNIST:'o' -> CIFAR10 | Predict: 'ship' (Ent: 1.74)
  ⚠️ [Mismatch] Cycle Back predicted '0' (Expected 'o') (Ent: 2.74)
EMNIST:'p' -> CIFAR10 | Predict: 'dog' (Ent: 1.55)
  ⚠️ [Mismatch] Cycle Back predicted '0' (Expected 'p') (Ent: 2.16)
EMNIST:'q' -> CIFAR10 | Predict: 'ship' (Ent: 1.60)
  ⚠️ [Mismatch] Cycle Back predicted '0' (Expected 'q') (Ent: 2.74)
EMNIST:'r' -> CIFAR10 | Predict: 'dog' (Ent: 1.78)
  ⚠️ [Mismatch] Cycle Back predicted '0' (Expected 'r') (Ent: 2.16)
EMNIST:'s' -> CIFAR10 | Predict: 'ship' (Ent: 1.37)
  ⚠️ [Mismatch] Cycle Back predicted '0' (Expected 's') (Ent: 2.74)
EMNIST:'t' -> CIFAR10 ❌ (Uncertain)
EMNIST:'u' -> CIFAR10 | Predict: 'dog' (Ent: 1.40)
  ⚠️ [Mismatch] Cycle Back predicted '0' (Expected 'u') (Ent: 2.16)
EMNIST:'v' -> CIFAR10 | Predict: 'ship' (Ent: 1.58)
  ⚠️ [Mismatch] Cycle Back predicted '0' (Expected 'v') (Ent: 2.74)
EMNIST:'w' -> CIFAR10 | Predict: 'ship' (Ent: 1.61)
  ⚠️ [Mismatch] Cycle Back predicted '0' (Expected 'w') (Ent: 2.74)
EMNIST:'x' -> CIFAR10 | Predict: 'automobile' (Ent: 1.67)
  ⚠️ [Mismatch] Cycle Back predicted '0' (Expected 'x') (Ent: 2.66)
EMNIST:'y' -> CIFAR10 | Predict: 'dog' (Ent: 1.71)
  ⚠️ [Mismatch] Cycle Back predicted '0' (Expected 'y') (Ent: 2.16)
EMNIST:'z' -> CIFAR10 | Predict: 'airplane' (Ent: 1.77)
  ⚠️ [Mismatch] Cycle Back predicted '8' (Expected 'z') (Ent: 2.90)
CIFAR10:'airplane' -> MNIST | Predict: '8' (Ent: 1.34)
  ⚠️ [Mismatch] Cycle Back predicted 'ship' (Expected 'airplane') (Ent: 1.75)
CIFAR10:'automobile' -> MNIST | Predict: '8' (Ent: 1.42)
  ⚠️ [Mismatch] Cycle Back predicted 'ship' (Expected 'automobile') (Ent: 1.75)
CIFAR10:'bird' -> MNIST | Predict: '8' (Ent: 1.30)
  ⚠️ [Mismatch] Cycle Back predicted 'ship' (Expected 'bird') (Ent: 1.75)
CIFAR10:'deer' -> MNIST | Predict: '8' (Ent: 1.36)
  ⚠️ [Mismatch] Cycle Back predicted 'ship' (Expected 'deer') (Ent: 1.75)
CIFAR10:'frog' -> MNIST | Predict: '8' (Ent: 1.35)
  ⚠️ [Mismatch] Cycle Back predicted 'ship' (Expected 'frog') (Ent: 1.75)
CIFAR10:'horse' -> MNIST | Predict: '8' (Ent: 1.49)
  ⚠️ [Mismatch] Cycle Back predicted 'ship' (Expected 'horse') (Ent: 1.75)
CIFAR10:'truck' -> MNIST | Predict: '8' (Ent: 1.45)
  ⚠️ [Mismatch] Cycle Back predicted 'ship' (Expected 'truck') (Ent: 1.75)
CIFAR10:'bird' -> EMNIST | Predict: '0' (Ent: 2.56)
  ⚠️ [Mismatch] Cycle Back predicted 'cat' (Expected 'bird') (Ent: 1.57)
CIFAR10:'deer' -> EMNIST | Predict: '8' (Ent: 2.41)
CIFAR10:'frog' -> EMNIST | Predict: '8' (Ent: 1.69)
CIFAR10:'horse' -> EMNIST | Predict: '0' (Ent: 2.25)
  ⚠️ [Mismatch] Cycle Back predicted 'cat' (Expected 'horse') (Ent: 1.57)
CIFAR10:'truck' -> EMNIST | Predict: '0' (Ent: 2.48)
  ⚠️ [Mismatch] Cycle Back predicted 'cat' (Expected 'truck') (Ent: 1.57)
Exp: Old Gen + Old Ent (0.85)
dynamic_entropy_ratio: 0.85
MNIST:'0' -> EMNIST | Predict: '0' (Ent: 2.30)
  ⚠️ [Mismatch] Cycle Back predicted '8' (Expected '0') (Ent: 1.68)
MNIST:'1' -> EMNIST | Predict: 'W' (Ent: 2.50)
  ⚠️ [Mismatch] Cycle Back predicted '8' (Expected '1') (Ent: 1.47)
MNIST:'2' -> EMNIST | Predict: 'W' (Ent: 2.70)
  ⚠️ [Mismatch] Cycle Back predicted '8' (Expected '2') (Ent: 1.47)
MNIST:'3' -> EMNIST | Predict: 'G' (Ent: 2.50)
  ⚠️ [Mismatch] Cycle Back predicted '8' (Expected '3') (Ent: 1.25)
MNIST:'4' -> EMNIST | Predict: '8' (Ent: 2.07)
  ⚠️ [Mismatch] Cycle Back predicted '8' (Expected '4') (Ent: 1.07)
MNIST:'5' -> EMNIST | Predict: '3' (Ent: 1.69)
  ⚠️ [Mismatch] Cycle Back predicted '8' (Expected '5') (Ent: 1.14)
MNIST:'6' -> EMNIST | Predict: '8' (Ent: 2.14)
  ⚠️ [Mismatch] Cycle Back predicted '8' (Expected '6') (Ent: 1.07)
MNIST:'7' -> EMNIST | Predict: '8' (Ent: 2.09)
  ⚠️ [Mismatch] Cycle Back predicted '8' (Expected '7') (Ent: 1.07)
MNIST:'8' -> EMNIST | Predict: '8' (Ent: 1.42)
  ✅ [Match] MNIST:'8' <==> EMNIST:'8' (Ent: 1.07)
MNIST:'9' -> EMNIST | Predict: '8' (Ent: 2.30)
  ⚠️ [Mismatch] Cycle Back predicted '8' (Expected '9') (Ent: 1.07)
MNIST:'0' -> CIFAR10 | Predict: 'dog' (Ent: 1.40)
  ⚠️ [Mismatch] Cycle Back predicted '8' (Expected '0') (Ent: 1.23)
MNIST:'1' -> CIFAR10 | Predict: 'dog' (Ent: 1.95)
  ⚠️ [Mismatch] Cycle Back predicted '8' (Expected '1') (Ent: 1.23)
MNIST:'2' -> CIFAR10 ❌ (Uncertain)
MNIST:'3' -> CIFAR10 | Predict: 'cat' (Ent: 1.94)
  ⚠️ [Mismatch] Cycle Back predicted '8' (Expected '3') (Ent: 1.58)
MNIST:'4' -> CIFAR10 | Predict: 'cat' (Ent: 1.67)
  ⚠️ [Mismatch] Cycle Back predicted '8' (Expected '4') (Ent: 1.58)
MNIST:'5' -> CIFAR10 | Predict: 'ship' (Ent: 1.34)
  ⚠️ [Mismatch] Cycle Back predicted '8' (Expected '5') (Ent: 1.29)
MNIST:'6' -> CIFAR10 | Predict: 'ship' (Ent: 1.21)
  ⚠️ [Mismatch] Cycle Back predicted '8' (Expected '6') (Ent: 1.29)
MNIST:'7' -> CIFAR10 | Predict: 'ship' (Ent: 1.45)
  ⚠️ [Mismatch] Cycle Back predicted '8' (Expected '7') (Ent: 1.29)
MNIST:'8' -> CIFAR10 | Predict: 'ship' (Ent: 1.75)
  ✅ [Match] MNIST:'8' <==> CIFAR10:'ship' (Ent: 1.29)
MNIST:'9' -> CIFAR10 | Predict: 'ship' (Ent: 1.90)
  ⚠️ [Mismatch] Cycle Back predicted '8' (Expected '9') (Ent: 1.29)
EMNIST:'1' -> MNIST | Predict: '8' (Ent: 1.12)
  ⚠️ [Mismatch] Cycle Back predicted '8' (Expected '1') (Ent: 1.42)
EMNIST:'2' -> MNIST | Predict: '8' (Ent: 1.14)
  ⚠️ [Mismatch] Cycle Back predicted '8' (Expected '2') (Ent: 1.42)
EMNIST:'4' -> MNIST | Predict: '8' (Ent: 1.10)
  ⚠️ [Mismatch] Cycle Back predicted '8' (Expected '4') (Ent: 1.42)
EMNIST:'5' -> MNIST | Predict: '8' (Ent: 1.12)
  ⚠️ [Mismatch] Cycle Back predicted '8' (Expected '5') (Ent: 1.42)
EMNIST:'6' -> MNIST | Predict: '8' (Ent: 1.05)
  ⚠️ [Mismatch] Cycle Back predicted '8' (Expected '6') (Ent: 1.42)
EMNIST:'7' -> MNIST | Predict: '8' (Ent: 1.39)
  ⚠️ [Mismatch] Cycle Back predicted '8' (Expected '7') (Ent: 1.42)
EMNIST:'9' -> MNIST | Predict: '8' (Ent: 1.61)
  ⚠️ [Mismatch] Cycle Back predicted '8' (Expected '9') (Ent: 1.42)
EMNIST:'A' -> MNIST | Predict: '8' (Ent: 1.65)
  ⚠️ [Mismatch] Cycle Back predicted '8' (Expected 'A') (Ent: 1.42)
EMNIST:'B' -> MNIST | Predict: '8' (Ent: 1.10)
  ⚠️ [Mismatch] Cycle Back predicted '8' (Expected 'B') (Ent: 1.42)
EMNIST:'C' -> MNIST | Predict: '8' (Ent: 1.79)
  ⚠️ [Mismatch] Cycle Back predicted '8' (Expected 'C') (Ent: 1.42)
EMNIST:'D' -> MNIST | Predict: '8' (Ent: 1.36)
  ⚠️ [Mismatch] Cycle Back predicted '8' (Expected 'D') (Ent: 1.42)
EMNIST:'E' -> MNIST | Predict: '8' (Ent: 1.57)
  ⚠️ [Mismatch] Cycle Back predicted '8' (Expected 'E') (Ent: 1.42)
EMNIST:'F' -> MNIST | Predict: '8' (Ent: 1.59)
  ⚠️ [Mismatch] Cycle Back predicted '8' (Expected 'F') (Ent: 1.42)
EMNIST:'H' -> MNIST | Predict: '8' (Ent: 0.75)
  ⚠️ [Mismatch] Cycle Back predicted '8' (Expected 'H') (Ent: 1.42)
EMNIST:'I' -> MNIST | Predict: '8' (Ent: 1.53)
  ⚠️ [Mismatch] Cycle Back predicted '8' (Expected 'I') (Ent: 1.42)
EMNIST:'J' -> MNIST | Predict: '8' (Ent: 0.91)
  ⚠️ [Mismatch] Cycle Back predicted '8' (Expected 'J') (Ent: 1.42)
EMNIST:'K' -> MNIST | Predict: '8' (Ent: 1.42)
  ⚠️ [Mismatch] Cycle Back predicted '8' (Expected 'K') (Ent: 1.42)
EMNIST:'L' -> MNIST | Predict: '8' (Ent: 1.73)
  ⚠️ [Mismatch] Cycle Back predicted '8' (Expected 'L') (Ent: 1.42)
EMNIST:'M' -> MNIST | Predict: '8' (Ent: 0.77)
  ⚠️ [Mismatch] Cycle Back predicted '8' (Expected 'M') (Ent: 1.42)
EMNIST:'N' -> MNIST | Predict: '8' (Ent: 1.18)
  ⚠️ [Mismatch] Cycle Back predicted '8' (Expected 'N') (Ent: 1.42)
EMNIST:'O' -> MNIST | Predict: '8' (Ent: 1.55)
  ⚠️ [Mismatch] Cycle Back predicted '8' (Expected 'O') (Ent: 1.42)
EMNIST:'P' -> MNIST | Predict: '8' (Ent: 1.38)
  ⚠️ [Mismatch] Cycle Back predicted '8' (Expected 'P') (Ent: 1.42)
EMNIST:'Q' -> MNIST | Predict: '8' (Ent: 1.29)
  ⚠️ [Mismatch] Cycle Back predicted '8' (Expected 'Q') (Ent: 1.42)
EMNIST:'R' -> MNIST | Predict: '8' (Ent: 1.40)
  ⚠️ [Mismatch] Cycle Back predicted '8' (Expected 'R') (Ent: 1.42)
EMNIST:'S' -> MNIST | Predict: '8' (Ent: 1.52)
  ⚠️ [Mismatch] Cycle Back predicted '8' (Expected 'S') (Ent: 1.42)
EMNIST:'T' -> MNIST | Predict: '8' (Ent: 1.21)
  ⚠️ [Mismatch] Cycle Back predicted '8' (Expected 'T') (Ent: 1.42)
EMNIST:'U' -> MNIST | Predict: '8' (Ent: 1.61)
  ⚠️ [Mismatch] Cycle Back predicted '8' (Expected 'U') (Ent: 1.42)
EMNIST:'V' -> MNIST | Predict: '8' (Ent: 1.16)
  ⚠️ [Mismatch] Cycle Back predicted '8' (Expected 'V') (Ent: 1.42)
EMNIST:'X' -> MNIST | Predict: '8' (Ent: 1.15)
  ⚠️ [Mismatch] Cycle Back predicted '8' (Expected 'X') (Ent: 1.42)
EMNIST:'Y' -> MNIST | Predict: '8' (Ent: 1.84)
  ⚠️ [Mismatch] Cycle Back predicted '8' (Expected 'Y') (Ent: 1.42)
EMNIST:'Z' -> MNIST | Predict: '8' (Ent: 1.28)
  ⚠️ [Mismatch] Cycle Back predicted '8' (Expected 'Z') (Ent: 1.42)
EMNIST:'a' -> MNIST | Predict: '8' (Ent: 1.65)
  ⚠️ [Mismatch] Cycle Back predicted '8' (Expected 'a') (Ent: 1.42)
EMNIST:'b' -> MNIST | Predict: '8' (Ent: 1.10)
  ⚠️ [Mismatch] Cycle Back predicted '8' (Expected 'b') (Ent: 1.42)
EMNIST:'c' -> MNIST | Predict: '8' (Ent: 1.79)
  ⚠️ [Mismatch] Cycle Back predicted '8' (Expected 'c') (Ent: 1.42)
EMNIST:'d' -> MNIST | Predict: '8' (Ent: 1.36)
  ⚠️ [Mismatch] Cycle Back predicted '8' (Expected 'd') (Ent: 1.42)
EMNIST:'e' -> MNIST | Predict: '8' (Ent: 1.57)
  ⚠️ [Mismatch] Cycle Back predicted '8' (Expected 'e') (Ent: 1.42)
EMNIST:'f' -> MNIST | Predict: '8' (Ent: 1.59)
  ⚠️ [Mismatch] Cycle Back predicted '8' (Expected 'f') (Ent: 1.42)
EMNIST:'g' -> MNIST | Predict: '8' (Ent: 1.25)
  ⚠️ [Mismatch] Cycle Back predicted '8' (Expected 'g') (Ent: 1.42)
EMNIST:'h' -> MNIST | Predict: '8' (Ent: 0.75)
  ⚠️ [Mismatch] Cycle Back predicted '8' (Expected 'h') (Ent: 1.42)
EMNIST:'i' -> MNIST | Predict: '8' (Ent: 1.53)
  ⚠️ [Mismatch] Cycle Back predicted '8' (Expected 'i') (Ent: 1.42)
EMNIST:'j' -> MNIST | Predict: '8' (Ent: 0.91)
  ⚠️ [Mismatch] Cycle Back predicted '8' (Expected 'j') (Ent: 1.42)
EMNIST:'k' -> MNIST | Predict: '8' (Ent: 1.42)
  ⚠️ [Mismatch] Cycle Back predicted '8' (Expected 'k') (Ent: 1.42)
EMNIST:'l' -> MNIST | Predict: '8' (Ent: 1.73)
  ⚠️ [Mismatch] Cycle Back predicted '8' (Expected 'l') (Ent: 1.42)
EMNIST:'m' -> MNIST | Predict: '8' (Ent: 0.77)
  ⚠️ [Mismatch] Cycle Back predicted '8' (Expected 'm') (Ent: 1.42)
EMNIST:'n' -> MNIST | Predict: '8' (Ent: 1.18)
  ⚠️ [Mismatch] Cycle Back predicted '8' (Expected 'n') (Ent: 1.42)
EMNIST:'o' -> MNIST | Predict: '8' (Ent: 1.55)
  ⚠️ [Mismatch] Cycle Back predicted '8' (Expected 'o') (Ent: 1.42)
EMNIST:'p' -> MNIST | Predict: '8' (Ent: 1.38)
  ⚠️ [Mismatch] Cycle Back predicted '8' (Expected 'p') (Ent: 1.42)
EMNIST:'q' -> MNIST | Predict: '8' (Ent: 1.29)
  ⚠️ [Mismatch] Cycle Back predicted '8' (Expected 'q') (Ent: 1.42)
EMNIST:'r' -> MNIST | Predict: '8' (Ent: 1.40)
  ⚠️ [Mismatch] Cycle Back predicted '8' (Expected 'r') (Ent: 1.42)
EMNIST:'s' -> MNIST | Predict: '8' (Ent: 1.52)
  ⚠️ [Mismatch] Cycle Back predicted '8' (Expected 's') (Ent: 1.42)
EMNIST:'t' -> MNIST | Predict: '8' (Ent: 1.21)
  ⚠️ [Mismatch] Cycle Back predicted '8' (Expected 't') (Ent: 1.42)
EMNIST:'u' -> MNIST | Predict: '8' (Ent: 1.61)
  ⚠️ [Mismatch] Cycle Back predicted '8' (Expected 'u') (Ent: 1.42)
EMNIST:'v' -> MNIST | Predict: '8' (Ent: 1.16)
  ⚠️ [Mismatch] Cycle Back predicted '8' (Expected 'v') (Ent: 1.42)
EMNIST:'w' -> MNIST | Predict: '8' (Ent: 1.47)
  ⚠️ [Mismatch] Cycle Back predicted '8' (Expected 'w') (Ent: 1.42)
EMNIST:'x' -> MNIST | Predict: '8' (Ent: 1.15)
  ⚠️ [Mismatch] Cycle Back predicted '8' (Expected 'x') (Ent: 1.42)
EMNIST:'y' -> MNIST | Predict: '8' (Ent: 1.84)
  ⚠️ [Mismatch] Cycle Back predicted '8' (Expected 'y') (Ent: 1.42)
EMNIST:'z' -> MNIST | Predict: '8' (Ent: 1.28)
  ⚠️ [Mismatch] Cycle Back predicted '8' (Expected 'z') (Ent: 1.42)
EMNIST:'0' -> CIFAR10 | Predict: 'cat' (Ent: 1.57)
  ✅ [Match] EMNIST:'0' <==> CIFAR10:'cat' (Ent: 2.80)
EMNIST:'1' -> CIFAR10 | Predict: 'ship' (Ent: 1.47)
  ⚠️ [Mismatch] Cycle Back predicted '0' (Expected '1') (Ent: 2.74)
EMNIST:'2' -> CIFAR10 | Predict: 'airplane' (Ent: 1.17)
  ⚠️ [Mismatch] Cycle Back predicted '8' (Expected '2') (Ent: 2.90)
EMNIST:'3' -> CIFAR10 | Predict: 'ship' (Ent: 1.44)
  ⚠️ [Mismatch] Cycle Back predicted '0' (Expected '3') (Ent: 2.74)
EMNIST:'4' -> CIFAR10 | Predict: 'ship' (Ent: 1.54)
  ⚠️ [Mismatch] Cycle Back predicted '0' (Expected '4') (Ent: 2.74)
EMNIST:'5' -> CIFAR10 | Predict: 'ship' (Ent: 1.69)
  ⚠️ [Mismatch] Cycle Back predicted '0' (Expected '5') (Ent: 2.74)
EMNIST:'6' -> CIFAR10 | Predict: 'automobile' (Ent: 1.69)
  ⚠️ [Mismatch] Cycle Back predicted '0' (Expected '6') (Ent: 2.66)
EMNIST:'7' -> CIFAR10 | Predict: 'ship' (Ent: 1.67)
  ⚠️ [Mismatch] Cycle Back predicted '0' (Expected '7') (Ent: 2.74)
EMNIST:'8' -> CIFAR10 | Predict: 'ship' (Ent: 1.88)
  ⚠️ [Mismatch] Cycle Back predicted '0' (Expected '8') (Ent: 2.74)
EMNIST:'9' -> CIFAR10 | Predict: 'ship' (Ent: 1.88)
  ⚠️ [Mismatch] Cycle Back predicted '0' (Expected '9') (Ent: 2.74)
EMNIST:'A' -> CIFAR10 | Predict: 'dog' (Ent: 1.58)
  ⚠️ [Mismatch] Cycle Back predicted '0' (Expected 'A') (Ent: 2.16)
EMNIST:'B' -> CIFAR10 | Predict: 'ship' (Ent: 1.76)
  ⚠️ [Mismatch] Cycle Back predicted '0' (Expected 'B') (Ent: 2.74)
EMNIST:'C' -> CIFAR10 | Predict: 'dog' (Ent: 1.32)
  ⚠️ [Mismatch] Cycle Back predicted '0' (Expected 'C') (Ent: 2.16)
EMNIST:'D' -> CIFAR10 ❌ (Uncertain)
EMNIST:'E' -> CIFAR10 | Predict: 'dog' (Ent: 1.49)
  ⚠️ [Mismatch] Cycle Back predicted '0' (Expected 'E') (Ent: 2.16)
EMNIST:'F' -> CIFAR10 | Predict: 'airplane' (Ent: 1.68)
  ⚠️ [Mismatch] Cycle Back predicted '8' (Expected 'F') (Ent: 2.90)
EMNIST:'G' -> CIFAR10 | Predict: 'ship' (Ent: 1.58)
  ⚠️ [Mismatch] Cycle Back predicted '0' (Expected 'G') (Ent: 2.74)
EMNIST:'H' -> CIFAR10 | Predict: 'ship' (Ent: 1.31)
  ⚠️ [Mismatch] Cycle Back predicted '0' (Expected 'H') (Ent: 2.74)
EMNIST:'I' -> CIFAR10 | Predict: 'dog' (Ent: 1.72)
  ⚠️ [Mismatch] Cycle Back predicted '0' (Expected 'I') (Ent: 2.16)
EMNIST:'J' -> CIFAR10 | Predict: 'ship' (Ent: 1.62)
  ⚠️ [Mismatch] Cycle Back predicted '0' (Expected 'J') (Ent: 2.74)
EMNIST:'K' -> CIFAR10 | Predict: 'airplane' (Ent: 1.29)
  ⚠️ [Mismatch] Cycle Back predicted '8' (Expected 'K') (Ent: 2.90)
EMNIST:'L' -> CIFAR10 | Predict: 'ship' (Ent: 1.79)
  ⚠️ [Mismatch] Cycle Back predicted '0' (Expected 'L') (Ent: 2.74)
EMNIST:'M' -> CIFAR10 | Predict: 'dog' (Ent: 1.82)
  ⚠️ [Mismatch] Cycle Back predicted '0' (Expected 'M') (Ent: 2.16)
EMNIST:'N' -> CIFAR10 | Predict: 'ship' (Ent: 1.69)
  ⚠️ [Mismatch] Cycle Back predicted '0' (Expected 'N') (Ent: 2.74)
EMNIST:'O' -> CIFAR10 | Predict: 'ship' (Ent: 1.74)
  ⚠️ [Mismatch] Cycle Back predicted '0' (Expected 'O') (Ent: 2.74)
EMNIST:'P' -> CIFAR10 | Predict: 'dog' (Ent: 1.55)
  ⚠️ [Mismatch] Cycle Back predicted '0' (Expected 'P') (Ent: 2.16)
EMNIST:'Q' -> CIFAR10 | Predict: 'ship' (Ent: 1.60)
  ⚠️ [Mismatch] Cycle Back predicted '0' (Expected 'Q') (Ent: 2.74)
EMNIST:'R' -> CIFAR10 | Predict: 'dog' (Ent: 1.78)
  ⚠️ [Mismatch] Cycle Back predicted '0' (Expected 'R') (Ent: 2.16)
EMNIST:'S' -> CIFAR10 | Predict: 'ship' (Ent: 1.37)
  ⚠️ [Mismatch] Cycle Back predicted '0' (Expected 'S') (Ent: 2.74)
EMNIST:'T' -> CIFAR10 | Predict: 'dog' (Ent: 1.91)
  ⚠️ [Mismatch] Cycle Back predicted '0' (Expected 'T') (Ent: 2.16)
EMNIST:'U' -> CIFAR10 | Predict: 'dog' (Ent: 1.40)
  ⚠️ [Mismatch] Cycle Back predicted '0' (Expected 'U') (Ent: 2.16)
EMNIST:'V' -> CIFAR10 | Predict: 'ship' (Ent: 1.58)
  ⚠️ [Mismatch] Cycle Back predicted '0' (Expected 'V') (Ent: 2.74)
EMNIST:'W' -> CIFAR10 | Predict: 'ship' (Ent: 1.61)
  ⚠️ [Mismatch] Cycle Back predicted '0' (Expected 'W') (Ent: 2.74)
EMNIST:'X' -> CIFAR10 | Predict: 'automobile' (Ent: 1.67)
  ⚠️ [Mismatch] Cycle Back predicted '0' (Expected 'X') (Ent: 2.66)
EMNIST:'Y' -> CIFAR10 | Predict: 'dog' (Ent: 1.71)
  ⚠️ [Mismatch] Cycle Back predicted '0' (Expected 'Y') (Ent: 2.16)
EMNIST:'Z' -> CIFAR10 | Predict: 'airplane' (Ent: 1.77)
  ⚠️ [Mismatch] Cycle Back predicted '8' (Expected 'Z') (Ent: 2.90)
EMNIST:'a' -> CIFAR10 | Predict: 'dog' (Ent: 1.58)
  ⚠️ [Mismatch] Cycle Back predicted '0' (Expected 'a') (Ent: 2.16)
EMNIST:'b' -> CIFAR10 | Predict: 'ship' (Ent: 1.76)
  ⚠️ [Mismatch] Cycle Back predicted '0' (Expected 'b') (Ent: 2.74)
EMNIST:'c' -> CIFAR10 | Predict: 'dog' (Ent: 1.32)
  ⚠️ [Mismatch] Cycle Back predicted '0' (Expected 'c') (Ent: 2.16)
EMNIST:'d' -> CIFAR10 ❌ (Uncertain)
EMNIST:'e' -> CIFAR10 | Predict: 'dog' (Ent: 1.49)
  ⚠️ [Mismatch] Cycle Back predicted '0' (Expected 'e') (Ent: 2.16)
EMNIST:'f' -> CIFAR10 | Predict: 'airplane' (Ent: 1.68)
  ⚠️ [Mismatch] Cycle Back predicted '8' (Expected 'f') (Ent: 2.90)
EMNIST:'g' -> CIFAR10 | Predict: 'ship' (Ent: 1.58)
  ⚠️ [Mismatch] Cycle Back predicted '0' (Expected 'g') (Ent: 2.74)
EMNIST:'h' -> CIFAR10 | Predict: 'ship' (Ent: 1.31)
  ⚠️ [Mismatch] Cycle Back predicted '0' (Expected 'h') (Ent: 2.74)
EMNIST:'i' -> CIFAR10 | Predict: 'dog' (Ent: 1.72)
  ⚠️ [Mismatch] Cycle Back predicted '0' (Expected 'i') (Ent: 2.16)
EMNIST:'j' -> CIFAR10 | Predict: 'ship' (Ent: 1.62)
  ⚠️ [Mismatch] Cycle Back predicted '0' (Expected 'j') (Ent: 2.74)
EMNIST:'k' -> CIFAR10 | Predict: 'airplane' (Ent: 1.29)
  ⚠️ [Mismatch] Cycle Back predicted '8' (Expected 'k') (Ent: 2.90)
EMNIST:'l' -> CIFAR10 | Predict: 'ship' (Ent: 1.79)
  ⚠️ [Mismatch] Cycle Back predicted '0' (Expected 'l') (Ent: 2.74)
EMNIST:'m' -> CIFAR10 | Predict: 'dog' (Ent: 1.82)
  ⚠️ [Mismatch] Cycle Back predicted '0' (Expected 'm') (Ent: 2.16)
EMNIST:'n' -> CIFAR10 | Predict: 'ship' (Ent: 1.69)
  ⚠️ [Mismatch] Cycle Back predicted '0' (Expected 'n') (Ent: 2.74)
EMNIST:'o' -> CIFAR10 | Predict: 'ship' (Ent: 1.74)
  ⚠️ [Mismatch] Cycle Back predicted '0' (Expected 'o') (Ent: 2.74)
EMNIST:'p' -> CIFAR10 | Predict: 'dog' (Ent: 1.55)
  ⚠️ [Mismatch] Cycle Back predicted '0' (Expected 'p') (Ent: 2.16)
EMNIST:'q' -> CIFAR10 | Predict: 'ship' (Ent: 1.60)
  ⚠️ [Mismatch] Cycle Back predicted '0' (Expected 'q') (Ent: 2.74)
EMNIST:'r' -> CIFAR10 | Predict: 'dog' (Ent: 1.78)
  ⚠️ [Mismatch] Cycle Back predicted '0' (Expected 'r') (Ent: 2.16)
EMNIST:'s' -> CIFAR10 | Predict: 'ship' (Ent: 1.37)
  ⚠️ [Mismatch] Cycle Back predicted '0' (Expected 's') (Ent: 2.74)
EMNIST:'t' -> CIFAR10 | Predict: 'dog' (Ent: 1.91)
  ⚠️ [Mismatch] Cycle Back predicted '0' (Expected 't') (Ent: 2.16)
EMNIST:'u' -> CIFAR10 | Predict: 'dog' (Ent: 1.40)
  ⚠️ [Mismatch] Cycle Back predicted '0' (Expected 'u') (Ent: 2.16)
EMNIST:'v' -> CIFAR10 | Predict: 'ship' (Ent: 1.58)
  ⚠️ [Mismatch] Cycle Back predicted '0' (Expected 'v') (Ent: 2.74)
EMNIST:'w' -> CIFAR10 | Predict: 'ship' (Ent: 1.61)
  ⚠️ [Mismatch] Cycle Back predicted '0' (Expected 'w') (Ent: 2.74)
EMNIST:'x' -> CIFAR10 | Predict: 'automobile' (Ent: 1.67)
  ⚠️ [Mismatch] Cycle Back predicted '0' (Expected 'x') (Ent: 2.66)
EMNIST:'y' -> CIFAR10 | Predict: 'dog' (Ent: 1.71)
  ⚠️ [Mismatch] Cycle Back predicted '0' (Expected 'y') (Ent: 2.16)
EMNIST:'z' -> CIFAR10 | Predict: 'airplane' (Ent: 1.77)
  ⚠️ [Mismatch] Cycle Back predicted '8' (Expected 'z') (Ent: 2.90)
CIFAR10:'airplane' -> MNIST | Predict: '8' (Ent: 1.34)
  ⚠️ [Mismatch] Cycle Back predicted 'ship' (Expected 'airplane') (Ent: 1.75)
CIFAR10:'automobile' -> MNIST | Predict: '8' (Ent: 1.42)
  ⚠️ [Mismatch] Cycle Back predicted 'ship' (Expected 'automobile') (Ent: 1.75)
CIFAR10:'bird' -> MNIST | Predict: '8' (Ent: 1.30)
  ⚠️ [Mismatch] Cycle Back predicted 'ship' (Expected 'bird') (Ent: 1.75)
CIFAR10:'deer' -> MNIST | Predict: '8' (Ent: 1.36)
  ⚠️ [Mismatch] Cycle Back predicted 'ship' (Expected 'deer') (Ent: 1.75)
CIFAR10:'frog' -> MNIST | Predict: '8' (Ent: 1.35)
  ⚠️ [Mismatch] Cycle Back predicted 'ship' (Expected 'frog') (Ent: 1.75)
CIFAR10:'horse' -> MNIST | Predict: '8' (Ent: 1.49)
  ⚠️ [Mismatch] Cycle Back predicted 'ship' (Expected 'horse') (Ent: 1.75)
CIFAR10:'truck' -> MNIST | Predict: '8' (Ent: 1.45)
  ⚠️ [Mismatch] Cycle Back predicted 'ship' (Expected 'truck') (Ent: 1.75)
CIFAR10:'bird' -> EMNIST | Predict: '0' (Ent: 2.56)
  ⚠️ [Mismatch] Cycle Back predicted 'cat' (Expected 'bird') (Ent: 1.57)
CIFAR10:'deer' -> EMNIST | Predict: '8' (Ent: 2.41)
  ⚠️ [Mismatch] Cycle Back predicted 'ship' (Expected 'deer') (Ent: 1.88)
CIFAR10:'frog' -> EMNIST | Predict: '8' (Ent: 1.69)
  ⚠️ [Mismatch] Cycle Back predicted 'ship' (Expected 'frog') (Ent: 1.88)
CIFAR10:'horse' -> EMNIST | Predict: '0' (Ent: 2.25)
  ⚠️ [Mismatch] Cycle Back predicted 'cat' (Expected 'horse') (Ent: 1.57)
CIFAR10:'truck' -> EMNIST | Predict: '0' (Ent: 2.48)
  ⚠️ [Mismatch] Cycle Back predicted 'cat' (Expected 'truck') (Ent: 1.57)
Exp: Old Gen + Old Ent (0.9)
dynamic_entropy_ratio: 0.9
MNIST:'0' -> EMNIST | Predict: '0' (Ent: 2.30)
  ⚠️ [Mismatch] Cycle Back predicted '8' (Expected '0') (Ent: 1.68)
MNIST:'1' -> EMNIST | Predict: 'W' (Ent: 2.50)
  ⚠️ [Mismatch] Cycle Back predicted '8' (Expected '1') (Ent: 1.47)
MNIST:'2' -> EMNIST | Predict: 'W' (Ent: 2.70)
  ⚠️ [Mismatch] Cycle Back predicted '8' (Expected '2') (Ent: 1.47)
MNIST:'3' -> EMNIST | Predict: 'G' (Ent: 2.50)
  ⚠️ [Mismatch] Cycle Back predicted '8' (Expected '3') (Ent: 1.25)
MNIST:'4' -> EMNIST | Predict: '8' (Ent: 2.07)
  ⚠️ [Mismatch] Cycle Back predicted '8' (Expected '4') (Ent: 1.07)
MNIST:'5' -> EMNIST | Predict: '3' (Ent: 1.69)
  ⚠️ [Mismatch] Cycle Back predicted '8' (Expected '5') (Ent: 1.14)
MNIST:'6' -> EMNIST | Predict: '8' (Ent: 2.14)
  ⚠️ [Mismatch] Cycle Back predicted '8' (Expected '6') (Ent: 1.07)
MNIST:'7' -> EMNIST | Predict: '8' (Ent: 2.09)
  ⚠️ [Mismatch] Cycle Back predicted '8' (Expected '7') (Ent: 1.07)
MNIST:'8' -> EMNIST | Predict: '8' (Ent: 1.42)
  ✅ [Match] MNIST:'8' <==> EMNIST:'8' (Ent: 1.07)
MNIST:'9' -> EMNIST | Predict: '8' (Ent: 2.30)
  ⚠️ [Mismatch] Cycle Back predicted '8' (Expected '9') (Ent: 1.07)
MNIST:'0' -> CIFAR10 | Predict: 'dog' (Ent: 1.40)
  ⚠️ [Mismatch] Cycle Back predicted '8' (Expected '0') (Ent: 1.23)
MNIST:'1' -> CIFAR10 | Predict: 'dog' (Ent: 1.95)
  ⚠️ [Mismatch] Cycle Back predicted '8' (Expected '1') (Ent: 1.23)
MNIST:'2' -> CIFAR10 | Predict: 'dog' (Ent: 2.02)
  ⚠️ [Mismatch] Cycle Back predicted '8' (Expected '2') (Ent: 1.23)
MNIST:'3' -> CIFAR10 | Predict: 'cat' (Ent: 1.94)
  ⚠️ [Mismatch] Cycle Back predicted '8' (Expected '3') (Ent: 1.58)
MNIST:'4' -> CIFAR10 | Predict: 'cat' (Ent: 1.67)
  ⚠️ [Mismatch] Cycle Back predicted '8' (Expected '4') (Ent: 1.58)
MNIST:'5' -> CIFAR10 | Predict: 'ship' (Ent: 1.34)
  ⚠️ [Mismatch] Cycle Back predicted '8' (Expected '5') (Ent: 1.29)
MNIST:'6' -> CIFAR10 | Predict: 'ship' (Ent: 1.21)
  ⚠️ [Mismatch] Cycle Back predicted '8' (Expected '6') (Ent: 1.29)
MNIST:'7' -> CIFAR10 | Predict: 'ship' (Ent: 1.45)
  ⚠️ [Mismatch] Cycle Back predicted '8' (Expected '7') (Ent: 1.29)
MNIST:'8' -> CIFAR10 | Predict: 'ship' (Ent: 1.75)
  ✅ [Match] MNIST:'8' <==> CIFAR10:'ship' (Ent: 1.29)
MNIST:'9' -> CIFAR10 | Predict: 'ship' (Ent: 1.90)
  ⚠️ [Mismatch] Cycle Back predicted '8' (Expected '9') (Ent: 1.29)
EMNIST:'1' -> MNIST | Predict: '8' (Ent: 1.12)
  ⚠️ [Mismatch] Cycle Back predicted '8' (Expected '1') (Ent: 1.42)
EMNIST:'2' -> MNIST | Predict: '8' (Ent: 1.14)
  ⚠️ [Mismatch] Cycle Back predicted '8' (Expected '2') (Ent: 1.42)
EMNIST:'4' -> MNIST | Predict: '8' (Ent: 1.10)
  ⚠️ [Mismatch] Cycle Back predicted '8' (Expected '4') (Ent: 1.42)
EMNIST:'5' -> MNIST | Predict: '8' (Ent: 1.12)
  ⚠️ [Mismatch] Cycle Back predicted '8' (Expected '5') (Ent: 1.42)
EMNIST:'6' -> MNIST | Predict: '8' (Ent: 1.05)
  ⚠️ [Mismatch] Cycle Back predicted '8' (Expected '6') (Ent: 1.42)
EMNIST:'7' -> MNIST | Predict: '8' (Ent: 1.39)
  ⚠️ [Mismatch] Cycle Back predicted '8' (Expected '7') (Ent: 1.42)
EMNIST:'9' -> MNIST | Predict: '8' (Ent: 1.61)
  ⚠️ [Mismatch] Cycle Back predicted '8' (Expected '9') (Ent: 1.42)
EMNIST:'A' -> MNIST | Predict: '8' (Ent: 1.65)
  ⚠️ [Mismatch] Cycle Back predicted '8' (Expected 'A') (Ent: 1.42)
EMNIST:'B' -> MNIST | Predict: '8' (Ent: 1.10)
  ⚠️ [Mismatch] Cycle Back predicted '8' (Expected 'B') (Ent: 1.42)
EMNIST:'C' -> MNIST | Predict: '8' (Ent: 1.79)
  ⚠️ [Mismatch] Cycle Back predicted '8' (Expected 'C') (Ent: 1.42)
EMNIST:'D' -> MNIST | Predict: '8' (Ent: 1.36)
  ⚠️ [Mismatch] Cycle Back predicted '8' (Expected 'D') (Ent: 1.42)
EMNIST:'E' -> MNIST | Predict: '8' (Ent: 1.57)
  ⚠️ [Mismatch] Cycle Back predicted '8' (Expected 'E') (Ent: 1.42)
EMNIST:'F' -> MNIST | Predict: '8' (Ent: 1.59)
  ⚠️ [Mismatch] Cycle Back predicted '8' (Expected 'F') (Ent: 1.42)
EMNIST:'H' -> MNIST | Predict: '8' (Ent: 0.75)
  ⚠️ [Mismatch] Cycle Back predicted '8' (Expected 'H') (Ent: 1.42)
EMNIST:'I' -> MNIST | Predict: '8' (Ent: 1.53)
  ⚠️ [Mismatch] Cycle Back predicted '8' (Expected 'I') (Ent: 1.42)
EMNIST:'J' -> MNIST | Predict: '8' (Ent: 0.91)
  ⚠️ [Mismatch] Cycle Back predicted '8' (Expected 'J') (Ent: 1.42)
EMNIST:'K' -> MNIST | Predict: '8' (Ent: 1.42)
  ⚠️ [Mismatch] Cycle Back predicted '8' (Expected 'K') (Ent: 1.42)
EMNIST:'L' -> MNIST | Predict: '8' (Ent: 1.73)
  ⚠️ [Mismatch] Cycle Back predicted '8' (Expected 'L') (Ent: 1.42)
EMNIST:'M' -> MNIST | Predict: '8' (Ent: 0.77)
  ⚠️ [Mismatch] Cycle Back predicted '8' (Expected 'M') (Ent: 1.42)
EMNIST:'N' -> MNIST | Predict: '8' (Ent: 1.18)
  ⚠️ [Mismatch] Cycle Back predicted '8' (Expected 'N') (Ent: 1.42)
EMNIST:'O' -> MNIST | Predict: '8' (Ent: 1.55)
  ⚠️ [Mismatch] Cycle Back predicted '8' (Expected 'O') (Ent: 1.42)
EMNIST:'P' -> MNIST | Predict: '8' (Ent: 1.38)
  ⚠️ [Mismatch] Cycle Back predicted '8' (Expected 'P') (Ent: 1.42)
EMNIST:'Q' -> MNIST | Predict: '8' (Ent: 1.29)
  ⚠️ [Mismatch] Cycle Back predicted '8' (Expected 'Q') (Ent: 1.42)
EMNIST:'R' -> MNIST | Predict: '8' (Ent: 1.40)
  ⚠️ [Mismatch] Cycle Back predicted '8' (Expected 'R') (Ent: 1.42)
EMNIST:'S' -> MNIST | Predict: '8' (Ent: 1.52)
  ⚠️ [Mismatch] Cycle Back predicted '8' (Expected 'S') (Ent: 1.42)
EMNIST:'T' -> MNIST | Predict: '8' (Ent: 1.21)
  ⚠️ [Mismatch] Cycle Back predicted '8' (Expected 'T') (Ent: 1.42)
EMNIST:'U' -> MNIST | Predict: '8' (Ent: 1.61)
  ⚠️ [Mismatch] Cycle Back predicted '8' (Expected 'U') (Ent: 1.42)
EMNIST:'V' -> MNIST | Predict: '8' (Ent: 1.16)
  ⚠️ [Mismatch] Cycle Back predicted '8' (Expected 'V') (Ent: 1.42)
EMNIST:'X' -> MNIST | Predict: '8' (Ent: 1.15)
  ⚠️ [Mismatch] Cycle Back predicted '8' (Expected 'X') (Ent: 1.42)
EMNIST:'Y' -> MNIST | Predict: '8' (Ent: 1.84)
  ⚠️ [Mismatch] Cycle Back predicted '8' (Expected 'Y') (Ent: 1.42)
EMNIST:'Z' -> MNIST | Predict: '8' (Ent: 1.28)
  ⚠️ [Mismatch] Cycle Back predicted '8' (Expected 'Z') (Ent: 1.42)
EMNIST:'a' -> MNIST | Predict: '8' (Ent: 1.65)
  ⚠️ [Mismatch] Cycle Back predicted '8' (Expected 'a') (Ent: 1.42)
EMNIST:'b' -> MNIST | Predict: '8' (Ent: 1.10)
  ⚠️ [Mismatch] Cycle Back predicted '8' (Expected 'b') (Ent: 1.42)
EMNIST:'c' -> MNIST | Predict: '8' (Ent: 1.79)
  ⚠️ [Mismatch] Cycle Back predicted '8' (Expected 'c') (Ent: 1.42)
EMNIST:'d' -> MNIST | Predict: '8' (Ent: 1.36)
  ⚠️ [Mismatch] Cycle Back predicted '8' (Expected 'd') (Ent: 1.42)
EMNIST:'e' -> MNIST | Predict: '8' (Ent: 1.57)
  ⚠️ [Mismatch] Cycle Back predicted '8' (Expected 'e') (Ent: 1.42)
EMNIST:'f' -> MNIST | Predict: '8' (Ent: 1.59)
  ⚠️ [Mismatch] Cycle Back predicted '8' (Expected 'f') (Ent: 1.42)
EMNIST:'g' -> MNIST | Predict: '8' (Ent: 1.25)
  ⚠️ [Mismatch] Cycle Back predicted '8' (Expected 'g') (Ent: 1.42)
EMNIST:'h' -> MNIST | Predict: '8' (Ent: 0.75)
  ⚠️ [Mismatch] Cycle Back predicted '8' (Expected 'h') (Ent: 1.42)
EMNIST:'i' -> MNIST | Predict: '8' (Ent: 1.53)
  ⚠️ [Mismatch] Cycle Back predicted '8' (Expected 'i') (Ent: 1.42)
EMNIST:'j' -> MNIST | Predict: '8' (Ent: 0.91)
  ⚠️ [Mismatch] Cycle Back predicted '8' (Expected 'j') (Ent: 1.42)
EMNIST:'k' -> MNIST | Predict: '8' (Ent: 1.42)
  ⚠️ [Mismatch] Cycle Back predicted '8' (Expected 'k') (Ent: 1.42)
EMNIST:'l' -> MNIST | Predict: '8' (Ent: 1.73)
  ⚠️ [Mismatch] Cycle Back predicted '8' (Expected 'l') (Ent: 1.42)
EMNIST:'m' -> MNIST | Predict: '8' (Ent: 0.77)
  ⚠️ [Mismatch] Cycle Back predicted '8' (Expected 'm') (Ent: 1.42)
EMNIST:'n' -> MNIST | Predict: '8' (Ent: 1.18)
  ⚠️ [Mismatch] Cycle Back predicted '8' (Expected 'n') (Ent: 1.42)
EMNIST:'o' -> MNIST | Predict: '8' (Ent: 1.55)
  ⚠️ [Mismatch] Cycle Back predicted '8' (Expected 'o') (Ent: 1.42)
EMNIST:'p' -> MNIST | Predict: '8' (Ent: 1.38)
  ⚠️ [Mismatch] Cycle Back predicted '8' (Expected 'p') (Ent: 1.42)
EMNIST:'q' -> MNIST | Predict: '8' (Ent: 1.29)
  ⚠️ [Mismatch] Cycle Back predicted '8' (Expected 'q') (Ent: 1.42)
EMNIST:'r' -> MNIST | Predict: '8' (Ent: 1.40)
  ⚠️ [Mismatch] Cycle Back predicted '8' (Expected 'r') (Ent: 1.42)
EMNIST:'s' -> MNIST | Predict: '8' (Ent: 1.52)
  ⚠️ [Mismatch] Cycle Back predicted '8' (Expected 's') (Ent: 1.42)
EMNIST:'t' -> MNIST | Predict: '8' (Ent: 1.21)
  ⚠️ [Mismatch] Cycle Back predicted '8' (Expected 't') (Ent: 1.42)
EMNIST:'u' -> MNIST | Predict: '8' (Ent: 1.61)
  ⚠️ [Mismatch] Cycle Back predicted '8' (Expected 'u') (Ent: 1.42)
EMNIST:'v' -> MNIST | Predict: '8' (Ent: 1.16)
  ⚠️ [Mismatch] Cycle Back predicted '8' (Expected 'v') (Ent: 1.42)
EMNIST:'w' -> MNIST | Predict: '8' (Ent: 1.47)
  ⚠️ [Mismatch] Cycle Back predicted '8' (Expected 'w') (Ent: 1.42)
EMNIST:'x' -> MNIST | Predict: '8' (Ent: 1.15)
  ⚠️ [Mismatch] Cycle Back predicted '8' (Expected 'x') (Ent: 1.42)
EMNIST:'y' -> MNIST | Predict: '8' (Ent: 1.84)
  ⚠️ [Mismatch] Cycle Back predicted '8' (Expected 'y') (Ent: 1.42)
EMNIST:'z' -> MNIST | Predict: '8' (Ent: 1.28)
  ⚠️ [Mismatch] Cycle Back predicted '8' (Expected 'z') (Ent: 1.42)
EMNIST:'0' -> CIFAR10 | Predict: 'cat' (Ent: 1.57)
  ✅ [Match] EMNIST:'0' <==> CIFAR10:'cat' (Ent: 2.80)
EMNIST:'1' -> CIFAR10 | Predict: 'ship' (Ent: 1.47)
  ⚠️ [Mismatch] Cycle Back predicted '0' (Expected '1') (Ent: 2.74)
EMNIST:'2' -> CIFAR10 | Predict: 'airplane' (Ent: 1.17)
  ⚠️ [Mismatch] Cycle Back predicted '8' (Expected '2') (Ent: 2.90)
EMNIST:'3' -> CIFAR10 | Predict: 'ship' (Ent: 1.44)
  ⚠️ [Mismatch] Cycle Back predicted '0' (Expected '3') (Ent: 2.74)
EMNIST:'4' -> CIFAR10 | Predict: 'ship' (Ent: 1.54)
  ⚠️ [Mismatch] Cycle Back predicted '0' (Expected '4') (Ent: 2.74)
EMNIST:'5' -> CIFAR10 | Predict: 'ship' (Ent: 1.69)
  ⚠️ [Mismatch] Cycle Back predicted '0' (Expected '5') (Ent: 2.74)
EMNIST:'6' -> CIFAR10 | Predict: 'automobile' (Ent: 1.69)
  ⚠️ [Mismatch] Cycle Back predicted '0' (Expected '6') (Ent: 2.66)
EMNIST:'7' -> CIFAR10 | Predict: 'ship' (Ent: 1.67)
  ⚠️ [Mismatch] Cycle Back predicted '0' (Expected '7') (Ent: 2.74)
EMNIST:'8' -> CIFAR10 | Predict: 'ship' (Ent: 1.88)
  ⚠️ [Mismatch] Cycle Back predicted '0' (Expected '8') (Ent: 2.74)
EMNIST:'9' -> CIFAR10 | Predict: 'ship' (Ent: 1.88)
  ⚠️ [Mismatch] Cycle Back predicted '0' (Expected '9') (Ent: 2.74)
EMNIST:'A' -> CIFAR10 | Predict: 'dog' (Ent: 1.58)
  ⚠️ [Mismatch] Cycle Back predicted '0' (Expected 'A') (Ent: 2.16)
EMNIST:'B' -> CIFAR10 | Predict: 'ship' (Ent: 1.76)
  ⚠️ [Mismatch] Cycle Back predicted '0' (Expected 'B') (Ent: 2.74)
EMNIST:'C' -> CIFAR10 | Predict: 'dog' (Ent: 1.32)
  ⚠️ [Mismatch] Cycle Back predicted '0' (Expected 'C') (Ent: 2.16)
EMNIST:'D' -> CIFAR10 ❌ (Uncertain)
EMNIST:'E' -> CIFAR10 | Predict: 'dog' (Ent: 1.49)
  ⚠️ [Mismatch] Cycle Back predicted '0' (Expected 'E') (Ent: 2.16)
EMNIST:'F' -> CIFAR10 | Predict: 'airplane' (Ent: 1.68)
  ⚠️ [Mismatch] Cycle Back predicted '8' (Expected 'F') (Ent: 2.90)
EMNIST:'G' -> CIFAR10 | Predict: 'ship' (Ent: 1.58)
  ⚠️ [Mismatch] Cycle Back predicted '0' (Expected 'G') (Ent: 2.74)
EMNIST:'H' -> CIFAR10 | Predict: 'ship' (Ent: 1.31)
  ⚠️ [Mismatch] Cycle Back predicted '0' (Expected 'H') (Ent: 2.74)
EMNIST:'I' -> CIFAR10 | Predict: 'dog' (Ent: 1.72)
  ⚠️ [Mismatch] Cycle Back predicted '0' (Expected 'I') (Ent: 2.16)
EMNIST:'J' -> CIFAR10 | Predict: 'ship' (Ent: 1.62)
  ⚠️ [Mismatch] Cycle Back predicted '0' (Expected 'J') (Ent: 2.74)
EMNIST:'K' -> CIFAR10 | Predict: 'airplane' (Ent: 1.29)
  ⚠️ [Mismatch] Cycle Back predicted '8' (Expected 'K') (Ent: 2.90)
EMNIST:'L' -> CIFAR10 | Predict: 'ship' (Ent: 1.79)
  ⚠️ [Mismatch] Cycle Back predicted '0' (Expected 'L') (Ent: 2.74)
EMNIST:'M' -> CIFAR10 | Predict: 'dog' (Ent: 1.82)
  ⚠️ [Mismatch] Cycle Back predicted '0' (Expected 'M') (Ent: 2.16)
EMNIST:'N' -> CIFAR10 | Predict: 'ship' (Ent: 1.69)
  ⚠️ [Mismatch] Cycle Back predicted '0' (Expected 'N') (Ent: 2.74)
EMNIST:'O' -> CIFAR10 | Predict: 'ship' (Ent: 1.74)
  ⚠️ [Mismatch] Cycle Back predicted '0' (Expected 'O') (Ent: 2.74)
EMNIST:'P' -> CIFAR10 | Predict: 'dog' (Ent: 1.55)
  ⚠️ [Mismatch] Cycle Back predicted '0' (Expected 'P') (Ent: 2.16)
EMNIST:'Q' -> CIFAR10 | Predict: 'ship' (Ent: 1.60)
  ⚠️ [Mismatch] Cycle Back predicted '0' (Expected 'Q') (Ent: 2.74)
EMNIST:'R' -> CIFAR10 | Predict: 'dog' (Ent: 1.78)
  ⚠️ [Mismatch] Cycle Back predicted '0' (Expected 'R') (Ent: 2.16)
EMNIST:'S' -> CIFAR10 | Predict: 'ship' (Ent: 1.37)
  ⚠️ [Mismatch] Cycle Back predicted '0' (Expected 'S') (Ent: 2.74)
EMNIST:'T' -> CIFAR10 | Predict: 'dog' (Ent: 1.91)
  ⚠️ [Mismatch] Cycle Back predicted '0' (Expected 'T') (Ent: 2.16)
EMNIST:'U' -> CIFAR10 | Predict: 'dog' (Ent: 1.40)
  ⚠️ [Mismatch] Cycle Back predicted '0' (Expected 'U') (Ent: 2.16)
EMNIST:'V' -> CIFAR10 | Predict: 'ship' (Ent: 1.58)
  ⚠️ [Mismatch] Cycle Back predicted '0' (Expected 'V') (Ent: 2.74)
EMNIST:'W' -> CIFAR10 | Predict: 'ship' (Ent: 1.61)
  ⚠️ [Mismatch] Cycle Back predicted '0' (Expected 'W') (Ent: 2.74)
EMNIST:'X' -> CIFAR10 | Predict: 'automobile' (Ent: 1.67)
  ⚠️ [Mismatch] Cycle Back predicted '0' (Expected 'X') (Ent: 2.66)
EMNIST:'Y' -> CIFAR10 | Predict: 'dog' (Ent: 1.71)
  ⚠️ [Mismatch] Cycle Back predicted '0' (Expected 'Y') (Ent: 2.16)
EMNIST:'Z' -> CIFAR10 | Predict: 'airplane' (Ent: 1.77)
  ⚠️ [Mismatch] Cycle Back predicted '8' (Expected 'Z') (Ent: 2.90)
EMNIST:'a' -> CIFAR10 | Predict: 'dog' (Ent: 1.58)
  ⚠️ [Mismatch] Cycle Back predicted '0' (Expected 'a') (Ent: 2.16)
EMNIST:'b' -> CIFAR10 | Predict: 'ship' (Ent: 1.76)
  ⚠️ [Mismatch] Cycle Back predicted '0' (Expected 'b') (Ent: 2.74)
EMNIST:'c' -> CIFAR10 | Predict: 'dog' (Ent: 1.32)
  ⚠️ [Mismatch] Cycle Back predicted '0' (Expected 'c') (Ent: 2.16)
EMNIST:'d' -> CIFAR10 ❌ (Uncertain)
EMNIST:'e' -> CIFAR10 | Predict: 'dog' (Ent: 1.49)
  ⚠️ [Mismatch] Cycle Back predicted '0' (Expected 'e') (Ent: 2.16)
EMNIST:'f' -> CIFAR10 | Predict: 'airplane' (Ent: 1.68)
  ⚠️ [Mismatch] Cycle Back predicted '8' (Expected 'f') (Ent: 2.90)
EMNIST:'g' -> CIFAR10 | Predict: 'ship' (Ent: 1.58)
  ⚠️ [Mismatch] Cycle Back predicted '0' (Expected 'g') (Ent: 2.74)
EMNIST:'h' -> CIFAR10 | Predict: 'ship' (Ent: 1.31)
  ⚠️ [Mismatch] Cycle Back predicted '0' (Expected 'h') (Ent: 2.74)
EMNIST:'i' -> CIFAR10 | Predict: 'dog' (Ent: 1.72)
  ⚠️ [Mismatch] Cycle Back predicted '0' (Expected 'i') (Ent: 2.16)
EMNIST:'j' -> CIFAR10 | Predict: 'ship' (Ent: 1.62)
  ⚠️ [Mismatch] Cycle Back predicted '0' (Expected 'j') (Ent: 2.74)
EMNIST:'k' -> CIFAR10 | Predict: 'airplane' (Ent: 1.29)
  ⚠️ [Mismatch] Cycle Back predicted '8' (Expected 'k') (Ent: 2.90)
EMNIST:'l' -> CIFAR10 | Predict: 'ship' (Ent: 1.79)
  ⚠️ [Mismatch] Cycle Back predicted '0' (Expected 'l') (Ent: 2.74)
EMNIST:'m' -> CIFAR10 | Predict: 'dog' (Ent: 1.82)
  ⚠️ [Mismatch] Cycle Back predicted '0' (Expected 'm') (Ent: 2.16)
EMNIST:'n' -> CIFAR10 | Predict: 'ship' (Ent: 1.69)
  ⚠️ [Mismatch] Cycle Back predicted '0' (Expected 'n') (Ent: 2.74)
EMNIST:'o' -> CIFAR10 | Predict: 'ship' (Ent: 1.74)
  ⚠️ [Mismatch] Cycle Back predicted '0' (Expected 'o') (Ent: 2.74)
EMNIST:'p' -> CIFAR10 | Predict: 'dog' (Ent: 1.55)
  ⚠️ [Mismatch] Cycle Back predicted '0' (Expected 'p') (Ent: 2.16)
EMNIST:'q' -> CIFAR10 | Predict: 'ship' (Ent: 1.60)
  ⚠️ [Mismatch] Cycle Back predicted '0' (Expected 'q') (Ent: 2.74)
EMNIST:'r' -> CIFAR10 | Predict: 'dog' (Ent: 1.78)
  ⚠️ [Mismatch] Cycle Back predicted '0' (Expected 'r') (Ent: 2.16)
EMNIST:'s' -> CIFAR10 | Predict: 'ship' (Ent: 1.37)
  ⚠️ [Mismatch] Cycle Back predicted '0' (Expected 's') (Ent: 2.74)
EMNIST:'t' -> CIFAR10 | Predict: 'dog' (Ent: 1.91)
  ⚠️ [Mismatch] Cycle Back predicted '0' (Expected 't') (Ent: 2.16)
EMNIST:'u' -> CIFAR10 | Predict: 'dog' (Ent: 1.40)
  ⚠️ [Mismatch] Cycle Back predicted '0' (Expected 'u') (Ent: 2.16)
EMNIST:'v' -> CIFAR10 | Predict: 'ship' (Ent: 1.58)
  ⚠️ [Mismatch] Cycle Back predicted '0' (Expected 'v') (Ent: 2.74)
EMNIST:'w' -> CIFAR10 | Predict: 'ship' (Ent: 1.61)
  ⚠️ [Mismatch] Cycle Back predicted '0' (Expected 'w') (Ent: 2.74)
EMNIST:'x' -> CIFAR10 | Predict: 'automobile' (Ent: 1.67)
  ⚠️ [Mismatch] Cycle Back predicted '0' (Expected 'x') (Ent: 2.66)
EMNIST:'y' -> CIFAR10 | Predict: 'dog' (Ent: 1.71)
  ⚠️ [Mismatch] Cycle Back predicted '0' (Expected 'y') (Ent: 2.16)
EMNIST:'z' -> CIFAR10 | Predict: 'airplane' (Ent: 1.77)
  ⚠️ [Mismatch] Cycle Back predicted '8' (Expected 'z') (Ent: 2.90)
CIFAR10:'airplane' -> MNIST | Predict: '8' (Ent: 1.34)
  ⚠️ [Mismatch] Cycle Back predicted 'ship' (Expected 'airplane') (Ent: 1.75)
CIFAR10:'automobile' -> MNIST | Predict: '8' (Ent: 1.42)
  ⚠️ [Mismatch] Cycle Back predicted 'ship' (Expected 'automobile') (Ent: 1.75)
CIFAR10:'bird' -> MNIST | Predict: '8' (Ent: 1.30)
  ⚠️ [Mismatch] Cycle Back predicted 'ship' (Expected 'bird') (Ent: 1.75)
CIFAR10:'deer' -> MNIST | Predict: '8' (Ent: 1.36)
  ⚠️ [Mismatch] Cycle Back predicted 'ship' (Expected 'deer') (Ent: 1.75)
CIFAR10:'frog' -> MNIST | Predict: '8' (Ent: 1.35)
  ⚠️ [Mismatch] Cycle Back predicted 'ship' (Expected 'frog') (Ent: 1.75)
CIFAR10:'horse' -> MNIST | Predict: '8' (Ent: 1.49)
  ⚠️ [Mismatch] Cycle Back predicted 'ship' (Expected 'horse') (Ent: 1.75)
CIFAR10:'truck' -> MNIST | Predict: '8' (Ent: 1.45)
  ⚠️ [Mismatch] Cycle Back predicted 'ship' (Expected 'truck') (Ent: 1.75)
CIFAR10:'bird' -> EMNIST | Predict: '0' (Ent: 2.56)
  ⚠️ [Mismatch] Cycle Back predicted 'cat' (Expected 'bird') (Ent: 1.57)
CIFAR10:'deer' -> EMNIST | Predict: '8' (Ent: 2.41)
  ⚠️ [Mismatch] Cycle Back predicted 'ship' (Expected 'deer') (Ent: 1.88)
CIFAR10:'frog' -> EMNIST | Predict: '8' (Ent: 1.69)
  ⚠️ [Mismatch] Cycle Back predicted 'ship' (Expected 'frog') (Ent: 1.88)
CIFAR10:'horse' -> EMNIST | Predict: '0' (Ent: 2.25)
  ⚠️ [Mismatch] Cycle Back predicted 'cat' (Expected 'horse') (Ent: 1.57)
CIFAR10:'truck' -> EMNIST | Predict: '0' (Ent: 2.48)
  ⚠️ [Mismatch] Cycle Back predicted 'cat' (Expected 'truck') (Ent: 1.57)
Exp: Old Gen + Old Ent (0.95)
dynamic_entropy_ratio: 0.95
MNIST:'0' -> EMNIST | Predict: '0' (Ent: 2.30)
  ⚠️ [Mismatch] Cycle Back predicted '8' (Expected '0') (Ent: 1.68)
MNIST:'1' -> EMNIST | Predict: 'W' (Ent: 2.50)
  ⚠️ [Mismatch] Cycle Back predicted '8' (Expected '1') (Ent: 1.47)
MNIST:'2' -> EMNIST | Predict: 'W' (Ent: 2.70)
  ⚠️ [Mismatch] Cycle Back predicted '8' (Expected '2') (Ent: 1.47)
MNIST:'3' -> EMNIST | Predict: 'G' (Ent: 2.50)
  ⚠️ [Mismatch] Cycle Back predicted '8' (Expected '3') (Ent: 1.25)
MNIST:'4' -> EMNIST | Predict: '8' (Ent: 2.07)
  ⚠️ [Mismatch] Cycle Back predicted '8' (Expected '4') (Ent: 1.07)
MNIST:'5' -> EMNIST | Predict: '3' (Ent: 1.69)
  ⚠️ [Mismatch] Cycle Back predicted '8' (Expected '5') (Ent: 1.14)
MNIST:'6' -> EMNIST | Predict: '8' (Ent: 2.14)
  ⚠️ [Mismatch] Cycle Back predicted '8' (Expected '6') (Ent: 1.07)
MNIST:'7' -> EMNIST | Predict: '8' (Ent: 2.09)
  ⚠️ [Mismatch] Cycle Back predicted '8' (Expected '7') (Ent: 1.07)
MNIST:'8' -> EMNIST | Predict: '8' (Ent: 1.42)
  ✅ [Match] MNIST:'8' <==> EMNIST:'8' (Ent: 1.07)
MNIST:'9' -> EMNIST | Predict: '8' (Ent: 2.30)
  ⚠️ [Mismatch] Cycle Back predicted '8' (Expected '9') (Ent: 1.07)
MNIST:'0' -> CIFAR10 | Predict: 'dog' (Ent: 1.40)
  ⚠️ [Mismatch] Cycle Back predicted '8' (Expected '0') (Ent: 1.23)
MNIST:'1' -> CIFAR10 | Predict: 'dog' (Ent: 1.95)
  ⚠️ [Mismatch] Cycle Back predicted '8' (Expected '1') (Ent: 1.23)
MNIST:'2' -> CIFAR10 | Predict: 'dog' (Ent: 2.02)
  ⚠️ [Mismatch] Cycle Back predicted '8' (Expected '2') (Ent: 1.23)
MNIST:'3' -> CIFAR10 | Predict: 'cat' (Ent: 1.94)
  ⚠️ [Mismatch] Cycle Back predicted '8' (Expected '3') (Ent: 1.58)
MNIST:'4' -> CIFAR10 | Predict: 'cat' (Ent: 1.67)
  ⚠️ [Mismatch] Cycle Back predicted '8' (Expected '4') (Ent: 1.58)
MNIST:'5' -> CIFAR10 | Predict: 'ship' (Ent: 1.34)
  ⚠️ [Mismatch] Cycle Back predicted '8' (Expected '5') (Ent: 1.29)
MNIST:'6' -> CIFAR10 | Predict: 'ship' (Ent: 1.21)
  ⚠️ [Mismatch] Cycle Back predicted '8' (Expected '6') (Ent: 1.29)
MNIST:'7' -> CIFAR10 | Predict: 'ship' (Ent: 1.45)
  ⚠️ [Mismatch] Cycle Back predicted '8' (Expected '7') (Ent: 1.29)
MNIST:'8' -> CIFAR10 | Predict: 'ship' (Ent: 1.75)
  ✅ [Match] MNIST:'8' <==> CIFAR10:'ship' (Ent: 1.29)
MNIST:'9' -> CIFAR10 | Predict: 'ship' (Ent: 1.90)
  ⚠️ [Mismatch] Cycle Back predicted '8' (Expected '9') (Ent: 1.29)
EMNIST:'1' -> MNIST | Predict: '8' (Ent: 1.12)
  ⚠️ [Mismatch] Cycle Back predicted '8' (Expected '1') (Ent: 1.42)
EMNIST:'2' -> MNIST | Predict: '8' (Ent: 1.14)
  ⚠️ [Mismatch] Cycle Back predicted '8' (Expected '2') (Ent: 1.42)
EMNIST:'4' -> MNIST | Predict: '8' (Ent: 1.10)
  ⚠️ [Mismatch] Cycle Back predicted '8' (Expected '4') (Ent: 1.42)
EMNIST:'5' -> MNIST | Predict: '8' (Ent: 1.12)
  ⚠️ [Mismatch] Cycle Back predicted '8' (Expected '5') (Ent: 1.42)
EMNIST:'6' -> MNIST | Predict: '8' (Ent: 1.05)
  ⚠️ [Mismatch] Cycle Back predicted '8' (Expected '6') (Ent: 1.42)
EMNIST:'7' -> MNIST | Predict: '8' (Ent: 1.39)
  ⚠️ [Mismatch] Cycle Back predicted '8' (Expected '7') (Ent: 1.42)
EMNIST:'9' -> MNIST | Predict: '8' (Ent: 1.61)
  ⚠️ [Mismatch] Cycle Back predicted '8' (Expected '9') (Ent: 1.42)
EMNIST:'A' -> MNIST | Predict: '8' (Ent: 1.65)
  ⚠️ [Mismatch] Cycle Back predicted '8' (Expected 'A') (Ent: 1.42)
EMNIST:'B' -> MNIST | Predict: '8' (Ent: 1.10)
  ⚠️ [Mismatch] Cycle Back predicted '8' (Expected 'B') (Ent: 1.42)
EMNIST:'C' -> MNIST | Predict: '8' (Ent: 1.79)
  ⚠️ [Mismatch] Cycle Back predicted '8' (Expected 'C') (Ent: 1.42)
EMNIST:'D' -> MNIST | Predict: '8' (Ent: 1.36)
  ⚠️ [Mismatch] Cycle Back predicted '8' (Expected 'D') (Ent: 1.42)
EMNIST:'E' -> MNIST | Predict: '8' (Ent: 1.57)
  ⚠️ [Mismatch] Cycle Back predicted '8' (Expected 'E') (Ent: 1.42)
EMNIST:'F' -> MNIST | Predict: '8' (Ent: 1.59)
  ⚠️ [Mismatch] Cycle Back predicted '8' (Expected 'F') (Ent: 1.42)
EMNIST:'H' -> MNIST | Predict: '8' (Ent: 0.75)
  ⚠️ [Mismatch] Cycle Back predicted '8' (Expected 'H') (Ent: 1.42)
EMNIST:'I' -> MNIST | Predict: '8' (Ent: 1.53)
  ⚠️ [Mismatch] Cycle Back predicted '8' (Expected 'I') (Ent: 1.42)
EMNIST:'J' -> MNIST | Predict: '8' (Ent: 0.91)
  ⚠️ [Mismatch] Cycle Back predicted '8' (Expected 'J') (Ent: 1.42)
EMNIST:'K' -> MNIST | Predict: '8' (Ent: 1.42)
  ⚠️ [Mismatch] Cycle Back predicted '8' (Expected 'K') (Ent: 1.42)
EMNIST:'L' -> MNIST | Predict: '8' (Ent: 1.73)
  ⚠️ [Mismatch] Cycle Back predicted '8' (Expected 'L') (Ent: 1.42)
EMNIST:'M' -> MNIST | Predict: '8' (Ent: 0.77)
  ⚠️ [Mismatch] Cycle Back predicted '8' (Expected 'M') (Ent: 1.42)
EMNIST:'N' -> MNIST | Predict: '8' (Ent: 1.18)
  ⚠️ [Mismatch] Cycle Back predicted '8' (Expected 'N') (Ent: 1.42)
EMNIST:'O' -> MNIST | Predict: '8' (Ent: 1.55)
  ⚠️ [Mismatch] Cycle Back predicted '8' (Expected 'O') (Ent: 1.42)
EMNIST:'P' -> MNIST | Predict: '8' (Ent: 1.38)
  ⚠️ [Mismatch] Cycle Back predicted '8' (Expected 'P') (Ent: 1.42)
EMNIST:'Q' -> MNIST | Predict: '8' (Ent: 1.29)
  ⚠️ [Mismatch] Cycle Back predicted '8' (Expected 'Q') (Ent: 1.42)
EMNIST:'R' -> MNIST | Predict: '8' (Ent: 1.40)
  ⚠️ [Mismatch] Cycle Back predicted '8' (Expected 'R') (Ent: 1.42)
EMNIST:'S' -> MNIST | Predict: '8' (Ent: 1.52)
  ⚠️ [Mismatch] Cycle Back predicted '8' (Expected 'S') (Ent: 1.42)
EMNIST:'T' -> MNIST | Predict: '8' (Ent: 1.21)
  ⚠️ [Mismatch] Cycle Back predicted '8' (Expected 'T') (Ent: 1.42)
EMNIST:'U' -> MNIST | Predict: '8' (Ent: 1.61)
  ⚠️ [Mismatch] Cycle Back predicted '8' (Expected 'U') (Ent: 1.42)
EMNIST:'V' -> MNIST | Predict: '8' (Ent: 1.16)
  ⚠️ [Mismatch] Cycle Back predicted '8' (Expected 'V') (Ent: 1.42)
EMNIST:'X' -> MNIST | Predict: '8' (Ent: 1.15)
  ⚠️ [Mismatch] Cycle Back predicted '8' (Expected 'X') (Ent: 1.42)
EMNIST:'Y' -> MNIST | Predict: '8' (Ent: 1.84)
  ⚠️ [Mismatch] Cycle Back predicted '8' (Expected 'Y') (Ent: 1.42)
EMNIST:'Z' -> MNIST | Predict: '8' (Ent: 1.28)
  ⚠️ [Mismatch] Cycle Back predicted '8' (Expected 'Z') (Ent: 1.42)
EMNIST:'a' -> MNIST | Predict: '8' (Ent: 1.65)
  ⚠️ [Mismatch] Cycle Back predicted '8' (Expected 'a') (Ent: 1.42)
EMNIST:'b' -> MNIST | Predict: '8' (Ent: 1.10)
  ⚠️ [Mismatch] Cycle Back predicted '8' (Expected 'b') (Ent: 1.42)
EMNIST:'c' -> MNIST | Predict: '8' (Ent: 1.79)
  ⚠️ [Mismatch] Cycle Back predicted '8' (Expected 'c') (Ent: 1.42)
EMNIST:'d' -> MNIST | Predict: '8' (Ent: 1.36)
  ⚠️ [Mismatch] Cycle Back predicted '8' (Expected 'd') (Ent: 1.42)
EMNIST:'e' -> MNIST | Predict: '8' (Ent: 1.57)
  ⚠️ [Mismatch] Cycle Back predicted '8' (Expected 'e') (Ent: 1.42)
EMNIST:'f' -> MNIST | Predict: '8' (Ent: 1.59)
  ⚠️ [Mismatch] Cycle Back predicted '8' (Expected 'f') (Ent: 1.42)
EMNIST:'g' -> MNIST | Predict: '8' (Ent: 1.25)
  ⚠️ [Mismatch] Cycle Back predicted '8' (Expected 'g') (Ent: 1.42)
EMNIST:'h' -> MNIST | Predict: '8' (Ent: 0.75)
  ⚠️ [Mismatch] Cycle Back predicted '8' (Expected 'h') (Ent: 1.42)
EMNIST:'i' -> MNIST | Predict: '8' (Ent: 1.53)
  ⚠️ [Mismatch] Cycle Back predicted '8' (Expected 'i') (Ent: 1.42)
EMNIST:'j' -> MNIST | Predict: '8' (Ent: 0.91)
  ⚠️ [Mismatch] Cycle Back predicted '8' (Expected 'j') (Ent: 1.42)
EMNIST:'k' -> MNIST | Predict: '8' (Ent: 1.42)
  ⚠️ [Mismatch] Cycle Back predicted '8' (Expected 'k') (Ent: 1.42)
EMNIST:'l' -> MNIST | Predict: '8' (Ent: 1.73)
  ⚠️ [Mismatch] Cycle Back predicted '8' (Expected 'l') (Ent: 1.42)
EMNIST:'m' -> MNIST | Predict: '8' (Ent: 0.77)
  ⚠️ [Mismatch] Cycle Back predicted '8' (Expected 'm') (Ent: 1.42)
EMNIST:'n' -> MNIST | Predict: '8' (Ent: 1.18)
  ⚠️ [Mismatch] Cycle Back predicted '8' (Expected 'n') (Ent: 1.42)
EMNIST:'o' -> MNIST | Predict: '8' (Ent: 1.55)
  ⚠️ [Mismatch] Cycle Back predicted '8' (Expected 'o') (Ent: 1.42)
EMNIST:'p' -> MNIST | Predict: '8' (Ent: 1.38)
  ⚠️ [Mismatch] Cycle Back predicted '8' (Expected 'p') (Ent: 1.42)
EMNIST:'q' -> MNIST | Predict: '8' (Ent: 1.29)
  ⚠️ [Mismatch] Cycle Back predicted '8' (Expected 'q') (Ent: 1.42)
EMNIST:'r' -> MNIST | Predict: '8' (Ent: 1.40)
  ⚠️ [Mismatch] Cycle Back predicted '8' (Expected 'r') (Ent: 1.42)
EMNIST:'s' -> MNIST | Predict: '8' (Ent: 1.52)
  ⚠️ [Mismatch] Cycle Back predicted '8' (Expected 's') (Ent: 1.42)
EMNIST:'t' -> MNIST | Predict: '8' (Ent: 1.21)
  ⚠️ [Mismatch] Cycle Back predicted '8' (Expected 't') (Ent: 1.42)
EMNIST:'u' -> MNIST | Predict: '8' (Ent: 1.61)
  ⚠️ [Mismatch] Cycle Back predicted '8' (Expected 'u') (Ent: 1.42)
EMNIST:'v' -> MNIST | Predict: '8' (Ent: 1.16)
  ⚠️ [Mismatch] Cycle Back predicted '8' (Expected 'v') (Ent: 1.42)
EMNIST:'w' -> MNIST | Predict: '8' (Ent: 1.47)
  ⚠️ [Mismatch] Cycle Back predicted '8' (Expected 'w') (Ent: 1.42)
EMNIST:'x' -> MNIST | Predict: '8' (Ent: 1.15)
  ⚠️ [Mismatch] Cycle Back predicted '8' (Expected 'x') (Ent: 1.42)
EMNIST:'y' -> MNIST | Predict: '8' (Ent: 1.84)
  ⚠️ [Mismatch] Cycle Back predicted '8' (Expected 'y') (Ent: 1.42)
EMNIST:'z' -> MNIST | Predict: '8' (Ent: 1.28)
  ⚠️ [Mismatch] Cycle Back predicted '8' (Expected 'z') (Ent: 1.42)
EMNIST:'0' -> CIFAR10 | Predict: 'cat' (Ent: 1.57)
  ✅ [Match] EMNIST:'0' <==> CIFAR10:'cat' (Ent: 2.80)
EMNIST:'1' -> CIFAR10 | Predict: 'ship' (Ent: 1.47)
  ⚠️ [Mismatch] Cycle Back predicted '0' (Expected '1') (Ent: 2.74)
EMNIST:'2' -> CIFAR10 | Predict: 'airplane' (Ent: 1.17)
  ⚠️ [Mismatch] Cycle Back predicted '8' (Expected '2') (Ent: 2.90)
EMNIST:'3' -> CIFAR10 | Predict: 'ship' (Ent: 1.44)
  ⚠️ [Mismatch] Cycle Back predicted '0' (Expected '3') (Ent: 2.74)
EMNIST:'4' -> CIFAR10 | Predict: 'ship' (Ent: 1.54)
  ⚠️ [Mismatch] Cycle Back predicted '0' (Expected '4') (Ent: 2.74)
EMNIST:'5' -> CIFAR10 | Predict: 'ship' (Ent: 1.69)
  ⚠️ [Mismatch] Cycle Back predicted '0' (Expected '5') (Ent: 2.74)
EMNIST:'6' -> CIFAR10 | Predict: 'automobile' (Ent: 1.69)
  ⚠️ [Mismatch] Cycle Back predicted '0' (Expected '6') (Ent: 2.66)
EMNIST:'7' -> CIFAR10 | Predict: 'ship' (Ent: 1.67)
  ⚠️ [Mismatch] Cycle Back predicted '0' (Expected '7') (Ent: 2.74)
EMNIST:'8' -> CIFAR10 | Predict: 'ship' (Ent: 1.88)
  ⚠️ [Mismatch] Cycle Back predicted '0' (Expected '8') (Ent: 2.74)
EMNIST:'9' -> CIFAR10 | Predict: 'ship' (Ent: 1.88)
  ⚠️ [Mismatch] Cycle Back predicted '0' (Expected '9') (Ent: 2.74)
EMNIST:'A' -> CIFAR10 | Predict: 'dog' (Ent: 1.58)
  ⚠️ [Mismatch] Cycle Back predicted '0' (Expected 'A') (Ent: 2.16)
EMNIST:'B' -> CIFAR10 | Predict: 'ship' (Ent: 1.76)
  ⚠️ [Mismatch] Cycle Back predicted '0' (Expected 'B') (Ent: 2.74)
EMNIST:'C' -> CIFAR10 | Predict: 'dog' (Ent: 1.32)
  ⚠️ [Mismatch] Cycle Back predicted '0' (Expected 'C') (Ent: 2.16)
EMNIST:'D' -> CIFAR10 | Predict: 'dog' (Ent: 2.08)
  ⚠️ [Mismatch] Cycle Back predicted '0' (Expected 'D') (Ent: 2.16)
EMNIST:'E' -> CIFAR10 | Predict: 'dog' (Ent: 1.49)
  ⚠️ [Mismatch] Cycle Back predicted '0' (Expected 'E') (Ent: 2.16)
EMNIST:'F' -> CIFAR10 | Predict: 'airplane' (Ent: 1.68)
  ⚠️ [Mismatch] Cycle Back predicted '8' (Expected 'F') (Ent: 2.90)
EMNIST:'G' -> CIFAR10 | Predict: 'ship' (Ent: 1.58)
  ⚠️ [Mismatch] Cycle Back predicted '0' (Expected 'G') (Ent: 2.74)
EMNIST:'H' -> CIFAR10 | Predict: 'ship' (Ent: 1.31)
  ⚠️ [Mismatch] Cycle Back predicted '0' (Expected 'H') (Ent: 2.74)
EMNIST:'I' -> CIFAR10 | Predict: 'dog' (Ent: 1.72)
  ⚠️ [Mismatch] Cycle Back predicted '0' (Expected 'I') (Ent: 2.16)
EMNIST:'J' -> CIFAR10 | Predict: 'ship' (Ent: 1.62)
  ⚠️ [Mismatch] Cycle Back predicted '0' (Expected 'J') (Ent: 2.74)
EMNIST:'K' -> CIFAR10 | Predict: 'airplane' (Ent: 1.29)
  ⚠️ [Mismatch] Cycle Back predicted '8' (Expected 'K') (Ent: 2.90)
EMNIST:'L' -> CIFAR10 | Predict: 'ship' (Ent: 1.79)
  ⚠️ [Mismatch] Cycle Back predicted '0' (Expected 'L') (Ent: 2.74)
EMNIST:'M' -> CIFAR10 | Predict: 'dog' (Ent: 1.82)
  ⚠️ [Mismatch] Cycle Back predicted '0' (Expected 'M') (Ent: 2.16)
EMNIST:'N' -> CIFAR10 | Predict: 'ship' (Ent: 1.69)
  ⚠️ [Mismatch] Cycle Back predicted '0' (Expected 'N') (Ent: 2.74)
EMNIST:'O' -> CIFAR10 | Predict: 'ship' (Ent: 1.74)
  ⚠️ [Mismatch] Cycle Back predicted '0' (Expected 'O') (Ent: 2.74)
EMNIST:'P' -> CIFAR10 | Predict: 'dog' (Ent: 1.55)
  ⚠️ [Mismatch] Cycle Back predicted '0' (Expected 'P') (Ent: 2.16)
EMNIST:'Q' -> CIFAR10 | Predict: 'ship' (Ent: 1.60)
  ⚠️ [Mismatch] Cycle Back predicted '0' (Expected 'Q') (Ent: 2.74)
EMNIST:'R' -> CIFAR10 | Predict: 'dog' (Ent: 1.78)
  ⚠️ [Mismatch] Cycle Back predicted '0' (Expected 'R') (Ent: 2.16)
EMNIST:'S' -> CIFAR10 | Predict: 'ship' (Ent: 1.37)
  ⚠️ [Mismatch] Cycle Back predicted '0' (Expected 'S') (Ent: 2.74)
EMNIST:'T' -> CIFAR10 | Predict: 'dog' (Ent: 1.91)
  ⚠️ [Mismatch] Cycle Back predicted '0' (Expected 'T') (Ent: 2.16)
EMNIST:'U' -> CIFAR10 | Predict: 'dog' (Ent: 1.40)
  ⚠️ [Mismatch] Cycle Back predicted '0' (Expected 'U') (Ent: 2.16)
EMNIST:'V' -> CIFAR10 | Predict: 'ship' (Ent: 1.58)
  ⚠️ [Mismatch] Cycle Back predicted '0' (Expected 'V') (Ent: 2.74)
EMNIST:'W' -> CIFAR10 | Predict: 'ship' (Ent: 1.61)
  ⚠️ [Mismatch] Cycle Back predicted '0' (Expected 'W') (Ent: 2.74)
EMNIST:'X' -> CIFAR10 | Predict: 'automobile' (Ent: 1.67)
  ⚠️ [Mismatch] Cycle Back predicted '0' (Expected 'X') (Ent: 2.66)
EMNIST:'Y' -> CIFAR10 | Predict: 'dog' (Ent: 1.71)
  ⚠️ [Mismatch] Cycle Back predicted '0' (Expected 'Y') (Ent: 2.16)
EMNIST:'Z' -> CIFAR10 | Predict: 'airplane' (Ent: 1.77)
  ⚠️ [Mismatch] Cycle Back predicted '8' (Expected 'Z') (Ent: 2.90)
EMNIST:'a' -> CIFAR10 | Predict: 'dog' (Ent: 1.58)
  ⚠️ [Mismatch] Cycle Back predicted '0' (Expected 'a') (Ent: 2.16)
EMNIST:'b' -> CIFAR10 | Predict: 'ship' (Ent: 1.76)
  ⚠️ [Mismatch] Cycle Back predicted '0' (Expected 'b') (Ent: 2.74)
EMNIST:'c' -> CIFAR10 | Predict: 'dog' (Ent: 1.32)
  ⚠️ [Mismatch] Cycle Back predicted '0' (Expected 'c') (Ent: 2.16)
EMNIST:'d' -> CIFAR10 | Predict: 'dog' (Ent: 2.08)
  ⚠️ [Mismatch] Cycle Back predicted '0' (Expected 'd') (Ent: 2.16)
EMNIST:'e' -> CIFAR10 | Predict: 'dog' (Ent: 1.49)
  ⚠️ [Mismatch] Cycle Back predicted '0' (Expected 'e') (Ent: 2.16)
EMNIST:'f' -> CIFAR10 | Predict: 'airplane' (Ent: 1.68)
  ⚠️ [Mismatch] Cycle Back predicted '8' (Expected 'f') (Ent: 2.90)
EMNIST:'g' -> CIFAR10 | Predict: 'ship' (Ent: 1.58)
  ⚠️ [Mismatch] Cycle Back predicted '0' (Expected 'g') (Ent: 2.74)
EMNIST:'h' -> CIFAR10 | Predict: 'ship' (Ent: 1.31)
  ⚠️ [Mismatch] Cycle Back predicted '0' (Expected 'h') (Ent: 2.74)
EMNIST:'i' -> CIFAR10 | Predict: 'dog' (Ent: 1.72)
  ⚠️ [Mismatch] Cycle Back predicted '0' (Expected 'i') (Ent: 2.16)
EMNIST:'j' -> CIFAR10 | Predict: 'ship' (Ent: 1.62)
  ⚠️ [Mismatch] Cycle Back predicted '0' (Expected 'j') (Ent: 2.74)
EMNIST:'k' -> CIFAR10 | Predict: 'airplane' (Ent: 1.29)
  ⚠️ [Mismatch] Cycle Back predicted '8' (Expected 'k') (Ent: 2.90)
EMNIST:'l' -> CIFAR10 | Predict: 'ship' (Ent: 1.79)
  ⚠️ [Mismatch] Cycle Back predicted '0' (Expected 'l') (Ent: 2.74)
EMNIST:'m' -> CIFAR10 | Predict: 'dog' (Ent: 1.82)
  ⚠️ [Mismatch] Cycle Back predicted '0' (Expected 'm') (Ent: 2.16)
EMNIST:'n' -> CIFAR10 | Predict: 'ship' (Ent: 1.69)
  ⚠️ [Mismatch] Cycle Back predicted '0' (Expected 'n') (Ent: 2.74)
EMNIST:'o' -> CIFAR10 | Predict: 'ship' (Ent: 1.74)
  ⚠️ [Mismatch] Cycle Back predicted '0' (Expected 'o') (Ent: 2.74)
EMNIST:'p' -> CIFAR10 | Predict: 'dog' (Ent: 1.55)
  ⚠️ [Mismatch] Cycle Back predicted '0' (Expected 'p') (Ent: 2.16)
EMNIST:'q' -> CIFAR10 | Predict: 'ship' (Ent: 1.60)
  ⚠️ [Mismatch] Cycle Back predicted '0' (Expected 'q') (Ent: 2.74)
EMNIST:'r' -> CIFAR10 | Predict: 'dog' (Ent: 1.78)
  ⚠️ [Mismatch] Cycle Back predicted '0' (Expected 'r') (Ent: 2.16)
EMNIST:'s' -> CIFAR10 | Predict: 'ship' (Ent: 1.37)
  ⚠️ [Mismatch] Cycle Back predicted '0' (Expected 's') (Ent: 2.74)
EMNIST:'t' -> CIFAR10 | Predict: 'dog' (Ent: 1.91)
  ⚠️ [Mismatch] Cycle Back predicted '0' (Expected 't') (Ent: 2.16)
EMNIST:'u' -> CIFAR10 | Predict: 'dog' (Ent: 1.40)
  ⚠️ [Mismatch] Cycle Back predicted '0' (Expected 'u') (Ent: 2.16)
EMNIST:'v' -> CIFAR10 | Predict: 'ship' (Ent: 1.58)
  ⚠️ [Mismatch] Cycle Back predicted '0' (Expected 'v') (Ent: 2.74)
EMNIST:'w' -> CIFAR10 | Predict: 'ship' (Ent: 1.61)
  ⚠️ [Mismatch] Cycle Back predicted '0' (Expected 'w') (Ent: 2.74)
EMNIST:'x' -> CIFAR10 | Predict: 'automobile' (Ent: 1.67)
  ⚠️ [Mismatch] Cycle Back predicted '0' (Expected 'x') (Ent: 2.66)
EMNIST:'y' -> CIFAR10 | Predict: 'dog' (Ent: 1.71)
  ⚠️ [Mismatch] Cycle Back predicted '0' (Expected 'y') (Ent: 2.16)
EMNIST:'z' -> CIFAR10 | Predict: 'airplane' (Ent: 1.77)
  ⚠️ [Mismatch] Cycle Back predicted '8' (Expected 'z') (Ent: 2.90)
CIFAR10:'airplane' -> MNIST | Predict: '8' (Ent: 1.34)
  ⚠️ [Mismatch] Cycle Back predicted 'ship' (Expected 'airplane') (Ent: 1.75)
CIFAR10:'automobile' -> MNIST | Predict: '8' (Ent: 1.42)
  ⚠️ [Mismatch] Cycle Back predicted 'ship' (Expected 'automobile') (Ent: 1.75)
CIFAR10:'bird' -> MNIST | Predict: '8' (Ent: 1.30)
  ⚠️ [Mismatch] Cycle Back predicted 'ship' (Expected 'bird') (Ent: 1.75)
CIFAR10:'deer' -> MNIST | Predict: '8' (Ent: 1.36)
  ⚠️ [Mismatch] Cycle Back predicted 'ship' (Expected 'deer') (Ent: 1.75)
CIFAR10:'frog' -> MNIST | Predict: '8' (Ent: 1.35)
  ⚠️ [Mismatch] Cycle Back predicted 'ship' (Expected 'frog') (Ent: 1.75)
CIFAR10:'horse' -> MNIST | Predict: '8' (Ent: 1.49)
  ⚠️ [Mismatch] Cycle Back predicted 'ship' (Expected 'horse') (Ent: 1.75)
CIFAR10:'truck' -> MNIST | Predict: '8' (Ent: 1.45)
  ⚠️ [Mismatch] Cycle Back predicted 'ship' (Expected 'truck') (Ent: 1.75)
CIFAR10:'bird' -> EMNIST | Predict: '0' (Ent: 2.56)
  ⚠️ [Mismatch] Cycle Back predicted 'cat' (Expected 'bird') (Ent: 1.57)
CIFAR10:'deer' -> EMNIST | Predict: '8' (Ent: 2.41)
  ⚠️ [Mismatch] Cycle Back predicted 'ship' (Expected 'deer') (Ent: 1.88)
CIFAR10:'frog' -> EMNIST | Predict: '8' (Ent: 1.69)
  ⚠️ [Mismatch] Cycle Back predicted 'ship' (Expected 'frog') (Ent: 1.88)
CIFAR10:'horse' -> EMNIST | Predict: '0' (Ent: 2.25)
  ⚠️ [Mismatch] Cycle Back predicted 'cat' (Expected 'horse') (Ent: 1.57)
CIFAR10:'truck' -> EMNIST | Predict: '0' (Ent: 2.48)
  ⚠️ [Mismatch] Cycle Back predicted 'cat' (Expected 'truck') (Ent: 1.57)
Exp: Old Gen + Old Ent (1.0)
dynamic_entropy_ratio: 1.0
MNIST:'0' -> EMNIST | Predict: '0' (Ent: 2.30)
  ⚠️ [Mismatch] Cycle Back predicted '8' (Expected '0') (Ent: 1.68)
MNIST:'1' -> EMNIST | Predict: 'W' (Ent: 2.50)
  ⚠️ [Mismatch] Cycle Back predicted '8' (Expected '1') (Ent: 1.47)
MNIST:'2' -> EMNIST | Predict: 'W' (Ent: 2.70)
  ⚠️ [Mismatch] Cycle Back predicted '8' (Expected '2') (Ent: 1.47)
MNIST:'3' -> EMNIST | Predict: 'G' (Ent: 2.50)
  ⚠️ [Mismatch] Cycle Back predicted '8' (Expected '3') (Ent: 1.25)
MNIST:'4' -> EMNIST | Predict: '8' (Ent: 2.07)
  ⚠️ [Mismatch] Cycle Back predicted '8' (Expected '4') (Ent: 1.07)
MNIST:'5' -> EMNIST | Predict: '3' (Ent: 1.69)
  ⚠️ [Mismatch] Cycle Back predicted '8' (Expected '5') (Ent: 1.14)
MNIST:'6' -> EMNIST | Predict: '8' (Ent: 2.14)
  ⚠️ [Mismatch] Cycle Back predicted '8' (Expected '6') (Ent: 1.07)
MNIST:'7' -> EMNIST | Predict: '8' (Ent: 2.09)
  ⚠️ [Mismatch] Cycle Back predicted '8' (Expected '7') (Ent: 1.07)
MNIST:'8' -> EMNIST | Predict: '8' (Ent: 1.42)
  ✅ [Match] MNIST:'8' <==> EMNIST:'8' (Ent: 1.07)
MNIST:'9' -> EMNIST | Predict: '8' (Ent: 2.30)
  ⚠️ [Mismatch] Cycle Back predicted '8' (Expected '9') (Ent: 1.07)
MNIST:'0' -> CIFAR10 | Predict: 'dog' (Ent: 1.40)
  ⚠️ [Mismatch] Cycle Back predicted '8' (Expected '0') (Ent: 1.23)
MNIST:'1' -> CIFAR10 | Predict: 'dog' (Ent: 1.95)
  ⚠️ [Mismatch] Cycle Back predicted '8' (Expected '1') (Ent: 1.23)
MNIST:'2' -> CIFAR10 | Predict: 'dog' (Ent: 2.02)
  ⚠️ [Mismatch] Cycle Back predicted '8' (Expected '2') (Ent: 1.23)
MNIST:'3' -> CIFAR10 | Predict: 'cat' (Ent: 1.94)
  ⚠️ [Mismatch] Cycle Back predicted '8' (Expected '3') (Ent: 1.58)
MNIST:'4' -> CIFAR10 | Predict: 'cat' (Ent: 1.67)
  ⚠️ [Mismatch] Cycle Back predicted '8' (Expected '4') (Ent: 1.58)
MNIST:'5' -> CIFAR10 | Predict: 'ship' (Ent: 1.34)
  ⚠️ [Mismatch] Cycle Back predicted '8' (Expected '5') (Ent: 1.29)
MNIST:'6' -> CIFAR10 | Predict: 'ship' (Ent: 1.21)
  ⚠️ [Mismatch] Cycle Back predicted '8' (Expected '6') (Ent: 1.29)
MNIST:'7' -> CIFAR10 | Predict: 'ship' (Ent: 1.45)
  ⚠️ [Mismatch] Cycle Back predicted '8' (Expected '7') (Ent: 1.29)
MNIST:'8' -> CIFAR10 | Predict: 'ship' (Ent: 1.75)
  ✅ [Match] MNIST:'8' <==> CIFAR10:'ship' (Ent: 1.29)
MNIST:'9' -> CIFAR10 | Predict: 'ship' (Ent: 1.90)
  ⚠️ [Mismatch] Cycle Back predicted '8' (Expected '9') (Ent: 1.29)
EMNIST:'1' -> MNIST | Predict: '8' (Ent: 1.12)
  ⚠️ [Mismatch] Cycle Back predicted '8' (Expected '1') (Ent: 1.42)
EMNIST:'2' -> MNIST | Predict: '8' (Ent: 1.14)
  ⚠️ [Mismatch] Cycle Back predicted '8' (Expected '2') (Ent: 1.42)
EMNIST:'4' -> MNIST | Predict: '8' (Ent: 1.10)
  ⚠️ [Mismatch] Cycle Back predicted '8' (Expected '4') (Ent: 1.42)
EMNIST:'5' -> MNIST | Predict: '8' (Ent: 1.12)
  ⚠️ [Mismatch] Cycle Back predicted '8' (Expected '5') (Ent: 1.42)
EMNIST:'6' -> MNIST | Predict: '8' (Ent: 1.05)
  ⚠️ [Mismatch] Cycle Back predicted '8' (Expected '6') (Ent: 1.42)
EMNIST:'7' -> MNIST | Predict: '8' (Ent: 1.39)
  ⚠️ [Mismatch] Cycle Back predicted '8' (Expected '7') (Ent: 1.42)
EMNIST:'9' -> MNIST | Predict: '8' (Ent: 1.61)
  ⚠️ [Mismatch] Cycle Back predicted '8' (Expected '9') (Ent: 1.42)
EMNIST:'A' -> MNIST | Predict: '8' (Ent: 1.65)
  ⚠️ [Mismatch] Cycle Back predicted '8' (Expected 'A') (Ent: 1.42)
EMNIST:'B' -> MNIST | Predict: '8' (Ent: 1.10)
  ⚠️ [Mismatch] Cycle Back predicted '8' (Expected 'B') (Ent: 1.42)
EMNIST:'C' -> MNIST | Predict: '8' (Ent: 1.79)
  ⚠️ [Mismatch] Cycle Back predicted '8' (Expected 'C') (Ent: 1.42)
EMNIST:'D' -> MNIST | Predict: '8' (Ent: 1.36)
  ⚠️ [Mismatch] Cycle Back predicted '8' (Expected 'D') (Ent: 1.42)
EMNIST:'E' -> MNIST | Predict: '8' (Ent: 1.57)
  ⚠️ [Mismatch] Cycle Back predicted '8' (Expected 'E') (Ent: 1.42)
EMNIST:'F' -> MNIST | Predict: '8' (Ent: 1.59)
  ⚠️ [Mismatch] Cycle Back predicted '8' (Expected 'F') (Ent: 1.42)
EMNIST:'H' -> MNIST | Predict: '8' (Ent: 0.75)
  ⚠️ [Mismatch] Cycle Back predicted '8' (Expected 'H') (Ent: 1.42)
EMNIST:'I' -> MNIST | Predict: '8' (Ent: 1.53)
  ⚠️ [Mismatch] Cycle Back predicted '8' (Expected 'I') (Ent: 1.42)
EMNIST:'J' -> MNIST | Predict: '8' (Ent: 0.91)
  ⚠️ [Mismatch] Cycle Back predicted '8' (Expected 'J') (Ent: 1.42)
EMNIST:'K' -> MNIST | Predict: '8' (Ent: 1.42)
  ⚠️ [Mismatch] Cycle Back predicted '8' (Expected 'K') (Ent: 1.42)
EMNIST:'L' -> MNIST | Predict: '8' (Ent: 1.73)
  ⚠️ [Mismatch] Cycle Back predicted '8' (Expected 'L') (Ent: 1.42)
EMNIST:'M' -> MNIST | Predict: '8' (Ent: 0.77)
  ⚠️ [Mismatch] Cycle Back predicted '8' (Expected 'M') (Ent: 1.42)
EMNIST:'N' -> MNIST | Predict: '8' (Ent: 1.18)
  ⚠️ [Mismatch] Cycle Back predicted '8' (Expected 'N') (Ent: 1.42)
EMNIST:'O' -> MNIST | Predict: '8' (Ent: 1.55)
  ⚠️ [Mismatch] Cycle Back predicted '8' (Expected 'O') (Ent: 1.42)
EMNIST:'P' -> MNIST | Predict: '8' (Ent: 1.38)
  ⚠️ [Mismatch] Cycle Back predicted '8' (Expected 'P') (Ent: 1.42)
EMNIST:'Q' -> MNIST | Predict: '8' (Ent: 1.29)
  ⚠️ [Mismatch] Cycle Back predicted '8' (Expected 'Q') (Ent: 1.42)
EMNIST:'R' -> MNIST | Predict: '8' (Ent: 1.40)
  ⚠️ [Mismatch] Cycle Back predicted '8' (Expected 'R') (Ent: 1.42)
EMNIST:'S' -> MNIST | Predict: '8' (Ent: 1.52)
  ⚠️ [Mismatch] Cycle Back predicted '8' (Expected 'S') (Ent: 1.42)
EMNIST:'T' -> MNIST | Predict: '8' (Ent: 1.21)
  ⚠️ [Mismatch] Cycle Back predicted '8' (Expected 'T') (Ent: 1.42)
EMNIST:'U' -> MNIST | Predict: '8' (Ent: 1.61)
  ⚠️ [Mismatch] Cycle Back predicted '8' (Expected 'U') (Ent: 1.42)
EMNIST:'V' -> MNIST | Predict: '8' (Ent: 1.16)
  ⚠️ [Mismatch] Cycle Back predicted '8' (Expected 'V') (Ent: 1.42)
EMNIST:'X' -> MNIST | Predict: '8' (Ent: 1.15)
  ⚠️ [Mismatch] Cycle Back predicted '8' (Expected 'X') (Ent: 1.42)
EMNIST:'Y' -> MNIST | Predict: '8' (Ent: 1.84)
  ⚠️ [Mismatch] Cycle Back predicted '8' (Expected 'Y') (Ent: 1.42)
EMNIST:'Z' -> MNIST | Predict: '8' (Ent: 1.28)
  ⚠️ [Mismatch] Cycle Back predicted '8' (Expected 'Z') (Ent: 1.42)
EMNIST:'a' -> MNIST | Predict: '8' (Ent: 1.65)
  ⚠️ [Mismatch] Cycle Back predicted '8' (Expected 'a') (Ent: 1.42)
EMNIST:'b' -> MNIST | Predict: '8' (Ent: 1.10)
  ⚠️ [Mismatch] Cycle Back predicted '8' (Expected 'b') (Ent: 1.42)
EMNIST:'c' -> MNIST | Predict: '8' (Ent: 1.79)
  ⚠️ [Mismatch] Cycle Back predicted '8' (Expected 'c') (Ent: 1.42)
EMNIST:'d' -> MNIST | Predict: '8' (Ent: 1.36)
  ⚠️ [Mismatch] Cycle Back predicted '8' (Expected 'd') (Ent: 1.42)
EMNIST:'e' -> MNIST | Predict: '8' (Ent: 1.57)
  ⚠️ [Mismatch] Cycle Back predicted '8' (Expected 'e') (Ent: 1.42)
EMNIST:'f' -> MNIST | Predict: '8' (Ent: 1.59)
  ⚠️ [Mismatch] Cycle Back predicted '8' (Expected 'f') (Ent: 1.42)
EMNIST:'g' -> MNIST | Predict: '8' (Ent: 1.25)
  ⚠️ [Mismatch] Cycle Back predicted '8' (Expected 'g') (Ent: 1.42)
EMNIST:'h' -> MNIST | Predict: '8' (Ent: 0.75)
  ⚠️ [Mismatch] Cycle Back predicted '8' (Expected 'h') (Ent: 1.42)
EMNIST:'i' -> MNIST | Predict: '8' (Ent: 1.53)
  ⚠️ [Mismatch] Cycle Back predicted '8' (Expected 'i') (Ent: 1.42)
EMNIST:'j' -> MNIST | Predict: '8' (Ent: 0.91)
  ⚠️ [Mismatch] Cycle Back predicted '8' (Expected 'j') (Ent: 1.42)
EMNIST:'k' -> MNIST | Predict: '8' (Ent: 1.42)
  ⚠️ [Mismatch] Cycle Back predicted '8' (Expected 'k') (Ent: 1.42)
EMNIST:'l' -> MNIST | Predict: '8' (Ent: 1.73)
  ⚠️ [Mismatch] Cycle Back predicted '8' (Expected 'l') (Ent: 1.42)
EMNIST:'m' -> MNIST | Predict: '8' (Ent: 0.77)
  ⚠️ [Mismatch] Cycle Back predicted '8' (Expected 'm') (Ent: 1.42)
EMNIST:'n' -> MNIST | Predict: '8' (Ent: 1.18)
  ⚠️ [Mismatch] Cycle Back predicted '8' (Expected 'n') (Ent: 1.42)
EMNIST:'o' -> MNIST | Predict: '8' (Ent: 1.55)
  ⚠️ [Mismatch] Cycle Back predicted '8' (Expected 'o') (Ent: 1.42)
EMNIST:'p' -> MNIST | Predict: '8' (Ent: 1.38)
  ⚠️ [Mismatch] Cycle Back predicted '8' (Expected 'p') (Ent: 1.42)
EMNIST:'q' -> MNIST | Predict: '8' (Ent: 1.29)
  ⚠️ [Mismatch] Cycle Back predicted '8' (Expected 'q') (Ent: 1.42)
EMNIST:'r' -> MNIST | Predict: '8' (Ent: 1.40)
  ⚠️ [Mismatch] Cycle Back predicted '8' (Expected 'r') (Ent: 1.42)
EMNIST:'s' -> MNIST | Predict: '8' (Ent: 1.52)
  ⚠️ [Mismatch] Cycle Back predicted '8' (Expected 's') (Ent: 1.42)
EMNIST:'t' -> MNIST | Predict: '8' (Ent: 1.21)
  ⚠️ [Mismatch] Cycle Back predicted '8' (Expected 't') (Ent: 1.42)
EMNIST:'u' -> MNIST | Predict: '8' (Ent: 1.61)
  ⚠️ [Mismatch] Cycle Back predicted '8' (Expected 'u') (Ent: 1.42)
EMNIST:'v' -> MNIST | Predict: '8' (Ent: 1.16)
  ⚠️ [Mismatch] Cycle Back predicted '8' (Expected 'v') (Ent: 1.42)
EMNIST:'w' -> MNIST | Predict: '8' (Ent: 1.47)
  ⚠️ [Mismatch] Cycle Back predicted '8' (Expected 'w') (Ent: 1.42)
EMNIST:'x' -> MNIST | Predict: '8' (Ent: 1.15)
  ⚠️ [Mismatch] Cycle Back predicted '8' (Expected 'x') (Ent: 1.42)
EMNIST:'y' -> MNIST | Predict: '8' (Ent: 1.84)
  ⚠️ [Mismatch] Cycle Back predicted '8' (Expected 'y') (Ent: 1.42)
EMNIST:'z' -> MNIST | Predict: '8' (Ent: 1.28)
  ⚠️ [Mismatch] Cycle Back predicted '8' (Expected 'z') (Ent: 1.42)
EMNIST:'0' -> CIFAR10 | Predict: 'cat' (Ent: 1.57)
  ✅ [Match] EMNIST:'0' <==> CIFAR10:'cat' (Ent: 2.80)
EMNIST:'1' -> CIFAR10 | Predict: 'ship' (Ent: 1.47)
  ⚠️ [Mismatch] Cycle Back predicted '0' (Expected '1') (Ent: 2.74)
EMNIST:'2' -> CIFAR10 | Predict: 'airplane' (Ent: 1.17)
  ⚠️ [Mismatch] Cycle Back predicted '8' (Expected '2') (Ent: 2.90)
EMNIST:'3' -> CIFAR10 | Predict: 'ship' (Ent: 1.44)
  ⚠️ [Mismatch] Cycle Back predicted '0' (Expected '3') (Ent: 2.74)
EMNIST:'4' -> CIFAR10 | Predict: 'ship' (Ent: 1.54)
  ⚠️ [Mismatch] Cycle Back predicted '0' (Expected '4') (Ent: 2.74)
EMNIST:'5' -> CIFAR10 | Predict: 'ship' (Ent: 1.69)
  ⚠️ [Mismatch] Cycle Back predicted '0' (Expected '5') (Ent: 2.74)
EMNIST:'6' -> CIFAR10 | Predict: 'automobile' (Ent: 1.69)
  ⚠️ [Mismatch] Cycle Back predicted '0' (Expected '6') (Ent: 2.66)
EMNIST:'7' -> CIFAR10 | Predict: 'ship' (Ent: 1.67)
  ⚠️ [Mismatch] Cycle Back predicted '0' (Expected '7') (Ent: 2.74)
EMNIST:'8' -> CIFAR10 | Predict: 'ship' (Ent: 1.88)
  ⚠️ [Mismatch] Cycle Back predicted '0' (Expected '8') (Ent: 2.74)
EMNIST:'9' -> CIFAR10 | Predict: 'ship' (Ent: 1.88)
  ⚠️ [Mismatch] Cycle Back predicted '0' (Expected '9') (Ent: 2.74)
EMNIST:'A' -> CIFAR10 | Predict: 'dog' (Ent: 1.58)
  ⚠️ [Mismatch] Cycle Back predicted '0' (Expected 'A') (Ent: 2.16)
EMNIST:'B' -> CIFAR10 | Predict: 'ship' (Ent: 1.76)
  ⚠️ [Mismatch] Cycle Back predicted '0' (Expected 'B') (Ent: 2.74)
EMNIST:'C' -> CIFAR10 | Predict: 'dog' (Ent: 1.32)
  ⚠️ [Mismatch] Cycle Back predicted '0' (Expected 'C') (Ent: 2.16)
EMNIST:'D' -> CIFAR10 | Predict: 'dog' (Ent: 2.08)
  ⚠️ [Mismatch] Cycle Back predicted '0' (Expected 'D') (Ent: 2.16)
EMNIST:'E' -> CIFAR10 | Predict: 'dog' (Ent: 1.49)
  ⚠️ [Mismatch] Cycle Back predicted '0' (Expected 'E') (Ent: 2.16)
EMNIST:'F' -> CIFAR10 | Predict: 'airplane' (Ent: 1.68)
  ⚠️ [Mismatch] Cycle Back predicted '8' (Expected 'F') (Ent: 2.90)
EMNIST:'G' -> CIFAR10 | Predict: 'ship' (Ent: 1.58)
  ⚠️ [Mismatch] Cycle Back predicted '0' (Expected 'G') (Ent: 2.74)
EMNIST:'H' -> CIFAR10 | Predict: 'ship' (Ent: 1.31)
  ⚠️ [Mismatch] Cycle Back predicted '0' (Expected 'H') (Ent: 2.74)
EMNIST:'I' -> CIFAR10 | Predict: 'dog' (Ent: 1.72)
  ⚠️ [Mismatch] Cycle Back predicted '0' (Expected 'I') (Ent: 2.16)
EMNIST:'J' -> CIFAR10 | Predict: 'ship' (Ent: 1.62)
  ⚠️ [Mismatch] Cycle Back predicted '0' (Expected 'J') (Ent: 2.74)
EMNIST:'K' -> CIFAR10 | Predict: 'airplane' (Ent: 1.29)
  ⚠️ [Mismatch] Cycle Back predicted '8' (Expected 'K') (Ent: 2.90)
EMNIST:'L' -> CIFAR10 | Predict: 'ship' (Ent: 1.79)
  ⚠️ [Mismatch] Cycle Back predicted '0' (Expected 'L') (Ent: 2.74)
EMNIST:'M' -> CIFAR10 | Predict: 'dog' (Ent: 1.82)
  ⚠️ [Mismatch] Cycle Back predicted '0' (Expected 'M') (Ent: 2.16)
EMNIST:'N' -> CIFAR10 | Predict: 'ship' (Ent: 1.69)
  ⚠️ [Mismatch] Cycle Back predicted '0' (Expected 'N') (Ent: 2.74)
EMNIST:'O' -> CIFAR10 | Predict: 'ship' (Ent: 1.74)
  ⚠️ [Mismatch] Cycle Back predicted '0' (Expected 'O') (Ent: 2.74)
EMNIST:'P' -> CIFAR10 | Predict: 'dog' (Ent: 1.55)
  ⚠️ [Mismatch] Cycle Back predicted '0' (Expected 'P') (Ent: 2.16)
EMNIST:'Q' -> CIFAR10 | Predict: 'ship' (Ent: 1.60)
  ⚠️ [Mismatch] Cycle Back predicted '0' (Expected 'Q') (Ent: 2.74)
EMNIST:'R' -> CIFAR10 | Predict: 'dog' (Ent: 1.78)
  ⚠️ [Mismatch] Cycle Back predicted '0' (Expected 'R') (Ent: 2.16)
EMNIST:'S' -> CIFAR10 | Predict: 'ship' (Ent: 1.37)
  ⚠️ [Mismatch] Cycle Back predicted '0' (Expected 'S') (Ent: 2.74)
EMNIST:'T' -> CIFAR10 | Predict: 'dog' (Ent: 1.91)
  ⚠️ [Mismatch] Cycle Back predicted '0' (Expected 'T') (Ent: 2.16)
EMNIST:'U' -> CIFAR10 | Predict: 'dog' (Ent: 1.40)
  ⚠️ [Mismatch] Cycle Back predicted '0' (Expected 'U') (Ent: 2.16)
EMNIST:'V' -> CIFAR10 | Predict: 'ship' (Ent: 1.58)
  ⚠️ [Mismatch] Cycle Back predicted '0' (Expected 'V') (Ent: 2.74)
EMNIST:'W' -> CIFAR10 | Predict: 'ship' (Ent: 1.61)
  ⚠️ [Mismatch] Cycle Back predicted '0' (Expected 'W') (Ent: 2.74)
EMNIST:'X' -> CIFAR10 | Predict: 'automobile' (Ent: 1.67)
  ⚠️ [Mismatch] Cycle Back predicted '0' (Expected 'X') (Ent: 2.66)
EMNIST:'Y' -> CIFAR10 | Predict: 'dog' (Ent: 1.71)
  ⚠️ [Mismatch] Cycle Back predicted '0' (Expected 'Y') (Ent: 2.16)
EMNIST:'Z' -> CIFAR10 | Predict: 'airplane' (Ent: 1.77)
  ⚠️ [Mismatch] Cycle Back predicted '8' (Expected 'Z') (Ent: 2.90)
EMNIST:'a' -> CIFAR10 | Predict: 'dog' (Ent: 1.58)
  ⚠️ [Mismatch] Cycle Back predicted '0' (Expected 'a') (Ent: 2.16)
EMNIST:'b' -> CIFAR10 | Predict: 'ship' (Ent: 1.76)
  ⚠️ [Mismatch] Cycle Back predicted '0' (Expected 'b') (Ent: 2.74)
EMNIST:'c' -> CIFAR10 | Predict: 'dog' (Ent: 1.32)
  ⚠️ [Mismatch] Cycle Back predicted '0' (Expected 'c') (Ent: 2.16)
EMNIST:'d' -> CIFAR10 | Predict: 'dog' (Ent: 2.08)
  ⚠️ [Mismatch] Cycle Back predicted '0' (Expected 'd') (Ent: 2.16)
EMNIST:'e' -> CIFAR10 | Predict: 'dog' (Ent: 1.49)
  ⚠️ [Mismatch] Cycle Back predicted '0' (Expected 'e') (Ent: 2.16)
EMNIST:'f' -> CIFAR10 | Predict: 'airplane' (Ent: 1.68)
  ⚠️ [Mismatch] Cycle Back predicted '8' (Expected 'f') (Ent: 2.90)
EMNIST:'g' -> CIFAR10 | Predict: 'ship' (Ent: 1.58)
  ⚠️ [Mismatch] Cycle Back predicted '0' (Expected 'g') (Ent: 2.74)
EMNIST:'h' -> CIFAR10 | Predict: 'ship' (Ent: 1.31)
  ⚠️ [Mismatch] Cycle Back predicted '0' (Expected 'h') (Ent: 2.74)
EMNIST:'i' -> CIFAR10 | Predict: 'dog' (Ent: 1.72)
  ⚠️ [Mismatch] Cycle Back predicted '0' (Expected 'i') (Ent: 2.16)
EMNIST:'j' -> CIFAR10 | Predict: 'ship' (Ent: 1.62)
  ⚠️ [Mismatch] Cycle Back predicted '0' (Expected 'j') (Ent: 2.74)
EMNIST:'k' -> CIFAR10 | Predict: 'airplane' (Ent: 1.29)
  ⚠️ [Mismatch] Cycle Back predicted '8' (Expected 'k') (Ent: 2.90)
EMNIST:'l' -> CIFAR10 | Predict: 'ship' (Ent: 1.79)
  ⚠️ [Mismatch] Cycle Back predicted '0' (Expected 'l') (Ent: 2.74)
EMNIST:'m' -> CIFAR10 | Predict: 'dog' (Ent: 1.82)
  ⚠️ [Mismatch] Cycle Back predicted '0' (Expected 'm') (Ent: 2.16)
EMNIST:'n' -> CIFAR10 | Predict: 'ship' (Ent: 1.69)
  ⚠️ [Mismatch] Cycle Back predicted '0' (Expected 'n') (Ent: 2.74)
EMNIST:'o' -> CIFAR10 | Predict: 'ship' (Ent: 1.74)
  ⚠️ [Mismatch] Cycle Back predicted '0' (Expected 'o') (Ent: 2.74)
EMNIST:'p' -> CIFAR10 | Predict: 'dog' (Ent: 1.55)
  ⚠️ [Mismatch] Cycle Back predicted '0' (Expected 'p') (Ent: 2.16)
EMNIST:'q' -> CIFAR10 | Predict: 'ship' (Ent: 1.60)
  ⚠️ [Mismatch] Cycle Back predicted '0' (Expected 'q') (Ent: 2.74)
EMNIST:'r' -> CIFAR10 | Predict: 'dog' (Ent: 1.78)
  ⚠️ [Mismatch] Cycle Back predicted '0' (Expected 'r') (Ent: 2.16)
EMNIST:'s' -> CIFAR10 | Predict: 'ship' (Ent: 1.37)
  ⚠️ [Mismatch] Cycle Back predicted '0' (Expected 's') (Ent: 2.74)
EMNIST:'t' -> CIFAR10 | Predict: 'dog' (Ent: 1.91)
  ⚠️ [Mismatch] Cycle Back predicted '0' (Expected 't') (Ent: 2.16)
EMNIST:'u' -> CIFAR10 | Predict: 'dog' (Ent: 1.40)
  ⚠️ [Mismatch] Cycle Back predicted '0' (Expected 'u') (Ent: 2.16)
EMNIST:'v' -> CIFAR10 | Predict: 'ship' (Ent: 1.58)
  ⚠️ [Mismatch] Cycle Back predicted '0' (Expected 'v') (Ent: 2.74)
EMNIST:'w' -> CIFAR10 | Predict: 'ship' (Ent: 1.61)
  ⚠️ [Mismatch] Cycle Back predicted '0' (Expected 'w') (Ent: 2.74)
EMNIST:'x' -> CIFAR10 | Predict: 'automobile' (Ent: 1.67)
  ⚠️ [Mismatch] Cycle Back predicted '0' (Expected 'x') (Ent: 2.66)
EMNIST:'y' -> CIFAR10 | Predict: 'dog' (Ent: 1.71)
  ⚠️ [Mismatch] Cycle Back predicted '0' (Expected 'y') (Ent: 2.16)
EMNIST:'z' -> CIFAR10 | Predict: 'airplane' (Ent: 1.77)
  ⚠️ [Mismatch] Cycle Back predicted '8' (Expected 'z') (Ent: 2.90)
CIFAR10:'airplane' -> MNIST | Predict: '8' (Ent: 1.34)
  ⚠️ [Mismatch] Cycle Back predicted 'ship' (Expected 'airplane') (Ent: 1.75)
CIFAR10:'automobile' -> MNIST | Predict: '8' (Ent: 1.42)
  ⚠️ [Mismatch] Cycle Back predicted 'ship' (Expected 'automobile') (Ent: 1.75)
CIFAR10:'bird' -> MNIST | Predict: '8' (Ent: 1.30)
  ⚠️ [Mismatch] Cycle Back predicted 'ship' (Expected 'bird') (Ent: 1.75)
CIFAR10:'deer' -> MNIST | Predict: '8' (Ent: 1.36)
  ⚠️ [Mismatch] Cycle Back predicted 'ship' (Expected 'deer') (Ent: 1.75)
CIFAR10:'frog' -> MNIST | Predict: '8' (Ent: 1.35)
  ⚠️ [Mismatch] Cycle Back predicted 'ship' (Expected 'frog') (Ent: 1.75)
CIFAR10:'horse' -> MNIST | Predict: '8' (Ent: 1.49)
  ⚠️ [Mismatch] Cycle Back predicted 'ship' (Expected 'horse') (Ent: 1.75)
CIFAR10:'truck' -> MNIST | Predict: '8' (Ent: 1.45)
  ⚠️ [Mismatch] Cycle Back predicted 'ship' (Expected 'truck') (Ent: 1.75)
CIFAR10:'bird' -> EMNIST | Predict: '0' (Ent: 2.56)
  ⚠️ [Mismatch] Cycle Back predicted 'cat' (Expected 'bird') (Ent: 1.57)
CIFAR10:'deer' -> EMNIST | Predict: '8' (Ent: 2.41)
  ⚠️ [Mismatch] Cycle Back predicted 'ship' (Expected 'deer') (Ent: 1.88)
CIFAR10:'frog' -> EMNIST | Predict: '8' (Ent: 1.69)
  ⚠️ [Mismatch] Cycle Back predicted 'ship' (Expected 'frog') (Ent: 1.88)
CIFAR10:'horse' -> EMNIST | Predict: '0' (Ent: 2.25)
  ⚠️ [Mismatch] Cycle Back predicted 'cat' (Expected 'horse') (Ent: 1.57)
CIFAR10:'truck' -> EMNIST | Predict: '0' (Ent: 2.48)
  ⚠️ [Mismatch] Cycle Back predicted 'cat' (Expected 'truck') (Ent: 1.57)
Exp: Old Gen + New Ent (0.1)
dynamic_entropy_ratio: 0.1
MNIST:'0' -> EMNIST ❌ (Uncertain)
MNIST:'1' -> EMNIST ❌ (Uncertain)
MNIST:'2' -> EMNIST ❌ (Uncertain)
MNIST:'3' -> EMNIST ❌ (Uncertain)
MNIST:'4' -> EMNIST ❌ (Uncertain)
MNIST:'5' -> EMNIST ❌ (Uncertain)
MNIST:'6' -> EMNIST ❌ (Uncertain)
MNIST:'7' -> EMNIST ❌ (Uncertain)
MNIST:'8' -> EMNIST | Predict: '8' (Ent: 0.08)
MNIST:'9' -> EMNIST ❌ (Uncertain)
MNIST:'0' -> CIFAR10 ❌ (Uncertain)
MNIST:'1' -> CIFAR10 ❌ (Uncertain)
MNIST:'2' -> CIFAR10 ❌ (Uncertain)
MNIST:'3' -> CIFAR10 ❌ (Uncertain)
MNIST:'4' -> CIFAR10 ❌ (Uncertain)
MNIST:'5' -> CIFAR10 ❌ (Uncertain)
MNIST:'6' -> CIFAR10 ❌ (Uncertain)
MNIST:'7' -> CIFAR10 ❌ (Uncertain)
MNIST:'8' -> CIFAR10 | Predict: 'ship' (Ent: 0.05)
  ✅ [Match] MNIST:'8' <==> CIFAR10:'ship' (Ent: 0.02)
MNIST:'9' -> CIFAR10 ❌ (Uncertain)
EMNIST:'0' -> MNIST ❌ (Uncertain)
EMNIST:'1' -> MNIST ❌ (Uncertain)
EMNIST:'2' -> MNIST ❌ (Uncertain)
EMNIST:'3' -> MNIST | Predict: '8' (Ent: 0.03)
  ⚠️ [Mismatch] Cycle Back predicted '8' (Expected '3') (Ent: 0.08)
EMNIST:'4' -> MNIST | Predict: '8' (Ent: 0.03)
  ⚠️ [Mismatch] Cycle Back predicted '8' (Expected '4') (Ent: 0.08)
EMNIST:'5' -> MNIST | Predict: '8' (Ent: 0.07)
  ⚠️ [Mismatch] Cycle Back predicted '8' (Expected '5') (Ent: 0.08)
EMNIST:'6' -> MNIST ❌ (Uncertain)
EMNIST:'7' -> MNIST ❌ (Uncertain)
EMNIST:'9' -> MNIST ❌ (Uncertain)
EMNIST:'A' -> MNIST ❌ (Uncertain)
EMNIST:'B' -> MNIST | Predict: '8' (Ent: 0.00)
  ⚠️ [Mismatch] Cycle Back predicted '8' (Expected 'B') (Ent: 0.08)
EMNIST:'C' -> MNIST ❌ (Uncertain)
EMNIST:'D' -> MNIST ❌ (Uncertain)
EMNIST:'E' -> MNIST ❌ (Uncertain)
EMNIST:'F' -> MNIST | Predict: '8' (Ent: 0.00)
  ⚠️ [Mismatch] Cycle Back predicted '8' (Expected 'F') (Ent: 0.08)
EMNIST:'G' -> MNIST ❌ (Uncertain)
EMNIST:'H' -> MNIST ❌ (Uncertain)
EMNIST:'I' -> MNIST ❌ (Uncertain)
EMNIST:'J' -> MNIST ❌ (Uncertain)
EMNIST:'K' -> MNIST ❌ (Uncertain)
EMNIST:'L' -> MNIST ❌ (Uncertain)
EMNIST:'M' -> MNIST | Predict: '8' (Ent: 0.00)
  ⚠️ [Mismatch] Cycle Back predicted '8' (Expected 'M') (Ent: 0.08)
EMNIST:'N' -> MNIST ❌ (Uncertain)
EMNIST:'O' -> MNIST ❌ (Uncertain)
EMNIST:'P' -> MNIST | Predict: '8' (Ent: 0.01)
  ⚠️ [Mismatch] Cycle Back predicted '8' (Expected 'P') (Ent: 0.08)
EMNIST:'Q' -> MNIST ❌ (Uncertain)
EMNIST:'R' -> MNIST ❌ (Uncertain)
EMNIST:'S' -> MNIST | Predict: '8' (Ent: 0.01)
  ⚠️ [Mismatch] Cycle Back predicted '8' (Expected 'S') (Ent: 0.08)
EMNIST:'T' -> MNIST ❌ (Uncertain)
EMNIST:'U' -> MNIST ❌ (Uncertain)
EMNIST:'V' -> MNIST ❌ (Uncertain)
EMNIST:'W' -> MNIST ❌ (Uncertain)
EMNIST:'X' -> MNIST ❌ (Uncertain)
EMNIST:'Y' -> MNIST ❌ (Uncertain)
EMNIST:'Z' -> MNIST | Predict: '8' (Ent: 0.04)
  ⚠️ [Mismatch] Cycle Back predicted '8' (Expected 'Z') (Ent: 0.08)
EMNIST:'a' -> MNIST ❌ (Uncertain)
EMNIST:'b' -> MNIST | Predict: '8' (Ent: 0.00)
  ⚠️ [Mismatch] Cycle Back predicted '8' (Expected 'b') (Ent: 0.08)
EMNIST:'c' -> MNIST ❌ (Uncertain)
EMNIST:'d' -> MNIST ❌ (Uncertain)
EMNIST:'e' -> MNIST ❌ (Uncertain)
EMNIST:'f' -> MNIST | Predict: '8' (Ent: 0.00)
  ⚠️ [Mismatch] Cycle Back predicted '8' (Expected 'f') (Ent: 0.08)
EMNIST:'g' -> MNIST ❌ (Uncertain)
EMNIST:'h' -> MNIST ❌ (Uncertain)
EMNIST:'i' -> MNIST ❌ (Uncertain)
EMNIST:'j' -> MNIST ❌ (Uncertain)
EMNIST:'k' -> MNIST ❌ (Uncertain)
EMNIST:'l' -> MNIST ❌ (Uncertain)
EMNIST:'m' -> MNIST | Predict: '8' (Ent: 0.00)
  ⚠️ [Mismatch] Cycle Back predicted '8' (Expected 'm') (Ent: 0.08)
EMNIST:'n' -> MNIST ❌ (Uncertain)
EMNIST:'o' -> MNIST ❌ (Uncertain)
EMNIST:'p' -> MNIST | Predict: '8' (Ent: 0.01)
  ⚠️ [Mismatch] Cycle Back predicted '8' (Expected 'p') (Ent: 0.08)
EMNIST:'q' -> MNIST ❌ (Uncertain)
EMNIST:'r' -> MNIST ❌ (Uncertain)
EMNIST:'s' -> MNIST | Predict: '8' (Ent: 0.01)
  ⚠️ [Mismatch] Cycle Back predicted '8' (Expected 's') (Ent: 0.08)
EMNIST:'t' -> MNIST ❌ (Uncertain)
EMNIST:'u' -> MNIST ❌ (Uncertain)
EMNIST:'v' -> MNIST ❌ (Uncertain)
EMNIST:'w' -> MNIST ❌ (Uncertain)
EMNIST:'x' -> MNIST ❌ (Uncertain)
EMNIST:'y' -> MNIST ❌ (Uncertain)
EMNIST:'z' -> MNIST | Predict: '8' (Ent: 0.04)
  ⚠️ [Mismatch] Cycle Back predicted '8' (Expected 'z') (Ent: 0.08)
EMNIST:'0' -> CIFAR10 ❌ (Uncertain)
EMNIST:'1' -> CIFAR10 ❌ (Uncertain)
EMNIST:'2' -> CIFAR10 ❌ (Uncertain)
EMNIST:'3' -> CIFAR10 ❌ (Uncertain)
EMNIST:'4' -> CIFAR10 ❌ (Uncertain)
EMNIST:'5' -> CIFAR10 ❌ (Uncertain)
EMNIST:'6' -> CIFAR10 ❌ (Uncertain)
EMNIST:'7' -> CIFAR10 | Predict: 'ship' (Ent: 0.05)
EMNIST:'8' -> CIFAR10 ❌ (Uncertain)
EMNIST:'9' -> CIFAR10 ❌ (Uncertain)
EMNIST:'A' -> CIFAR10 | Predict: 'dog' (Ent: 0.02)
EMNIST:'B' -> CIFAR10 ❌ (Uncertain)
EMNIST:'C' -> CIFAR10 ❌ (Uncertain)
EMNIST:'D' -> CIFAR10 ❌ (Uncertain)
EMNIST:'E' -> CIFAR10 ❌ (Uncertain)
EMNIST:'F' -> CIFAR10 ❌ (Uncertain)
EMNIST:'G' -> CIFAR10 ❌ (Uncertain)
EMNIST:'H' -> CIFAR10 ❌ (Uncertain)
EMNIST:'I' -> CIFAR10 ❌ (Uncertain)
EMNIST:'J' -> CIFAR10 ❌ (Uncertain)
EMNIST:'K' -> CIFAR10 ❌ (Uncertain)
EMNIST:'L' -> CIFAR10 | Predict: 'ship' (Ent: 0.01)
EMNIST:'M' -> CIFAR10 ❌ (Uncertain)
EMNIST:'N' -> CIFAR10 ❌ (Uncertain)
EMNIST:'O' -> CIFAR10 ❌ (Uncertain)
EMNIST:'P' -> CIFAR10 ❌ (Uncertain)
EMNIST:'Q' -> CIFAR10 ❌ (Uncertain)
EMNIST:'R' -> CIFAR10 ❌ (Uncertain)
EMNIST:'S' -> CIFAR10 ❌ (Uncertain)
EMNIST:'T' -> CIFAR10 | Predict: 'cat' (Ent: 0.15)
EMNIST:'U' -> CIFAR10 ❌ (Uncertain)
EMNIST:'V' -> CIFAR10 ❌ (Uncertain)
EMNIST:'W' -> CIFAR10 ❌ (Uncertain)
EMNIST:'X' -> CIFAR10 ❌ (Uncertain)
EMNIST:'Y' -> CIFAR10 ❌ (Uncertain)
EMNIST:'Z' -> CIFAR10 ❌ (Uncertain)
EMNIST:'a' -> CIFAR10 | Predict: 'dog' (Ent: 0.02)
EMNIST:'b' -> CIFAR10 ❌ (Uncertain)
EMNIST:'c' -> CIFAR10 ❌ (Uncertain)
EMNIST:'d' -> CIFAR10 ❌ (Uncertain)
EMNIST:'e' -> CIFAR10 ❌ (Uncertain)
EMNIST:'f' -> CIFAR10 ❌ (Uncertain)
EMNIST:'g' -> CIFAR10 ❌ (Uncertain)
EMNIST:'h' -> CIFAR10 ❌ (Uncertain)
EMNIST:'i' -> CIFAR10 ❌ (Uncertain)
EMNIST:'j' -> CIFAR10 ❌ (Uncertain)
EMNIST:'k' -> CIFAR10 ❌ (Uncertain)
EMNIST:'l' -> CIFAR10 | Predict: 'ship' (Ent: 0.01)
EMNIST:'m' -> CIFAR10 ❌ (Uncertain)
EMNIST:'n' -> CIFAR10 ❌ (Uncertain)
EMNIST:'o' -> CIFAR10 ❌ (Uncertain)
EMNIST:'p' -> CIFAR10 ❌ (Uncertain)
EMNIST:'q' -> CIFAR10 ❌ (Uncertain)
EMNIST:'r' -> CIFAR10 ❌ (Uncertain)
EMNIST:'s' -> CIFAR10 ❌ (Uncertain)
EMNIST:'t' -> CIFAR10 | Predict: 'cat' (Ent: 0.15)
EMNIST:'u' -> CIFAR10 ❌ (Uncertain)
EMNIST:'v' -> CIFAR10 ❌ (Uncertain)
EMNIST:'w' -> CIFAR10 ❌ (Uncertain)
EMNIST:'x' -> CIFAR10 ❌ (Uncertain)
EMNIST:'y' -> CIFAR10 ❌ (Uncertain)
EMNIST:'z' -> CIFAR10 ❌ (Uncertain)
CIFAR10:'airplane' -> MNIST | Predict: '8' (Ent: 0.01)
  ⚠️ [Mismatch] Cycle Back predicted 'ship' (Expected 'airplane') (Ent: 0.05)
CIFAR10:'automobile' -> MNIST ❌ (Uncertain)
CIFAR10:'bird' -> MNIST | Predict: '8' (Ent: 0.04)
  ⚠️ [Mismatch] Cycle Back predicted 'ship' (Expected 'bird') (Ent: 0.05)
CIFAR10:'cat' -> MNIST | Predict: '8' (Ent: 0.00)
  ⚠️ [Mismatch] Cycle Back predicted 'ship' (Expected 'cat') (Ent: 0.05)
CIFAR10:'deer' -> MNIST | Predict: '8' (Ent: 0.01)
  ⚠️ [Mismatch] Cycle Back predicted 'ship' (Expected 'deer') (Ent: 0.05)
CIFAR10:'dog' -> MNIST ❌ (Uncertain)
CIFAR10:'frog' -> MNIST | Predict: '8' (Ent: 0.00)
  ⚠️ [Mismatch] Cycle Back predicted 'ship' (Expected 'frog') (Ent: 0.05)
CIFAR10:'horse' -> MNIST | Predict: '8' (Ent: 0.00)
  ⚠️ [Mismatch] Cycle Back predicted 'ship' (Expected 'horse') (Ent: 0.05)
CIFAR10:'truck' -> MNIST ❌ (Uncertain)
CIFAR10:'airplane' -> EMNIST ❌ (Uncertain)
CIFAR10:'automobile' -> EMNIST ❌ (Uncertain)
CIFAR10:'bird' -> EMNIST ❌ (Uncertain)
CIFAR10:'deer' -> EMNIST ❌ (Uncertain)
CIFAR10:'frog' -> EMNIST ❌ (Uncertain)
CIFAR10:'horse' -> EMNIST ❌ (Uncertain)
CIFAR10:'truck' -> EMNIST ❌ (Uncertain)
Exp: Old Gen + New Ent (0.15)
dynamic_entropy_ratio: 0.15
MNIST:'0' -> EMNIST ❌ (Uncertain)
MNIST:'1' -> EMNIST ❌ (Uncertain)
MNIST:'2' -> EMNIST ❌ (Uncertain)
MNIST:'3' -> EMNIST ❌ (Uncertain)
MNIST:'4' -> EMNIST ❌ (Uncertain)
MNIST:'5' -> EMNIST ❌ (Uncertain)
MNIST:'6' -> EMNIST ❌ (Uncertain)
MNIST:'7' -> EMNIST ❌ (Uncertain)
MNIST:'8' -> EMNIST | Predict: '8' (Ent: 0.08)
MNIST:'9' -> EMNIST ❌ (Uncertain)
MNIST:'0' -> CIFAR10 ❌ (Uncertain)
MNIST:'1' -> CIFAR10 ❌ (Uncertain)
MNIST:'2' -> CIFAR10 ❌ (Uncertain)
MNIST:'3' -> CIFAR10 ❌ (Uncertain)
MNIST:'4' -> CIFAR10 ❌ (Uncertain)
MNIST:'5' -> CIFAR10 ❌ (Uncertain)
MNIST:'6' -> CIFAR10 ❌ (Uncertain)
MNIST:'7' -> CIFAR10 ❌ (Uncertain)
MNIST:'8' -> CIFAR10 | Predict: 'ship' (Ent: 0.19)
  ✅ [Match] MNIST:'8' <==> CIFAR10:'ship' (Ent: 0.02)
MNIST:'9' -> CIFAR10 ❌ (Uncertain)
EMNIST:'0' -> MNIST ❌ (Uncertain)
EMNIST:'1' -> MNIST ❌ (Uncertain)
EMNIST:'2' -> MNIST ❌ (Uncertain)
EMNIST:'3' -> MNIST | Predict: '8' (Ent: 0.03)
  ⚠️ [Mismatch] Cycle Back predicted '8' (Expected '3') (Ent: 0.08)
EMNIST:'4' -> MNIST | Predict: '8' (Ent: 0.07)
  ⚠️ [Mismatch] Cycle Back predicted '8' (Expected '4') (Ent: 0.08)
EMNIST:'5' -> MNIST ❌ (Uncertain)
EMNIST:'6' -> MNIST ❌ (Uncertain)
EMNIST:'7' -> MNIST ❌ (Uncertain)
EMNIST:'9' -> MNIST ❌ (Uncertain)
EMNIST:'A' -> MNIST ❌ (Uncertain)
EMNIST:'B' -> MNIST | Predict: '8' (Ent: 0.08)
  ⚠️ [Mismatch] Cycle Back predicted '8' (Expected 'B') (Ent: 0.08)
EMNIST:'C' -> MNIST ❌ (Uncertain)
EMNIST:'D' -> MNIST ❌ (Uncertain)
EMNIST:'E' -> MNIST ❌ (Uncertain)
EMNIST:'F' -> MNIST ❌ (Uncertain)
EMNIST:'G' -> MNIST ❌ (Uncertain)
EMNIST:'H' -> MNIST ❌ (Uncertain)
EMNIST:'I' -> MNIST ❌ (Uncertain)
EMNIST:'J' -> MNIST ❌ (Uncertain)
EMNIST:'K' -> MNIST ❌ (Uncertain)
EMNIST:'L' -> MNIST ❌ (Uncertain)
EMNIST:'M' -> MNIST | Predict: '8' (Ent: 0.07)
  ⚠️ [Mismatch] Cycle Back predicted '8' (Expected 'M') (Ent: 0.08)
EMNIST:'N' -> MNIST ❌ (Uncertain)
EMNIST:'O' -> MNIST ❌ (Uncertain)
EMNIST:'P' -> MNIST ❌ (Uncertain)
EMNIST:'Q' -> MNIST ❌ (Uncertain)
EMNIST:'R' -> MNIST ❌ (Uncertain)
EMNIST:'S' -> MNIST | Predict: '8' (Ent: 0.01)
  ⚠️ [Mismatch] Cycle Back predicted '8' (Expected 'S') (Ent: 0.08)
EMNIST:'T' -> MNIST ❌ (Uncertain)
EMNIST:'U' -> MNIST ❌ (Uncertain)
EMNIST:'V' -> MNIST ❌ (Uncertain)
EMNIST:'W' -> MNIST ❌ (Uncertain)
EMNIST:'X' -> MNIST ❌ (Uncertain)
EMNIST:'Y' -> MNIST ❌ (Uncertain)
EMNIST:'Z' -> MNIST | Predict: '8' (Ent: 0.04)
  ⚠️ [Mismatch] Cycle Back predicted '8' (Expected 'Z') (Ent: 0.08)
EMNIST:'a' -> MNIST ❌ (Uncertain)
EMNIST:'b' -> MNIST | Predict: '8' (Ent: 0.08)
  ⚠️ [Mismatch] Cycle Back predicted '8' (Expected 'b') (Ent: 0.08)
EMNIST:'c' -> MNIST ❌ (Uncertain)
EMNIST:'d' -> MNIST ❌ (Uncertain)
EMNIST:'e' -> MNIST ❌ (Uncertain)
EMNIST:'f' -> MNIST ❌ (Uncertain)
EMNIST:'g' -> MNIST ❌ (Uncertain)
EMNIST:'h' -> MNIST ❌ (Uncertain)
EMNIST:'i' -> MNIST ❌ (Uncertain)
EMNIST:'j' -> MNIST ❌ (Uncertain)
EMNIST:'k' -> MNIST ❌ (Uncertain)
EMNIST:'l' -> MNIST ❌ (Uncertain)
EMNIST:'m' -> MNIST | Predict: '8' (Ent: 0.07)
  ⚠️ [Mismatch] Cycle Back predicted '8' (Expected 'm') (Ent: 0.08)
EMNIST:'n' -> MNIST ❌ (Uncertain)
EMNIST:'o' -> MNIST ❌ (Uncertain)
EMNIST:'p' -> MNIST ❌ (Uncertain)
EMNIST:'q' -> MNIST ❌ (Uncertain)
EMNIST:'r' -> MNIST ❌ (Uncertain)
EMNIST:'s' -> MNIST | Predict: '8' (Ent: 0.01)
  ⚠️ [Mismatch] Cycle Back predicted '8' (Expected 's') (Ent: 0.08)
EMNIST:'t' -> MNIST ❌ (Uncertain)
EMNIST:'u' -> MNIST ❌ (Uncertain)
EMNIST:'v' -> MNIST ❌ (Uncertain)
EMNIST:'w' -> MNIST ❌ (Uncertain)
EMNIST:'x' -> MNIST ❌ (Uncertain)
EMNIST:'y' -> MNIST ❌ (Uncertain)
EMNIST:'z' -> MNIST | Predict: '8' (Ent: 0.04)
  ⚠️ [Mismatch] Cycle Back predicted '8' (Expected 'z') (Ent: 0.08)
EMNIST:'0' -> CIFAR10 ❌ (Uncertain)
EMNIST:'1' -> CIFAR10 ❌ (Uncertain)
EMNIST:'2' -> CIFAR10 ❌ (Uncertain)
EMNIST:'3' -> CIFAR10 ❌ (Uncertain)
EMNIST:'4' -> CIFAR10 ❌ (Uncertain)
EMNIST:'5' -> CIFAR10 ❌ (Uncertain)
EMNIST:'6' -> CIFAR10 ❌ (Uncertain)
EMNIST:'7' -> CIFAR10 | Predict: 'ship' (Ent: 0.05)
EMNIST:'8' -> CIFAR10 ❌ (Uncertain)
EMNIST:'9' -> CIFAR10 ❌ (Uncertain)
EMNIST:'A' -> CIFAR10 | Predict: 'dog' (Ent: 0.02)
EMNIST:'B' -> CIFAR10 ❌ (Uncertain)
EMNIST:'C' -> CIFAR10 ❌ (Uncertain)
EMNIST:'D' -> CIFAR10 ❌ (Uncertain)
EMNIST:'E' -> CIFAR10 ❌ (Uncertain)
EMNIST:'F' -> CIFAR10 ❌ (Uncertain)
EMNIST:'G' -> CIFAR10 ❌ (Uncertain)
EMNIST:'H' -> CIFAR10 ❌ (Uncertain)
EMNIST:'I' -> CIFAR10 ❌ (Uncertain)
EMNIST:'J' -> CIFAR10 ❌ (Uncertain)
EMNIST:'K' -> CIFAR10 ❌ (Uncertain)
EMNIST:'L' -> CIFAR10 ❌ (Uncertain)
EMNIST:'M' -> CIFAR10 ❌ (Uncertain)
EMNIST:'N' -> CIFAR10 ❌ (Uncertain)
EMNIST:'O' -> CIFAR10 ❌ (Uncertain)
EMNIST:'P' -> CIFAR10 ❌ (Uncertain)
EMNIST:'Q' -> CIFAR10 ❌ (Uncertain)
EMNIST:'R' -> CIFAR10 ❌ (Uncertain)
EMNIST:'S' -> CIFAR10 ❌ (Uncertain)
EMNIST:'T' -> CIFAR10 ❌ (Uncertain)
EMNIST:'U' -> CIFAR10 ❌ (Uncertain)
EMNIST:'V' -> CIFAR10 ❌ (Uncertain)
EMNIST:'W' -> CIFAR10 ❌ (Uncertain)
EMNIST:'X' -> CIFAR10 ❌ (Uncertain)
EMNIST:'Y' -> CIFAR10 ❌ (Uncertain)
EMNIST:'Z' -> CIFAR10 ❌ (Uncertain)
EMNIST:'a' -> CIFAR10 | Predict: 'dog' (Ent: 0.02)
EMNIST:'b' -> CIFAR10 ❌ (Uncertain)
EMNIST:'c' -> CIFAR10 ❌ (Uncertain)
EMNIST:'d' -> CIFAR10 ❌ (Uncertain)
EMNIST:'e' -> CIFAR10 ❌ (Uncertain)
EMNIST:'f' -> CIFAR10 ❌ (Uncertain)
EMNIST:'g' -> CIFAR10 ❌ (Uncertain)
EMNIST:'h' -> CIFAR10 ❌ (Uncertain)
EMNIST:'i' -> CIFAR10 ❌ (Uncertain)
EMNIST:'j' -> CIFAR10 ❌ (Uncertain)
EMNIST:'k' -> CIFAR10 ❌ (Uncertain)
EMNIST:'l' -> CIFAR10 ❌ (Uncertain)
EMNIST:'m' -> CIFAR10 ❌ (Uncertain)
EMNIST:'n' -> CIFAR10 ❌ (Uncertain)
EMNIST:'o' -> CIFAR10 ❌ (Uncertain)
EMNIST:'p' -> CIFAR10 ❌ (Uncertain)
EMNIST:'q' -> CIFAR10 ❌ (Uncertain)
EMNIST:'r' -> CIFAR10 ❌ (Uncertain)
EMNIST:'s' -> CIFAR10 ❌ (Uncertain)
EMNIST:'t' -> CIFAR10 ❌ (Uncertain)
EMNIST:'u' -> CIFAR10 ❌ (Uncertain)
EMNIST:'v' -> CIFAR10 ❌ (Uncertain)
EMNIST:'w' -> CIFAR10 ❌ (Uncertain)
EMNIST:'x' -> CIFAR10 ❌ (Uncertain)
EMNIST:'y' -> CIFAR10 ❌ (Uncertain)
EMNIST:'z' -> CIFAR10 ❌ (Uncertain)
CIFAR10:'airplane' -> MNIST | Predict: '8' (Ent: 0.06)
  ⚠️ [Mismatch] Cycle Back predicted 'ship' (Expected 'airplane') (Ent: 0.19)
CIFAR10:'automobile' -> MNIST ❌ (Uncertain)
CIFAR10:'bird' -> MNIST | Predict: '8' (Ent: 0.04)
  ⚠️ [Mismatch] Cycle Back predicted 'ship' (Expected 'bird') (Ent: 0.19)
CIFAR10:'cat' -> MNIST | Predict: '8' (Ent: 0.00)
  ⚠️ [Mismatch] Cycle Back predicted 'ship' (Expected 'cat') (Ent: 0.19)
CIFAR10:'deer' -> MNIST ❌ (Uncertain)
CIFAR10:'dog' -> MNIST ❌ (Uncertain)
CIFAR10:'frog' -> MNIST | Predict: '8' (Ent: 0.00)
  ⚠️ [Mismatch] Cycle Back predicted 'ship' (Expected 'frog') (Ent: 0.19)
CIFAR10:'horse' -> MNIST | Predict: '8' (Ent: 0.00)
  ⚠️ [Mismatch] Cycle Back predicted 'ship' (Expected 'horse') (Ent: 0.19)
CIFAR10:'truck' -> MNIST ❌ (Uncertain)
CIFAR10:'airplane' -> EMNIST ❌ (Uncertain)
CIFAR10:'automobile' -> EMNIST ❌ (Uncertain)
CIFAR10:'bird' -> EMNIST ❌ (Uncertain)
CIFAR10:'cat' -> EMNIST ❌ (Uncertain)
CIFAR10:'deer' -> EMNIST ❌ (Uncertain)
CIFAR10:'frog' -> EMNIST ❌ (Uncertain)
CIFAR10:'horse' -> EMNIST ❌ (Uncertain)
CIFAR10:'truck' -> EMNIST ❌ (Uncertain)
Exp: Old Gen + New Ent (0.2)
dynamic_entropy_ratio: 0.2
MNIST:'0' -> EMNIST ❌ (Uncertain)
MNIST:'1' -> EMNIST ❌ (Uncertain)
MNIST:'2' -> EMNIST ❌ (Uncertain)
MNIST:'3' -> EMNIST ❌ (Uncertain)
MNIST:'4' -> EMNIST ❌ (Uncertain)
MNIST:'5' -> EMNIST ❌ (Uncertain)
MNIST:'6' -> EMNIST ❌ (Uncertain)
MNIST:'7' -> EMNIST ❌ (Uncertain)
MNIST:'8' -> EMNIST | Predict: '8' (Ent: 0.63)
MNIST:'9' -> EMNIST ❌ (Uncertain)
MNIST:'0' -> CIFAR10 ❌ (Uncertain)
MNIST:'1' -> CIFAR10 ❌ (Uncertain)
MNIST:'2' -> CIFAR10 ❌ (Uncertain)
MNIST:'3' -> CIFAR10 ❌ (Uncertain)
MNIST:'4' -> CIFAR10 ❌ (Uncertain)
MNIST:'5' -> CIFAR10 ❌ (Uncertain)
MNIST:'6' -> CIFAR10 ❌ (Uncertain)
MNIST:'7' -> CIFAR10 ❌ (Uncertain)
MNIST:'8' -> CIFAR10 ❌ (Uncertain)
MNIST:'9' -> CIFAR10 ❌ (Uncertain)
EMNIST:'0' -> MNIST ❌ (Uncertain)
EMNIST:'1' -> MNIST ❌ (Uncertain)
EMNIST:'2' -> MNIST | Predict: '8' (Ent: 0.44)
  ⚠️ [Mismatch] Cycle Back predicted '8' (Expected '2') (Ent: 0.63)
EMNIST:'3' -> MNIST | Predict: '8' (Ent: 0.03)
  ⚠️ [Mismatch] Cycle Back predicted '8' (Expected '3') (Ent: 0.63)
EMNIST:'4' -> MNIST | Predict: '8' (Ent: 0.07)
  ⚠️ [Mismatch] Cycle Back predicted '8' (Expected '4') (Ent: 0.63)
EMNIST:'5' -> MNIST ❌ (Uncertain)
EMNIST:'6' -> MNIST ❌ (Uncertain)
EMNIST:'7' -> MNIST ❌ (Uncertain)
EMNIST:'9' -> MNIST ❌ (Uncertain)
EMNIST:'A' -> MNIST ❌ (Uncertain)
EMNIST:'B' -> MNIST | Predict: '8' (Ent: 0.08)
  ⚠️ [Mismatch] Cycle Back predicted '8' (Expected 'B') (Ent: 0.63)
EMNIST:'C' -> MNIST ❌ (Uncertain)
EMNIST:'D' -> MNIST ❌ (Uncertain)
EMNIST:'E' -> MNIST ❌ (Uncertain)
EMNIST:'F' -> MNIST ❌ (Uncertain)
EMNIST:'G' -> MNIST ❌ (Uncertain)
EMNIST:'H' -> MNIST ❌ (Uncertain)
EMNIST:'I' -> MNIST ❌ (Uncertain)
EMNIST:'J' -> MNIST ❌ (Uncertain)
EMNIST:'K' -> MNIST ❌ (Uncertain)
EMNIST:'L' -> MNIST ❌ (Uncertain)
EMNIST:'M' -> MNIST | Predict: '8' (Ent: 0.07)
  ⚠️ [Mismatch] Cycle Back predicted '8' (Expected 'M') (Ent: 0.63)
EMNIST:'N' -> MNIST ❌ (Uncertain)
EMNIST:'O' -> MNIST ❌ (Uncertain)
EMNIST:'P' -> MNIST ❌ (Uncertain)
EMNIST:'Q' -> MNIST ❌ (Uncertain)
EMNIST:'R' -> MNIST ❌ (Uncertain)
EMNIST:'S' -> MNIST | Predict: '8' (Ent: 0.01)
  ⚠️ [Mismatch] Cycle Back predicted '8' (Expected 'S') (Ent: 0.63)
EMNIST:'T' -> MNIST ❌ (Uncertain)
EMNIST:'U' -> MNIST ❌ (Uncertain)
EMNIST:'V' -> MNIST ❌ (Uncertain)
EMNIST:'W' -> MNIST ❌ (Uncertain)
EMNIST:'X' -> MNIST ❌ (Uncertain)
EMNIST:'Y' -> MNIST ❌ (Uncertain)
EMNIST:'Z' -> MNIST | Predict: '8' (Ent: 0.04)
  ⚠️ [Mismatch] Cycle Back predicted '8' (Expected 'Z') (Ent: 0.63)
EMNIST:'a' -> MNIST ❌ (Uncertain)
EMNIST:'b' -> MNIST | Predict: '8' (Ent: 0.08)
  ⚠️ [Mismatch] Cycle Back predicted '8' (Expected 'b') (Ent: 0.63)
EMNIST:'c' -> MNIST ❌ (Uncertain)
EMNIST:'d' -> MNIST ❌ (Uncertain)
EMNIST:'e' -> MNIST ❌ (Uncertain)
EMNIST:'f' -> MNIST ❌ (Uncertain)
EMNIST:'g' -> MNIST ❌ (Uncertain)
EMNIST:'h' -> MNIST ❌ (Uncertain)
EMNIST:'i' -> MNIST ❌ (Uncertain)
EMNIST:'j' -> MNIST ❌ (Uncertain)
EMNIST:'k' -> MNIST ❌ (Uncertain)
EMNIST:'l' -> MNIST ❌ (Uncertain)
EMNIST:'m' -> MNIST | Predict: '8' (Ent: 0.07)
  ⚠️ [Mismatch] Cycle Back predicted '8' (Expected 'm') (Ent: 0.63)
EMNIST:'n' -> MNIST ❌ (Uncertain)
EMNIST:'o' -> MNIST ❌ (Uncertain)
EMNIST:'p' -> MNIST ❌ (Uncertain)
EMNIST:'q' -> MNIST ❌ (Uncertain)
EMNIST:'r' -> MNIST ❌ (Uncertain)
EMNIST:'s' -> MNIST | Predict: '8' (Ent: 0.01)
  ⚠️ [Mismatch] Cycle Back predicted '8' (Expected 's') (Ent: 0.63)
EMNIST:'t' -> MNIST ❌ (Uncertain)
EMNIST:'u' -> MNIST ❌ (Uncertain)
EMNIST:'v' -> MNIST ❌ (Uncertain)
EMNIST:'w' -> MNIST ❌ (Uncertain)
EMNIST:'x' -> MNIST ❌ (Uncertain)
EMNIST:'y' -> MNIST ❌ (Uncertain)
EMNIST:'z' -> MNIST | Predict: '8' (Ent: 0.04)
  ⚠️ [Mismatch] Cycle Back predicted '8' (Expected 'z') (Ent: 0.63)
EMNIST:'0' -> CIFAR10 ❌ (Uncertain)
EMNIST:'1' -> CIFAR10 ❌ (Uncertain)
EMNIST:'2' -> CIFAR10 ❌ (Uncertain)
EMNIST:'3' -> CIFAR10 ❌ (Uncertain)
EMNIST:'4' -> CIFAR10 ❌ (Uncertain)
EMNIST:'5' -> CIFAR10 ❌ (Uncertain)
EMNIST:'6' -> CIFAR10 ❌ (Uncertain)
EMNIST:'7' -> CIFAR10 ❌ (Uncertain)
EMNIST:'8' -> CIFAR10 ❌ (Uncertain)
EMNIST:'9' -> CIFAR10 ❌ (Uncertain)
EMNIST:'A' -> CIFAR10 ❌ (Uncertain)
EMNIST:'B' -> CIFAR10 ❌ (Uncertain)
EMNIST:'C' -> CIFAR10 ❌ (Uncertain)
EMNIST:'D' -> CIFAR10 ❌ (Uncertain)
EMNIST:'E' -> CIFAR10 ❌ (Uncertain)
EMNIST:'F' -> CIFAR10 ❌ (Uncertain)
EMNIST:'G' -> CIFAR10 ❌ (Uncertain)
EMNIST:'H' -> CIFAR10 ❌ (Uncertain)
EMNIST:'I' -> CIFAR10 ❌ (Uncertain)
EMNIST:'J' -> CIFAR10 ❌ (Uncertain)
EMNIST:'K' -> CIFAR10 ❌ (Uncertain)
EMNIST:'L' -> CIFAR10 ❌ (Uncertain)
EMNIST:'M' -> CIFAR10 ❌ (Uncertain)
EMNIST:'N' -> CIFAR10 ❌ (Uncertain)
EMNIST:'O' -> CIFAR10 ❌ (Uncertain)
EMNIST:'P' -> CIFAR10 ❌ (Uncertain)
EMNIST:'Q' -> CIFAR10 ❌ (Uncertain)
EMNIST:'R' -> CIFAR10 ❌ (Uncertain)
EMNIST:'S' -> CIFAR10 ❌ (Uncertain)
EMNIST:'T' -> CIFAR10 ❌ (Uncertain)
EMNIST:'U' -> CIFAR10 ❌ (Uncertain)
EMNIST:'V' -> CIFAR10 ❌ (Uncertain)
EMNIST:'W' -> CIFAR10 ❌ (Uncertain)
EMNIST:'X' -> CIFAR10 ❌ (Uncertain)
EMNIST:'Y' -> CIFAR10 ❌ (Uncertain)
EMNIST:'Z' -> CIFAR10 ❌ (Uncertain)
EMNIST:'a' -> CIFAR10 ❌ (Uncertain)
EMNIST:'b' -> CIFAR10 ❌ (Uncertain)
EMNIST:'c' -> CIFAR10 ❌ (Uncertain)
EMNIST:'d' -> CIFAR10 ❌ (Uncertain)
EMNIST:'e' -> CIFAR10 ❌ (Uncertain)
EMNIST:'f' -> CIFAR10 ❌ (Uncertain)
EMNIST:'g' -> CIFAR10 ❌ (Uncertain)
EMNIST:'h' -> CIFAR10 ❌ (Uncertain)
EMNIST:'i' -> CIFAR10 ❌ (Uncertain)
EMNIST:'j' -> CIFAR10 ❌ (Uncertain)
EMNIST:'k' -> CIFAR10 ❌ (Uncertain)
EMNIST:'l' -> CIFAR10 ❌ (Uncertain)
EMNIST:'m' -> CIFAR10 ❌ (Uncertain)
EMNIST:'n' -> CIFAR10 ❌ (Uncertain)
EMNIST:'o' -> CIFAR10 ❌ (Uncertain)
EMNIST:'p' -> CIFAR10 ❌ (Uncertain)
EMNIST:'q' -> CIFAR10 ❌ (Uncertain)
EMNIST:'r' -> CIFAR10 ❌ (Uncertain)
EMNIST:'s' -> CIFAR10 ❌ (Uncertain)
EMNIST:'t' -> CIFAR10 ❌ (Uncertain)
EMNIST:'u' -> CIFAR10 ❌ (Uncertain)
EMNIST:'v' -> CIFAR10 ❌ (Uncertain)
EMNIST:'w' -> CIFAR10 ❌ (Uncertain)
EMNIST:'x' -> CIFAR10 ❌ (Uncertain)
EMNIST:'y' -> CIFAR10 ❌ (Uncertain)
EMNIST:'z' -> CIFAR10 ❌ (Uncertain)
CIFAR10:'airplane' -> MNIST | Predict: '8' (Ent: 0.06)
CIFAR10:'automobile' -> MNIST ❌ (Uncertain)
CIFAR10:'bird' -> MNIST | Predict: '8' (Ent: 0.04)
CIFAR10:'cat' -> MNIST | Predict: '8' (Ent: 0.10)
CIFAR10:'deer' -> MNIST ❌ (Uncertain)
CIFAR10:'dog' -> MNIST ❌ (Uncertain)
CIFAR10:'frog' -> MNIST | Predict: '8' (Ent: 0.00)
CIFAR10:'horse' -> MNIST ❌ (Uncertain)
CIFAR10:'ship' -> MNIST | Predict: '8' (Ent: 0.11)
CIFAR10:'truck' -> MNIST | Predict: '8' (Ent: 0.46)
CIFAR10:'airplane' -> EMNIST ❌ (Uncertain)
CIFAR10:'automobile' -> EMNIST ❌ (Uncertain)
CIFAR10:'bird' -> EMNIST ❌ (Uncertain)
CIFAR10:'cat' -> EMNIST ❌ (Uncertain)
CIFAR10:'deer' -> EMNIST ❌ (Uncertain)
CIFAR10:'dog' -> EMNIST ❌ (Uncertain)
CIFAR10:'frog' -> EMNIST ❌ (Uncertain)
CIFAR10:'horse' -> EMNIST ❌ (Uncertain)
CIFAR10:'ship' -> EMNIST ❌ (Uncertain)
CIFAR10:'truck' -> EMNIST ❌ (Uncertain)
Exp: Old Gen + New Ent (0.25)
dynamic_entropy_ratio: 0.25
MNIST:'0' -> EMNIST ❌ (Uncertain)
MNIST:'1' -> EMNIST ❌ (Uncertain)
MNIST:'2' -> EMNIST ❌ (Uncertain)
MNIST:'3' -> EMNIST ❌ (Uncertain)
MNIST:'4' -> EMNIST ❌ (Uncertain)
MNIST:'5' -> EMNIST ❌ (Uncertain)
MNIST:'6' -> EMNIST ❌ (Uncertain)
MNIST:'7' -> EMNIST ❌ (Uncertain)
MNIST:'8' -> EMNIST | Predict: '8' (Ent: 0.94)
MNIST:'9' -> EMNIST ❌ (Uncertain)
MNIST:'0' -> CIFAR10 ❌ (Uncertain)
MNIST:'1' -> CIFAR10 ❌ (Uncertain)
MNIST:'2' -> CIFAR10 ❌ (Uncertain)
MNIST:'3' -> CIFAR10 ❌ (Uncertain)
MNIST:'4' -> CIFAR10 ❌ (Uncertain)
MNIST:'5' -> CIFAR10 ❌ (Uncertain)
MNIST:'6' -> CIFAR10 | Predict: 'ship' (Ent: 0.57)
  ⚠️ [Mismatch] Cycle Back predicted '8' (Expected '6') (Ent: 0.11)
MNIST:'7' -> CIFAR10 ❌ (Uncertain)
MNIST:'8' -> CIFAR10 ❌ (Uncertain)
MNIST:'9' -> CIFAR10 ❌ (Uncertain)
EMNIST:'0' -> MNIST ❌ (Uncertain)
EMNIST:'1' -> MNIST | Predict: '8' (Ent: 0.50)
  ⚠️ [Mismatch] Cycle Back predicted '8' (Expected '1') (Ent: 0.94)
EMNIST:'2' -> MNIST | Predict: '8' (Ent: 0.44)
  ⚠️ [Mismatch] Cycle Back predicted '8' (Expected '2') (Ent: 0.94)
EMNIST:'3' -> MNIST | Predict: '8' (Ent: 0.50)
  ⚠️ [Mismatch] Cycle Back predicted '8' (Expected '3') (Ent: 0.94)
EMNIST:'4' -> MNIST | Predict: '8' (Ent: 0.54)
  ⚠️ [Mismatch] Cycle Back predicted '8' (Expected '4') (Ent: 0.94)
EMNIST:'5' -> MNIST | Predict: '8' (Ent: 0.54)
  ⚠️ [Mismatch] Cycle Back predicted '8' (Expected '5') (Ent: 0.94)
EMNIST:'6' -> MNIST | Predict: '8' (Ent: 0.48)
  ⚠️ [Mismatch] Cycle Back predicted '8' (Expected '6') (Ent: 0.94)
EMNIST:'7' -> MNIST | Predict: '8' (Ent: 0.53)
  ⚠️ [Mismatch] Cycle Back predicted '8' (Expected '7') (Ent: 0.94)
EMNIST:'9' -> MNIST ❌ (Uncertain)
EMNIST:'A' -> MNIST ❌ (Uncertain)
EMNIST:'B' -> MNIST | Predict: '8' (Ent: 0.08)
  ⚠️ [Mismatch] Cycle Back predicted '8' (Expected 'B') (Ent: 0.94)
EMNIST:'C' -> MNIST ❌ (Uncertain)
EMNIST:'D' -> MNIST ❌ (Uncertain)
EMNIST:'E' -> MNIST ❌ (Uncertain)
EMNIST:'F' -> MNIST | Predict: '8' (Ent: 0.56)
  ⚠️ [Mismatch] Cycle Back predicted '8' (Expected 'F') (Ent: 0.94)
EMNIST:'G' -> MNIST ❌ (Uncertain)
EMNIST:'H' -> MNIST | Predict: '8' (Ent: 0.57)
  ⚠️ [Mismatch] Cycle Back predicted '8' (Expected 'H') (Ent: 0.94)
EMNIST:'I' -> MNIST ❌ (Uncertain)
EMNIST:'J' -> MNIST ❌ (Uncertain)
EMNIST:'K' -> MNIST ❌ (Uncertain)
EMNIST:'L' -> MNIST ❌ (Uncertain)
EMNIST:'M' -> MNIST | Predict: '8' (Ent: 0.37)
  ⚠️ [Mismatch] Cycle Back predicted '8' (Expected 'M') (Ent: 0.94)
EMNIST:'N' -> MNIST ❌ (Uncertain)
EMNIST:'O' -> MNIST ❌ (Uncertain)
EMNIST:'P' -> MNIST ❌ (Uncertain)
EMNIST:'Q' -> MNIST ❌ (Uncertain)
EMNIST:'R' -> MNIST | Predict: '8' (Ent: 0.49)
  ⚠️ [Mismatch] Cycle Back predicted '8' (Expected 'R') (Ent: 0.94)
EMNIST:'S' -> MNIST | Predict: '8' (Ent: 0.01)
  ⚠️ [Mismatch] Cycle Back predicted '8' (Expected 'S') (Ent: 0.94)
EMNIST:'T' -> MNIST | Predict: '8' (Ent: 0.49)
  ⚠️ [Mismatch] Cycle Back predicted '8' (Expected 'T') (Ent: 0.94)
EMNIST:'U' -> MNIST ❌ (Uncertain)
EMNIST:'V' -> MNIST | Predict: '8' (Ent: 0.46)
  ⚠️ [Mismatch] Cycle Back predicted '8' (Expected 'V') (Ent: 0.94)
EMNIST:'W' -> MNIST | Predict: '8' (Ent: 0.51)
  ⚠️ [Mismatch] Cycle Back predicted '8' (Expected 'W') (Ent: 0.94)
EMNIST:'X' -> MNIST ❌ (Uncertain)
EMNIST:'Y' -> MNIST ❌ (Uncertain)
EMNIST:'Z' -> MNIST | Predict: '8' (Ent: 0.52)
  ⚠️ [Mismatch] Cycle Back predicted '8' (Expected 'Z') (Ent: 0.94)
EMNIST:'a' -> MNIST ❌ (Uncertain)
EMNIST:'b' -> MNIST | Predict: '8' (Ent: 0.08)
  ⚠️ [Mismatch] Cycle Back predicted '8' (Expected 'b') (Ent: 0.94)
EMNIST:'c' -> MNIST ❌ (Uncertain)
EMNIST:'d' -> MNIST ❌ (Uncertain)
EMNIST:'e' -> MNIST ❌ (Uncertain)
EMNIST:'f' -> MNIST | Predict: '8' (Ent: 0.56)
  ⚠️ [Mismatch] Cycle Back predicted '8' (Expected 'f') (Ent: 0.94)
EMNIST:'g' -> MNIST ❌ (Uncertain)
EMNIST:'h' -> MNIST | Predict: '8' (Ent: 0.57)
  ⚠️ [Mismatch] Cycle Back predicted '8' (Expected 'h') (Ent: 0.94)
EMNIST:'i' -> MNIST ❌ (Uncertain)
EMNIST:'j' -> MNIST ❌ (Uncertain)
EMNIST:'k' -> MNIST ❌ (Uncertain)
EMNIST:'l' -> MNIST ❌ (Uncertain)
EMNIST:'m' -> MNIST | Predict: '8' (Ent: 0.37)
  ⚠️ [Mismatch] Cycle Back predicted '8' (Expected 'm') (Ent: 0.94)
EMNIST:'n' -> MNIST ❌ (Uncertain)
EMNIST:'o' -> MNIST ❌ (Uncertain)
EMNIST:'p' -> MNIST ❌ (Uncertain)
EMNIST:'q' -> MNIST ❌ (Uncertain)
EMNIST:'r' -> MNIST | Predict: '8' (Ent: 0.49)
  ⚠️ [Mismatch] Cycle Back predicted '8' (Expected 'r') (Ent: 0.94)
EMNIST:'s' -> MNIST | Predict: '8' (Ent: 0.01)
  ⚠️ [Mismatch] Cycle Back predicted '8' (Expected 's') (Ent: 0.94)
EMNIST:'t' -> MNIST | Predict: '8' (Ent: 0.49)
  ⚠️ [Mismatch] Cycle Back predicted '8' (Expected 't') (Ent: 0.94)
EMNIST:'u' -> MNIST ❌ (Uncertain)
EMNIST:'v' -> MNIST | Predict: '8' (Ent: 0.46)
  ⚠️ [Mismatch] Cycle Back predicted '8' (Expected 'v') (Ent: 0.94)
EMNIST:'w' -> MNIST | Predict: '8' (Ent: 0.51)
  ⚠️ [Mismatch] Cycle Back predicted '8' (Expected 'w') (Ent: 0.94)
EMNIST:'x' -> MNIST ❌ (Uncertain)
EMNIST:'y' -> MNIST ❌ (Uncertain)
EMNIST:'z' -> MNIST | Predict: '8' (Ent: 0.52)
  ⚠️ [Mismatch] Cycle Back predicted '8' (Expected 'z') (Ent: 0.94)
EMNIST:'0' -> CIFAR10 ❌ (Uncertain)
EMNIST:'1' -> CIFAR10 ❌ (Uncertain)
EMNIST:'2' -> CIFAR10 ❌ (Uncertain)
EMNIST:'3' -> CIFAR10 ❌ (Uncertain)
EMNIST:'4' -> CIFAR10 ❌ (Uncertain)
EMNIST:'5' -> CIFAR10 ❌ (Uncertain)
EMNIST:'6' -> CIFAR10 ❌ (Uncertain)
EMNIST:'7' -> CIFAR10 ❌ (Uncertain)
EMNIST:'8' -> CIFAR10 ❌ (Uncertain)
EMNIST:'9' -> CIFAR10 ❌ (Uncertain)
EMNIST:'A' -> CIFAR10 ❌ (Uncertain)
EMNIST:'B' -> CIFAR10 ❌ (Uncertain)
EMNIST:'C' -> CIFAR10 ❌ (Uncertain)
EMNIST:'D' -> CIFAR10 ❌ (Uncertain)
EMNIST:'E' -> CIFAR10 ❌ (Uncertain)
EMNIST:'F' -> CIFAR10 ❌ (Uncertain)
EMNIST:'G' -> CIFAR10 ❌ (Uncertain)
EMNIST:'H' -> CIFAR10 ❌ (Uncertain)
EMNIST:'I' -> CIFAR10 ❌ (Uncertain)
EMNIST:'J' -> CIFAR10 ❌ (Uncertain)
EMNIST:'K' -> CIFAR10 ❌ (Uncertain)
EMNIST:'L' -> CIFAR10 ❌ (Uncertain)
EMNIST:'M' -> CIFAR10 ❌ (Uncertain)
EMNIST:'N' -> CIFAR10 ❌ (Uncertain)
EMNIST:'O' -> CIFAR10 ❌ (Uncertain)
EMNIST:'P' -> CIFAR10 ❌ (Uncertain)
EMNIST:'Q' -> CIFAR10 ❌ (Uncertain)
EMNIST:'R' -> CIFAR10 ❌ (Uncertain)
EMNIST:'S' -> CIFAR10 ❌ (Uncertain)
EMNIST:'T' -> CIFAR10 ❌ (Uncertain)
EMNIST:'U' -> CIFAR10 ❌ (Uncertain)
EMNIST:'V' -> CIFAR10 ❌ (Uncertain)
EMNIST:'W' -> CIFAR10 ❌ (Uncertain)
EMNIST:'X' -> CIFAR10 ❌ (Uncertain)
EMNIST:'Y' -> CIFAR10 ❌ (Uncertain)
EMNIST:'Z' -> CIFAR10 ❌ (Uncertain)
EMNIST:'a' -> CIFAR10 ❌ (Uncertain)
EMNIST:'b' -> CIFAR10 ❌ (Uncertain)
EMNIST:'c' -> CIFAR10 ❌ (Uncertain)
EMNIST:'d' -> CIFAR10 ❌ (Uncertain)
EMNIST:'e' -> CIFAR10 ❌ (Uncertain)
EMNIST:'f' -> CIFAR10 ❌ (Uncertain)
EMNIST:'g' -> CIFAR10 ❌ (Uncertain)
EMNIST:'h' -> CIFAR10 ❌ (Uncertain)
EMNIST:'i' -> CIFAR10 ❌ (Uncertain)
EMNIST:'j' -> CIFAR10 ❌ (Uncertain)
EMNIST:'k' -> CIFAR10 ❌ (Uncertain)
EMNIST:'l' -> CIFAR10 ❌ (Uncertain)
EMNIST:'m' -> CIFAR10 ❌ (Uncertain)
EMNIST:'n' -> CIFAR10 ❌ (Uncertain)
EMNIST:'o' -> CIFAR10 ❌ (Uncertain)
EMNIST:'p' -> CIFAR10 ❌ (Uncertain)
EMNIST:'q' -> CIFAR10 ❌ (Uncertain)
EMNIST:'r' -> CIFAR10 ❌ (Uncertain)
EMNIST:'s' -> CIFAR10 ❌ (Uncertain)
EMNIST:'t' -> CIFAR10 ❌ (Uncertain)
EMNIST:'u' -> CIFAR10 ❌ (Uncertain)
EMNIST:'v' -> CIFAR10 ❌ (Uncertain)
EMNIST:'w' -> CIFAR10 ❌ (Uncertain)
EMNIST:'x' -> CIFAR10 ❌ (Uncertain)
EMNIST:'y' -> CIFAR10 ❌ (Uncertain)
EMNIST:'z' -> CIFAR10 ❌ (Uncertain)
CIFAR10:'airplane' -> MNIST | Predict: '8' (Ent: 0.06)
CIFAR10:'automobile' -> MNIST ❌ (Uncertain)
CIFAR10:'bird' -> MNIST | Predict: '8' (Ent: 0.04)
CIFAR10:'cat' -> MNIST | Predict: '8' (Ent: 0.10)
CIFAR10:'deer' -> MNIST | Predict: '8' (Ent: 0.50)
CIFAR10:'dog' -> MNIST ❌ (Uncertain)
CIFAR10:'frog' -> MNIST | Predict: '8' (Ent: 0.00)
CIFAR10:'horse' -> MNIST ❌ (Uncertain)
CIFAR10:'truck' -> MNIST ❌ (Uncertain)
CIFAR10:'airplane' -> EMNIST ❌ (Uncertain)
CIFAR10:'automobile' -> EMNIST ❌ (Uncertain)
CIFAR10:'bird' -> EMNIST ❌ (Uncertain)
CIFAR10:'cat' -> EMNIST ❌ (Uncertain)
CIFAR10:'deer' -> EMNIST ❌ (Uncertain)
CIFAR10:'dog' -> EMNIST ❌ (Uncertain)
CIFAR10:'frog' -> EMNIST | Predict: '8' (Ent: 0.87)
CIFAR10:'horse' -> EMNIST ❌ (Uncertain)
CIFAR10:'ship' -> EMNIST ❌ (Uncertain)
CIFAR10:'truck' -> EMNIST ❌ (Uncertain)
Exp: Old Gen + New Ent (0.3)
dynamic_entropy_ratio: 0.3
MNIST:'0' -> EMNIST ❌ (Uncertain)
MNIST:'1' -> EMNIST ❌ (Uncertain)
MNIST:'2' -> EMNIST ❌ (Uncertain)
MNIST:'3' -> EMNIST ❌ (Uncertain)
MNIST:'4' -> EMNIST ❌ (Uncertain)
MNIST:'5' -> EMNIST ❌ (Uncertain)
MNIST:'6' -> EMNIST ❌ (Uncertain)
MNIST:'7' -> EMNIST ❌ (Uncertain)
MNIST:'8' -> EMNIST | Predict: '8' (Ent: 1.01)
MNIST:'9' -> EMNIST ❌ (Uncertain)
MNIST:'0' -> CIFAR10 ❌ (Uncertain)
MNIST:'1' -> CIFAR10 ❌ (Uncertain)
MNIST:'2' -> CIFAR10 ❌ (Uncertain)
MNIST:'3' -> CIFAR10 ❌ (Uncertain)
MNIST:'4' -> CIFAR10 ❌ (Uncertain)
MNIST:'5' -> CIFAR10 ❌ (Uncertain)
MNIST:'6' -> CIFAR10 ❌ (Uncertain)
MNIST:'7' -> CIFAR10 ❌ (Uncertain)
MNIST:'8' -> CIFAR10 ❌ (Uncertain)
MNIST:'9' -> CIFAR10 ❌ (Uncertain)
EMNIST:'0' -> MNIST ❌ (Uncertain)
EMNIST:'1' -> MNIST | Predict: '8' (Ent: 0.50)
  ⚠️ [Mismatch] Cycle Back predicted '8' (Expected '1') (Ent: 1.01)
EMNIST:'2' -> MNIST | Predict: '8' (Ent: 0.44)
  ⚠️ [Mismatch] Cycle Back predicted '8' (Expected '2') (Ent: 1.01)
EMNIST:'3' -> MNIST | Predict: '8' (Ent: 0.50)
  ⚠️ [Mismatch] Cycle Back predicted '8' (Expected '3') (Ent: 1.01)
EMNIST:'4' -> MNIST | Predict: '8' (Ent: 0.54)
  ⚠️ [Mismatch] Cycle Back predicted '8' (Expected '4') (Ent: 1.01)
EMNIST:'5' -> MNIST | Predict: '8' (Ent: 0.61)
  ⚠️ [Mismatch] Cycle Back predicted '8' (Expected '5') (Ent: 1.01)
EMNIST:'6' -> MNIST | Predict: '8' (Ent: 0.48)
  ⚠️ [Mismatch] Cycle Back predicted '8' (Expected '6') (Ent: 1.01)
EMNIST:'7' -> MNIST | Predict: '8' (Ent: 0.53)
  ⚠️ [Mismatch] Cycle Back predicted '8' (Expected '7') (Ent: 1.01)
EMNIST:'9' -> MNIST ❌ (Uncertain)
EMNIST:'A' -> MNIST ❌ (Uncertain)
EMNIST:'B' -> MNIST | Predict: '8' (Ent: 0.08)
  ⚠️ [Mismatch] Cycle Back predicted '8' (Expected 'B') (Ent: 1.01)
EMNIST:'C' -> MNIST ❌ (Uncertain)
EMNIST:'D' -> MNIST ❌ (Uncertain)
EMNIST:'E' -> MNIST ❌ (Uncertain)
EMNIST:'F' -> MNIST ❌ (Uncertain)
EMNIST:'G' -> MNIST | Predict: '8' (Ent: 0.67)
  ⚠️ [Mismatch] Cycle Back predicted '8' (Expected 'G') (Ent: 1.01)
EMNIST:'H' -> MNIST | Predict: '8' (Ent: 0.57)
  ⚠️ [Mismatch] Cycle Back predicted '8' (Expected 'H') (Ent: 1.01)
EMNIST:'I' -> MNIST ❌ (Uncertain)
EMNIST:'J' -> MNIST | Predict: '8' (Ent: 0.69)
  ⚠️ [Mismatch] Cycle Back predicted '8' (Expected 'J') (Ent: 1.01)
EMNIST:'K' -> MNIST ❌ (Uncertain)
EMNIST:'L' -> MNIST ❌ (Uncertain)
EMNIST:'M' -> MNIST | Predict: '8' (Ent: 0.37)
  ⚠️ [Mismatch] Cycle Back predicted '8' (Expected 'M') (Ent: 1.01)
EMNIST:'N' -> MNIST ❌ (Uncertain)
EMNIST:'O' -> MNIST ❌ (Uncertain)
EMNIST:'P' -> MNIST ❌ (Uncertain)
EMNIST:'Q' -> MNIST | Predict: '8' (Ent: 0.65)
  ⚠️ [Mismatch] Cycle Back predicted '8' (Expected 'Q') (Ent: 1.01)
EMNIST:'R' -> MNIST ❌ (Uncertain)
EMNIST:'S' -> MNIST | Predict: '8' (Ent: 0.63)
  ⚠️ [Mismatch] Cycle Back predicted '8' (Expected 'S') (Ent: 1.01)
EMNIST:'T' -> MNIST | Predict: '8' (Ent: 0.49)
  ⚠️ [Mismatch] Cycle Back predicted '8' (Expected 'T') (Ent: 1.01)
EMNIST:'U' -> MNIST ❌ (Uncertain)
EMNIST:'V' -> MNIST | Predict: '8' (Ent: 0.46)
  ⚠️ [Mismatch] Cycle Back predicted '8' (Expected 'V') (Ent: 1.01)
EMNIST:'W' -> MNIST | Predict: '8' (Ent: 0.51)
  ⚠️ [Mismatch] Cycle Back predicted '8' (Expected 'W') (Ent: 1.01)
EMNIST:'X' -> MNIST | Predict: '8' (Ent: 0.65)
  ⚠️ [Mismatch] Cycle Back predicted '8' (Expected 'X') (Ent: 1.01)
EMNIST:'Y' -> MNIST ❌ (Uncertain)
EMNIST:'Z' -> MNIST | Predict: '8' (Ent: 0.52)
  ⚠️ [Mismatch] Cycle Back predicted '8' (Expected 'Z') (Ent: 1.01)
EMNIST:'a' -> MNIST ❌ (Uncertain)
EMNIST:'b' -> MNIST | Predict: '8' (Ent: 0.08)
  ⚠️ [Mismatch] Cycle Back predicted '8' (Expected 'b') (Ent: 1.01)
EMNIST:'c' -> MNIST ❌ (Uncertain)
EMNIST:'d' -> MNIST ❌ (Uncertain)
EMNIST:'e' -> MNIST ❌ (Uncertain)
EMNIST:'f' -> MNIST ❌ (Uncertain)
EMNIST:'g' -> MNIST | Predict: '8' (Ent: 0.67)
  ⚠️ [Mismatch] Cycle Back predicted '8' (Expected 'g') (Ent: 1.01)
EMNIST:'h' -> MNIST | Predict: '8' (Ent: 0.57)
  ⚠️ [Mismatch] Cycle Back predicted '8' (Expected 'h') (Ent: 1.01)
EMNIST:'i' -> MNIST ❌ (Uncertain)
EMNIST:'j' -> MNIST | Predict: '8' (Ent: 0.69)
  ⚠️ [Mismatch] Cycle Back predicted '8' (Expected 'j') (Ent: 1.01)
EMNIST:'k' -> MNIST ❌ (Uncertain)
EMNIST:'l' -> MNIST ❌ (Uncertain)
EMNIST:'m' -> MNIST | Predict: '8' (Ent: 0.37)
  ⚠️ [Mismatch] Cycle Back predicted '8' (Expected 'm') (Ent: 1.01)
EMNIST:'n' -> MNIST ❌ (Uncertain)
EMNIST:'o' -> MNIST ❌ (Uncertain)
EMNIST:'p' -> MNIST ❌ (Uncertain)
EMNIST:'q' -> MNIST | Predict: '8' (Ent: 0.65)
  ⚠️ [Mismatch] Cycle Back predicted '8' (Expected 'q') (Ent: 1.01)
EMNIST:'r' -> MNIST ❌ (Uncertain)
EMNIST:'s' -> MNIST | Predict: '8' (Ent: 0.63)
  ⚠️ [Mismatch] Cycle Back predicted '8' (Expected 's') (Ent: 1.01)
EMNIST:'t' -> MNIST | Predict: '8' (Ent: 0.49)
  ⚠️ [Mismatch] Cycle Back predicted '8' (Expected 't') (Ent: 1.01)
EMNIST:'u' -> MNIST ❌ (Uncertain)
EMNIST:'v' -> MNIST | Predict: '8' (Ent: 0.46)
  ⚠️ [Mismatch] Cycle Back predicted '8' (Expected 'v') (Ent: 1.01)
EMNIST:'w' -> MNIST | Predict: '8' (Ent: 0.51)
  ⚠️ [Mismatch] Cycle Back predicted '8' (Expected 'w') (Ent: 1.01)
EMNIST:'x' -> MNIST | Predict: '8' (Ent: 0.65)
  ⚠️ [Mismatch] Cycle Back predicted '8' (Expected 'x') (Ent: 1.01)
EMNIST:'y' -> MNIST ❌ (Uncertain)
EMNIST:'z' -> MNIST | Predict: '8' (Ent: 0.52)
  ⚠️ [Mismatch] Cycle Back predicted '8' (Expected 'z') (Ent: 1.01)
EMNIST:'0' -> CIFAR10 ❌ (Uncertain)
EMNIST:'1' -> CIFAR10 ❌ (Uncertain)
EMNIST:'2' -> CIFAR10 ❌ (Uncertain)
EMNIST:'3' -> CIFAR10 ❌ (Uncertain)
EMNIST:'4' -> CIFAR10 ❌ (Uncertain)
EMNIST:'5' -> CIFAR10 ❌ (Uncertain)
EMNIST:'6' -> CIFAR10 ❌ (Uncertain)
EMNIST:'7' -> CIFAR10 ❌ (Uncertain)
EMNIST:'8' -> CIFAR10 ❌ (Uncertain)
EMNIST:'9' -> CIFAR10 ❌ (Uncertain)
EMNIST:'A' -> CIFAR10 ❌ (Uncertain)
EMNIST:'B' -> CIFAR10 ❌ (Uncertain)
EMNIST:'C' -> CIFAR10 ❌ (Uncertain)
EMNIST:'D' -> CIFAR10 ❌ (Uncertain)
EMNIST:'E' -> CIFAR10 ❌ (Uncertain)
EMNIST:'F' -> CIFAR10 ❌ (Uncertain)
EMNIST:'G' -> CIFAR10 ❌ (Uncertain)
EMNIST:'H' -> CIFAR10 ❌ (Uncertain)
EMNIST:'I' -> CIFAR10 ❌ (Uncertain)
EMNIST:'J' -> CIFAR10 ❌ (Uncertain)
EMNIST:'K' -> CIFAR10 ❌ (Uncertain)
EMNIST:'L' -> CIFAR10 ❌ (Uncertain)
EMNIST:'M' -> CIFAR10 ❌ (Uncertain)
EMNIST:'N' -> CIFAR10 ❌ (Uncertain)
EMNIST:'O' -> CIFAR10 ❌ (Uncertain)
EMNIST:'P' -> CIFAR10 ❌ (Uncertain)
EMNIST:'Q' -> CIFAR10 ❌ (Uncertain)
EMNIST:'R' -> CIFAR10 ❌ (Uncertain)
EMNIST:'S' -> CIFAR10 ❌ (Uncertain)
EMNIST:'T' -> CIFAR10 ❌ (Uncertain)
EMNIST:'U' -> CIFAR10 ❌ (Uncertain)
EMNIST:'V' -> CIFAR10 ❌ (Uncertain)
EMNIST:'W' -> CIFAR10 ❌ (Uncertain)
EMNIST:'X' -> CIFAR10 ❌ (Uncertain)
EMNIST:'Y' -> CIFAR10 ❌ (Uncertain)
EMNIST:'Z' -> CIFAR10 ❌ (Uncertain)
EMNIST:'a' -> CIFAR10 ❌ (Uncertain)
EMNIST:'b' -> CIFAR10 ❌ (Uncertain)
EMNIST:'c' -> CIFAR10 ❌ (Uncertain)
EMNIST:'d' -> CIFAR10 ❌ (Uncertain)
EMNIST:'e' -> CIFAR10 ❌ (Uncertain)
EMNIST:'f' -> CIFAR10 ❌ (Uncertain)
EMNIST:'g' -> CIFAR10 ❌ (Uncertain)
EMNIST:'h' -> CIFAR10 ❌ (Uncertain)
EMNIST:'i' -> CIFAR10 ❌ (Uncertain)
EMNIST:'j' -> CIFAR10 ❌ (Uncertain)
EMNIST:'k' -> CIFAR10 ❌ (Uncertain)
EMNIST:'l' -> CIFAR10 ❌ (Uncertain)
EMNIST:'m' -> CIFAR10 ❌ (Uncertain)
EMNIST:'n' -> CIFAR10 ❌ (Uncertain)
EMNIST:'o' -> CIFAR10 ❌ (Uncertain)
EMNIST:'p' -> CIFAR10 ❌ (Uncertain)
EMNIST:'q' -> CIFAR10 ❌ (Uncertain)
EMNIST:'r' -> CIFAR10 ❌ (Uncertain)
EMNIST:'s' -> CIFAR10 ❌ (Uncertain)
EMNIST:'t' -> CIFAR10 ❌ (Uncertain)
EMNIST:'u' -> CIFAR10 ❌ (Uncertain)
EMNIST:'v' -> CIFAR10 ❌ (Uncertain)
EMNIST:'w' -> CIFAR10 ❌ (Uncertain)
EMNIST:'x' -> CIFAR10 ❌ (Uncertain)
EMNIST:'y' -> CIFAR10 ❌ (Uncertain)
EMNIST:'z' -> CIFAR10 ❌ (Uncertain)
CIFAR10:'airplane' -> MNIST | Predict: '8' (Ent: 0.52)
CIFAR10:'automobile' -> MNIST ❌ (Uncertain)
CIFAR10:'bird' -> MNIST ❌ (Uncertain)
CIFAR10:'cat' -> MNIST | Predict: '8' (Ent: 0.10)
CIFAR10:'deer' -> MNIST | Predict: '8' (Ent: 0.62)
CIFAR10:'dog' -> MNIST ❌ (Uncertain)
CIFAR10:'frog' -> MNIST | Predict: '8' (Ent: 0.00)
CIFAR10:'horse' -> MNIST ❌ (Uncertain)
CIFAR10:'ship' -> MNIST | Predict: '8' (Ent: 0.11)
CIFAR10:'truck' -> MNIST ❌ (Uncertain)
CIFAR10:'airplane' -> EMNIST ❌ (Uncertain)
CIFAR10:'automobile' -> EMNIST ❌ (Uncertain)
CIFAR10:'bird' -> EMNIST ❌ (Uncertain)
CIFAR10:'cat' -> EMNIST ❌ (Uncertain)
CIFAR10:'deer' -> EMNIST ❌ (Uncertain)
CIFAR10:'dog' -> EMNIST ❌ (Uncertain)
CIFAR10:'frog' -> EMNIST | Predict: '8' (Ent: 1.09)
CIFAR10:'horse' -> EMNIST ❌ (Uncertain)
CIFAR10:'ship' -> EMNIST ❌ (Uncertain)
CIFAR10:'truck' -> EMNIST ❌ (Uncertain)
Exp: Old Gen + New Ent (0.35)
dynamic_entropy_ratio: 0.35
MNIST:'0' -> EMNIST ❌ (Uncertain)
MNIST:'1' -> EMNIST ❌ (Uncertain)
MNIST:'2' -> EMNIST ❌ (Uncertain)
MNIST:'3' -> EMNIST ❌ (Uncertain)
MNIST:'4' -> EMNIST ❌ (Uncertain)
MNIST:'5' -> EMNIST | Predict: '3' (Ent: 1.35)
  ⚠️ [Mismatch] Cycle Back predicted '8' (Expected '5') (Ent: 0.50)
MNIST:'6' -> EMNIST ❌ (Uncertain)
MNIST:'7' -> EMNIST ❌ (Uncertain)
MNIST:'8' -> EMNIST | Predict: '8' (Ent: 1.18)
MNIST:'9' -> EMNIST ❌ (Uncertain)
MNIST:'0' -> CIFAR10 ❌ (Uncertain)
MNIST:'1' -> CIFAR10 ❌ (Uncertain)
MNIST:'2' -> CIFAR10 ❌ (Uncertain)
MNIST:'3' -> CIFAR10 ❌ (Uncertain)
MNIST:'4' -> CIFAR10 ❌ (Uncertain)
MNIST:'5' -> CIFAR10 ❌ (Uncertain)
MNIST:'6' -> CIFAR10 | Predict: 'ship' (Ent: 0.80)
  ⚠️ [Mismatch] Cycle Back predicted '8' (Expected '6') (Ent: 0.11)
MNIST:'7' -> CIFAR10 ❌ (Uncertain)
MNIST:'8' -> CIFAR10 ❌ (Uncertain)
MNIST:'9' -> CIFAR10 ❌ (Uncertain)
EMNIST:'0' -> MNIST ❌ (Uncertain)
EMNIST:'1' -> MNIST | Predict: '8' (Ent: 0.50)
  ⚠️ [Mismatch] Cycle Back predicted '8' (Expected '1') (Ent: 1.18)
EMNIST:'2' -> MNIST | Predict: '8' (Ent: 0.44)
  ⚠️ [Mismatch] Cycle Back predicted '8' (Expected '2') (Ent: 1.18)
EMNIST:'4' -> MNIST | Predict: '8' (Ent: 0.54)
  ⚠️ [Mismatch] Cycle Back predicted '8' (Expected '4') (Ent: 1.18)
EMNIST:'5' -> MNIST ❌ (Uncertain)
EMNIST:'6' -> MNIST | Predict: '8' (Ent: 0.78)
  ⚠️ [Mismatch] Cycle Back predicted '8' (Expected '6') (Ent: 1.18)
EMNIST:'7' -> MNIST | Predict: '8' (Ent: 0.74)
  ⚠️ [Mismatch] Cycle Back predicted '8' (Expected '7') (Ent: 1.18)
EMNIST:'9' -> MNIST ❌ (Uncertain)
EMNIST:'A' -> MNIST ❌ (Uncertain)
EMNIST:'B' -> MNIST | Predict: '8' (Ent: 0.08)
  ⚠️ [Mismatch] Cycle Back predicted '8' (Expected 'B') (Ent: 1.18)
EMNIST:'C' -> MNIST ❌ (Uncertain)
EMNIST:'D' -> MNIST ❌ (Uncertain)
EMNIST:'E' -> MNIST ❌ (Uncertain)
EMNIST:'F' -> MNIST ❌ (Uncertain)
EMNIST:'G' -> MNIST | Predict: '8' (Ent: 0.67)
  ⚠️ [Mismatch] Cycle Back predicted '8' (Expected 'G') (Ent: 1.18)
EMNIST:'H' -> MNIST | Predict: '8' (Ent: 0.57)
  ⚠️ [Mismatch] Cycle Back predicted '8' (Expected 'H') (Ent: 1.18)
EMNIST:'I' -> MNIST | Predict: '8' (Ent: 0.78)
  ⚠️ [Mismatch] Cycle Back predicted '8' (Expected 'I') (Ent: 1.18)
EMNIST:'J' -> MNIST | Predict: '8' (Ent: 0.69)
  ⚠️ [Mismatch] Cycle Back predicted '8' (Expected 'J') (Ent: 1.18)
EMNIST:'K' -> MNIST ❌ (Uncertain)
EMNIST:'L' -> MNIST ❌ (Uncertain)
EMNIST:'M' -> MNIST | Predict: '8' (Ent: 0.44)
  ⚠️ [Mismatch] Cycle Back predicted '8' (Expected 'M') (Ent: 1.18)
EMNIST:'N' -> MNIST ❌ (Uncertain)
EMNIST:'O' -> MNIST ❌ (Uncertain)
EMNIST:'P' -> MNIST ❌ (Uncertain)
EMNIST:'Q' -> MNIST | Predict: '8' (Ent: 0.65)
  ⚠️ [Mismatch] Cycle Back predicted '8' (Expected 'Q') (Ent: 1.18)
EMNIST:'R' -> MNIST ❌ (Uncertain)
EMNIST:'S' -> MNIST | Predict: '8' (Ent: 0.63)
  ⚠️ [Mismatch] Cycle Back predicted '8' (Expected 'S') (Ent: 1.18)
EMNIST:'T' -> MNIST | Predict: '8' (Ent: 0.49)
  ⚠️ [Mismatch] Cycle Back predicted '8' (Expected 'T') (Ent: 1.18)
EMNIST:'U' -> MNIST ❌ (Uncertain)
EMNIST:'V' -> MNIST | Predict: '8' (Ent: 0.76)
  ⚠️ [Mismatch] Cycle Back predicted '8' (Expected 'V') (Ent: 1.18)
EMNIST:'W' -> MNIST ❌ (Uncertain)
EMNIST:'X' -> MNIST | Predict: '8' (Ent: 0.65)
  ⚠️ [Mismatch] Cycle Back predicted '8' (Expected 'X') (Ent: 1.18)
EMNIST:'Y' -> MNIST ❌ (Uncertain)
EMNIST:'Z' -> MNIST | Predict: '8' (Ent: 0.52)
  ⚠️ [Mismatch] Cycle Back predicted '8' (Expected 'Z') (Ent: 1.18)
EMNIST:'a' -> MNIST ❌ (Uncertain)
EMNIST:'b' -> MNIST | Predict: '8' (Ent: 0.08)
  ⚠️ [Mismatch] Cycle Back predicted '8' (Expected 'b') (Ent: 1.18)
EMNIST:'c' -> MNIST ❌ (Uncertain)
EMNIST:'d' -> MNIST ❌ (Uncertain)
EMNIST:'e' -> MNIST ❌ (Uncertain)
EMNIST:'f' -> MNIST ❌ (Uncertain)
EMNIST:'g' -> MNIST | Predict: '8' (Ent: 0.67)
  ⚠️ [Mismatch] Cycle Back predicted '8' (Expected 'g') (Ent: 1.18)
EMNIST:'h' -> MNIST | Predict: '8' (Ent: 0.57)
  ⚠️ [Mismatch] Cycle Back predicted '8' (Expected 'h') (Ent: 1.18)
EMNIST:'i' -> MNIST | Predict: '8' (Ent: 0.78)
  ⚠️ [Mismatch] Cycle Back predicted '8' (Expected 'i') (Ent: 1.18)
EMNIST:'j' -> MNIST | Predict: '8' (Ent: 0.69)
  ⚠️ [Mismatch] Cycle Back predicted '8' (Expected 'j') (Ent: 1.18)
EMNIST:'k' -> MNIST ❌ (Uncertain)
EMNIST:'l' -> MNIST ❌ (Uncertain)
EMNIST:'m' -> MNIST | Predict: '8' (Ent: 0.44)
  ⚠️ [Mismatch] Cycle Back predicted '8' (Expected 'm') (Ent: 1.18)
EMNIST:'n' -> MNIST ❌ (Uncertain)
EMNIST:'o' -> MNIST ❌ (Uncertain)
EMNIST:'p' -> MNIST ❌ (Uncertain)
EMNIST:'q' -> MNIST | Predict: '8' (Ent: 0.65)
  ⚠️ [Mismatch] Cycle Back predicted '8' (Expected 'q') (Ent: 1.18)
EMNIST:'r' -> MNIST ❌ (Uncertain)
EMNIST:'s' -> MNIST | Predict: '8' (Ent: 0.63)
  ⚠️ [Mismatch] Cycle Back predicted '8' (Expected 's') (Ent: 1.18)
EMNIST:'t' -> MNIST | Predict: '8' (Ent: 0.49)
  ⚠️ [Mismatch] Cycle Back predicted '8' (Expected 't') (Ent: 1.18)
EMNIST:'u' -> MNIST ❌ (Uncertain)
EMNIST:'v' -> MNIST | Predict: '8' (Ent: 0.76)
  ⚠️ [Mismatch] Cycle Back predicted '8' (Expected 'v') (Ent: 1.18)
EMNIST:'w' -> MNIST ❌ (Uncertain)
EMNIST:'x' -> MNIST | Predict: '8' (Ent: 0.65)
  ⚠️ [Mismatch] Cycle Back predicted '8' (Expected 'x') (Ent: 1.18)
EMNIST:'y' -> MNIST ❌ (Uncertain)
EMNIST:'z' -> MNIST | Predict: '8' (Ent: 0.52)
  ⚠️ [Mismatch] Cycle Back predicted '8' (Expected 'z') (Ent: 1.18)
EMNIST:'0' -> CIFAR10 ❌ (Uncertain)
EMNIST:'1' -> CIFAR10 ❌ (Uncertain)
EMNIST:'2' -> CIFAR10 ❌ (Uncertain)
EMNIST:'3' -> CIFAR10 ❌ (Uncertain)
EMNIST:'4' -> CIFAR10 ❌ (Uncertain)
EMNIST:'5' -> CIFAR10 ❌ (Uncertain)
EMNIST:'6' -> CIFAR10 ❌ (Uncertain)
EMNIST:'7' -> CIFAR10 ❌ (Uncertain)
EMNIST:'8' -> CIFAR10 ❌ (Uncertain)
EMNIST:'9' -> CIFAR10 ❌ (Uncertain)
EMNIST:'A' -> CIFAR10 ❌ (Uncertain)
EMNIST:'B' -> CIFAR10 ❌ (Uncertain)
EMNIST:'C' -> CIFAR10 ❌ (Uncertain)
EMNIST:'D' -> CIFAR10 ❌ (Uncertain)
EMNIST:'E' -> CIFAR10 ❌ (Uncertain)
EMNIST:'F' -> CIFAR10 ❌ (Uncertain)
EMNIST:'G' -> CIFAR10 ❌ (Uncertain)
EMNIST:'H' -> CIFAR10 ❌ (Uncertain)
EMNIST:'I' -> CIFAR10 ❌ (Uncertain)
EMNIST:'J' -> CIFAR10 ❌ (Uncertain)
EMNIST:'K' -> CIFAR10 ❌ (Uncertain)
EMNIST:'L' -> CIFAR10 ❌ (Uncertain)
EMNIST:'M' -> CIFAR10 ❌ (Uncertain)
EMNIST:'N' -> CIFAR10 ❌ (Uncertain)
EMNIST:'O' -> CIFAR10 ❌ (Uncertain)
EMNIST:'P' -> CIFAR10 ❌ (Uncertain)
EMNIST:'Q' -> CIFAR10 ❌ (Uncertain)
EMNIST:'R' -> CIFAR10 ❌ (Uncertain)
EMNIST:'S' -> CIFAR10 ❌ (Uncertain)
EMNIST:'T' -> CIFAR10 ❌ (Uncertain)
EMNIST:'U' -> CIFAR10 ❌ (Uncertain)
EMNIST:'V' -> CIFAR10 ❌ (Uncertain)
EMNIST:'W' -> CIFAR10 ❌ (Uncertain)
EMNIST:'X' -> CIFAR10 ❌ (Uncertain)
EMNIST:'Y' -> CIFAR10 ❌ (Uncertain)
EMNIST:'Z' -> CIFAR10 ❌ (Uncertain)
EMNIST:'a' -> CIFAR10 ❌ (Uncertain)
EMNIST:'b' -> CIFAR10 ❌ (Uncertain)
EMNIST:'c' -> CIFAR10 ❌ (Uncertain)
EMNIST:'d' -> CIFAR10 ❌ (Uncertain)
EMNIST:'e' -> CIFAR10 ❌ (Uncertain)
EMNIST:'f' -> CIFAR10 ❌ (Uncertain)
EMNIST:'g' -> CIFAR10 ❌ (Uncertain)
EMNIST:'h' -> CIFAR10 ❌ (Uncertain)
EMNIST:'i' -> CIFAR10 ❌ (Uncertain)
EMNIST:'j' -> CIFAR10 ❌ (Uncertain)
EMNIST:'k' -> CIFAR10 ❌ (Uncertain)
EMNIST:'l' -> CIFAR10 ❌ (Uncertain)
EMNIST:'m' -> CIFAR10 ❌ (Uncertain)
EMNIST:'n' -> CIFAR10 ❌ (Uncertain)
EMNIST:'o' -> CIFAR10 ❌ (Uncertain)
EMNIST:'p' -> CIFAR10 ❌ (Uncertain)
EMNIST:'q' -> CIFAR10 ❌ (Uncertain)
EMNIST:'r' -> CIFAR10 ❌ (Uncertain)
EMNIST:'s' -> CIFAR10 ❌ (Uncertain)
EMNIST:'t' -> CIFAR10 ❌ (Uncertain)
EMNIST:'u' -> CIFAR10 ❌ (Uncertain)
EMNIST:'v' -> CIFAR10 ❌ (Uncertain)
EMNIST:'w' -> CIFAR10 ❌ (Uncertain)
EMNIST:'x' -> CIFAR10 ❌ (Uncertain)
EMNIST:'y' -> CIFAR10 ❌ (Uncertain)
EMNIST:'z' -> CIFAR10 ❌ (Uncertain)
CIFAR10:'airplane' -> MNIST | Predict: '8' (Ent: 0.52)
CIFAR10:'automobile' -> MNIST ❌ (Uncertain)
CIFAR10:'bird' -> MNIST | Predict: '8' (Ent: 0.70)
CIFAR10:'cat' -> MNIST | Predict: '8' (Ent: 0.10)
CIFAR10:'deer' -> MNIST | Predict: '8' (Ent: 0.62)
CIFAR10:'dog' -> MNIST | Predict: '8' (Ent: 0.70)
CIFAR10:'frog' -> MNIST | Predict: '8' (Ent: 0.22)
CIFAR10:'horse' -> MNIST ❌ (Uncertain)
CIFAR10:'truck' -> MNIST ❌ (Uncertain)
CIFAR10:'airplane' -> EMNIST ❌ (Uncertain)
CIFAR10:'automobile' -> EMNIST ❌ (Uncertain)
CIFAR10:'bird' -> EMNIST ❌ (Uncertain)
CIFAR10:'cat' -> EMNIST ❌ (Uncertain)
CIFAR10:'deer' -> EMNIST ❌ (Uncertain)
CIFAR10:'dog' -> EMNIST ❌ (Uncertain)
CIFAR10:'frog' -> EMNIST | Predict: '8' (Ent: 1.36)
CIFAR10:'horse' -> EMNIST ❌ (Uncertain)
CIFAR10:'ship' -> EMNIST ❌ (Uncertain)
CIFAR10:'truck' -> EMNIST ❌ (Uncertain)
Exp: Old Gen + New Ent (0.4)
dynamic_entropy_ratio: 0.4
MNIST:'0' -> EMNIST ❌ (Uncertain)
MNIST:'1' -> EMNIST ❌ (Uncertain)
MNIST:'2' -> EMNIST ❌ (Uncertain)
MNIST:'3' -> EMNIST ❌ (Uncertain)
MNIST:'4' -> EMNIST ❌ (Uncertain)
MNIST:'5' -> EMNIST | Predict: '3' (Ent: 1.35)
  ⚠️ [Mismatch] Cycle Back predicted '8' (Expected '5') (Ent: 0.50)
MNIST:'6' -> EMNIST | Predict: '8' (Ent: 1.60)
  ⚠️ [Mismatch] Cycle Back predicted '8' (Expected '6') (Ent: 0.82)
MNIST:'7' -> EMNIST ❌ (Uncertain)
MNIST:'8' -> EMNIST | Predict: '8' (Ent: 1.18)
  ✅ [Match] MNIST:'8' <==> EMNIST:'8' (Ent: 0.82)
MNIST:'9' -> EMNIST ❌ (Uncertain)
MNIST:'0' -> CIFAR10 ❌ (Uncertain)
MNIST:'1' -> CIFAR10 ❌ (Uncertain)
MNIST:'2' -> CIFAR10 ❌ (Uncertain)
MNIST:'3' -> CIFAR10 ❌ (Uncertain)
MNIST:'4' -> CIFAR10 ❌ (Uncertain)
MNIST:'5' -> CIFAR10 ❌ (Uncertain)
MNIST:'6' -> CIFAR10 | Predict: 'ship' (Ent: 0.80)
  ⚠️ [Mismatch] Cycle Back predicted '8' (Expected '6') (Ent: 0.11)
MNIST:'7' -> CIFAR10 ❌ (Uncertain)
MNIST:'8' -> CIFAR10 ❌ (Uncertain)
MNIST:'9' -> CIFAR10 ❌ (Uncertain)
EMNIST:'0' -> MNIST ❌ (Uncertain)
EMNIST:'1' -> MNIST | Predict: '8' (Ent: 0.88)
  ⚠️ [Mismatch] Cycle Back predicted '8' (Expected '1') (Ent: 1.18)
EMNIST:'2' -> MNIST | Predict: '8' (Ent: 0.44)
  ⚠️ [Mismatch] Cycle Back predicted '8' (Expected '2') (Ent: 1.18)
EMNIST:'4' -> MNIST | Predict: '8' (Ent: 0.54)
  ⚠️ [Mismatch] Cycle Back predicted '8' (Expected '4') (Ent: 1.18)
EMNIST:'5' -> MNIST | Predict: '8' (Ent: 0.90)
  ⚠️ [Mismatch] Cycle Back predicted '8' (Expected '5') (Ent: 1.18)
EMNIST:'6' -> MNIST | Predict: '8' (Ent: 0.78)
  ⚠️ [Mismatch] Cycle Back predicted '8' (Expected '6') (Ent: 1.18)
EMNIST:'7' -> MNIST | Predict: '8' (Ent: 0.74)
  ⚠️ [Mismatch] Cycle Back predicted '8' (Expected '7') (Ent: 1.18)
EMNIST:'9' -> MNIST | Predict: '8' (Ent: 0.87)
  ⚠️ [Mismatch] Cycle Back predicted '8' (Expected '9') (Ent: 1.18)
EMNIST:'A' -> MNIST ❌ (Uncertain)
EMNIST:'B' -> MNIST | Predict: '8' (Ent: 0.50)
  ⚠️ [Mismatch] Cycle Back predicted '8' (Expected 'B') (Ent: 1.18)
EMNIST:'C' -> MNIST ❌ (Uncertain)
EMNIST:'D' -> MNIST ❌ (Uncertain)
EMNIST:'E' -> MNIST ❌ (Uncertain)
EMNIST:'F' -> MNIST ❌ (Uncertain)
EMNIST:'G' -> MNIST | Predict: '8' (Ent: 0.67)
  ⚠️ [Mismatch] Cycle Back predicted '8' (Expected 'G') (Ent: 1.18)
EMNIST:'H' -> MNIST | Predict: '8' (Ent: 0.66)
  ⚠️ [Mismatch] Cycle Back predicted '8' (Expected 'H') (Ent: 1.18)
EMNIST:'I' -> MNIST | Predict: '8' (Ent: 0.78)
  ⚠️ [Mismatch] Cycle Back predicted '8' (Expected 'I') (Ent: 1.18)
EMNIST:'J' -> MNIST | Predict: '8' (Ent: 0.69)
  ⚠️ [Mismatch] Cycle Back predicted '8' (Expected 'J') (Ent: 1.18)
EMNIST:'K' -> MNIST ❌ (Uncertain)
EMNIST:'L' -> MNIST ❌ (Uncertain)
EMNIST:'M' -> MNIST | Predict: '8' (Ent: 0.44)
  ⚠️ [Mismatch] Cycle Back predicted '8' (Expected 'M') (Ent: 1.18)
EMNIST:'N' -> MNIST | Predict: '8' (Ent: 0.89)
  ⚠️ [Mismatch] Cycle Back predicted '8' (Expected 'N') (Ent: 1.18)
EMNIST:'O' -> MNIST ❌ (Uncertain)
EMNIST:'P' -> MNIST ❌ (Uncertain)
EMNIST:'Q' -> MNIST | Predict: '8' (Ent: 0.65)
  ⚠️ [Mismatch] Cycle Back predicted '8' (Expected 'Q') (Ent: 1.18)
EMNIST:'R' -> MNIST ❌ (Uncertain)
EMNIST:'S' -> MNIST | Predict: '8' (Ent: 0.82)
  ⚠️ [Mismatch] Cycle Back predicted '8' (Expected 'S') (Ent: 1.18)
EMNIST:'T' -> MNIST | Predict: '8' (Ent: 0.86)
  ⚠️ [Mismatch] Cycle Back predicted '8' (Expected 'T') (Ent: 1.18)
EMNIST:'U' -> MNIST | Predict: '8' (Ent: 0.89)
  ⚠️ [Mismatch] Cycle Back predicted '8' (Expected 'U') (Ent: 1.18)
EMNIST:'V' -> MNIST | Predict: '8' (Ent: 0.76)
  ⚠️ [Mismatch] Cycle Back predicted '8' (Expected 'V') (Ent: 1.18)
EMNIST:'W' -> MNIST ❌ (Uncertain)
EMNIST:'X' -> MNIST | Predict: '8' (Ent: 0.65)
  ⚠️ [Mismatch] Cycle Back predicted '8' (Expected 'X') (Ent: 1.18)
EMNIST:'Y' -> MNIST ❌ (Uncertain)
EMNIST:'Z' -> MNIST | Predict: '8' (Ent: 0.52)
  ⚠️ [Mismatch] Cycle Back predicted '8' (Expected 'Z') (Ent: 1.18)
EMNIST:'a' -> MNIST ❌ (Uncertain)
EMNIST:'b' -> MNIST | Predict: '8' (Ent: 0.50)
  ⚠️ [Mismatch] Cycle Back predicted '8' (Expected 'b') (Ent: 1.18)
EMNIST:'c' -> MNIST ❌ (Uncertain)
EMNIST:'d' -> MNIST ❌ (Uncertain)
EMNIST:'e' -> MNIST ❌ (Uncertain)
EMNIST:'f' -> MNIST ❌ (Uncertain)
EMNIST:'g' -> MNIST | Predict: '8' (Ent: 0.67)
  ⚠️ [Mismatch] Cycle Back predicted '8' (Expected 'g') (Ent: 1.18)
EMNIST:'h' -> MNIST | Predict: '8' (Ent: 0.66)
  ⚠️ [Mismatch] Cycle Back predicted '8' (Expected 'h') (Ent: 1.18)
EMNIST:'i' -> MNIST | Predict: '8' (Ent: 0.78)
  ⚠️ [Mismatch] Cycle Back predicted '8' (Expected 'i') (Ent: 1.18)
EMNIST:'j' -> MNIST | Predict: '8' (Ent: 0.69)
  ⚠️ [Mismatch] Cycle Back predicted '8' (Expected 'j') (Ent: 1.18)
EMNIST:'k' -> MNIST ❌ (Uncertain)
EMNIST:'l' -> MNIST ❌ (Uncertain)
EMNIST:'m' -> MNIST | Predict: '8' (Ent: 0.44)
  ⚠️ [Mismatch] Cycle Back predicted '8' (Expected 'm') (Ent: 1.18)
EMNIST:'n' -> MNIST | Predict: '8' (Ent: 0.89)
  ⚠️ [Mismatch] Cycle Back predicted '8' (Expected 'n') (Ent: 1.18)
EMNIST:'o' -> MNIST ❌ (Uncertain)
EMNIST:'p' -> MNIST ❌ (Uncertain)
EMNIST:'q' -> MNIST | Predict: '8' (Ent: 0.65)
  ⚠️ [Mismatch] Cycle Back predicted '8' (Expected 'q') (Ent: 1.18)
EMNIST:'r' -> MNIST ❌ (Uncertain)
EMNIST:'s' -> MNIST | Predict: '8' (Ent: 0.82)
  ⚠️ [Mismatch] Cycle Back predicted '8' (Expected 's') (Ent: 1.18)
EMNIST:'t' -> MNIST | Predict: '8' (Ent: 0.86)
  ⚠️ [Mismatch] Cycle Back predicted '8' (Expected 't') (Ent: 1.18)
EMNIST:'u' -> MNIST | Predict: '8' (Ent: 0.89)
  ⚠️ [Mismatch] Cycle Back predicted '8' (Expected 'u') (Ent: 1.18)
EMNIST:'v' -> MNIST | Predict: '8' (Ent: 0.76)
  ⚠️ [Mismatch] Cycle Back predicted '8' (Expected 'v') (Ent: 1.18)
EMNIST:'w' -> MNIST ❌ (Uncertain)
EMNIST:'x' -> MNIST | Predict: '8' (Ent: 0.65)
  ⚠️ [Mismatch] Cycle Back predicted '8' (Expected 'x') (Ent: 1.18)
EMNIST:'y' -> MNIST ❌ (Uncertain)
EMNIST:'z' -> MNIST | Predict: '8' (Ent: 0.52)
  ⚠️ [Mismatch] Cycle Back predicted '8' (Expected 'z') (Ent: 1.18)
EMNIST:'0' -> CIFAR10 ❌ (Uncertain)
EMNIST:'1' -> CIFAR10 ❌ (Uncertain)
EMNIST:'2' -> CIFAR10 ❌ (Uncertain)
EMNIST:'3' -> CIFAR10 ❌ (Uncertain)
EMNIST:'4' -> CIFAR10 ❌ (Uncertain)
EMNIST:'5' -> CIFAR10 ❌ (Uncertain)
EMNIST:'6' -> CIFAR10 ❌ (Uncertain)
EMNIST:'7' -> CIFAR10 ❌ (Uncertain)
EMNIST:'8' -> CIFAR10 ❌ (Uncertain)
EMNIST:'9' -> CIFAR10 ❌ (Uncertain)
EMNIST:'A' -> CIFAR10 ❌ (Uncertain)
EMNIST:'B' -> CIFAR10 ❌ (Uncertain)
EMNIST:'C' -> CIFAR10 ❌ (Uncertain)
EMNIST:'D' -> CIFAR10 ❌ (Uncertain)
EMNIST:'E' -> CIFAR10 ❌ (Uncertain)
EMNIST:'F' -> CIFAR10 ❌ (Uncertain)
EMNIST:'G' -> CIFAR10 ❌ (Uncertain)
EMNIST:'H' -> CIFAR10 ❌ (Uncertain)
EMNIST:'I' -> CIFAR10 ❌ (Uncertain)
EMNIST:'J' -> CIFAR10 ❌ (Uncertain)
EMNIST:'K' -> CIFAR10 ❌ (Uncertain)
EMNIST:'L' -> CIFAR10 ❌ (Uncertain)
EMNIST:'M' -> CIFAR10 ❌ (Uncertain)
EMNIST:'N' -> CIFAR10 ❌ (Uncertain)
EMNIST:'O' -> CIFAR10 ❌ (Uncertain)
EMNIST:'P' -> CIFAR10 ❌ (Uncertain)
EMNIST:'Q' -> CIFAR10 ❌ (Uncertain)
EMNIST:'R' -> CIFAR10 ❌ (Uncertain)
EMNIST:'S' -> CIFAR10 ❌ (Uncertain)
EMNIST:'T' -> CIFAR10 ❌ (Uncertain)
EMNIST:'U' -> CIFAR10 ❌ (Uncertain)
EMNIST:'V' -> CIFAR10 ❌ (Uncertain)
EMNIST:'W' -> CIFAR10 ❌ (Uncertain)
EMNIST:'X' -> CIFAR10 ❌ (Uncertain)
EMNIST:'Y' -> CIFAR10 ❌ (Uncertain)
EMNIST:'Z' -> CIFAR10 ❌ (Uncertain)
EMNIST:'a' -> CIFAR10 ❌ (Uncertain)
EMNIST:'b' -> CIFAR10 ❌ (Uncertain)
EMNIST:'c' -> CIFAR10 ❌ (Uncertain)
EMNIST:'d' -> CIFAR10 ❌ (Uncertain)
EMNIST:'e' -> CIFAR10 ❌ (Uncertain)
EMNIST:'f' -> CIFAR10 ❌ (Uncertain)
EMNIST:'g' -> CIFAR10 ❌ (Uncertain)
EMNIST:'h' -> CIFAR10 ❌ (Uncertain)
EMNIST:'i' -> CIFAR10 ❌ (Uncertain)
EMNIST:'j' -> CIFAR10 ❌ (Uncertain)
EMNIST:'k' -> CIFAR10 ❌ (Uncertain)
EMNIST:'l' -> CIFAR10 ❌ (Uncertain)
EMNIST:'m' -> CIFAR10 ❌ (Uncertain)
EMNIST:'n' -> CIFAR10 ❌ (Uncertain)
EMNIST:'o' -> CIFAR10 ❌ (Uncertain)
EMNIST:'p' -> CIFAR10 ❌ (Uncertain)
EMNIST:'q' -> CIFAR10 ❌ (Uncertain)
EMNIST:'r' -> CIFAR10 ❌ (Uncertain)
EMNIST:'s' -> CIFAR10 ❌ (Uncertain)
EMNIST:'t' -> CIFAR10 ❌ (Uncertain)
EMNIST:'u' -> CIFAR10 ❌ (Uncertain)
EMNIST:'v' -> CIFAR10 ❌ (Uncertain)
EMNIST:'w' -> CIFAR10 ❌ (Uncertain)
EMNIST:'x' -> CIFAR10 ❌ (Uncertain)
EMNIST:'y' -> CIFAR10 ❌ (Uncertain)
EMNIST:'z' -> CIFAR10 ❌ (Uncertain)
CIFAR10:'airplane' -> MNIST | Predict: '8' (Ent: 0.52)
CIFAR10:'automobile' -> MNIST | Predict: '8' (Ent: 0.83)
CIFAR10:'bird' -> MNIST | Predict: '8' (Ent: 0.82)
CIFAR10:'cat' -> MNIST | Predict: '8' (Ent: 0.10)
CIFAR10:'deer' -> MNIST | Predict: '8' (Ent: 0.62)
CIFAR10:'dog' -> MNIST | Predict: '8' (Ent: 0.70)
CIFAR10:'frog' -> MNIST | Predict: '8' (Ent: 0.22)
CIFAR10:'horse' -> MNIST ❌ (Uncertain)
CIFAR10:'truck' -> MNIST ❌ (Uncertain)
CIFAR10:'airplane' -> EMNIST ❌ (Uncertain)
CIFAR10:'automobile' -> EMNIST ❌ (Uncertain)
CIFAR10:'bird' -> EMNIST ❌ (Uncertain)
CIFAR10:'cat' -> EMNIST ❌ (Uncertain)
CIFAR10:'deer' -> EMNIST ❌ (Uncertain)
CIFAR10:'dog' -> EMNIST ❌ (Uncertain)
CIFAR10:'frog' -> EMNIST | Predict: '8' (Ent: 1.36)
CIFAR10:'horse' -> EMNIST ❌ (Uncertain)
CIFAR10:'ship' -> EMNIST ❌ (Uncertain)
CIFAR10:'truck' -> EMNIST ❌ (Uncertain)
Exp: Old Gen + New Ent (0.45)
dynamic_entropy_ratio: 0.45
MNIST:'0' -> EMNIST ❌ (Uncertain)
MNIST:'1' -> EMNIST ❌ (Uncertain)
MNIST:'2' -> EMNIST ❌ (Uncertain)
MNIST:'3' -> EMNIST ❌ (Uncertain)
MNIST:'4' -> EMNIST ❌ (Uncertain)
MNIST:'5' -> EMNIST | Predict: '3' (Ent: 1.35)
  ⚠️ [Mismatch] Cycle Back predicted '8' (Expected '5') (Ent: 0.50)
MNIST:'6' -> EMNIST | Predict: '8' (Ent: 1.60)
  ⚠️ [Mismatch] Cycle Back predicted '8' (Expected '6') (Ent: 0.86)
MNIST:'7' -> EMNIST ❌ (Uncertain)
MNIST:'8' -> EMNIST | Predict: '8' (Ent: 1.18)
  ✅ [Match] MNIST:'8' <==> EMNIST:'8' (Ent: 0.86)
MNIST:'9' -> EMNIST ❌ (Uncertain)
MNIST:'0' -> CIFAR10 ❌ (Uncertain)
MNIST:'1' -> CIFAR10 ❌ (Uncertain)
MNIST:'2' -> CIFAR10 ❌ (Uncertain)
MNIST:'3' -> CIFAR10 ❌ (Uncertain)
MNIST:'4' -> CIFAR10 ❌ (Uncertain)
MNIST:'5' -> CIFAR10 ❌ (Uncertain)
MNIST:'6' -> CIFAR10 | Predict: 'ship' (Ent: 0.90)
  ⚠️ [Mismatch] Cycle Back predicted '8' (Expected '6') (Ent: 0.11)
MNIST:'7' -> CIFAR10 ❌ (Uncertain)
MNIST:'8' -> CIFAR10 ❌ (Uncertain)
MNIST:'9' -> CIFAR10 ❌ (Uncertain)
EMNIST:'0' -> MNIST ❌ (Uncertain)
EMNIST:'1' -> MNIST | Predict: '8' (Ent: 0.88)
  ⚠️ [Mismatch] Cycle Back predicted '8' (Expected '1') (Ent: 1.18)
EMNIST:'2' -> MNIST | Predict: '8' (Ent: 0.44)
  ⚠️ [Mismatch] Cycle Back predicted '8' (Expected '2') (Ent: 1.18)
EMNIST:'4' -> MNIST | Predict: '8' (Ent: 0.80)
  ⚠️ [Mismatch] Cycle Back predicted '8' (Expected '4') (Ent: 1.18)
EMNIST:'5' -> MNIST | Predict: '8' (Ent: 0.95)
  ⚠️ [Mismatch] Cycle Back predicted '8' (Expected '5') (Ent: 1.18)
EMNIST:'6' -> MNIST | Predict: '8' (Ent: 0.84)
  ⚠️ [Mismatch] Cycle Back predicted '8' (Expected '6') (Ent: 1.18)
EMNIST:'7' -> MNIST | Predict: '8' (Ent: 0.74)
  ⚠️ [Mismatch] Cycle Back predicted '8' (Expected '7') (Ent: 1.18)
EMNIST:'9' -> MNIST | Predict: '8' (Ent: 0.87)
  ⚠️ [Mismatch] Cycle Back predicted '8' (Expected '9') (Ent: 1.18)
EMNIST:'A' -> MNIST ❌ (Uncertain)
EMNIST:'B' -> MNIST | Predict: '8' (Ent: 0.50)
  ⚠️ [Mismatch] Cycle Back predicted '8' (Expected 'B') (Ent: 1.18)
EMNIST:'C' -> MNIST ❌ (Uncertain)
EMNIST:'D' -> MNIST | Predict: '8' (Ent: 0.94)
  ⚠️ [Mismatch] Cycle Back predicted '8' (Expected 'D') (Ent: 1.18)
EMNIST:'E' -> MNIST ❌ (Uncertain)
EMNIST:'F' -> MNIST ❌ (Uncertain)
EMNIST:'G' -> MNIST | Predict: '8' (Ent: 0.67)
  ⚠️ [Mismatch] Cycle Back predicted '8' (Expected 'G') (Ent: 1.18)
EMNIST:'H' -> MNIST | Predict: '8' (Ent: 0.66)
  ⚠️ [Mismatch] Cycle Back predicted '8' (Expected 'H') (Ent: 1.18)
EMNIST:'I' -> MNIST | Predict: '8' (Ent: 0.78)
  ⚠️ [Mismatch] Cycle Back predicted '8' (Expected 'I') (Ent: 1.18)
EMNIST:'J' -> MNIST | Predict: '8' (Ent: 0.78)
  ⚠️ [Mismatch] Cycle Back predicted '8' (Expected 'J') (Ent: 1.18)
EMNIST:'K' -> MNIST ❌ (Uncertain)
EMNIST:'L' -> MNIST ❌ (Uncertain)
EMNIST:'M' -> MNIST | Predict: '8' (Ent: 0.44)
  ⚠️ [Mismatch] Cycle Back predicted '8' (Expected 'M') (Ent: 1.18)
EMNIST:'N' -> MNIST | Predict: '8' (Ent: 0.89)
  ⚠️ [Mismatch] Cycle Back predicted '8' (Expected 'N') (Ent: 1.18)
EMNIST:'O' -> MNIST ❌ (Uncertain)
EMNIST:'P' -> MNIST ❌ (Uncertain)
EMNIST:'Q' -> MNIST | Predict: '8' (Ent: 0.65)
  ⚠️ [Mismatch] Cycle Back predicted '8' (Expected 'Q') (Ent: 1.18)
EMNIST:'R' -> MNIST | Predict: '8' (Ent: 1.00)
  ⚠️ [Mismatch] Cycle Back predicted '8' (Expected 'R') (Ent: 1.18)
EMNIST:'S' -> MNIST | Predict: '8' (Ent: 0.82)
  ⚠️ [Mismatch] Cycle Back predicted '8' (Expected 'S') (Ent: 1.18)
EMNIST:'T' -> MNIST | Predict: '8' (Ent: 0.86)
  ⚠️ [Mismatch] Cycle Back predicted '8' (Expected 'T') (Ent: 1.18)
EMNIST:'U' -> MNIST | Predict: '8' (Ent: 0.89)
  ⚠️ [Mismatch] Cycle Back predicted '8' (Expected 'U') (Ent: 1.18)
EMNIST:'V' -> MNIST | Predict: '8' (Ent: 0.91)
  ⚠️ [Mismatch] Cycle Back predicted '8' (Expected 'V') (Ent: 1.18)
EMNIST:'W' -> MNIST ❌ (Uncertain)
EMNIST:'X' -> MNIST | Predict: '8' (Ent: 0.77)
  ⚠️ [Mismatch] Cycle Back predicted '8' (Expected 'X') (Ent: 1.18)
EMNIST:'Y' -> MNIST ❌ (Uncertain)
EMNIST:'Z' -> MNIST | Predict: '8' (Ent: 0.52)
  ⚠️ [Mismatch] Cycle Back predicted '8' (Expected 'Z') (Ent: 1.18)
EMNIST:'a' -> MNIST ❌ (Uncertain)
EMNIST:'b' -> MNIST | Predict: '8' (Ent: 0.50)
  ⚠️ [Mismatch] Cycle Back predicted '8' (Expected 'b') (Ent: 1.18)
EMNIST:'c' -> MNIST ❌ (Uncertain)
EMNIST:'d' -> MNIST | Predict: '8' (Ent: 0.94)
  ⚠️ [Mismatch] Cycle Back predicted '8' (Expected 'd') (Ent: 1.18)
EMNIST:'e' -> MNIST ❌ (Uncertain)
EMNIST:'f' -> MNIST ❌ (Uncertain)
EMNIST:'g' -> MNIST | Predict: '8' (Ent: 0.67)
  ⚠️ [Mismatch] Cycle Back predicted '8' (Expected 'g') (Ent: 1.18)
EMNIST:'h' -> MNIST | Predict: '8' (Ent: 0.66)
  ⚠️ [Mismatch] Cycle Back predicted '8' (Expected 'h') (Ent: 1.18)
EMNIST:'i' -> MNIST | Predict: '8' (Ent: 0.78)
  ⚠️ [Mismatch] Cycle Back predicted '8' (Expected 'i') (Ent: 1.18)
EMNIST:'j' -> MNIST | Predict: '8' (Ent: 0.78)
  ⚠️ [Mismatch] Cycle Back predicted '8' (Expected 'j') (Ent: 1.18)
EMNIST:'k' -> MNIST ❌ (Uncertain)
EMNIST:'l' -> MNIST ❌ (Uncertain)
EMNIST:'m' -> MNIST | Predict: '8' (Ent: 0.44)
  ⚠️ [Mismatch] Cycle Back predicted '8' (Expected 'm') (Ent: 1.18)
EMNIST:'n' -> MNIST | Predict: '8' (Ent: 0.89)
  ⚠️ [Mismatch] Cycle Back predicted '8' (Expected 'n') (Ent: 1.18)
EMNIST:'o' -> MNIST ❌ (Uncertain)
EMNIST:'p' -> MNIST ❌ (Uncertain)
EMNIST:'q' -> MNIST | Predict: '8' (Ent: 0.65)
  ⚠️ [Mismatch] Cycle Back predicted '8' (Expected 'q') (Ent: 1.18)
EMNIST:'r' -> MNIST | Predict: '8' (Ent: 1.00)
  ⚠️ [Mismatch] Cycle Back predicted '8' (Expected 'r') (Ent: 1.18)
EMNIST:'s' -> MNIST | Predict: '8' (Ent: 0.82)
  ⚠️ [Mismatch] Cycle Back predicted '8' (Expected 's') (Ent: 1.18)
EMNIST:'t' -> MNIST | Predict: '8' (Ent: 0.86)
  ⚠️ [Mismatch] Cycle Back predicted '8' (Expected 't') (Ent: 1.18)
EMNIST:'u' -> MNIST | Predict: '8' (Ent: 0.89)
  ⚠️ [Mismatch] Cycle Back predicted '8' (Expected 'u') (Ent: 1.18)
EMNIST:'v' -> MNIST | Predict: '8' (Ent: 0.91)
  ⚠️ [Mismatch] Cycle Back predicted '8' (Expected 'v') (Ent: 1.18)
EMNIST:'w' -> MNIST ❌ (Uncertain)
EMNIST:'x' -> MNIST | Predict: '8' (Ent: 0.77)
  ⚠️ [Mismatch] Cycle Back predicted '8' (Expected 'x') (Ent: 1.18)
EMNIST:'y' -> MNIST ❌ (Uncertain)
EMNIST:'z' -> MNIST | Predict: '8' (Ent: 0.52)
  ⚠️ [Mismatch] Cycle Back predicted '8' (Expected 'z') (Ent: 1.18)
EMNIST:'0' -> CIFAR10 ❌ (Uncertain)
EMNIST:'1' -> CIFAR10 ❌ (Uncertain)
EMNIST:'2' -> CIFAR10 ❌ (Uncertain)
EMNIST:'3' -> CIFAR10 ❌ (Uncertain)
EMNIST:'4' -> CIFAR10 ❌ (Uncertain)
EMNIST:'5' -> CIFAR10 ❌ (Uncertain)
EMNIST:'6' -> CIFAR10 ❌ (Uncertain)
EMNIST:'7' -> CIFAR10 ❌ (Uncertain)
EMNIST:'8' -> CIFAR10 ❌ (Uncertain)
EMNIST:'9' -> CIFAR10 ❌ (Uncertain)
EMNIST:'A' -> CIFAR10 ❌ (Uncertain)
EMNIST:'B' -> CIFAR10 ❌ (Uncertain)
EMNIST:'C' -> CIFAR10 ❌ (Uncertain)
EMNIST:'D' -> CIFAR10 ❌ (Uncertain)
EMNIST:'E' -> CIFAR10 ❌ (Uncertain)
EMNIST:'F' -> CIFAR10 ❌ (Uncertain)
EMNIST:'G' -> CIFAR10 ❌ (Uncertain)
EMNIST:'H' -> CIFAR10 ❌ (Uncertain)
EMNIST:'I' -> CIFAR10 ❌ (Uncertain)
EMNIST:'J' -> CIFAR10 ❌ (Uncertain)
EMNIST:'K' -> CIFAR10 ❌ (Uncertain)
EMNIST:'L' -> CIFAR10 ❌ (Uncertain)
EMNIST:'M' -> CIFAR10 ❌ (Uncertain)
EMNIST:'N' -> CIFAR10 ❌ (Uncertain)
EMNIST:'O' -> CIFAR10 ❌ (Uncertain)
EMNIST:'P' -> CIFAR10 ❌ (Uncertain)
EMNIST:'Q' -> CIFAR10 ❌ (Uncertain)
EMNIST:'R' -> CIFAR10 ❌ (Uncertain)
EMNIST:'S' -> CIFAR10 ❌ (Uncertain)
EMNIST:'T' -> CIFAR10 ❌ (Uncertain)
EMNIST:'U' -> CIFAR10 ❌ (Uncertain)
EMNIST:'V' -> CIFAR10 ❌ (Uncertain)
EMNIST:'W' -> CIFAR10 ❌ (Uncertain)
EMNIST:'X' -> CIFAR10 ❌ (Uncertain)
EMNIST:'Y' -> CIFAR10 ❌ (Uncertain)
EMNIST:'Z' -> CIFAR10 ❌ (Uncertain)
EMNIST:'a' -> CIFAR10 ❌ (Uncertain)
EMNIST:'b' -> CIFAR10 ❌ (Uncertain)
EMNIST:'c' -> CIFAR10 ❌ (Uncertain)
EMNIST:'d' -> CIFAR10 ❌ (Uncertain)
EMNIST:'e' -> CIFAR10 ❌ (Uncertain)
EMNIST:'f' -> CIFAR10 ❌ (Uncertain)
EMNIST:'g' -> CIFAR10 ❌ (Uncertain)
EMNIST:'h' -> CIFAR10 ❌ (Uncertain)
EMNIST:'i' -> CIFAR10 ❌ (Uncertain)
EMNIST:'j' -> CIFAR10 ❌ (Uncertain)
EMNIST:'k' -> CIFAR10 ❌ (Uncertain)
EMNIST:'l' -> CIFAR10 ❌ (Uncertain)
EMNIST:'m' -> CIFAR10 ❌ (Uncertain)
EMNIST:'n' -> CIFAR10 ❌ (Uncertain)
EMNIST:'o' -> CIFAR10 ❌ (Uncertain)
EMNIST:'p' -> CIFAR10 ❌ (Uncertain)
EMNIST:'q' -> CIFAR10 ❌ (Uncertain)
EMNIST:'r' -> CIFAR10 ❌ (Uncertain)
EMNIST:'s' -> CIFAR10 ❌ (Uncertain)
EMNIST:'t' -> CIFAR10 ❌ (Uncertain)
EMNIST:'u' -> CIFAR10 ❌ (Uncertain)
EMNIST:'v' -> CIFAR10 ❌ (Uncertain)
EMNIST:'w' -> CIFAR10 ❌ (Uncertain)
EMNIST:'x' -> CIFAR10 ❌ (Uncertain)
EMNIST:'y' -> CIFAR10 ❌ (Uncertain)
EMNIST:'z' -> CIFAR10 ❌ (Uncertain)
CIFAR10:'airplane' -> MNIST | Predict: '8' (Ent: 0.52)
CIFAR10:'automobile' -> MNIST | Predict: '8' (Ent: 0.83)
CIFAR10:'bird' -> MNIST | Predict: '8' (Ent: 0.82)
CIFAR10:'cat' -> MNIST | Predict: '8' (Ent: 1.02)
CIFAR10:'deer' -> MNIST | Predict: '8' (Ent: 0.62)
CIFAR10:'dog' -> MNIST | Predict: '8' (Ent: 0.70)
CIFAR10:'frog' -> MNIST | Predict: '8' (Ent: 0.22)
CIFAR10:'horse' -> MNIST ❌ (Uncertain)
CIFAR10:'truck' -> MNIST | Predict: '8' (Ent: 1.03)
CIFAR10:'airplane' -> EMNIST ❌ (Uncertain)
CIFAR10:'automobile' -> EMNIST ❌ (Uncertain)
CIFAR10:'bird' -> EMNIST ❌ (Uncertain)
CIFAR10:'cat' -> EMNIST ❌ (Uncertain)
CIFAR10:'deer' -> EMNIST ❌ (Uncertain)
CIFAR10:'dog' -> EMNIST ❌ (Uncertain)
CIFAR10:'frog' -> EMNIST | Predict: '8' (Ent: 1.56)
CIFAR10:'horse' -> EMNIST ❌ (Uncertain)
CIFAR10:'ship' -> EMNIST ❌ (Uncertain)
CIFAR10:'truck' -> EMNIST ❌ (Uncertain)
Exp: Old Gen + New Ent (0.5)
dynamic_entropy_ratio: 0.5
MNIST:'0' -> EMNIST ❌ (Uncertain)
MNIST:'1' -> EMNIST ❌ (Uncertain)
MNIST:'2' -> EMNIST ❌ (Uncertain)
MNIST:'3' -> EMNIST ❌ (Uncertain)
MNIST:'4' -> EMNIST | Predict: '8' (Ent: 1.86)
  ⚠️ [Mismatch] Cycle Back predicted '8' (Expected '4') (Ent: 0.86)
MNIST:'5' -> EMNIST | Predict: '3' (Ent: 1.35)
  ⚠️ [Mismatch] Cycle Back predicted '8' (Expected '5') (Ent: 0.80)
MNIST:'6' -> EMNIST | Predict: '8' (Ent: 1.78)
  ⚠️ [Mismatch] Cycle Back predicted '8' (Expected '6') (Ent: 0.86)
MNIST:'7' -> EMNIST ❌ (Uncertain)
MNIST:'8' -> EMNIST | Predict: '8' (Ent: 1.18)
  ✅ [Match] MNIST:'8' <==> EMNIST:'8' (Ent: 0.86)
MNIST:'9' -> EMNIST ❌ (Uncertain)
MNIST:'0' -> CIFAR10 ❌ (Uncertain)
MNIST:'1' -> CIFAR10 ❌ (Uncertain)
MNIST:'2' -> CIFAR10 ❌ (Uncertain)
MNIST:'3' -> CIFAR10 ❌ (Uncertain)
MNIST:'4' -> CIFAR10 ❌ (Uncertain)
MNIST:'5' -> CIFAR10 ❌ (Uncertain)
MNIST:'6' -> CIFAR10 | Predict: 'ship' (Ent: 0.90)
  ⚠️ [Mismatch] Cycle Back predicted '8' (Expected '6') (Ent: 0.11)
MNIST:'7' -> CIFAR10 ❌ (Uncertain)
MNIST:'8' -> CIFAR10 ❌ (Uncertain)
MNIST:'9' -> CIFAR10 ❌ (Uncertain)
EMNIST:'0' -> MNIST ❌ (Uncertain)
EMNIST:'1' -> MNIST | Predict: '8' (Ent: 0.88)
  ⚠️ [Mismatch] Cycle Back predicted '8' (Expected '1') (Ent: 1.18)
EMNIST:'2' -> MNIST | Predict: '8' (Ent: 0.87)
  ⚠️ [Mismatch] Cycle Back predicted '8' (Expected '2') (Ent: 1.18)
EMNIST:'4' -> MNIST | Predict: '8' (Ent: 0.80)
  ⚠️ [Mismatch] Cycle Back predicted '8' (Expected '4') (Ent: 1.18)
EMNIST:'5' -> MNIST | Predict: '8' (Ent: 0.95)
  ⚠️ [Mismatch] Cycle Back predicted '8' (Expected '5') (Ent: 1.18)
EMNIST:'6' -> MNIST | Predict: '8' (Ent: 0.84)
  ⚠️ [Mismatch] Cycle Back predicted '8' (Expected '6') (Ent: 1.18)
EMNIST:'7' -> MNIST | Predict: '8' (Ent: 1.02)
  ⚠️ [Mismatch] Cycle Back predicted '8' (Expected '7') (Ent: 1.18)
EMNIST:'9' -> MNIST | Predict: '8' (Ent: 0.87)
  ⚠️ [Mismatch] Cycle Back predicted '8' (Expected '9') (Ent: 1.18)
EMNIST:'A' -> MNIST ❌ (Uncertain)
EMNIST:'B' -> MNIST | Predict: '8' (Ent: 0.50)
  ⚠️ [Mismatch] Cycle Back predicted '8' (Expected 'B') (Ent: 1.18)
EMNIST:'C' -> MNIST ❌ (Uncertain)
EMNIST:'D' -> MNIST | Predict: '8' (Ent: 0.94)
  ⚠️ [Mismatch] Cycle Back predicted '8' (Expected 'D') (Ent: 1.18)
EMNIST:'E' -> MNIST ❌ (Uncertain)
EMNIST:'F' -> MNIST ❌ (Uncertain)
EMNIST:'G' -> MNIST | Predict: '8' (Ent: 0.79)
  ⚠️ [Mismatch] Cycle Back predicted '8' (Expected 'G') (Ent: 1.18)
EMNIST:'H' -> MNIST | Predict: '8' (Ent: 0.75)
  ⚠️ [Mismatch] Cycle Back predicted '8' (Expected 'H') (Ent: 1.18)
EMNIST:'I' -> MNIST | Predict: '8' (Ent: 0.78)
  ⚠️ [Mismatch] Cycle Back predicted '8' (Expected 'I') (Ent: 1.18)
EMNIST:'J' -> MNIST | Predict: '8' (Ent: 0.78)
  ⚠️ [Mismatch] Cycle Back predicted '8' (Expected 'J') (Ent: 1.18)
EMNIST:'K' -> MNIST | Predict: '8' (Ent: 1.13)
  ⚠️ [Mismatch] Cycle Back predicted '8' (Expected 'K') (Ent: 1.18)
EMNIST:'L' -> MNIST ❌ (Uncertain)
EMNIST:'M' -> MNIST | Predict: '8' (Ent: 0.44)
  ⚠️ [Mismatch] Cycle Back predicted '8' (Expected 'M') (Ent: 1.18)
EMNIST:'N' -> MNIST | Predict: '8' (Ent: 0.89)
  ⚠️ [Mismatch] Cycle Back predicted '8' (Expected 'N') (Ent: 1.18)
EMNIST:'O' -> MNIST ❌ (Uncertain)
EMNIST:'P' -> MNIST | Predict: '8' (Ent: 1.12)
  ⚠️ [Mismatch] Cycle Back predicted '8' (Expected 'P') (Ent: 1.18)
EMNIST:'Q' -> MNIST | Predict: '8' (Ent: 0.65)
  ⚠️ [Mismatch] Cycle Back predicted '8' (Expected 'Q') (Ent: 1.18)
EMNIST:'R' -> MNIST | Predict: '8' (Ent: 1.00)
  ⚠️ [Mismatch] Cycle Back predicted '8' (Expected 'R') (Ent: 1.18)
EMNIST:'S' -> MNIST | Predict: '8' (Ent: 1.10)
  ⚠️ [Mismatch] Cycle Back predicted '8' (Expected 'S') (Ent: 1.18)
EMNIST:'T' -> MNIST | Predict: '8' (Ent: 0.86)
  ⚠️ [Mismatch] Cycle Back predicted '8' (Expected 'T') (Ent: 1.18)
EMNIST:'U' -> MNIST | Predict: '8' (Ent: 0.89)
  ⚠️ [Mismatch] Cycle Back predicted '8' (Expected 'U') (Ent: 1.18)
EMNIST:'V' -> MNIST | Predict: '8' (Ent: 0.91)
  ⚠️ [Mismatch] Cycle Back predicted '8' (Expected 'V') (Ent: 1.18)
EMNIST:'W' -> MNIST | Predict: '8' (Ent: 1.09)
  ⚠️ [Mismatch] Cycle Back predicted '8' (Expected 'W') (Ent: 1.18)
EMNIST:'X' -> MNIST | Predict: '8' (Ent: 0.95)
  ⚠️ [Mismatch] Cycle Back predicted '8' (Expected 'X') (Ent: 1.18)
EMNIST:'Y' -> MNIST ❌ (Uncertain)
EMNIST:'Z' -> MNIST | Predict: '8' (Ent: 0.52)
  ⚠️ [Mismatch] Cycle Back predicted '8' (Expected 'Z') (Ent: 1.18)
EMNIST:'a' -> MNIST ❌ (Uncertain)
EMNIST:'b' -> MNIST | Predict: '8' (Ent: 0.50)
  ⚠️ [Mismatch] Cycle Back predicted '8' (Expected 'b') (Ent: 1.18)
EMNIST:'c' -> MNIST ❌ (Uncertain)
EMNIST:'d' -> MNIST | Predict: '8' (Ent: 0.94)
  ⚠️ [Mismatch] Cycle Back predicted '8' (Expected 'd') (Ent: 1.18)
EMNIST:'e' -> MNIST ❌ (Uncertain)
EMNIST:'f' -> MNIST ❌ (Uncertain)
EMNIST:'g' -> MNIST | Predict: '8' (Ent: 0.79)
  ⚠️ [Mismatch] Cycle Back predicted '8' (Expected 'g') (Ent: 1.18)
EMNIST:'h' -> MNIST | Predict: '8' (Ent: 0.75)
  ⚠️ [Mismatch] Cycle Back predicted '8' (Expected 'h') (Ent: 1.18)
EMNIST:'i' -> MNIST | Predict: '8' (Ent: 0.78)
  ⚠️ [Mismatch] Cycle Back predicted '8' (Expected 'i') (Ent: 1.18)
EMNIST:'j' -> MNIST | Predict: '8' (Ent: 0.78)
  ⚠️ [Mismatch] Cycle Back predicted '8' (Expected 'j') (Ent: 1.18)
EMNIST:'k' -> MNIST | Predict: '8' (Ent: 1.13)
  ⚠️ [Mismatch] Cycle Back predicted '8' (Expected 'k') (Ent: 1.18)
EMNIST:'l' -> MNIST ❌ (Uncertain)
EMNIST:'m' -> MNIST | Predict: '8' (Ent: 0.44)
  ⚠️ [Mismatch] Cycle Back predicted '8' (Expected 'm') (Ent: 1.18)
EMNIST:'n' -> MNIST | Predict: '8' (Ent: 0.89)
  ⚠️ [Mismatch] Cycle Back predicted '8' (Expected 'n') (Ent: 1.18)
EMNIST:'o' -> MNIST ❌ (Uncertain)
EMNIST:'p' -> MNIST | Predict: '8' (Ent: 1.12)
  ⚠️ [Mismatch] Cycle Back predicted '8' (Expected 'p') (Ent: 1.18)
EMNIST:'q' -> MNIST | Predict: '8' (Ent: 0.65)
  ⚠️ [Mismatch] Cycle Back predicted '8' (Expected 'q') (Ent: 1.18)
EMNIST:'r' -> MNIST | Predict: '8' (Ent: 1.00)
  ⚠️ [Mismatch] Cycle Back predicted '8' (Expected 'r') (Ent: 1.18)
EMNIST:'s' -> MNIST | Predict: '8' (Ent: 1.10)
  ⚠️ [Mismatch] Cycle Back predicted '8' (Expected 's') (Ent: 1.18)
EMNIST:'t' -> MNIST | Predict: '8' (Ent: 0.86)
  ⚠️ [Mismatch] Cycle Back predicted '8' (Expected 't') (Ent: 1.18)
EMNIST:'u' -> MNIST | Predict: '8' (Ent: 0.89)
  ⚠️ [Mismatch] Cycle Back predicted '8' (Expected 'u') (Ent: 1.18)
EMNIST:'v' -> MNIST | Predict: '8' (Ent: 0.91)
  ⚠️ [Mismatch] Cycle Back predicted '8' (Expected 'v') (Ent: 1.18)
EMNIST:'w' -> MNIST | Predict: '8' (Ent: 1.09)
  ⚠️ [Mismatch] Cycle Back predicted '8' (Expected 'w') (Ent: 1.18)
EMNIST:'x' -> MNIST | Predict: '8' (Ent: 0.95)
  ⚠️ [Mismatch] Cycle Back predicted '8' (Expected 'x') (Ent: 1.18)
EMNIST:'y' -> MNIST ❌ (Uncertain)
EMNIST:'z' -> MNIST | Predict: '8' (Ent: 0.52)
  ⚠️ [Mismatch] Cycle Back predicted '8' (Expected 'z') (Ent: 1.18)
EMNIST:'0' -> CIFAR10 ❌ (Uncertain)
EMNIST:'1' -> CIFAR10 ❌ (Uncertain)
EMNIST:'2' -> CIFAR10 | Predict: 'airplane' (Ent: 1.04)
EMNIST:'3' -> CIFAR10 ❌ (Uncertain)
EMNIST:'4' -> CIFAR10 ❌ (Uncertain)
EMNIST:'5' -> CIFAR10 ❌ (Uncertain)
EMNIST:'6' -> CIFAR10 ❌ (Uncertain)
EMNIST:'7' -> CIFAR10 ❌ (Uncertain)
EMNIST:'8' -> CIFAR10 ❌ (Uncertain)
EMNIST:'9' -> CIFAR10 ❌ (Uncertain)
EMNIST:'A' -> CIFAR10 ❌ (Uncertain)
EMNIST:'B' -> CIFAR10 ❌ (Uncertain)
EMNIST:'C' -> CIFAR10 ❌ (Uncertain)
EMNIST:'D' -> CIFAR10 ❌ (Uncertain)
EMNIST:'E' -> CIFAR10 ❌ (Uncertain)
EMNIST:'F' -> CIFAR10 ❌ (Uncertain)
EMNIST:'G' -> CIFAR10 ❌ (Uncertain)
EMNIST:'H' -> CIFAR10 ❌ (Uncertain)
EMNIST:'I' -> CIFAR10 ❌ (Uncertain)
EMNIST:'J' -> CIFAR10 ❌ (Uncertain)
EMNIST:'K' -> CIFAR10 | Predict: 'airplane' (Ent: 1.13)
EMNIST:'L' -> CIFAR10 ❌ (Uncertain)
EMNIST:'M' -> CIFAR10 ❌ (Uncertain)
EMNIST:'N' -> CIFAR10 ❌ (Uncertain)
EMNIST:'O' -> CIFAR10 ❌ (Uncertain)
EMNIST:'P' -> CIFAR10 ❌ (Uncertain)
EMNIST:'Q' -> CIFAR10 ❌ (Uncertain)
EMNIST:'R' -> CIFAR10 ❌ (Uncertain)
EMNIST:'S' -> CIFAR10 ❌ (Uncertain)
EMNIST:'T' -> CIFAR10 ❌ (Uncertain)
EMNIST:'U' -> CIFAR10 ❌ (Uncertain)
EMNIST:'V' -> CIFAR10 | Predict: 'ship' (Ent: 1.15)
EMNIST:'W' -> CIFAR10 ❌ (Uncertain)
EMNIST:'X' -> CIFAR10 ❌ (Uncertain)
EMNIST:'Y' -> CIFAR10 ❌ (Uncertain)
EMNIST:'Z' -> CIFAR10 ❌ (Uncertain)
EMNIST:'a' -> CIFAR10 ❌ (Uncertain)
EMNIST:'b' -> CIFAR10 ❌ (Uncertain)
EMNIST:'c' -> CIFAR10 ❌ (Uncertain)
EMNIST:'d' -> CIFAR10 ❌ (Uncertain)
EMNIST:'e' -> CIFAR10 ❌ (Uncertain)
EMNIST:'f' -> CIFAR10 ❌ (Uncertain)
EMNIST:'g' -> CIFAR10 ❌ (Uncertain)
EMNIST:'h' -> CIFAR10 ❌ (Uncertain)
EMNIST:'i' -> CIFAR10 ❌ (Uncertain)
EMNIST:'j' -> CIFAR10 ❌ (Uncertain)
EMNIST:'k' -> CIFAR10 | Predict: 'airplane' (Ent: 1.13)
EMNIST:'l' -> CIFAR10 ❌ (Uncertain)
EMNIST:'m' -> CIFAR10 ❌ (Uncertain)
EMNIST:'n' -> CIFAR10 ❌ (Uncertain)
EMNIST:'o' -> CIFAR10 ❌ (Uncertain)
EMNIST:'p' -> CIFAR10 ❌ (Uncertain)
EMNIST:'q' -> CIFAR10 ❌ (Uncertain)
EMNIST:'r' -> CIFAR10 ❌ (Uncertain)
EMNIST:'s' -> CIFAR10 ❌ (Uncertain)
EMNIST:'t' -> CIFAR10 ❌ (Uncertain)
EMNIST:'u' -> CIFAR10 ❌ (Uncertain)
EMNIST:'v' -> CIFAR10 | Predict: 'ship' (Ent: 1.15)
EMNIST:'w' -> CIFAR10 ❌ (Uncertain)
EMNIST:'x' -> CIFAR10 ❌ (Uncertain)
EMNIST:'y' -> CIFAR10 ❌ (Uncertain)
EMNIST:'z' -> CIFAR10 ❌ (Uncertain)
CIFAR10:'airplane' -> MNIST | Predict: '8' (Ent: 0.52)
CIFAR10:'automobile' -> MNIST | Predict: '8' (Ent: 0.83)
CIFAR10:'bird' -> MNIST | Predict: '8' (Ent: 0.82)
CIFAR10:'cat' -> MNIST | Predict: '8' (Ent: 1.02)
CIFAR10:'deer' -> MNIST | Predict: '8' (Ent: 0.62)
CIFAR10:'dog' -> MNIST | Predict: '8' (Ent: 0.70)
CIFAR10:'frog' -> MNIST | Predict: '8' (Ent: 0.22)
CIFAR10:'horse' -> MNIST ❌ (Uncertain)
CIFAR10:'truck' -> MNIST | Predict: '8' (Ent: 1.03)
CIFAR10:'automobile' -> EMNIST ❌ (Uncertain)
CIFAR10:'bird' -> EMNIST ❌ (Uncertain)
CIFAR10:'cat' -> EMNIST ❌ (Uncertain)
CIFAR10:'deer' -> EMNIST ❌ (Uncertain)
CIFAR10:'dog' -> EMNIST ❌ (Uncertain)
CIFAR10:'frog' -> EMNIST | Predict: '8' (Ent: 1.56)
CIFAR10:'horse' -> EMNIST | Predict: '0' (Ent: 1.89)
CIFAR10:'truck' -> EMNIST ❌ (Uncertain)
Exp: Old Gen + New Ent (0.55)
dynamic_entropy_ratio: 0.55
MNIST:'0' -> EMNIST ❌ (Uncertain)
MNIST:'1' -> EMNIST ❌ (Uncertain)
MNIST:'2' -> EMNIST ❌ (Uncertain)
MNIST:'3' -> EMNIST | Predict: 'G' (Ent: 2.18)
  ⚠️ [Mismatch] Cycle Back predicted '8' (Expected '3') (Ent: 0.79)
MNIST:'4' -> EMNIST | Predict: '8' (Ent: 1.86)
  ⚠️ [Mismatch] Cycle Back predicted '8' (Expected '4') (Ent: 0.86)
MNIST:'5' -> EMNIST | Predict: '3' (Ent: 1.35)
  ⚠️ [Mismatch] Cycle Back predicted '8' (Expected '5') (Ent: 0.80)
MNIST:'6' -> EMNIST | Predict: '8' (Ent: 1.78)
  ⚠️ [Mismatch] Cycle Back predicted '8' (Expected '6') (Ent: 0.86)
MNIST:'7' -> EMNIST | Predict: '8' (Ent: 2.09)
  ⚠️ [Mismatch] Cycle Back predicted '8' (Expected '7') (Ent: 0.86)
MNIST:'8' -> EMNIST | Predict: '8' (Ent: 1.42)
  ✅ [Match] MNIST:'8' <==> EMNIST:'8' (Ent: 0.86)
MNIST:'9' -> EMNIST ❌ (Uncertain)
MNIST:'0' -> CIFAR10 | Predict: 'dog' (Ent: 1.20)
  ⚠️ [Mismatch] Cycle Back predicted '8' (Expected '0') (Ent: 0.70)
MNIST:'1' -> CIFAR10 ❌ (Uncertain)
MNIST:'2' -> CIFAR10 ❌ (Uncertain)
MNIST:'3' -> CIFAR10 ❌ (Uncertain)
MNIST:'4' -> CIFAR10 ❌ (Uncertain)
MNIST:'5' -> CIFAR10 ❌ (Uncertain)
MNIST:'6' -> CIFAR10 | Predict: 'ship' (Ent: 0.90)
  ⚠️ [Mismatch] Cycle Back predicted '8' (Expected '6') (Ent: 0.11)
MNIST:'7' -> CIFAR10 ❌ (Uncertain)
MNIST:'8' -> CIFAR10 ❌ (Uncertain)
MNIST:'9' -> CIFAR10 ❌ (Uncertain)
EMNIST:'0' -> MNIST ❌ (Uncertain)
EMNIST:'1' -> MNIST | Predict: '8' (Ent: 0.88)
  ⚠️ [Mismatch] Cycle Back predicted '8' (Expected '1') (Ent: 1.42)
EMNIST:'2' -> MNIST | Predict: '8' (Ent: 0.87)
  ⚠️ [Mismatch] Cycle Back predicted '8' (Expected '2') (Ent: 1.42)
EMNIST:'4' -> MNIST | Predict: '8' (Ent: 0.80)
  ⚠️ [Mismatch] Cycle Back predicted '8' (Expected '4') (Ent: 1.42)
EMNIST:'5' -> MNIST | Predict: '8' (Ent: 0.95)
  ⚠️ [Mismatch] Cycle Back predicted '8' (Expected '5') (Ent: 1.42)
EMNIST:'6' -> MNIST | Predict: '8' (Ent: 0.84)
  ⚠️ [Mismatch] Cycle Back predicted '8' (Expected '6') (Ent: 1.42)
EMNIST:'7' -> MNIST | Predict: '8' (Ent: 1.20)
  ⚠️ [Mismatch] Cycle Back predicted '8' (Expected '7') (Ent: 1.42)
EMNIST:'9' -> MNIST | Predict: '8' (Ent: 0.87)
  ⚠️ [Mismatch] Cycle Back predicted '8' (Expected '9') (Ent: 1.42)
EMNIST:'A' -> MNIST ❌ (Uncertain)
EMNIST:'B' -> MNIST | Predict: '8' (Ent: 0.50)
  ⚠️ [Mismatch] Cycle Back predicted '8' (Expected 'B') (Ent: 1.42)
EMNIST:'C' -> MNIST ❌ (Uncertain)
EMNIST:'D' -> MNIST | Predict: '8' (Ent: 0.94)
  ⚠️ [Mismatch] Cycle Back predicted '8' (Expected 'D') (Ent: 1.42)
EMNIST:'E' -> MNIST ❌ (Uncertain)
EMNIST:'F' -> MNIST | Predict: '8' (Ent: 1.26)
  ⚠️ [Mismatch] Cycle Back predicted '8' (Expected 'F') (Ent: 1.42)
EMNIST:'H' -> MNIST | Predict: '8' (Ent: 0.75)
  ⚠️ [Mismatch] Cycle Back predicted '8' (Expected 'H') (Ent: 1.42)
EMNIST:'I' -> MNIST | Predict: '8' (Ent: 0.78)
  ⚠️ [Mismatch] Cycle Back predicted '8' (Expected 'I') (Ent: 1.42)
EMNIST:'J' -> MNIST | Predict: '8' (Ent: 0.78)
  ⚠️ [Mismatch] Cycle Back predicted '8' (Expected 'J') (Ent: 1.42)
EMNIST:'K' -> MNIST | Predict: '8' (Ent: 1.13)
  ⚠️ [Mismatch] Cycle Back predicted '8' (Expected 'K') (Ent: 1.42)
EMNIST:'L' -> MNIST ❌ (Uncertain)
EMNIST:'M' -> MNIST | Predict: '8' (Ent: 0.44)
  ⚠️ [Mismatch] Cycle Back predicted '8' (Expected 'M') (Ent: 1.42)
EMNIST:'N' -> MNIST | Predict: '8' (Ent: 0.98)
  ⚠️ [Mismatch] Cycle Back predicted '8' (Expected 'N') (Ent: 1.42)
EMNIST:'O' -> MNIST | Predict: '8' (Ent: 1.21)
  ⚠️ [Mismatch] Cycle Back predicted '8' (Expected 'O') (Ent: 1.42)
EMNIST:'P' -> MNIST | Predict: '8' (Ent: 1.12)
  ⚠️ [Mismatch] Cycle Back predicted '8' (Expected 'P') (Ent: 1.42)
EMNIST:'Q' -> MNIST | Predict: '8' (Ent: 0.65)
  ⚠️ [Mismatch] Cycle Back predicted '8' (Expected 'Q') (Ent: 1.42)
EMNIST:'R' -> MNIST | Predict: '8' (Ent: 1.00)
  ⚠️ [Mismatch] Cycle Back predicted '8' (Expected 'R') (Ent: 1.42)
EMNIST:'S' -> MNIST | Predict: '8' (Ent: 1.24)
  ⚠️ [Mismatch] Cycle Back predicted '8' (Expected 'S') (Ent: 1.42)
EMNIST:'T' -> MNIST | Predict: '8' (Ent: 0.86)
  ⚠️ [Mismatch] Cycle Back predicted '8' (Expected 'T') (Ent: 1.42)
EMNIST:'U' -> MNIST | Predict: '8' (Ent: 0.89)
  ⚠️ [Mismatch] Cycle Back predicted '8' (Expected 'U') (Ent: 1.42)
EMNIST:'V' -> MNIST | Predict: '8' (Ent: 0.91)
  ⚠️ [Mismatch] Cycle Back predicted '8' (Expected 'V') (Ent: 1.42)
EMNIST:'W' -> MNIST | Predict: '8' (Ent: 1.09)
  ⚠️ [Mismatch] Cycle Back predicted '8' (Expected 'W') (Ent: 1.42)
EMNIST:'X' -> MNIST | Predict: '8' (Ent: 0.95)
  ⚠️ [Mismatch] Cycle Back predicted '8' (Expected 'X') (Ent: 1.42)
EMNIST:'Y' -> MNIST ❌ (Uncertain)
EMNIST:'Z' -> MNIST | Predict: '8' (Ent: 0.52)
  ⚠️ [Mismatch] Cycle Back predicted '8' (Expected 'Z') (Ent: 1.42)
EMNIST:'a' -> MNIST ❌ (Uncertain)
EMNIST:'b' -> MNIST | Predict: '8' (Ent: 0.50)
  ⚠️ [Mismatch] Cycle Back predicted '8' (Expected 'b') (Ent: 1.42)
EMNIST:'c' -> MNIST ❌ (Uncertain)
EMNIST:'d' -> MNIST | Predict: '8' (Ent: 0.94)
  ⚠️ [Mismatch] Cycle Back predicted '8' (Expected 'd') (Ent: 1.42)
EMNIST:'e' -> MNIST ❌ (Uncertain)
EMNIST:'f' -> MNIST | Predict: '8' (Ent: 1.26)
  ⚠️ [Mismatch] Cycle Back predicted '8' (Expected 'f') (Ent: 1.42)
EMNIST:'g' -> MNIST | Predict: '8' (Ent: 0.79)
  ⚠️ [Mismatch] Cycle Back predicted '8' (Expected 'g') (Ent: 1.42)
EMNIST:'h' -> MNIST | Predict: '8' (Ent: 0.75)
  ⚠️ [Mismatch] Cycle Back predicted '8' (Expected 'h') (Ent: 1.42)
EMNIST:'i' -> MNIST | Predict: '8' (Ent: 0.78)
  ⚠️ [Mismatch] Cycle Back predicted '8' (Expected 'i') (Ent: 1.42)
EMNIST:'j' -> MNIST | Predict: '8' (Ent: 0.78)
  ⚠️ [Mismatch] Cycle Back predicted '8' (Expected 'j') (Ent: 1.42)
EMNIST:'k' -> MNIST | Predict: '8' (Ent: 1.13)
  ⚠️ [Mismatch] Cycle Back predicted '8' (Expected 'k') (Ent: 1.42)
EMNIST:'l' -> MNIST ❌ (Uncertain)
EMNIST:'m' -> MNIST | Predict: '8' (Ent: 0.44)
  ⚠️ [Mismatch] Cycle Back predicted '8' (Expected 'm') (Ent: 1.42)
EMNIST:'n' -> MNIST | Predict: '8' (Ent: 0.98)
  ⚠️ [Mismatch] Cycle Back predicted '8' (Expected 'n') (Ent: 1.42)
EMNIST:'o' -> MNIST | Predict: '8' (Ent: 1.21)
  ⚠️ [Mismatch] Cycle Back predicted '8' (Expected 'o') (Ent: 1.42)
EMNIST:'p' -> MNIST | Predict: '8' (Ent: 1.12)
  ⚠️ [Mismatch] Cycle Back predicted '8' (Expected 'p') (Ent: 1.42)
EMNIST:'q' -> MNIST | Predict: '8' (Ent: 0.65)
  ⚠️ [Mismatch] Cycle Back predicted '8' (Expected 'q') (Ent: 1.42)
EMNIST:'r' -> MNIST | Predict: '8' (Ent: 1.00)
  ⚠️ [Mismatch] Cycle Back predicted '8' (Expected 'r') (Ent: 1.42)
EMNIST:'s' -> MNIST | Predict: '8' (Ent: 1.24)
  ⚠️ [Mismatch] Cycle Back predicted '8' (Expected 's') (Ent: 1.42)
EMNIST:'t' -> MNIST | Predict: '8' (Ent: 0.86)
  ⚠️ [Mismatch] Cycle Back predicted '8' (Expected 't') (Ent: 1.42)
EMNIST:'u' -> MNIST | Predict: '8' (Ent: 0.89)
  ⚠️ [Mismatch] Cycle Back predicted '8' (Expected 'u') (Ent: 1.42)
EMNIST:'v' -> MNIST | Predict: '8' (Ent: 0.91)
  ⚠️ [Mismatch] Cycle Back predicted '8' (Expected 'v') (Ent: 1.42)
EMNIST:'w' -> MNIST | Predict: '8' (Ent: 1.09)
  ⚠️ [Mismatch] Cycle Back predicted '8' (Expected 'w') (Ent: 1.42)
EMNIST:'x' -> MNIST | Predict: '8' (Ent: 0.95)
  ⚠️ [Mismatch] Cycle Back predicted '8' (Expected 'x') (Ent: 1.42)
EMNIST:'y' -> MNIST ❌ (Uncertain)
EMNIST:'z' -> MNIST | Predict: '8' (Ent: 0.52)
  ⚠️ [Mismatch] Cycle Back predicted '8' (Expected 'z') (Ent: 1.42)
EMNIST:'0' -> CIFAR10 ❌ (Uncertain)
EMNIST:'1' -> CIFAR10 ❌ (Uncertain)
EMNIST:'2' -> CIFAR10 | Predict: 'airplane' (Ent: 1.17)
  ⚠️ [Mismatch] Cycle Back predicted '0' (Expected '2') (Ent: 2.15)
EMNIST:'3' -> CIFAR10 | Predict: 'ship' (Ent: 1.24)
EMNIST:'4' -> CIFAR10 ❌ (Uncertain)
EMNIST:'5' -> CIFAR10 ❌ (Uncertain)
EMNIST:'6' -> CIFAR10 ❌ (Uncertain)
EMNIST:'7' -> CIFAR10 ❌ (Uncertain)
EMNIST:'8' -> CIFAR10 ❌ (Uncertain)
EMNIST:'9' -> CIFAR10 ❌ (Uncertain)
EMNIST:'A' -> CIFAR10 ❌ (Uncertain)
EMNIST:'B' -> CIFAR10 ❌ (Uncertain)
EMNIST:'C' -> CIFAR10 ❌ (Uncertain)
EMNIST:'D' -> CIFAR10 ❌ (Uncertain)
EMNIST:'E' -> CIFAR10 ❌ (Uncertain)
EMNIST:'F' -> CIFAR10 ❌ (Uncertain)
EMNIST:'G' -> CIFAR10 ❌ (Uncertain)
EMNIST:'H' -> CIFAR10 ❌ (Uncertain)
EMNIST:'I' -> CIFAR10 ❌ (Uncertain)
EMNIST:'J' -> CIFAR10 ❌ (Uncertain)
EMNIST:'K' -> CIFAR10 | Predict: 'airplane' (Ent: 1.13)
  ⚠️ [Mismatch] Cycle Back predicted '0' (Expected 'K') (Ent: 2.15)
EMNIST:'L' -> CIFAR10 ❌ (Uncertain)
EMNIST:'M' -> CIFAR10 ❌ (Uncertain)
EMNIST:'N' -> CIFAR10 ❌ (Uncertain)
EMNIST:'O' -> CIFAR10 ❌ (Uncertain)
EMNIST:'P' -> CIFAR10 ❌ (Uncertain)
EMNIST:'Q' -> CIFAR10 ❌ (Uncertain)
EMNIST:'R' -> CIFAR10 ❌ (Uncertain)
EMNIST:'S' -> CIFAR10 ❌ (Uncertain)
EMNIST:'T' -> CIFAR10 ❌ (Uncertain)
EMNIST:'U' -> CIFAR10 ❌ (Uncertain)
EMNIST:'V' -> CIFAR10 ❌ (Uncertain)
EMNIST:'W' -> CIFAR10 ❌ (Uncertain)
EMNIST:'X' -> CIFAR10 ❌ (Uncertain)
EMNIST:'Y' -> CIFAR10 ❌ (Uncertain)
EMNIST:'Z' -> CIFAR10 ❌ (Uncertain)
EMNIST:'a' -> CIFAR10 ❌ (Uncertain)
EMNIST:'b' -> CIFAR10 ❌ (Uncertain)
EMNIST:'c' -> CIFAR10 ❌ (Uncertain)
EMNIST:'d' -> CIFAR10 ❌ (Uncertain)
EMNIST:'e' -> CIFAR10 ❌ (Uncertain)
EMNIST:'f' -> CIFAR10 ❌ (Uncertain)
EMNIST:'g' -> CIFAR10 ❌ (Uncertain)
EMNIST:'h' -> CIFAR10 ❌ (Uncertain)
EMNIST:'i' -> CIFAR10 ❌ (Uncertain)
EMNIST:'j' -> CIFAR10 ❌ (Uncertain)
EMNIST:'k' -> CIFAR10 | Predict: 'airplane' (Ent: 1.13)
  ⚠️ [Mismatch] Cycle Back predicted '0' (Expected 'k') (Ent: 2.15)
EMNIST:'l' -> CIFAR10 ❌ (Uncertain)
EMNIST:'m' -> CIFAR10 ❌ (Uncertain)
EMNIST:'n' -> CIFAR10 ❌ (Uncertain)
EMNIST:'o' -> CIFAR10 ❌ (Uncertain)
EMNIST:'p' -> CIFAR10 ❌ (Uncertain)
EMNIST:'q' -> CIFAR10 ❌ (Uncertain)
EMNIST:'r' -> CIFAR10 ❌ (Uncertain)
EMNIST:'s' -> CIFAR10 ❌ (Uncertain)
EMNIST:'t' -> CIFAR10 ❌ (Uncertain)
EMNIST:'u' -> CIFAR10 ❌ (Uncertain)
EMNIST:'v' -> CIFAR10 ❌ (Uncertain)
EMNIST:'w' -> CIFAR10 ❌ (Uncertain)
EMNIST:'x' -> CIFAR10 ❌ (Uncertain)
EMNIST:'y' -> CIFAR10 ❌ (Uncertain)
EMNIST:'z' -> CIFAR10 ❌ (Uncertain)
CIFAR10:'airplane' -> MNIST | Predict: '8' (Ent: 0.52)
CIFAR10:'automobile' -> MNIST | Predict: '8' (Ent: 0.83)
CIFAR10:'bird' -> MNIST | Predict: '8' (Ent: 0.82)
CIFAR10:'cat' -> MNIST | Predict: '8' (Ent: 1.02)
CIFAR10:'deer' -> MNIST | Predict: '8' (Ent: 0.62)
CIFAR10:'frog' -> MNIST | Predict: '8' (Ent: 0.22)
CIFAR10:'horse' -> MNIST | Predict: '8' (Ent: 1.20)
CIFAR10:'truck' -> MNIST | Predict: '8' (Ent: 1.03)
CIFAR10:'automobile' -> EMNIST ❌ (Uncertain)
CIFAR10:'bird' -> EMNIST ❌ (Uncertain)
CIFAR10:'cat' -> EMNIST ❌ (Uncertain)
CIFAR10:'deer' -> EMNIST ❌ (Uncertain)
CIFAR10:'dog' -> EMNIST | Predict: '0' (Ent: 2.16)
CIFAR10:'frog' -> EMNIST | Predict: '8' (Ent: 1.69)
CIFAR10:'horse' -> EMNIST | Predict: '0' (Ent: 1.89)
CIFAR10:'truck' -> EMNIST ❌ (Uncertain)
Exp: Old Gen + New Ent (0.6)
dynamic_entropy_ratio: 0.6
MNIST:'0' -> EMNIST | Predict: '0' (Ent: 2.30)
  ⚠️ [Mismatch] Cycle Back predicted '8' (Expected '0') (Ent: 1.34)
MNIST:'1' -> EMNIST ❌ (Uncertain)
MNIST:'2' -> EMNIST ❌ (Uncertain)
MNIST:'3' -> EMNIST | Predict: 'G' (Ent: 2.18)
  ⚠️ [Mismatch] Cycle Back predicted '8' (Expected '3') (Ent: 0.79)
MNIST:'4' -> EMNIST | Predict: '8' (Ent: 1.86)
  ⚠️ [Mismatch] Cycle Back predicted '8' (Expected '4') (Ent: 0.86)
MNIST:'5' -> EMNIST | Predict: '3' (Ent: 1.35)
  ⚠️ [Mismatch] Cycle Back predicted '8' (Expected '5') (Ent: 0.92)
MNIST:'6' -> EMNIST | Predict: '8' (Ent: 1.78)
  ⚠️ [Mismatch] Cycle Back predicted '8' (Expected '6') (Ent: 0.86)
MNIST:'7' -> EMNIST | Predict: '8' (Ent: 2.09)
  ⚠️ [Mismatch] Cycle Back predicted '8' (Expected '7') (Ent: 0.86)
MNIST:'8' -> EMNIST | Predict: '8' (Ent: 1.42)
  ✅ [Match] MNIST:'8' <==> EMNIST:'8' (Ent: 0.86)
MNIST:'9' -> EMNIST | Predict: '8' (Ent: 2.30)
  ⚠️ [Mismatch] Cycle Back predicted '8' (Expected '9') (Ent: 0.86)
MNIST:'0' -> CIFAR10 | Predict: 'dog' (Ent: 1.20)
  ⚠️ [Mismatch] Cycle Back predicted '8' (Expected '0') (Ent: 0.70)
MNIST:'1' -> CIFAR10 ❌ (Uncertain)
MNIST:'2' -> CIFAR10 ❌ (Uncertain)
MNIST:'3' -> CIFAR10 ❌ (Uncertain)
MNIST:'4' -> CIFAR10 ❌ (Uncertain)
MNIST:'5' -> CIFAR10 | Predict: 'ship' (Ent: 1.34)
  ⚠️ [Mismatch] Cycle Back predicted '8' (Expected '5') (Ent: 0.11)
MNIST:'6' -> CIFAR10 | Predict: 'ship' (Ent: 1.21)
  ⚠️ [Mismatch] Cycle Back predicted '8' (Expected '6') (Ent: 0.11)
MNIST:'7' -> CIFAR10 ❌ (Uncertain)
MNIST:'8' -> CIFAR10 ❌ (Uncertain)
MNIST:'9' -> CIFAR10 ❌ (Uncertain)
EMNIST:'1' -> MNIST | Predict: '8' (Ent: 0.88)
  ⚠️ [Mismatch] Cycle Back predicted '8' (Expected '1') (Ent: 1.42)
EMNIST:'2' -> MNIST | Predict: '8' (Ent: 0.87)
  ⚠️ [Mismatch] Cycle Back predicted '8' (Expected '2') (Ent: 1.42)
EMNIST:'4' -> MNIST | Predict: '8' (Ent: 0.80)
  ⚠️ [Mismatch] Cycle Back predicted '8' (Expected '4') (Ent: 1.42)
EMNIST:'5' -> MNIST | Predict: '8' (Ent: 0.95)
  ⚠️ [Mismatch] Cycle Back predicted '8' (Expected '5') (Ent: 1.42)
EMNIST:'6' -> MNIST | Predict: '8' (Ent: 0.84)
  ⚠️ [Mismatch] Cycle Back predicted '8' (Expected '6') (Ent: 1.42)
EMNIST:'7' -> MNIST | Predict: '8' (Ent: 1.25)
  ⚠️ [Mismatch] Cycle Back predicted '8' (Expected '7') (Ent: 1.42)
EMNIST:'9' -> MNIST | Predict: '8' (Ent: 1.22)
  ⚠️ [Mismatch] Cycle Back predicted '8' (Expected '9') (Ent: 1.42)
EMNIST:'A' -> MNIST | Predict: '8' (Ent: 1.30)
  ⚠️ [Mismatch] Cycle Back predicted '8' (Expected 'A') (Ent: 1.42)
EMNIST:'B' -> MNIST | Predict: '8' (Ent: 0.67)
  ⚠️ [Mismatch] Cycle Back predicted '8' (Expected 'B') (Ent: 1.42)
EMNIST:'C' -> MNIST ❌ (Uncertain)
EMNIST:'D' -> MNIST | Predict: '8' (Ent: 0.94)
  ⚠️ [Mismatch] Cycle Back predicted '8' (Expected 'D') (Ent: 1.42)
EMNIST:'E' -> MNIST ❌ (Uncertain)
EMNIST:'F' -> MNIST | Predict: '8' (Ent: 1.26)
  ⚠️ [Mismatch] Cycle Back predicted '8' (Expected 'F') (Ent: 1.42)
EMNIST:'H' -> MNIST | Predict: '8' (Ent: 0.75)
  ⚠️ [Mismatch] Cycle Back predicted '8' (Expected 'H') (Ent: 1.42)
EMNIST:'I' -> MNIST | Predict: '8' (Ent: 1.05)
  ⚠️ [Mismatch] Cycle Back predicted '8' (Expected 'I') (Ent: 1.42)
EMNIST:'J' -> MNIST | Predict: '8' (Ent: 0.78)
  ⚠️ [Mismatch] Cycle Back predicted '8' (Expected 'J') (Ent: 1.42)
EMNIST:'K' -> MNIST | Predict: '8' (Ent: 1.26)
  ⚠️ [Mismatch] Cycle Back predicted '8' (Expected 'K') (Ent: 1.42)
EMNIST:'L' -> MNIST ❌ (Uncertain)
EMNIST:'M' -> MNIST | Predict: '8' (Ent: 0.44)
  ⚠️ [Mismatch] Cycle Back predicted '8' (Expected 'M') (Ent: 1.42)
EMNIST:'N' -> MNIST | Predict: '8' (Ent: 0.98)
  ⚠️ [Mismatch] Cycle Back predicted '8' (Expected 'N') (Ent: 1.42)
EMNIST:'O' -> MNIST | Predict: '8' (Ent: 1.21)
  ⚠️ [Mismatch] Cycle Back predicted '8' (Expected 'O') (Ent: 1.42)
EMNIST:'P' -> MNIST | Predict: '8' (Ent: 1.12)
  ⚠️ [Mismatch] Cycle Back predicted '8' (Expected 'P') (Ent: 1.42)
EMNIST:'Q' -> MNIST | Predict: '8' (Ent: 0.65)
  ⚠️ [Mismatch] Cycle Back predicted '8' (Expected 'Q') (Ent: 1.42)
EMNIST:'R' -> MNIST | Predict: '8' (Ent: 1.00)
  ⚠️ [Mismatch] Cycle Back predicted '8' (Expected 'R') (Ent: 1.42)
EMNIST:'S' -> MNIST | Predict: '8' (Ent: 1.24)
  ⚠️ [Mismatch] Cycle Back predicted '8' (Expected 'S') (Ent: 1.42)
EMNIST:'T' -> MNIST | Predict: '8' (Ent: 0.96)
  ⚠️ [Mismatch] Cycle Back predicted '8' (Expected 'T') (Ent: 1.42)
EMNIST:'U' -> MNIST | Predict: '8' (Ent: 0.89)
  ⚠️ [Mismatch] Cycle Back predicted '8' (Expected 'U') (Ent: 1.42)
EMNIST:'V' -> MNIST | Predict: '8' (Ent: 0.91)
  ⚠️ [Mismatch] Cycle Back predicted '8' (Expected 'V') (Ent: 1.42)
EMNIST:'W' -> MNIST | Predict: '8' (Ent: 1.09)
  ⚠️ [Mismatch] Cycle Back predicted '8' (Expected 'W') (Ent: 1.42)
EMNIST:'X' -> MNIST | Predict: '8' (Ent: 0.95)
  ⚠️ [Mismatch] Cycle Back predicted '8' (Expected 'X') (Ent: 1.42)
EMNIST:'Y' -> MNIST ❌ (Uncertain)
EMNIST:'Z' -> MNIST | Predict: '8' (Ent: 0.52)
  ⚠️ [Mismatch] Cycle Back predicted '8' (Expected 'Z') (Ent: 1.42)
EMNIST:'a' -> MNIST | Predict: '8' (Ent: 1.30)
  ⚠️ [Mismatch] Cycle Back predicted '8' (Expected 'a') (Ent: 1.42)
EMNIST:'b' -> MNIST | Predict: '8' (Ent: 0.67)
  ⚠️ [Mismatch] Cycle Back predicted '8' (Expected 'b') (Ent: 1.42)
EMNIST:'c' -> MNIST ❌ (Uncertain)
EMNIST:'d' -> MNIST | Predict: '8' (Ent: 0.94)
  ⚠️ [Mismatch] Cycle Back predicted '8' (Expected 'd') (Ent: 1.42)
EMNIST:'e' -> MNIST ❌ (Uncertain)
EMNIST:'f' -> MNIST | Predict: '8' (Ent: 1.26)
  ⚠️ [Mismatch] Cycle Back predicted '8' (Expected 'f') (Ent: 1.42)
EMNIST:'g' -> MNIST | Predict: '8' (Ent: 0.79)
  ⚠️ [Mismatch] Cycle Back predicted '8' (Expected 'g') (Ent: 1.42)
EMNIST:'h' -> MNIST | Predict: '8' (Ent: 0.75)
  ⚠️ [Mismatch] Cycle Back predicted '8' (Expected 'h') (Ent: 1.42)
EMNIST:'i' -> MNIST | Predict: '8' (Ent: 1.05)
  ⚠️ [Mismatch] Cycle Back predicted '8' (Expected 'i') (Ent: 1.42)
EMNIST:'j' -> MNIST | Predict: '8' (Ent: 0.78)
  ⚠️ [Mismatch] Cycle Back predicted '8' (Expected 'j') (Ent: 1.42)
EMNIST:'k' -> MNIST | Predict: '8' (Ent: 1.26)
  ⚠️ [Mismatch] Cycle Back predicted '8' (Expected 'k') (Ent: 1.42)
EMNIST:'l' -> MNIST ❌ (Uncertain)
EMNIST:'m' -> MNIST | Predict: '8' (Ent: 0.44)
  ⚠️ [Mismatch] Cycle Back predicted '8' (Expected 'm') (Ent: 1.42)
EMNIST:'n' -> MNIST | Predict: '8' (Ent: 0.98)
  ⚠️ [Mismatch] Cycle Back predicted '8' (Expected 'n') (Ent: 1.42)
EMNIST:'o' -> MNIST | Predict: '8' (Ent: 1.21)
  ⚠️ [Mismatch] Cycle Back predicted '8' (Expected 'o') (Ent: 1.42)
EMNIST:'p' -> MNIST | Predict: '8' (Ent: 1.12)
  ⚠️ [Mismatch] Cycle Back predicted '8' (Expected 'p') (Ent: 1.42)
EMNIST:'q' -> MNIST | Predict: '8' (Ent: 0.65)
  ⚠️ [Mismatch] Cycle Back predicted '8' (Expected 'q') (Ent: 1.42)
EMNIST:'r' -> MNIST | Predict: '8' (Ent: 1.00)
  ⚠️ [Mismatch] Cycle Back predicted '8' (Expected 'r') (Ent: 1.42)
EMNIST:'s' -> MNIST | Predict: '8' (Ent: 1.24)
  ⚠️ [Mismatch] Cycle Back predicted '8' (Expected 's') (Ent: 1.42)
EMNIST:'t' -> MNIST | Predict: '8' (Ent: 0.96)
  ⚠️ [Mismatch] Cycle Back predicted '8' (Expected 't') (Ent: 1.42)
EMNIST:'u' -> MNIST | Predict: '8' (Ent: 0.89)
  ⚠️ [Mismatch] Cycle Back predicted '8' (Expected 'u') (Ent: 1.42)
EMNIST:'v' -> MNIST | Predict: '8' (Ent: 0.91)
  ⚠️ [Mismatch] Cycle Back predicted '8' (Expected 'v') (Ent: 1.42)
EMNIST:'w' -> MNIST | Predict: '8' (Ent: 1.09)
  ⚠️ [Mismatch] Cycle Back predicted '8' (Expected 'w') (Ent: 1.42)
EMNIST:'x' -> MNIST | Predict: '8' (Ent: 0.95)
  ⚠️ [Mismatch] Cycle Back predicted '8' (Expected 'x') (Ent: 1.42)
EMNIST:'y' -> MNIST ❌ (Uncertain)
EMNIST:'z' -> MNIST | Predict: '8' (Ent: 0.52)
  ⚠️ [Mismatch] Cycle Back predicted '8' (Expected 'z') (Ent: 1.42)
EMNIST:'0' -> CIFAR10 ❌ (Uncertain)
EMNIST:'1' -> CIFAR10 ❌ (Uncertain)
EMNIST:'2' -> CIFAR10 | Predict: 'airplane' (Ent: 1.17)
  ⚠️ [Mismatch] Cycle Back predicted '0' (Expected '2') (Ent: 2.43)
EMNIST:'3' -> CIFAR10 ❌ (Uncertain)
EMNIST:'4' -> CIFAR10 ❌ (Uncertain)
EMNIST:'5' -> CIFAR10 ❌ (Uncertain)
EMNIST:'6' -> CIFAR10 ❌ (Uncertain)
EMNIST:'7' -> CIFAR10 ❌ (Uncertain)
EMNIST:'8' -> CIFAR10 ❌ (Uncertain)
EMNIST:'9' -> CIFAR10 ❌ (Uncertain)
EMNIST:'A' -> CIFAR10 ❌ (Uncertain)
EMNIST:'B' -> CIFAR10 ❌ (Uncertain)
EMNIST:'C' -> CIFAR10 | Predict: 'dog' (Ent: 1.32)
  ⚠️ [Mismatch] Cycle Back predicted '0' (Expected 'C') (Ent: 2.16)
EMNIST:'D' -> CIFAR10 ❌ (Uncertain)
EMNIST:'E' -> CIFAR10 ❌ (Uncertain)
EMNIST:'F' -> CIFAR10 ❌ (Uncertain)
EMNIST:'G' -> CIFAR10 ❌ (Uncertain)
EMNIST:'H' -> CIFAR10 | Predict: 'ship' (Ent: 1.31)
  ⚠️ [Mismatch] Cycle Back predicted '0' (Expected 'H') (Ent: 2.33)
EMNIST:'I' -> CIFAR10 ❌ (Uncertain)
EMNIST:'J' -> CIFAR10 ❌ (Uncertain)
EMNIST:'K' -> CIFAR10 | Predict: 'airplane' (Ent: 1.13)
  ⚠️ [Mismatch] Cycle Back predicted '0' (Expected 'K') (Ent: 2.43)
EMNIST:'L' -> CIFAR10 ❌ (Uncertain)
EMNIST:'M' -> CIFAR10 ❌ (Uncertain)
EMNIST:'N' -> CIFAR10 ❌ (Uncertain)
EMNIST:'O' -> CIFAR10 ❌ (Uncertain)
EMNIST:'P' -> CIFAR10 ❌ (Uncertain)
EMNIST:'Q' -> CIFAR10 ❌ (Uncertain)
EMNIST:'R' -> CIFAR10 ❌ (Uncertain)
EMNIST:'S' -> CIFAR10 | Predict: 'ship' (Ent: 1.37)
  ⚠️ [Mismatch] Cycle Back predicted '0' (Expected 'S') (Ent: 2.33)
EMNIST:'T' -> CIFAR10 ❌ (Uncertain)
EMNIST:'U' -> CIFAR10 ❌ (Uncertain)
EMNIST:'V' -> CIFAR10 ❌ (Uncertain)
EMNIST:'W' -> CIFAR10 ❌ (Uncertain)
EMNIST:'X' -> CIFAR10 ❌ (Uncertain)
EMNIST:'Y' -> CIFAR10 ❌ (Uncertain)
EMNIST:'Z' -> CIFAR10 ❌ (Uncertain)
EMNIST:'a' -> CIFAR10 ❌ (Uncertain)
EMNIST:'b' -> CIFAR10 ❌ (Uncertain)
EMNIST:'c' -> CIFAR10 | Predict: 'dog' (Ent: 1.32)
  ⚠️ [Mismatch] Cycle Back predicted '0' (Expected 'c') (Ent: 2.16)
EMNIST:'d' -> CIFAR10 ❌ (Uncertain)
EMNIST:'e' -> CIFAR10 ❌ (Uncertain)
EMNIST:'f' -> CIFAR10 ❌ (Uncertain)
EMNIST:'g' -> CIFAR10 ❌ (Uncertain)
EMNIST:'h' -> CIFAR10 | Predict: 'ship' (Ent: 1.31)
  ⚠️ [Mismatch] Cycle Back predicted '0' (Expected 'h') (Ent: 2.33)
EMNIST:'i' -> CIFAR10 ❌ (Uncertain)
EMNIST:'j' -> CIFAR10 ❌ (Uncertain)
EMNIST:'k' -> CIFAR10 | Predict: 'airplane' (Ent: 1.13)
  ⚠️ [Mismatch] Cycle Back predicted '0' (Expected 'k') (Ent: 2.43)
EMNIST:'l' -> CIFAR10 ❌ (Uncertain)
EMNIST:'m' -> CIFAR10 ❌ (Uncertain)
EMNIST:'n' -> CIFAR10 ❌ (Uncertain)
EMNIST:'o' -> CIFAR10 ❌ (Uncertain)
EMNIST:'p' -> CIFAR10 ❌ (Uncertain)
EMNIST:'q' -> CIFAR10 ❌ (Uncertain)
EMNIST:'r' -> CIFAR10 ❌ (Uncertain)
EMNIST:'s' -> CIFAR10 | Predict: 'ship' (Ent: 1.37)
  ⚠️ [Mismatch] Cycle Back predicted '0' (Expected 's') (Ent: 2.33)
EMNIST:'t' -> CIFAR10 ❌ (Uncertain)
EMNIST:'u' -> CIFAR10 ❌ (Uncertain)
EMNIST:'v' -> CIFAR10 ❌ (Uncertain)
EMNIST:'w' -> CIFAR10 ❌ (Uncertain)
EMNIST:'x' -> CIFAR10 ❌ (Uncertain)
EMNIST:'y' -> CIFAR10 ❌ (Uncertain)
EMNIST:'z' -> CIFAR10 ❌ (Uncertain)
CIFAR10:'airplane' -> MNIST | Predict: '8' (Ent: 0.52)
CIFAR10:'automobile' -> MNIST | Predict: '8' (Ent: 0.83)
CIFAR10:'bird' -> MNIST | Predict: '8' (Ent: 0.82)
CIFAR10:'cat' -> MNIST | Predict: '8' (Ent: 1.02)
CIFAR10:'deer' -> MNIST | Predict: '8' (Ent: 1.06)
CIFAR10:'frog' -> MNIST | Predict: '8' (Ent: 0.76)
CIFAR10:'horse' -> MNIST | Predict: '8' (Ent: 1.20)
CIFAR10:'truck' -> MNIST | Predict: '8' (Ent: 1.03)
CIFAR10:'automobile' -> EMNIST | Predict: '0' (Ent: 2.35)
CIFAR10:'bird' -> EMNIST | Predict: '0' (Ent: 2.30)
CIFAR10:'cat' -> EMNIST ❌ (Uncertain)
CIFAR10:'deer' -> EMNIST | Predict: '8' (Ent: 2.41)
CIFAR10:'frog' -> EMNIST | Predict: '8' (Ent: 1.69)
CIFAR10:'horse' -> EMNIST | Predict: '0' (Ent: 1.89)
CIFAR10:'truck' -> EMNIST ❌ (Uncertain)
Exp: Old Gen + New Ent (0.65)
dynamic_entropy_ratio: 0.65
MNIST:'0' -> EMNIST | Predict: '0' (Ent: 2.30)
  ⚠️ [Mismatch] Cycle Back predicted '8' (Expected '0') (Ent: 1.34)
MNIST:'1' -> EMNIST | Predict: 'W' (Ent: 2.50)
  ⚠️ [Mismatch] Cycle Back predicted '8' (Expected '1') (Ent: 1.21)
MNIST:'2' -> EMNIST ❌ (Uncertain)
MNIST:'3' -> EMNIST | Predict: 'G' (Ent: 2.50)
  ⚠️ [Mismatch] Cycle Back predicted '8' (Expected '3') (Ent: 0.79)
MNIST:'4' -> EMNIST | Predict: '8' (Ent: 2.07)
  ⚠️ [Mismatch] Cycle Back predicted '8' (Expected '4') (Ent: 0.86)
MNIST:'5' -> EMNIST | Predict: '3' (Ent: 1.35)
  ⚠️ [Mismatch] Cycle Back predicted '8' (Expected '5') (Ent: 0.92)
MNIST:'6' -> EMNIST | Predict: '8' (Ent: 2.14)
  ⚠️ [Mismatch] Cycle Back predicted '8' (Expected '6') (Ent: 0.86)
MNIST:'7' -> EMNIST | Predict: '8' (Ent: 2.09)
  ⚠️ [Mismatch] Cycle Back predicted '8' (Expected '7') (Ent: 0.86)
MNIST:'8' -> EMNIST | Predict: '8' (Ent: 1.42)
  ✅ [Match] MNIST:'8' <==> EMNIST:'8' (Ent: 0.86)
MNIST:'9' -> EMNIST | Predict: '8' (Ent: 2.30)
  ⚠️ [Mismatch] Cycle Back predicted '8' (Expected '9') (Ent: 0.86)
MNIST:'0' -> CIFAR10 | Predict: 'dog' (Ent: 1.40)
  ⚠️ [Mismatch] Cycle Back predicted '8' (Expected '0') (Ent: 0.70)
MNIST:'1' -> CIFAR10 ❌ (Uncertain)
MNIST:'2' -> CIFAR10 ❌ (Uncertain)
MNIST:'3' -> CIFAR10 ❌ (Uncertain)
MNIST:'4' -> CIFAR10 ❌ (Uncertain)
MNIST:'5' -> CIFAR10 | Predict: 'ship' (Ent: 1.34)
  ⚠️ [Mismatch] Cycle Back predicted '8' (Expected '5') (Ent: 0.47)
MNIST:'6' -> CIFAR10 | Predict: 'ship' (Ent: 1.21)
  ⚠️ [Mismatch] Cycle Back predicted '8' (Expected '6') (Ent: 0.47)
MNIST:'7' -> CIFAR10 | Predict: 'ship' (Ent: 1.45)
  ⚠️ [Mismatch] Cycle Back predicted '8' (Expected '7') (Ent: 0.47)
MNIST:'8' -> CIFAR10 ❌ (Uncertain)
MNIST:'9' -> CIFAR10 ❌ (Uncertain)
EMNIST:'1' -> MNIST | Predict: '8' (Ent: 0.88)
  ⚠️ [Mismatch] Cycle Back predicted '8' (Expected '1') (Ent: 1.42)
EMNIST:'2' -> MNIST | Predict: '8' (Ent: 0.87)
  ⚠️ [Mismatch] Cycle Back predicted '8' (Expected '2') (Ent: 1.42)
EMNIST:'4' -> MNIST | Predict: '8' (Ent: 0.92)
  ⚠️ [Mismatch] Cycle Back predicted '8' (Expected '4') (Ent: 1.42)
EMNIST:'5' -> MNIST | Predict: '8' (Ent: 0.95)
  ⚠️ [Mismatch] Cycle Back predicted '8' (Expected '5') (Ent: 1.42)
EMNIST:'6' -> MNIST | Predict: '8' (Ent: 0.84)
  ⚠️ [Mismatch] Cycle Back predicted '8' (Expected '6') (Ent: 1.42)
EMNIST:'7' -> MNIST | Predict: '8' (Ent: 1.25)
  ⚠️ [Mismatch] Cycle Back predicted '8' (Expected '7') (Ent: 1.42)
EMNIST:'9' -> MNIST | Predict: '8' (Ent: 1.31)
  ⚠️ [Mismatch] Cycle Back predicted '8' (Expected '9') (Ent: 1.42)
EMNIST:'A' -> MNIST | Predict: '8' (Ent: 1.30)
  ⚠️ [Mismatch] Cycle Back predicted '8' (Expected 'A') (Ent: 1.42)
EMNIST:'B' -> MNIST | Predict: '8' (Ent: 0.67)
  ⚠️ [Mismatch] Cycle Back predicted '8' (Expected 'B') (Ent: 1.42)
EMNIST:'C' -> MNIST ❌ (Uncertain)
EMNIST:'D' -> MNIST | Predict: '8' (Ent: 0.94)
  ⚠️ [Mismatch] Cycle Back predicted '8' (Expected 'D') (Ent: 1.42)
EMNIST:'E' -> MNIST | Predict: '8' (Ent: 1.44)
  ⚠️ [Mismatch] Cycle Back predicted '8' (Expected 'E') (Ent: 1.42)
EMNIST:'F' -> MNIST | Predict: '8' (Ent: 1.26)
  ⚠️ [Mismatch] Cycle Back predicted '8' (Expected 'F') (Ent: 1.42)
EMNIST:'H' -> MNIST | Predict: '8' (Ent: 0.75)
  ⚠️ [Mismatch] Cycle Back predicted '8' (Expected 'H') (Ent: 1.42)
EMNIST:'I' -> MNIST | Predict: '8' (Ent: 1.05)
  ⚠️ [Mismatch] Cycle Back predicted '8' (Expected 'I') (Ent: 1.42)
EMNIST:'J' -> MNIST | Predict: '8' (Ent: 0.91)
  ⚠️ [Mismatch] Cycle Back predicted '8' (Expected 'J') (Ent: 1.42)
EMNIST:'K' -> MNIST | Predict: '8' (Ent: 1.26)
  ⚠️ [Mismatch] Cycle Back predicted '8' (Expected 'K') (Ent: 1.42)
EMNIST:'L' -> MNIST | Predict: '8' (Ent: 1.42)
  ⚠️ [Mismatch] Cycle Back predicted '8' (Expected 'L') (Ent: 1.42)
EMNIST:'M' -> MNIST | Predict: '8' (Ent: 0.44)
  ⚠️ [Mismatch] Cycle Back predicted '8' (Expected 'M') (Ent: 1.42)
EMNIST:'N' -> MNIST | Predict: '8' (Ent: 0.98)
  ⚠️ [Mismatch] Cycle Back predicted '8' (Expected 'N') (Ent: 1.42)
EMNIST:'O' -> MNIST | Predict: '8' (Ent: 1.21)
  ⚠️ [Mismatch] Cycle Back predicted '8' (Expected 'O') (Ent: 1.42)
EMNIST:'P' -> MNIST | Predict: '8' (Ent: 1.12)
  ⚠️ [Mismatch] Cycle Back predicted '8' (Expected 'P') (Ent: 1.42)
EMNIST:'Q' -> MNIST | Predict: '8' (Ent: 0.94)
  ⚠️ [Mismatch] Cycle Back predicted '8' (Expected 'Q') (Ent: 1.42)
EMNIST:'R' -> MNIST | Predict: '8' (Ent: 1.00)
  ⚠️ [Mismatch] Cycle Back predicted '8' (Expected 'R') (Ent: 1.42)
EMNIST:'S' -> MNIST | Predict: '8' (Ent: 1.24)
  ⚠️ [Mismatch] Cycle Back predicted '8' (Expected 'S') (Ent: 1.42)
EMNIST:'T' -> MNIST | Predict: '8' (Ent: 0.96)
  ⚠️ [Mismatch] Cycle Back predicted '8' (Expected 'T') (Ent: 1.42)
EMNIST:'U' -> MNIST | Predict: '8' (Ent: 0.89)
  ⚠️ [Mismatch] Cycle Back predicted '8' (Expected 'U') (Ent: 1.42)
EMNIST:'V' -> MNIST | Predict: '8' (Ent: 0.91)
  ⚠️ [Mismatch] Cycle Back predicted '8' (Expected 'V') (Ent: 1.42)
EMNIST:'X' -> MNIST | Predict: '8' (Ent: 0.95)
  ⚠️ [Mismatch] Cycle Back predicted '8' (Expected 'X') (Ent: 1.42)
EMNIST:'Y' -> MNIST ❌ (Uncertain)
EMNIST:'Z' -> MNIST | Predict: '8' (Ent: 0.52)
  ⚠️ [Mismatch] Cycle Back predicted '8' (Expected 'Z') (Ent: 1.42)
EMNIST:'a' -> MNIST | Predict: '8' (Ent: 1.30)
  ⚠️ [Mismatch] Cycle Back predicted '8' (Expected 'a') (Ent: 1.42)
EMNIST:'b' -> MNIST | Predict: '8' (Ent: 0.67)
  ⚠️ [Mismatch] Cycle Back predicted '8' (Expected 'b') (Ent: 1.42)
EMNIST:'c' -> MNIST ❌ (Uncertain)
EMNIST:'d' -> MNIST | Predict: '8' (Ent: 0.94)
  ⚠️ [Mismatch] Cycle Back predicted '8' (Expected 'd') (Ent: 1.42)
EMNIST:'e' -> MNIST | Predict: '8' (Ent: 1.44)
  ⚠️ [Mismatch] Cycle Back predicted '8' (Expected 'e') (Ent: 1.42)
EMNIST:'f' -> MNIST | Predict: '8' (Ent: 1.26)
  ⚠️ [Mismatch] Cycle Back predicted '8' (Expected 'f') (Ent: 1.42)
EMNIST:'g' -> MNIST | Predict: '8' (Ent: 0.79)
  ⚠️ [Mismatch] Cycle Back predicted '8' (Expected 'g') (Ent: 1.42)
EMNIST:'h' -> MNIST | Predict: '8' (Ent: 0.75)
  ⚠️ [Mismatch] Cycle Back predicted '8' (Expected 'h') (Ent: 1.42)
EMNIST:'i' -> MNIST | Predict: '8' (Ent: 1.05)
  ⚠️ [Mismatch] Cycle Back predicted '8' (Expected 'i') (Ent: 1.42)
EMNIST:'j' -> MNIST | Predict: '8' (Ent: 0.91)
  ⚠️ [Mismatch] Cycle Back predicted '8' (Expected 'j') (Ent: 1.42)
EMNIST:'k' -> MNIST | Predict: '8' (Ent: 1.26)
  ⚠️ [Mismatch] Cycle Back predicted '8' (Expected 'k') (Ent: 1.42)
EMNIST:'l' -> MNIST | Predict: '8' (Ent: 1.42)
  ⚠️ [Mismatch] Cycle Back predicted '8' (Expected 'l') (Ent: 1.42)
EMNIST:'m' -> MNIST | Predict: '8' (Ent: 0.44)
  ⚠️ [Mismatch] Cycle Back predicted '8' (Expected 'm') (Ent: 1.42)
EMNIST:'n' -> MNIST | Predict: '8' (Ent: 0.98)
  ⚠️ [Mismatch] Cycle Back predicted '8' (Expected 'n') (Ent: 1.42)
EMNIST:'o' -> MNIST | Predict: '8' (Ent: 1.21)
  ⚠️ [Mismatch] Cycle Back predicted '8' (Expected 'o') (Ent: 1.42)
EMNIST:'p' -> MNIST | Predict: '8' (Ent: 1.12)
  ⚠️ [Mismatch] Cycle Back predicted '8' (Expected 'p') (Ent: 1.42)
EMNIST:'q' -> MNIST | Predict: '8' (Ent: 0.94)
  ⚠️ [Mismatch] Cycle Back predicted '8' (Expected 'q') (Ent: 1.42)
EMNIST:'r' -> MNIST | Predict: '8' (Ent: 1.00)
  ⚠️ [Mismatch] Cycle Back predicted '8' (Expected 'r') (Ent: 1.42)
EMNIST:'s' -> MNIST | Predict: '8' (Ent: 1.24)
  ⚠️ [Mismatch] Cycle Back predicted '8' (Expected 's') (Ent: 1.42)
EMNIST:'t' -> MNIST | Predict: '8' (Ent: 0.96)
  ⚠️ [Mismatch] Cycle Back predicted '8' (Expected 't') (Ent: 1.42)
EMNIST:'u' -> MNIST | Predict: '8' (Ent: 0.89)
  ⚠️ [Mismatch] Cycle Back predicted '8' (Expected 'u') (Ent: 1.42)
EMNIST:'v' -> MNIST | Predict: '8' (Ent: 0.91)
  ⚠️ [Mismatch] Cycle Back predicted '8' (Expected 'v') (Ent: 1.42)
EMNIST:'w' -> MNIST | Predict: '8' (Ent: 1.21)
  ⚠️ [Mismatch] Cycle Back predicted '8' (Expected 'w') (Ent: 1.42)
EMNIST:'x' -> MNIST | Predict: '8' (Ent: 0.95)
  ⚠️ [Mismatch] Cycle Back predicted '8' (Expected 'x') (Ent: 1.42)
EMNIST:'y' -> MNIST ❌ (Uncertain)
EMNIST:'z' -> MNIST | Predict: '8' (Ent: 0.52)
  ⚠️ [Mismatch] Cycle Back predicted '8' (Expected 'z') (Ent: 1.42)
EMNIST:'0' -> CIFAR10 ❌ (Uncertain)
EMNIST:'1' -> CIFAR10 | Predict: 'ship' (Ent: 1.47)
  ⚠️ [Mismatch] Cycle Back predicted '0' (Expected '1') (Ent: 2.33)
EMNIST:'2' -> CIFAR10 | Predict: 'airplane' (Ent: 1.17)
  ⚠️ [Mismatch] Cycle Back predicted '0' (Expected '2') (Ent: 2.43)
EMNIST:'3' -> CIFAR10 | Predict: 'ship' (Ent: 1.44)
  ⚠️ [Mismatch] Cycle Back predicted '0' (Expected '3') (Ent: 2.33)
EMNIST:'4' -> CIFAR10 ❌ (Uncertain)
EMNIST:'5' -> CIFAR10 ❌ (Uncertain)
EMNIST:'6' -> CIFAR10 ❌ (Uncertain)
EMNIST:'7' -> CIFAR10 ❌ (Uncertain)
EMNIST:'8' -> CIFAR10 ❌ (Uncertain)
EMNIST:'9' -> CIFAR10 ❌ (Uncertain)
EMNIST:'A' -> CIFAR10 ❌ (Uncertain)
EMNIST:'B' -> CIFAR10 ❌ (Uncertain)
EMNIST:'C' -> CIFAR10 | Predict: 'dog' (Ent: 1.32)
  ⚠️ [Mismatch] Cycle Back predicted '0' (Expected 'C') (Ent: 2.16)
EMNIST:'D' -> CIFAR10 ❌ (Uncertain)
EMNIST:'E' -> CIFAR10 | Predict: 'dog' (Ent: 1.49)
  ⚠️ [Mismatch] Cycle Back predicted '0' (Expected 'E') (Ent: 2.16)
EMNIST:'F' -> CIFAR10 ❌ (Uncertain)
EMNIST:'G' -> CIFAR10 ❌ (Uncertain)
EMNIST:'H' -> CIFAR10 | Predict: 'ship' (Ent: 1.31)
  ⚠️ [Mismatch] Cycle Back predicted '0' (Expected 'H') (Ent: 2.33)
EMNIST:'I' -> CIFAR10 ❌ (Uncertain)
EMNIST:'J' -> CIFAR10 ❌ (Uncertain)
EMNIST:'K' -> CIFAR10 | Predict: 'airplane' (Ent: 1.29)
  ⚠️ [Mismatch] Cycle Back predicted '0' (Expected 'K') (Ent: 2.43)
EMNIST:'L' -> CIFAR10 ❌ (Uncertain)
EMNIST:'M' -> CIFAR10 ❌ (Uncertain)
EMNIST:'N' -> CIFAR10 ❌ (Uncertain)
EMNIST:'O' -> CIFAR10 ❌ (Uncertain)
EMNIST:'P' -> CIFAR10 | Predict: 'dog' (Ent: 1.44)
  ⚠️ [Mismatch] Cycle Back predicted '0' (Expected 'P') (Ent: 2.16)
EMNIST:'Q' -> CIFAR10 ❌ (Uncertain)
EMNIST:'R' -> CIFAR10 ❌ (Uncertain)
EMNIST:'S' -> CIFAR10 | Predict: 'ship' (Ent: 1.37)
  ⚠️ [Mismatch] Cycle Back predicted '0' (Expected 'S') (Ent: 2.33)
EMNIST:'T' -> CIFAR10 ❌ (Uncertain)
EMNIST:'U' -> CIFAR10 | Predict: 'dog' (Ent: 1.40)
  ⚠️ [Mismatch] Cycle Back predicted '0' (Expected 'U') (Ent: 2.16)
EMNIST:'V' -> CIFAR10 ❌ (Uncertain)
EMNIST:'W' -> CIFAR10 ❌ (Uncertain)
EMNIST:'X' -> CIFAR10 ❌ (Uncertain)
EMNIST:'Y' -> CIFAR10 ❌ (Uncertain)
EMNIST:'Z' -> CIFAR10 ❌ (Uncertain)
EMNIST:'a' -> CIFAR10 ❌ (Uncertain)
EMNIST:'b' -> CIFAR10 ❌ (Uncertain)
EMNIST:'c' -> CIFAR10 | Predict: 'dog' (Ent: 1.32)
  ⚠️ [Mismatch] Cycle Back predicted '0' (Expected 'c') (Ent: 2.16)
EMNIST:'d' -> CIFAR10 ❌ (Uncertain)
EMNIST:'e' -> CIFAR10 | Predict: 'dog' (Ent: 1.49)
  ⚠️ [Mismatch] Cycle Back predicted '0' (Expected 'e') (Ent: 2.16)
EMNIST:'f' -> CIFAR10 ❌ (Uncertain)
EMNIST:'g' -> CIFAR10 ❌ (Uncertain)
EMNIST:'h' -> CIFAR10 | Predict: 'ship' (Ent: 1.31)
  ⚠️ [Mismatch] Cycle Back predicted '0' (Expected 'h') (Ent: 2.33)
EMNIST:'i' -> CIFAR10 ❌ (Uncertain)
EMNIST:'j' -> CIFAR10 ❌ (Uncertain)
EMNIST:'k' -> CIFAR10 | Predict: 'airplane' (Ent: 1.29)
  ⚠️ [Mismatch] Cycle Back predicted '0' (Expected 'k') (Ent: 2.43)
EMNIST:'l' -> CIFAR10 ❌ (Uncertain)
EMNIST:'m' -> CIFAR10 ❌ (Uncertain)
EMNIST:'n' -> CIFAR10 ❌ (Uncertain)
EMNIST:'o' -> CIFAR10 ❌ (Uncertain)
EMNIST:'p' -> CIFAR10 | Predict: 'dog' (Ent: 1.44)
  ⚠️ [Mismatch] Cycle Back predicted '0' (Expected 'p') (Ent: 2.16)
EMNIST:'q' -> CIFAR10 ❌ (Uncertain)
EMNIST:'r' -> CIFAR10 ❌ (Uncertain)
EMNIST:'s' -> CIFAR10 | Predict: 'ship' (Ent: 1.37)
  ⚠️ [Mismatch] Cycle Back predicted '0' (Expected 's') (Ent: 2.33)
EMNIST:'t' -> CIFAR10 ❌ (Uncertain)
EMNIST:'u' -> CIFAR10 | Predict: 'dog' (Ent: 1.40)
  ⚠️ [Mismatch] Cycle Back predicted '0' (Expected 'u') (Ent: 2.16)
EMNIST:'v' -> CIFAR10 ❌ (Uncertain)
EMNIST:'w' -> CIFAR10 ❌ (Uncertain)
EMNIST:'x' -> CIFAR10 ❌ (Uncertain)
EMNIST:'y' -> CIFAR10 ❌ (Uncertain)
EMNIST:'z' -> CIFAR10 ❌ (Uncertain)
CIFAR10:'airplane' -> MNIST | Predict: '8' (Ent: 0.92)
CIFAR10:'automobile' -> MNIST | Predict: '8' (Ent: 0.83)
CIFAR10:'bird' -> MNIST | Predict: '8' (Ent: 0.82)
CIFAR10:'cat' -> MNIST | Predict: '8' (Ent: 1.22)
CIFAR10:'deer' -> MNIST | Predict: '8' (Ent: 1.06)
CIFAR10:'frog' -> MNIST | Predict: '8' (Ent: 1.04)
CIFAR10:'horse' -> MNIST | Predict: '8' (Ent: 1.20)
CIFAR10:'truck' -> MNIST | Predict: '8' (Ent: 1.03)
CIFAR10:'automobile' -> EMNIST | Predict: '0' (Ent: 2.35)
CIFAR10:'bird' -> EMNIST | Predict: '0' (Ent: 2.56)
CIFAR10:'cat' -> EMNIST ❌ (Uncertain)
CIFAR10:'deer' -> EMNIST | Predict: '8' (Ent: 2.41)
CIFAR10:'frog' -> EMNIST | Predict: '8' (Ent: 1.69)
CIFAR10:'horse' -> EMNIST | Predict: '0' (Ent: 1.89)
CIFAR10:'truck' -> EMNIST | Predict: '0' (Ent: 2.48)
Exp: Old Gen + New Ent (0.7)
dynamic_entropy_ratio: 0.7
MNIST:'0' -> EMNIST | Predict: '0' (Ent: 2.30)
  ⚠️ [Mismatch] Cycle Back predicted '8' (Expected '0') (Ent: 1.34)
MNIST:'1' -> EMNIST | Predict: 'W' (Ent: 2.50)
  ⚠️ [Mismatch] Cycle Back predicted '8' (Expected '1') (Ent: 1.21)
MNIST:'2' -> EMNIST | Predict: 'W' (Ent: 2.70)
  ⚠️ [Mismatch] Cycle Back predicted '8' (Expected '2') (Ent: 1.21)
MNIST:'3' -> EMNIST | Predict: 'G' (Ent: 2.50)
  ⚠️ [Mismatch] Cycle Back predicted '8' (Expected '3') (Ent: 0.79)
MNIST:'4' -> EMNIST | Predict: '8' (Ent: 2.07)
  ⚠️ [Mismatch] Cycle Back predicted '8' (Expected '4') (Ent: 0.86)
MNIST:'5' -> EMNIST | Predict: '3' (Ent: 1.35)
  ⚠️ [Mismatch] Cycle Back predicted '8' (Expected '5') (Ent: 0.92)
MNIST:'6' -> EMNIST | Predict: '8' (Ent: 2.14)
  ⚠️ [Mismatch] Cycle Back predicted '8' (Expected '6') (Ent: 0.86)
MNIST:'7' -> EMNIST | Predict: '8' (Ent: 2.09)
  ⚠️ [Mismatch] Cycle Back predicted '8' (Expected '7') (Ent: 0.86)
MNIST:'8' -> EMNIST | Predict: '8' (Ent: 1.42)
  ✅ [Match] MNIST:'8' <==> EMNIST:'8' (Ent: 0.86)
MNIST:'9' -> EMNIST | Predict: '8' (Ent: 2.30)
  ⚠️ [Mismatch] Cycle Back predicted '8' (Expected '9') (Ent: 0.86)
MNIST:'0' -> CIFAR10 | Predict: 'dog' (Ent: 1.40)
  ⚠️ [Mismatch] Cycle Back predicted '8' (Expected '0') (Ent: 0.70)
MNIST:'1' -> CIFAR10 ❌ (Uncertain)
MNIST:'2' -> CIFAR10 ❌ (Uncertain)
MNIST:'3' -> CIFAR10 ❌ (Uncertain)
MNIST:'4' -> CIFAR10 ❌ (Uncertain)
MNIST:'5' -> CIFAR10 | Predict: 'ship' (Ent: 1.34)
  ⚠️ [Mismatch] Cycle Back predicted '8' (Expected '5') (Ent: 0.47)
MNIST:'6' -> CIFAR10 | Predict: 'ship' (Ent: 1.21)
  ⚠️ [Mismatch] Cycle Back predicted '8' (Expected '6') (Ent: 0.47)
MNIST:'7' -> CIFAR10 | Predict: 'ship' (Ent: 1.45)
  ⚠️ [Mismatch] Cycle Back predicted '8' (Expected '7') (Ent: 0.47)
MNIST:'8' -> CIFAR10 ❌ (Uncertain)
MNIST:'9' -> CIFAR10 ❌ (Uncertain)
EMNIST:'1' -> MNIST | Predict: '8' (Ent: 1.01)
  ⚠️ [Mismatch] Cycle Back predicted '8' (Expected '1') (Ent: 1.42)
EMNIST:'2' -> MNIST | Predict: '8' (Ent: 0.87)
  ⚠️ [Mismatch] Cycle Back predicted '8' (Expected '2') (Ent: 1.42)
EMNIST:'4' -> MNIST | Predict: '8' (Ent: 0.92)
  ⚠️ [Mismatch] Cycle Back predicted '8' (Expected '4') (Ent: 1.42)
EMNIST:'5' -> MNIST | Predict: '8' (Ent: 0.95)
  ⚠️ [Mismatch] Cycle Back predicted '8' (Expected '5') (Ent: 1.42)
EMNIST:'6' -> MNIST | Predict: '8' (Ent: 0.84)
  ⚠️ [Mismatch] Cycle Back predicted '8' (Expected '6') (Ent: 1.42)
EMNIST:'7' -> MNIST | Predict: '8' (Ent: 1.25)
  ⚠️ [Mismatch] Cycle Back predicted '8' (Expected '7') (Ent: 1.42)
EMNIST:'9' -> MNIST | Predict: '8' (Ent: 1.31)
  ⚠️ [Mismatch] Cycle Back predicted '8' (Expected '9') (Ent: 1.42)
EMNIST:'A' -> MNIST | Predict: '8' (Ent: 1.30)
  ⚠️ [Mismatch] Cycle Back predicted '8' (Expected 'A') (Ent: 1.42)
EMNIST:'B' -> MNIST | Predict: '8' (Ent: 0.67)
  ⚠️ [Mismatch] Cycle Back predicted '8' (Expected 'B') (Ent: 1.42)
EMNIST:'C' -> MNIST | Predict: '8' (Ent: 1.61)
  ⚠️ [Mismatch] Cycle Back predicted '8' (Expected 'C') (Ent: 1.42)
EMNIST:'D' -> MNIST | Predict: '8' (Ent: 0.94)
  ⚠️ [Mismatch] Cycle Back predicted '8' (Expected 'D') (Ent: 1.42)
EMNIST:'E' -> MNIST | Predict: '8' (Ent: 1.44)
  ⚠️ [Mismatch] Cycle Back predicted '8' (Expected 'E') (Ent: 1.42)
EMNIST:'F' -> MNIST | Predict: '8' (Ent: 1.26)
  ⚠️ [Mismatch] Cycle Back predicted '8' (Expected 'F') (Ent: 1.42)
EMNIST:'H' -> MNIST | Predict: '8' (Ent: 0.75)
  ⚠️ [Mismatch] Cycle Back predicted '8' (Expected 'H') (Ent: 1.42)
EMNIST:'I' -> MNIST | Predict: '8' (Ent: 1.05)
  ⚠️ [Mismatch] Cycle Back predicted '8' (Expected 'I') (Ent: 1.42)
EMNIST:'J' -> MNIST | Predict: '8' (Ent: 0.91)
  ⚠️ [Mismatch] Cycle Back predicted '8' (Expected 'J') (Ent: 1.42)
EMNIST:'K' -> MNIST | Predict: '8' (Ent: 1.26)
  ⚠️ [Mismatch] Cycle Back predicted '8' (Expected 'K') (Ent: 1.42)
EMNIST:'L' -> MNIST | Predict: '8' (Ent: 1.42)
  ⚠️ [Mismatch] Cycle Back predicted '8' (Expected 'L') (Ent: 1.42)
EMNIST:'M' -> MNIST | Predict: '8' (Ent: 0.44)
  ⚠️ [Mismatch] Cycle Back predicted '8' (Expected 'M') (Ent: 1.42)
EMNIST:'N' -> MNIST | Predict: '8' (Ent: 0.98)
  ⚠️ [Mismatch] Cycle Back predicted '8' (Expected 'N') (Ent: 1.42)
EMNIST:'O' -> MNIST | Predict: '8' (Ent: 1.38)
  ⚠️ [Mismatch] Cycle Back predicted '8' (Expected 'O') (Ent: 1.42)
EMNIST:'P' -> MNIST | Predict: '8' (Ent: 1.20)
  ⚠️ [Mismatch] Cycle Back predicted '8' (Expected 'P') (Ent: 1.42)
EMNIST:'Q' -> MNIST | Predict: '8' (Ent: 0.94)
  ⚠️ [Mismatch] Cycle Back predicted '8' (Expected 'Q') (Ent: 1.42)
EMNIST:'R' -> MNIST | Predict: '8' (Ent: 1.00)
  ⚠️ [Mismatch] Cycle Back predicted '8' (Expected 'R') (Ent: 1.42)
EMNIST:'S' -> MNIST | Predict: '8' (Ent: 1.24)
  ⚠️ [Mismatch] Cycle Back predicted '8' (Expected 'S') (Ent: 1.42)
EMNIST:'T' -> MNIST | Predict: '8' (Ent: 0.96)
  ⚠️ [Mismatch] Cycle Back predicted '8' (Expected 'T') (Ent: 1.42)
EMNIST:'U' -> MNIST | Predict: '8' (Ent: 1.22)
  ⚠️ [Mismatch] Cycle Back predicted '8' (Expected 'U') (Ent: 1.42)
EMNIST:'V' -> MNIST | Predict: '8' (Ent: 0.91)
  ⚠️ [Mismatch] Cycle Back predicted '8' (Expected 'V') (Ent: 1.42)
EMNIST:'X' -> MNIST | Predict: '8' (Ent: 0.95)
  ⚠️ [Mismatch] Cycle Back predicted '8' (Expected 'X') (Ent: 1.42)
EMNIST:'Y' -> MNIST ❌ (Uncertain)
EMNIST:'Z' -> MNIST | Predict: '8' (Ent: 0.52)
  ⚠️ [Mismatch] Cycle Back predicted '8' (Expected 'Z') (Ent: 1.42)
EMNIST:'a' -> MNIST | Predict: '8' (Ent: 1.30)
  ⚠️ [Mismatch] Cycle Back predicted '8' (Expected 'a') (Ent: 1.42)
EMNIST:'b' -> MNIST | Predict: '8' (Ent: 0.67)
  ⚠️ [Mismatch] Cycle Back predicted '8' (Expected 'b') (Ent: 1.42)
EMNIST:'c' -> MNIST | Predict: '8' (Ent: 1.61)
  ⚠️ [Mismatch] Cycle Back predicted '8' (Expected 'c') (Ent: 1.42)
EMNIST:'d' -> MNIST | Predict: '8' (Ent: 0.94)
  ⚠️ [Mismatch] Cycle Back predicted '8' (Expected 'd') (Ent: 1.42)
EMNIST:'e' -> MNIST | Predict: '8' (Ent: 1.44)
  ⚠️ [Mismatch] Cycle Back predicted '8' (Expected 'e') (Ent: 1.42)
EMNIST:'f' -> MNIST | Predict: '8' (Ent: 1.26)
  ⚠️ [Mismatch] Cycle Back predicted '8' (Expected 'f') (Ent: 1.42)
EMNIST:'g' -> MNIST | Predict: '8' (Ent: 0.79)
  ⚠️ [Mismatch] Cycle Back predicted '8' (Expected 'g') (Ent: 1.42)
EMNIST:'h' -> MNIST | Predict: '8' (Ent: 0.75)
  ⚠️ [Mismatch] Cycle Back predicted '8' (Expected 'h') (Ent: 1.42)
EMNIST:'i' -> MNIST | Predict: '8' (Ent: 1.05)
  ⚠️ [Mismatch] Cycle Back predicted '8' (Expected 'i') (Ent: 1.42)
EMNIST:'j' -> MNIST | Predict: '8' (Ent: 0.91)
  ⚠️ [Mismatch] Cycle Back predicted '8' (Expected 'j') (Ent: 1.42)
EMNIST:'k' -> MNIST | Predict: '8' (Ent: 1.26)
  ⚠️ [Mismatch] Cycle Back predicted '8' (Expected 'k') (Ent: 1.42)
EMNIST:'l' -> MNIST | Predict: '8' (Ent: 1.42)
  ⚠️ [Mismatch] Cycle Back predicted '8' (Expected 'l') (Ent: 1.42)
EMNIST:'m' -> MNIST | Predict: '8' (Ent: 0.44)
  ⚠️ [Mismatch] Cycle Back predicted '8' (Expected 'm') (Ent: 1.42)
EMNIST:'n' -> MNIST | Predict: '8' (Ent: 0.98)
  ⚠️ [Mismatch] Cycle Back predicted '8' (Expected 'n') (Ent: 1.42)
EMNIST:'o' -> MNIST | Predict: '8' (Ent: 1.38)
  ⚠️ [Mismatch] Cycle Back predicted '8' (Expected 'o') (Ent: 1.42)
EMNIST:'p' -> MNIST | Predict: '8' (Ent: 1.20)
  ⚠️ [Mismatch] Cycle Back predicted '8' (Expected 'p') (Ent: 1.42)
EMNIST:'q' -> MNIST | Predict: '8' (Ent: 0.94)
  ⚠️ [Mismatch] Cycle Back predicted '8' (Expected 'q') (Ent: 1.42)
EMNIST:'r' -> MNIST | Predict: '8' (Ent: 1.00)
  ⚠️ [Mismatch] Cycle Back predicted '8' (Expected 'r') (Ent: 1.42)
EMNIST:'s' -> MNIST | Predict: '8' (Ent: 1.24)
  ⚠️ [Mismatch] Cycle Back predicted '8' (Expected 's') (Ent: 1.42)
EMNIST:'t' -> MNIST | Predict: '8' (Ent: 0.96)
  ⚠️ [Mismatch] Cycle Back predicted '8' (Expected 't') (Ent: 1.42)
EMNIST:'u' -> MNIST | Predict: '8' (Ent: 1.22)
  ⚠️ [Mismatch] Cycle Back predicted '8' (Expected 'u') (Ent: 1.42)
EMNIST:'v' -> MNIST | Predict: '8' (Ent: 0.91)
  ⚠️ [Mismatch] Cycle Back predicted '8' (Expected 'v') (Ent: 1.42)
EMNIST:'w' -> MNIST | Predict: '8' (Ent: 1.21)
  ⚠️ [Mismatch] Cycle Back predicted '8' (Expected 'w') (Ent: 1.42)
EMNIST:'x' -> MNIST | Predict: '8' (Ent: 0.95)
  ⚠️ [Mismatch] Cycle Back predicted '8' (Expected 'x') (Ent: 1.42)
EMNIST:'y' -> MNIST ❌ (Uncertain)
EMNIST:'z' -> MNIST | Predict: '8' (Ent: 0.52)
  ⚠️ [Mismatch] Cycle Back predicted '8' (Expected 'z') (Ent: 1.42)
EMNIST:'0' -> CIFAR10 | Predict: 'cat' (Ent: 1.57)
  ✅ [Match] EMNIST:'0' <==> CIFAR10:'cat' (Ent: 2.80)
EMNIST:'1' -> CIFAR10 | Predict: 'ship' (Ent: 1.47)
  ⚠️ [Mismatch] Cycle Back predicted '0' (Expected '1') (Ent: 2.59)
EMNIST:'2' -> CIFAR10 | Predict: 'airplane' (Ent: 1.17)
  ⚠️ [Mismatch] Cycle Back predicted '8' (Expected '2') (Ent: 2.66)
EMNIST:'3' -> CIFAR10 | Predict: 'ship' (Ent: 1.44)
  ⚠️ [Mismatch] Cycle Back predicted '0' (Expected '3') (Ent: 2.59)
EMNIST:'4' -> CIFAR10 | Predict: 'ship' (Ent: 1.54)
  ⚠️ [Mismatch] Cycle Back predicted '0' (Expected '4') (Ent: 2.59)
EMNIST:'5' -> CIFAR10 ❌ (Uncertain)
EMNIST:'6' -> CIFAR10 ❌ (Uncertain)
EMNIST:'7' -> CIFAR10 ❌ (Uncertain)
EMNIST:'8' -> CIFAR10 ❌ (Uncertain)
EMNIST:'9' -> CIFAR10 ❌ (Uncertain)
EMNIST:'A' -> CIFAR10 | Predict: 'dog' (Ent: 1.58)
  ⚠️ [Mismatch] Cycle Back predicted '0' (Expected 'A') (Ent: 2.16)
EMNIST:'B' -> CIFAR10 ❌ (Uncertain)
EMNIST:'C' -> CIFAR10 | Predict: 'dog' (Ent: 1.32)
  ⚠️ [Mismatch] Cycle Back predicted '0' (Expected 'C') (Ent: 2.16)
EMNIST:'D' -> CIFAR10 ❌ (Uncertain)
EMNIST:'E' -> CIFAR10 | Predict: 'dog' (Ent: 1.49)
  ⚠️ [Mismatch] Cycle Back predicted '0' (Expected 'E') (Ent: 2.16)
EMNIST:'F' -> CIFAR10 ❌ (Uncertain)
EMNIST:'G' -> CIFAR10 | Predict: 'ship' (Ent: 1.58)
  ⚠️ [Mismatch] Cycle Back predicted '0' (Expected 'G') (Ent: 2.59)
EMNIST:'H' -> CIFAR10 | Predict: 'ship' (Ent: 1.31)
  ⚠️ [Mismatch] Cycle Back predicted '0' (Expected 'H') (Ent: 2.59)
EMNIST:'I' -> CIFAR10 ❌ (Uncertain)
EMNIST:'J' -> CIFAR10 ❌ (Uncertain)
EMNIST:'K' -> CIFAR10 | Predict: 'airplane' (Ent: 1.29)
  ⚠️ [Mismatch] Cycle Back predicted '8' (Expected 'K') (Ent: 2.66)
EMNIST:'L' -> CIFAR10 ❌ (Uncertain)
EMNIST:'M' -> CIFAR10 ❌ (Uncertain)
EMNIST:'N' -> CIFAR10 ❌ (Uncertain)
EMNIST:'O' -> CIFAR10 ❌ (Uncertain)
EMNIST:'P' -> CIFAR10 | Predict: 'dog' (Ent: 1.55)
  ⚠️ [Mismatch] Cycle Back predicted '0' (Expected 'P') (Ent: 2.16)
EMNIST:'Q' -> CIFAR10 | Predict: 'ship' (Ent: 1.60)
  ⚠️ [Mismatch] Cycle Back predicted '0' (Expected 'Q') (Ent: 2.59)
EMNIST:'R' -> CIFAR10 ❌ (Uncertain)
EMNIST:'S' -> CIFAR10 | Predict: 'ship' (Ent: 1.37)
  ⚠️ [Mismatch] Cycle Back predicted '0' (Expected 'S') (Ent: 2.59)
EMNIST:'T' -> CIFAR10 ❌ (Uncertain)
EMNIST:'U' -> CIFAR10 | Predict: 'dog' (Ent: 1.40)
  ⚠️ [Mismatch] Cycle Back predicted '0' (Expected 'U') (Ent: 2.16)
EMNIST:'V' -> CIFAR10 | Predict: 'ship' (Ent: 1.58)
  ⚠️ [Mismatch] Cycle Back predicted '0' (Expected 'V') (Ent: 2.59)
EMNIST:'W' -> CIFAR10 ❌ (Uncertain)
EMNIST:'X' -> CIFAR10 ❌ (Uncertain)
EMNIST:'Y' -> CIFAR10 ❌ (Uncertain)
EMNIST:'Z' -> CIFAR10 ❌ (Uncertain)
EMNIST:'a' -> CIFAR10 | Predict: 'dog' (Ent: 1.58)
  ⚠️ [Mismatch] Cycle Back predicted '0' (Expected 'a') (Ent: 2.16)
EMNIST:'b' -> CIFAR10 ❌ (Uncertain)
EMNIST:'c' -> CIFAR10 | Predict: 'dog' (Ent: 1.32)
  ⚠️ [Mismatch] Cycle Back predicted '0' (Expected 'c') (Ent: 2.16)
EMNIST:'d' -> CIFAR10 ❌ (Uncertain)
EMNIST:'e' -> CIFAR10 | Predict: 'dog' (Ent: 1.49)
  ⚠️ [Mismatch] Cycle Back predicted '0' (Expected 'e') (Ent: 2.16)
EMNIST:'f' -> CIFAR10 ❌ (Uncertain)
EMNIST:'g' -> CIFAR10 | Predict: 'ship' (Ent: 1.58)
  ⚠️ [Mismatch] Cycle Back predicted '0' (Expected 'g') (Ent: 2.59)
EMNIST:'h' -> CIFAR10 | Predict: 'ship' (Ent: 1.31)
  ⚠️ [Mismatch] Cycle Back predicted '0' (Expected 'h') (Ent: 2.59)
EMNIST:'i' -> CIFAR10 ❌ (Uncertain)
EMNIST:'j' -> CIFAR10 ❌ (Uncertain)
EMNIST:'k' -> CIFAR10 | Predict: 'airplane' (Ent: 1.29)
  ⚠️ [Mismatch] Cycle Back predicted '8' (Expected 'k') (Ent: 2.66)
EMNIST:'l' -> CIFAR10 ❌ (Uncertain)
EMNIST:'m' -> CIFAR10 ❌ (Uncertain)
EMNIST:'n' -> CIFAR10 ❌ (Uncertain)
EMNIST:'o' -> CIFAR10 ❌ (Uncertain)
EMNIST:'p' -> CIFAR10 | Predict: 'dog' (Ent: 1.55)
  ⚠️ [Mismatch] Cycle Back predicted '0' (Expected 'p') (Ent: 2.16)
EMNIST:'q' -> CIFAR10 | Predict: 'ship' (Ent: 1.60)
  ⚠️ [Mismatch] Cycle Back predicted '0' (Expected 'q') (Ent: 2.59)
EMNIST:'r' -> CIFAR10 ❌ (Uncertain)
EMNIST:'s' -> CIFAR10 | Predict: 'ship' (Ent: 1.37)
  ⚠️ [Mismatch] Cycle Back predicted '0' (Expected 's') (Ent: 2.59)
EMNIST:'t' -> CIFAR10 ❌ (Uncertain)
EMNIST:'u' -> CIFAR10 | Predict: 'dog' (Ent: 1.40)
  ⚠️ [Mismatch] Cycle Back predicted '0' (Expected 'u') (Ent: 2.16)
EMNIST:'v' -> CIFAR10 | Predict: 'ship' (Ent: 1.58)
  ⚠️ [Mismatch] Cycle Back predicted '0' (Expected 'v') (Ent: 2.59)
EMNIST:'w' -> CIFAR10 ❌ (Uncertain)
EMNIST:'x' -> CIFAR10 ❌ (Uncertain)
EMNIST:'y' -> CIFAR10 ❌ (Uncertain)
EMNIST:'z' -> CIFAR10 ❌ (Uncertain)
CIFAR10:'airplane' -> MNIST | Predict: '8' (Ent: 0.92)
CIFAR10:'automobile' -> MNIST | Predict: '8' (Ent: 1.06)
CIFAR10:'bird' -> MNIST | Predict: '8' (Ent: 0.82)
CIFAR10:'cat' -> MNIST | Predict: '8' (Ent: 1.22)
CIFAR10:'deer' -> MNIST | Predict: '8' (Ent: 1.06)
CIFAR10:'frog' -> MNIST | Predict: '8' (Ent: 1.04)
CIFAR10:'horse' -> MNIST | Predict: '8' (Ent: 1.20)
CIFAR10:'truck' -> MNIST | Predict: '8' (Ent: 1.03)
CIFAR10:'automobile' -> EMNIST | Predict: '0' (Ent: 2.35)
  ⚠️ [Mismatch] Cycle Back predicted 'cat' (Expected 'automobile') (Ent: 1.57)
CIFAR10:'bird' -> EMNIST | Predict: '0' (Ent: 2.56)
  ⚠️ [Mismatch] Cycle Back predicted 'cat' (Expected 'bird') (Ent: 1.57)
CIFAR10:'deer' -> EMNIST | Predict: '8' (Ent: 2.41)
CIFAR10:'frog' -> EMNIST | Predict: '8' (Ent: 1.69)
CIFAR10:'horse' -> EMNIST | Predict: '0' (Ent: 1.89)
  ⚠️ [Mismatch] Cycle Back predicted 'cat' (Expected 'horse') (Ent: 1.57)
CIFAR10:'truck' -> EMNIST | Predict: '0' (Ent: 2.48)
  ⚠️ [Mismatch] Cycle Back predicted 'cat' (Expected 'truck') (Ent: 1.57)
Exp: Old Gen + New Ent (0.75)
dynamic_entropy_ratio: 0.75
MNIST:'0' -> EMNIST | Predict: '0' (Ent: 2.30)
  ⚠️ [Mismatch] Cycle Back predicted '8' (Expected '0') (Ent: 1.34)
MNIST:'1' -> EMNIST | Predict: 'W' (Ent: 2.50)
  ⚠️ [Mismatch] Cycle Back predicted '8' (Expected '1') (Ent: 1.21)
MNIST:'2' -> EMNIST | Predict: 'W' (Ent: 2.70)
  ⚠️ [Mismatch] Cycle Back predicted '8' (Expected '2') (Ent: 1.21)
MNIST:'3' -> EMNIST | Predict: 'G' (Ent: 2.50)
  ⚠️ [Mismatch] Cycle Back predicted '8' (Expected '3') (Ent: 0.79)
MNIST:'4' -> EMNIST | Predict: '8' (Ent: 2.07)
  ⚠️ [Mismatch] Cycle Back predicted '8' (Expected '4') (Ent: 0.86)
MNIST:'5' -> EMNIST | Predict: '3' (Ent: 1.69)
  ⚠️ [Mismatch] Cycle Back predicted '8' (Expected '5') (Ent: 0.92)
MNIST:'6' -> EMNIST | Predict: '8' (Ent: 2.14)
  ⚠️ [Mismatch] Cycle Back predicted '8' (Expected '6') (Ent: 0.86)
MNIST:'7' -> EMNIST | Predict: '8' (Ent: 2.09)
  ⚠️ [Mismatch] Cycle Back predicted '8' (Expected '7') (Ent: 0.86)
MNIST:'8' -> EMNIST | Predict: '8' (Ent: 1.42)
  ✅ [Match] MNIST:'8' <==> EMNIST:'8' (Ent: 0.86)
MNIST:'9' -> EMNIST | Predict: '8' (Ent: 2.30)
  ⚠️ [Mismatch] Cycle Back predicted '8' (Expected '9') (Ent: 0.86)
MNIST:'0' -> CIFAR10 | Predict: 'dog' (Ent: 1.40)
  ⚠️ [Mismatch] Cycle Back predicted '8' (Expected '0') (Ent: 0.70)
MNIST:'1' -> CIFAR10 ❌ (Uncertain)
MNIST:'2' -> CIFAR10 ❌ (Uncertain)
MNIST:'3' -> CIFAR10 ❌ (Uncertain)
MNIST:'4' -> CIFAR10 | Predict: 'cat' (Ent: 1.67)
  ⚠️ [Mismatch] Cycle Back predicted '8' (Expected '4') (Ent: 1.22)
MNIST:'5' -> CIFAR10 | Predict: 'ship' (Ent: 1.34)
  ⚠️ [Mismatch] Cycle Back predicted '8' (Expected '5') (Ent: 0.47)
MNIST:'6' -> CIFAR10 | Predict: 'ship' (Ent: 1.21)
  ⚠️ [Mismatch] Cycle Back predicted '8' (Expected '6') (Ent: 0.47)
MNIST:'7' -> CIFAR10 | Predict: 'ship' (Ent: 1.45)
  ⚠️ [Mismatch] Cycle Back predicted '8' (Expected '7') (Ent: 0.47)
MNIST:'8' -> CIFAR10 | Predict: 'ship' (Ent: 1.69)
  ✅ [Match] MNIST:'8' <==> CIFAR10:'ship' (Ent: 0.47)
MNIST:'9' -> CIFAR10 ❌ (Uncertain)
EMNIST:'1' -> MNIST | Predict: '8' (Ent: 1.12)
  ⚠️ [Mismatch] Cycle Back predicted '8' (Expected '1') (Ent: 1.42)
EMNIST:'2' -> MNIST | Predict: '8' (Ent: 1.03)
  ⚠️ [Mismatch] Cycle Back predicted '8' (Expected '2') (Ent: 1.42)
EMNIST:'4' -> MNIST | Predict: '8' (Ent: 0.92)
  ⚠️ [Mismatch] Cycle Back predicted '8' (Expected '4') (Ent: 1.42)
EMNIST:'5' -> MNIST | Predict: '8' (Ent: 0.95)
  ⚠️ [Mismatch] Cycle Back predicted '8' (Expected '5') (Ent: 1.42)
EMNIST:'6' -> MNIST | Predict: '8' (Ent: 0.84)
  ⚠️ [Mismatch] Cycle Back predicted '8' (Expected '6') (Ent: 1.42)
EMNIST:'7' -> MNIST | Predict: '8' (Ent: 1.25)
  ⚠️ [Mismatch] Cycle Back predicted '8' (Expected '7') (Ent: 1.42)
EMNIST:'9' -> MNIST | Predict: '8' (Ent: 1.31)
  ⚠️ [Mismatch] Cycle Back predicted '8' (Expected '9') (Ent: 1.42)
EMNIST:'A' -> MNIST | Predict: '8' (Ent: 1.30)
  ⚠️ [Mismatch] Cycle Back predicted '8' (Expected 'A') (Ent: 1.42)
EMNIST:'B' -> MNIST | Predict: '8' (Ent: 0.86)
  ⚠️ [Mismatch] Cycle Back predicted '8' (Expected 'B') (Ent: 1.42)
EMNIST:'C' -> MNIST | Predict: '8' (Ent: 1.61)
  ⚠️ [Mismatch] Cycle Back predicted '8' (Expected 'C') (Ent: 1.42)
EMNIST:'D' -> MNIST | Predict: '8' (Ent: 1.12)
  ⚠️ [Mismatch] Cycle Back predicted '8' (Expected 'D') (Ent: 1.42)
EMNIST:'E' -> MNIST | Predict: '8' (Ent: 1.44)
  ⚠️ [Mismatch] Cycle Back predicted '8' (Expected 'E') (Ent: 1.42)
EMNIST:'F' -> MNIST | Predict: '8' (Ent: 1.26)
  ⚠️ [Mismatch] Cycle Back predicted '8' (Expected 'F') (Ent: 1.42)
EMNIST:'H' -> MNIST | Predict: '8' (Ent: 0.75)
  ⚠️ [Mismatch] Cycle Back predicted '8' (Expected 'H') (Ent: 1.42)
EMNIST:'I' -> MNIST | Predict: '8' (Ent: 1.05)
  ⚠️ [Mismatch] Cycle Back predicted '8' (Expected 'I') (Ent: 1.42)
EMNIST:'J' -> MNIST | Predict: '8' (Ent: 0.91)
  ⚠️ [Mismatch] Cycle Back predicted '8' (Expected 'J') (Ent: 1.42)
EMNIST:'K' -> MNIST | Predict: '8' (Ent: 1.26)
  ⚠️ [Mismatch] Cycle Back predicted '8' (Expected 'K') (Ent: 1.42)
EMNIST:'L' -> MNIST | Predict: '8' (Ent: 1.42)
  ⚠️ [Mismatch] Cycle Back predicted '8' (Expected 'L') (Ent: 1.42)
EMNIST:'M' -> MNIST | Predict: '8' (Ent: 0.44)
  ⚠️ [Mismatch] Cycle Back predicted '8' (Expected 'M') (Ent: 1.42)
EMNIST:'N' -> MNIST | Predict: '8' (Ent: 0.98)
  ⚠️ [Mismatch] Cycle Back predicted '8' (Expected 'N') (Ent: 1.42)
EMNIST:'O' -> MNIST | Predict: '8' (Ent: 1.38)
  ⚠️ [Mismatch] Cycle Back predicted '8' (Expected 'O') (Ent: 1.42)
EMNIST:'P' -> MNIST | Predict: '8' (Ent: 1.20)
  ⚠️ [Mismatch] Cycle Back predicted '8' (Expected 'P') (Ent: 1.42)
EMNIST:'Q' -> MNIST | Predict: '8' (Ent: 1.09)
  ⚠️ [Mismatch] Cycle Back predicted '8' (Expected 'Q') (Ent: 1.42)
EMNIST:'R' -> MNIST | Predict: '8' (Ent: 1.00)
  ⚠️ [Mismatch] Cycle Back predicted '8' (Expected 'R') (Ent: 1.42)
EMNIST:'S' -> MNIST | Predict: '8' (Ent: 1.24)
  ⚠️ [Mismatch] Cycle Back predicted '8' (Expected 'S') (Ent: 1.42)
EMNIST:'T' -> MNIST | Predict: '8' (Ent: 0.96)
  ⚠️ [Mismatch] Cycle Back predicted '8' (Expected 'T') (Ent: 1.42)
EMNIST:'U' -> MNIST | Predict: '8' (Ent: 1.22)
  ⚠️ [Mismatch] Cycle Back predicted '8' (Expected 'U') (Ent: 1.42)
EMNIST:'V' -> MNIST | Predict: '8' (Ent: 0.91)
  ⚠️ [Mismatch] Cycle Back predicted '8' (Expected 'V') (Ent: 1.42)
EMNIST:'X' -> MNIST | Predict: '8' (Ent: 0.95)
  ⚠️ [Mismatch] Cycle Back predicted '8' (Expected 'X') (Ent: 1.42)
EMNIST:'Y' -> MNIST | Predict: '8' (Ent: 1.62)
  ⚠️ [Mismatch] Cycle Back predicted '8' (Expected 'Y') (Ent: 1.42)
EMNIST:'Z' -> MNIST | Predict: '8' (Ent: 0.84)
  ⚠️ [Mismatch] Cycle Back predicted '8' (Expected 'Z') (Ent: 1.42)
EMNIST:'a' -> MNIST | Predict: '8' (Ent: 1.30)
  ⚠️ [Mismatch] Cycle Back predicted '8' (Expected 'a') (Ent: 1.42)
EMNIST:'b' -> MNIST | Predict: '8' (Ent: 0.86)
  ⚠️ [Mismatch] Cycle Back predicted '8' (Expected 'b') (Ent: 1.42)
EMNIST:'c' -> MNIST | Predict: '8' (Ent: 1.61)
  ⚠️ [Mismatch] Cycle Back predicted '8' (Expected 'c') (Ent: 1.42)
EMNIST:'d' -> MNIST | Predict: '8' (Ent: 1.12)
  ⚠️ [Mismatch] Cycle Back predicted '8' (Expected 'd') (Ent: 1.42)
EMNIST:'e' -> MNIST | Predict: '8' (Ent: 1.44)
  ⚠️ [Mismatch] Cycle Back predicted '8' (Expected 'e') (Ent: 1.42)
EMNIST:'f' -> MNIST | Predict: '8' (Ent: 1.26)
  ⚠️ [Mismatch] Cycle Back predicted '8' (Expected 'f') (Ent: 1.42)
EMNIST:'g' -> MNIST | Predict: '8' (Ent: 0.79)
  ⚠️ [Mismatch] Cycle Back predicted '8' (Expected 'g') (Ent: 1.42)
EMNIST:'h' -> MNIST | Predict: '8' (Ent: 0.75)
  ⚠️ [Mismatch] Cycle Back predicted '8' (Expected 'h') (Ent: 1.42)
EMNIST:'i' -> MNIST | Predict: '8' (Ent: 1.05)
  ⚠️ [Mismatch] Cycle Back predicted '8' (Expected 'i') (Ent: 1.42)
EMNIST:'j' -> MNIST | Predict: '8' (Ent: 0.91)
  ⚠️ [Mismatch] Cycle Back predicted '8' (Expected 'j') (Ent: 1.42)
EMNIST:'k' -> MNIST | Predict: '8' (Ent: 1.26)
  ⚠️ [Mismatch] Cycle Back predicted '8' (Expected 'k') (Ent: 1.42)
EMNIST:'l' -> MNIST | Predict: '8' (Ent: 1.42)
  ⚠️ [Mismatch] Cycle Back predicted '8' (Expected 'l') (Ent: 1.42)
EMNIST:'m' -> MNIST | Predict: '8' (Ent: 0.44)
  ⚠️ [Mismatch] Cycle Back predicted '8' (Expected 'm') (Ent: 1.42)
EMNIST:'n' -> MNIST | Predict: '8' (Ent: 0.98)
  ⚠️ [Mismatch] Cycle Back predicted '8' (Expected 'n') (Ent: 1.42)
EMNIST:'o' -> MNIST | Predict: '8' (Ent: 1.38)
  ⚠️ [Mismatch] Cycle Back predicted '8' (Expected 'o') (Ent: 1.42)
EMNIST:'p' -> MNIST | Predict: '8' (Ent: 1.20)
  ⚠️ [Mismatch] Cycle Back predicted '8' (Expected 'p') (Ent: 1.42)
EMNIST:'q' -> MNIST | Predict: '8' (Ent: 1.09)
  ⚠️ [Mismatch] Cycle Back predicted '8' (Expected 'q') (Ent: 1.42)
EMNIST:'r' -> MNIST | Predict: '8' (Ent: 1.00)
  ⚠️ [Mismatch] Cycle Back predicted '8' (Expected 'r') (Ent: 1.42)
EMNIST:'s' -> MNIST | Predict: '8' (Ent: 1.24)
  ⚠️ [Mismatch] Cycle Back predicted '8' (Expected 's') (Ent: 1.42)
EMNIST:'t' -> MNIST | Predict: '8' (Ent: 0.96)
  ⚠️ [Mismatch] Cycle Back predicted '8' (Expected 't') (Ent: 1.42)
EMNIST:'u' -> MNIST | Predict: '8' (Ent: 1.22)
  ⚠️ [Mismatch] Cycle Back predicted '8' (Expected 'u') (Ent: 1.42)
EMNIST:'v' -> MNIST | Predict: '8' (Ent: 0.91)
  ⚠️ [Mismatch] Cycle Back predicted '8' (Expected 'v') (Ent: 1.42)
EMNIST:'w' -> MNIST | Predict: '8' (Ent: 1.21)
  ⚠️ [Mismatch] Cycle Back predicted '8' (Expected 'w') (Ent: 1.42)
EMNIST:'x' -> MNIST | Predict: '8' (Ent: 0.95)
  ⚠️ [Mismatch] Cycle Back predicted '8' (Expected 'x') (Ent: 1.42)
EMNIST:'y' -> MNIST | Predict: '8' (Ent: 1.62)
  ⚠️ [Mismatch] Cycle Back predicted '8' (Expected 'y') (Ent: 1.42)
EMNIST:'z' -> MNIST | Predict: '8' (Ent: 0.84)
  ⚠️ [Mismatch] Cycle Back predicted '8' (Expected 'z') (Ent: 1.42)
EMNIST:'0' -> CIFAR10 | Predict: 'cat' (Ent: 1.57)
  ✅ [Match] EMNIST:'0' <==> CIFAR10:'cat' (Ent: 2.80)
EMNIST:'1' -> CIFAR10 | Predict: 'ship' (Ent: 1.47)
  ⚠️ [Mismatch] Cycle Back predicted '0' (Expected '1') (Ent: 2.74)
EMNIST:'2' -> CIFAR10 | Predict: 'airplane' (Ent: 1.17)
  ⚠️ [Mismatch] Cycle Back predicted '8' (Expected '2') (Ent: 2.66)
EMNIST:'3' -> CIFAR10 | Predict: 'ship' (Ent: 1.44)
  ⚠️ [Mismatch] Cycle Back predicted '0' (Expected '3') (Ent: 2.74)
EMNIST:'4' -> CIFAR10 | Predict: 'ship' (Ent: 1.54)
  ⚠️ [Mismatch] Cycle Back predicted '0' (Expected '4') (Ent: 2.74)
EMNIST:'5' -> CIFAR10 | Predict: 'ship' (Ent: 1.69)
  ⚠️ [Mismatch] Cycle Back predicted '0' (Expected '5') (Ent: 2.74)
EMNIST:'6' -> CIFAR10 | Predict: 'automobile' (Ent: 1.69)
  ⚠️ [Mismatch] Cycle Back predicted '0' (Expected '6') (Ent: 2.66)
EMNIST:'7' -> CIFAR10 | Predict: 'ship' (Ent: 1.67)
  ⚠️ [Mismatch] Cycle Back predicted '0' (Expected '7') (Ent: 2.74)
EMNIST:'8' -> CIFAR10 ❌ (Uncertain)
EMNIST:'9' -> CIFAR10 ❌ (Uncertain)
EMNIST:'A' -> CIFAR10 | Predict: 'dog' (Ent: 1.58)
  ⚠️ [Mismatch] Cycle Back predicted '0' (Expected 'A') (Ent: 2.16)
EMNIST:'B' -> CIFAR10 ❌ (Uncertain)
EMNIST:'C' -> CIFAR10 | Predict: 'dog' (Ent: 1.32)
  ⚠️ [Mismatch] Cycle Back predicted '0' (Expected 'C') (Ent: 2.16)
EMNIST:'D' -> CIFAR10 ❌ (Uncertain)
EMNIST:'E' -> CIFAR10 | Predict: 'dog' (Ent: 1.49)
  ⚠️ [Mismatch] Cycle Back predicted '0' (Expected 'E') (Ent: 2.16)
EMNIST:'F' -> CIFAR10 | Predict: 'airplane' (Ent: 1.68)
  ⚠️ [Mismatch] Cycle Back predicted '8' (Expected 'F') (Ent: 2.66)
EMNIST:'G' -> CIFAR10 | Predict: 'ship' (Ent: 1.58)
  ⚠️ [Mismatch] Cycle Back predicted '0' (Expected 'G') (Ent: 2.74)
EMNIST:'H' -> CIFAR10 | Predict: 'ship' (Ent: 1.31)
  ⚠️ [Mismatch] Cycle Back predicted '0' (Expected 'H') (Ent: 2.74)
EMNIST:'I' -> CIFAR10 | Predict: 'dog' (Ent: 1.72)
  ⚠️ [Mismatch] Cycle Back predicted '0' (Expected 'I') (Ent: 2.16)
EMNIST:'J' -> CIFAR10 | Predict: 'ship' (Ent: 1.62)
  ⚠️ [Mismatch] Cycle Back predicted '0' (Expected 'J') (Ent: 2.74)
EMNIST:'K' -> CIFAR10 | Predict: 'airplane' (Ent: 1.29)
  ⚠️ [Mismatch] Cycle Back predicted '8' (Expected 'K') (Ent: 2.66)
EMNIST:'L' -> CIFAR10 ❌ (Uncertain)
EMNIST:'M' -> CIFAR10 ❌ (Uncertain)
EMNIST:'N' -> CIFAR10 | Predict: 'ship' (Ent: 1.62)
  ⚠️ [Mismatch] Cycle Back predicted '0' (Expected 'N') (Ent: 2.74)
EMNIST:'O' -> CIFAR10 ❌ (Uncertain)
EMNIST:'P' -> CIFAR10 | Predict: 'dog' (Ent: 1.55)
  ⚠️ [Mismatch] Cycle Back predicted '0' (Expected 'P') (Ent: 2.16)
EMNIST:'Q' -> CIFAR10 | Predict: 'ship' (Ent: 1.60)
  ⚠️ [Mismatch] Cycle Back predicted '0' (Expected 'Q') (Ent: 2.74)
EMNIST:'R' -> CIFAR10 ❌ (Uncertain)
EMNIST:'S' -> CIFAR10 | Predict: 'ship' (Ent: 1.37)
  ⚠️ [Mismatch] Cycle Back predicted '0' (Expected 'S') (Ent: 2.74)
EMNIST:'T' -> CIFAR10 ❌ (Uncertain)
EMNIST:'U' -> CIFAR10 | Predict: 'dog' (Ent: 1.40)
  ⚠️ [Mismatch] Cycle Back predicted '0' (Expected 'U') (Ent: 2.16)
EMNIST:'V' -> CIFAR10 | Predict: 'ship' (Ent: 1.58)
  ⚠️ [Mismatch] Cycle Back predicted '0' (Expected 'V') (Ent: 2.74)
EMNIST:'W' -> CIFAR10 | Predict: 'ship' (Ent: 1.61)
  ⚠️ [Mismatch] Cycle Back predicted '0' (Expected 'W') (Ent: 2.74)
EMNIST:'X' -> CIFAR10 | Predict: 'automobile' (Ent: 1.67)
  ⚠️ [Mismatch] Cycle Back predicted '0' (Expected 'X') (Ent: 2.66)
EMNIST:'Y' -> CIFAR10 | Predict: 'dog' (Ent: 1.71)
  ⚠️ [Mismatch] Cycle Back predicted '0' (Expected 'Y') (Ent: 2.16)
EMNIST:'Z' -> CIFAR10 ❌ (Uncertain)
EMNIST:'a' -> CIFAR10 | Predict: 'dog' (Ent: 1.58)
  ⚠️ [Mismatch] Cycle Back predicted '0' (Expected 'a') (Ent: 2.16)
EMNIST:'b' -> CIFAR10 ❌ (Uncertain)
EMNIST:'c' -> CIFAR10 | Predict: 'dog' (Ent: 1.32)
  ⚠️ [Mismatch] Cycle Back predicted '0' (Expected 'c') (Ent: 2.16)
EMNIST:'d' -> CIFAR10 ❌ (Uncertain)
EMNIST:'e' -> CIFAR10 | Predict: 'dog' (Ent: 1.49)
  ⚠️ [Mismatch] Cycle Back predicted '0' (Expected 'e') (Ent: 2.16)
EMNIST:'f' -> CIFAR10 | Predict: 'airplane' (Ent: 1.68)
  ⚠️ [Mismatch] Cycle Back predicted '8' (Expected 'f') (Ent: 2.66)
EMNIST:'g' -> CIFAR10 | Predict: 'ship' (Ent: 1.58)
  ⚠️ [Mismatch] Cycle Back predicted '0' (Expected 'g') (Ent: 2.74)
EMNIST:'h' -> CIFAR10 | Predict: 'ship' (Ent: 1.31)
  ⚠️ [Mismatch] Cycle Back predicted '0' (Expected 'h') (Ent: 2.74)
EMNIST:'i' -> CIFAR10 | Predict: 'dog' (Ent: 1.72)
  ⚠️ [Mismatch] Cycle Back predicted '0' (Expected 'i') (Ent: 2.16)
EMNIST:'j' -> CIFAR10 | Predict: 'ship' (Ent: 1.62)
  ⚠️ [Mismatch] Cycle Back predicted '0' (Expected 'j') (Ent: 2.74)
EMNIST:'k' -> CIFAR10 | Predict: 'airplane' (Ent: 1.29)
  ⚠️ [Mismatch] Cycle Back predicted '8' (Expected 'k') (Ent: 2.66)
EMNIST:'l' -> CIFAR10 ❌ (Uncertain)
EMNIST:'m' -> CIFAR10 ❌ (Uncertain)
EMNIST:'n' -> CIFAR10 | Predict: 'ship' (Ent: 1.62)
  ⚠️ [Mismatch] Cycle Back predicted '0' (Expected 'n') (Ent: 2.74)
EMNIST:'o' -> CIFAR10 ❌ (Uncertain)
EMNIST:'p' -> CIFAR10 | Predict: 'dog' (Ent: 1.55)
  ⚠️ [Mismatch] Cycle Back predicted '0' (Expected 'p') (Ent: 2.16)
EMNIST:'q' -> CIFAR10 | Predict: 'ship' (Ent: 1.60)
  ⚠️ [Mismatch] Cycle Back predicted '0' (Expected 'q') (Ent: 2.74)
EMNIST:'r' -> CIFAR10 ❌ (Uncertain)
EMNIST:'s' -> CIFAR10 | Predict: 'ship' (Ent: 1.37)
  ⚠️ [Mismatch] Cycle Back predicted '0' (Expected 's') (Ent: 2.74)
EMNIST:'t' -> CIFAR10 ❌ (Uncertain)
EMNIST:'u' -> CIFAR10 | Predict: 'dog' (Ent: 1.40)
  ⚠️ [Mismatch] Cycle Back predicted '0' (Expected 'u') (Ent: 2.16)
EMNIST:'v' -> CIFAR10 | Predict: 'ship' (Ent: 1.58)
  ⚠️ [Mismatch] Cycle Back predicted '0' (Expected 'v') (Ent: 2.74)
EMNIST:'w' -> CIFAR10 | Predict: 'ship' (Ent: 1.61)
  ⚠️ [Mismatch] Cycle Back predicted '0' (Expected 'w') (Ent: 2.74)
EMNIST:'x' -> CIFAR10 | Predict: 'automobile' (Ent: 1.67)
  ⚠️ [Mismatch] Cycle Back predicted '0' (Expected 'x') (Ent: 2.66)
EMNIST:'y' -> CIFAR10 | Predict: 'dog' (Ent: 1.71)
  ⚠️ [Mismatch] Cycle Back predicted '0' (Expected 'y') (Ent: 2.16)
EMNIST:'z' -> CIFAR10 ❌ (Uncertain)
CIFAR10:'airplane' -> MNIST | Predict: '8' (Ent: 0.92)
  ⚠️ [Mismatch] Cycle Back predicted 'ship' (Expected 'airplane') (Ent: 1.69)
CIFAR10:'automobile' -> MNIST | Predict: '8' (Ent: 1.06)
  ⚠️ [Mismatch] Cycle Back predicted 'ship' (Expected 'automobile') (Ent: 1.69)
CIFAR10:'bird' -> MNIST | Predict: '8' (Ent: 0.82)
  ⚠️ [Mismatch] Cycle Back predicted 'ship' (Expected 'bird') (Ent: 1.69)
CIFAR10:'deer' -> MNIST | Predict: '8' (Ent: 1.17)
  ⚠️ [Mismatch] Cycle Back predicted 'ship' (Expected 'deer') (Ent: 1.69)
CIFAR10:'frog' -> MNIST | Predict: '8' (Ent: 1.04)
  ⚠️ [Mismatch] Cycle Back predicted 'ship' (Expected 'frog') (Ent: 1.69)
CIFAR10:'horse' -> MNIST | Predict: '8' (Ent: 1.31)
  ⚠️ [Mismatch] Cycle Back predicted 'ship' (Expected 'horse') (Ent: 1.69)
CIFAR10:'truck' -> MNIST | Predict: '8' (Ent: 1.03)
  ⚠️ [Mismatch] Cycle Back predicted 'ship' (Expected 'truck') (Ent: 1.69)
CIFAR10:'bird' -> EMNIST | Predict: '0' (Ent: 2.56)
  ⚠️ [Mismatch] Cycle Back predicted 'cat' (Expected 'bird') (Ent: 1.57)
CIFAR10:'deer' -> EMNIST | Predict: '8' (Ent: 2.41)
CIFAR10:'frog' -> EMNIST | Predict: '8' (Ent: 1.69)
CIFAR10:'horse' -> EMNIST | Predict: '0' (Ent: 1.89)
  ⚠️ [Mismatch] Cycle Back predicted 'cat' (Expected 'horse') (Ent: 1.57)
CIFAR10:'truck' -> EMNIST | Predict: '0' (Ent: 2.48)
  ⚠️ [Mismatch] Cycle Back predicted 'cat' (Expected 'truck') (Ent: 1.57)
Exp: Old Gen + New Ent (0.8)
dynamic_entropy_ratio: 0.8
MNIST:'0' -> EMNIST | Predict: '0' (Ent: 2.30)
  ⚠️ [Mismatch] Cycle Back predicted '8' (Expected '0') (Ent: 1.34)
MNIST:'1' -> EMNIST | Predict: 'W' (Ent: 2.50)
  ⚠️ [Mismatch] Cycle Back predicted '8' (Expected '1') (Ent: 1.21)
MNIST:'2' -> EMNIST | Predict: 'W' (Ent: 2.70)
  ⚠️ [Mismatch] Cycle Back predicted '8' (Expected '2') (Ent: 1.21)
MNIST:'3' -> EMNIST | Predict: 'G' (Ent: 2.50)
  ⚠️ [Mismatch] Cycle Back predicted '8' (Expected '3') (Ent: 0.79)
MNIST:'4' -> EMNIST | Predict: '8' (Ent: 2.07)
  ⚠️ [Mismatch] Cycle Back predicted '8' (Expected '4') (Ent: 0.86)
MNIST:'5' -> EMNIST | Predict: '3' (Ent: 1.69)
  ⚠️ [Mismatch] Cycle Back predicted '8' (Expected '5') (Ent: 0.92)
MNIST:'6' -> EMNIST | Predict: '8' (Ent: 2.14)
  ⚠️ [Mismatch] Cycle Back predicted '8' (Expected '6') (Ent: 0.86)
MNIST:'7' -> EMNIST | Predict: '8' (Ent: 2.09)
  ⚠️ [Mismatch] Cycle Back predicted '8' (Expected '7') (Ent: 0.86)
MNIST:'8' -> EMNIST | Predict: '8' (Ent: 1.42)
  ✅ [Match] MNIST:'8' <==> EMNIST:'8' (Ent: 0.86)
MNIST:'9' -> EMNIST | Predict: '8' (Ent: 2.30)
  ⚠️ [Mismatch] Cycle Back predicted '8' (Expected '9') (Ent: 0.86)
MNIST:'0' -> CIFAR10 | Predict: 'dog' (Ent: 1.40)
  ⚠️ [Mismatch] Cycle Back predicted '8' (Expected '0') (Ent: 0.70)
MNIST:'1' -> CIFAR10 ❌ (Uncertain)
MNIST:'2' -> CIFAR10 ❌ (Uncertain)
MNIST:'3' -> CIFAR10 ❌ (Uncertain)
MNIST:'4' -> CIFAR10 | Predict: 'cat' (Ent: 1.67)
  ⚠️ [Mismatch] Cycle Back predicted '8' (Expected '4') (Ent: 1.22)
MNIST:'5' -> CIFAR10 | Predict: 'ship' (Ent: 1.34)
  ⚠️ [Mismatch] Cycle Back predicted '8' (Expected '5') (Ent: 0.47)
MNIST:'6' -> CIFAR10 | Predict: 'ship' (Ent: 1.21)
  ⚠️ [Mismatch] Cycle Back predicted '8' (Expected '6') (Ent: 0.47)
MNIST:'7' -> CIFAR10 | Predict: 'ship' (Ent: 1.45)
  ⚠️ [Mismatch] Cycle Back predicted '8' (Expected '7') (Ent: 0.47)
MNIST:'8' -> CIFAR10 | Predict: 'ship' (Ent: 1.69)
  ✅ [Match] MNIST:'8' <==> CIFAR10:'ship' (Ent: 0.47)
MNIST:'9' -> CIFAR10 ❌ (Uncertain)
EMNIST:'1' -> MNIST | Predict: '8' (Ent: 1.12)
  ⚠️ [Mismatch] Cycle Back predicted '8' (Expected '1') (Ent: 1.42)
EMNIST:'2' -> MNIST | Predict: '8' (Ent: 1.14)
  ⚠️ [Mismatch] Cycle Back predicted '8' (Expected '2') (Ent: 1.42)
EMNIST:'4' -> MNIST | Predict: '8' (Ent: 1.10)
  ⚠️ [Mismatch] Cycle Back predicted '8' (Expected '4') (Ent: 1.42)
EMNIST:'5' -> MNIST | Predict: '8' (Ent: 1.12)
  ⚠️ [Mismatch] Cycle Back predicted '8' (Expected '5') (Ent: 1.42)
EMNIST:'6' -> MNIST | Predict: '8' (Ent: 0.84)
  ⚠️ [Mismatch] Cycle Back predicted '8' (Expected '6') (Ent: 1.42)
EMNIST:'7' -> MNIST | Predict: '8' (Ent: 1.25)
  ⚠️ [Mismatch] Cycle Back predicted '8' (Expected '7') (Ent: 1.42)
EMNIST:'9' -> MNIST | Predict: '8' (Ent: 1.46)
  ⚠️ [Mismatch] Cycle Back predicted '8' (Expected '9') (Ent: 1.42)
EMNIST:'A' -> MNIST | Predict: '8' (Ent: 1.30)
  ⚠️ [Mismatch] Cycle Back predicted '8' (Expected 'A') (Ent: 1.42)
EMNIST:'B' -> MNIST | Predict: '8' (Ent: 0.86)
  ⚠️ [Mismatch] Cycle Back predicted '8' (Expected 'B') (Ent: 1.42)
EMNIST:'C' -> MNIST | Predict: '8' (Ent: 1.61)
  ⚠️ [Mismatch] Cycle Back predicted '8' (Expected 'C') (Ent: 1.42)
EMNIST:'D' -> MNIST | Predict: '8' (Ent: 1.12)
  ⚠️ [Mismatch] Cycle Back predicted '8' (Expected 'D') (Ent: 1.42)
EMNIST:'E' -> MNIST | Predict: '8' (Ent: 1.44)
  ⚠️ [Mismatch] Cycle Back predicted '8' (Expected 'E') (Ent: 1.42)
EMNIST:'F' -> MNIST | Predict: '8' (Ent: 1.44)
  ⚠️ [Mismatch] Cycle Back predicted '8' (Expected 'F') (Ent: 1.42)
EMNIST:'H' -> MNIST | Predict: '8' (Ent: 0.75)
  ⚠️ [Mismatch] Cycle Back predicted '8' (Expected 'H') (Ent: 1.42)
EMNIST:'I' -> MNIST | Predict: '8' (Ent: 1.05)
  ⚠️ [Mismatch] Cycle Back predicted '8' (Expected 'I') (Ent: 1.42)
EMNIST:'J' -> MNIST | Predict: '8' (Ent: 0.91)
  ⚠️ [Mismatch] Cycle Back predicted '8' (Expected 'J') (Ent: 1.42)
EMNIST:'K' -> MNIST | Predict: '8' (Ent: 1.26)
  ⚠️ [Mismatch] Cycle Back predicted '8' (Expected 'K') (Ent: 1.42)
EMNIST:'L' -> MNIST | Predict: '8' (Ent: 1.42)
  ⚠️ [Mismatch] Cycle Back predicted '8' (Expected 'L') (Ent: 1.42)
EMNIST:'M' -> MNIST | Predict: '8' (Ent: 0.77)
  ⚠️ [Mismatch] Cycle Back predicted '8' (Expected 'M') (Ent: 1.42)
EMNIST:'N' -> MNIST | Predict: '8' (Ent: 0.98)
  ⚠️ [Mismatch] Cycle Back predicted '8' (Expected 'N') (Ent: 1.42)
EMNIST:'O' -> MNIST | Predict: '8' (Ent: 1.38)
  ⚠️ [Mismatch] Cycle Back predicted '8' (Expected 'O') (Ent: 1.42)
EMNIST:'P' -> MNIST | Predict: '8' (Ent: 1.20)
  ⚠️ [Mismatch] Cycle Back predicted '8' (Expected 'P') (Ent: 1.42)
EMNIST:'Q' -> MNIST | Predict: '8' (Ent: 1.09)
  ⚠️ [Mismatch] Cycle Back predicted '8' (Expected 'Q') (Ent: 1.42)
EMNIST:'R' -> MNIST | Predict: '8' (Ent: 1.00)
  ⚠️ [Mismatch] Cycle Back predicted '8' (Expected 'R') (Ent: 1.42)
EMNIST:'S' -> MNIST | Predict: '8' (Ent: 1.24)
  ⚠️ [Mismatch] Cycle Back predicted '8' (Expected 'S') (Ent: 1.42)
EMNIST:'T' -> MNIST | Predict: '8' (Ent: 0.96)
  ⚠️ [Mismatch] Cycle Back predicted '8' (Expected 'T') (Ent: 1.42)
EMNIST:'U' -> MNIST | Predict: '8' (Ent: 1.46)
  ⚠️ [Mismatch] Cycle Back predicted '8' (Expected 'U') (Ent: 1.42)
EMNIST:'V' -> MNIST | Predict: '8' (Ent: 0.91)
  ⚠️ [Mismatch] Cycle Back predicted '8' (Expected 'V') (Ent: 1.42)
EMNIST:'X' -> MNIST | Predict: '8' (Ent: 0.95)
  ⚠️ [Mismatch] Cycle Back predicted '8' (Expected 'X') (Ent: 1.42)
EMNIST:'Y' -> MNIST | Predict: '8' (Ent: 1.62)
  ⚠️ [Mismatch] Cycle Back predicted '8' (Expected 'Y') (Ent: 1.42)
EMNIST:'Z' -> MNIST | Predict: '8' (Ent: 0.84)
  ⚠️ [Mismatch] Cycle Back predicted '8' (Expected 'Z') (Ent: 1.42)
EMNIST:'a' -> MNIST | Predict: '8' (Ent: 1.30)
  ⚠️ [Mismatch] Cycle Back predicted '8' (Expected 'a') (Ent: 1.42)
EMNIST:'b' -> MNIST | Predict: '8' (Ent: 0.86)
  ⚠️ [Mismatch] Cycle Back predicted '8' (Expected 'b') (Ent: 1.42)
EMNIST:'c' -> MNIST | Predict: '8' (Ent: 1.61)
  ⚠️ [Mismatch] Cycle Back predicted '8' (Expected 'c') (Ent: 1.42)
EMNIST:'d' -> MNIST | Predict: '8' (Ent: 1.12)
  ⚠️ [Mismatch] Cycle Back predicted '8' (Expected 'd') (Ent: 1.42)
EMNIST:'e' -> MNIST | Predict: '8' (Ent: 1.44)
  ⚠️ [Mismatch] Cycle Back predicted '8' (Expected 'e') (Ent: 1.42)
EMNIST:'f' -> MNIST | Predict: '8' (Ent: 1.44)
  ⚠️ [Mismatch] Cycle Back predicted '8' (Expected 'f') (Ent: 1.42)
EMNIST:'g' -> MNIST | Predict: '8' (Ent: 0.79)
  ⚠️ [Mismatch] Cycle Back predicted '8' (Expected 'g') (Ent: 1.42)
EMNIST:'h' -> MNIST | Predict: '8' (Ent: 0.75)
  ⚠️ [Mismatch] Cycle Back predicted '8' (Expected 'h') (Ent: 1.42)
EMNIST:'i' -> MNIST | Predict: '8' (Ent: 1.05)
  ⚠️ [Mismatch] Cycle Back predicted '8' (Expected 'i') (Ent: 1.42)
EMNIST:'j' -> MNIST | Predict: '8' (Ent: 0.91)
  ⚠️ [Mismatch] Cycle Back predicted '8' (Expected 'j') (Ent: 1.42)
EMNIST:'k' -> MNIST | Predict: '8' (Ent: 1.26)
  ⚠️ [Mismatch] Cycle Back predicted '8' (Expected 'k') (Ent: 1.42)
EMNIST:'l' -> MNIST | Predict: '8' (Ent: 1.42)
  ⚠️ [Mismatch] Cycle Back predicted '8' (Expected 'l') (Ent: 1.42)
EMNIST:'m' -> MNIST | Predict: '8' (Ent: 0.77)
  ⚠️ [Mismatch] Cycle Back predicted '8' (Expected 'm') (Ent: 1.42)
EMNIST:'n' -> MNIST | Predict: '8' (Ent: 0.98)
  ⚠️ [Mismatch] Cycle Back predicted '8' (Expected 'n') (Ent: 1.42)
EMNIST:'o' -> MNIST | Predict: '8' (Ent: 1.38)
  ⚠️ [Mismatch] Cycle Back predicted '8' (Expected 'o') (Ent: 1.42)
EMNIST:'p' -> MNIST | Predict: '8' (Ent: 1.20)
  ⚠️ [Mismatch] Cycle Back predicted '8' (Expected 'p') (Ent: 1.42)
EMNIST:'q' -> MNIST | Predict: '8' (Ent: 1.09)
  ⚠️ [Mismatch] Cycle Back predicted '8' (Expected 'q') (Ent: 1.42)
EMNIST:'r' -> MNIST | Predict: '8' (Ent: 1.00)
  ⚠️ [Mismatch] Cycle Back predicted '8' (Expected 'r') (Ent: 1.42)
EMNIST:'s' -> MNIST | Predict: '8' (Ent: 1.24)
  ⚠️ [Mismatch] Cycle Back predicted '8' (Expected 's') (Ent: 1.42)
EMNIST:'t' -> MNIST | Predict: '8' (Ent: 0.96)
  ⚠️ [Mismatch] Cycle Back predicted '8' (Expected 't') (Ent: 1.42)
EMNIST:'u' -> MNIST | Predict: '8' (Ent: 1.46)
  ⚠️ [Mismatch] Cycle Back predicted '8' (Expected 'u') (Ent: 1.42)
EMNIST:'v' -> MNIST | Predict: '8' (Ent: 0.91)
  ⚠️ [Mismatch] Cycle Back predicted '8' (Expected 'v') (Ent: 1.42)
EMNIST:'w' -> MNIST | Predict: '8' (Ent: 1.21)
  ⚠️ [Mismatch] Cycle Back predicted '8' (Expected 'w') (Ent: 1.42)
EMNIST:'x' -> MNIST | Predict: '8' (Ent: 0.95)
  ⚠️ [Mismatch] Cycle Back predicted '8' (Expected 'x') (Ent: 1.42)
EMNIST:'y' -> MNIST | Predict: '8' (Ent: 1.62)
  ⚠️ [Mismatch] Cycle Back predicted '8' (Expected 'y') (Ent: 1.42)
EMNIST:'z' -> MNIST | Predict: '8' (Ent: 0.84)
  ⚠️ [Mismatch] Cycle Back predicted '8' (Expected 'z') (Ent: 1.42)
EMNIST:'0' -> CIFAR10 | Predict: 'cat' (Ent: 1.57)
  ✅ [Match] EMNIST:'0' <==> CIFAR10:'cat' (Ent: 2.80)
EMNIST:'1' -> CIFAR10 | Predict: 'ship' (Ent: 1.47)
  ⚠️ [Mismatch] Cycle Back predicted '0' (Expected '1') (Ent: 2.74)
EMNIST:'2' -> CIFAR10 | Predict: 'airplane' (Ent: 1.17)
  ⚠️ [Mismatch] Cycle Back predicted '8' (Expected '2') (Ent: 2.66)
EMNIST:'3' -> CIFAR10 | Predict: 'ship' (Ent: 1.44)
  ⚠️ [Mismatch] Cycle Back predicted '0' (Expected '3') (Ent: 2.74)
EMNIST:'4' -> CIFAR10 | Predict: 'ship' (Ent: 1.54)
  ⚠️ [Mismatch] Cycle Back predicted '0' (Expected '4') (Ent: 2.74)
EMNIST:'5' -> CIFAR10 | Predict: 'ship' (Ent: 1.69)
  ⚠️ [Mismatch] Cycle Back predicted '0' (Expected '5') (Ent: 2.74)
EMNIST:'6' -> CIFAR10 | Predict: 'automobile' (Ent: 1.69)
  ⚠️ [Mismatch] Cycle Back predicted '0' (Expected '6') (Ent: 2.66)
EMNIST:'7' -> CIFAR10 | Predict: 'ship' (Ent: 1.67)
  ⚠️ [Mismatch] Cycle Back predicted '0' (Expected '7') (Ent: 2.74)
EMNIST:'8' -> CIFAR10 ❌ (Uncertain)
EMNIST:'9' -> CIFAR10 | Predict: 'ship' (Ent: 1.78)
  ⚠️ [Mismatch] Cycle Back predicted '0' (Expected '9') (Ent: 2.74)
EMNIST:'A' -> CIFAR10 | Predict: 'dog' (Ent: 1.58)
  ⚠️ [Mismatch] Cycle Back predicted '0' (Expected 'A') (Ent: 2.16)
EMNIST:'B' -> CIFAR10 | Predict: 'ship' (Ent: 1.76)
  ⚠️ [Mismatch] Cycle Back predicted '0' (Expected 'B') (Ent: 2.74)
EMNIST:'C' -> CIFAR10 | Predict: 'dog' (Ent: 1.32)
  ⚠️ [Mismatch] Cycle Back predicted '0' (Expected 'C') (Ent: 2.16)
EMNIST:'D' -> CIFAR10 ❌ (Uncertain)
EMNIST:'E' -> CIFAR10 | Predict: 'dog' (Ent: 1.49)
  ⚠️ [Mismatch] Cycle Back predicted '0' (Expected 'E') (Ent: 2.16)
EMNIST:'F' -> CIFAR10 | Predict: 'airplane' (Ent: 1.68)
  ⚠️ [Mismatch] Cycle Back predicted '8' (Expected 'F') (Ent: 2.66)
EMNIST:'G' -> CIFAR10 | Predict: 'ship' (Ent: 1.58)
  ⚠️ [Mismatch] Cycle Back predicted '0' (Expected 'G') (Ent: 2.74)
EMNIST:'H' -> CIFAR10 | Predict: 'ship' (Ent: 1.31)
  ⚠️ [Mismatch] Cycle Back predicted '0' (Expected 'H') (Ent: 2.74)
EMNIST:'I' -> CIFAR10 | Predict: 'dog' (Ent: 1.72)
  ⚠️ [Mismatch] Cycle Back predicted '0' (Expected 'I') (Ent: 2.16)
EMNIST:'J' -> CIFAR10 | Predict: 'ship' (Ent: 1.62)
  ⚠️ [Mismatch] Cycle Back predicted '0' (Expected 'J') (Ent: 2.74)
EMNIST:'K' -> CIFAR10 | Predict: 'airplane' (Ent: 1.29)
  ⚠️ [Mismatch] Cycle Back predicted '8' (Expected 'K') (Ent: 2.66)
EMNIST:'L' -> CIFAR10 | Predict: 'ship' (Ent: 1.79)
  ⚠️ [Mismatch] Cycle Back predicted '0' (Expected 'L') (Ent: 2.74)
EMNIST:'M' -> CIFAR10 | Predict: 'dog' (Ent: 1.82)
  ⚠️ [Mismatch] Cycle Back predicted '0' (Expected 'M') (Ent: 2.16)
EMNIST:'N' -> CIFAR10 | Predict: 'ship' (Ent: 1.69)
  ⚠️ [Mismatch] Cycle Back predicted '0' (Expected 'N') (Ent: 2.74)
EMNIST:'O' -> CIFAR10 | Predict: 'ship' (Ent: 1.74)
  ⚠️ [Mismatch] Cycle Back predicted '0' (Expected 'O') (Ent: 2.74)
EMNIST:'P' -> CIFAR10 | Predict: 'dog' (Ent: 1.55)
  ⚠️ [Mismatch] Cycle Back predicted '0' (Expected 'P') (Ent: 2.16)
EMNIST:'Q' -> CIFAR10 | Predict: 'ship' (Ent: 1.60)
  ⚠️ [Mismatch] Cycle Back predicted '0' (Expected 'Q') (Ent: 2.74)
EMNIST:'R' -> CIFAR10 | Predict: 'dog' (Ent: 1.78)
  ⚠️ [Mismatch] Cycle Back predicted '0' (Expected 'R') (Ent: 2.16)
EMNIST:'S' -> CIFAR10 | Predict: 'ship' (Ent: 1.37)
  ⚠️ [Mismatch] Cycle Back predicted '0' (Expected 'S') (Ent: 2.74)
EMNIST:'T' -> CIFAR10 ❌ (Uncertain)
EMNIST:'U' -> CIFAR10 | Predict: 'dog' (Ent: 1.40)
  ⚠️ [Mismatch] Cycle Back predicted '0' (Expected 'U') (Ent: 2.16)
EMNIST:'V' -> CIFAR10 | Predict: 'ship' (Ent: 1.58)
  ⚠️ [Mismatch] Cycle Back predicted '0' (Expected 'V') (Ent: 2.74)
EMNIST:'W' -> CIFAR10 | Predict: 'ship' (Ent: 1.61)
  ⚠️ [Mismatch] Cycle Back predicted '0' (Expected 'W') (Ent: 2.74)
EMNIST:'X' -> CIFAR10 | Predict: 'automobile' (Ent: 1.67)
  ⚠️ [Mismatch] Cycle Back predicted '0' (Expected 'X') (Ent: 2.66)
EMNIST:'Y' -> CIFAR10 | Predict: 'dog' (Ent: 1.71)
  ⚠️ [Mismatch] Cycle Back predicted '0' (Expected 'Y') (Ent: 2.16)
EMNIST:'Z' -> CIFAR10 | Predict: 'airplane' (Ent: 1.77)
  ⚠️ [Mismatch] Cycle Back predicted '8' (Expected 'Z') (Ent: 2.66)
EMNIST:'a' -> CIFAR10 | Predict: 'dog' (Ent: 1.58)
  ⚠️ [Mismatch] Cycle Back predicted '0' (Expected 'a') (Ent: 2.16)
EMNIST:'b' -> CIFAR10 | Predict: 'ship' (Ent: 1.76)
  ⚠️ [Mismatch] Cycle Back predicted '0' (Expected 'b') (Ent: 2.74)
EMNIST:'c' -> CIFAR10 | Predict: 'dog' (Ent: 1.32)
  ⚠️ [Mismatch] Cycle Back predicted '0' (Expected 'c') (Ent: 2.16)
EMNIST:'d' -> CIFAR10 ❌ (Uncertain)
EMNIST:'e' -> CIFAR10 | Predict: 'dog' (Ent: 1.49)
  ⚠️ [Mismatch] Cycle Back predicted '0' (Expected 'e') (Ent: 2.16)
EMNIST:'f' -> CIFAR10 | Predict: 'airplane' (Ent: 1.68)
  ⚠️ [Mismatch] Cycle Back predicted '8' (Expected 'f') (Ent: 2.66)
EMNIST:'g' -> CIFAR10 | Predict: 'ship' (Ent: 1.58)
  ⚠️ [Mismatch] Cycle Back predicted '0' (Expected 'g') (Ent: 2.74)
EMNIST:'h' -> CIFAR10 | Predict: 'ship' (Ent: 1.31)
  ⚠️ [Mismatch] Cycle Back predicted '0' (Expected 'h') (Ent: 2.74)
EMNIST:'i' -> CIFAR10 | Predict: 'dog' (Ent: 1.72)
  ⚠️ [Mismatch] Cycle Back predicted '0' (Expected 'i') (Ent: 2.16)
EMNIST:'j' -> CIFAR10 | Predict: 'ship' (Ent: 1.62)
  ⚠️ [Mismatch] Cycle Back predicted '0' (Expected 'j') (Ent: 2.74)
EMNIST:'k' -> CIFAR10 | Predict: 'airplane' (Ent: 1.29)
  ⚠️ [Mismatch] Cycle Back predicted '8' (Expected 'k') (Ent: 2.66)
EMNIST:'l' -> CIFAR10 | Predict: 'ship' (Ent: 1.79)
  ⚠️ [Mismatch] Cycle Back predicted '0' (Expected 'l') (Ent: 2.74)
EMNIST:'m' -> CIFAR10 | Predict: 'dog' (Ent: 1.82)
  ⚠️ [Mismatch] Cycle Back predicted '0' (Expected 'm') (Ent: 2.16)
EMNIST:'n' -> CIFAR10 | Predict: 'ship' (Ent: 1.69)
  ⚠️ [Mismatch] Cycle Back predicted '0' (Expected 'n') (Ent: 2.74)
EMNIST:'o' -> CIFAR10 | Predict: 'ship' (Ent: 1.74)
  ⚠️ [Mismatch] Cycle Back predicted '0' (Expected 'o') (Ent: 2.74)
EMNIST:'p' -> CIFAR10 | Predict: 'dog' (Ent: 1.55)
  ⚠️ [Mismatch] Cycle Back predicted '0' (Expected 'p') (Ent: 2.16)
EMNIST:'q' -> CIFAR10 | Predict: 'ship' (Ent: 1.60)
  ⚠️ [Mismatch] Cycle Back predicted '0' (Expected 'q') (Ent: 2.74)
EMNIST:'r' -> CIFAR10 | Predict: 'dog' (Ent: 1.78)
  ⚠️ [Mismatch] Cycle Back predicted '0' (Expected 'r') (Ent: 2.16)
EMNIST:'s' -> CIFAR10 | Predict: 'ship' (Ent: 1.37)
  ⚠️ [Mismatch] Cycle Back predicted '0' (Expected 's') (Ent: 2.74)
EMNIST:'t' -> CIFAR10 ❌ (Uncertain)
EMNIST:'u' -> CIFAR10 | Predict: 'dog' (Ent: 1.40)
  ⚠️ [Mismatch] Cycle Back predicted '0' (Expected 'u') (Ent: 2.16)
EMNIST:'v' -> CIFAR10 | Predict: 'ship' (Ent: 1.58)
  ⚠️ [Mismatch] Cycle Back predicted '0' (Expected 'v') (Ent: 2.74)
EMNIST:'w' -> CIFAR10 | Predict: 'ship' (Ent: 1.61)
  ⚠️ [Mismatch] Cycle Back predicted '0' (Expected 'w') (Ent: 2.74)
EMNIST:'x' -> CIFAR10 | Predict: 'automobile' (Ent: 1.67)
  ⚠️ [Mismatch] Cycle Back predicted '0' (Expected 'x') (Ent: 2.66)
EMNIST:'y' -> CIFAR10 | Predict: 'dog' (Ent: 1.71)
  ⚠️ [Mismatch] Cycle Back predicted '0' (Expected 'y') (Ent: 2.16)
EMNIST:'z' -> CIFAR10 | Predict: 'airplane' (Ent: 1.77)
  ⚠️ [Mismatch] Cycle Back predicted '8' (Expected 'z') (Ent: 2.66)
CIFAR10:'airplane' -> MNIST | Predict: '8' (Ent: 0.92)
  ⚠️ [Mismatch] Cycle Back predicted 'ship' (Expected 'airplane') (Ent: 1.69)
CIFAR10:'automobile' -> MNIST | Predict: '8' (Ent: 1.06)
  ⚠️ [Mismatch] Cycle Back predicted 'ship' (Expected 'automobile') (Ent: 1.69)
CIFAR10:'bird' -> MNIST | Predict: '8' (Ent: 0.82)
  ⚠️ [Mismatch] Cycle Back predicted 'ship' (Expected 'bird') (Ent: 1.69)
CIFAR10:'deer' -> MNIST | Predict: '8' (Ent: 1.17)
  ⚠️ [Mismatch] Cycle Back predicted 'ship' (Expected 'deer') (Ent: 1.69)
CIFAR10:'frog' -> MNIST | Predict: '8' (Ent: 1.04)
  ⚠️ [Mismatch] Cycle Back predicted 'ship' (Expected 'frog') (Ent: 1.69)
CIFAR10:'horse' -> MNIST | Predict: '8' (Ent: 1.31)
  ⚠️ [Mismatch] Cycle Back predicted 'ship' (Expected 'horse') (Ent: 1.69)
CIFAR10:'truck' -> MNIST | Predict: '8' (Ent: 1.03)
  ⚠️ [Mismatch] Cycle Back predicted 'ship' (Expected 'truck') (Ent: 1.69)
CIFAR10:'bird' -> EMNIST | Predict: '0' (Ent: 2.56)
  ⚠️ [Mismatch] Cycle Back predicted 'cat' (Expected 'bird') (Ent: 1.57)
CIFAR10:'deer' -> EMNIST | Predict: '8' (Ent: 2.41)
CIFAR10:'frog' -> EMNIST | Predict: '8' (Ent: 1.69)
CIFAR10:'horse' -> EMNIST | Predict: '0' (Ent: 2.25)
  ⚠️ [Mismatch] Cycle Back predicted 'cat' (Expected 'horse') (Ent: 1.57)
CIFAR10:'truck' -> EMNIST | Predict: '0' (Ent: 2.48)
  ⚠️ [Mismatch] Cycle Back predicted 'cat' (Expected 'truck') (Ent: 1.57)
Exp: Old Gen + New Ent (0.85)
dynamic_entropy_ratio: 0.85
MNIST:'0' -> EMNIST | Predict: '0' (Ent: 2.30)
  ⚠️ [Mismatch] Cycle Back predicted '8' (Expected '0') (Ent: 1.34)
MNIST:'1' -> EMNIST | Predict: 'W' (Ent: 2.50)
  ⚠️ [Mismatch] Cycle Back predicted '8' (Expected '1') (Ent: 1.21)
MNIST:'2' -> EMNIST | Predict: 'W' (Ent: 2.70)
  ⚠️ [Mismatch] Cycle Back predicted '8' (Expected '2') (Ent: 1.21)
MNIST:'3' -> EMNIST | Predict: 'G' (Ent: 2.50)
  ⚠️ [Mismatch] Cycle Back predicted '8' (Expected '3') (Ent: 1.10)
MNIST:'4' -> EMNIST | Predict: '8' (Ent: 2.07)
  ⚠️ [Mismatch] Cycle Back predicted '8' (Expected '4') (Ent: 0.86)
MNIST:'5' -> EMNIST | Predict: '3' (Ent: 1.69)
  ⚠️ [Mismatch] Cycle Back predicted '8' (Expected '5') (Ent: 1.14)
MNIST:'6' -> EMNIST | Predict: '8' (Ent: 2.14)
  ⚠️ [Mismatch] Cycle Back predicted '8' (Expected '6') (Ent: 0.86)
MNIST:'7' -> EMNIST | Predict: '8' (Ent: 2.09)
  ⚠️ [Mismatch] Cycle Back predicted '8' (Expected '7') (Ent: 0.86)
MNIST:'8' -> EMNIST | Predict: '8' (Ent: 1.42)
  ✅ [Match] MNIST:'8' <==> EMNIST:'8' (Ent: 0.86)
MNIST:'9' -> EMNIST | Predict: '8' (Ent: 2.30)
  ⚠️ [Mismatch] Cycle Back predicted '8' (Expected '9') (Ent: 0.86)
MNIST:'0' -> CIFAR10 | Predict: 'dog' (Ent: 1.40)
  ⚠️ [Mismatch] Cycle Back predicted '8' (Expected '0') (Ent: 0.70)
MNIST:'1' -> CIFAR10 | Predict: 'dog' (Ent: 1.95)
  ⚠️ [Mismatch] Cycle Back predicted '8' (Expected '1') (Ent: 0.70)
MNIST:'2' -> CIFAR10 ❌ (Uncertain)
MNIST:'3' -> CIFAR10 | Predict: 'cat' (Ent: 1.94)
  ⚠️ [Mismatch] Cycle Back predicted '8' (Expected '3') (Ent: 1.22)
MNIST:'4' -> CIFAR10 | Predict: 'cat' (Ent: 1.67)
  ⚠️ [Mismatch] Cycle Back predicted '8' (Expected '4') (Ent: 1.22)
MNIST:'5' -> CIFAR10 | Predict: 'ship' (Ent: 1.34)
  ⚠️ [Mismatch] Cycle Back predicted '8' (Expected '5') (Ent: 0.47)
MNIST:'6' -> CIFAR10 | Predict: 'ship' (Ent: 1.21)
  ⚠️ [Mismatch] Cycle Back predicted '8' (Expected '6') (Ent: 0.47)
MNIST:'7' -> CIFAR10 | Predict: 'ship' (Ent: 1.45)
  ⚠️ [Mismatch] Cycle Back predicted '8' (Expected '7') (Ent: 0.47)
MNIST:'8' -> CIFAR10 | Predict: 'ship' (Ent: 1.75)
  ✅ [Match] MNIST:'8' <==> CIFAR10:'ship' (Ent: 0.47)
MNIST:'9' -> CIFAR10 | Predict: 'ship' (Ent: 1.90)
  ⚠️ [Mismatch] Cycle Back predicted '8' (Expected '9') (Ent: 0.47)
EMNIST:'1' -> MNIST | Predict: '8' (Ent: 1.12)
  ⚠️ [Mismatch] Cycle Back predicted '8' (Expected '1') (Ent: 1.42)
EMNIST:'2' -> MNIST | Predict: '8' (Ent: 1.14)
  ⚠️ [Mismatch] Cycle Back predicted '8' (Expected '2') (Ent: 1.42)
EMNIST:'4' -> MNIST | Predict: '8' (Ent: 1.10)
  ⚠️ [Mismatch] Cycle Back predicted '8' (Expected '4') (Ent: 1.42)
EMNIST:'5' -> MNIST | Predict: '8' (Ent: 1.12)
  ⚠️ [Mismatch] Cycle Back predicted '8' (Expected '5') (Ent: 1.42)
EMNIST:'6' -> MNIST | Predict: '8' (Ent: 0.84)
  ⚠️ [Mismatch] Cycle Back predicted '8' (Expected '6') (Ent: 1.42)
EMNIST:'7' -> MNIST | Predict: '8' (Ent: 1.25)
  ⚠️ [Mismatch] Cycle Back predicted '8' (Expected '7') (Ent: 1.42)
EMNIST:'9' -> MNIST | Predict: '8' (Ent: 1.46)
  ⚠️ [Mismatch] Cycle Back predicted '8' (Expected '9') (Ent: 1.42)
EMNIST:'A' -> MNIST | Predict: '8' (Ent: 1.30)
  ⚠️ [Mismatch] Cycle Back predicted '8' (Expected 'A') (Ent: 1.42)
EMNIST:'B' -> MNIST | Predict: '8' (Ent: 0.86)
  ⚠️ [Mismatch] Cycle Back predicted '8' (Expected 'B') (Ent: 1.42)
EMNIST:'C' -> MNIST | Predict: '8' (Ent: 1.61)
  ⚠️ [Mismatch] Cycle Back predicted '8' (Expected 'C') (Ent: 1.42)
EMNIST:'D' -> MNIST | Predict: '8' (Ent: 1.12)
  ⚠️ [Mismatch] Cycle Back predicted '8' (Expected 'D') (Ent: 1.42)
EMNIST:'E' -> MNIST | Predict: '8' (Ent: 1.44)
  ⚠️ [Mismatch] Cycle Back predicted '8' (Expected 'E') (Ent: 1.42)
EMNIST:'F' -> MNIST | Predict: '8' (Ent: 1.44)
  ⚠️ [Mismatch] Cycle Back predicted '8' (Expected 'F') (Ent: 1.42)
EMNIST:'H' -> MNIST | Predict: '8' (Ent: 0.75)
  ⚠️ [Mismatch] Cycle Back predicted '8' (Expected 'H') (Ent: 1.42)
EMNIST:'I' -> MNIST | Predict: '8' (Ent: 1.35)
  ⚠️ [Mismatch] Cycle Back predicted '8' (Expected 'I') (Ent: 1.42)
EMNIST:'J' -> MNIST | Predict: '8' (Ent: 0.91)
  ⚠️ [Mismatch] Cycle Back predicted '8' (Expected 'J') (Ent: 1.42)
EMNIST:'K' -> MNIST | Predict: '8' (Ent: 1.26)
  ⚠️ [Mismatch] Cycle Back predicted '8' (Expected 'K') (Ent: 1.42)
EMNIST:'L' -> MNIST | Predict: '8' (Ent: 1.42)
  ⚠️ [Mismatch] Cycle Back predicted '8' (Expected 'L') (Ent: 1.42)
EMNIST:'M' -> MNIST | Predict: '8' (Ent: 0.77)
  ⚠️ [Mismatch] Cycle Back predicted '8' (Expected 'M') (Ent: 1.42)
EMNIST:'N' -> MNIST | Predict: '8' (Ent: 0.98)
  ⚠️ [Mismatch] Cycle Back predicted '8' (Expected 'N') (Ent: 1.42)
EMNIST:'O' -> MNIST | Predict: '8' (Ent: 1.38)
  ⚠️ [Mismatch] Cycle Back predicted '8' (Expected 'O') (Ent: 1.42)
EMNIST:'P' -> MNIST | Predict: '8' (Ent: 1.38)
  ⚠️ [Mismatch] Cycle Back predicted '8' (Expected 'P') (Ent: 1.42)
EMNIST:'Q' -> MNIST | Predict: '8' (Ent: 1.09)
  ⚠️ [Mismatch] Cycle Back predicted '8' (Expected 'Q') (Ent: 1.42)
EMNIST:'R' -> MNIST | Predict: '8' (Ent: 1.00)
  ⚠️ [Mismatch] Cycle Back predicted '8' (Expected 'R') (Ent: 1.42)
EMNIST:'S' -> MNIST | Predict: '8' (Ent: 1.24)
  ⚠️ [Mismatch] Cycle Back predicted '8' (Expected 'S') (Ent: 1.42)
EMNIST:'T' -> MNIST | Predict: '8' (Ent: 0.96)
  ⚠️ [Mismatch] Cycle Back predicted '8' (Expected 'T') (Ent: 1.42)
EMNIST:'U' -> MNIST | Predict: '8' (Ent: 1.46)
  ⚠️ [Mismatch] Cycle Back predicted '8' (Expected 'U') (Ent: 1.42)
EMNIST:'V' -> MNIST | Predict: '8' (Ent: 0.91)
  ⚠️ [Mismatch] Cycle Back predicted '8' (Expected 'V') (Ent: 1.42)
EMNIST:'X' -> MNIST | Predict: '8' (Ent: 1.15)
  ⚠️ [Mismatch] Cycle Back predicted '8' (Expected 'X') (Ent: 1.42)
EMNIST:'Y' -> MNIST | Predict: '8' (Ent: 1.75)
  ⚠️ [Mismatch] Cycle Back predicted '8' (Expected 'Y') (Ent: 1.42)
EMNIST:'Z' -> MNIST | Predict: '8' (Ent: 1.13)
  ⚠️ [Mismatch] Cycle Back predicted '8' (Expected 'Z') (Ent: 1.42)
EMNIST:'a' -> MNIST | Predict: '8' (Ent: 1.30)
  ⚠️ [Mismatch] Cycle Back predicted '8' (Expected 'a') (Ent: 1.42)
EMNIST:'b' -> MNIST | Predict: '8' (Ent: 0.86)
  ⚠️ [Mismatch] Cycle Back predicted '8' (Expected 'b') (Ent: 1.42)
EMNIST:'c' -> MNIST | Predict: '8' (Ent: 1.61)
  ⚠️ [Mismatch] Cycle Back predicted '8' (Expected 'c') (Ent: 1.42)
EMNIST:'d' -> MNIST | Predict: '8' (Ent: 1.12)
  ⚠️ [Mismatch] Cycle Back predicted '8' (Expected 'd') (Ent: 1.42)
EMNIST:'e' -> MNIST | Predict: '8' (Ent: 1.44)
  ⚠️ [Mismatch] Cycle Back predicted '8' (Expected 'e') (Ent: 1.42)
EMNIST:'f' -> MNIST | Predict: '8' (Ent: 1.44)
  ⚠️ [Mismatch] Cycle Back predicted '8' (Expected 'f') (Ent: 1.42)
EMNIST:'g' -> MNIST | Predict: '8' (Ent: 1.10)
  ⚠️ [Mismatch] Cycle Back predicted '8' (Expected 'g') (Ent: 1.42)
EMNIST:'h' -> MNIST | Predict: '8' (Ent: 0.75)
  ⚠️ [Mismatch] Cycle Back predicted '8' (Expected 'h') (Ent: 1.42)
EMNIST:'i' -> MNIST | Predict: '8' (Ent: 1.35)
  ⚠️ [Mismatch] Cycle Back predicted '8' (Expected 'i') (Ent: 1.42)
EMNIST:'j' -> MNIST | Predict: '8' (Ent: 0.91)
  ⚠️ [Mismatch] Cycle Back predicted '8' (Expected 'j') (Ent: 1.42)
EMNIST:'k' -> MNIST | Predict: '8' (Ent: 1.26)
  ⚠️ [Mismatch] Cycle Back predicted '8' (Expected 'k') (Ent: 1.42)
EMNIST:'l' -> MNIST | Predict: '8' (Ent: 1.42)
  ⚠️ [Mismatch] Cycle Back predicted '8' (Expected 'l') (Ent: 1.42)
EMNIST:'m' -> MNIST | Predict: '8' (Ent: 0.77)
  ⚠️ [Mismatch] Cycle Back predicted '8' (Expected 'm') (Ent: 1.42)
EMNIST:'n' -> MNIST | Predict: '8' (Ent: 0.98)
  ⚠️ [Mismatch] Cycle Back predicted '8' (Expected 'n') (Ent: 1.42)
EMNIST:'o' -> MNIST | Predict: '8' (Ent: 1.38)
  ⚠️ [Mismatch] Cycle Back predicted '8' (Expected 'o') (Ent: 1.42)
EMNIST:'p' -> MNIST | Predict: '8' (Ent: 1.38)
  ⚠️ [Mismatch] Cycle Back predicted '8' (Expected 'p') (Ent: 1.42)
EMNIST:'q' -> MNIST | Predict: '8' (Ent: 1.09)
  ⚠️ [Mismatch] Cycle Back predicted '8' (Expected 'q') (Ent: 1.42)
EMNIST:'r' -> MNIST | Predict: '8' (Ent: 1.00)
  ⚠️ [Mismatch] Cycle Back predicted '8' (Expected 'r') (Ent: 1.42)
EMNIST:'s' -> MNIST | Predict: '8' (Ent: 1.24)
  ⚠️ [Mismatch] Cycle Back predicted '8' (Expected 's') (Ent: 1.42)
EMNIST:'t' -> MNIST | Predict: '8' (Ent: 0.96)
  ⚠️ [Mismatch] Cycle Back predicted '8' (Expected 't') (Ent: 1.42)
EMNIST:'u' -> MNIST | Predict: '8' (Ent: 1.46)
  ⚠️ [Mismatch] Cycle Back predicted '8' (Expected 'u') (Ent: 1.42)
EMNIST:'v' -> MNIST | Predict: '8' (Ent: 0.91)
  ⚠️ [Mismatch] Cycle Back predicted '8' (Expected 'v') (Ent: 1.42)
EMNIST:'w' -> MNIST | Predict: '8' (Ent: 1.21)
  ⚠️ [Mismatch] Cycle Back predicted '8' (Expected 'w') (Ent: 1.42)
EMNIST:'x' -> MNIST | Predict: '8' (Ent: 1.15)
  ⚠️ [Mismatch] Cycle Back predicted '8' (Expected 'x') (Ent: 1.42)
EMNIST:'y' -> MNIST | Predict: '8' (Ent: 1.75)
  ⚠️ [Mismatch] Cycle Back predicted '8' (Expected 'y') (Ent: 1.42)
EMNIST:'z' -> MNIST | Predict: '8' (Ent: 1.13)
  ⚠️ [Mismatch] Cycle Back predicted '8' (Expected 'z') (Ent: 1.42)
EMNIST:'0' -> CIFAR10 | Predict: 'cat' (Ent: 1.57)
  ✅ [Match] EMNIST:'0' <==> CIFAR10:'cat' (Ent: 2.80)
EMNIST:'1' -> CIFAR10 | Predict: 'ship' (Ent: 1.47)
  ⚠️ [Mismatch] Cycle Back predicted '0' (Expected '1') (Ent: 2.74)
EMNIST:'2' -> CIFAR10 | Predict: 'airplane' (Ent: 1.17)
  ⚠️ [Mismatch] Cycle Back predicted '8' (Expected '2') (Ent: 2.66)
EMNIST:'3' -> CIFAR10 | Predict: 'ship' (Ent: 1.44)
  ⚠️ [Mismatch] Cycle Back predicted '0' (Expected '3') (Ent: 2.74)
EMNIST:'4' -> CIFAR10 | Predict: 'ship' (Ent: 1.54)
  ⚠️ [Mismatch] Cycle Back predicted '0' (Expected '4') (Ent: 2.74)
EMNIST:'5' -> CIFAR10 | Predict: 'ship' (Ent: 1.69)
  ⚠️ [Mismatch] Cycle Back predicted '0' (Expected '5') (Ent: 2.74)
EMNIST:'6' -> CIFAR10 | Predict: 'automobile' (Ent: 1.69)
  ⚠️ [Mismatch] Cycle Back predicted '0' (Expected '6') (Ent: 2.66)
EMNIST:'7' -> CIFAR10 | Predict: 'ship' (Ent: 1.67)
  ⚠️ [Mismatch] Cycle Back predicted '0' (Expected '7') (Ent: 2.74)
EMNIST:'8' -> CIFAR10 | Predict: 'ship' (Ent: 1.88)
  ⚠️ [Mismatch] Cycle Back predicted '0' (Expected '8') (Ent: 2.74)
EMNIST:'9' -> CIFAR10 | Predict: 'ship' (Ent: 1.78)
  ⚠️ [Mismatch] Cycle Back predicted '0' (Expected '9') (Ent: 2.74)
EMNIST:'A' -> CIFAR10 | Predict: 'dog' (Ent: 1.58)
  ⚠️ [Mismatch] Cycle Back predicted '0' (Expected 'A') (Ent: 2.16)
EMNIST:'B' -> CIFAR10 | Predict: 'ship' (Ent: 1.76)
  ⚠️ [Mismatch] Cycle Back predicted '0' (Expected 'B') (Ent: 2.74)
EMNIST:'C' -> CIFAR10 | Predict: 'dog' (Ent: 1.32)
  ⚠️ [Mismatch] Cycle Back predicted '0' (Expected 'C') (Ent: 2.16)
EMNIST:'D' -> CIFAR10 ❌ (Uncertain)
EMNIST:'E' -> CIFAR10 | Predict: 'dog' (Ent: 1.49)
  ⚠️ [Mismatch] Cycle Back predicted '0' (Expected 'E') (Ent: 2.16)
EMNIST:'F' -> CIFAR10 | Predict: 'airplane' (Ent: 1.68)
  ⚠️ [Mismatch] Cycle Back predicted '8' (Expected 'F') (Ent: 2.66)
EMNIST:'G' -> CIFAR10 | Predict: 'ship' (Ent: 1.58)
  ⚠️ [Mismatch] Cycle Back predicted '0' (Expected 'G') (Ent: 2.74)
EMNIST:'H' -> CIFAR10 | Predict: 'ship' (Ent: 1.31)
  ⚠️ [Mismatch] Cycle Back predicted '0' (Expected 'H') (Ent: 2.74)
EMNIST:'I' -> CIFAR10 | Predict: 'dog' (Ent: 1.72)
  ⚠️ [Mismatch] Cycle Back predicted '0' (Expected 'I') (Ent: 2.16)
EMNIST:'J' -> CIFAR10 | Predict: 'ship' (Ent: 1.62)
  ⚠️ [Mismatch] Cycle Back predicted '0' (Expected 'J') (Ent: 2.74)
EMNIST:'K' -> CIFAR10 | Predict: 'airplane' (Ent: 1.29)
  ⚠️ [Mismatch] Cycle Back predicted '8' (Expected 'K') (Ent: 2.66)
EMNIST:'L' -> CIFAR10 | Predict: 'ship' (Ent: 1.79)
  ⚠️ [Mismatch] Cycle Back predicted '0' (Expected 'L') (Ent: 2.74)
EMNIST:'M' -> CIFAR10 | Predict: 'dog' (Ent: 1.82)
  ⚠️ [Mismatch] Cycle Back predicted '0' (Expected 'M') (Ent: 2.16)
EMNIST:'N' -> CIFAR10 | Predict: 'ship' (Ent: 1.69)
  ⚠️ [Mismatch] Cycle Back predicted '0' (Expected 'N') (Ent: 2.74)
EMNIST:'O' -> CIFAR10 | Predict: 'ship' (Ent: 1.74)
  ⚠️ [Mismatch] Cycle Back predicted '0' (Expected 'O') (Ent: 2.74)
EMNIST:'P' -> CIFAR10 | Predict: 'dog' (Ent: 1.55)
  ⚠️ [Mismatch] Cycle Back predicted '0' (Expected 'P') (Ent: 2.16)
EMNIST:'Q' -> CIFAR10 | Predict: 'ship' (Ent: 1.60)
  ⚠️ [Mismatch] Cycle Back predicted '0' (Expected 'Q') (Ent: 2.74)
EMNIST:'R' -> CIFAR10 | Predict: 'dog' (Ent: 1.78)
  ⚠️ [Mismatch] Cycle Back predicted '0' (Expected 'R') (Ent: 2.16)
EMNIST:'S' -> CIFAR10 | Predict: 'ship' (Ent: 1.37)
  ⚠️ [Mismatch] Cycle Back predicted '0' (Expected 'S') (Ent: 2.74)
EMNIST:'T' -> CIFAR10 | Predict: 'dog' (Ent: 1.91)
  ⚠️ [Mismatch] Cycle Back predicted '0' (Expected 'T') (Ent: 2.16)
EMNIST:'U' -> CIFAR10 | Predict: 'dog' (Ent: 1.40)
  ⚠️ [Mismatch] Cycle Back predicted '0' (Expected 'U') (Ent: 2.16)
EMNIST:'V' -> CIFAR10 | Predict: 'ship' (Ent: 1.58)
  ⚠️ [Mismatch] Cycle Back predicted '0' (Expected 'V') (Ent: 2.74)
EMNIST:'W' -> CIFAR10 | Predict: 'ship' (Ent: 1.61)
  ⚠️ [Mismatch] Cycle Back predicted '0' (Expected 'W') (Ent: 2.74)
EMNIST:'X' -> CIFAR10 | Predict: 'automobile' (Ent: 1.67)
  ⚠️ [Mismatch] Cycle Back predicted '0' (Expected 'X') (Ent: 2.66)
EMNIST:'Y' -> CIFAR10 | Predict: 'dog' (Ent: 1.71)
  ⚠️ [Mismatch] Cycle Back predicted '0' (Expected 'Y') (Ent: 2.16)
EMNIST:'Z' -> CIFAR10 | Predict: 'airplane' (Ent: 1.77)
  ⚠️ [Mismatch] Cycle Back predicted '8' (Expected 'Z') (Ent: 2.66)
EMNIST:'a' -> CIFAR10 | Predict: 'dog' (Ent: 1.58)
  ⚠️ [Mismatch] Cycle Back predicted '0' (Expected 'a') (Ent: 2.16)
EMNIST:'b' -> CIFAR10 | Predict: 'ship' (Ent: 1.76)
  ⚠️ [Mismatch] Cycle Back predicted '0' (Expected 'b') (Ent: 2.74)
EMNIST:'c' -> CIFAR10 | Predict: 'dog' (Ent: 1.32)
  ⚠️ [Mismatch] Cycle Back predicted '0' (Expected 'c') (Ent: 2.16)
EMNIST:'d' -> CIFAR10 ❌ (Uncertain)
EMNIST:'e' -> CIFAR10 | Predict: 'dog' (Ent: 1.49)
  ⚠️ [Mismatch] Cycle Back predicted '0' (Expected 'e') (Ent: 2.16)
EMNIST:'f' -> CIFAR10 | Predict: 'airplane' (Ent: 1.68)
  ⚠️ [Mismatch] Cycle Back predicted '8' (Expected 'f') (Ent: 2.66)
EMNIST:'g' -> CIFAR10 | Predict: 'ship' (Ent: 1.58)
  ⚠️ [Mismatch] Cycle Back predicted '0' (Expected 'g') (Ent: 2.74)
EMNIST:'h' -> CIFAR10 | Predict: 'ship' (Ent: 1.31)
  ⚠️ [Mismatch] Cycle Back predicted '0' (Expected 'h') (Ent: 2.74)
EMNIST:'i' -> CIFAR10 | Predict: 'dog' (Ent: 1.72)
  ⚠️ [Mismatch] Cycle Back predicted '0' (Expected 'i') (Ent: 2.16)
EMNIST:'j' -> CIFAR10 | Predict: 'ship' (Ent: 1.62)
  ⚠️ [Mismatch] Cycle Back predicted '0' (Expected 'j') (Ent: 2.74)
EMNIST:'k' -> CIFAR10 | Predict: 'airplane' (Ent: 1.29)
  ⚠️ [Mismatch] Cycle Back predicted '8' (Expected 'k') (Ent: 2.66)
EMNIST:'l' -> CIFAR10 | Predict: 'ship' (Ent: 1.79)
  ⚠️ [Mismatch] Cycle Back predicted '0' (Expected 'l') (Ent: 2.74)
EMNIST:'m' -> CIFAR10 | Predict: 'dog' (Ent: 1.82)
  ⚠️ [Mismatch] Cycle Back predicted '0' (Expected 'm') (Ent: 2.16)
EMNIST:'n' -> CIFAR10 | Predict: 'ship' (Ent: 1.69)
  ⚠️ [Mismatch] Cycle Back predicted '0' (Expected 'n') (Ent: 2.74)
EMNIST:'o' -> CIFAR10 | Predict: 'ship' (Ent: 1.74)
  ⚠️ [Mismatch] Cycle Back predicted '0' (Expected 'o') (Ent: 2.74)
EMNIST:'p' -> CIFAR10 | Predict: 'dog' (Ent: 1.55)
  ⚠️ [Mismatch] Cycle Back predicted '0' (Expected 'p') (Ent: 2.16)
EMNIST:'q' -> CIFAR10 | Predict: 'ship' (Ent: 1.60)
  ⚠️ [Mismatch] Cycle Back predicted '0' (Expected 'q') (Ent: 2.74)
EMNIST:'r' -> CIFAR10 | Predict: 'dog' (Ent: 1.78)
  ⚠️ [Mismatch] Cycle Back predicted '0' (Expected 'r') (Ent: 2.16)
EMNIST:'s' -> CIFAR10 | Predict: 'ship' (Ent: 1.37)
  ⚠️ [Mismatch] Cycle Back predicted '0' (Expected 's') (Ent: 2.74)
EMNIST:'t' -> CIFAR10 | Predict: 'dog' (Ent: 1.91)
  ⚠️ [Mismatch] Cycle Back predicted '0' (Expected 't') (Ent: 2.16)
EMNIST:'u' -> CIFAR10 | Predict: 'dog' (Ent: 1.40)
  ⚠️ [Mismatch] Cycle Back predicted '0' (Expected 'u') (Ent: 2.16)
EMNIST:'v' -> CIFAR10 | Predict: 'ship' (Ent: 1.58)
  ⚠️ [Mismatch] Cycle Back predicted '0' (Expected 'v') (Ent: 2.74)
EMNIST:'w' -> CIFAR10 | Predict: 'ship' (Ent: 1.61)
  ⚠️ [Mismatch] Cycle Back predicted '0' (Expected 'w') (Ent: 2.74)
EMNIST:'x' -> CIFAR10 | Predict: 'automobile' (Ent: 1.67)
  ⚠️ [Mismatch] Cycle Back predicted '0' (Expected 'x') (Ent: 2.66)
EMNIST:'y' -> CIFAR10 | Predict: 'dog' (Ent: 1.71)
  ⚠️ [Mismatch] Cycle Back predicted '0' (Expected 'y') (Ent: 2.16)
EMNIST:'z' -> CIFAR10 | Predict: 'airplane' (Ent: 1.77)
  ⚠️ [Mismatch] Cycle Back predicted '8' (Expected 'z') (Ent: 2.66)
CIFAR10:'airplane' -> MNIST | Predict: '8' (Ent: 0.92)
  ⚠️ [Mismatch] Cycle Back predicted 'ship' (Expected 'airplane') (Ent: 1.75)
CIFAR10:'automobile' -> MNIST | Predict: '8' (Ent: 1.31)
  ⚠️ [Mismatch] Cycle Back predicted 'ship' (Expected 'automobile') (Ent: 1.75)
CIFAR10:'bird' -> MNIST | Predict: '8' (Ent: 0.82)
  ⚠️ [Mismatch] Cycle Back predicted 'ship' (Expected 'bird') (Ent: 1.75)
CIFAR10:'deer' -> MNIST | Predict: '8' (Ent: 1.17)
  ⚠️ [Mismatch] Cycle Back predicted 'ship' (Expected 'deer') (Ent: 1.75)
CIFAR10:'frog' -> MNIST | Predict: '8' (Ent: 1.04)
  ⚠️ [Mismatch] Cycle Back predicted 'ship' (Expected 'frog') (Ent: 1.75)
CIFAR10:'horse' -> MNIST | Predict: '8' (Ent: 1.31)
  ⚠️ [Mismatch] Cycle Back predicted 'ship' (Expected 'horse') (Ent: 1.75)
CIFAR10:'truck' -> MNIST | Predict: '8' (Ent: 1.03)
  ⚠️ [Mismatch] Cycle Back predicted 'ship' (Expected 'truck') (Ent: 1.75)
CIFAR10:'bird' -> EMNIST | Predict: '0' (Ent: 2.56)
  ⚠️ [Mismatch] Cycle Back predicted 'cat' (Expected 'bird') (Ent: 1.57)
CIFAR10:'deer' -> EMNIST | Predict: '8' (Ent: 2.41)
  ⚠️ [Mismatch] Cycle Back predicted 'ship' (Expected 'deer') (Ent: 1.88)
CIFAR10:'frog' -> EMNIST | Predict: '8' (Ent: 1.69)
  ⚠️ [Mismatch] Cycle Back predicted 'ship' (Expected 'frog') (Ent: 1.88)
CIFAR10:'horse' -> EMNIST | Predict: '0' (Ent: 2.25)
  ⚠️ [Mismatch] Cycle Back predicted 'cat' (Expected 'horse') (Ent: 1.57)
CIFAR10:'truck' -> EMNIST | Predict: '0' (Ent: 2.48)
  ⚠️ [Mismatch] Cycle Back predicted 'cat' (Expected 'truck') (Ent: 1.57)
Exp: Old Gen + New Ent (0.9)
dynamic_entropy_ratio: 0.9
MNIST:'0' -> EMNIST | Predict: '0' (Ent: 2.30)
  ⚠️ [Mismatch] Cycle Back predicted '8' (Expected '0') (Ent: 1.55)
MNIST:'1' -> EMNIST | Predict: 'W' (Ent: 2.50)
  ⚠️ [Mismatch] Cycle Back predicted '8' (Expected '1') (Ent: 1.36)
MNIST:'2' -> EMNIST | Predict: 'W' (Ent: 2.70)
  ⚠️ [Mismatch] Cycle Back predicted '8' (Expected '2') (Ent: 1.36)
MNIST:'3' -> EMNIST | Predict: 'G' (Ent: 2.50)
  ⚠️ [Mismatch] Cycle Back predicted '8' (Expected '3') (Ent: 1.25)
MNIST:'4' -> EMNIST | Predict: '8' (Ent: 2.07)
  ⚠️ [Mismatch] Cycle Back predicted '8' (Expected '4') (Ent: 1.07)
MNIST:'5' -> EMNIST | Predict: '3' (Ent: 1.69)
  ⚠️ [Mismatch] Cycle Back predicted '8' (Expected '5') (Ent: 1.14)
MNIST:'6' -> EMNIST | Predict: '8' (Ent: 2.14)
  ⚠️ [Mismatch] Cycle Back predicted '8' (Expected '6') (Ent: 1.07)
MNIST:'7' -> EMNIST | Predict: '8' (Ent: 2.09)
  ⚠️ [Mismatch] Cycle Back predicted '8' (Expected '7') (Ent: 1.07)
MNIST:'8' -> EMNIST | Predict: '8' (Ent: 1.42)
  ✅ [Match] MNIST:'8' <==> EMNIST:'8' (Ent: 1.07)
MNIST:'9' -> EMNIST | Predict: '8' (Ent: 2.30)
  ⚠️ [Mismatch] Cycle Back predicted '8' (Expected '9') (Ent: 1.07)
MNIST:'0' -> CIFAR10 | Predict: 'dog' (Ent: 1.40)
  ⚠️ [Mismatch] Cycle Back predicted '8' (Expected '0') (Ent: 1.23)
MNIST:'1' -> CIFAR10 | Predict: 'dog' (Ent: 1.95)
  ⚠️ [Mismatch] Cycle Back predicted '8' (Expected '1') (Ent: 1.23)
MNIST:'2' -> CIFAR10 | Predict: 'dog' (Ent: 2.02)
  ⚠️ [Mismatch] Cycle Back predicted '8' (Expected '2') (Ent: 1.23)
MNIST:'3' -> CIFAR10 | Predict: 'cat' (Ent: 1.94)
  ⚠️ [Mismatch] Cycle Back predicted '8' (Expected '3') (Ent: 1.44)
MNIST:'4' -> CIFAR10 | Predict: 'cat' (Ent: 1.67)
  ⚠️ [Mismatch] Cycle Back predicted '8' (Expected '4') (Ent: 1.44)
MNIST:'5' -> CIFAR10 | Predict: 'ship' (Ent: 1.34)
  ⚠️ [Mismatch] Cycle Back predicted '8' (Expected '5') (Ent: 0.81)
MNIST:'6' -> CIFAR10 | Predict: 'ship' (Ent: 1.21)
  ⚠️ [Mismatch] Cycle Back predicted '8' (Expected '6') (Ent: 0.81)
MNIST:'7' -> CIFAR10 | Predict: 'ship' (Ent: 1.45)
  ⚠️ [Mismatch] Cycle Back predicted '8' (Expected '7') (Ent: 0.81)
MNIST:'8' -> CIFAR10 | Predict: 'ship' (Ent: 1.75)
  ✅ [Match] MNIST:'8' <==> CIFAR10:'ship' (Ent: 0.81)
MNIST:'9' -> CIFAR10 | Predict: 'ship' (Ent: 1.90)
  ⚠️ [Mismatch] Cycle Back predicted '8' (Expected '9') (Ent: 0.81)
EMNIST:'1' -> MNIST | Predict: '8' (Ent: 1.12)
  ⚠️ [Mismatch] Cycle Back predicted '8' (Expected '1') (Ent: 1.42)
EMNIST:'2' -> MNIST | Predict: '8' (Ent: 1.14)
  ⚠️ [Mismatch] Cycle Back predicted '8' (Expected '2') (Ent: 1.42)
EMNIST:'4' -> MNIST | Predict: '8' (Ent: 1.10)
  ⚠️ [Mismatch] Cycle Back predicted '8' (Expected '4') (Ent: 1.42)
EMNIST:'5' -> MNIST | Predict: '8' (Ent: 1.12)
  ⚠️ [Mismatch] Cycle Back predicted '8' (Expected '5') (Ent: 1.42)
EMNIST:'6' -> MNIST | Predict: '8' (Ent: 1.05)
  ⚠️ [Mismatch] Cycle Back predicted '8' (Expected '6') (Ent: 1.42)
EMNIST:'7' -> MNIST | Predict: '8' (Ent: 1.25)
  ⚠️ [Mismatch] Cycle Back predicted '8' (Expected '7') (Ent: 1.42)
EMNIST:'9' -> MNIST | Predict: '8' (Ent: 1.61)
  ⚠️ [Mismatch] Cycle Back predicted '8' (Expected '9') (Ent: 1.42)
EMNIST:'A' -> MNIST | Predict: '8' (Ent: 1.48)
  ⚠️ [Mismatch] Cycle Back predicted '8' (Expected 'A') (Ent: 1.42)
EMNIST:'B' -> MNIST | Predict: '8' (Ent: 0.86)
  ⚠️ [Mismatch] Cycle Back predicted '8' (Expected 'B') (Ent: 1.42)
EMNIST:'C' -> MNIST | Predict: '8' (Ent: 1.79)
  ⚠️ [Mismatch] Cycle Back predicted '8' (Expected 'C') (Ent: 1.42)
EMNIST:'D' -> MNIST | Predict: '8' (Ent: 1.12)
  ⚠️ [Mismatch] Cycle Back predicted '8' (Expected 'D') (Ent: 1.42)
EMNIST:'E' -> MNIST | Predict: '8' (Ent: 1.57)
  ⚠️ [Mismatch] Cycle Back predicted '8' (Expected 'E') (Ent: 1.42)
EMNIST:'F' -> MNIST | Predict: '8' (Ent: 1.44)
  ⚠️ [Mismatch] Cycle Back predicted '8' (Expected 'F') (Ent: 1.42)
EMNIST:'H' -> MNIST | Predict: '8' (Ent: 0.75)
  ⚠️ [Mismatch] Cycle Back predicted '8' (Expected 'H') (Ent: 1.42)
EMNIST:'I' -> MNIST | Predict: '8' (Ent: 1.35)
  ⚠️ [Mismatch] Cycle Back predicted '8' (Expected 'I') (Ent: 1.42)
EMNIST:'J' -> MNIST | Predict: '8' (Ent: 0.91)
  ⚠️ [Mismatch] Cycle Back predicted '8' (Expected 'J') (Ent: 1.42)
EMNIST:'K' -> MNIST | Predict: '8' (Ent: 1.26)
  ⚠️ [Mismatch] Cycle Back predicted '8' (Expected 'K') (Ent: 1.42)
EMNIST:'L' -> MNIST | Predict: '8' (Ent: 1.42)
  ⚠️ [Mismatch] Cycle Back predicted '8' (Expected 'L') (Ent: 1.42)
EMNIST:'M' -> MNIST | Predict: '8' (Ent: 0.77)
  ⚠️ [Mismatch] Cycle Back predicted '8' (Expected 'M') (Ent: 1.42)
EMNIST:'N' -> MNIST | Predict: '8' (Ent: 0.98)
  ⚠️ [Mismatch] Cycle Back predicted '8' (Expected 'N') (Ent: 1.42)
EMNIST:'O' -> MNIST | Predict: '8' (Ent: 1.55)
  ⚠️ [Mismatch] Cycle Back predicted '8' (Expected 'O') (Ent: 1.42)
EMNIST:'P' -> MNIST | Predict: '8' (Ent: 1.38)
  ⚠️ [Mismatch] Cycle Back predicted '8' (Expected 'P') (Ent: 1.42)
EMNIST:'Q' -> MNIST | Predict: '8' (Ent: 1.09)
  ⚠️ [Mismatch] Cycle Back predicted '8' (Expected 'Q') (Ent: 1.42)
EMNIST:'R' -> MNIST | Predict: '8' (Ent: 1.00)
  ⚠️ [Mismatch] Cycle Back predicted '8' (Expected 'R') (Ent: 1.42)
EMNIST:'S' -> MNIST | Predict: '8' (Ent: 1.41)
  ⚠️ [Mismatch] Cycle Back predicted '8' (Expected 'S') (Ent: 1.42)
EMNIST:'T' -> MNIST | Predict: '8' (Ent: 0.96)
  ⚠️ [Mismatch] Cycle Back predicted '8' (Expected 'T') (Ent: 1.42)
EMNIST:'U' -> MNIST | Predict: '8' (Ent: 1.46)
  ⚠️ [Mismatch] Cycle Back predicted '8' (Expected 'U') (Ent: 1.42)
EMNIST:'V' -> MNIST | Predict: '8' (Ent: 0.91)
  ⚠️ [Mismatch] Cycle Back predicted '8' (Expected 'V') (Ent: 1.42)
EMNIST:'X' -> MNIST | Predict: '8' (Ent: 1.15)
  ⚠️ [Mismatch] Cycle Back predicted '8' (Expected 'X') (Ent: 1.42)
EMNIST:'Y' -> MNIST | Predict: '8' (Ent: 1.84)
  ⚠️ [Mismatch] Cycle Back predicted '8' (Expected 'Y') (Ent: 1.42)
EMNIST:'Z' -> MNIST | Predict: '8' (Ent: 1.13)
  ⚠️ [Mismatch] Cycle Back predicted '8' (Expected 'Z') (Ent: 1.42)
EMNIST:'a' -> MNIST | Predict: '8' (Ent: 1.48)
  ⚠️ [Mismatch] Cycle Back predicted '8' (Expected 'a') (Ent: 1.42)
EMNIST:'b' -> MNIST | Predict: '8' (Ent: 0.86)
  ⚠️ [Mismatch] Cycle Back predicted '8' (Expected 'b') (Ent: 1.42)
EMNIST:'c' -> MNIST | Predict: '8' (Ent: 1.79)
  ⚠️ [Mismatch] Cycle Back predicted '8' (Expected 'c') (Ent: 1.42)
EMNIST:'d' -> MNIST | Predict: '8' (Ent: 1.12)
  ⚠️ [Mismatch] Cycle Back predicted '8' (Expected 'd') (Ent: 1.42)
EMNIST:'e' -> MNIST | Predict: '8' (Ent: 1.57)
  ⚠️ [Mismatch] Cycle Back predicted '8' (Expected 'e') (Ent: 1.42)
EMNIST:'f' -> MNIST | Predict: '8' (Ent: 1.44)
  ⚠️ [Mismatch] Cycle Back predicted '8' (Expected 'f') (Ent: 1.42)
EMNIST:'g' -> MNIST | Predict: '8' (Ent: 1.25)
  ⚠️ [Mismatch] Cycle Back predicted '8' (Expected 'g') (Ent: 1.42)
EMNIST:'h' -> MNIST | Predict: '8' (Ent: 0.75)
  ⚠️ [Mismatch] Cycle Back predicted '8' (Expected 'h') (Ent: 1.42)
EMNIST:'i' -> MNIST | Predict: '8' (Ent: 1.35)
  ⚠️ [Mismatch] Cycle Back predicted '8' (Expected 'i') (Ent: 1.42)
EMNIST:'j' -> MNIST | Predict: '8' (Ent: 0.91)
  ⚠️ [Mismatch] Cycle Back predicted '8' (Expected 'j') (Ent: 1.42)
EMNIST:'k' -> MNIST | Predict: '8' (Ent: 1.26)
  ⚠️ [Mismatch] Cycle Back predicted '8' (Expected 'k') (Ent: 1.42)
EMNIST:'l' -> MNIST | Predict: '8' (Ent: 1.42)
  ⚠️ [Mismatch] Cycle Back predicted '8' (Expected 'l') (Ent: 1.42)
EMNIST:'m' -> MNIST | Predict: '8' (Ent: 0.77)
  ⚠️ [Mismatch] Cycle Back predicted '8' (Expected 'm') (Ent: 1.42)
EMNIST:'n' -> MNIST | Predict: '8' (Ent: 0.98)
  ⚠️ [Mismatch] Cycle Back predicted '8' (Expected 'n') (Ent: 1.42)
EMNIST:'o' -> MNIST | Predict: '8' (Ent: 1.55)
  ⚠️ [Mismatch] Cycle Back predicted '8' (Expected 'o') (Ent: 1.42)
EMNIST:'p' -> MNIST | Predict: '8' (Ent: 1.38)
  ⚠️ [Mismatch] Cycle Back predicted '8' (Expected 'p') (Ent: 1.42)
EMNIST:'q' -> MNIST | Predict: '8' (Ent: 1.09)
  ⚠️ [Mismatch] Cycle Back predicted '8' (Expected 'q') (Ent: 1.42)
EMNIST:'r' -> MNIST | Predict: '8' (Ent: 1.00)
  ⚠️ [Mismatch] Cycle Back predicted '8' (Expected 'r') (Ent: 1.42)
EMNIST:'s' -> MNIST | Predict: '8' (Ent: 1.41)
  ⚠️ [Mismatch] Cycle Back predicted '8' (Expected 's') (Ent: 1.42)
EMNIST:'t' -> MNIST | Predict: '8' (Ent: 0.96)
  ⚠️ [Mismatch] Cycle Back predicted '8' (Expected 't') (Ent: 1.42)
EMNIST:'u' -> MNIST | Predict: '8' (Ent: 1.46)
  ⚠️ [Mismatch] Cycle Back predicted '8' (Expected 'u') (Ent: 1.42)
EMNIST:'v' -> MNIST | Predict: '8' (Ent: 0.91)
  ⚠️ [Mismatch] Cycle Back predicted '8' (Expected 'v') (Ent: 1.42)
EMNIST:'w' -> MNIST | Predict: '8' (Ent: 1.36)
  ⚠️ [Mismatch] Cycle Back predicted '8' (Expected 'w') (Ent: 1.42)
EMNIST:'x' -> MNIST | Predict: '8' (Ent: 1.15)
  ⚠️ [Mismatch] Cycle Back predicted '8' (Expected 'x') (Ent: 1.42)
EMNIST:'y' -> MNIST | Predict: '8' (Ent: 1.84)
  ⚠️ [Mismatch] Cycle Back predicted '8' (Expected 'y') (Ent: 1.42)
EMNIST:'z' -> MNIST | Predict: '8' (Ent: 1.13)
  ⚠️ [Mismatch] Cycle Back predicted '8' (Expected 'z') (Ent: 1.42)
EMNIST:'0' -> CIFAR10 | Predict: 'cat' (Ent: 1.57)
  ✅ [Match] EMNIST:'0' <==> CIFAR10:'cat' (Ent: 2.80)
EMNIST:'1' -> CIFAR10 | Predict: 'ship' (Ent: 1.47)
  ⚠️ [Mismatch] Cycle Back predicted '0' (Expected '1') (Ent: 2.74)
EMNIST:'2' -> CIFAR10 | Predict: 'airplane' (Ent: 1.17)
  ⚠️ [Mismatch] Cycle Back predicted '8' (Expected '2') (Ent: 2.66)
EMNIST:'3' -> CIFAR10 | Predict: 'ship' (Ent: 1.44)
  ⚠️ [Mismatch] Cycle Back predicted '0' (Expected '3') (Ent: 2.74)
EMNIST:'4' -> CIFAR10 | Predict: 'ship' (Ent: 1.54)
  ⚠️ [Mismatch] Cycle Back predicted '0' (Expected '4') (Ent: 2.74)
EMNIST:'5' -> CIFAR10 | Predict: 'ship' (Ent: 1.69)
  ⚠️ [Mismatch] Cycle Back predicted '0' (Expected '5') (Ent: 2.74)
EMNIST:'6' -> CIFAR10 | Predict: 'automobile' (Ent: 1.69)
  ⚠️ [Mismatch] Cycle Back predicted '0' (Expected '6') (Ent: 2.66)
EMNIST:'7' -> CIFAR10 | Predict: 'ship' (Ent: 1.67)
  ⚠️ [Mismatch] Cycle Back predicted '0' (Expected '7') (Ent: 2.74)
EMNIST:'8' -> CIFAR10 | Predict: 'ship' (Ent: 1.88)
  ⚠️ [Mismatch] Cycle Back predicted '0' (Expected '8') (Ent: 2.74)
EMNIST:'9' -> CIFAR10 | Predict: 'ship' (Ent: 1.88)
  ⚠️ [Mismatch] Cycle Back predicted '0' (Expected '9') (Ent: 2.74)
EMNIST:'A' -> CIFAR10 | Predict: 'dog' (Ent: 1.58)
  ⚠️ [Mismatch] Cycle Back predicted '0' (Expected 'A') (Ent: 2.16)
EMNIST:'B' -> CIFAR10 | Predict: 'ship' (Ent: 1.76)
  ⚠️ [Mismatch] Cycle Back predicted '0' (Expected 'B') (Ent: 2.74)
EMNIST:'C' -> CIFAR10 | Predict: 'dog' (Ent: 1.32)
  ⚠️ [Mismatch] Cycle Back predicted '0' (Expected 'C') (Ent: 2.16)
EMNIST:'D' -> CIFAR10 ❌ (Uncertain)
EMNIST:'E' -> CIFAR10 | Predict: 'dog' (Ent: 1.49)
  ⚠️ [Mismatch] Cycle Back predicted '0' (Expected 'E') (Ent: 2.16)
EMNIST:'F' -> CIFAR10 | Predict: 'airplane' (Ent: 1.68)
  ⚠️ [Mismatch] Cycle Back predicted '8' (Expected 'F') (Ent: 2.66)
EMNIST:'G' -> CIFAR10 | Predict: 'ship' (Ent: 1.58)
  ⚠️ [Mismatch] Cycle Back predicted '0' (Expected 'G') (Ent: 2.74)
EMNIST:'H' -> CIFAR10 | Predict: 'ship' (Ent: 1.31)
  ⚠️ [Mismatch] Cycle Back predicted '0' (Expected 'H') (Ent: 2.74)
EMNIST:'I' -> CIFAR10 | Predict: 'dog' (Ent: 1.72)
  ⚠️ [Mismatch] Cycle Back predicted '0' (Expected 'I') (Ent: 2.16)
EMNIST:'J' -> CIFAR10 | Predict: 'ship' (Ent: 1.62)
  ⚠️ [Mismatch] Cycle Back predicted '0' (Expected 'J') (Ent: 2.74)
EMNIST:'K' -> CIFAR10 | Predict: 'airplane' (Ent: 1.29)
  ⚠️ [Mismatch] Cycle Back predicted '8' (Expected 'K') (Ent: 2.66)
EMNIST:'L' -> CIFAR10 | Predict: 'ship' (Ent: 1.79)
  ⚠️ [Mismatch] Cycle Back predicted '0' (Expected 'L') (Ent: 2.74)
EMNIST:'M' -> CIFAR10 | Predict: 'dog' (Ent: 1.82)
  ⚠️ [Mismatch] Cycle Back predicted '0' (Expected 'M') (Ent: 2.16)
EMNIST:'N' -> CIFAR10 | Predict: 'ship' (Ent: 1.69)
  ⚠️ [Mismatch] Cycle Back predicted '0' (Expected 'N') (Ent: 2.74)
EMNIST:'O' -> CIFAR10 | Predict: 'ship' (Ent: 1.74)
  ⚠️ [Mismatch] Cycle Back predicted '0' (Expected 'O') (Ent: 2.74)
EMNIST:'P' -> CIFAR10 | Predict: 'dog' (Ent: 1.55)
  ⚠️ [Mismatch] Cycle Back predicted '0' (Expected 'P') (Ent: 2.16)
EMNIST:'Q' -> CIFAR10 | Predict: 'ship' (Ent: 1.60)
  ⚠️ [Mismatch] Cycle Back predicted '0' (Expected 'Q') (Ent: 2.74)
EMNIST:'R' -> CIFAR10 | Predict: 'dog' (Ent: 1.78)
  ⚠️ [Mismatch] Cycle Back predicted '0' (Expected 'R') (Ent: 2.16)
EMNIST:'S' -> CIFAR10 | Predict: 'ship' (Ent: 1.37)
  ⚠️ [Mismatch] Cycle Back predicted '0' (Expected 'S') (Ent: 2.74)
EMNIST:'T' -> CIFAR10 | Predict: 'dog' (Ent: 1.91)
  ⚠️ [Mismatch] Cycle Back predicted '0' (Expected 'T') (Ent: 2.16)
EMNIST:'U' -> CIFAR10 | Predict: 'dog' (Ent: 1.40)
  ⚠️ [Mismatch] Cycle Back predicted '0' (Expected 'U') (Ent: 2.16)
EMNIST:'V' -> CIFAR10 | Predict: 'ship' (Ent: 1.58)
  ⚠️ [Mismatch] Cycle Back predicted '0' (Expected 'V') (Ent: 2.74)
EMNIST:'W' -> CIFAR10 | Predict: 'ship' (Ent: 1.61)
  ⚠️ [Mismatch] Cycle Back predicted '0' (Expected 'W') (Ent: 2.74)
EMNIST:'X' -> CIFAR10 | Predict: 'automobile' (Ent: 1.67)
  ⚠️ [Mismatch] Cycle Back predicted '0' (Expected 'X') (Ent: 2.66)
EMNIST:'Y' -> CIFAR10 | Predict: 'dog' (Ent: 1.71)
  ⚠️ [Mismatch] Cycle Back predicted '0' (Expected 'Y') (Ent: 2.16)
EMNIST:'Z' -> CIFAR10 | Predict: 'airplane' (Ent: 1.77)
  ⚠️ [Mismatch] Cycle Back predicted '8' (Expected 'Z') (Ent: 2.66)
EMNIST:'a' -> CIFAR10 | Predict: 'dog' (Ent: 1.58)
  ⚠️ [Mismatch] Cycle Back predicted '0' (Expected 'a') (Ent: 2.16)
EMNIST:'b' -> CIFAR10 | Predict: 'ship' (Ent: 1.76)
  ⚠️ [Mismatch] Cycle Back predicted '0' (Expected 'b') (Ent: 2.74)
EMNIST:'c' -> CIFAR10 | Predict: 'dog' (Ent: 1.32)
  ⚠️ [Mismatch] Cycle Back predicted '0' (Expected 'c') (Ent: 2.16)
EMNIST:'d' -> CIFAR10 ❌ (Uncertain)
EMNIST:'e' -> CIFAR10 | Predict: 'dog' (Ent: 1.49)
  ⚠️ [Mismatch] Cycle Back predicted '0' (Expected 'e') (Ent: 2.16)
EMNIST:'f' -> CIFAR10 | Predict: 'airplane' (Ent: 1.68)
  ⚠️ [Mismatch] Cycle Back predicted '8' (Expected 'f') (Ent: 2.66)
EMNIST:'g' -> CIFAR10 | Predict: 'ship' (Ent: 1.58)
  ⚠️ [Mismatch] Cycle Back predicted '0' (Expected 'g') (Ent: 2.74)
EMNIST:'h' -> CIFAR10 | Predict: 'ship' (Ent: 1.31)
  ⚠️ [Mismatch] Cycle Back predicted '0' (Expected 'h') (Ent: 2.74)
EMNIST:'i' -> CIFAR10 | Predict: 'dog' (Ent: 1.72)
  ⚠️ [Mismatch] Cycle Back predicted '0' (Expected 'i') (Ent: 2.16)
EMNIST:'j' -> CIFAR10 | Predict: 'ship' (Ent: 1.62)
  ⚠️ [Mismatch] Cycle Back predicted '0' (Expected 'j') (Ent: 2.74)
EMNIST:'k' -> CIFAR10 | Predict: 'airplane' (Ent: 1.29)
  ⚠️ [Mismatch] Cycle Back predicted '8' (Expected 'k') (Ent: 2.66)
EMNIST:'l' -> CIFAR10 | Predict: 'ship' (Ent: 1.79)
  ⚠️ [Mismatch] Cycle Back predicted '0' (Expected 'l') (Ent: 2.74)
EMNIST:'m' -> CIFAR10 | Predict: 'dog' (Ent: 1.82)
  ⚠️ [Mismatch] Cycle Back predicted '0' (Expected 'm') (Ent: 2.16)
EMNIST:'n' -> CIFAR10 | Predict: 'ship' (Ent: 1.69)
  ⚠️ [Mismatch] Cycle Back predicted '0' (Expected 'n') (Ent: 2.74)
EMNIST:'o' -> CIFAR10 | Predict: 'ship' (Ent: 1.74)
  ⚠️ [Mismatch] Cycle Back predicted '0' (Expected 'o') (Ent: 2.74)
EMNIST:'p' -> CIFAR10 | Predict: 'dog' (Ent: 1.55)
  ⚠️ [Mismatch] Cycle Back predicted '0' (Expected 'p') (Ent: 2.16)
EMNIST:'q' -> CIFAR10 | Predict: 'ship' (Ent: 1.60)
  ⚠️ [Mismatch] Cycle Back predicted '0' (Expected 'q') (Ent: 2.74)
EMNIST:'r' -> CIFAR10 | Predict: 'dog' (Ent: 1.78)
  ⚠️ [Mismatch] Cycle Back predicted '0' (Expected 'r') (Ent: 2.16)
EMNIST:'s' -> CIFAR10 | Predict: 'ship' (Ent: 1.37)
  ⚠️ [Mismatch] Cycle Back predicted '0' (Expected 's') (Ent: 2.74)
EMNIST:'t' -> CIFAR10 | Predict: 'dog' (Ent: 1.91)
  ⚠️ [Mismatch] Cycle Back predicted '0' (Expected 't') (Ent: 2.16)
EMNIST:'u' -> CIFAR10 | Predict: 'dog' (Ent: 1.40)
  ⚠️ [Mismatch] Cycle Back predicted '0' (Expected 'u') (Ent: 2.16)
EMNIST:'v' -> CIFAR10 | Predict: 'ship' (Ent: 1.58)
  ⚠️ [Mismatch] Cycle Back predicted '0' (Expected 'v') (Ent: 2.74)
EMNIST:'w' -> CIFAR10 | Predict: 'ship' (Ent: 1.61)
  ⚠️ [Mismatch] Cycle Back predicted '0' (Expected 'w') (Ent: 2.74)
EMNIST:'x' -> CIFAR10 | Predict: 'automobile' (Ent: 1.67)
  ⚠️ [Mismatch] Cycle Back predicted '0' (Expected 'x') (Ent: 2.66)
EMNIST:'y' -> CIFAR10 | Predict: 'dog' (Ent: 1.71)
  ⚠️ [Mismatch] Cycle Back predicted '0' (Expected 'y') (Ent: 2.16)
EMNIST:'z' -> CIFAR10 | Predict: 'airplane' (Ent: 1.77)
  ⚠️ [Mismatch] Cycle Back predicted '8' (Expected 'z') (Ent: 2.66)
CIFAR10:'airplane' -> MNIST | Predict: '8' (Ent: 1.14)
  ⚠️ [Mismatch] Cycle Back predicted 'ship' (Expected 'airplane') (Ent: 1.75)
CIFAR10:'automobile' -> MNIST | Predict: '8' (Ent: 1.42)
  ⚠️ [Mismatch] Cycle Back predicted 'ship' (Expected 'automobile') (Ent: 1.75)
CIFAR10:'bird' -> MNIST | Predict: '8' (Ent: 1.09)
  ⚠️ [Mismatch] Cycle Back predicted 'ship' (Expected 'bird') (Ent: 1.75)
CIFAR10:'deer' -> MNIST | Predict: '8' (Ent: 1.17)
  ⚠️ [Mismatch] Cycle Back predicted 'ship' (Expected 'deer') (Ent: 1.75)
CIFAR10:'frog' -> MNIST | Predict: '8' (Ent: 1.20)
  ⚠️ [Mismatch] Cycle Back predicted 'ship' (Expected 'frog') (Ent: 1.75)
CIFAR10:'horse' -> MNIST | Predict: '8' (Ent: 1.31)
  ⚠️ [Mismatch] Cycle Back predicted 'ship' (Expected 'horse') (Ent: 1.75)
CIFAR10:'truck' -> MNIST | Predict: '8' (Ent: 1.25)
  ⚠️ [Mismatch] Cycle Back predicted 'ship' (Expected 'truck') (Ent: 1.75)
CIFAR10:'bird' -> EMNIST | Predict: '0' (Ent: 2.56)
  ⚠️ [Mismatch] Cycle Back predicted 'cat' (Expected 'bird') (Ent: 1.57)
CIFAR10:'deer' -> EMNIST | Predict: '8' (Ent: 2.41)
  ⚠️ [Mismatch] Cycle Back predicted 'ship' (Expected 'deer') (Ent: 1.88)
CIFAR10:'frog' -> EMNIST | Predict: '8' (Ent: 1.69)
  ⚠️ [Mismatch] Cycle Back predicted 'ship' (Expected 'frog') (Ent: 1.88)
CIFAR10:'horse' -> EMNIST | Predict: '0' (Ent: 2.25)
  ⚠️ [Mismatch] Cycle Back predicted 'cat' (Expected 'horse') (Ent: 1.57)
CIFAR10:'truck' -> EMNIST | Predict: '0' (Ent: 2.48)
  ⚠️ [Mismatch] Cycle Back predicted 'cat' (Expected 'truck') (Ent: 1.57)
Exp: Old Gen + New Ent (0.95)
dynamic_entropy_ratio: 0.95
MNIST:'0' -> EMNIST | Predict: '0' (Ent: 2.30)
  ⚠️ [Mismatch] Cycle Back predicted '8' (Expected '0') (Ent: 1.68)
MNIST:'1' -> EMNIST | Predict: 'W' (Ent: 2.50)
  ⚠️ [Mismatch] Cycle Back predicted '8' (Expected '1') (Ent: 1.47)
MNIST:'2' -> EMNIST | Predict: 'W' (Ent: 2.70)
  ⚠️ [Mismatch] Cycle Back predicted '8' (Expected '2') (Ent: 1.47)
MNIST:'3' -> EMNIST | Predict: 'G' (Ent: 2.50)
  ⚠️ [Mismatch] Cycle Back predicted '8' (Expected '3') (Ent: 1.25)
MNIST:'4' -> EMNIST | Predict: '8' (Ent: 2.07)
  ⚠️ [Mismatch] Cycle Back predicted '8' (Expected '4') (Ent: 1.07)
MNIST:'5' -> EMNIST | Predict: '3' (Ent: 1.69)
  ⚠️ [Mismatch] Cycle Back predicted '8' (Expected '5') (Ent: 1.14)
MNIST:'6' -> EMNIST | Predict: '8' (Ent: 2.14)
  ⚠️ [Mismatch] Cycle Back predicted '8' (Expected '6') (Ent: 1.07)
MNIST:'7' -> EMNIST | Predict: '8' (Ent: 2.09)
  ⚠️ [Mismatch] Cycle Back predicted '8' (Expected '7') (Ent: 1.07)
MNIST:'8' -> EMNIST | Predict: '8' (Ent: 1.42)
  ✅ [Match] MNIST:'8' <==> EMNIST:'8' (Ent: 1.07)
MNIST:'9' -> EMNIST | Predict: '8' (Ent: 2.30)
  ⚠️ [Mismatch] Cycle Back predicted '8' (Expected '9') (Ent: 1.07)
MNIST:'0' -> CIFAR10 | Predict: 'dog' (Ent: 1.40)
  ⚠️ [Mismatch] Cycle Back predicted '8' (Expected '0') (Ent: 1.23)
MNIST:'1' -> CIFAR10 | Predict: 'dog' (Ent: 1.95)
  ⚠️ [Mismatch] Cycle Back predicted '8' (Expected '1') (Ent: 1.23)
MNIST:'2' -> CIFAR10 | Predict: 'dog' (Ent: 2.02)
  ⚠️ [Mismatch] Cycle Back predicted '8' (Expected '2') (Ent: 1.23)
MNIST:'3' -> CIFAR10 | Predict: 'cat' (Ent: 1.94)
  ⚠️ [Mismatch] Cycle Back predicted '8' (Expected '3') (Ent: 1.44)
MNIST:'4' -> CIFAR10 | Predict: 'cat' (Ent: 1.67)
  ⚠️ [Mismatch] Cycle Back predicted '8' (Expected '4') (Ent: 1.44)
MNIST:'5' -> CIFAR10 | Predict: 'ship' (Ent: 1.34)
  ⚠️ [Mismatch] Cycle Back predicted '8' (Expected '5') (Ent: 1.09)
MNIST:'6' -> CIFAR10 | Predict: 'ship' (Ent: 1.21)
  ⚠️ [Mismatch] Cycle Back predicted '8' (Expected '6') (Ent: 1.09)
MNIST:'7' -> CIFAR10 | Predict: 'ship' (Ent: 1.45)
  ⚠️ [Mismatch] Cycle Back predicted '8' (Expected '7') (Ent: 1.09)
MNIST:'8' -> CIFAR10 | Predict: 'ship' (Ent: 1.75)
  ✅ [Match] MNIST:'8' <==> CIFAR10:'ship' (Ent: 1.09)
MNIST:'9' -> CIFAR10 | Predict: 'ship' (Ent: 1.90)
  ⚠️ [Mismatch] Cycle Back predicted '8' (Expected '9') (Ent: 1.09)
EMNIST:'1' -> MNIST | Predict: '8' (Ent: 1.12)
  ⚠️ [Mismatch] Cycle Back predicted '8' (Expected '1') (Ent: 1.42)
EMNIST:'2' -> MNIST | Predict: '8' (Ent: 1.14)
  ⚠️ [Mismatch] Cycle Back predicted '8' (Expected '2') (Ent: 1.42)
EMNIST:'4' -> MNIST | Predict: '8' (Ent: 1.10)
  ⚠️ [Mismatch] Cycle Back predicted '8' (Expected '4') (Ent: 1.42)
EMNIST:'5' -> MNIST | Predict: '8' (Ent: 1.12)
  ⚠️ [Mismatch] Cycle Back predicted '8' (Expected '5') (Ent: 1.42)
EMNIST:'6' -> MNIST | Predict: '8' (Ent: 1.05)
  ⚠️ [Mismatch] Cycle Back predicted '8' (Expected '6') (Ent: 1.42)
EMNIST:'7' -> MNIST | Predict: '8' (Ent: 1.39)
  ⚠️ [Mismatch] Cycle Back predicted '8' (Expected '7') (Ent: 1.42)
EMNIST:'9' -> MNIST | Predict: '8' (Ent: 1.61)
  ⚠️ [Mismatch] Cycle Back predicted '8' (Expected '9') (Ent: 1.42)
EMNIST:'A' -> MNIST | Predict: '8' (Ent: 1.65)
  ⚠️ [Mismatch] Cycle Back predicted '8' (Expected 'A') (Ent: 1.42)
EMNIST:'B' -> MNIST | Predict: '8' (Ent: 1.10)
  ⚠️ [Mismatch] Cycle Back predicted '8' (Expected 'B') (Ent: 1.42)
EMNIST:'C' -> MNIST | Predict: '8' (Ent: 1.79)
  ⚠️ [Mismatch] Cycle Back predicted '8' (Expected 'C') (Ent: 1.42)
EMNIST:'D' -> MNIST | Predict: '8' (Ent: 1.12)
  ⚠️ [Mismatch] Cycle Back predicted '8' (Expected 'D') (Ent: 1.42)
EMNIST:'E' -> MNIST | Predict: '8' (Ent: 1.57)
  ⚠️ [Mismatch] Cycle Back predicted '8' (Expected 'E') (Ent: 1.42)
EMNIST:'F' -> MNIST | Predict: '8' (Ent: 1.44)
  ⚠️ [Mismatch] Cycle Back predicted '8' (Expected 'F') (Ent: 1.42)
EMNIST:'H' -> MNIST | Predict: '8' (Ent: 0.75)
  ⚠️ [Mismatch] Cycle Back predicted '8' (Expected 'H') (Ent: 1.42)
EMNIST:'I' -> MNIST | Predict: '8' (Ent: 1.53)
  ⚠️ [Mismatch] Cycle Back predicted '8' (Expected 'I') (Ent: 1.42)
EMNIST:'J' -> MNIST | Predict: '8' (Ent: 0.91)
  ⚠️ [Mismatch] Cycle Back predicted '8' (Expected 'J') (Ent: 1.42)
EMNIST:'K' -> MNIST | Predict: '8' (Ent: 1.42)
  ⚠️ [Mismatch] Cycle Back predicted '8' (Expected 'K') (Ent: 1.42)
EMNIST:'L' -> MNIST | Predict: '8' (Ent: 1.60)
  ⚠️ [Mismatch] Cycle Back predicted '8' (Expected 'L') (Ent: 1.42)
EMNIST:'M' -> MNIST | Predict: '8' (Ent: 0.77)
  ⚠️ [Mismatch] Cycle Back predicted '8' (Expected 'M') (Ent: 1.42)
EMNIST:'N' -> MNIST | Predict: '8' (Ent: 1.18)
  ⚠️ [Mismatch] Cycle Back predicted '8' (Expected 'N') (Ent: 1.42)
EMNIST:'O' -> MNIST | Predict: '8' (Ent: 1.55)
  ⚠️ [Mismatch] Cycle Back predicted '8' (Expected 'O') (Ent: 1.42)
EMNIST:'P' -> MNIST | Predict: '8' (Ent: 1.38)
  ⚠️ [Mismatch] Cycle Back predicted '8' (Expected 'P') (Ent: 1.42)
EMNIST:'Q' -> MNIST | Predict: '8' (Ent: 1.29)
  ⚠️ [Mismatch] Cycle Back predicted '8' (Expected 'Q') (Ent: 1.42)
EMNIST:'R' -> MNIST | Predict: '8' (Ent: 1.40)
  ⚠️ [Mismatch] Cycle Back predicted '8' (Expected 'R') (Ent: 1.42)
EMNIST:'S' -> MNIST | Predict: '8' (Ent: 1.52)
  ⚠️ [Mismatch] Cycle Back predicted '8' (Expected 'S') (Ent: 1.42)
EMNIST:'T' -> MNIST | Predict: '8' (Ent: 1.21)
  ⚠️ [Mismatch] Cycle Back predicted '8' (Expected 'T') (Ent: 1.42)
EMNIST:'U' -> MNIST | Predict: '8' (Ent: 1.61)
  ⚠️ [Mismatch] Cycle Back predicted '8' (Expected 'U') (Ent: 1.42)
EMNIST:'V' -> MNIST | Predict: '8' (Ent: 0.91)
  ⚠️ [Mismatch] Cycle Back predicted '8' (Expected 'V') (Ent: 1.42)
EMNIST:'X' -> MNIST | Predict: '8' (Ent: 1.15)
  ⚠️ [Mismatch] Cycle Back predicted '8' (Expected 'X') (Ent: 1.42)
EMNIST:'Y' -> MNIST | Predict: '8' (Ent: 1.84)
  ⚠️ [Mismatch] Cycle Back predicted '8' (Expected 'Y') (Ent: 1.42)
EMNIST:'Z' -> MNIST | Predict: '8' (Ent: 1.28)
  ⚠️ [Mismatch] Cycle Back predicted '8' (Expected 'Z') (Ent: 1.42)
EMNIST:'a' -> MNIST | Predict: '8' (Ent: 1.65)
  ⚠️ [Mismatch] Cycle Back predicted '8' (Expected 'a') (Ent: 1.42)
EMNIST:'b' -> MNIST | Predict: '8' (Ent: 1.10)
  ⚠️ [Mismatch] Cycle Back predicted '8' (Expected 'b') (Ent: 1.42)
EMNIST:'c' -> MNIST | Predict: '8' (Ent: 1.79)
  ⚠️ [Mismatch] Cycle Back predicted '8' (Expected 'c') (Ent: 1.42)
EMNIST:'d' -> MNIST | Predict: '8' (Ent: 1.12)
  ⚠️ [Mismatch] Cycle Back predicted '8' (Expected 'd') (Ent: 1.42)
EMNIST:'e' -> MNIST | Predict: '8' (Ent: 1.57)
  ⚠️ [Mismatch] Cycle Back predicted '8' (Expected 'e') (Ent: 1.42)
EMNIST:'f' -> MNIST | Predict: '8' (Ent: 1.44)
  ⚠️ [Mismatch] Cycle Back predicted '8' (Expected 'f') (Ent: 1.42)
EMNIST:'g' -> MNIST | Predict: '8' (Ent: 1.25)
  ⚠️ [Mismatch] Cycle Back predicted '8' (Expected 'g') (Ent: 1.42)
EMNIST:'h' -> MNIST | Predict: '8' (Ent: 0.75)
  ⚠️ [Mismatch] Cycle Back predicted '8' (Expected 'h') (Ent: 1.42)
EMNIST:'i' -> MNIST | Predict: '8' (Ent: 1.53)
  ⚠️ [Mismatch] Cycle Back predicted '8' (Expected 'i') (Ent: 1.42)
EMNIST:'j' -> MNIST | Predict: '8' (Ent: 0.91)
  ⚠️ [Mismatch] Cycle Back predicted '8' (Expected 'j') (Ent: 1.42)
EMNIST:'k' -> MNIST | Predict: '8' (Ent: 1.42)
  ⚠️ [Mismatch] Cycle Back predicted '8' (Expected 'k') (Ent: 1.42)
EMNIST:'l' -> MNIST | Predict: '8' (Ent: 1.60)
  ⚠️ [Mismatch] Cycle Back predicted '8' (Expected 'l') (Ent: 1.42)
EMNIST:'m' -> MNIST | Predict: '8' (Ent: 0.77)
  ⚠️ [Mismatch] Cycle Back predicted '8' (Expected 'm') (Ent: 1.42)
EMNIST:'n' -> MNIST | Predict: '8' (Ent: 1.18)
  ⚠️ [Mismatch] Cycle Back predicted '8' (Expected 'n') (Ent: 1.42)
EMNIST:'o' -> MNIST | Predict: '8' (Ent: 1.55)
  ⚠️ [Mismatch] Cycle Back predicted '8' (Expected 'o') (Ent: 1.42)
EMNIST:'p' -> MNIST | Predict: '8' (Ent: 1.38)
  ⚠️ [Mismatch] Cycle Back predicted '8' (Expected 'p') (Ent: 1.42)
EMNIST:'q' -> MNIST | Predict: '8' (Ent: 1.29)
  ⚠️ [Mismatch] Cycle Back predicted '8' (Expected 'q') (Ent: 1.42)
EMNIST:'r' -> MNIST | Predict: '8' (Ent: 1.40)
  ⚠️ [Mismatch] Cycle Back predicted '8' (Expected 'r') (Ent: 1.42)
EMNIST:'s' -> MNIST | Predict: '8' (Ent: 1.52)
  ⚠️ [Mismatch] Cycle Back predicted '8' (Expected 's') (Ent: 1.42)
EMNIST:'t' -> MNIST | Predict: '8' (Ent: 1.21)
  ⚠️ [Mismatch] Cycle Back predicted '8' (Expected 't') (Ent: 1.42)
EMNIST:'u' -> MNIST | Predict: '8' (Ent: 1.61)
  ⚠️ [Mismatch] Cycle Back predicted '8' (Expected 'u') (Ent: 1.42)
EMNIST:'v' -> MNIST | Predict: '8' (Ent: 0.91)
  ⚠️ [Mismatch] Cycle Back predicted '8' (Expected 'v') (Ent: 1.42)
EMNIST:'w' -> MNIST | Predict: '8' (Ent: 1.47)
  ⚠️ [Mismatch] Cycle Back predicted '8' (Expected 'w') (Ent: 1.42)
EMNIST:'x' -> MNIST | Predict: '8' (Ent: 1.15)
  ⚠️ [Mismatch] Cycle Back predicted '8' (Expected 'x') (Ent: 1.42)
EMNIST:'y' -> MNIST | Predict: '8' (Ent: 1.84)
  ⚠️ [Mismatch] Cycle Back predicted '8' (Expected 'y') (Ent: 1.42)
EMNIST:'z' -> MNIST | Predict: '8' (Ent: 1.28)
  ⚠️ [Mismatch] Cycle Back predicted '8' (Expected 'z') (Ent: 1.42)
EMNIST:'0' -> CIFAR10 | Predict: 'cat' (Ent: 1.57)
  ✅ [Match] EMNIST:'0' <==> CIFAR10:'cat' (Ent: 2.80)
EMNIST:'1' -> CIFAR10 | Predict: 'ship' (Ent: 1.47)
  ⚠️ [Mismatch] Cycle Back predicted '0' (Expected '1') (Ent: 2.74)
EMNIST:'2' -> CIFAR10 | Predict: 'airplane' (Ent: 1.17)
  ⚠️ [Mismatch] Cycle Back predicted '8' (Expected '2') (Ent: 2.90)
EMNIST:'3' -> CIFAR10 | Predict: 'ship' (Ent: 1.44)
  ⚠️ [Mismatch] Cycle Back predicted '0' (Expected '3') (Ent: 2.74)
EMNIST:'4' -> CIFAR10 | Predict: 'ship' (Ent: 1.54)
  ⚠️ [Mismatch] Cycle Back predicted '0' (Expected '4') (Ent: 2.74)
EMNIST:'5' -> CIFAR10 | Predict: 'ship' (Ent: 1.69)
  ⚠️ [Mismatch] Cycle Back predicted '0' (Expected '5') (Ent: 2.74)
EMNIST:'6' -> CIFAR10 | Predict: 'automobile' (Ent: 1.69)
  ⚠️ [Mismatch] Cycle Back predicted '0' (Expected '6') (Ent: 2.66)
EMNIST:'7' -> CIFAR10 | Predict: 'ship' (Ent: 1.67)
  ⚠️ [Mismatch] Cycle Back predicted '0' (Expected '7') (Ent: 2.74)
EMNIST:'8' -> CIFAR10 | Predict: 'ship' (Ent: 1.88)
  ⚠️ [Mismatch] Cycle Back predicted '0' (Expected '8') (Ent: 2.74)
EMNIST:'9' -> CIFAR10 | Predict: 'ship' (Ent: 1.88)
  ⚠️ [Mismatch] Cycle Back predicted '0' (Expected '9') (Ent: 2.74)
EMNIST:'A' -> CIFAR10 | Predict: 'dog' (Ent: 1.58)
  ⚠️ [Mismatch] Cycle Back predicted '0' (Expected 'A') (Ent: 2.16)
EMNIST:'B' -> CIFAR10 | Predict: 'ship' (Ent: 1.76)
  ⚠️ [Mismatch] Cycle Back predicted '0' (Expected 'B') (Ent: 2.74)
EMNIST:'C' -> CIFAR10 | Predict: 'dog' (Ent: 1.32)
  ⚠️ [Mismatch] Cycle Back predicted '0' (Expected 'C') (Ent: 2.16)
EMNIST:'D' -> CIFAR10 | Predict: 'dog' (Ent: 2.08)
  ⚠️ [Mismatch] Cycle Back predicted '0' (Expected 'D') (Ent: 2.16)
EMNIST:'E' -> CIFAR10 | Predict: 'dog' (Ent: 1.49)
  ⚠️ [Mismatch] Cycle Back predicted '0' (Expected 'E') (Ent: 2.16)
EMNIST:'F' -> CIFAR10 | Predict: 'airplane' (Ent: 1.68)
  ⚠️ [Mismatch] Cycle Back predicted '8' (Expected 'F') (Ent: 2.90)
EMNIST:'G' -> CIFAR10 | Predict: 'ship' (Ent: 1.58)
  ⚠️ [Mismatch] Cycle Back predicted '0' (Expected 'G') (Ent: 2.74)
EMNIST:'H' -> CIFAR10 | Predict: 'ship' (Ent: 1.31)
  ⚠️ [Mismatch] Cycle Back predicted '0' (Expected 'H') (Ent: 2.74)
EMNIST:'I' -> CIFAR10 | Predict: 'dog' (Ent: 1.72)
  ⚠️ [Mismatch] Cycle Back predicted '0' (Expected 'I') (Ent: 2.16)
EMNIST:'J' -> CIFAR10 | Predict: 'ship' (Ent: 1.62)
  ⚠️ [Mismatch] Cycle Back predicted '0' (Expected 'J') (Ent: 2.74)
EMNIST:'K' -> CIFAR10 | Predict: 'airplane' (Ent: 1.29)
  ⚠️ [Mismatch] Cycle Back predicted '8' (Expected 'K') (Ent: 2.90)
EMNIST:'L' -> CIFAR10 | Predict: 'ship' (Ent: 1.79)
  ⚠️ [Mismatch] Cycle Back predicted '0' (Expected 'L') (Ent: 2.74)
EMNIST:'M' -> CIFAR10 | Predict: 'dog' (Ent: 1.82)
  ⚠️ [Mismatch] Cycle Back predicted '0' (Expected 'M') (Ent: 2.16)
EMNIST:'N' -> CIFAR10 | Predict: 'ship' (Ent: 1.69)
  ⚠️ [Mismatch] Cycle Back predicted '0' (Expected 'N') (Ent: 2.74)
EMNIST:'O' -> CIFAR10 | Predict: 'ship' (Ent: 1.74)
  ⚠️ [Mismatch] Cycle Back predicted '0' (Expected 'O') (Ent: 2.74)
EMNIST:'P' -> CIFAR10 | Predict: 'dog' (Ent: 1.55)
  ⚠️ [Mismatch] Cycle Back predicted '0' (Expected 'P') (Ent: 2.16)
EMNIST:'Q' -> CIFAR10 | Predict: 'ship' (Ent: 1.60)
  ⚠️ [Mismatch] Cycle Back predicted '0' (Expected 'Q') (Ent: 2.74)
EMNIST:'R' -> CIFAR10 | Predict: 'dog' (Ent: 1.78)
  ⚠️ [Mismatch] Cycle Back predicted '0' (Expected 'R') (Ent: 2.16)
EMNIST:'S' -> CIFAR10 | Predict: 'ship' (Ent: 1.37)
  ⚠️ [Mismatch] Cycle Back predicted '0' (Expected 'S') (Ent: 2.74)
EMNIST:'T' -> CIFAR10 | Predict: 'dog' (Ent: 1.91)
  ⚠️ [Mismatch] Cycle Back predicted '0' (Expected 'T') (Ent: 2.16)
EMNIST:'U' -> CIFAR10 | Predict: 'dog' (Ent: 1.40)
  ⚠️ [Mismatch] Cycle Back predicted '0' (Expected 'U') (Ent: 2.16)
EMNIST:'V' -> CIFAR10 | Predict: 'ship' (Ent: 1.58)
  ⚠️ [Mismatch] Cycle Back predicted '0' (Expected 'V') (Ent: 2.74)
EMNIST:'W' -> CIFAR10 | Predict: 'ship' (Ent: 1.61)
  ⚠️ [Mismatch] Cycle Back predicted '0' (Expected 'W') (Ent: 2.74)
EMNIST:'X' -> CIFAR10 | Predict: 'automobile' (Ent: 1.67)
  ⚠️ [Mismatch] Cycle Back predicted '0' (Expected 'X') (Ent: 2.66)
EMNIST:'Y' -> CIFAR10 | Predict: 'dog' (Ent: 1.71)
  ⚠️ [Mismatch] Cycle Back predicted '0' (Expected 'Y') (Ent: 2.16)
EMNIST:'Z' -> CIFAR10 | Predict: 'airplane' (Ent: 1.77)
  ⚠️ [Mismatch] Cycle Back predicted '8' (Expected 'Z') (Ent: 2.90)
EMNIST:'a' -> CIFAR10 | Predict: 'dog' (Ent: 1.58)
  ⚠️ [Mismatch] Cycle Back predicted '0' (Expected 'a') (Ent: 2.16)
EMNIST:'b' -> CIFAR10 | Predict: 'ship' (Ent: 1.76)
  ⚠️ [Mismatch] Cycle Back predicted '0' (Expected 'b') (Ent: 2.74)
EMNIST:'c' -> CIFAR10 | Predict: 'dog' (Ent: 1.32)
  ⚠️ [Mismatch] Cycle Back predicted '0' (Expected 'c') (Ent: 2.16)
EMNIST:'d' -> CIFAR10 | Predict: 'dog' (Ent: 2.08)
  ⚠️ [Mismatch] Cycle Back predicted '0' (Expected 'd') (Ent: 2.16)
EMNIST:'e' -> CIFAR10 | Predict: 'dog' (Ent: 1.49)
  ⚠️ [Mismatch] Cycle Back predicted '0' (Expected 'e') (Ent: 2.16)
EMNIST:'f' -> CIFAR10 | Predict: 'airplane' (Ent: 1.68)
  ⚠️ [Mismatch] Cycle Back predicted '8' (Expected 'f') (Ent: 2.90)
EMNIST:'g' -> CIFAR10 | Predict: 'ship' (Ent: 1.58)
  ⚠️ [Mismatch] Cycle Back predicted '0' (Expected 'g') (Ent: 2.74)
EMNIST:'h' -> CIFAR10 | Predict: 'ship' (Ent: 1.31)
  ⚠️ [Mismatch] Cycle Back predicted '0' (Expected 'h') (Ent: 2.74)
EMNIST:'i' -> CIFAR10 | Predict: 'dog' (Ent: 1.72)
  ⚠️ [Mismatch] Cycle Back predicted '0' (Expected 'i') (Ent: 2.16)
EMNIST:'j' -> CIFAR10 | Predict: 'ship' (Ent: 1.62)
  ⚠️ [Mismatch] Cycle Back predicted '0' (Expected 'j') (Ent: 2.74)
EMNIST:'k' -> CIFAR10 | Predict: 'airplane' (Ent: 1.29)
  ⚠️ [Mismatch] Cycle Back predicted '8' (Expected 'k') (Ent: 2.90)
EMNIST:'l' -> CIFAR10 | Predict: 'ship' (Ent: 1.79)
  ⚠️ [Mismatch] Cycle Back predicted '0' (Expected 'l') (Ent: 2.74)
EMNIST:'m' -> CIFAR10 | Predict: 'dog' (Ent: 1.82)
  ⚠️ [Mismatch] Cycle Back predicted '0' (Expected 'm') (Ent: 2.16)
EMNIST:'n' -> CIFAR10 | Predict: 'ship' (Ent: 1.69)
  ⚠️ [Mismatch] Cycle Back predicted '0' (Expected 'n') (Ent: 2.74)
EMNIST:'o' -> CIFAR10 | Predict: 'ship' (Ent: 1.74)
  ⚠️ [Mismatch] Cycle Back predicted '0' (Expected 'o') (Ent: 2.74)
EMNIST:'p' -> CIFAR10 | Predict: 'dog' (Ent: 1.55)
  ⚠️ [Mismatch] Cycle Back predicted '0' (Expected 'p') (Ent: 2.16)
EMNIST:'q' -> CIFAR10 | Predict: 'ship' (Ent: 1.60)
  ⚠️ [Mismatch] Cycle Back predicted '0' (Expected 'q') (Ent: 2.74)
EMNIST:'r' -> CIFAR10 | Predict: 'dog' (Ent: 1.78)
  ⚠️ [Mismatch] Cycle Back predicted '0' (Expected 'r') (Ent: 2.16)
EMNIST:'s' -> CIFAR10 | Predict: 'ship' (Ent: 1.37)
  ⚠️ [Mismatch] Cycle Back predicted '0' (Expected 's') (Ent: 2.74)
EMNIST:'t' -> CIFAR10 | Predict: 'dog' (Ent: 1.91)
  ⚠️ [Mismatch] Cycle Back predicted '0' (Expected 't') (Ent: 2.16)
EMNIST:'u' -> CIFAR10 | Predict: 'dog' (Ent: 1.40)
  ⚠️ [Mismatch] Cycle Back predicted '0' (Expected 'u') (Ent: 2.16)
EMNIST:'v' -> CIFAR10 | Predict: 'ship' (Ent: 1.58)
  ⚠️ [Mismatch] Cycle Back predicted '0' (Expected 'v') (Ent: 2.74)
EMNIST:'w' -> CIFAR10 | Predict: 'ship' (Ent: 1.61)
  ⚠️ [Mismatch] Cycle Back predicted '0' (Expected 'w') (Ent: 2.74)
EMNIST:'x' -> CIFAR10 | Predict: 'automobile' (Ent: 1.67)
  ⚠️ [Mismatch] Cycle Back predicted '0' (Expected 'x') (Ent: 2.66)
EMNIST:'y' -> CIFAR10 | Predict: 'dog' (Ent: 1.71)
  ⚠️ [Mismatch] Cycle Back predicted '0' (Expected 'y') (Ent: 2.16)
EMNIST:'z' -> CIFAR10 | Predict: 'airplane' (Ent: 1.77)
  ⚠️ [Mismatch] Cycle Back predicted '8' (Expected 'z') (Ent: 2.90)
CIFAR10:'airplane' -> MNIST | Predict: '8' (Ent: 1.34)
  ⚠️ [Mismatch] Cycle Back predicted 'ship' (Expected 'airplane') (Ent: 1.75)
CIFAR10:'automobile' -> MNIST | Predict: '8' (Ent: 1.42)
  ⚠️ [Mismatch] Cycle Back predicted 'ship' (Expected 'automobile') (Ent: 1.75)
CIFAR10:'bird' -> MNIST | Predict: '8' (Ent: 1.09)
  ⚠️ [Mismatch] Cycle Back predicted 'ship' (Expected 'bird') (Ent: 1.75)
CIFAR10:'deer' -> MNIST | Predict: '8' (Ent: 1.17)
  ⚠️ [Mismatch] Cycle Back predicted 'ship' (Expected 'deer') (Ent: 1.75)
CIFAR10:'frog' -> MNIST | Predict: '8' (Ent: 1.35)
  ⚠️ [Mismatch] Cycle Back predicted 'ship' (Expected 'frog') (Ent: 1.75)
CIFAR10:'horse' -> MNIST | Predict: '8' (Ent: 1.31)
  ⚠️ [Mismatch] Cycle Back predicted 'ship' (Expected 'horse') (Ent: 1.75)
CIFAR10:'truck' -> MNIST | Predict: '8' (Ent: 1.25)
  ⚠️ [Mismatch] Cycle Back predicted 'ship' (Expected 'truck') (Ent: 1.75)
CIFAR10:'bird' -> EMNIST | Predict: '0' (Ent: 2.56)
  ⚠️ [Mismatch] Cycle Back predicted 'cat' (Expected 'bird') (Ent: 1.57)
CIFAR10:'deer' -> EMNIST | Predict: '8' (Ent: 2.41)
  ⚠️ [Mismatch] Cycle Back predicted 'ship' (Expected 'deer') (Ent: 1.88)
CIFAR10:'frog' -> EMNIST | Predict: '8' (Ent: 1.69)
  ⚠️ [Mismatch] Cycle Back predicted 'ship' (Expected 'frog') (Ent: 1.88)
CIFAR10:'horse' -> EMNIST | Predict: '0' (Ent: 2.25)
  ⚠️ [Mismatch] Cycle Back predicted 'cat' (Expected 'horse') (Ent: 1.57)
CIFAR10:'truck' -> EMNIST | Predict: '0' (Ent: 2.48)
  ⚠️ [Mismatch] Cycle Back predicted 'cat' (Expected 'truck') (Ent: 1.57)
Exp: Old Gen + New Ent (1.0)
dynamic_entropy_ratio: 1.0
MNIST:'0' -> EMNIST | Predict: '0' (Ent: 2.30)
  ⚠️ [Mismatch] Cycle Back predicted '8' (Expected '0') (Ent: 1.68)
MNIST:'1' -> EMNIST | Predict: 'W' (Ent: 2.50)
  ⚠️ [Mismatch] Cycle Back predicted '8' (Expected '1') (Ent: 1.47)
MNIST:'2' -> EMNIST | Predict: 'W' (Ent: 2.70)
  ⚠️ [Mismatch] Cycle Back predicted '8' (Expected '2') (Ent: 1.47)
MNIST:'3' -> EMNIST | Predict: 'G' (Ent: 2.50)
  ⚠️ [Mismatch] Cycle Back predicted '8' (Expected '3') (Ent: 1.25)
MNIST:'4' -> EMNIST | Predict: '8' (Ent: 2.07)
  ⚠️ [Mismatch] Cycle Back predicted '8' (Expected '4') (Ent: 1.07)
MNIST:'5' -> EMNIST | Predict: '3' (Ent: 1.69)
  ⚠️ [Mismatch] Cycle Back predicted '8' (Expected '5') (Ent: 1.14)
MNIST:'6' -> EMNIST | Predict: '8' (Ent: 2.14)
  ⚠️ [Mismatch] Cycle Back predicted '8' (Expected '6') (Ent: 1.07)
MNIST:'7' -> EMNIST | Predict: '8' (Ent: 2.09)
  ⚠️ [Mismatch] Cycle Back predicted '8' (Expected '7') (Ent: 1.07)
MNIST:'8' -> EMNIST | Predict: '8' (Ent: 1.42)
  ✅ [Match] MNIST:'8' <==> EMNIST:'8' (Ent: 1.07)
MNIST:'9' -> EMNIST | Predict: '8' (Ent: 2.30)
  ⚠️ [Mismatch] Cycle Back predicted '8' (Expected '9') (Ent: 1.07)
MNIST:'0' -> CIFAR10 | Predict: 'dog' (Ent: 1.40)
  ⚠️ [Mismatch] Cycle Back predicted '8' (Expected '0') (Ent: 1.23)
MNIST:'1' -> CIFAR10 | Predict: 'dog' (Ent: 1.95)
  ⚠️ [Mismatch] Cycle Back predicted '8' (Expected '1') (Ent: 1.23)
MNIST:'2' -> CIFAR10 | Predict: 'dog' (Ent: 2.02)
  ⚠️ [Mismatch] Cycle Back predicted '8' (Expected '2') (Ent: 1.23)
MNIST:'3' -> CIFAR10 | Predict: 'cat' (Ent: 1.94)
  ⚠️ [Mismatch] Cycle Back predicted '8' (Expected '3') (Ent: 1.58)
MNIST:'4' -> CIFAR10 | Predict: 'cat' (Ent: 1.67)
  ⚠️ [Mismatch] Cycle Back predicted '8' (Expected '4') (Ent: 1.58)
MNIST:'5' -> CIFAR10 | Predict: 'ship' (Ent: 1.34)
  ⚠️ [Mismatch] Cycle Back predicted '8' (Expected '5') (Ent: 1.29)
MNIST:'6' -> CIFAR10 | Predict: 'ship' (Ent: 1.21)
  ⚠️ [Mismatch] Cycle Back predicted '8' (Expected '6') (Ent: 1.29)
MNIST:'7' -> CIFAR10 | Predict: 'ship' (Ent: 1.45)
  ⚠️ [Mismatch] Cycle Back predicted '8' (Expected '7') (Ent: 1.29)
MNIST:'8' -> CIFAR10 | Predict: 'ship' (Ent: 1.75)
  ✅ [Match] MNIST:'8' <==> CIFAR10:'ship' (Ent: 1.29)
MNIST:'9' -> CIFAR10 | Predict: 'ship' (Ent: 1.90)
  ⚠️ [Mismatch] Cycle Back predicted '8' (Expected '9') (Ent: 1.29)
EMNIST:'1' -> MNIST | Predict: '8' (Ent: 1.12)
  ⚠️ [Mismatch] Cycle Back predicted '8' (Expected '1') (Ent: 1.42)
EMNIST:'2' -> MNIST | Predict: '8' (Ent: 1.14)
  ⚠️ [Mismatch] Cycle Back predicted '8' (Expected '2') (Ent: 1.42)
EMNIST:'4' -> MNIST | Predict: '8' (Ent: 1.10)
  ⚠️ [Mismatch] Cycle Back predicted '8' (Expected '4') (Ent: 1.42)
EMNIST:'5' -> MNIST | Predict: '8' (Ent: 1.12)
  ⚠️ [Mismatch] Cycle Back predicted '8' (Expected '5') (Ent: 1.42)
EMNIST:'6' -> MNIST | Predict: '8' (Ent: 1.05)
  ⚠️ [Mismatch] Cycle Back predicted '8' (Expected '6') (Ent: 1.42)
EMNIST:'7' -> MNIST | Predict: '8' (Ent: 1.39)
  ⚠️ [Mismatch] Cycle Back predicted '8' (Expected '7') (Ent: 1.42)
EMNIST:'9' -> MNIST | Predict: '8' (Ent: 1.61)
  ⚠️ [Mismatch] Cycle Back predicted '8' (Expected '9') (Ent: 1.42)
EMNIST:'A' -> MNIST | Predict: '8' (Ent: 1.65)
  ⚠️ [Mismatch] Cycle Back predicted '8' (Expected 'A') (Ent: 1.42)
EMNIST:'B' -> MNIST | Predict: '8' (Ent: 1.10)
  ⚠️ [Mismatch] Cycle Back predicted '8' (Expected 'B') (Ent: 1.42)
EMNIST:'C' -> MNIST | Predict: '8' (Ent: 1.79)
  ⚠️ [Mismatch] Cycle Back predicted '8' (Expected 'C') (Ent: 1.42)
EMNIST:'D' -> MNIST | Predict: '8' (Ent: 1.36)
  ⚠️ [Mismatch] Cycle Back predicted '8' (Expected 'D') (Ent: 1.42)
EMNIST:'E' -> MNIST | Predict: '8' (Ent: 1.57)
  ⚠️ [Mismatch] Cycle Back predicted '8' (Expected 'E') (Ent: 1.42)
EMNIST:'F' -> MNIST | Predict: '8' (Ent: 1.59)
  ⚠️ [Mismatch] Cycle Back predicted '8' (Expected 'F') (Ent: 1.42)
EMNIST:'H' -> MNIST | Predict: '8' (Ent: 0.75)
  ⚠️ [Mismatch] Cycle Back predicted '8' (Expected 'H') (Ent: 1.42)
EMNIST:'I' -> MNIST | Predict: '8' (Ent: 1.53)
  ⚠️ [Mismatch] Cycle Back predicted '8' (Expected 'I') (Ent: 1.42)
EMNIST:'J' -> MNIST | Predict: '8' (Ent: 0.91)
  ⚠️ [Mismatch] Cycle Back predicted '8' (Expected 'J') (Ent: 1.42)
EMNIST:'K' -> MNIST | Predict: '8' (Ent: 1.42)
  ⚠️ [Mismatch] Cycle Back predicted '8' (Expected 'K') (Ent: 1.42)
EMNIST:'L' -> MNIST | Predict: '8' (Ent: 1.73)
  ⚠️ [Mismatch] Cycle Back predicted '8' (Expected 'L') (Ent: 1.42)
EMNIST:'M' -> MNIST | Predict: '8' (Ent: 0.77)
  ⚠️ [Mismatch] Cycle Back predicted '8' (Expected 'M') (Ent: 1.42)
EMNIST:'N' -> MNIST | Predict: '8' (Ent: 1.18)
  ⚠️ [Mismatch] Cycle Back predicted '8' (Expected 'N') (Ent: 1.42)
EMNIST:'O' -> MNIST | Predict: '8' (Ent: 1.55)
  ⚠️ [Mismatch] Cycle Back predicted '8' (Expected 'O') (Ent: 1.42)
EMNIST:'P' -> MNIST | Predict: '8' (Ent: 1.38)
  ⚠️ [Mismatch] Cycle Back predicted '8' (Expected 'P') (Ent: 1.42)
EMNIST:'Q' -> MNIST | Predict: '8' (Ent: 1.29)
  ⚠️ [Mismatch] Cycle Back predicted '8' (Expected 'Q') (Ent: 1.42)
EMNIST:'R' -> MNIST | Predict: '8' (Ent: 1.40)
  ⚠️ [Mismatch] Cycle Back predicted '8' (Expected 'R') (Ent: 1.42)
EMNIST:'S' -> MNIST | Predict: '8' (Ent: 1.52)
  ⚠️ [Mismatch] Cycle Back predicted '8' (Expected 'S') (Ent: 1.42)
EMNIST:'T' -> MNIST | Predict: '8' (Ent: 1.21)
  ⚠️ [Mismatch] Cycle Back predicted '8' (Expected 'T') (Ent: 1.42)
EMNIST:'U' -> MNIST | Predict: '8' (Ent: 1.61)
  ⚠️ [Mismatch] Cycle Back predicted '8' (Expected 'U') (Ent: 1.42)
EMNIST:'V' -> MNIST | Predict: '8' (Ent: 1.16)
  ⚠️ [Mismatch] Cycle Back predicted '8' (Expected 'V') (Ent: 1.42)
EMNIST:'X' -> MNIST | Predict: '8' (Ent: 1.15)
  ⚠️ [Mismatch] Cycle Back predicted '8' (Expected 'X') (Ent: 1.42)
EMNIST:'Y' -> MNIST | Predict: '8' (Ent: 1.84)
  ⚠️ [Mismatch] Cycle Back predicted '8' (Expected 'Y') (Ent: 1.42)
EMNIST:'Z' -> MNIST | Predict: '8' (Ent: 1.28)
  ⚠️ [Mismatch] Cycle Back predicted '8' (Expected 'Z') (Ent: 1.42)
EMNIST:'a' -> MNIST | Predict: '8' (Ent: 1.65)
  ⚠️ [Mismatch] Cycle Back predicted '8' (Expected 'a') (Ent: 1.42)
EMNIST:'b' -> MNIST | Predict: '8' (Ent: 1.10)
  ⚠️ [Mismatch] Cycle Back predicted '8' (Expected 'b') (Ent: 1.42)
EMNIST:'c' -> MNIST | Predict: '8' (Ent: 1.79)
  ⚠️ [Mismatch] Cycle Back predicted '8' (Expected 'c') (Ent: 1.42)
EMNIST:'d' -> MNIST | Predict: '8' (Ent: 1.36)
  ⚠️ [Mismatch] Cycle Back predicted '8' (Expected 'd') (Ent: 1.42)
EMNIST:'e' -> MNIST | Predict: '8' (Ent: 1.57)
  ⚠️ [Mismatch] Cycle Back predicted '8' (Expected 'e') (Ent: 1.42)
EMNIST:'f' -> MNIST | Predict: '8' (Ent: 1.59)
  ⚠️ [Mismatch] Cycle Back predicted '8' (Expected 'f') (Ent: 1.42)
EMNIST:'g' -> MNIST | Predict: '8' (Ent: 1.25)
  ⚠️ [Mismatch] Cycle Back predicted '8' (Expected 'g') (Ent: 1.42)
EMNIST:'h' -> MNIST | Predict: '8' (Ent: 0.75)
  ⚠️ [Mismatch] Cycle Back predicted '8' (Expected 'h') (Ent: 1.42)
EMNIST:'i' -> MNIST | Predict: '8' (Ent: 1.53)
  ⚠️ [Mismatch] Cycle Back predicted '8' (Expected 'i') (Ent: 1.42)
EMNIST:'j' -> MNIST | Predict: '8' (Ent: 0.91)
  ⚠️ [Mismatch] Cycle Back predicted '8' (Expected 'j') (Ent: 1.42)
EMNIST:'k' -> MNIST | Predict: '8' (Ent: 1.42)
  ⚠️ [Mismatch] Cycle Back predicted '8' (Expected 'k') (Ent: 1.42)
EMNIST:'l' -> MNIST | Predict: '8' (Ent: 1.73)
  ⚠️ [Mismatch] Cycle Back predicted '8' (Expected 'l') (Ent: 1.42)
EMNIST:'m' -> MNIST | Predict: '8' (Ent: 0.77)
  ⚠️ [Mismatch] Cycle Back predicted '8' (Expected 'm') (Ent: 1.42)
EMNIST:'n' -> MNIST | Predict: '8' (Ent: 1.18)
  ⚠️ [Mismatch] Cycle Back predicted '8' (Expected 'n') (Ent: 1.42)
EMNIST:'o' -> MNIST | Predict: '8' (Ent: 1.55)
  ⚠️ [Mismatch] Cycle Back predicted '8' (Expected 'o') (Ent: 1.42)
EMNIST:'p' -> MNIST | Predict: '8' (Ent: 1.38)
  ⚠️ [Mismatch] Cycle Back predicted '8' (Expected 'p') (Ent: 1.42)
EMNIST:'q' -> MNIST | Predict: '8' (Ent: 1.29)
  ⚠️ [Mismatch] Cycle Back predicted '8' (Expected 'q') (Ent: 1.42)
EMNIST:'r' -> MNIST | Predict: '8' (Ent: 1.40)
  ⚠️ [Mismatch] Cycle Back predicted '8' (Expected 'r') (Ent: 1.42)
EMNIST:'s' -> MNIST | Predict: '8' (Ent: 1.52)
  ⚠️ [Mismatch] Cycle Back predicted '8' (Expected 's') (Ent: 1.42)
EMNIST:'t' -> MNIST | Predict: '8' (Ent: 1.21)
  ⚠️ [Mismatch] Cycle Back predicted '8' (Expected 't') (Ent: 1.42)
EMNIST:'u' -> MNIST | Predict: '8' (Ent: 1.61)
  ⚠️ [Mismatch] Cycle Back predicted '8' (Expected 'u') (Ent: 1.42)
EMNIST:'v' -> MNIST | Predict: '8' (Ent: 1.16)
  ⚠️ [Mismatch] Cycle Back predicted '8' (Expected 'v') (Ent: 1.42)
EMNIST:'w' -> MNIST | Predict: '8' (Ent: 1.47)
  ⚠️ [Mismatch] Cycle Back predicted '8' (Expected 'w') (Ent: 1.42)
EMNIST:'x' -> MNIST | Predict: '8' (Ent: 1.15)
  ⚠️ [Mismatch] Cycle Back predicted '8' (Expected 'x') (Ent: 1.42)
EMNIST:'y' -> MNIST | Predict: '8' (Ent: 1.84)
  ⚠️ [Mismatch] Cycle Back predicted '8' (Expected 'y') (Ent: 1.42)
EMNIST:'z' -> MNIST | Predict: '8' (Ent: 1.28)
  ⚠️ [Mismatch] Cycle Back predicted '8' (Expected 'z') (Ent: 1.42)
EMNIST:'0' -> CIFAR10 | Predict: 'cat' (Ent: 1.57)
  ✅ [Match] EMNIST:'0' <==> CIFAR10:'cat' (Ent: 2.80)
EMNIST:'1' -> CIFAR10 | Predict: 'ship' (Ent: 1.47)
  ⚠️ [Mismatch] Cycle Back predicted '0' (Expected '1') (Ent: 2.74)
EMNIST:'2' -> CIFAR10 | Predict: 'airplane' (Ent: 1.17)
  ⚠️ [Mismatch] Cycle Back predicted '8' (Expected '2') (Ent: 2.90)
EMNIST:'3' -> CIFAR10 | Predict: 'ship' (Ent: 1.44)
  ⚠️ [Mismatch] Cycle Back predicted '0' (Expected '3') (Ent: 2.74)
EMNIST:'4' -> CIFAR10 | Predict: 'ship' (Ent: 1.54)
  ⚠️ [Mismatch] Cycle Back predicted '0' (Expected '4') (Ent: 2.74)
EMNIST:'5' -> CIFAR10 | Predict: 'ship' (Ent: 1.69)
  ⚠️ [Mismatch] Cycle Back predicted '0' (Expected '5') (Ent: 2.74)
EMNIST:'6' -> CIFAR10 | Predict: 'automobile' (Ent: 1.69)
  ⚠️ [Mismatch] Cycle Back predicted '0' (Expected '6') (Ent: 2.66)
EMNIST:'7' -> CIFAR10 | Predict: 'ship' (Ent: 1.67)
  ⚠️ [Mismatch] Cycle Back predicted '0' (Expected '7') (Ent: 2.74)
EMNIST:'8' -> CIFAR10 | Predict: 'ship' (Ent: 1.88)
  ⚠️ [Mismatch] Cycle Back predicted '0' (Expected '8') (Ent: 2.74)
EMNIST:'9' -> CIFAR10 | Predict: 'ship' (Ent: 1.88)
  ⚠️ [Mismatch] Cycle Back predicted '0' (Expected '9') (Ent: 2.74)
EMNIST:'A' -> CIFAR10 | Predict: 'dog' (Ent: 1.58)
  ⚠️ [Mismatch] Cycle Back predicted '0' (Expected 'A') (Ent: 2.16)
EMNIST:'B' -> CIFAR10 | Predict: 'ship' (Ent: 1.76)
  ⚠️ [Mismatch] Cycle Back predicted '0' (Expected 'B') (Ent: 2.74)
EMNIST:'C' -> CIFAR10 | Predict: 'dog' (Ent: 1.32)
  ⚠️ [Mismatch] Cycle Back predicted '0' (Expected 'C') (Ent: 2.16)
EMNIST:'D' -> CIFAR10 | Predict: 'dog' (Ent: 2.08)
  ⚠️ [Mismatch] Cycle Back predicted '0' (Expected 'D') (Ent: 2.16)
EMNIST:'E' -> CIFAR10 | Predict: 'dog' (Ent: 1.49)
  ⚠️ [Mismatch] Cycle Back predicted '0' (Expected 'E') (Ent: 2.16)
EMNIST:'F' -> CIFAR10 | Predict: 'airplane' (Ent: 1.68)
  ⚠️ [Mismatch] Cycle Back predicted '8' (Expected 'F') (Ent: 2.90)
EMNIST:'G' -> CIFAR10 | Predict: 'ship' (Ent: 1.58)
  ⚠️ [Mismatch] Cycle Back predicted '0' (Expected 'G') (Ent: 2.74)
EMNIST:'H' -> CIFAR10 | Predict: 'ship' (Ent: 1.31)
  ⚠️ [Mismatch] Cycle Back predicted '0' (Expected 'H') (Ent: 2.74)
EMNIST:'I' -> CIFAR10 | Predict: 'dog' (Ent: 1.72)
  ⚠️ [Mismatch] Cycle Back predicted '0' (Expected 'I') (Ent: 2.16)
EMNIST:'J' -> CIFAR10 | Predict: 'ship' (Ent: 1.62)
  ⚠️ [Mismatch] Cycle Back predicted '0' (Expected 'J') (Ent: 2.74)
EMNIST:'K' -> CIFAR10 | Predict: 'airplane' (Ent: 1.29)
  ⚠️ [Mismatch] Cycle Back predicted '8' (Expected 'K') (Ent: 2.90)
EMNIST:'L' -> CIFAR10 | Predict: 'ship' (Ent: 1.79)
  ⚠️ [Mismatch] Cycle Back predicted '0' (Expected 'L') (Ent: 2.74)
EMNIST:'M' -> CIFAR10 | Predict: 'dog' (Ent: 1.82)
  ⚠️ [Mismatch] Cycle Back predicted '0' (Expected 'M') (Ent: 2.16)
EMNIST:'N' -> CIFAR10 | Predict: 'ship' (Ent: 1.69)
  ⚠️ [Mismatch] Cycle Back predicted '0' (Expected 'N') (Ent: 2.74)
EMNIST:'O' -> CIFAR10 | Predict: 'ship' (Ent: 1.74)
  ⚠️ [Mismatch] Cycle Back predicted '0' (Expected 'O') (Ent: 2.74)
EMNIST:'P' -> CIFAR10 | Predict: 'dog' (Ent: 1.55)
  ⚠️ [Mismatch] Cycle Back predicted '0' (Expected 'P') (Ent: 2.16)
EMNIST:'Q' -> CIFAR10 | Predict: 'ship' (Ent: 1.60)
  ⚠️ [Mismatch] Cycle Back predicted '0' (Expected 'Q') (Ent: 2.74)
EMNIST:'R' -> CIFAR10 | Predict: 'dog' (Ent: 1.78)
  ⚠️ [Mismatch] Cycle Back predicted '0' (Expected 'R') (Ent: 2.16)
EMNIST:'S' -> CIFAR10 | Predict: 'ship' (Ent: 1.37)
  ⚠️ [Mismatch] Cycle Back predicted '0' (Expected 'S') (Ent: 2.74)
EMNIST:'T' -> CIFAR10 | Predict: 'dog' (Ent: 1.91)
  ⚠️ [Mismatch] Cycle Back predicted '0' (Expected 'T') (Ent: 2.16)
EMNIST:'U' -> CIFAR10 | Predict: 'dog' (Ent: 1.40)
  ⚠️ [Mismatch] Cycle Back predicted '0' (Expected 'U') (Ent: 2.16)
EMNIST:'V' -> CIFAR10 | Predict: 'ship' (Ent: 1.58)
  ⚠️ [Mismatch] Cycle Back predicted '0' (Expected 'V') (Ent: 2.74)
EMNIST:'W' -> CIFAR10 | Predict: 'ship' (Ent: 1.61)
  ⚠️ [Mismatch] Cycle Back predicted '0' (Expected 'W') (Ent: 2.74)
EMNIST:'X' -> CIFAR10 | Predict: 'automobile' (Ent: 1.67)
  ⚠️ [Mismatch] Cycle Back predicted '0' (Expected 'X') (Ent: 2.66)
EMNIST:'Y' -> CIFAR10 | Predict: 'dog' (Ent: 1.71)
  ⚠️ [Mismatch] Cycle Back predicted '0' (Expected 'Y') (Ent: 2.16)
EMNIST:'Z' -> CIFAR10 | Predict: 'airplane' (Ent: 1.77)
  ⚠️ [Mismatch] Cycle Back predicted '8' (Expected 'Z') (Ent: 2.90)
EMNIST:'a' -> CIFAR10 | Predict: 'dog' (Ent: 1.58)
  ⚠️ [Mismatch] Cycle Back predicted '0' (Expected 'a') (Ent: 2.16)
EMNIST:'b' -> CIFAR10 | Predict: 'ship' (Ent: 1.76)
  ⚠️ [Mismatch] Cycle Back predicted '0' (Expected 'b') (Ent: 2.74)
EMNIST:'c' -> CIFAR10 | Predict: 'dog' (Ent: 1.32)
  ⚠️ [Mismatch] Cycle Back predicted '0' (Expected 'c') (Ent: 2.16)
EMNIST:'d' -> CIFAR10 | Predict: 'dog' (Ent: 2.08)
  ⚠️ [Mismatch] Cycle Back predicted '0' (Expected 'd') (Ent: 2.16)
EMNIST:'e' -> CIFAR10 | Predict: 'dog' (Ent: 1.49)
  ⚠️ [Mismatch] Cycle Back predicted '0' (Expected 'e') (Ent: 2.16)
EMNIST:'f' -> CIFAR10 | Predict: 'airplane' (Ent: 1.68)
  ⚠️ [Mismatch] Cycle Back predicted '8' (Expected 'f') (Ent: 2.90)
EMNIST:'g' -> CIFAR10 | Predict: 'ship' (Ent: 1.58)
  ⚠️ [Mismatch] Cycle Back predicted '0' (Expected 'g') (Ent: 2.74)
EMNIST:'h' -> CIFAR10 | Predict: 'ship' (Ent: 1.31)
  ⚠️ [Mismatch] Cycle Back predicted '0' (Expected 'h') (Ent: 2.74)
EMNIST:'i' -> CIFAR10 | Predict: 'dog' (Ent: 1.72)
  ⚠️ [Mismatch] Cycle Back predicted '0' (Expected 'i') (Ent: 2.16)
EMNIST:'j' -> CIFAR10 | Predict: 'ship' (Ent: 1.62)
  ⚠️ [Mismatch] Cycle Back predicted '0' (Expected 'j') (Ent: 2.74)
EMNIST:'k' -> CIFAR10 | Predict: 'airplane' (Ent: 1.29)
  ⚠️ [Mismatch] Cycle Back predicted '8' (Expected 'k') (Ent: 2.90)
EMNIST:'l' -> CIFAR10 | Predict: 'ship' (Ent: 1.79)
  ⚠️ [Mismatch] Cycle Back predicted '0' (Expected 'l') (Ent: 2.74)
EMNIST:'m' -> CIFAR10 | Predict: 'dog' (Ent: 1.82)
  ⚠️ [Mismatch] Cycle Back predicted '0' (Expected 'm') (Ent: 2.16)
EMNIST:'n' -> CIFAR10 | Predict: 'ship' (Ent: 1.69)
  ⚠️ [Mismatch] Cycle Back predicted '0' (Expected 'n') (Ent: 2.74)
EMNIST:'o' -> CIFAR10 | Predict: 'ship' (Ent: 1.74)
  ⚠️ [Mismatch] Cycle Back predicted '0' (Expected 'o') (Ent: 2.74)
EMNIST:'p' -> CIFAR10 | Predict: 'dog' (Ent: 1.55)
  ⚠️ [Mismatch] Cycle Back predicted '0' (Expected 'p') (Ent: 2.16)
EMNIST:'q' -> CIFAR10 | Predict: 'ship' (Ent: 1.60)
  ⚠️ [Mismatch] Cycle Back predicted '0' (Expected 'q') (Ent: 2.74)
EMNIST:'r' -> CIFAR10 | Predict: 'dog' (Ent: 1.78)
  ⚠️ [Mismatch] Cycle Back predicted '0' (Expected 'r') (Ent: 2.16)
EMNIST:'s' -> CIFAR10 | Predict: 'ship' (Ent: 1.37)
  ⚠️ [Mismatch] Cycle Back predicted '0' (Expected 's') (Ent: 2.74)
EMNIST:'t' -> CIFAR10 | Predict: 'dog' (Ent: 1.91)
  ⚠️ [Mismatch] Cycle Back predicted '0' (Expected 't') (Ent: 2.16)
EMNIST:'u' -> CIFAR10 | Predict: 'dog' (Ent: 1.40)
  ⚠️ [Mismatch] Cycle Back predicted '0' (Expected 'u') (Ent: 2.16)
EMNIST:'v' -> CIFAR10 | Predict: 'ship' (Ent: 1.58)
  ⚠️ [Mismatch] Cycle Back predicted '0' (Expected 'v') (Ent: 2.74)
EMNIST:'w' -> CIFAR10 | Predict: 'ship' (Ent: 1.61)
  ⚠️ [Mismatch] Cycle Back predicted '0' (Expected 'w') (Ent: 2.74)
EMNIST:'x' -> CIFAR10 | Predict: 'automobile' (Ent: 1.67)
  ⚠️ [Mismatch] Cycle Back predicted '0' (Expected 'x') (Ent: 2.66)
EMNIST:'y' -> CIFAR10 | Predict: 'dog' (Ent: 1.71)
  ⚠️ [Mismatch] Cycle Back predicted '0' (Expected 'y') (Ent: 2.16)
EMNIST:'z' -> CIFAR10 | Predict: 'airplane' (Ent: 1.77)
  ⚠️ [Mismatch] Cycle Back predicted '8' (Expected 'z') (Ent: 2.90)
CIFAR10:'airplane' -> MNIST | Predict: '8' (Ent: 1.34)
  ⚠️ [Mismatch] Cycle Back predicted 'ship' (Expected 'airplane') (Ent: 1.75)
CIFAR10:'automobile' -> MNIST | Predict: '8' (Ent: 1.42)
  ⚠️ [Mismatch] Cycle Back predicted 'ship' (Expected 'automobile') (Ent: 1.75)
CIFAR10:'bird' -> MNIST | Predict: '8' (Ent: 1.30)
  ⚠️ [Mismatch] Cycle Back predicted 'ship' (Expected 'bird') (Ent: 1.75)
CIFAR10:'deer' -> MNIST | Predict: '8' (Ent: 1.36)
  ⚠️ [Mismatch] Cycle Back predicted 'ship' (Expected 'deer') (Ent: 1.75)
CIFAR10:'frog' -> MNIST | Predict: '8' (Ent: 1.35)
  ⚠️ [Mismatch] Cycle Back predicted 'ship' (Expected 'frog') (Ent: 1.75)
CIFAR10:'horse' -> MNIST | Predict: '8' (Ent: 1.49)
  ⚠️ [Mismatch] Cycle Back predicted 'ship' (Expected 'horse') (Ent: 1.75)
CIFAR10:'truck' -> MNIST | Predict: '8' (Ent: 1.45)
  ⚠️ [Mismatch] Cycle Back predicted 'ship' (Expected 'truck') (Ent: 1.75)
CIFAR10:'bird' -> EMNIST | Predict: '0' (Ent: 2.56)
  ⚠️ [Mismatch] Cycle Back predicted 'cat' (Expected 'bird') (Ent: 1.57)
CIFAR10:'deer' -> EMNIST | Predict: '8' (Ent: 2.41)
  ⚠️ [Mismatch] Cycle Back predicted 'ship' (Expected 'deer') (Ent: 1.88)
CIFAR10:'frog' -> EMNIST | Predict: '8' (Ent: 1.69)
  ⚠️ [Mismatch] Cycle Back predicted 'ship' (Expected 'frog') (Ent: 1.88)
CIFAR10:'horse' -> EMNIST | Predict: '0' (Ent: 2.25)
  ⚠️ [Mismatch] Cycle Back predicted 'cat' (Expected 'horse') (Ent: 1.57)
CIFAR10:'truck' -> EMNIST | Predict: '0' (Ent: 2.48)
  ⚠️ [Mismatch] Cycle Back predicted 'cat' (Expected 'truck') (Ent: 1.57)
