Time: 2026-05-10 00:13:48
Log Dir: logs/2026-05-10_00-13-48/FedTED
================================================================================

==============================        Args        ==============================
  exp_timestamp: None
  exp_conf: ./configs/het-iid-exp.yaml
  device: cuda:1
  seed: 15698
  algorithm: FedTED
  num_new_clients: 1
  num_train_mnist: 10
  num_train_emnist: 10
  num_train_fashionmnist: 0
  num_train_cifar10: 10
  num_train_cifar100: 0
  num_train_usps: 0
================================================================================
==============================    Exp Configs     ==============================
exp_name: model-heterogeneity
heterogeneous: true
dirichlet_alpha: 100
global_rounds: 100
local_epochs: 1
local_loss_fn: CrossEntropyLoss
local_optim: Adam
local_lr: 0.001
batch_size: 64
sample_frac: 1.0
test_interval: 1
metric_type: accuracy
global_feature_dim: 256
optim: Adam
optim_lr: 0.001
global_gen_epochs: 10
gen_noise_dim: 128
gen_optim: Adam
gen_optim_lr: 0.001
global_feat_gen_epochs: 10
feat_gen_noise_dim: 128
feat_gen_optim: Adam
feat_gen_optim_lr: 0.001
feat_gen_div_beta: 1.0
public_data_ratio: 0.05
start_mapping_epoch: 1
gen_observer_weight: 1.0
index_matching: class_name
aggregate_method: dataset_name
use_new_entropy_method: true
entropy_ratio: 0.85
global_model_epochs: 15
global_model_optim: Adam
global_model_optim_lr: 0.001
global_samples_per_class: 64

================================================================================

==================================================
Start 100 rounds training by FedTED
Selected client ids: [0, 1, 2, 3, 4, 5, 6, 7, 8, 9, 10, 11, 12, 13, 14, 15, 16, 17, 18, 19, 20, 21, 22, 23, 24, 25, 26, 27, 28, 29]
--- Round 1 ---
Round 1 | Client 0 | Model: (MLP) | Acc: 84.73%
Round 1 | Client 1 | Model: (CNN) | Acc: 67.88%
Round 1 | Client 2 | Model: (ResNet8) | Acc: 91.62%
Round 1 | Client 3 | Model: (ResNet18) | Acc: 88.69%
Round 1 | Client 4 | Model: (MobileNetV2) | Acc: 74.63%
Round 1 | Client 5 | Model: (MobileNetV3) | Acc: 47.38%
Round 1 | Client 6 | Model: (LeNet) | Acc: 77.35%
Round 1 | Client 7 | Model: (AlexNet) | Acc: 90.74%
Round 1 | Client 8 | Model: (ShuffleNet) | Acc: 60.13%
Round 1 | Client 9 | Model: (SqueezeNet) | Acc: 61.20%
Round 1 | Client 11 | Model: (MLP) | Acc: 30.00%
Round 1 | Client 12 | Model: (CNN) | Acc: 19.27%
Round 1 | Client 13 | Model: (ResNet8) | Acc: 34.62%
Round 1 | Client 14 | Model: (ResNet18) | Acc: 43.06%
Round 1 | Client 15 | Model: (MobileNetV2) | Acc: 39.89%
Round 1 | Client 16 | Model: (MobileNetV3) | Acc: 9.62%
Round 1 | Client 17 | Model: (LeNet) | Acc: 27.69%
Round 1 | Client 18 | Model: (AlexNet) | Acc: 46.27%
Round 1 | Client 19 | Model: (ShuffleNet) | Acc: 32.94%
Round 1 | Client 20 | Model: (SqueezeNet) | Acc: 29.23%
Round 1 | Client 22 | Model: (MLP) | Acc: 35.85%
Round 1 | Client 23 | Model: (CNN) | Acc: 34.95%
Round 1 | Client 24 | Model: (ResNet8) | Acc: 36.94%
Round 1 | Client 25 | Model: (ResNet18) | Acc: 28.30%
Round 1 | Client 26 | Model: (MobileNetV2) | Acc: 16.37%
Round 1 | Client 27 | Model: (MobileNetV3) | Acc: 30.58%
Round 1 | Client 28 | Model: (LeNet) | Acc: 26.40%
Round 1 | Client 29 | Model: (AlexNet) | Acc: 25.51%
Round 1 | Client 30 | Model: (ShuffleNet) | Acc: 21.38%
Round 1 | Client 31 | Model: (SqueezeNet) | Acc: 16.85%
[Server] Aggregating by Dataset Name ...
[Server] Performing Name-Based Label Mapping...
[Server] Name-based mapping completed. Found 72 unique global classes.

=========================================================================================================
Global ID  | Class Name           | Mapped Datasets (Local ID)
---------------------------------------------------------------------------------------------------------
0          | 0                    | MNIST(0), EMNIST(0)
1          | 1                    | MNIST(1), EMNIST(1)
2          | 2                    | MNIST(2), EMNIST(2)
3          | 3                    | MNIST(3), EMNIST(3)
4          | 4                    | MNIST(4), EMNIST(4)
5          | 5                    | MNIST(5), EMNIST(5)
6          | 6                    | MNIST(6), EMNIST(6)
7          | 7                    | MNIST(7), EMNIST(7)
8          | 8                    | MNIST(8), EMNIST(8)
9          | 9                    | MNIST(9), EMNIST(9)
10         | A                    | EMNIST(10)
11         | B                    | EMNIST(11)
12         | C                    | EMNIST(12)
13         | D                    | EMNIST(13)
14         | E                    | EMNIST(14)
15         | F                    | EMNIST(15)
16         | G                    | EMNIST(16)
17         | H                    | EMNIST(17)
18         | I                    | EMNIST(18)
19         | J                    | EMNIST(19)
20         | K                    | EMNIST(20)
21         | L                    | EMNIST(21)
22         | M                    | EMNIST(22)
23         | N                    | EMNIST(23)
24         | O                    | EMNIST(24)
25         | P                    | EMNIST(25)
26         | Q                    | EMNIST(26)
27         | R                    | EMNIST(27)
28         | S                    | EMNIST(28)
29         | T                    | EMNIST(29)
30         | U                    | EMNIST(30)
31         | V                    | EMNIST(31)
32         | W                    | EMNIST(32)
33         | X                    | EMNIST(33)
34         | Y                    | EMNIST(34)
35         | Z                    | EMNIST(35)
36         | a                    | EMNIST(36)
37         | airplane             | CIFAR10(0)
38         | automobile           | CIFAR10(1)
39         | b                    | EMNIST(37)
40         | bird                 | CIFAR10(2)
41         | c                    | EMNIST(38)
42         | cat                  | CIFAR10(3)
43         | d                    | EMNIST(39)
44         | deer                 | CIFAR10(4)
45         | dog                  | CIFAR10(5)
46         | e                    | EMNIST(40)
47         | f                    | EMNIST(41)
48         | frog                 | CIFAR10(6)
49         | g                    | EMNIST(42)
50         | h                    | EMNIST(43)
51         | horse                | CIFAR10(7)
52         | i                    | EMNIST(44)
53         | j                    | EMNIST(45)
54         | k                    | EMNIST(46)
55         | l                    | EMNIST(47)
56         | m                    | EMNIST(48)
57         | n                    | EMNIST(49)
58         | o                    | EMNIST(50)
59         | p                    | EMNIST(51)
60         | q                    | EMNIST(52)
61         | r                    | EMNIST(53)
62         | s                    | EMNIST(54)
63         | ship                 | CIFAR10(8)
64         | t                    | EMNIST(55)
65         | truck                | CIFAR10(9)
66         | u                    | EMNIST(56)
67         | v                    | EMNIST(57)
68         | w                    | EMNIST(58)
69         | x                    | EMNIST(59)
70         | y                    | EMNIST(60)
71         | z                    | EMNIST(61)
=========================================================================================================

[Server] Training Feature-Based Global Generator...
Initializing Global Inference Model with 72 classes...
Mixed total 82 batches across all datasets.
[Server] Global Inference Model Acc (MNIST) (Round 1): 72.40% (Tested on 9095 samples)
[Server] Global Inference Model Acc (EMNIST) (Round 1): 71.97% (Tested on 105779 samples)
[Server] Global Inference Model Acc (CIFAR10) (Round 1): 11.13% (Tested on 9100 samples)
[Server] Global Inference Model Acc (Mix) (Round 1): 67.54% (Tested on 123974 samples)
Selected client ids: [0, 1, 2, 3, 4, 5, 6, 7, 8, 9, 10, 11, 12, 13, 14, 15, 16, 17, 18, 19, 20, 21, 22, 23, 24, 25, 26, 27, 28, 29]
--- Round 2 ---
Round 2 | Client 0 | Model: (MLP) | Acc: 84.84%
Round 2 | Client 1 | Model: (CNN) | Acc: 84.05%
Round 2 | Client 2 | Model: (ResNet8) | Acc: 92.19%
Round 2 | Client 3 | Model: (ResNet18) | Acc: 88.24%
Round 2 | Client 4 | Model: (MobileNetV2) | Acc: 18.42%
Round 2 | Client 5 | Model: (MobileNetV3) | Acc: 52.06%
Round 2 | Client 6 | Model: (LeNet) | Acc: 86.11%
Round 2 | Client 7 | Model: (AlexNet) | Acc: 86.00%
Round 2 | Client 8 | Model: (ShuffleNet) | Acc: 32.07%
Round 2 | Client 9 | Model: (SqueezeNet) | Acc: 49.62%
Round 2 | Client 11 | Model: (MLP) | Acc: 37.27%
Round 2 | Client 12 | Model: (CNN) | Acc: 27.98%
Round 2 | Client 13 | Model: (ResNet8) | Acc: 44.72%
Round 2 | Client 14 | Model: (ResNet18) | Acc: 51.03%
Round 2 | Client 15 | Model: (MobileNetV2) | Acc: 42.05%
Round 2 | Client 16 | Model: (MobileNetV3) | Acc: 12.87%
Round 2 | Client 17 | Model: (LeNet) | Acc: 37.62%
Round 2 | Client 18 | Model: (AlexNet) | Acc: 49.44%
Round 2 | Client 19 | Model: (ShuffleNet) | Acc: 38.08%
Round 2 | Client 20 | Model: (SqueezeNet) | Acc: 27.09%
Round 2 | Client 22 | Model: (MLP) | Acc: 27.58%
Round 2 | Client 23 | Model: (CNN) | Acc: 36.48%
Round 2 | Client 24 | Model: (ResNet8) | Acc: 13.38%
Round 2 | Client 25 | Model: (ResNet18) | Acc: 10.88%
Round 2 | Client 26 | Model: (MobileNetV2) | Acc: 14.48%
Round 2 | Client 27 | Model: (MobileNetV3) | Acc: 30.69%
Round 2 | Client 28 | Model: (LeNet) | Acc: 26.62%
Round 2 | Client 29 | Model: (AlexNet) | Acc: 25.08%
Round 2 | Client 30 | Model: (ShuffleNet) | Acc: 11.07%
Round 2 | Client 31 | Model: (SqueezeNet) | Acc: 15.73%
[Server] Aggregating by Dataset Name ...
[Server] Training Feature-Based Global Generator...
Mixed total 82 batches across all datasets.
[Server] Global Inference Model Acc (MNIST) (Round 2): 82.66% (Tested on 9095 samples)
[Server] Global Inference Model Acc (EMNIST) (Round 2): 73.98% (Tested on 105779 samples)
[Server] Global Inference Model Acc (CIFAR10) (Round 2): 4.07% (Tested on 9100 samples)
[Server] Global Inference Model Acc (Mix) (Round 2): 69.49% (Tested on 123974 samples)
Selected client ids: [0, 1, 2, 3, 4, 5, 6, 7, 8, 9, 10, 11, 12, 13, 14, 15, 16, 17, 18, 19, 20, 21, 22, 23, 24, 25, 26, 27, 28, 29]
--- Round 3 ---
Round 3 | Client 0 | Model: (MLP) | Acc: 82.33%
Round 3 | Client 1 | Model: (CNN) | Acc: 90.70%
Round 3 | Client 2 | Model: (ResNet8) | Acc: 89.58%
Round 3 | Client 3 | Model: (ResNet18) | Acc: 65.72%
Round 3 | Client 4 | Model: (MobileNetV2) | Acc: 26.12%
Round 3 | Client 5 | Model: (MobileNetV3) | Acc: 54.85%
Round 3 | Client 6 | Model: (LeNet) | Acc: 91.47%
Round 3 | Client 7 | Model: (AlexNet) | Acc: 94.95%
Round 3 | Client 8 | Model: (ShuffleNet) | Acc: 27.62%
Round 3 | Client 9 | Model: (SqueezeNet) | Acc: 46.78%
Round 3 | Client 11 | Model: (MLP) | Acc: 28.96%
Round 3 | Client 12 | Model: (CNN) | Acc: 35.35%
Round 3 | Client 13 | Model: (ResNet8) | Acc: 42.17%
Round 3 | Client 14 | Model: (ResNet18) | Acc: 6.49%
Round 3 | Client 15 | Model: (MobileNetV2) | Acc: 36.96%
Round 3 | Client 16 | Model: (MobileNetV3) | Acc: 16.07%
Round 3 | Client 17 | Model: (LeNet) | Acc: 35.10%
Round 3 | Client 18 | Model: (AlexNet) | Acc: 40.70%
Round 3 | Client 19 | Model: (ShuffleNet) | Acc: 35.58%
Round 3 | Client 20 | Model: (SqueezeNet) | Acc: 17.48%
Round 3 | Client 22 | Model: (MLP) | Acc: 26.50%
Round 3 | Client 23 | Model: (CNN) | Acc: 38.46%
Round 3 | Client 24 | Model: (ResNet8) | Acc: 28.91%
Round 3 | Client 25 | Model: (ResNet18) | Acc: 10.88%
Round 3 | Client 26 | Model: (MobileNetV2) | Acc: 11.23%
Round 3 | Client 27 | Model: (MobileNetV3) | Acc: 34.12%
Round 3 | Client 28 | Model: (LeNet) | Acc: 31.68%
Round 3 | Client 29 | Model: (AlexNet) | Acc: 26.59%
Round 3 | Client 30 | Model: (ShuffleNet) | Acc: 10.64%
Round 3 | Client 31 | Model: (SqueezeNet) | Acc: 17.08%
[Server] Aggregating by Dataset Name ...
[Server] Training Feature-Based Global Generator...
Mixed total 82 batches across all datasets.
[Server] Global Inference Model Acc (MNIST) (Round 3): 84.37% (Tested on 9095 samples)
[Server] Global Inference Model Acc (EMNIST) (Round 3): 73.82% (Tested on 105779 samples)
[Server] Global Inference Model Acc (CIFAR10) (Round 3): 9.82% (Tested on 9100 samples)
[Server] Global Inference Model Acc (Mix) (Round 3): 69.90% (Tested on 123974 samples)
Selected client ids: [0, 1, 2, 3, 4, 5, 6, 7, 8, 9, 10, 11, 12, 13, 14, 15, 16, 17, 18, 19, 20, 21, 22, 23, 24, 25, 26, 27, 28, 29]
--- Round 4 ---
Round 4 | Client 0 | Model: (MLP) | Acc: 85.39%
Round 4 | Client 1 | Model: (CNN) | Acc: 90.92%
Round 4 | Client 2 | Model: (ResNet8) | Acc: 90.94%
Round 4 | Client 3 | Model: (ResNet18) | Acc: 78.28%
Round 4 | Client 4 | Model: (MobileNetV2) | Acc: 20.99%
Round 4 | Client 5 | Model: (MobileNetV3) | Acc: 60.42%
Round 4 | Client 6 | Model: (LeNet) | Acc: 92.01%
Round 4 | Client 7 | Model: (AlexNet) | Acc: 90.32%
Round 4 | Client 8 | Model: (ShuffleNet) | Acc: 44.65%
Round 4 | Client 9 | Model: (SqueezeNet) | Acc: 46.34%
Round 4 | Client 11 | Model: (MLP) | Acc: 33.94%
Round 4 | Client 12 | Model: (CNN) | Acc: 37.43%
Round 4 | Client 13 | Model: (ResNet8) | Acc: 47.19%
Round 4 | Client 14 | Model: (ResNet18) | Acc: 6.49%
Round 4 | Client 15 | Model: (MobileNetV2) | Acc: 36.17%
Round 4 | Client 16 | Model: (MobileNetV3) | Acc: 18.12%
Round 4 | Client 17 | Model: (LeNet) | Acc: 41.21%
Round 4 | Client 18 | Model: (AlexNet) | Acc: 29.17%
Round 4 | Client 19 | Model: (ShuffleNet) | Acc: 24.89%
Round 4 | Client 20 | Model: (SqueezeNet) | Acc: 14.54%
Round 4 | Client 22 | Model: (MLP) | Acc: 33.93%
Round 4 | Client 23 | Model: (CNN) | Acc: 40.88%
Round 4 | Client 24 | Model: (ResNet8) | Acc: 25.70%
Round 4 | Client 25 | Model: (ResNet18) | Acc: 10.88%
Round 4 | Client 26 | Model: (MobileNetV2) | Acc: 11.23%
Round 4 | Client 27 | Model: (MobileNetV3) | Acc: 34.33%
Round 4 | Client 28 | Model: (LeNet) | Acc: 27.50%
Round 4 | Client 29 | Model: (AlexNet) | Acc: 27.35%
Round 4 | Client 30 | Model: (ShuffleNet) | Acc: 10.75%
Round 4 | Client 31 | Model: (SqueezeNet) | Acc: 17.42%
[Server] Aggregating by Dataset Name ...
[Server] Training Feature-Based Global Generator...
Mixed total 82 batches across all datasets.
[Server] Global Inference Model Acc (MNIST) (Round 4): 82.51% (Tested on 9095 samples)
[Server] Global Inference Model Acc (EMNIST) (Round 4): 74.38% (Tested on 105779 samples)
[Server] Global Inference Model Acc (CIFAR10) (Round 4): 10.98% (Tested on 9100 samples)
[Server] Global Inference Model Acc (Mix) (Round 4): 70.32% (Tested on 123974 samples)
Selected client ids: [0, 1, 2, 3, 4, 5, 6, 7, 8, 9, 10, 11, 12, 13, 14, 15, 16, 17, 18, 19, 20, 21, 22, 23, 24, 25, 26, 27, 28, 29]
--- Round 5 ---
Round 5 | Client 0 | Model: (MLP) | Acc: 80.70%
Round 5 | Client 1 | Model: (CNN) | Acc: 94.24%
Round 5 | Client 2 | Model: (ResNet8) | Acc: 92.30%
Round 5 | Client 3 | Model: (ResNet18) | Acc: 88.01%
Round 5 | Client 4 | Model: (MobileNetV2) | Acc: 19.38%
Round 5 | Client 5 | Model: (MobileNetV3) | Acc: 67.78%
Round 5 | Client 6 | Model: (LeNet) | Acc: 93.76%
Round 5 | Client 7 | Model: (AlexNet) | Acc: 11.05%
Round 5 | Client 8 | Model: (ShuffleNet) | Acc: 34.86%
Round 5 | Client 9 | Model: (SqueezeNet) | Acc: 37.60%
Round 5 | Client 11 | Model: (MLP) | Acc: 38.15%
Round 5 | Client 12 | Model: (CNN) | Acc: 37.91%
Round 5 | Client 13 | Model: (ResNet8) | Acc: 47.14%
Round 5 | Client 14 | Model: (ResNet18) | Acc: 6.49%
Round 5 | Client 15 | Model: (MobileNetV2) | Acc: 5.07%
Round 5 | Client 16 | Model: (MobileNetV3) | Acc: 20.68%
Round 5 | Client 17 | Model: (LeNet) | Acc: 42.91%
Round 5 | Client 18 | Model: (AlexNet) | Acc: 5.41%
Round 5 | Client 19 | Model: (ShuffleNet) | Acc: 37.94%
Round 5 | Client 20 | Model: (SqueezeNet) | Acc: 4.61%
Round 5 | Client 22 | Model: (MLP) | Acc: 34.17%
Round 5 | Client 23 | Model: (CNN) | Acc: 43.19%
Round 5 | Client 24 | Model: (ResNet8) | Acc: 27.73%
Round 5 | Client 25 | Model: (ResNet18) | Acc: 10.88%
Round 5 | Client 26 | Model: (MobileNetV2) | Acc: 11.23%
Round 5 | Client 27 | Model: (MobileNetV3) | Acc: 36.80%
Round 5 | Client 28 | Model: (LeNet) | Acc: 33.11%
Round 5 | Client 29 | Model: (AlexNet) | Acc: 32.22%
Round 5 | Client 30 | Model: (ShuffleNet) | Acc: 15.35%
Round 5 | Client 31 | Model: (SqueezeNet) | Acc: 16.85%
[Server] Aggregating by Dataset Name ...
[Server] Training Feature-Based Global Generator...
Mixed total 82 batches across all datasets.
[Server] Global Inference Model Acc (MNIST) (Round 5): 78.32% (Tested on 9095 samples)
[Server] Global Inference Model Acc (EMNIST) (Round 5): 72.41% (Tested on 105779 samples)
[Server] Global Inference Model Acc (CIFAR10) (Round 5): 12.55% (Tested on 9100 samples)
[Server] Global Inference Model Acc (Mix) (Round 5): 68.45% (Tested on 123974 samples)
Selected client ids: [0, 1, 2, 3, 4, 5, 6, 7, 8, 9, 10, 11, 12, 13, 14, 15, 16, 17, 18, 19, 20, 21, 22, 23, 24, 25, 26, 27, 28, 29]
--- Round 6 ---
Round 6 | Client 0 | Model: (MLP) | Acc: 52.13%
Round 6 | Client 1 | Model: (CNN) | Acc: 92.25%
Round 6 | Client 2 | Model: (ResNet8) | Acc: 93.20%
Round 6 | Client 3 | Model: (ResNet18) | Acc: 82.81%
Round 6 | Client 4 | Model: (MobileNetV2) | Acc: 14.13%
Round 6 | Client 5 | Model: (MobileNetV3) | Acc: 72.35%
Round 6 | Client 6 | Model: (LeNet) | Acc: 93.00%
Round 6 | Client 7 | Model: (AlexNet) | Acc: 11.05%
Round 6 | Client 8 | Model: (ShuffleNet) | Acc: 36.64%
Round 6 | Client 9 | Model: (SqueezeNet) | Acc: 11.15%
Round 6 | Client 11 | Model: (MLP) | Acc: 5.86%
Round 6 | Client 12 | Model: (CNN) | Acc: 42.01%
Round 6 | Client 13 | Model: (ResNet8) | Acc: 49.63%
Round 6 | Client 14 | Model: (ResNet18) | Acc: 6.49%
Round 6 | Client 15 | Model: (MobileNetV2) | Acc: 5.82%
Round 6 | Client 16 | Model: (MobileNetV3) | Acc: 22.84%
Round 6 | Client 17 | Model: (LeNet) | Acc: 14.28%
Round 6 | Client 18 | Model: (AlexNet) | Acc: 5.41%
Round 6 | Client 19 | Model: (ShuffleNet) | Acc: 5.21%
Round 6 | Client 20 | Model: (SqueezeNet) | Acc: 4.61%
Round 6 | Client 22 | Model: (MLP) | Acc: 32.37%
Round 6 | Client 23 | Model: (CNN) | Acc: 46.04%
Round 6 | Client 24 | Model: (ResNet8) | Acc: 29.34%
Round 6 | Client 25 | Model: (ResNet18) | Acc: 10.88%
Round 6 | Client 26 | Model: (MobileNetV2) | Acc: 11.86%
Round 6 | Client 27 | Model: (MobileNetV3) | Acc: 36.80%
Round 6 | Client 28 | Model: (LeNet) | Acc: 34.21%
Round 6 | Client 29 | Model: (AlexNet) | Acc: 33.62%
Round 6 | Client 30 | Model: (ShuffleNet) | Acc: 11.18%
Round 6 | Client 31 | Model: (SqueezeNet) | Acc: 16.07%
[Server] Aggregating by Dataset Name ...
[Server] Training Feature-Based Global Generator...
Mixed total 82 batches across all datasets.
[Server] Global Inference Model Acc (MNIST) (Round 6): 82.16% (Tested on 9095 samples)
[Server] Global Inference Model Acc (EMNIST) (Round 6): 73.99% (Tested on 105779 samples)
[Server] Global Inference Model Acc (CIFAR10) (Round 6): 5.98% (Tested on 9100 samples)
[Server] Global Inference Model Acc (Mix) (Round 6): 69.60% (Tested on 123974 samples)
Selected client ids: [0, 1, 2, 3, 4, 5, 6, 7, 8, 9, 10, 11, 12, 13, 14, 15, 16, 17, 18, 19, 20, 21, 22, 23, 24, 25, 26, 27, 28, 29]
--- Round 7 ---
Round 7 | Client 0 | Model: (MLP) | Acc: 75.79%
Round 7 | Client 1 | Model: (CNN) | Acc: 95.79%
Round 7 | Client 2 | Model: (ResNet8) | Acc: 92.30%
Round 7 | Client 3 | Model: (ResNet18) | Acc: 91.52%
Round 7 | Client 4 | Model: (MobileNetV2) | Acc: 39.19%
Round 7 | Client 5 | Model: (MobileNetV3) | Acc: 73.58%
Round 7 | Client 6 | Model: (LeNet) | Acc: 83.15%
Round 7 | Client 7 | Model: (AlexNet) | Acc: 12.63%
Round 7 | Client 8 | Model: (ShuffleNet) | Acc: 47.77%
Round 7 | Client 9 | Model: (SqueezeNet) | Acc: 11.15%
Round 7 | Client 11 | Model: (MLP) | Acc: 5.86%
Round 7 | Client 12 | Model: (CNN) | Acc: 41.61%
Round 7 | Client 13 | Model: (ResNet8) | Acc: 50.10%
Round 7 | Client 14 | Model: (ResNet18) | Acc: 6.49%
Round 7 | Client 15 | Model: (MobileNetV2) | Acc: 30.91%
Round 7 | Client 16 | Model: (MobileNetV3) | Acc: 25.65%
Round 7 | Client 17 | Model: (LeNet) | Acc: 43.98%
Round 7 | Client 18 | Model: (AlexNet) | Acc: 5.41%
Round 7 | Client 19 | Model: (ShuffleNet) | Acc: 9.90%
Round 7 | Client 20 | Model: (SqueezeNet) | Acc: 4.61%
Round 7 | Client 22 | Model: (MLP) | Acc: 32.49%
Round 7 | Client 23 | Model: (CNN) | Acc: 46.59%
Round 7 | Client 24 | Model: (ResNet8) | Acc: 30.30%
Round 7 | Client 25 | Model: (ResNet18) | Acc: 10.88%
Round 7 | Client 26 | Model: (MobileNetV2) | Acc: 11.86%
Round 7 | Client 27 | Model: (MobileNetV3) | Acc: 39.38%
Round 7 | Client 28 | Model: (LeNet) | Acc: 35.31%
Round 7 | Client 29 | Model: (AlexNet) | Acc: 36.86%
Round 7 | Client 30 | Model: (ShuffleNet) | Acc: 12.61%
Round 7 | Client 31 | Model: (SqueezeNet) | Acc: 17.30%
[Server] Aggregating by Dataset Name ...
[Server] Training Feature-Based Global Generator...
Mixed total 82 batches across all datasets.
[Server] Global Inference Model Acc (MNIST) (Round 7): 76.32% (Tested on 9095 samples)
[Server] Global Inference Model Acc (EMNIST) (Round 7): 72.11% (Tested on 105779 samples)
[Server] Global Inference Model Acc (CIFAR10) (Round 7): 7.10% (Tested on 9100 samples)
[Server] Global Inference Model Acc (Mix) (Round 7): 67.64% (Tested on 123974 samples)
Selected client ids: [0, 1, 2, 3, 4, 5, 6, 7, 8, 9, 10, 11, 12, 13, 14, 15, 16, 17, 18, 19, 20, 21, 22, 23, 24, 25, 26, 27, 28, 29]
--- Round 8 ---
Round 8 | Client 0 | Model: (MLP) | Acc: 84.08%
Round 8 | Client 1 | Model: (CNN) | Acc: 93.47%
Round 8 | Client 2 | Model: (ResNet8) | Acc: 93.54%
Round 8 | Client 3 | Model: (ResNet18) | Acc: 77.60%
Round 8 | Client 4 | Model: (MobileNetV2) | Acc: 36.51%
Round 8 | Client 5 | Model: (MobileNetV3) | Acc: 75.25%
Round 8 | Client 6 | Model: (LeNet) | Acc: 94.75%
Round 8 | Client 7 | Model: (AlexNet) | Acc: 12.63%
Round 8 | Client 8 | Model: (ShuffleNet) | Acc: 52.23%
Round 8 | Client 9 | Model: (SqueezeNet) | Acc: 21.42%
Round 8 | Client 11 | Model: (MLP) | Acc: 5.86%
Round 8 | Client 12 | Model: (CNN) | Acc: 42.83%
Round 8 | Client 13 | Model: (ResNet8) | Acc: 52.03%
Round 8 | Client 14 | Model: (ResNet18) | Acc: 6.49%
Round 8 | Client 15 | Model: (MobileNetV2) | Acc: 14.48%
Round 8 | Client 16 | Model: (MobileNetV3) | Acc: 27.92%
Round 8 | Client 17 | Model: (LeNet) | Acc: 47.11%
Round 8 | Client 18 | Model: (AlexNet) | Acc: 4.57%
Round 8 | Client 19 | Model: (ShuffleNet) | Acc: 40.02%
Round 8 | Client 20 | Model: (SqueezeNet) | Acc: 4.61%
Round 8 | Client 22 | Model: (MLP) | Acc: 34.17%
Round 8 | Client 23 | Model: (CNN) | Acc: 51.10%
Round 8 | Client 24 | Model: (ResNet8) | Acc: 35.33%
Round 8 | Client 25 | Model: (ResNet18) | Acc: 10.88%
Round 8 | Client 26 | Model: (MobileNetV2) | Acc: 14.38%
Round 8 | Client 27 | Model: (MobileNetV3) | Acc: 39.59%
Round 8 | Client 28 | Model: (LeNet) | Acc: 35.31%
Round 8 | Client 29 | Model: (AlexNet) | Acc: 40.43%
Round 8 | Client 30 | Model: (ShuffleNet) | Acc: 11.95%
Round 8 | Client 31 | Model: (SqueezeNet) | Acc: 17.19%
[Server] Aggregating by Dataset Name ...
[Server] Training Feature-Based Global Generator...
Mixed total 82 batches across all datasets.
[Server] Global Inference Model Acc (MNIST) (Round 8): 82.63% (Tested on 9095 samples)
[Server] Global Inference Model Acc (EMNIST) (Round 8): 73.19% (Tested on 105779 samples)
[Server] Global Inference Model Acc (CIFAR10) (Round 8): 12.18% (Tested on 9100 samples)
[Server] Global Inference Model Acc (Mix) (Round 8): 69.40% (Tested on 123974 samples)
Selected client ids: [0, 1, 2, 3, 4, 5, 6, 7, 8, 9, 10, 11, 12, 13, 14, 15, 16, 17, 18, 19, 20, 21, 22, 23, 24, 25, 26, 27, 28, 29]
--- Round 9 ---
Round 9 | Client 0 | Model: (MLP) | Acc: 87.24%
Round 9 | Client 1 | Model: (CNN) | Acc: 95.57%
Round 9 | Client 2 | Model: (ResNet8) | Acc: 94.11%
Round 9 | Client 3 | Model: (ResNet18) | Acc: 89.37%
Round 9 | Client 4 | Model: (MobileNetV2) | Acc: 20.45%
Round 9 | Client 5 | Model: (MobileNetV3) | Acc: 78.71%
Round 9 | Client 6 | Model: (LeNet) | Acc: 94.97%
Round 9 | Client 7 | Model: (AlexNet) | Acc: 12.63%
Round 9 | Client 8 | Model: (ShuffleNet) | Acc: 59.80%
Round 9 | Client 9 | Model: (SqueezeNet) | Acc: 20.00%
Round 9 | Client 11 | Model: (MLP) | Acc: 5.86%
Round 9 | Client 12 | Model: (CNN) | Acc: 46.83%
Round 9 | Client 13 | Model: (ResNet8) | Acc: 52.99%
Round 9 | Client 14 | Model: (ResNet18) | Acc: 6.49%
Round 9 | Client 15 | Model: (MobileNetV2) | Acc: 36.68%
Round 9 | Client 16 | Model: (MobileNetV3) | Acc: 30.37%
Round 9 | Client 17 | Model: (LeNet) | Acc: 50.64%
Round 9 | Client 18 | Model: (AlexNet) | Acc: 3.27%
Round 9 | Client 19 | Model: (ShuffleNet) | Acc: 39.17%
Round 9 | Client 20 | Model: (SqueezeNet) | Acc: 4.61%
Round 9 | Client 22 | Model: (MLP) | Acc: 38.73%
Round 9 | Client 23 | Model: (CNN) | Acc: 52.97%
Round 9 | Client 24 | Model: (ResNet8) | Acc: 35.97%
Round 9 | Client 25 | Model: (ResNet18) | Acc: 10.88%
Round 9 | Client 26 | Model: (MobileNetV2) | Acc: 21.30%
Round 9 | Client 27 | Model: (MobileNetV3) | Acc: 41.31%
Round 9 | Client 28 | Model: (LeNet) | Acc: 35.31%
Round 9 | Client 29 | Model: (AlexNet) | Acc: 41.73%
Round 9 | Client 30 | Model: (ShuffleNet) | Acc: 14.91%
Round 9 | Client 31 | Model: (SqueezeNet) | Acc: 19.89%
[Server] Aggregating by Dataset Name ...
[Server] Training Feature-Based Global Generator...
Mixed total 82 batches across all datasets.
[Server] Global Inference Model Acc (MNIST) (Round 9): 84.27% (Tested on 9095 samples)
[Server] Global Inference Model Acc (EMNIST) (Round 9): 73.14% (Tested on 105779 samples)
[Server] Global Inference Model Acc (CIFAR10) (Round 9): 8.70% (Tested on 9100 samples)
[Server] Global Inference Model Acc (Mix) (Round 9): 69.23% (Tested on 123974 samples)
Selected client ids: [0, 1, 2, 3, 4, 5, 6, 7, 8, 9, 10, 11, 12, 13, 14, 15, 16, 17, 18, 19, 20, 21, 22, 23, 24, 25, 26, 27, 28, 29]
--- Round 10 ---
Round 10 | Client 0 | Model: (MLP) | Acc: 74.92%
Round 10 | Client 1 | Model: (CNN) | Acc: 95.68%
Round 10 | Client 2 | Model: (ResNet8) | Acc: 95.13%
Round 10 | Client 3 | Model: (ResNet18) | Acc: 89.03%
Round 10 | Client 4 | Model: (MobileNetV2) | Acc: 30.09%
Round 10 | Client 5 | Model: (MobileNetV3) | Acc: 81.16%
Round 10 | Client 6 | Model: (LeNet) | Acc: 94.75%
Round 10 | Client 7 | Model: (AlexNet) | Acc: 12.63%
Round 10 | Client 8 | Model: (ShuffleNet) | Acc: 63.25%
Round 10 | Client 9 | Model: (SqueezeNet) | Acc: 21.64%
Round 10 | Client 11 | Model: (MLP) | Acc: 5.86%
Round 10 | Client 12 | Model: (CNN) | Acc: 46.33%
Round 10 | Client 13 | Model: (ResNet8) | Acc: 53.85%
Round 10 | Client 14 | Model: (ResNet18) | Acc: 6.49%
Round 10 | Client 15 | Model: (MobileNetV2) | Acc: 36.24%
Round 10 | Client 16 | Model: (MobileNetV3) | Acc: 31.92%
Round 10 | Client 17 | Model: (LeNet) | Acc: 22.46%
Round 10 | Client 18 | Model: (AlexNet) | Acc: 3.27%
Round 10 | Client 19 | Model: (ShuffleNet) | Acc: 42.68%
Round 10 | Client 20 | Model: (SqueezeNet) | Acc: 5.84%
Round 10 | Client 22 | Model: (MLP) | Acc: 38.85%
Round 10 | Client 23 | Model: (CNN) | Acc: 51.87%
Round 10 | Client 24 | Model: (ResNet8) | Acc: 34.48%
Round 10 | Client 25 | Model: (ResNet18) | Acc: 10.88%
Round 10 | Client 26 | Model: (MobileNetV2) | Acc: 19.73%
Round 10 | Client 27 | Model: (MobileNetV3) | Acc: 40.67%
Round 10 | Client 28 | Model: (LeNet) | Acc: 39.16%
Round 10 | Client 29 | Model: (AlexNet) | Acc: 43.46%
Round 10 | Client 30 | Model: (ShuffleNet) | Acc: 14.04%
Round 10 | Client 31 | Model: (SqueezeNet) | Acc: 17.30%
[Server] Aggregating by Dataset Name ...
[Server] Training Feature-Based Global Generator...
Mixed total 82 batches across all datasets.
[Server] Global Inference Model Acc (MNIST) (Round 10): 74.96% (Tested on 9095 samples)
[Server] Global Inference Model Acc (EMNIST) (Round 10): 66.97% (Tested on 105779 samples)
[Server] Global Inference Model Acc (CIFAR10) (Round 10): 14.97% (Tested on 9100 samples)
[Server] Global Inference Model Acc (Mix) (Round 10): 63.74% (Tested on 123974 samples)
Selected client ids: [0, 1, 2, 3, 4, 5, 6, 7, 8, 9, 10, 11, 12, 13, 14, 15, 16, 17, 18, 19, 20, 21, 22, 23, 24, 25, 26, 27, 28, 29]
--- Round 11 ---
Round 11 | Client 0 | Model: (MLP) | Acc: 47.22%
Round 11 | Client 1 | Model: (CNN) | Acc: 94.46%
Round 11 | Client 2 | Model: (ResNet8) | Acc: 94.56%
Round 11 | Client 3 | Model: (ResNet18) | Acc: 90.05%
Round 11 | Client 4 | Model: (MobileNetV2) | Acc: 30.84%
Round 11 | Client 5 | Model: (MobileNetV3) | Acc: 80.94%
Round 11 | Client 6 | Model: (LeNet) | Acc: 95.19%
Round 11 | Client 7 | Model: (AlexNet) | Acc: 12.63%
Round 11 | Client 8 | Model: (ShuffleNet) | Acc: 69.04%
Round 11 | Client 9 | Model: (SqueezeNet) | Acc: 10.16%
Round 11 | Client 11 | Model: (MLP) | Acc: 5.86%
Round 11 | Client 12 | Model: (CNN) | Acc: 46.51%
Round 11 | Client 13 | Model: (ResNet8) | Acc: 54.19%
Round 11 | Client 14 | Model: (ResNet18) | Acc: 6.49%
Round 11 | Client 15 | Model: (MobileNetV2) | Acc: 37.85%
Round 11 | Client 16 | Model: (MobileNetV3) | Acc: 32.11%
Round 11 | Client 17 | Model: (LeNet) | Acc: 5.83%
Round 11 | Client 18 | Model: (AlexNet) | Acc: 3.27%
Round 11 | Client 19 | Model: (ShuffleNet) | Acc: 35.76%
Round 11 | Client 20 | Model: (SqueezeNet) | Acc: 5.84%
Round 11 | Client 22 | Model: (MLP) | Acc: 38.25%
Round 11 | Client 23 | Model: (CNN) | Acc: 56.70%
Round 11 | Client 24 | Model: (ResNet8) | Acc: 37.58%
Round 11 | Client 25 | Model: (ResNet18) | Acc: 10.88%
Round 11 | Client 26 | Model: (MobileNetV2) | Acc: 19.20%
Round 11 | Client 27 | Model: (MobileNetV3) | Acc: 41.20%
Round 11 | Client 28 | Model: (LeNet) | Acc: 38.83%
Round 11 | Client 29 | Model: (AlexNet) | Acc: 41.30%
Round 11 | Client 30 | Model: (ShuffleNet) | Acc: 11.07%
Round 11 | Client 31 | Model: (SqueezeNet) | Acc: 17.64%
[Server] Aggregating by Dataset Name ...
[Server] Training Feature-Based Global Generator...
Mixed total 82 batches across all datasets.
[Server] Global Inference Model Acc (MNIST) (Round 11): 79.41% (Tested on 9095 samples)
[Server] Global Inference Model Acc (EMNIST) (Round 11): 71.45% (Tested on 105779 samples)
[Server] Global Inference Model Acc (CIFAR10) (Round 11): 10.15% (Tested on 9100 samples)
[Server] Global Inference Model Acc (Mix) (Round 11): 67.53% (Tested on 123974 samples)
Selected client ids: [0, 1, 2, 3, 4, 5, 6, 7, 8, 9, 10, 11, 12, 13, 14, 15, 16, 17, 18, 19, 20, 21, 22, 23, 24, 25, 26, 27, 28, 29]
--- Round 12 ---
Round 12 | Client 0 | Model: (MLP) | Acc: 10.58%
Round 12 | Client 1 | Model: (CNN) | Acc: 96.12%
Round 12 | Client 2 | Model: (ResNet8) | Acc: 95.13%
Round 12 | Client 3 | Model: (ResNet18) | Acc: 89.82%
Round 12 | Client 4 | Model: (MobileNetV2) | Acc: 37.79%
Round 12 | Client 5 | Model: (MobileNetV3) | Acc: 82.50%
Round 12 | Client 6 | Model: (LeNet) | Acc: 95.08%
Round 12 | Client 7 | Model: (AlexNet) | Acc: 12.63%
Round 12 | Client 8 | Model: (ShuffleNet) | Acc: 66.93%
Round 12 | Client 9 | Model: (SqueezeNet) | Acc: 10.16%
Round 12 | Client 11 | Model: (MLP) | Acc: 5.86%
Round 12 | Client 12 | Model: (CNN) | Acc: 47.91%
Round 12 | Client 13 | Model: (ResNet8) | Acc: 51.33%
Round 12 | Client 14 | Model: (ResNet18) | Acc: 6.49%
Round 12 | Client 15 | Model: (MobileNetV2) | Acc: 40.08%
Round 12 | Client 16 | Model: (MobileNetV3) | Acc: 34.62%
Round 12 | Client 17 | Model: (LeNet) | Acc: 5.83%
Round 12 | Client 18 | Model: (AlexNet) | Acc: 2.72%
Round 12 | Client 19 | Model: (ShuffleNet) | Acc: 36.76%
Round 12 | Client 20 | Model: (SqueezeNet) | Acc: 5.84%
Round 12 | Client 22 | Model: (MLP) | Acc: 38.13%
Round 12 | Client 23 | Model: (CNN) | Acc: 57.03%
Round 12 | Client 24 | Model: (ResNet8) | Acc: 38.54%
Round 12 | Client 25 | Model: (ResNet18) | Acc: 10.88%
Round 12 | Client 26 | Model: (MobileNetV2) | Acc: 19.83%
Round 12 | Client 27 | Model: (MobileNetV3) | Acc: 40.99%
Round 12 | Client 28 | Model: (LeNet) | Acc: 39.38%
Round 12 | Client 29 | Model: (AlexNet) | Acc: 46.49%
Round 12 | Client 30 | Model: (ShuffleNet) | Acc: 11.07%
Round 12 | Client 31 | Model: (SqueezeNet) | Acc: 18.31%
[Server] Aggregating by Dataset Name ...
[Server] Training Feature-Based Global Generator...
Mixed total 82 batches across all datasets.
[Server] Global Inference Model Acc (MNIST) (Round 12): 79.89% (Tested on 9095 samples)
[Server] Global Inference Model Acc (EMNIST) (Round 12): 71.81% (Tested on 105779 samples)
[Server] Global Inference Model Acc (CIFAR10) (Round 12): 9.88% (Tested on 9100 samples)
[Server] Global Inference Model Acc (Mix) (Round 12): 67.85% (Tested on 123974 samples)
Selected client ids: [0, 1, 2, 3, 4, 5, 6, 7, 8, 9, 10, 11, 12, 13, 14, 15, 16, 17, 18, 19, 20, 21, 22, 23, 24, 25, 26, 27, 28, 29]
--- Round 13 ---
Round 13 | Client 0 | Model: (MLP) | Acc: 10.58%
Round 13 | Client 1 | Model: (CNN) | Acc: 96.23%
Round 13 | Client 2 | Model: (ResNet8) | Acc: 95.02%
Round 13 | Client 3 | Model: (ResNet18) | Acc: 90.38%
Round 13 | Client 4 | Model: (MobileNetV2) | Acc: 43.25%
Round 13 | Client 5 | Model: (MobileNetV3) | Acc: 84.28%
Round 13 | Client 6 | Model: (LeNet) | Acc: 95.08%
Round 13 | Client 7 | Model: (AlexNet) | Acc: 12.63%
Round 13 | Client 8 | Model: (ShuffleNet) | Acc: 67.04%
Round 13 | Client 9 | Model: (SqueezeNet) | Acc: 23.28%
Round 13 | Client 11 | Model: (MLP) | Acc: 5.86%
Round 13 | Client 12 | Model: (CNN) | Acc: 47.64%
Round 13 | Client 13 | Model: (ResNet8) | Acc: 54.63%
Round 13 | Client 14 | Model: (ResNet18) | Acc: 6.49%
Round 13 | Client 15 | Model: (MobileNetV2) | Acc: 34.33%
Round 13 | Client 16 | Model: (MobileNetV3) | Acc: 35.75%
Round 13 | Client 17 | Model: (LeNet) | Acc: 5.83%
Round 13 | Client 18 | Model: (AlexNet) | Acc: 2.72%
Round 13 | Client 19 | Model: (ShuffleNet) | Acc: 37.20%
Round 13 | Client 20 | Model: (SqueezeNet) | Acc: 5.84%
Round 13 | Client 22 | Model: (MLP) | Acc: 40.65%
Round 13 | Client 23 | Model: (CNN) | Acc: 60.77%
Round 13 | Client 24 | Model: (ResNet8) | Acc: 43.68%
Round 13 | Client 25 | Model: (ResNet18) | Acc: 10.88%
Round 13 | Client 26 | Model: (MobileNetV2) | Acc: 18.68%
Round 13 | Client 27 | Model: (MobileNetV3) | Acc: 41.95%
Round 13 | Client 28 | Model: (LeNet) | Acc: 41.47%
Round 13 | Client 29 | Model: (AlexNet) | Acc: 44.54%
Round 13 | Client 30 | Model: (ShuffleNet) | Acc: 13.60%
Round 13 | Client 31 | Model: (SqueezeNet) | Acc: 19.33%
[Server] Aggregating by Dataset Name ...
[Server] Training Feature-Based Global Generator...
Mixed total 82 batches across all datasets.
[Server] Global Inference Model Acc (MNIST) (Round 13): 81.74% (Tested on 9095 samples)
[Server] Global Inference Model Acc (EMNIST) (Round 13): 71.96% (Tested on 105779 samples)
[Server] Global Inference Model Acc (CIFAR10) (Round 13): 10.29% (Tested on 9100 samples)
[Server] Global Inference Model Acc (Mix) (Round 13): 68.15% (Tested on 123974 samples)
Selected client ids: [0, 1, 2, 3, 4, 5, 6, 7, 8, 9, 10, 11, 12, 13, 14, 15, 16, 17, 18, 19, 20, 21, 22, 23, 24, 25, 26, 27, 28, 29]
--- Round 14 ---
Round 14 | Client 0 | Model: (MLP) | Acc: 10.58%
Round 14 | Client 1 | Model: (CNN) | Acc: 96.79%
Round 14 | Client 2 | Model: (ResNet8) | Acc: 95.81%
Round 14 | Client 3 | Model: (ResNet18) | Acc: 90.27%
Round 14 | Client 4 | Model: (MobileNetV2) | Acc: 63.28%
Round 14 | Client 5 | Model: (MobileNetV3) | Acc: 85.40%
Round 14 | Client 6 | Model: (LeNet) | Acc: 95.84%
Round 14 | Client 7 | Model: (AlexNet) | Acc: 12.63%
Round 14 | Client 8 | Model: (ShuffleNet) | Acc: 68.82%
Round 14 | Client 9 | Model: (SqueezeNet) | Acc: 20.98%
Round 14 | Client 11 | Model: (MLP) | Acc: 5.86%
Round 14 | Client 12 | Model: (CNN) | Acc: 49.06%
Round 14 | Client 13 | Model: (ResNet8) | Acc: 53.63%
Round 14 | Client 14 | Model: (ResNet18) | Acc: 6.49%
Round 14 | Client 15 | Model: (MobileNetV2) | Acc: 37.63%
Round 14 | Client 16 | Model: (MobileNetV3) | Acc: 36.68%
Round 14 | Client 17 | Model: (LeNet) | Acc: 5.83%
Round 14 | Client 18 | Model: (AlexNet) | Acc: 2.72%
Round 14 | Client 19 | Model: (ShuffleNet) | Acc: 44.03%
Round 14 | Client 20 | Model: (SqueezeNet) | Acc: 5.84%
Round 14 | Client 22 | Model: (MLP) | Acc: 37.77%
Round 14 | Client 23 | Model: (CNN) | Acc: 57.91%
Round 14 | Client 24 | Model: (ResNet8) | Acc: 44.11%
Round 14 | Client 25 | Model: (ResNet18) | Acc: 10.88%
Round 14 | Client 26 | Model: (MobileNetV2) | Acc: 18.68%
Round 14 | Client 27 | Model: (MobileNetV3) | Acc: 41.95%
Round 14 | Client 28 | Model: (LeNet) | Acc: 41.58%
Round 14 | Client 29 | Model: (AlexNet) | Acc: 44.97%
Round 14 | Client 30 | Model: (ShuffleNet) | Acc: 18.42%
Round 14 | Client 31 | Model: (SqueezeNet) | Acc: 17.08%
[Server] Aggregating by Dataset Name ...
[Server] Training Feature-Based Global Generator...
Mixed total 82 batches across all datasets.
[Server] Global Inference Model Acc (MNIST) (Round 14): 83.91% (Tested on 9095 samples)
[Server] Global Inference Model Acc (EMNIST) (Round 14): 72.84% (Tested on 105779 samples)
[Server] Global Inference Model Acc (CIFAR10) (Round 14): 8.51% (Tested on 9100 samples)
[Server] Global Inference Model Acc (Mix) (Round 14): 68.93% (Tested on 123974 samples)
Selected client ids: [0, 1, 2, 3, 4, 5, 6, 7, 8, 9, 10, 11, 12, 13, 14, 15, 16, 17, 18, 19, 20, 21, 22, 23, 24, 25, 26, 27, 28, 29]
--- Round 15 ---
Round 15 | Client 0 | Model: (MLP) | Acc: 10.58%
Round 15 | Client 1 | Model: (CNN) | Acc: 96.57%
Round 15 | Client 2 | Model: (ResNet8) | Acc: 94.68%
Round 15 | Client 3 | Model: (ResNet18) | Acc: 92.42%
Round 15 | Client 4 | Model: (MobileNetV2) | Acc: 57.17%
Round 15 | Client 5 | Model: (MobileNetV3) | Acc: 86.18%
Round 15 | Client 6 | Model: (LeNet) | Acc: 95.95%
Round 15 | Client 7 | Model: (AlexNet) | Acc: 12.63%
Round 15 | Client 8 | Model: (ShuffleNet) | Acc: 70.38%
Round 15 | Client 9 | Model: (SqueezeNet) | Acc: 29.18%
Round 15 | Client 11 | Model: (MLP) | Acc: 5.86%
Round 15 | Client 12 | Model: (CNN) | Acc: 49.68%
Round 15 | Client 13 | Model: (ResNet8) | Acc: 54.46%
Round 15 | Client 14 | Model: (ResNet18) | Acc: 6.49%
Round 15 | Client 15 | Model: (MobileNetV2) | Acc: 37.00%
Round 15 | Client 16 | Model: (MobileNetV3) | Acc: 36.51%
Round 15 | Client 17 | Model: (LeNet) | Acc: 5.83%
Round 15 | Client 18 | Model: (AlexNet) | Acc: 2.72%
Round 15 | Client 19 | Model: (ShuffleNet) | Acc: 40.31%
Round 15 | Client 20 | Model: (SqueezeNet) | Acc: 5.84%
Round 15 | Client 22 | Model: (MLP) | Acc: 38.49%
Round 15 | Client 23 | Model: (CNN) | Acc: 55.38%
Round 15 | Client 24 | Model: (ResNet8) | Acc: 45.82%
Round 15 | Client 25 | Model: (ResNet18) | Acc: 10.88%
Round 15 | Client 26 | Model: (MobileNetV2) | Acc: 18.68%
Round 15 | Client 27 | Model: (MobileNetV3) | Acc: 40.67%
Round 15 | Client 28 | Model: (LeNet) | Acc: 41.36%
Round 15 | Client 29 | Model: (AlexNet) | Acc: 50.16%
Round 15 | Client 30 | Model: (ShuffleNet) | Acc: 18.09%
Round 15 | Client 31 | Model: (SqueezeNet) | Acc: 18.09%
[Server] Aggregating by Dataset Name ...
[Server] Training Feature-Based Global Generator...
Mixed total 82 batches across all datasets.
[Server] Global Inference Model Acc (MNIST) (Round 15): 81.37% (Tested on 9095 samples)
[Server] Global Inference Model Acc (EMNIST) (Round 15): 72.31% (Tested on 105779 samples)
[Server] Global Inference Model Acc (CIFAR10) (Round 15): 6.79% (Tested on 9100 samples)
[Server] Global Inference Model Acc (Mix) (Round 15): 68.17% (Tested on 123974 samples)
Selected client ids: [0, 1, 2, 3, 4, 5, 6, 7, 8, 9, 10, 11, 12, 13, 14, 15, 16, 17, 18, 19, 20, 21, 22, 23, 24, 25, 26, 27, 28, 29]
--- Round 16 ---
Round 16 | Client 0 | Model: (MLP) | Acc: 10.58%
Round 16 | Client 1 | Model: (CNN) | Acc: 96.90%
Round 16 | Client 2 | Model: (ResNet8) | Acc: 95.81%
Round 16 | Client 3 | Model: (ResNet18) | Acc: 91.97%
Round 16 | Client 4 | Model: (MobileNetV2) | Acc: 60.92%
Round 16 | Client 5 | Model: (MobileNetV3) | Acc: 86.40%
Round 16 | Client 6 | Model: (LeNet) | Acc: 96.17%
Round 16 | Client 7 | Model: (AlexNet) | Acc: 12.63%
Round 16 | Client 8 | Model: (ShuffleNet) | Acc: 68.26%
Round 16 | Client 9 | Model: (SqueezeNet) | Acc: 24.48%
Round 16 | Client 11 | Model: (MLP) | Acc: 5.86%
Round 16 | Client 12 | Model: (CNN) | Acc: 48.56%
Round 16 | Client 13 | Model: (ResNet8) | Acc: 54.48%
Round 16 | Client 14 | Model: (ResNet18) | Acc: 6.49%
Round 16 | Client 15 | Model: (MobileNetV2) | Acc: 34.69%
Round 16 | Client 16 | Model: (MobileNetV3) | Acc: 36.53%
Round 16 | Client 17 | Model: (LeNet) | Acc: 5.83%
Round 16 | Client 18 | Model: (AlexNet) | Acc: 2.72%
Round 16 | Client 19 | Model: (ShuffleNet) | Acc: 43.40%
Round 16 | Client 20 | Model: (SqueezeNet) | Acc: 5.84%
Round 16 | Client 22 | Model: (MLP) | Acc: 41.25%
Round 16 | Client 23 | Model: (CNN) | Acc: 59.78%
Round 16 | Client 24 | Model: (ResNet8) | Acc: 48.07%
Round 16 | Client 25 | Model: (ResNet18) | Acc: 10.88%
Round 16 | Client 26 | Model: (MobileNetV2) | Acc: 19.52%
Round 16 | Client 27 | Model: (MobileNetV3) | Acc: 42.17%
Round 16 | Client 28 | Model: (LeNet) | Acc: 43.67%
Round 16 | Client 29 | Model: (AlexNet) | Acc: 50.27%
Round 16 | Client 30 | Model: (ShuffleNet) | Acc: 16.78%
Round 16 | Client 31 | Model: (SqueezeNet) | Acc: 18.99%
[Server] Aggregating by Dataset Name ...
[Server] Training Feature-Based Global Generator...
Mixed total 82 batches across all datasets.
[Server] Global Inference Model Acc (MNIST) (Round 16): 81.31% (Tested on 9095 samples)
[Server] Global Inference Model Acc (EMNIST) (Round 16): 71.66% (Tested on 105779 samples)
[Server] Global Inference Model Acc (CIFAR10) (Round 16): 9.41% (Tested on 9100 samples)
[Server] Global Inference Model Acc (Mix) (Round 16): 67.80% (Tested on 123974 samples)
Selected client ids: [0, 1, 2, 3, 4, 5, 6, 7, 8, 9, 10, 11, 12, 13, 14, 15, 16, 17, 18, 19, 20, 21, 22, 23, 24, 25, 26, 27, 28, 29]
--- Round 17 ---
Round 17 | Client 0 | Model: (MLP) | Acc: 10.58%
Round 17 | Client 1 | Model: (CNN) | Acc: 97.01%
Round 17 | Client 2 | Model: (ResNet8) | Acc: 96.38%
Round 17 | Client 3 | Model: (ResNet18) | Acc: 92.87%
Round 17 | Client 4 | Model: (MobileNetV2) | Acc: 63.06%
Round 17 | Client 5 | Model: (MobileNetV3) | Acc: 87.96%
Round 17 | Client 6 | Model: (LeNet) | Acc: 96.39%
Round 17 | Client 7 | Model: (AlexNet) | Acc: 12.63%
Round 17 | Client 8 | Model: (ShuffleNet) | Acc: 70.16%
Round 17 | Client 9 | Model: (SqueezeNet) | Acc: 30.38%
Round 17 | Client 11 | Model: (MLP) | Acc: 5.86%
Round 17 | Client 12 | Model: (CNN) | Acc: 50.07%
Round 17 | Client 13 | Model: (ResNet8) | Acc: 56.42%
Round 17 | Client 14 | Model: (ResNet18) | Acc: 6.49%
Round 17 | Client 15 | Model: (MobileNetV2) | Acc: 35.66%
Round 17 | Client 16 | Model: (MobileNetV3) | Acc: 37.28%
Round 17 | Client 17 | Model: (LeNet) | Acc: 5.83%
Round 17 | Client 18 | Model: (AlexNet) | Acc: 2.72%
Round 17 | Client 19 | Model: (ShuffleNet) | Acc: 42.14%
Round 17 | Client 20 | Model: (SqueezeNet) | Acc: 5.84%
Round 17 | Client 22 | Model: (MLP) | Acc: 38.85%
Round 17 | Client 23 | Model: (CNN) | Acc: 60.33%
Round 17 | Client 24 | Model: (ResNet8) | Acc: 46.90%
Round 17 | Client 25 | Model: (ResNet18) | Acc: 10.88%
Round 17 | Client 26 | Model: (MobileNetV2) | Acc: 19.83%
Round 17 | Client 27 | Model: (MobileNetV3) | Acc: 41.85%
Round 17 | Client 28 | Model: (LeNet) | Acc: 44.99%
Round 17 | Client 29 | Model: (AlexNet) | Acc: 51.14%
Round 17 | Client 30 | Model: (ShuffleNet) | Acc: 18.09%
Round 17 | Client 31 | Model: (SqueezeNet) | Acc: 18.43%
[Server] Aggregating by Dataset Name ...
[Server] Training Feature-Based Global Generator...
Mixed total 82 batches across all datasets.
[Server] Global Inference Model Acc (MNIST) (Round 17): 76.58% (Tested on 9095 samples)
[Server] Global Inference Model Acc (EMNIST) (Round 17): 68.39% (Tested on 105779 samples)
[Server] Global Inference Model Acc (CIFAR10) (Round 17): 15.85% (Tested on 9100 samples)
[Server] Global Inference Model Acc (Mix) (Round 17): 65.13% (Tested on 123974 samples)
Selected client ids: [0, 1, 2, 3, 4, 5, 6, 7, 8, 9, 10, 11, 12, 13, 14, 15, 16, 17, 18, 19, 20, 21, 22, 23, 24, 25, 26, 27, 28, 29]
--- Round 18 ---
Round 18 | Client 0 | Model: (MLP) | Acc: 10.58%
Round 18 | Client 1 | Model: (CNN) | Acc: 96.79%
Round 18 | Client 2 | Model: (ResNet8) | Acc: 96.83%
Round 18 | Client 3 | Model: (ResNet18) | Acc: 93.33%
Round 18 | Client 4 | Model: (MobileNetV2) | Acc: 37.58%
Round 18 | Client 5 | Model: (MobileNetV3) | Acc: 88.85%
Round 18 | Client 6 | Model: (LeNet) | Acc: 96.17%
Round 18 | Client 7 | Model: (AlexNet) | Acc: 12.63%
Round 18 | Client 8 | Model: (ShuffleNet) | Acc: 68.37%
Round 18 | Client 9 | Model: (SqueezeNet) | Acc: 34.21%
Round 18 | Client 11 | Model: (MLP) | Acc: 5.86%
Round 18 | Client 12 | Model: (CNN) | Acc: 48.36%
Round 18 | Client 13 | Model: (ResNet8) | Acc: 6.20%
Round 18 | Client 14 | Model: (ResNet18) | Acc: 6.49%
Round 18 | Client 15 | Model: (MobileNetV2) | Acc: 41.22%
Round 18 | Client 16 | Model: (MobileNetV3) | Acc: 39.12%
Round 18 | Client 17 | Model: (LeNet) | Acc: 5.83%
Round 18 | Client 18 | Model: (AlexNet) | Acc: 2.72%
Round 18 | Client 19 | Model: (ShuffleNet) | Acc: 43.49%
Round 18 | Client 20 | Model: (SqueezeNet) | Acc: 5.84%
Round 18 | Client 22 | Model: (MLP) | Acc: 41.73%
Round 18 | Client 23 | Model: (CNN) | Acc: 60.22%
Round 18 | Client 24 | Model: (ResNet8) | Acc: 50.96%
Round 18 | Client 25 | Model: (ResNet18) | Acc: 11.21%
Round 18 | Client 26 | Model: (MobileNetV2) | Acc: 19.62%
Round 18 | Client 27 | Model: (MobileNetV3) | Acc: 42.81%
Round 18 | Client 28 | Model: (LeNet) | Acc: 46.53%
Round 18 | Client 29 | Model: (AlexNet) | Acc: 53.19%
Round 18 | Client 30 | Model: (ShuffleNet) | Acc: 18.53%
Round 18 | Client 31 | Model: (SqueezeNet) | Acc: 17.19%
[Server] Aggregating by Dataset Name ...
[Server] Training Feature-Based Global Generator...
Mixed total 82 batches across all datasets.
[Server] Global Inference Model Acc (MNIST) (Round 18): 78.06% (Tested on 9095 samples)
[Server] Global Inference Model Acc (EMNIST) (Round 18): 70.36% (Tested on 105779 samples)
[Server] Global Inference Model Acc (CIFAR10) (Round 18): 12.87% (Tested on 9100 samples)
[Server] Global Inference Model Acc (Mix) (Round 18): 66.70% (Tested on 123974 samples)
Selected client ids: [0, 1, 2, 3, 4, 5, 6, 7, 8, 9, 10, 11, 12, 13, 14, 15, 16, 17, 18, 19, 20, 21, 22, 23, 24, 25, 26, 27, 28, 29]
--- Round 19 ---
Round 19 | Client 0 | Model: (MLP) | Acc: 10.58%
Round 19 | Client 1 | Model: (CNN) | Acc: 96.79%
Round 19 | Client 2 | Model: (ResNet8) | Acc: 96.60%
Round 19 | Client 3 | Model: (ResNet18) | Acc: 93.10%
Round 19 | Client 4 | Model: (MobileNetV2) | Acc: 55.25%
Round 19 | Client 5 | Model: (MobileNetV3) | Acc: 88.29%
Round 19 | Client 6 | Model: (LeNet) | Acc: 96.94%
Round 19 | Client 7 | Model: (AlexNet) | Acc: 12.63%
Round 19 | Client 8 | Model: (ShuffleNet) | Acc: 76.06%
Round 19 | Client 9 | Model: (SqueezeNet) | Acc: 39.45%
Round 19 | Client 11 | Model: (MLP) | Acc: 5.86%
Round 19 | Client 12 | Model: (CNN) | Acc: 52.04%
Round 19 | Client 13 | Model: (ResNet8) | Acc: 56.25%
Round 19 | Client 14 | Model: (ResNet18) | Acc: 6.49%
Round 19 | Client 15 | Model: (MobileNetV2) | Acc: 40.91%
Round 19 | Client 16 | Model: (MobileNetV3) | Acc: 39.45%
Round 19 | Client 17 | Model: (LeNet) | Acc: 5.83%
Round 19 | Client 18 | Model: (AlexNet) | Acc: 2.72%
Round 19 | Client 19 | Model: (ShuffleNet) | Acc: 43.13%
Round 19 | Client 20 | Model: (SqueezeNet) | Acc: 5.84%
Round 19 | Client 22 | Model: (MLP) | Acc: 38.85%
Round 19 | Client 23 | Model: (CNN) | Acc: 61.10%
Round 19 | Client 24 | Model: (ResNet8) | Acc: 49.79%
Round 19 | Client 25 | Model: (ResNet18) | Acc: 11.21%
Round 19 | Client 26 | Model: (MobileNetV2) | Acc: 17.63%
Round 19 | Client 27 | Model: (MobileNetV3) | Acc: 43.24%
Round 19 | Client 28 | Model: (LeNet) | Acc: 46.53%
Round 19 | Client 29 | Model: (AlexNet) | Acc: 53.84%
Round 19 | Client 30 | Model: (ShuffleNet) | Acc: 23.57%
Round 19 | Client 31 | Model: (SqueezeNet) | Acc: 16.63%
[Server] Aggregating by Dataset Name ...
[Server] Training Feature-Based Global Generator...
Mixed total 82 batches across all datasets.
[Server] Global Inference Model Acc (MNIST) (Round 19): 83.63% (Tested on 9095 samples)
[Server] Global Inference Model Acc (EMNIST) (Round 19): 72.44% (Tested on 105779 samples)
[Server] Global Inference Model Acc (CIFAR10) (Round 19): 4.31% (Tested on 9100 samples)
[Server] Global Inference Model Acc (Mix) (Round 19): 68.26% (Tested on 123974 samples)
Selected client ids: [0, 1, 2, 3, 4, 5, 6, 7, 8, 9, 10, 11, 12, 13, 14, 15, 16, 17, 18, 19, 20, 21, 22, 23, 24, 25, 26, 27, 28, 29]
--- Round 20 ---
Round 20 | Client 0 | Model: (MLP) | Acc: 10.58%
Round 20 | Client 1 | Model: (CNN) | Acc: 96.68%
Round 20 | Client 2 | Model: (ResNet8) | Acc: 96.94%
Round 20 | Client 3 | Model: (ResNet18) | Acc: 95.25%
Round 20 | Client 4 | Model: (MobileNetV2) | Acc: 63.28%
Round 20 | Client 5 | Model: (MobileNetV3) | Acc: 89.86%
Round 20 | Client 6 | Model: (LeNet) | Acc: 96.61%
Round 20 | Client 7 | Model: (AlexNet) | Acc: 12.63%
Round 20 | Client 8 | Model: (ShuffleNet) | Acc: 73.72%
Round 20 | Client 9 | Model: (SqueezeNet) | Acc: 41.31%
Round 20 | Client 11 | Model: (MLP) | Acc: 5.86%
Round 20 | Client 12 | Model: (CNN) | Acc: 52.18%
Round 20 | Client 13 | Model: (ResNet8) | Acc: 56.11%
Round 20 | Client 14 | Model: (ResNet18) | Acc: 6.49%
Round 20 | Client 15 | Model: (MobileNetV2) | Acc: 41.38%
Round 20 | Client 16 | Model: (MobileNetV3) | Acc: 39.01%
Round 20 | Client 17 | Model: (LeNet) | Acc: 5.83%
Round 20 | Client 18 | Model: (AlexNet) | Acc: 2.72%
Round 20 | Client 19 | Model: (ShuffleNet) | Acc: 40.03%
Round 20 | Client 20 | Model: (SqueezeNet) | Acc: 5.84%
Round 20 | Client 22 | Model: (MLP) | Acc: 38.85%
Round 20 | Client 23 | Model: (CNN) | Acc: 62.31%
Round 20 | Client 24 | Model: (ResNet8) | Acc: 50.11%
Round 20 | Client 25 | Model: (ResNet18) | Acc: 11.21%
Round 20 | Client 26 | Model: (MobileNetV2) | Acc: 19.52%
Round 20 | Client 27 | Model: (MobileNetV3) | Acc: 44.85%
Round 20 | Client 28 | Model: (LeNet) | Acc: 46.42%
Round 20 | Client 29 | Model: (AlexNet) | Acc: 54.59%
Round 20 | Client 30 | Model: (ShuffleNet) | Acc: 24.56%
Round 20 | Client 31 | Model: (SqueezeNet) | Acc: 19.21%
[Server] Aggregating by Dataset Name ...
[Server] Training Feature-Based Global Generator...
Mixed total 82 batches across all datasets.
[Server] Global Inference Model Acc (MNIST) (Round 20): 86.82% (Tested on 9095 samples)
[Server] Global Inference Model Acc (EMNIST) (Round 20): 73.52% (Tested on 105779 samples)
[Server] Global Inference Model Acc (CIFAR10) (Round 20): 5.64% (Tested on 9100 samples)
[Server] Global Inference Model Acc (Mix) (Round 20): 69.51% (Tested on 123974 samples)
Selected client ids: [0, 1, 2, 3, 4, 5, 6, 7, 8, 9, 10, 11, 12, 13, 14, 15, 16, 17, 18, 19, 20, 21, 22, 23, 24, 25, 26, 27, 28, 29]
--- Round 21 ---
Round 21 | Client 0 | Model: (MLP) | Acc: 10.58%
Round 21 | Client 1 | Model: (CNN) | Acc: 96.68%
Round 21 | Client 2 | Model: (ResNet8) | Acc: 97.28%
Round 21 | Client 3 | Model: (ResNet18) | Acc: 95.70%
Round 21 | Client 4 | Model: (MobileNetV2) | Acc: 65.85%
Round 21 | Client 5 | Model: (MobileNetV3) | Acc: 89.19%
Round 21 | Client 6 | Model: (LeNet) | Acc: 96.94%
Round 21 | Client 7 | Model: (AlexNet) | Acc: 12.63%
Round 21 | Client 8 | Model: (ShuffleNet) | Acc: 76.50%
Round 21 | Client 9 | Model: (SqueezeNet) | Acc: 43.61%
Round 21 | Client 11 | Model: (MLP) | Acc: 5.86%
Round 21 | Client 12 | Model: (CNN) | Acc: 51.62%
Round 21 | Client 13 | Model: (ResNet8) | Acc: 56.72%
Round 21 | Client 14 | Model: (ResNet18) | Acc: 6.49%
Round 21 | Client 15 | Model: (MobileNetV2) | Acc: 44.02%
Round 21 | Client 16 | Model: (MobileNetV3) | Acc: 38.73%
Round 21 | Client 17 | Model: (LeNet) | Acc: 5.83%
Round 21 | Client 18 | Model: (AlexNet) | Acc: 2.72%
Round 21 | Client 19 | Model: (ShuffleNet) | Acc: 37.07%
Round 21 | Client 20 | Model: (SqueezeNet) | Acc: 5.84%
Round 21 | Client 22 | Model: (MLP) | Acc: 40.53%
Round 21 | Client 23 | Model: (CNN) | Acc: 61.76%
Round 21 | Client 24 | Model: (ResNet8) | Acc: 52.57%
Round 21 | Client 25 | Model: (ResNet18) | Acc: 11.21%
Round 21 | Client 26 | Model: (MobileNetV2) | Acc: 20.25%
Round 21 | Client 27 | Model: (MobileNetV3) | Acc: 43.99%
Round 21 | Client 28 | Model: (LeNet) | Acc: 48.95%
Round 21 | Client 29 | Model: (AlexNet) | Acc: 54.05%
Round 21 | Client 30 | Model: (ShuffleNet) | Acc: 29.61%
Round 21 | Client 31 | Model: (SqueezeNet) | Acc: 17.42%
[Server] Aggregating by Dataset Name ...
[Server] Training Feature-Based Global Generator...
Mixed total 82 batches across all datasets.
[Server] Global Inference Model Acc (MNIST) (Round 21): 84.27% (Tested on 9095 samples)
[Server] Global Inference Model Acc (EMNIST) (Round 21): 72.24% (Tested on 105779 samples)
[Server] Global Inference Model Acc (CIFAR10) (Round 21): 11.04% (Tested on 9100 samples)
[Server] Global Inference Model Acc (Mix) (Round 21): 68.63% (Tested on 123974 samples)
Selected client ids: [0, 1, 2, 3, 4, 5, 6, 7, 8, 9, 10, 11, 12, 13, 14, 15, 16, 17, 18, 19, 20, 21, 22, 23, 24, 25, 26, 27, 28, 29]
--- Round 22 ---
Round 22 | Client 0 | Model: (MLP) | Acc: 10.58%
Round 22 | Client 1 | Model: (CNN) | Acc: 97.12%
Round 22 | Client 2 | Model: (ResNet8) | Acc: 97.62%
Round 22 | Client 3 | Model: (ResNet18) | Acc: 95.48%
Round 22 | Client 4 | Model: (MobileNetV2) | Acc: 62.74%
Round 22 | Client 5 | Model: (MobileNetV3) | Acc: 90.64%
Round 22 | Client 6 | Model: (LeNet) | Acc: 97.26%
Round 22 | Client 7 | Model: (AlexNet) | Acc: 12.63%
Round 22 | Client 8 | Model: (ShuffleNet) | Acc: 71.38%
Round 22 | Client 9 | Model: (SqueezeNet) | Acc: 11.04%
Round 22 | Client 11 | Model: (MLP) | Acc: 5.86%
Round 22 | Client 12 | Model: (CNN) | Acc: 51.28%
Round 22 | Client 13 | Model: (ResNet8) | Acc: 56.42%
Round 22 | Client 14 | Model: (ResNet18) | Acc: 6.49%
Round 22 | Client 15 | Model: (MobileNetV2) | Acc: 43.86%
Round 22 | Client 16 | Model: (MobileNetV3) | Acc: 40.66%
Round 22 | Client 17 | Model: (LeNet) | Acc: 5.83%
Round 22 | Client 18 | Model: (AlexNet) | Acc: 2.86%
Round 22 | Client 19 | Model: (ShuffleNet) | Acc: 40.82%
Round 22 | Client 20 | Model: (SqueezeNet) | Acc: 5.84%
Round 22 | Client 22 | Model: (MLP) | Acc: 40.41%
Round 22 | Client 23 | Model: (CNN) | Acc: 60.66%
Round 22 | Client 24 | Model: (ResNet8) | Acc: 52.25%
Round 22 | Client 25 | Model: (ResNet18) | Acc: 11.21%
Round 22 | Client 26 | Model: (MobileNetV2) | Acc: 19.83%
Round 22 | Client 27 | Model: (MobileNetV3) | Acc: 44.74%
Round 22 | Client 28 | Model: (LeNet) | Acc: 48.07%
Round 22 | Client 29 | Model: (AlexNet) | Acc: 54.70%
Round 22 | Client 30 | Model: (ShuffleNet) | Acc: 30.70%
Round 22 | Client 31 | Model: (SqueezeNet) | Acc: 18.09%
[Server] Aggregating by Dataset Name ...
[Server] Training Feature-Based Global Generator...
Mixed total 82 batches across all datasets.
[Server] Global Inference Model Acc (MNIST) (Round 22): 84.02% (Tested on 9095 samples)
[Server] Global Inference Model Acc (EMNIST) (Round 22): 72.57% (Tested on 105779 samples)
[Server] Global Inference Model Acc (CIFAR10) (Round 22): 5.24% (Tested on 9100 samples)
[Server] Global Inference Model Acc (Mix) (Round 22): 68.47% (Tested on 123974 samples)
Selected client ids: [0, 1, 2, 3, 4, 5, 6, 7, 8, 9, 10, 11, 12, 13, 14, 15, 16, 17, 18, 19, 20, 21, 22, 23, 24, 25, 26, 27, 28, 29]
--- Round 23 ---
Round 23 | Client 0 | Model: (MLP) | Acc: 10.58%
Round 23 | Client 1 | Model: (CNN) | Acc: 96.79%
Round 23 | Client 2 | Model: (ResNet8) | Acc: 97.62%
Round 23 | Client 3 | Model: (ResNet18) | Acc: 96.27%
Round 23 | Client 4 | Model: (MobileNetV2) | Acc: 64.24%
Round 23 | Client 5 | Model: (MobileNetV3) | Acc: 90.41%
Round 23 | Client 6 | Model: (LeNet) | Acc: 97.37%
Round 23 | Client 7 | Model: (AlexNet) | Acc: 12.63%
Round 23 | Client 8 | Model: (ShuffleNet) | Acc: 75.17%
Round 23 | Client 9 | Model: (SqueezeNet) | Acc: 11.04%
Round 23 | Client 11 | Model: (MLP) | Acc: 5.86%
Round 23 | Client 12 | Model: (CNN) | Acc: 51.78%
Round 23 | Client 13 | Model: (ResNet8) | Acc: 56.62%
Round 23 | Client 14 | Model: (ResNet18) | Acc: 6.49%
Round 23 | Client 15 | Model: (MobileNetV2) | Acc: 47.12%
Round 23 | Client 16 | Model: (MobileNetV3) | Acc: 39.91%
Round 23 | Client 17 | Model: (LeNet) | Acc: 5.83%
Round 23 | Client 18 | Model: (AlexNet) | Acc: 2.86%
Round 23 | Client 19 | Model: (ShuffleNet) | Acc: 39.99%
Round 23 | Client 20 | Model: (SqueezeNet) | Acc: 5.84%
Round 23 | Client 22 | Model: (MLP) | Acc: 38.61%
Round 23 | Client 23 | Model: (CNN) | Acc: 61.98%
Round 23 | Client 24 | Model: (ResNet8) | Acc: 54.93%
Round 23 | Client 25 | Model: (ResNet18) | Acc: 11.21%
Round 23 | Client 26 | Model: (MobileNetV2) | Acc: 19.52%
Round 23 | Client 27 | Model: (MobileNetV3) | Acc: 43.45%
Round 23 | Client 28 | Model: (LeNet) | Acc: 49.94%
Round 23 | Client 29 | Model: (AlexNet) | Acc: 53.41%
Round 23 | Client 30 | Model: (ShuffleNet) | Acc: 33.33%
Round 23 | Client 31 | Model: (SqueezeNet) | Acc: 19.33%
[Server] Aggregating by Dataset Name ...
[Server] Training Feature-Based Global Generator...
Mixed total 82 batches across all datasets.
[Server] Global Inference Model Acc (MNIST) (Round 23): 84.91% (Tested on 9095 samples)
[Server] Global Inference Model Acc (EMNIST) (Round 23): 72.99% (Tested on 105779 samples)
[Server] Global Inference Model Acc (CIFAR10) (Round 23): 12.89% (Tested on 9100 samples)
[Server] Global Inference Model Acc (Mix) (Round 23): 69.45% (Tested on 123974 samples)
Selected client ids: [0, 1, 2, 3, 4, 5, 6, 7, 8, 9, 10, 11, 12, 13, 14, 15, 16, 17, 18, 19, 20, 21, 22, 23, 24, 25, 26, 27, 28, 29]
--- Round 24 ---
Round 24 | Client 0 | Model: (MLP) | Acc: 10.58%
Round 24 | Client 1 | Model: (CNN) | Acc: 96.79%
Round 24 | Client 2 | Model: (ResNet8) | Acc: 97.62%
Round 24 | Client 3 | Model: (ResNet18) | Acc: 96.15%
Round 24 | Client 4 | Model: (MobileNetV2) | Acc: 64.35%
Round 24 | Client 5 | Model: (MobileNetV3) | Acc: 90.41%
Round 24 | Client 6 | Model: (LeNet) | Acc: 97.05%
Round 24 | Client 7 | Model: (AlexNet) | Acc: 12.63%
Round 24 | Client 8 | Model: (ShuffleNet) | Acc: 68.49%
Round 24 | Client 9 | Model: (SqueezeNet) | Acc: 11.37%
Round 24 | Client 11 | Model: (MLP) | Acc: 5.86%
Round 24 | Client 12 | Model: (CNN) | Acc: 50.55%
Round 24 | Client 13 | Model: (ResNet8) | Acc: 56.82%
Round 24 | Client 14 | Model: (ResNet18) | Acc: 6.49%
Round 24 | Client 15 | Model: (MobileNetV2) | Acc: 44.86%
Round 24 | Client 16 | Model: (MobileNetV3) | Acc: 40.29%
Round 24 | Client 17 | Model: (LeNet) | Acc: 5.83%
Round 24 | Client 18 | Model: (AlexNet) | Acc: 2.72%
Round 24 | Client 19 | Model: (ShuffleNet) | Acc: 40.89%
Round 24 | Client 20 | Model: (SqueezeNet) | Acc: 5.84%
Round 24 | Client 22 | Model: (MLP) | Acc: 40.77%
Round 24 | Client 23 | Model: (CNN) | Acc: 62.75%
Round 24 | Client 24 | Model: (ResNet8) | Acc: 56.42%
Round 24 | Client 25 | Model: (ResNet18) | Acc: 11.21%
Round 24 | Client 26 | Model: (MobileNetV2) | Acc: 20.15%
Round 24 | Client 27 | Model: (MobileNetV3) | Acc: 46.57%
Round 24 | Client 28 | Model: (LeNet) | Acc: 50.28%
Round 24 | Client 29 | Model: (AlexNet) | Acc: 56.00%
Round 24 | Client 30 | Model: (ShuffleNet) | Acc: 33.88%
Round 24 | Client 31 | Model: (SqueezeNet) | Acc: 19.21%
[Server] Aggregating by Dataset Name ...
[Server] Training Feature-Based Global Generator...
Mixed total 82 batches across all datasets.
[Server] Global Inference Model Acc (MNIST) (Round 24): 88.22% (Tested on 9095 samples)
[Server] Global Inference Model Acc (EMNIST) (Round 24): 73.84% (Tested on 105779 samples)
[Server] Global Inference Model Acc (CIFAR10) (Round 24): 4.36% (Tested on 9100 samples)
[Server] Global Inference Model Acc (Mix) (Round 24): 69.79% (Tested on 123974 samples)
Selected client ids: [0, 1, 2, 3, 4, 5, 6, 7, 8, 9, 10, 11, 12, 13, 14, 15, 16, 17, 18, 19, 20, 21, 22, 23, 24, 25, 26, 27, 28, 29]
--- Round 25 ---
Round 25 | Client 0 | Model: (MLP) | Acc: 11.34%
Round 25 | Client 1 | Model: (CNN) | Acc: 97.01%
Round 25 | Client 2 | Model: (ResNet8) | Acc: 97.96%
Round 25 | Client 3 | Model: (ResNet18) | Acc: 97.51%
Round 25 | Client 4 | Model: (MobileNetV2) | Acc: 66.49%
Round 25 | Client 5 | Model: (MobileNetV3) | Acc: 91.53%
Round 25 | Client 6 | Model: (LeNet) | Acc: 96.94%
Round 25 | Client 7 | Model: (AlexNet) | Acc: 12.63%
Round 25 | Client 8 | Model: (ShuffleNet) | Acc: 80.73%
Round 25 | Client 9 | Model: (SqueezeNet) | Acc: 11.04%
Round 25 | Client 11 | Model: (MLP) | Acc: 5.86%
Round 25 | Client 12 | Model: (CNN) | Acc: 52.48%
Round 25 | Client 13 | Model: (ResNet8) | Acc: 57.89%
Round 25 | Client 14 | Model: (ResNet18) | Acc: 6.49%
Round 25 | Client 15 | Model: (MobileNetV2) | Acc: 46.72%
Round 25 | Client 16 | Model: (MobileNetV3) | Acc: 40.14%
Round 25 | Client 17 | Model: (LeNet) | Acc: 5.83%
Round 25 | Client 18 | Model: (AlexNet) | Acc: 2.86%
Round 25 | Client 19 | Model: (ShuffleNet) | Acc: 42.12%
Round 25 | Client 20 | Model: (SqueezeNet) | Acc: 5.84%
Round 25 | Client 22 | Model: (MLP) | Acc: 41.85%
Round 25 | Client 23 | Model: (CNN) | Acc: 63.74%
Round 25 | Client 24 | Model: (ResNet8) | Acc: 57.17%
Round 25 | Client 25 | Model: (ResNet18) | Acc: 11.21%
Round 25 | Client 26 | Model: (MobileNetV2) | Acc: 19.83%
Round 25 | Client 27 | Model: (MobileNetV3) | Acc: 45.60%
Round 25 | Client 28 | Model: (LeNet) | Acc: 50.17%
Round 25 | Client 29 | Model: (AlexNet) | Acc: 56.00%
Round 25 | Client 30 | Model: (ShuffleNet) | Acc: 34.54%
Round 25 | Client 31 | Model: (SqueezeNet) | Acc: 20.45%
[Server] Aggregating by Dataset Name ...
[Server] Training Feature-Based Global Generator...
Mixed total 82 batches across all datasets.
[Server] Global Inference Model Acc (MNIST) (Round 25): 88.47% (Tested on 9095 samples)
[Server] Global Inference Model Acc (EMNIST) (Round 25): 73.38% (Tested on 105779 samples)
[Server] Global Inference Model Acc (CIFAR10) (Round 25): 8.99% (Tested on 9100 samples)
[Server] Global Inference Model Acc (Mix) (Round 25): 69.76% (Tested on 123974 samples)
Selected client ids: [0, 1, 2, 3, 4, 5, 6, 7, 8, 9, 10, 11, 12, 13, 14, 15, 16, 17, 18, 19, 20, 21, 22, 23, 24, 25, 26, 27, 28, 29]
--- Round 26 ---
Round 26 | Client 0 | Model: (MLP) | Acc: 11.34%
Round 26 | Client 1 | Model: (CNN) | Acc: 97.01%
Round 26 | Client 2 | Model: (ResNet8) | Acc: 98.30%
Round 26 | Client 3 | Model: (ResNet18) | Acc: 97.74%
Round 26 | Client 4 | Model: (MobileNetV2) | Acc: 64.35%
Round 26 | Client 5 | Model: (MobileNetV3) | Acc: 91.08%
Round 26 | Client 6 | Model: (LeNet) | Acc: 97.16%
Round 26 | Client 7 | Model: (AlexNet) | Acc: 12.63%
Round 26 | Client 8 | Model: (ShuffleNet) | Acc: 80.51%
Round 26 | Client 9 | Model: (SqueezeNet) | Acc: 11.37%
Round 26 | Client 11 | Model: (MLP) | Acc: 5.86%
Round 26 | Client 12 | Model: (CNN) | Acc: 52.81%
Round 26 | Client 13 | Model: (ResNet8) | Acc: 57.37%
Round 26 | Client 14 | Model: (ResNet18) | Acc: 6.49%
Round 26 | Client 15 | Model: (MobileNetV2) | Acc: 42.51%
Round 26 | Client 16 | Model: (MobileNetV3) | Acc: 42.17%
Round 26 | Client 17 | Model: (LeNet) | Acc: 5.83%
Round 26 | Client 18 | Model: (AlexNet) | Acc: 2.86%
Round 26 | Client 19 | Model: (ShuffleNet) | Acc: 40.68%
Round 26 | Client 20 | Model: (SqueezeNet) | Acc: 5.84%
Round 26 | Client 22 | Model: (MLP) | Acc: 42.69%
Round 26 | Client 23 | Model: (CNN) | Acc: 63.08%
Round 26 | Client 24 | Model: (ResNet8) | Acc: 58.03%
Round 26 | Client 25 | Model: (ResNet18) | Acc: 11.21%
Round 26 | Client 26 | Model: (MobileNetV2) | Acc: 18.99%
Round 26 | Client 27 | Model: (MobileNetV3) | Acc: 45.17%
Round 26 | Client 28 | Model: (LeNet) | Acc: 52.59%
Round 26 | Client 29 | Model: (AlexNet) | Acc: 54.70%
Round 26 | Client 30 | Model: (ShuffleNet) | Acc: 35.31%
Round 26 | Client 31 | Model: (SqueezeNet) | Acc: 19.44%
[Server] Aggregating by Dataset Name ...
[Server] Training Feature-Based Global Generator...
Mixed total 82 batches across all datasets.
[Server] Global Inference Model Acc (MNIST) (Round 26): 83.63% (Tested on 9095 samples)
[Server] Global Inference Model Acc (EMNIST) (Round 26): 72.17% (Tested on 105779 samples)
[Server] Global Inference Model Acc (CIFAR10) (Round 26): 11.44% (Tested on 9100 samples)
[Server] Global Inference Model Acc (Mix) (Round 26): 68.56% (Tested on 123974 samples)
Selected client ids: [0, 1, 2, 3, 4, 5, 6, 7, 8, 9, 10, 11, 12, 13, 14, 15, 16, 17, 18, 19, 20, 21, 22, 23, 24, 25, 26, 27, 28, 29]
--- Round 27 ---
Round 27 | Client 0 | Model: (MLP) | Acc: 11.34%
Round 27 | Client 1 | Model: (CNN) | Acc: 97.12%
Round 27 | Client 2 | Model: (ResNet8) | Acc: 98.07%
Round 27 | Client 3 | Model: (ResNet18) | Acc: 97.51%
Round 27 | Client 4 | Model: (MobileNetV2) | Acc: 60.06%
Round 27 | Client 5 | Model: (MobileNetV3) | Acc: 92.20%
Round 27 | Client 6 | Model: (LeNet) | Acc: 97.92%
Round 27 | Client 7 | Model: (AlexNet) | Acc: 12.63%
Round 27 | Client 8 | Model: (ShuffleNet) | Acc: 79.18%
Round 27 | Client 9 | Model: (SqueezeNet) | Acc: 11.04%
Round 27 | Client 11 | Model: (MLP) | Acc: 5.86%
Round 27 | Client 12 | Model: (CNN) | Acc: 53.34%
Round 27 | Client 13 | Model: (ResNet8) | Acc: 57.93%
Round 27 | Client 14 | Model: (ResNet18) | Acc: 6.49%
Round 27 | Client 15 | Model: (MobileNetV2) | Acc: 42.57%
Round 27 | Client 16 | Model: (MobileNetV3) | Acc: 41.38%
Round 27 | Client 17 | Model: (LeNet) | Acc: 5.83%
Round 27 | Client 18 | Model: (AlexNet) | Acc: 2.86%
Round 27 | Client 19 | Model: (ShuffleNet) | Acc: 38.69%
Round 27 | Client 20 | Model: (SqueezeNet) | Acc: 5.84%
Round 27 | Client 22 | Model: (MLP) | Acc: 39.93%
Round 27 | Client 23 | Model: (CNN) | Acc: 61.21%
Round 27 | Client 24 | Model: (ResNet8) | Acc: 57.92%
Round 27 | Client 25 | Model: (ResNet18) | Acc: 11.21%
Round 27 | Client 26 | Model: (MobileNetV2) | Acc: 17.42%
Round 27 | Client 27 | Model: (MobileNetV3) | Acc: 44.96%
Round 27 | Client 28 | Model: (LeNet) | Acc: 51.82%
Round 27 | Client 29 | Model: (AlexNet) | Acc: 54.59%
Round 27 | Client 30 | Model: (ShuffleNet) | Acc: 37.39%
Round 27 | Client 31 | Model: (SqueezeNet) | Acc: 17.87%
[Server] Aggregating by Dataset Name ...
[Server] Training Feature-Based Global Generator...
Mixed total 82 batches across all datasets.
[Server] Global Inference Model Acc (MNIST) (Round 27): 84.85% (Tested on 9095 samples)
[Server] Global Inference Model Acc (EMNIST) (Round 27): 71.72% (Tested on 105779 samples)
[Server] Global Inference Model Acc (CIFAR10) (Round 27): 5.52% (Tested on 9100 samples)
[Server] Global Inference Model Acc (Mix) (Round 27): 67.83% (Tested on 123974 samples)
Selected client ids: [0, 1, 2, 3, 4, 5, 6, 7, 8, 9, 10, 11, 12, 13, 14, 15, 16, 17, 18, 19, 20, 21, 22, 23, 24, 25, 26, 27, 28, 29]
--- Round 28 ---
Round 28 | Client 0 | Model: (MLP) | Acc: 11.34%
Round 28 | Client 1 | Model: (CNN) | Acc: 97.01%
Round 28 | Client 2 | Model: (ResNet8) | Acc: 98.19%
Round 28 | Client 3 | Model: (ResNet18) | Acc: 97.51%
Round 28 | Client 4 | Model: (MobileNetV2) | Acc: 51.93%
Round 28 | Client 5 | Model: (MobileNetV3) | Acc: 91.97%
Round 28 | Client 6 | Model: (LeNet) | Acc: 97.59%
Round 28 | Client 7 | Model: (AlexNet) | Acc: 12.63%
Round 28 | Client 8 | Model: (ShuffleNet) | Acc: 78.62%
Round 28 | Client 9 | Model: (SqueezeNet) | Acc: 11.37%
Round 28 | Client 11 | Model: (MLP) | Acc: 5.86%
Round 28 | Client 12 | Model: (CNN) | Acc: 53.78%
Round 28 | Client 13 | Model: (ResNet8) | Acc: 58.00%
Round 28 | Client 14 | Model: (ResNet18) | Acc: 6.49%
Round 28 | Client 15 | Model: (MobileNetV2) | Acc: 44.82%
Round 28 | Client 16 | Model: (MobileNetV3) | Acc: 41.66%
Round 28 | Client 17 | Model: (LeNet) | Acc: 5.83%
Round 28 | Client 18 | Model: (AlexNet) | Acc: 2.86%
Round 28 | Client 19 | Model: (ShuffleNet) | Acc: 41.34%
Round 28 | Client 20 | Model: (SqueezeNet) | Acc: 5.79%
Round 28 | Client 22 | Model: (MLP) | Acc: 40.17%
Round 28 | Client 23 | Model: (CNN) | Acc: 63.08%
Round 28 | Client 24 | Model: (ResNet8) | Acc: 58.35%
Round 28 | Client 25 | Model: (ResNet18) | Acc: 11.21%
Round 28 | Client 26 | Model: (MobileNetV2) | Acc: 18.26%
Round 28 | Client 27 | Model: (MobileNetV3) | Acc: 45.82%
Round 28 | Client 28 | Model: (LeNet) | Acc: 52.70%
Round 28 | Client 29 | Model: (AlexNet) | Acc: 54.38%
Round 28 | Client 30 | Model: (ShuffleNet) | Acc: 37.61%
Round 28 | Client 31 | Model: (SqueezeNet) | Acc: 19.33%
[Server] Aggregating by Dataset Name ...
[Server] Training Feature-Based Global Generator...
Mixed total 82 batches across all datasets.
[Server] Global Inference Model Acc (MNIST) (Round 28): 86.09% (Tested on 9095 samples)
[Server] Global Inference Model Acc (EMNIST) (Round 28): 72.42% (Tested on 105779 samples)
[Server] Global Inference Model Acc (CIFAR10) (Round 28): 4.34% (Tested on 9100 samples)
[Server] Global Inference Model Acc (Mix) (Round 28): 68.43% (Tested on 123974 samples)
Selected client ids: [0, 1, 2, 3, 4, 5, 6, 7, 8, 9, 10, 11, 12, 13, 14, 15, 16, 17, 18, 19, 20, 21, 22, 23, 24, 25, 26, 27, 28, 29]
--- Round 29 ---
Round 29 | Client 0 | Model: (MLP) | Acc: 11.34%
Round 29 | Client 1 | Model: (CNN) | Acc: 96.68%
Round 29 | Client 2 | Model: (ResNet8) | Acc: 98.53%
Round 29 | Client 3 | Model: (ResNet18) | Acc: 97.96%
Round 29 | Client 4 | Model: (MobileNetV2) | Acc: 72.06%
Round 29 | Client 5 | Model: (MobileNetV3) | Acc: 91.42%
Round 29 | Client 6 | Model: (LeNet) | Acc: 97.59%
Round 29 | Client 7 | Model: (AlexNet) | Acc: 12.63%
Round 29 | Client 8 | Model: (ShuffleNet) | Acc: 82.96%
Round 29 | Client 9 | Model: (SqueezeNet) | Acc: 11.37%
Round 29 | Client 11 | Model: (MLP) | Acc: 5.86%
Round 29 | Client 12 | Model: (CNN) | Acc: 53.18%
Round 29 | Client 13 | Model: (ResNet8) | Acc: 59.35%
Round 29 | Client 14 | Model: (ResNet18) | Acc: 6.49%
Round 29 | Client 15 | Model: (MobileNetV2) | Acc: 43.05%
Round 29 | Client 16 | Model: (MobileNetV3) | Acc: 42.22%
Round 29 | Client 17 | Model: (LeNet) | Acc: 5.83%
Round 29 | Client 18 | Model: (AlexNet) | Acc: 2.86%
Round 29 | Client 19 | Model: (ShuffleNet) | Acc: 42.27%
Round 29 | Client 20 | Model: (SqueezeNet) | Acc: 5.84%
Round 29 | Client 22 | Model: (MLP) | Acc: 40.41%
Round 29 | Client 23 | Model: (CNN) | Acc: 61.21%
Round 29 | Client 24 | Model: (ResNet8) | Acc: 60.60%
Round 29 | Client 25 | Model: (ResNet18) | Acc: 11.21%
Round 29 | Client 26 | Model: (MobileNetV2) | Acc: 15.53%
Round 29 | Client 27 | Model: (MobileNetV3) | Acc: 46.78%
Round 29 | Client 28 | Model: (LeNet) | Acc: 53.58%
Round 29 | Client 29 | Model: (AlexNet) | Acc: 55.03%
Round 29 | Client 30 | Model: (ShuffleNet) | Acc: 36.51%
Round 29 | Client 31 | Model: (SqueezeNet) | Acc: 18.99%
[Server] Aggregating by Dataset Name ...
[Server] Training Feature-Based Global Generator...
Mixed total 82 batches across all datasets.
[Server] Global Inference Model Acc (MNIST) (Round 29): 83.85% (Tested on 9095 samples)
[Server] Global Inference Model Acc (EMNIST) (Round 29): 72.03% (Tested on 105779 samples)
[Server] Global Inference Model Acc (CIFAR10) (Round 29): 4.65% (Tested on 9100 samples)
[Server] Global Inference Model Acc (Mix) (Round 29): 67.95% (Tested on 123974 samples)
Selected client ids: [0, 1, 2, 3, 4, 5, 6, 7, 8, 9, 10, 11, 12, 13, 14, 15, 16, 17, 18, 19, 20, 21, 22, 23, 24, 25, 26, 27, 28, 29]
--- Round 30 ---
Round 30 | Client 0 | Model: (MLP) | Acc: 11.34%
Round 30 | Client 1 | Model: (CNN) | Acc: 96.57%
Round 30 | Client 2 | Model: (ResNet8) | Acc: 97.96%
Round 30 | Client 3 | Model: (ResNet18) | Acc: 98.53%
Round 30 | Client 4 | Model: (MobileNetV2) | Acc: 67.88%
Round 30 | Client 5 | Model: (MobileNetV3) | Acc: 91.86%
Round 30 | Client 6 | Model: (LeNet) | Acc: 97.92%
Round 30 | Client 7 | Model: (AlexNet) | Acc: 12.63%
Round 30 | Client 8 | Model: (ShuffleNet) | Acc: 83.52%
Round 30 | Client 9 | Model: (SqueezeNet) | Acc: 11.04%
Round 30 | Client 11 | Model: (MLP) | Acc: 5.86%
Round 30 | Client 12 | Model: (CNN) | Acc: 53.41%
Round 30 | Client 13 | Model: (ResNet8) | Acc: 58.79%
Round 30 | Client 14 | Model: (ResNet18) | Acc: 6.49%
Round 30 | Client 15 | Model: (MobileNetV2) | Acc: 45.60%
Round 30 | Client 16 | Model: (MobileNetV3) | Acc: 41.86%
Round 30 | Client 17 | Model: (LeNet) | Acc: 5.83%
Round 30 | Client 18 | Model: (AlexNet) | Acc: 2.86%
Round 30 | Client 19 | Model: (ShuffleNet) | Acc: 44.51%
Round 30 | Client 20 | Model: (SqueezeNet) | Acc: 5.79%
Round 30 | Client 22 | Model: (MLP) | Acc: 39.93%
Round 30 | Client 23 | Model: (CNN) | Acc: 63.41%
Round 30 | Client 24 | Model: (ResNet8) | Acc: 60.06%
Round 30 | Client 25 | Model: (ResNet18) | Acc: 11.21%
Round 30 | Client 26 | Model: (MobileNetV2) | Acc: 17.73%
Round 30 | Client 27 | Model: (MobileNetV3) | Acc: 45.49%
Round 30 | Client 28 | Model: (LeNet) | Acc: 52.37%
Round 30 | Client 29 | Model: (AlexNet) | Acc: 53.73%
Round 30 | Client 30 | Model: (ShuffleNet) | Acc: 38.27%
Round 30 | Client 31 | Model: (SqueezeNet) | Acc: 19.44%
[Server] Aggregating by Dataset Name ...
[Server] Training Feature-Based Global Generator...
Mixed total 82 batches across all datasets.
[Server] Global Inference Model Acc (MNIST) (Round 30): 84.51% (Tested on 9095 samples)
[Server] Global Inference Model Acc (EMNIST) (Round 30): 71.83% (Tested on 105779 samples)
[Server] Global Inference Model Acc (CIFAR10) (Round 30): 3.69% (Tested on 9100 samples)
[Server] Global Inference Model Acc (Mix) (Round 30): 67.76% (Tested on 123974 samples)
Selected client ids: [0, 1, 2, 3, 4, 5, 6, 7, 8, 9, 10, 11, 12, 13, 14, 15, 16, 17, 18, 19, 20, 21, 22, 23, 24, 25, 26, 27, 28, 29]
--- Round 31 ---
Round 31 | Client 0 | Model: (MLP) | Acc: 11.34%
Round 31 | Client 1 | Model: (CNN) | Acc: 96.46%
Round 31 | Client 2 | Model: (ResNet8) | Acc: 98.53%
Round 31 | Client 3 | Model: (ResNet18) | Acc: 98.53%
Round 31 | Client 4 | Model: (MobileNetV2) | Acc: 70.88%
Round 31 | Client 5 | Model: (MobileNetV3) | Acc: 91.75%
Round 31 | Client 6 | Model: (LeNet) | Acc: 97.70%
Round 31 | Client 7 | Model: (AlexNet) | Acc: 12.63%
Round 31 | Client 8 | Model: (ShuffleNet) | Acc: 77.95%
Round 31 | Client 9 | Model: (SqueezeNet) | Acc: 11.15%
Round 31 | Client 11 | Model: (MLP) | Acc: 5.86%
Round 31 | Client 12 | Model: (CNN) | Acc: 53.95%
Round 31 | Client 13 | Model: (ResNet8) | Acc: 58.20%
Round 31 | Client 14 | Model: (ResNet18) | Acc: 6.49%
Round 31 | Client 15 | Model: (MobileNetV2) | Acc: 44.82%
Round 31 | Client 16 | Model: (MobileNetV3) | Acc: 42.07%
Round 31 | Client 17 | Model: (LeNet) | Acc: 5.83%
Round 31 | Client 18 | Model: (AlexNet) | Acc: 2.86%
Round 31 | Client 19 | Model: (ShuffleNet) | Acc: 41.07%
Round 31 | Client 20 | Model: (SqueezeNet) | Acc: 5.79%
Round 31 | Client 22 | Model: (MLP) | Acc: 40.89%
Round 31 | Client 23 | Model: (CNN) | Acc: 65.16%
Round 31 | Client 24 | Model: (ResNet8) | Acc: 59.31%
Round 31 | Client 25 | Model: (ResNet18) | Acc: 11.21%
Round 31 | Client 26 | Model: (MobileNetV2) | Acc: 19.52%
Round 31 | Client 27 | Model: (MobileNetV3) | Acc: 46.14%
Round 31 | Client 28 | Model: (LeNet) | Acc: 53.58%
Round 31 | Client 29 | Model: (AlexNet) | Acc: 53.62%
Round 31 | Client 30 | Model: (ShuffleNet) | Acc: 39.80%
Round 31 | Client 31 | Model: (SqueezeNet) | Acc: 20.00%
[Server] Aggregating by Dataset Name ...
[Server] Training Feature-Based Global Generator...
Mixed total 82 batches across all datasets.
[Server] Global Inference Model Acc (MNIST) (Round 31): 83.93% (Tested on 9095 samples)
[Server] Global Inference Model Acc (EMNIST) (Round 31): 70.50% (Tested on 105779 samples)
[Server] Global Inference Model Acc (CIFAR10) (Round 31): 3.86% (Tested on 9100 samples)
[Server] Global Inference Model Acc (Mix) (Round 31): 66.59% (Tested on 123974 samples)
Selected client ids: [0, 1, 2, 3, 4, 5, 6, 7, 8, 9, 10, 11, 12, 13, 14, 15, 16, 17, 18, 19, 20, 21, 22, 23, 24, 25, 26, 27, 28, 29]
--- Round 32 ---
Round 32 | Client 0 | Model: (MLP) | Acc: 11.34%
Round 32 | Client 1 | Model: (CNN) | Acc: 96.23%
Round 32 | Client 2 | Model: (ResNet8) | Acc: 99.09%
Round 32 | Client 3 | Model: (ResNet18) | Acc: 98.53%
Round 32 | Client 4 | Model: (MobileNetV2) | Acc: 61.35%
Round 32 | Client 5 | Model: (MobileNetV3) | Acc: 92.20%
Round 32 | Client 6 | Model: (LeNet) | Acc: 98.14%
Round 32 | Client 7 | Model: (AlexNet) | Acc: 12.63%
Round 32 | Client 8 | Model: (ShuffleNet) | Acc: 87.31%
Round 32 | Client 9 | Model: (SqueezeNet) | Acc: 11.37%
Round 32 | Client 11 | Model: (MLP) | Acc: 5.86%
Round 32 | Client 12 | Model: (CNN) | Acc: 54.80%
Round 32 | Client 13 | Model: (ResNet8) | Acc: 59.89%
Round 32 | Client 14 | Model: (ResNet18) | Acc: 6.49%
Round 32 | Client 15 | Model: (MobileNetV2) | Acc: 45.74%
Round 32 | Client 16 | Model: (MobileNetV3) | Acc: 43.56%
Round 32 | Client 17 | Model: (LeNet) | Acc: 5.83%
Round 32 | Client 18 | Model: (AlexNet) | Acc: 2.86%
Round 32 | Client 19 | Model: (ShuffleNet) | Acc: 45.22%
Round 32 | Client 20 | Model: (SqueezeNet) | Acc: 5.79%
Round 32 | Client 22 | Model: (MLP) | Acc: 39.81%
Round 32 | Client 23 | Model: (CNN) | Acc: 63.63%
Round 32 | Client 24 | Model: (ResNet8) | Acc: 59.21%
Round 32 | Client 25 | Model: (ResNet18) | Acc: 11.21%
Round 32 | Client 26 | Model: (MobileNetV2) | Acc: 20.15%
Round 32 | Client 27 | Model: (MobileNetV3) | Acc: 46.57%
Round 32 | Client 28 | Model: (LeNet) | Acc: 52.26%
Round 32 | Client 29 | Model: (AlexNet) | Acc: 55.24%
Round 32 | Client 30 | Model: (ShuffleNet) | Acc: 38.05%
Round 32 | Client 31 | Model: (SqueezeNet) | Acc: 18.76%
[Server] Aggregating by Dataset Name ...
[Server] Training Feature-Based Global Generator...
Mixed total 82 batches across all datasets.
[Server] Global Inference Model Acc (MNIST) (Round 32): 78.09% (Tested on 9095 samples)
[Server] Global Inference Model Acc (EMNIST) (Round 32): 68.42% (Tested on 105779 samples)
[Server] Global Inference Model Acc (CIFAR10) (Round 32): 5.02% (Tested on 9100 samples)
[Server] Global Inference Model Acc (Mix) (Round 32): 64.47% (Tested on 123974 samples)
Selected client ids: [0, 1, 2, 3, 4, 5, 6, 7, 8, 9, 10, 11, 12, 13, 14, 15, 16, 17, 18, 19, 20, 21, 22, 23, 24, 25, 26, 27, 28, 29]
--- Round 33 ---
Round 33 | Client 0 | Model: (MLP) | Acc: 11.34%
Round 33 | Client 1 | Model: (CNN) | Acc: 96.35%
Round 33 | Client 2 | Model: (ResNet8) | Acc: 98.07%
Round 33 | Client 3 | Model: (ResNet18) | Acc: 98.64%
Round 33 | Client 4 | Model: (MobileNetV2) | Acc: 61.78%
Round 33 | Client 5 | Model: (MobileNetV3) | Acc: 92.08%
Round 33 | Client 6 | Model: (LeNet) | Acc: 98.14%
Round 33 | Client 7 | Model: (AlexNet) | Acc: 12.63%
Round 33 | Client 8 | Model: (ShuffleNet) | Acc: 85.30%
Round 33 | Client 9 | Model: (SqueezeNet) | Acc: 11.04%
Round 33 | Client 11 | Model: (MLP) | Acc: 5.86%
Round 33 | Client 12 | Model: (CNN) | Acc: 53.54%
Round 33 | Client 13 | Model: (ResNet8) | Acc: 59.25%
Round 33 | Client 14 | Model: (ResNet18) | Acc: 6.49%
Round 33 | Client 15 | Model: (MobileNetV2) | Acc: 44.88%
Round 33 | Client 16 | Model: (MobileNetV3) | Acc: 41.88%
Round 33 | Client 17 | Model: (LeNet) | Acc: 5.83%
Round 33 | Client 18 | Model: (AlexNet) | Acc: 2.86%
Round 33 | Client 19 | Model: (ShuffleNet) | Acc: 45.10%
Round 33 | Client 20 | Model: (SqueezeNet) | Acc: 5.79%
Round 33 | Client 22 | Model: (MLP) | Acc: 39.45%
Round 33 | Client 23 | Model: (CNN) | Acc: 63.08%
Round 33 | Client 24 | Model: (ResNet8) | Acc: 57.28%
Round 33 | Client 25 | Model: (ResNet18) | Acc: 11.21%
Round 33 | Client 26 | Model: (MobileNetV2) | Acc: 20.15%
Round 33 | Client 27 | Model: (MobileNetV3) | Acc: 46.67%
Round 33 | Client 28 | Model: (LeNet) | Acc: 51.82%
Round 33 | Client 29 | Model: (AlexNet) | Acc: 55.46%
Round 33 | Client 30 | Model: (ShuffleNet) | Acc: 38.82%
Round 33 | Client 31 | Model: (SqueezeNet) | Acc: 19.66%
[Server] Aggregating by Dataset Name ...
[Server] Training Feature-Based Global Generator...
Mixed total 82 batches across all datasets.
[Server] Global Inference Model Acc (MNIST) (Round 33): 84.05% (Tested on 9095 samples)
[Server] Global Inference Model Acc (EMNIST) (Round 33): 71.81% (Tested on 105779 samples)
[Server] Global Inference Model Acc (CIFAR10) (Round 33): 0.98% (Tested on 9100 samples)
[Server] Global Inference Model Acc (Mix) (Round 33): 67.51% (Tested on 123974 samples)
Selected client ids: [0, 1, 2, 3, 4, 5, 6, 7, 8, 9, 10, 11, 12, 13, 14, 15, 16, 17, 18, 19, 20, 21, 22, 23, 24, 25, 26, 27, 28, 29]
--- Round 34 ---
Round 34 | Client 0 | Model: (MLP) | Acc: 11.34%
Round 34 | Client 1 | Model: (CNN) | Acc: 96.35%
Round 34 | Client 2 | Model: (ResNet8) | Acc: 98.41%
Round 34 | Client 3 | Model: (ResNet18) | Acc: 98.64%
Round 34 | Client 4 | Model: (MobileNetV2) | Acc: 67.67%
Round 34 | Client 5 | Model: (MobileNetV3) | Acc: 92.53%
Round 34 | Client 6 | Model: (LeNet) | Acc: 97.92%
Round 34 | Client 7 | Model: (AlexNet) | Acc: 12.63%
Round 34 | Client 8 | Model: (ShuffleNet) | Acc: 80.51%
Round 34 | Client 9 | Model: (SqueezeNet) | Acc: 11.15%
Round 34 | Client 11 | Model: (MLP) | Acc: 5.86%
Round 34 | Client 12 | Model: (CNN) | Acc: 52.18%
Round 34 | Client 13 | Model: (ResNet8) | Acc: 58.26%
Round 34 | Client 14 | Model: (ResNet18) | Acc: 6.49%
Round 34 | Client 15 | Model: (MobileNetV2) | Acc: 48.00%
Round 34 | Client 16 | Model: (MobileNetV3) | Acc: 42.29%
Round 34 | Client 17 | Model: (LeNet) | Acc: 5.83%
Round 34 | Client 18 | Model: (AlexNet) | Acc: 2.86%
Round 34 | Client 19 | Model: (ShuffleNet) | Acc: 47.05%
Round 34 | Client 20 | Model: (SqueezeNet) | Acc: 5.79%
Round 34 | Client 22 | Model: (MLP) | Acc: 41.25%
Round 34 | Client 23 | Model: (CNN) | Acc: 61.65%
Round 34 | Client 24 | Model: (ResNet8) | Acc: 53.64%
Round 34 | Client 25 | Model: (ResNet18) | Acc: 11.21%
Round 34 | Client 26 | Model: (MobileNetV2) | Acc: 8.92%
Round 34 | Client 27 | Model: (MobileNetV3) | Acc: 47.96%
Round 34 | Client 28 | Model: (LeNet) | Acc: 52.92%
Round 34 | Client 29 | Model: (AlexNet) | Acc: 56.32%
Round 34 | Client 30 | Model: (ShuffleNet) | Acc: 38.71%
Round 34 | Client 31 | Model: (SqueezeNet) | Acc: 22.13%
[Server] Aggregating by Dataset Name ...
[Server] Training Feature-Based Global Generator...
Mixed total 82 batches across all datasets.
[Server] Global Inference Model Acc (MNIST) (Round 34): 87.65% (Tested on 9095 samples)
[Server] Global Inference Model Acc (EMNIST) (Round 34): 72.87% (Tested on 105779 samples)
[Server] Global Inference Model Acc (CIFAR10) (Round 34): 2.23% (Tested on 9100 samples)
[Server] Global Inference Model Acc (Mix) (Round 34): 68.77% (Tested on 123974 samples)
Selected client ids: [0, 1, 2, 3, 4, 5, 6, 7, 8, 9, 10, 11, 12, 13, 14, 15, 16, 17, 18, 19, 20, 21, 22, 23, 24, 25, 26, 27, 28, 29]
--- Round 35 ---
Round 35 | Client 0 | Model: (MLP) | Acc: 11.34%
Round 35 | Client 1 | Model: (CNN) | Acc: 97.56%
Round 35 | Client 2 | Model: (ResNet8) | Acc: 98.53%
Round 35 | Client 3 | Model: (ResNet18) | Acc: 99.10%
Round 35 | Client 4 | Model: (MobileNetV2) | Acc: 70.02%
Round 35 | Client 5 | Model: (MobileNetV3) | Acc: 92.64%
Round 35 | Client 6 | Model: (LeNet) | Acc: 98.03%
Round 35 | Client 7 | Model: (AlexNet) | Acc: 12.63%
Round 35 | Client 8 | Model: (ShuffleNet) | Acc: 83.41%
Round 35 | Client 9 | Model: (SqueezeNet) | Acc: 11.04%
Round 35 | Client 11 | Model: (MLP) | Acc: 5.86%
Round 35 | Client 12 | Model: (CNN) | Acc: 55.30%
Round 35 | Client 13 | Model: (ResNet8) | Acc: 58.91%
Round 35 | Client 14 | Model: (ResNet18) | Acc: 6.49%
Round 35 | Client 15 | Model: (MobileNetV2) | Acc: 44.85%
Round 35 | Client 16 | Model: (MobileNetV3) | Acc: 42.90%
Round 35 | Client 17 | Model: (LeNet) | Acc: 5.83%
Round 35 | Client 18 | Model: (AlexNet) | Acc: 2.72%
Round 35 | Client 19 | Model: (ShuffleNet) | Acc: 47.66%
Round 35 | Client 20 | Model: (SqueezeNet) | Acc: 5.79%
Round 35 | Client 22 | Model: (MLP) | Acc: 41.13%
Round 35 | Client 23 | Model: (CNN) | Acc: 61.10%
Round 35 | Client 24 | Model: (ResNet8) | Acc: 57.82%
Round 35 | Client 25 | Model: (ResNet18) | Acc: 11.21%
Round 35 | Client 26 | Model: (MobileNetV2) | Acc: 18.78%
Round 35 | Client 27 | Model: (MobileNetV3) | Acc: 45.71%
Round 35 | Client 28 | Model: (LeNet) | Acc: 51.82%
Round 35 | Client 29 | Model: (AlexNet) | Acc: 54.05%
Round 35 | Client 30 | Model: (ShuffleNet) | Acc: 41.89%
Round 35 | Client 31 | Model: (SqueezeNet) | Acc: 19.44%
[Server] Aggregating by Dataset Name ...
[Server] Training Feature-Based Global Generator...
Mixed total 82 batches across all datasets.
[Server] Global Inference Model Acc (MNIST) (Round 35): 88.20% (Tested on 9095 samples)
[Server] Global Inference Model Acc (EMNIST) (Round 35): 73.34% (Tested on 105779 samples)
[Server] Global Inference Model Acc (CIFAR10) (Round 35): 3.44% (Tested on 9100 samples)
[Server] Global Inference Model Acc (Mix) (Round 35): 69.30% (Tested on 123974 samples)
Selected client ids: [0, 1, 2, 3, 4, 5, 6, 7, 8, 9, 10, 11, 12, 13, 14, 15, 16, 17, 18, 19, 20, 21, 22, 23, 24, 25, 26, 27, 28, 29]
--- Round 36 ---
Round 36 | Client 0 | Model: (MLP) | Acc: 11.34%
Round 36 | Client 1 | Model: (CNN) | Acc: 97.12%
Round 36 | Client 2 | Model: (ResNet8) | Acc: 98.87%
Round 36 | Client 3 | Model: (ResNet18) | Acc: 98.87%
Round 36 | Client 4 | Model: (MobileNetV2) | Acc: 74.95%
Round 36 | Client 5 | Model: (MobileNetV3) | Acc: 92.53%
Round 36 | Client 6 | Model: (LeNet) | Acc: 98.14%
Round 36 | Client 7 | Model: (AlexNet) | Acc: 12.63%
Round 36 | Client 8 | Model: (ShuffleNet) | Acc: 87.53%
Round 36 | Client 9 | Model: (SqueezeNet) | Acc: 11.37%
Round 36 | Client 11 | Model: (MLP) | Acc: 5.86%
Round 36 | Client 12 | Model: (CNN) | Acc: 56.08%
Round 36 | Client 13 | Model: (ResNet8) | Acc: 58.66%
Round 36 | Client 14 | Model: (ResNet18) | Acc: 6.49%
Round 36 | Client 15 | Model: (MobileNetV2) | Acc: 47.34%
Round 36 | Client 16 | Model: (MobileNetV3) | Acc: 42.64%
Round 36 | Client 17 | Model: (LeNet) | Acc: 5.83%
Round 36 | Client 18 | Model: (AlexNet) | Acc: 2.86%
Round 36 | Client 19 | Model: (ShuffleNet) | Acc: 47.09%
Round 36 | Client 20 | Model: (SqueezeNet) | Acc: 5.79%
Round 36 | Client 22 | Model: (MLP) | Acc: 40.05%
Round 36 | Client 23 | Model: (CNN) | Acc: 59.23%
Round 36 | Client 24 | Model: (ResNet8) | Acc: 58.03%
Round 36 | Client 25 | Model: (ResNet18) | Acc: 11.21%
Round 36 | Client 26 | Model: (MobileNetV2) | Acc: 16.89%
Round 36 | Client 27 | Model: (MobileNetV3) | Acc: 47.85%
Round 36 | Client 28 | Model: (LeNet) | Acc: 50.83%
Round 36 | Client 29 | Model: (AlexNet) | Acc: 54.05%
Round 36 | Client 30 | Model: (ShuffleNet) | Acc: 40.24%
Round 36 | Client 31 | Model: (SqueezeNet) | Acc: 20.79%
[Server] Aggregating by Dataset Name ...
[Server] Training Feature-Based Global Generator...
Mixed total 82 batches across all datasets.
[Server] Global Inference Model Acc (MNIST) (Round 36): 85.74% (Tested on 9095 samples)
[Server] Global Inference Model Acc (EMNIST) (Round 36): 70.78% (Tested on 105779 samples)
[Server] Global Inference Model Acc (CIFAR10) (Round 36): 2.01% (Tested on 9100 samples)
[Server] Global Inference Model Acc (Mix) (Round 36): 66.83% (Tested on 123974 samples)
Selected client ids: [0, 1, 2, 3, 4, 5, 6, 7, 8, 9, 10, 11, 12, 13, 14, 15, 16, 17, 18, 19, 20, 21, 22, 23, 24, 25, 26, 27, 28, 29]
--- Round 37 ---
Round 37 | Client 0 | Model: (MLP) | Acc: 11.34%
Round 37 | Client 1 | Model: (CNN) | Acc: 97.12%
Round 37 | Client 2 | Model: (ResNet8) | Acc: 98.98%
Round 37 | Client 3 | Model: (ResNet18) | Acc: 98.19%
Round 37 | Client 4 | Model: (MobileNetV2) | Acc: 82.01%
Round 37 | Client 5 | Model: (MobileNetV3) | Acc: 92.53%
Round 37 | Client 6 | Model: (LeNet) | Acc: 98.14%
Round 37 | Client 7 | Model: (AlexNet) | Acc: 12.63%
Round 37 | Client 8 | Model: (ShuffleNet) | Acc: 85.75%
Round 37 | Client 9 | Model: (SqueezeNet) | Acc: 9.40%
Round 37 | Client 11 | Model: (MLP) | Acc: 5.86%
Round 37 | Client 12 | Model: (CNN) | Acc: 54.38%
Round 37 | Client 13 | Model: (ResNet8) | Acc: 59.57%
Round 37 | Client 14 | Model: (ResNet18) | Acc: 6.49%
Round 37 | Client 15 | Model: (MobileNetV2) | Acc: 43.85%
Round 37 | Client 16 | Model: (MobileNetV3) | Acc: 43.16%
Round 37 | Client 17 | Model: (LeNet) | Acc: 5.83%
Round 37 | Client 18 | Model: (AlexNet) | Acc: 2.72%
Round 37 | Client 19 | Model: (ShuffleNet) | Acc: 49.79%
Round 37 | Client 20 | Model: (SqueezeNet) | Acc: 5.79%
Round 37 | Client 22 | Model: (MLP) | Acc: 41.37%
Round 37 | Client 23 | Model: (CNN) | Acc: 60.44%
Round 37 | Client 24 | Model: (ResNet8) | Acc: 58.24%
Round 37 | Client 25 | Model: (ResNet18) | Acc: 11.21%
Round 37 | Client 26 | Model: (MobileNetV2) | Acc: 22.46%
Round 37 | Client 27 | Model: (MobileNetV3) | Acc: 47.96%
Round 37 | Client 28 | Model: (LeNet) | Acc: 53.47%
Round 37 | Client 29 | Model: (AlexNet) | Acc: 55.46%
Round 37 | Client 30 | Model: (ShuffleNet) | Acc: 41.34%
Round 37 | Client 31 | Model: (SqueezeNet) | Acc: 22.13%
[Server] Aggregating by Dataset Name ...
[Server] Training Feature-Based Global Generator...
Mixed total 82 batches across all datasets.
[Server] Global Inference Model Acc (MNIST) (Round 37): 84.57% (Tested on 9095 samples)
[Server] Global Inference Model Acc (EMNIST) (Round 37): 71.63% (Tested on 105779 samples)
[Server] Global Inference Model Acc (CIFAR10) (Round 37): 7.37% (Tested on 9100 samples)
[Server] Global Inference Model Acc (Mix) (Round 37): 67.86% (Tested on 123974 samples)
Selected client ids: [0, 1, 2, 3, 4, 5, 6, 7, 8, 9, 10, 11, 12, 13, 14, 15, 16, 17, 18, 19, 20, 21, 22, 23, 24, 25, 26, 27, 28, 29]
--- Round 38 ---
Round 38 | Client 0 | Model: (MLP) | Acc: 11.34%
Round 38 | Client 1 | Model: (CNN) | Acc: 97.34%
Round 38 | Client 2 | Model: (ResNet8) | Acc: 99.09%
Round 38 | Client 3 | Model: (ResNet18) | Acc: 98.76%
Round 38 | Client 4 | Model: (MobileNetV2) | Acc: 82.76%
Round 38 | Client 5 | Model: (MobileNetV3) | Acc: 92.75%
Round 38 | Client 6 | Model: (LeNet) | Acc: 98.25%
Round 38 | Client 7 | Model: (AlexNet) | Acc: 12.63%
Round 38 | Client 8 | Model: (ShuffleNet) | Acc: 76.28%
Round 38 | Client 9 | Model: (SqueezeNet) | Acc: 11.15%
Round 38 | Client 11 | Model: (MLP) | Acc: 5.86%
Round 38 | Client 12 | Model: (CNN) | Acc: 54.53%
Round 38 | Client 13 | Model: (ResNet8) | Acc: 58.81%
Round 38 | Client 14 | Model: (ResNet18) | Acc: 6.49%
Round 38 | Client 15 | Model: (MobileNetV2) | Acc: 45.16%
Round 38 | Client 16 | Model: (MobileNetV3) | Acc: 42.64%
Round 38 | Client 17 | Model: (LeNet) | Acc: 5.83%
Round 38 | Client 18 | Model: (AlexNet) | Acc: 2.72%
Round 38 | Client 19 | Model: (ShuffleNet) | Acc: 49.37%
Round 38 | Client 20 | Model: (SqueezeNet) | Acc: 5.79%
Round 38 | Client 22 | Model: (MLP) | Acc: 39.69%
Round 38 | Client 23 | Model: (CNN) | Acc: 61.65%
Round 38 | Client 24 | Model: (ResNet8) | Acc: 58.14%
Round 38 | Client 25 | Model: (ResNet18) | Acc: 11.21%
Round 38 | Client 26 | Model: (MobileNetV2) | Acc: 23.19%
Round 38 | Client 27 | Model: (MobileNetV3) | Acc: 46.24%
Round 38 | Client 28 | Model: (LeNet) | Acc: 50.94%
Round 38 | Client 29 | Model: (AlexNet) | Acc: 54.92%
Round 38 | Client 30 | Model: (ShuffleNet) | Acc: 40.57%
Round 38 | Client 31 | Model: (SqueezeNet) | Acc: 21.80%
[Server] Aggregating by Dataset Name ...
[Server] Training Feature-Based Global Generator...
Mixed total 82 batches across all datasets.
[Server] Global Inference Model Acc (MNIST) (Round 38): 87.22% (Tested on 9095 samples)
[Server] Global Inference Model Acc (EMNIST) (Round 38): 72.21% (Tested on 105779 samples)
[Server] Global Inference Model Acc (CIFAR10) (Round 38): 9.23% (Tested on 9100 samples)
[Server] Global Inference Model Acc (Mix) (Round 38): 68.69% (Tested on 123974 samples)
Selected client ids: [0, 1, 2, 3, 4, 5, 6, 7, 8, 9, 10, 11, 12, 13, 14, 15, 16, 17, 18, 19, 20, 21, 22, 23, 24, 25, 26, 27, 28, 29]
--- Round 39 ---
Round 39 | Client 0 | Model: (MLP) | Acc: 11.34%
Round 39 | Client 1 | Model: (CNN) | Acc: 97.12%
Round 39 | Client 2 | Model: (ResNet8) | Acc: 98.98%
Round 39 | Client 3 | Model: (ResNet18) | Acc: 98.30%
Round 39 | Client 4 | Model: (MobileNetV2) | Acc: 91.86%
Round 39 | Client 5 | Model: (MobileNetV3) | Acc: 92.53%
Round 39 | Client 6 | Model: (LeNet) | Acc: 98.14%
Round 39 | Client 7 | Model: (AlexNet) | Acc: 12.63%
Round 39 | Client 8 | Model: (ShuffleNet) | Acc: 78.84%
Round 39 | Client 9 | Model: (SqueezeNet) | Acc: 11.15%
Round 39 | Client 11 | Model: (MLP) | Acc: 5.86%
Round 39 | Client 12 | Model: (CNN) | Acc: 52.70%
Round 39 | Client 13 | Model: (ResNet8) | Acc: 59.92%
Round 39 | Client 14 | Model: (ResNet18) | Acc: 6.49%
Round 39 | Client 15 | Model: (MobileNetV2) | Acc: 47.13%
Round 39 | Client 16 | Model: (MobileNetV3) | Acc: 43.65%
Round 39 | Client 17 | Model: (LeNet) | Acc: 5.83%
Round 39 | Client 18 | Model: (AlexNet) | Acc: 2.86%
Round 39 | Client 19 | Model: (ShuffleNet) | Acc: 48.02%
Round 39 | Client 20 | Model: (SqueezeNet) | Acc: 5.79%
Round 39 | Client 22 | Model: (MLP) | Acc: 37.29%
Round 39 | Client 23 | Model: (CNN) | Acc: 59.89%
Round 39 | Client 24 | Model: (ResNet8) | Acc: 57.60%
Round 39 | Client 25 | Model: (ResNet18) | Acc: 11.21%
Round 39 | Client 26 | Model: (MobileNetV2) | Acc: 21.20%
Round 39 | Client 27 | Model: (MobileNetV3) | Acc: 47.85%
Round 39 | Client 28 | Model: (LeNet) | Acc: 52.26%
Round 39 | Client 29 | Model: (AlexNet) | Acc: 54.05%
Round 39 | Client 30 | Model: (ShuffleNet) | Acc: 40.46%
Round 39 | Client 31 | Model: (SqueezeNet) | Acc: 19.33%
[Server] Aggregating by Dataset Name ...
[Server] Training Feature-Based Global Generator...
Mixed total 82 batches across all datasets.
[Server] Global Inference Model Acc (MNIST) (Round 39): 86.84% (Tested on 9095 samples)
[Server] Global Inference Model Acc (EMNIST) (Round 39): 71.45% (Tested on 105779 samples)
[Server] Global Inference Model Acc (CIFAR10) (Round 39): 8.56% (Tested on 9100 samples)
[Server] Global Inference Model Acc (Mix) (Round 39): 67.96% (Tested on 123974 samples)
Selected client ids: [0, 1, 2, 3, 4, 5, 6, 7, 8, 9, 10, 11, 12, 13, 14, 15, 16, 17, 18, 19, 20, 21, 22, 23, 24, 25, 26, 27, 28, 29]
--- Round 40 ---
Round 40 | Client 0 | Model: (MLP) | Acc: 11.34%
Round 40 | Client 1 | Model: (CNN) | Acc: 97.01%
Round 40 | Client 2 | Model: (ResNet8) | Acc: 98.98%
Round 40 | Client 3 | Model: (ResNet18) | Acc: 99.21%
Round 40 | Client 4 | Model: (MobileNetV2) | Acc: 94.75%
Round 40 | Client 5 | Model: (MobileNetV3) | Acc: 93.42%
Round 40 | Client 6 | Model: (LeNet) | Acc: 98.47%
Round 40 | Client 7 | Model: (AlexNet) | Acc: 12.63%
Round 40 | Client 8 | Model: (ShuffleNet) | Acc: 89.20%
Round 40 | Client 9 | Model: (SqueezeNet) | Acc: 10.27%
Round 40 | Client 11 | Model: (MLP) | Acc: 5.86%
Round 40 | Client 12 | Model: (CNN) | Acc: 54.67%
Round 40 | Client 13 | Model: (ResNet8) | Acc: 59.75%
Round 40 | Client 14 | Model: (ResNet18) | Acc: 6.49%
Round 40 | Client 15 | Model: (MobileNetV2) | Acc: 43.84%
Round 40 | Client 16 | Model: (MobileNetV3) | Acc: 42.83%
Round 40 | Client 17 | Model: (LeNet) | Acc: 5.83%
Round 40 | Client 18 | Model: (AlexNet) | Acc: 2.72%
Round 40 | Client 19 | Model: (ShuffleNet) | Acc: 48.96%
Round 40 | Client 20 | Model: (SqueezeNet) | Acc: 5.79%
Round 40 | Client 22 | Model: (MLP) | Acc: 37.65%
Round 40 | Client 23 | Model: (CNN) | Acc: 59.01%
Round 40 | Client 24 | Model: (ResNet8) | Acc: 58.03%
Round 40 | Client 25 | Model: (ResNet18) | Acc: 11.21%
Round 40 | Client 26 | Model: (MobileNetV2) | Acc: 22.25%
Round 40 | Client 27 | Model: (MobileNetV3) | Acc: 47.32%
Round 40 | Client 28 | Model: (LeNet) | Acc: 52.81%
Round 40 | Client 29 | Model: (AlexNet) | Acc: 56.54%
Round 40 | Client 30 | Model: (ShuffleNet) | Acc: 40.90%
Round 40 | Client 31 | Model: (SqueezeNet) | Acc: 21.46%
[Server] Aggregating by Dataset Name ...
[Server] Training Feature-Based Global Generator...
Mixed total 82 batches across all datasets.
[Server] Global Inference Model Acc (MNIST) (Round 40): 84.30% (Tested on 9095 samples)
[Server] Global Inference Model Acc (EMNIST) (Round 40): 71.12% (Tested on 105779 samples)
[Server] Global Inference Model Acc (CIFAR10) (Round 40): 9.21% (Tested on 9100 samples)
[Server] Global Inference Model Acc (Mix) (Round 40): 67.54% (Tested on 123974 samples)
Selected client ids: [0, 1, 2, 3, 4, 5, 6, 7, 8, 9, 10, 11, 12, 13, 14, 15, 16, 17, 18, 19, 20, 21, 22, 23, 24, 25, 26, 27, 28, 29]
--- Round 41 ---
Round 41 | Client 0 | Model: (MLP) | Acc: 11.34%
Round 41 | Client 1 | Model: (CNN) | Acc: 97.12%
Round 41 | Client 2 | Model: (ResNet8) | Acc: 98.87%
Round 41 | Client 3 | Model: (ResNet18) | Acc: 99.21%
Round 41 | Client 4 | Model: (MobileNetV2) | Acc: 92.18%
Round 41 | Client 5 | Model: (MobileNetV3) | Acc: 92.64%
Round 41 | Client 6 | Model: (LeNet) | Acc: 98.36%
Round 41 | Client 7 | Model: (AlexNet) | Acc: 12.63%
Round 41 | Client 8 | Model: (ShuffleNet) | Acc: 88.75%
Round 41 | Client 9 | Model: (SqueezeNet) | Acc: 11.04%
Round 41 | Client 11 | Model: (MLP) | Acc: 5.86%
Round 41 | Client 12 | Model: (CNN) | Acc: 54.55%
Round 41 | Client 13 | Model: (ResNet8) | Acc: 59.72%
Round 41 | Client 14 | Model: (ResNet18) | Acc: 6.49%
Round 41 | Client 15 | Model: (MobileNetV2) | Acc: 47.73%
Round 41 | Client 16 | Model: (MobileNetV3) | Acc: 42.81%
Round 41 | Client 17 | Model: (LeNet) | Acc: 5.83%
Round 41 | Client 18 | Model: (AlexNet) | Acc: 2.86%
Round 41 | Client 19 | Model: (ShuffleNet) | Acc: 49.53%
Round 41 | Client 20 | Model: (SqueezeNet) | Acc: 5.79%
Round 41 | Client 22 | Model: (MLP) | Acc: 39.57%
Round 41 | Client 23 | Model: (CNN) | Acc: 60.55%
Round 41 | Client 24 | Model: (ResNet8) | Acc: 59.53%
Round 41 | Client 25 | Model: (ResNet18) | Acc: 11.21%
Round 41 | Client 26 | Model: (MobileNetV2) | Acc: 20.36%
Round 41 | Client 27 | Model: (MobileNetV3) | Acc: 47.32%
Round 41 | Client 28 | Model: (LeNet) | Acc: 50.94%
Round 41 | Client 29 | Model: (AlexNet) | Acc: 54.81%
Round 41 | Client 30 | Model: (ShuffleNet) | Acc: 41.34%
Round 41 | Client 31 | Model: (SqueezeNet) | Acc: 22.36%
[Server] Aggregating by Dataset Name ...
[Server] Training Feature-Based Global Generator...
Mixed total 82 batches across all datasets.
[Server] Global Inference Model Acc (MNIST) (Round 41): 88.27% (Tested on 9095 samples)
[Server] Global Inference Model Acc (EMNIST) (Round 41): 71.80% (Tested on 105779 samples)
[Server] Global Inference Model Acc (CIFAR10) (Round 41): 8.11% (Tested on 9100 samples)
[Server] Global Inference Model Acc (Mix) (Round 41): 68.33% (Tested on 123974 samples)
Selected client ids: [0, 1, 2, 3, 4, 5, 6, 7, 8, 9, 10, 11, 12, 13, 14, 15, 16, 17, 18, 19, 20, 21, 22, 23, 24, 25, 26, 27, 28, 29]
--- Round 42 ---
Round 42 | Client 0 | Model: (MLP) | Acc: 11.34%
Round 42 | Client 1 | Model: (CNN) | Acc: 97.45%
Round 42 | Client 2 | Model: (ResNet8) | Acc: 98.98%
Round 42 | Client 3 | Model: (ResNet18) | Acc: 99.32%
Round 42 | Client 4 | Model: (MobileNetV2) | Acc: 93.25%
Round 42 | Client 5 | Model: (MobileNetV3) | Acc: 92.98%
Round 42 | Client 6 | Model: (LeNet) | Acc: 98.25%
Round 42 | Client 7 | Model: (AlexNet) | Acc: 12.63%
Round 42 | Client 8 | Model: (ShuffleNet) | Acc: 89.64%
Round 42 | Client 9 | Model: (SqueezeNet) | Acc: 11.37%
Round 42 | Client 11 | Model: (MLP) | Acc: 5.86%
Round 42 | Client 12 | Model: (CNN) | Acc: 54.66%
Round 42 | Client 13 | Model: (ResNet8) | Acc: 59.89%
Round 42 | Client 14 | Model: (ResNet18) | Acc: 6.49%
Round 42 | Client 15 | Model: (MobileNetV2) | Acc: 45.05%
Round 42 | Client 16 | Model: (MobileNetV3) | Acc: 43.33%
Round 42 | Client 17 | Model: (LeNet) | Acc: 5.83%
Round 42 | Client 18 | Model: (AlexNet) | Acc: 2.86%
Round 42 | Client 19 | Model: (ShuffleNet) | Acc: 49.99%
Round 42 | Client 20 | Model: (SqueezeNet) | Acc: 5.79%
Round 42 | Client 22 | Model: (MLP) | Acc: 41.37%
Round 42 | Client 23 | Model: (CNN) | Acc: 59.67%
Round 42 | Client 24 | Model: (ResNet8) | Acc: 58.35%
Round 42 | Client 25 | Model: (ResNet18) | Acc: 11.21%
Round 42 | Client 26 | Model: (MobileNetV2) | Acc: 20.15%
Round 42 | Client 27 | Model: (MobileNetV3) | Acc: 47.64%
Round 42 | Client 28 | Model: (LeNet) | Acc: 51.16%
Round 42 | Client 29 | Model: (AlexNet) | Acc: 53.41%
Round 42 | Client 30 | Model: (ShuffleNet) | Acc: 41.23%
Round 42 | Client 31 | Model: (SqueezeNet) | Acc: 21.24%
[Server] Aggregating by Dataset Name ...
[Server] Training Feature-Based Global Generator...
Mixed total 82 batches across all datasets.
[Server] Global Inference Model Acc (MNIST) (Round 42): 87.22% (Tested on 9095 samples)
[Server] Global Inference Model Acc (EMNIST) (Round 42): 71.26% (Tested on 105779 samples)
[Server] Global Inference Model Acc (CIFAR10) (Round 42): 8.40% (Tested on 9100 samples)
[Server] Global Inference Model Acc (Mix) (Round 42): 67.81% (Tested on 123974 samples)
Selected client ids: [0, 1, 2, 3, 4, 5, 6, 7, 8, 9, 10, 11, 12, 13, 14, 15, 16, 17, 18, 19, 20, 21, 22, 23, 24, 25, 26, 27, 28, 29]
--- Round 43 ---
Round 43 | Client 0 | Model: (MLP) | Acc: 11.34%
Round 43 | Client 1 | Model: (CNN) | Acc: 97.23%
Round 43 | Client 2 | Model: (ResNet8) | Acc: 98.98%
Round 43 | Client 3 | Model: (ResNet18) | Acc: 99.21%
Round 43 | Client 4 | Model: (MobileNetV2) | Acc: 94.54%
Round 43 | Client 5 | Model: (MobileNetV3) | Acc: 92.98%
Round 43 | Client 6 | Model: (LeNet) | Acc: 98.25%
Round 43 | Client 7 | Model: (AlexNet) | Acc: 12.63%
Round 43 | Client 8 | Model: (ShuffleNet) | Acc: 89.64%
Round 43 | Client 9 | Model: (SqueezeNet) | Acc: 10.16%
Round 43 | Client 11 | Model: (MLP) | Acc: 5.86%
Round 43 | Client 12 | Model: (CNN) | Acc: 54.08%
Round 43 | Client 13 | Model: (ResNet8) | Acc: 60.45%
Round 43 | Client 14 | Model: (ResNet18) | Acc: 6.49%
Round 43 | Client 15 | Model: (MobileNetV2) | Acc: 47.51%
Round 43 | Client 16 | Model: (MobileNetV3) | Acc: 43.12%
Round 43 | Client 17 | Model: (LeNet) | Acc: 5.83%
Round 43 | Client 18 | Model: (AlexNet) | Acc: 2.72%
Round 43 | Client 19 | Model: (ShuffleNet) | Acc: 49.63%
Round 43 | Client 20 | Model: (SqueezeNet) | Acc: 5.79%
Round 43 | Client 22 | Model: (MLP) | Acc: 39.69%
Round 43 | Client 23 | Model: (CNN) | Acc: 59.56%
Round 43 | Client 24 | Model: (ResNet8) | Acc: 59.74%
Round 43 | Client 25 | Model: (ResNet18) | Acc: 11.21%
Round 43 | Client 26 | Model: (MobileNetV2) | Acc: 20.88%
Round 43 | Client 27 | Model: (MobileNetV3) | Acc: 48.39%
Round 43 | Client 28 | Model: (LeNet) | Acc: 52.48%
Round 43 | Client 29 | Model: (AlexNet) | Acc: 54.27%
Round 43 | Client 30 | Model: (ShuffleNet) | Acc: 39.25%
Round 43 | Client 31 | Model: (SqueezeNet) | Acc: 20.79%
[Server] Aggregating by Dataset Name ...
[Server] Training Feature-Based Global Generator...
Mixed total 82 batches across all datasets.
[Server] Global Inference Model Acc (MNIST) (Round 43): 81.41% (Tested on 9095 samples)
[Server] Global Inference Model Acc (EMNIST) (Round 43): 70.57% (Tested on 105779 samples)
[Server] Global Inference Model Acc (CIFAR10) (Round 43): 8.96% (Tested on 9100 samples)
[Server] Global Inference Model Acc (Mix) (Round 43): 66.84% (Tested on 123974 samples)
Selected client ids: [0, 1, 2, 3, 4, 5, 6, 7, 8, 9, 10, 11, 12, 13, 14, 15, 16, 17, 18, 19, 20, 21, 22, 23, 24, 25, 26, 27, 28, 29]
--- Round 44 ---
Round 44 | Client 0 | Model: (MLP) | Acc: 11.34%
Round 44 | Client 1 | Model: (CNN) | Acc: 97.56%
Round 44 | Client 2 | Model: (ResNet8) | Acc: 98.98%
Round 44 | Client 3 | Model: (ResNet18) | Acc: 98.98%
Round 44 | Client 4 | Model: (MobileNetV2) | Acc: 94.43%
Round 44 | Client 5 | Model: (MobileNetV3) | Acc: 93.20%
Round 44 | Client 6 | Model: (LeNet) | Acc: 98.14%
Round 44 | Client 7 | Model: (AlexNet) | Acc: 12.63%
Round 44 | Client 8 | Model: (ShuffleNet) | Acc: 89.09%
Round 44 | Client 9 | Model: (SqueezeNet) | Acc: 10.27%
Round 44 | Client 11 | Model: (MLP) | Acc: 5.86%
Round 44 | Client 12 | Model: (CNN) | Acc: 53.83%
Round 44 | Client 13 | Model: (ResNet8) | Acc: 59.90%
Round 44 | Client 14 | Model: (ResNet18) | Acc: 6.49%
Round 44 | Client 15 | Model: (MobileNetV2) | Acc: 49.44%
Round 44 | Client 16 | Model: (MobileNetV3) | Acc: 43.28%
Round 44 | Client 17 | Model: (LeNet) | Acc: 5.83%
Round 44 | Client 18 | Model: (AlexNet) | Acc: 2.72%
Round 44 | Client 19 | Model: (ShuffleNet) | Acc: 48.71%
Round 44 | Client 20 | Model: (SqueezeNet) | Acc: 5.79%
Round 44 | Client 22 | Model: (MLP) | Acc: 37.77%
Round 44 | Client 23 | Model: (CNN) | Acc: 62.09%
Round 44 | Client 24 | Model: (ResNet8) | Acc: 59.96%
Round 44 | Client 25 | Model: (ResNet18) | Acc: 11.21%
Round 44 | Client 26 | Model: (MobileNetV2) | Acc: 20.57%
Round 44 | Client 27 | Model: (MobileNetV3) | Acc: 48.61%
Round 44 | Client 28 | Model: (LeNet) | Acc: 51.05%
Round 44 | Client 29 | Model: (AlexNet) | Acc: 53.95%
Round 44 | Client 30 | Model: (ShuffleNet) | Acc: 42.65%
Round 44 | Client 31 | Model: (SqueezeNet) | Acc: 20.90%
[Server] Aggregating by Dataset Name ...
[Server] Training Feature-Based Global Generator...
Mixed total 82 batches across all datasets.
[Server] Global Inference Model Acc (MNIST) (Round 44): 83.05% (Tested on 9095 samples)
[Server] Global Inference Model Acc (EMNIST) (Round 44): 71.53% (Tested on 105779 samples)
[Server] Global Inference Model Acc (CIFAR10) (Round 44): 7.69% (Tested on 9100 samples)
[Server] Global Inference Model Acc (Mix) (Round 44): 67.69% (Tested on 123974 samples)
Selected client ids: [0, 1, 2, 3, 4, 5, 6, 7, 8, 9, 10, 11, 12, 13, 14, 15, 16, 17, 18, 19, 20, 21, 22, 23, 24, 25, 26, 27, 28, 29]
--- Round 45 ---
Round 45 | Client 0 | Model: (MLP) | Acc: 11.34%
Round 45 | Client 1 | Model: (CNN) | Acc: 97.34%
Round 45 | Client 2 | Model: (ResNet8) | Acc: 98.98%
Round 45 | Client 3 | Model: (ResNet18) | Acc: 99.32%
Round 45 | Client 4 | Model: (MobileNetV2) | Acc: 95.18%
Round 45 | Client 5 | Model: (MobileNetV3) | Acc: 92.75%
Round 45 | Client 6 | Model: (LeNet) | Acc: 97.92%
Round 45 | Client 7 | Model: (AlexNet) | Acc: 12.63%
Round 45 | Client 8 | Model: (ShuffleNet) | Acc: 91.54%
Round 45 | Client 9 | Model: (SqueezeNet) | Acc: 10.16%
Round 45 | Client 11 | Model: (MLP) | Acc: 5.86%
Round 45 | Client 12 | Model: (CNN) | Acc: 54.83%
Round 45 | Client 13 | Model: (ResNet8) | Acc: 61.14%
Round 45 | Client 14 | Model: (ResNet18) | Acc: 6.49%
Round 45 | Client 15 | Model: (MobileNetV2) | Acc: 46.53%
Round 45 | Client 16 | Model: (MobileNetV3) | Acc: 43.50%
Round 45 | Client 17 | Model: (LeNet) | Acc: 5.83%
Round 45 | Client 18 | Model: (AlexNet) | Acc: 2.86%
Round 45 | Client 19 | Model: (ShuffleNet) | Acc: 52.25%
Round 45 | Client 20 | Model: (SqueezeNet) | Acc: 5.79%
Round 45 | Client 22 | Model: (MLP) | Acc: 41.01%
Round 45 | Client 23 | Model: (CNN) | Acc: 59.56%
Round 45 | Client 24 | Model: (ResNet8) | Acc: 59.10%
Round 45 | Client 25 | Model: (ResNet18) | Acc: 11.21%
Round 45 | Client 26 | Model: (MobileNetV2) | Acc: 20.15%
Round 45 | Client 27 | Model: (MobileNetV3) | Acc: 48.61%
Round 45 | Client 28 | Model: (LeNet) | Acc: 51.93%
Round 45 | Client 29 | Model: (AlexNet) | Acc: 53.62%
Round 45 | Client 30 | Model: (ShuffleNet) | Acc: 41.01%
Round 45 | Client 31 | Model: (SqueezeNet) | Acc: 22.47%
[Server] Aggregating by Dataset Name ...
[Server] Training Feature-Based Global Generator...
Mixed total 82 batches across all datasets.
[Server] Global Inference Model Acc (MNIST) (Round 45): 82.52% (Tested on 9095 samples)
[Server] Global Inference Model Acc (EMNIST) (Round 45): 71.39% (Tested on 105779 samples)
[Server] Global Inference Model Acc (CIFAR10) (Round 45): 6.10% (Tested on 9100 samples)
[Server] Global Inference Model Acc (Mix) (Round 45): 67.42% (Tested on 123974 samples)
Selected client ids: [0, 1, 2, 3, 4, 5, 6, 7, 8, 9, 10, 11, 12, 13, 14, 15, 16, 17, 18, 19, 20, 21, 22, 23, 24, 25, 26, 27, 28, 29]
--- Round 46 ---
Round 46 | Client 0 | Model: (MLP) | Acc: 11.34%
Round 46 | Client 1 | Model: (CNN) | Acc: 97.67%
Round 46 | Client 2 | Model: (ResNet8) | Acc: 99.09%
Round 46 | Client 3 | Model: (ResNet18) | Acc: 99.43%
Round 46 | Client 4 | Model: (MobileNetV2) | Acc: 91.76%
Round 46 | Client 5 | Model: (MobileNetV3) | Acc: 93.65%
Round 46 | Client 6 | Model: (LeNet) | Acc: 98.36%
Round 46 | Client 7 | Model: (AlexNet) | Acc: 12.63%
Round 46 | Client 8 | Model: (ShuffleNet) | Acc: 89.09%
Round 46 | Client 9 | Model: (SqueezeNet) | Acc: 11.15%
Round 46 | Client 11 | Model: (MLP) | Acc: 5.86%
Round 46 | Client 12 | Model: (CNN) | Acc: 54.68%
Round 46 | Client 13 | Model: (ResNet8) | Acc: 60.05%
Round 46 | Client 14 | Model: (ResNet18) | Acc: 6.49%
Round 46 | Client 15 | Model: (MobileNetV2) | Acc: 50.66%
Round 46 | Client 16 | Model: (MobileNetV3) | Acc: 44.61%
Round 46 | Client 17 | Model: (LeNet) | Acc: 5.83%
Round 46 | Client 18 | Model: (AlexNet) | Acc: 2.86%
Round 46 | Client 19 | Model: (ShuffleNet) | Acc: 52.84%
Round 46 | Client 20 | Model: (SqueezeNet) | Acc: 5.79%
Round 46 | Client 22 | Model: (MLP) | Acc: 39.09%
Round 46 | Client 23 | Model: (CNN) | Acc: 60.00%
Round 46 | Client 24 | Model: (ResNet8) | Acc: 58.35%
Round 46 | Client 25 | Model: (ResNet18) | Acc: 11.21%
Round 46 | Client 26 | Model: (MobileNetV2) | Acc: 20.46%
Round 46 | Client 27 | Model: (MobileNetV3) | Acc: 48.28%
Round 46 | Client 28 | Model: (LeNet) | Acc: 51.82%
Round 46 | Client 29 | Model: (AlexNet) | Acc: 53.62%
Round 46 | Client 30 | Model: (ShuffleNet) | Acc: 39.47%
Round 46 | Client 31 | Model: (SqueezeNet) | Acc: 21.91%
[Server] Aggregating by Dataset Name ...
[Server] Training Feature-Based Global Generator...
Mixed total 82 batches across all datasets.
[Server] Global Inference Model Acc (MNIST) (Round 46): 79.76% (Tested on 9095 samples)
[Server] Global Inference Model Acc (EMNIST) (Round 46): 69.78% (Tested on 105779 samples)
[Server] Global Inference Model Acc (CIFAR10) (Round 46): 7.44% (Tested on 9100 samples)
[Server] Global Inference Model Acc (Mix) (Round 46): 65.93% (Tested on 123974 samples)
Selected client ids: [0, 1, 2, 3, 4, 5, 6, 7, 8, 9, 10, 11, 12, 13, 14, 15, 16, 17, 18, 19, 20, 21, 22, 23, 24, 25, 26, 27, 28, 29]
--- Round 47 ---
Round 47 | Client 0 | Model: (MLP) | Acc: 11.34%
Round 47 | Client 1 | Model: (CNN) | Acc: 97.45%
Round 47 | Client 2 | Model: (ResNet8) | Acc: 99.09%
Round 47 | Client 3 | Model: (ResNet18) | Acc: 99.32%
Round 47 | Client 4 | Model: (MobileNetV2) | Acc: 94.65%
Round 47 | Client 5 | Model: (MobileNetV3) | Acc: 93.09%
Round 47 | Client 6 | Model: (LeNet) | Acc: 97.92%
Round 47 | Client 7 | Model: (AlexNet) | Acc: 12.63%
Round 47 | Client 8 | Model: (ShuffleNet) | Acc: 90.09%
Round 47 | Client 9 | Model: (SqueezeNet) | Acc: 11.15%
Round 47 | Client 11 | Model: (MLP) | Acc: 5.86%
Round 47 | Client 12 | Model: (CNN) | Acc: 55.34%
Round 47 | Client 13 | Model: (ResNet8) | Acc: 60.86%
Round 47 | Client 14 | Model: (ResNet18) | Acc: 6.49%
Round 47 | Client 15 | Model: (MobileNetV2) | Acc: 50.42%
Round 47 | Client 16 | Model: (MobileNetV3) | Acc: 45.35%
Round 47 | Client 17 | Model: (LeNet) | Acc: 5.83%
Round 47 | Client 18 | Model: (AlexNet) | Acc: 2.72%
Round 47 | Client 19 | Model: (ShuffleNet) | Acc: 51.66%
Round 47 | Client 20 | Model: (SqueezeNet) | Acc: 5.79%
Round 47 | Client 22 | Model: (MLP) | Acc: 43.17%
Round 47 | Client 23 | Model: (CNN) | Acc: 58.79%
Round 47 | Client 24 | Model: (ResNet8) | Acc: 58.99%
Round 47 | Client 25 | Model: (ResNet18) | Acc: 11.21%
Round 47 | Client 26 | Model: (MobileNetV2) | Acc: 22.25%
Round 47 | Client 27 | Model: (MobileNetV3) | Acc: 48.61%
Round 47 | Client 28 | Model: (LeNet) | Acc: 51.82%
Round 47 | Client 29 | Model: (AlexNet) | Acc: 54.05%
Round 47 | Client 30 | Model: (ShuffleNet) | Acc: 41.01%
Round 47 | Client 31 | Model: (SqueezeNet) | Acc: 21.35%
[Server] Aggregating by Dataset Name ...
[Server] Training Feature-Based Global Generator...
Mixed total 82 batches across all datasets.
[Server] Global Inference Model Acc (MNIST) (Round 47): 80.90% (Tested on 9095 samples)
[Server] Global Inference Model Acc (EMNIST) (Round 47): 69.36% (Tested on 105779 samples)
[Server] Global Inference Model Acc (CIFAR10) (Round 47): 7.32% (Tested on 9100 samples)
[Server] Global Inference Model Acc (Mix) (Round 47): 65.66% (Tested on 123974 samples)
Selected client ids: [0, 1, 2, 3, 4, 5, 6, 7, 8, 9, 10, 11, 12, 13, 14, 15, 16, 17, 18, 19, 20, 21, 22, 23, 24, 25, 26, 27, 28, 29]
--- Round 48 ---
Round 48 | Client 0 | Model: (MLP) | Acc: 11.34%
Round 48 | Client 1 | Model: (CNN) | Acc: 97.67%
Round 48 | Client 2 | Model: (ResNet8) | Acc: 99.09%
Round 48 | Client 3 | Model: (ResNet18) | Acc: 99.43%
Round 48 | Client 4 | Model: (MobileNetV2) | Acc: 96.15%
Round 48 | Client 5 | Model: (MobileNetV3) | Acc: 93.53%
Round 48 | Client 6 | Model: (LeNet) | Acc: 98.03%
Round 48 | Client 7 | Model: (AlexNet) | Acc: 12.63%
Round 48 | Client 8 | Model: (ShuffleNet) | Acc: 90.09%
Round 48 | Client 9 | Model: (SqueezeNet) | Acc: 11.04%
Round 48 | Client 11 | Model: (MLP) | Acc: 5.86%
Round 48 | Client 12 | Model: (CNN) | Acc: 55.30%
Round 48 | Client 13 | Model: (ResNet8) | Acc: 61.03%
Round 48 | Client 14 | Model: (ResNet18) | Acc: 6.49%
Round 48 | Client 15 | Model: (MobileNetV2) | Acc: 52.58%
Round 48 | Client 16 | Model: (MobileNetV3) | Acc: 45.76%
Round 48 | Client 17 | Model: (LeNet) | Acc: 5.83%
Round 48 | Client 18 | Model: (AlexNet) | Acc: 2.72%
Round 48 | Client 19 | Model: (ShuffleNet) | Acc: 51.93%
Round 48 | Client 20 | Model: (SqueezeNet) | Acc: 5.84%
Round 48 | Client 22 | Model: (MLP) | Acc: 39.09%
Round 48 | Client 23 | Model: (CNN) | Acc: 59.01%
Round 48 | Client 24 | Model: (ResNet8) | Acc: 57.92%
Round 48 | Client 25 | Model: (ResNet18) | Acc: 11.21%
Round 48 | Client 26 | Model: (MobileNetV2) | Acc: 21.41%
Round 48 | Client 27 | Model: (MobileNetV3) | Acc: 48.50%
Round 48 | Client 28 | Model: (LeNet) | Acc: 51.27%
Round 48 | Client 29 | Model: (AlexNet) | Acc: 54.38%
Round 48 | Client 30 | Model: (ShuffleNet) | Acc: 41.23%
Round 48 | Client 31 | Model: (SqueezeNet) | Acc: 22.58%
[Server] Aggregating by Dataset Name ...
[Server] Training Feature-Based Global Generator...
Mixed total 82 batches across all datasets.
[Server] Global Inference Model Acc (MNIST) (Round 48): 83.23% (Tested on 9095 samples)
[Server] Global Inference Model Acc (EMNIST) (Round 48): 71.94% (Tested on 105779 samples)
[Server] Global Inference Model Acc (CIFAR10) (Round 48): 4.48% (Tested on 9100 samples)
[Server] Global Inference Model Acc (Mix) (Round 48): 67.81% (Tested on 123974 samples)
Selected client ids: [0, 1, 2, 3, 4, 5, 6, 7, 8, 9, 10, 11, 12, 13, 14, 15, 16, 17, 18, 19, 20, 21, 22, 23, 24, 25, 26, 27, 28, 29]
--- Round 49 ---
Round 49 | Client 0 | Model: (MLP) | Acc: 11.34%
Round 49 | Client 1 | Model: (CNN) | Acc: 97.67%
Round 49 | Client 2 | Model: (ResNet8) | Acc: 98.98%
Round 49 | Client 3 | Model: (ResNet18) | Acc: 98.98%
Round 49 | Client 4 | Model: (MobileNetV2) | Acc: 89.19%
Round 49 | Client 5 | Model: (MobileNetV3) | Acc: 93.42%
Round 49 | Client 6 | Model: (LeNet) | Acc: 98.14%
Round 49 | Client 7 | Model: (AlexNet) | Acc: 12.63%
Round 49 | Client 8 | Model: (ShuffleNet) | Acc: 89.76%
Round 49 | Client 9 | Model: (SqueezeNet) | Acc: 10.27%
Round 49 | Client 11 | Model: (MLP) | Acc: 5.86%
Round 49 | Client 12 | Model: (CNN) | Acc: 56.75%
Round 49 | Client 13 | Model: (ResNet8) | Acc: 60.05%
Round 49 | Client 14 | Model: (ResNet18) | Acc: 6.49%
Round 49 | Client 15 | Model: (MobileNetV2) | Acc: 51.18%
Round 49 | Client 16 | Model: (MobileNetV3) | Acc: 44.55%
Round 49 | Client 17 | Model: (LeNet) | Acc: 5.83%
Round 49 | Client 18 | Model: (AlexNet) | Acc: 2.72%
Round 49 | Client 19 | Model: (ShuffleNet) | Acc: 51.93%
Round 49 | Client 20 | Model: (SqueezeNet) | Acc: 5.79%
Round 49 | Client 22 | Model: (MLP) | Acc: 39.93%
Round 49 | Client 23 | Model: (CNN) | Acc: 61.32%
Round 49 | Client 24 | Model: (ResNet8) | Acc: 58.35%
Round 49 | Client 25 | Model: (ResNet18) | Acc: 11.21%
Round 49 | Client 26 | Model: (MobileNetV2) | Acc: 20.36%
Round 49 | Client 27 | Model: (MobileNetV3) | Acc: 48.18%
Round 49 | Client 28 | Model: (LeNet) | Acc: 50.17%
Round 49 | Client 29 | Model: (AlexNet) | Acc: 53.73%
Round 49 | Client 30 | Model: (ShuffleNet) | Acc: 41.23%
Round 49 | Client 31 | Model: (SqueezeNet) | Acc: 21.24%
[Server] Aggregating by Dataset Name ...
[Server] Training Feature-Based Global Generator...
Mixed total 82 batches across all datasets.
[Server] Global Inference Model Acc (MNIST) (Round 49): 80.74% (Tested on 9095 samples)
[Server] Global Inference Model Acc (EMNIST) (Round 49): 70.42% (Tested on 105779 samples)
[Server] Global Inference Model Acc (CIFAR10) (Round 49): 6.63% (Tested on 9100 samples)
[Server] Global Inference Model Acc (Mix) (Round 49): 66.49% (Tested on 123974 samples)
Selected client ids: [0, 1, 2, 3, 4, 5, 6, 7, 8, 9, 10, 11, 12, 13, 14, 15, 16, 17, 18, 19, 20, 21, 22, 23, 24, 25, 26, 27, 28, 29]
--- Round 50 ---
Round 50 | Client 0 | Model: (MLP) | Acc: 11.34%
Round 50 | Client 1 | Model: (CNN) | Acc: 97.34%
Round 50 | Client 2 | Model: (ResNet8) | Acc: 98.98%
Round 50 | Client 3 | Model: (ResNet18) | Acc: 99.10%
Round 50 | Client 4 | Model: (MobileNetV2) | Acc: 94.97%
Round 50 | Client 5 | Model: (MobileNetV3) | Acc: 93.42%
Round 50 | Client 6 | Model: (LeNet) | Acc: 98.25%
Round 50 | Client 7 | Model: (AlexNet) | Acc: 12.63%
Round 50 | Client 8 | Model: (ShuffleNet) | Acc: 90.09%
Round 50 | Client 9 | Model: (SqueezeNet) | Acc: 10.27%
Round 50 | Client 11 | Model: (MLP) | Acc: 5.86%
Round 50 | Client 12 | Model: (CNN) | Acc: 55.23%
Round 50 | Client 13 | Model: (ResNet8) | Acc: 60.71%
Round 50 | Client 14 | Model: (ResNet18) | Acc: 6.49%
Round 50 | Client 15 | Model: (MobileNetV2) | Acc: 51.58%
Round 50 | Client 16 | Model: (MobileNetV3) | Acc: 43.87%
Round 50 | Client 17 | Model: (LeNet) | Acc: 5.83%
Round 50 | Client 18 | Model: (AlexNet) | Acc: 3.27%
Round 50 | Client 19 | Model: (ShuffleNet) | Acc: 51.75%
Round 50 | Client 20 | Model: (SqueezeNet) | Acc: 5.79%
Round 50 | Client 22 | Model: (MLP) | Acc: 38.73%
Round 50 | Client 23 | Model: (CNN) | Acc: 60.00%
Round 50 | Client 24 | Model: (ResNet8) | Acc: 58.99%
Round 50 | Client 25 | Model: (ResNet18) | Acc: 11.21%
Round 50 | Client 26 | Model: (MobileNetV2) | Acc: 20.99%
Round 50 | Client 27 | Model: (MobileNetV3) | Acc: 50.00%
Round 50 | Client 28 | Model: (LeNet) | Acc: 49.50%
Round 50 | Client 29 | Model: (AlexNet) | Acc: 55.89%
Round 50 | Client 30 | Model: (ShuffleNet) | Acc: 43.31%
Round 50 | Client 31 | Model: (SqueezeNet) | Acc: 22.92%
[Server] Aggregating by Dataset Name ...
[Server] Training Feature-Based Global Generator...
Mixed total 82 batches across all datasets.
[Server] Global Inference Model Acc (MNIST) (Round 50): 85.54% (Tested on 9095 samples)
[Server] Global Inference Model Acc (EMNIST) (Round 50): 72.32% (Tested on 105779 samples)
[Server] Global Inference Model Acc (CIFAR10) (Round 50): 5.05% (Tested on 9100 samples)
[Server] Global Inference Model Acc (Mix) (Round 50): 68.35% (Tested on 123974 samples)
Selected client ids: [0, 1, 2, 3, 4, 5, 6, 7, 8, 9, 10, 11, 12, 13, 14, 15, 16, 17, 18, 19, 20, 21, 22, 23, 24, 25, 26, 27, 28, 29]
--- Round 51 ---
Round 51 | Client 0 | Model: (MLP) | Acc: 11.34%
Round 51 | Client 1 | Model: (CNN) | Acc: 98.01%
Round 51 | Client 2 | Model: (ResNet8) | Acc: 98.98%
Round 51 | Client 3 | Model: (ResNet18) | Acc: 99.55%
Round 51 | Client 4 | Model: (MobileNetV2) | Acc: 95.82%
Round 51 | Client 5 | Model: (MobileNetV3) | Acc: 94.09%
Round 51 | Client 6 | Model: (LeNet) | Acc: 98.25%
Round 51 | Client 7 | Model: (AlexNet) | Acc: 12.63%
Round 51 | Client 8 | Model: (ShuffleNet) | Acc: 91.09%
Round 51 | Client 9 | Model: (SqueezeNet) | Acc: 9.73%
Round 51 | Client 11 | Model: (MLP) | Acc: 5.86%
Round 51 | Client 12 | Model: (CNN) | Acc: 55.23%
Round 51 | Client 13 | Model: (ResNet8) | Acc: 60.24%
Round 51 | Client 14 | Model: (ResNet18) | Acc: 6.49%
Round 51 | Client 15 | Model: (MobileNetV2) | Acc: 46.97%
Round 51 | Client 16 | Model: (MobileNetV3) | Acc: 43.56%
Round 51 | Client 17 | Model: (LeNet) | Acc: 5.83%
Round 51 | Client 18 | Model: (AlexNet) | Acc: 3.27%
Round 51 | Client 19 | Model: (ShuffleNet) | Acc: 54.02%
Round 51 | Client 20 | Model: (SqueezeNet) | Acc: 5.84%
Round 51 | Client 22 | Model: (MLP) | Acc: 38.97%
Round 51 | Client 23 | Model: (CNN) | Acc: 59.45%
Round 51 | Client 24 | Model: (ResNet8) | Acc: 57.71%
Round 51 | Client 25 | Model: (ResNet18) | Acc: 11.21%
Round 51 | Client 26 | Model: (MobileNetV2) | Acc: 19.31%
Round 51 | Client 27 | Model: (MobileNetV3) | Acc: 48.39%
Round 51 | Client 28 | Model: (LeNet) | Acc: 49.72%
Round 51 | Client 29 | Model: (AlexNet) | Acc: 54.49%
Round 51 | Client 30 | Model: (ShuffleNet) | Acc: 38.05%
Round 51 | Client 31 | Model: (SqueezeNet) | Acc: 22.47%
[Server] Aggregating by Dataset Name ...
[Server] Training Feature-Based Global Generator...
Mixed total 82 batches across all datasets.
[Server] Global Inference Model Acc (MNIST) (Round 51): 84.47% (Tested on 9095 samples)
[Server] Global Inference Model Acc (EMNIST) (Round 51): 71.76% (Tested on 105779 samples)
[Server] Global Inference Model Acc (CIFAR10) (Round 51): 4.35% (Tested on 9100 samples)
[Server] Global Inference Model Acc (Mix) (Round 51): 67.74% (Tested on 123974 samples)
Selected client ids: [0, 1, 2, 3, 4, 5, 6, 7, 8, 9, 10, 11, 12, 13, 14, 15, 16, 17, 18, 19, 20, 21, 22, 23, 24, 25, 26, 27, 28, 29]
--- Round 52 ---
Round 52 | Client 0 | Model: (MLP) | Acc: 11.34%
Round 52 | Client 1 | Model: (CNN) | Acc: 97.67%
Round 52 | Client 2 | Model: (ResNet8) | Acc: 98.98%
Round 52 | Client 3 | Model: (ResNet18) | Acc: 99.43%
Round 52 | Client 4 | Model: (MobileNetV2) | Acc: 96.25%
Round 52 | Client 5 | Model: (MobileNetV3) | Acc: 93.53%
Round 52 | Client 6 | Model: (LeNet) | Acc: 98.14%
Round 52 | Client 7 | Model: (AlexNet) | Acc: 12.63%
Round 52 | Client 8 | Model: (ShuffleNet) | Acc: 91.31%
Round 52 | Client 9 | Model: (SqueezeNet) | Acc: 11.37%
Round 52 | Client 11 | Model: (MLP) | Acc: 5.86%
Round 52 | Client 12 | Model: (CNN) | Acc: 55.33%
Round 52 | Client 13 | Model: (ResNet8) | Acc: 60.98%
Round 52 | Client 14 | Model: (ResNet18) | Acc: 6.49%
Round 52 | Client 15 | Model: (MobileNetV2) | Acc: 50.12%
Round 52 | Client 16 | Model: (MobileNetV3) | Acc: 43.73%
Round 52 | Client 17 | Model: (LeNet) | Acc: 5.83%
Round 52 | Client 18 | Model: (AlexNet) | Acc: 2.72%
Round 52 | Client 19 | Model: (ShuffleNet) | Acc: 52.23%
Round 52 | Client 20 | Model: (SqueezeNet) | Acc: 5.79%
Round 52 | Client 22 | Model: (MLP) | Acc: 41.37%
Round 52 | Client 23 | Model: (CNN) | Acc: 60.00%
Round 52 | Client 24 | Model: (ResNet8) | Acc: 57.39%
Round 52 | Client 25 | Model: (ResNet18) | Acc: 11.21%
Round 52 | Client 26 | Model: (MobileNetV2) | Acc: 19.83%
Round 52 | Client 27 | Model: (MobileNetV3) | Acc: 49.89%
Round 52 | Client 28 | Model: (LeNet) | Acc: 50.39%
Round 52 | Client 29 | Model: (AlexNet) | Acc: 54.92%
Round 52 | Client 30 | Model: (ShuffleNet) | Acc: 40.35%
Round 52 | Client 31 | Model: (SqueezeNet) | Acc: 24.38%
[Server] Aggregating by Dataset Name ...
[Server] Training Feature-Based Global Generator...
Mixed total 82 batches across all datasets.
[Server] Global Inference Model Acc (MNIST) (Round 52): 82.72% (Tested on 9095 samples)
[Server] Global Inference Model Acc (EMNIST) (Round 52): 68.06% (Tested on 105779 samples)
[Server] Global Inference Model Acc (CIFAR10) (Round 52): 5.38% (Tested on 9100 samples)
[Server] Global Inference Model Acc (Mix) (Round 52): 64.53% (Tested on 123974 samples)
Selected client ids: [0, 1, 2, 3, 4, 5, 6, 7, 8, 9, 10, 11, 12, 13, 14, 15, 16, 17, 18, 19, 20, 21, 22, 23, 24, 25, 26, 27, 28, 29]
--- Round 53 ---
Round 53 | Client 0 | Model: (MLP) | Acc: 11.34%
Round 53 | Client 1 | Model: (CNN) | Acc: 98.01%
Round 53 | Client 2 | Model: (ResNet8) | Acc: 99.21%
Round 53 | Client 3 | Model: (ResNet18) | Acc: 99.32%
Round 53 | Client 4 | Model: (MobileNetV2) | Acc: 96.68%
Round 53 | Client 5 | Model: (MobileNetV3) | Acc: 93.53%
Round 53 | Client 6 | Model: (LeNet) | Acc: 97.92%
Round 53 | Client 7 | Model: (AlexNet) | Acc: 12.63%
Round 53 | Client 8 | Model: (ShuffleNet) | Acc: 92.20%
Round 53 | Client 9 | Model: (SqueezeNet) | Acc: 8.74%
Round 53 | Client 11 | Model: (MLP) | Acc: 5.86%
Round 53 | Client 12 | Model: (CNN) | Acc: 55.77%
Round 53 | Client 13 | Model: (ResNet8) | Acc: 60.38%
Round 53 | Client 14 | Model: (ResNet18) | Acc: 6.49%
Round 53 | Client 15 | Model: (MobileNetV2) | Acc: 49.70%
Round 53 | Client 16 | Model: (MobileNetV3) | Acc: 44.29%
Round 53 | Client 17 | Model: (LeNet) | Acc: 5.83%
Round 53 | Client 18 | Model: (AlexNet) | Acc: 2.72%
Round 53 | Client 19 | Model: (ShuffleNet) | Acc: 50.40%
Round 53 | Client 20 | Model: (SqueezeNet) | Acc: 5.84%
Round 53 | Client 22 | Model: (MLP) | Acc: 38.97%
Round 53 | Client 23 | Model: (CNN) | Acc: 59.67%
Round 53 | Client 24 | Model: (ResNet8) | Acc: 58.89%
Round 53 | Client 25 | Model: (ResNet18) | Acc: 11.21%
Round 53 | Client 26 | Model: (MobileNetV2) | Acc: 24.55%
Round 53 | Client 27 | Model: (MobileNetV3) | Acc: 47.96%
Round 53 | Client 28 | Model: (LeNet) | Acc: 50.17%
Round 53 | Client 29 | Model: (AlexNet) | Acc: 53.41%
Round 53 | Client 30 | Model: (ShuffleNet) | Acc: 41.23%
Round 53 | Client 31 | Model: (SqueezeNet) | Acc: 25.06%
[Server] Aggregating by Dataset Name ...
[Server] Training Feature-Based Global Generator...
Mixed total 82 batches across all datasets.
[Server] Global Inference Model Acc (MNIST) (Round 53): 83.14% (Tested on 9095 samples)
[Server] Global Inference Model Acc (EMNIST) (Round 53): 71.44% (Tested on 105779 samples)
[Server] Global Inference Model Acc (CIFAR10) (Round 53): 2.54% (Tested on 9100 samples)
[Server] Global Inference Model Acc (Mix) (Round 53): 67.24% (Tested on 123974 samples)
Selected client ids: [0, 1, 2, 3, 4, 5, 6, 7, 8, 9, 10, 11, 12, 13, 14, 15, 16, 17, 18, 19, 20, 21, 22, 23, 24, 25, 26, 27, 28, 29]
--- Round 54 ---
Round 54 | Client 0 | Model: (MLP) | Acc: 11.34%
Round 54 | Client 1 | Model: (CNN) | Acc: 98.01%
Round 54 | Client 2 | Model: (ResNet8) | Acc: 99.09%
Round 54 | Client 3 | Model: (ResNet18) | Acc: 99.32%
Round 54 | Client 4 | Model: (MobileNetV2) | Acc: 96.25%
Round 54 | Client 5 | Model: (MobileNetV3) | Acc: 93.53%
Round 54 | Client 6 | Model: (LeNet) | Acc: 98.25%
Round 54 | Client 7 | Model: (AlexNet) | Acc: 12.63%
Round 54 | Client 8 | Model: (ShuffleNet) | Acc: 93.65%
Round 54 | Client 9 | Model: (SqueezeNet) | Acc: 9.62%
Round 54 | Client 11 | Model: (MLP) | Acc: 5.86%
Round 54 | Client 12 | Model: (CNN) | Acc: 56.05%
Round 54 | Client 13 | Model: (ResNet8) | Acc: 60.25%
Round 54 | Client 14 | Model: (ResNet18) | Acc: 6.49%
Round 54 | Client 15 | Model: (MobileNetV2) | Acc: 52.20%
Round 54 | Client 16 | Model: (MobileNetV3) | Acc: 44.59%
Round 54 | Client 17 | Model: (LeNet) | Acc: 5.83%
Round 54 | Client 18 | Model: (AlexNet) | Acc: 2.72%
Round 54 | Client 19 | Model: (ShuffleNet) | Acc: 51.60%
Round 54 | Client 20 | Model: (SqueezeNet) | Acc: 5.79%
Round 54 | Client 22 | Model: (MLP) | Acc: 39.81%
Round 54 | Client 23 | Model: (CNN) | Acc: 58.46%
Round 54 | Client 24 | Model: (ResNet8) | Acc: 57.82%
Round 54 | Client 25 | Model: (ResNet18) | Acc: 11.21%
Round 54 | Client 26 | Model: (MobileNetV2) | Acc: 17.94%
Round 54 | Client 27 | Model: (MobileNetV3) | Acc: 48.93%
Round 54 | Client 28 | Model: (LeNet) | Acc: 50.17%
Round 54 | Client 29 | Model: (AlexNet) | Acc: 53.95%
Round 54 | Client 30 | Model: (ShuffleNet) | Acc: 42.65%
Round 54 | Client 31 | Model: (SqueezeNet) | Acc: 21.91%
[Server] Aggregating by Dataset Name ...
[Server] Training Feature-Based Global Generator...
Mixed total 82 batches across all datasets.
[Server] Global Inference Model Acc (MNIST) (Round 54): 80.36% (Tested on 9095 samples)
[Server] Global Inference Model Acc (EMNIST) (Round 54): 70.19% (Tested on 105779 samples)
[Server] Global Inference Model Acc (CIFAR10) (Round 54): 5.43% (Tested on 9100 samples)
[Server] Global Inference Model Acc (Mix) (Round 54): 66.18% (Tested on 123974 samples)
Selected client ids: [0, 1, 2, 3, 4, 5, 6, 7, 8, 9, 10, 11, 12, 13, 14, 15, 16, 17, 18, 19, 20, 21, 22, 23, 24, 25, 26, 27, 28, 29]
--- Round 55 ---
Round 55 | Client 0 | Model: (MLP) | Acc: 11.34%
Round 55 | Client 1 | Model: (CNN) | Acc: 97.90%
Round 55 | Client 2 | Model: (ResNet8) | Acc: 99.21%
Round 55 | Client 3 | Model: (ResNet18) | Acc: 99.21%
Round 55 | Client 4 | Model: (MobileNetV2) | Acc: 96.79%
Round 55 | Client 5 | Model: (MobileNetV3) | Acc: 93.09%
Round 55 | Client 6 | Model: (LeNet) | Acc: 98.25%
Round 55 | Client 7 | Model: (AlexNet) | Acc: 12.63%
Round 55 | Client 8 | Model: (ShuffleNet) | Acc: 87.75%
Round 55 | Client 9 | Model: (SqueezeNet) | Acc: 9.73%
Round 55 | Client 11 | Model: (MLP) | Acc: 5.86%
Round 55 | Client 12 | Model: (CNN) | Acc: 54.82%
Round 55 | Client 13 | Model: (ResNet8) | Acc: 61.44%
Round 55 | Client 14 | Model: (ResNet18) | Acc: 6.49%
Round 55 | Client 15 | Model: (MobileNetV2) | Acc: 52.19%
Round 55 | Client 16 | Model: (MobileNetV3) | Acc: 45.19%
Round 55 | Client 17 | Model: (LeNet) | Acc: 5.83%
Round 55 | Client 18 | Model: (AlexNet) | Acc: 2.72%
Round 55 | Client 19 | Model: (ShuffleNet) | Acc: 52.13%
Round 55 | Client 20 | Model: (SqueezeNet) | Acc: 5.79%
Round 55 | Client 22 | Model: (MLP) | Acc: 39.45%
Round 55 | Client 23 | Model: (CNN) | Acc: 62.53%
Round 55 | Client 24 | Model: (ResNet8) | Acc: 56.85%
Round 55 | Client 25 | Model: (ResNet18) | Acc: 11.21%
Round 55 | Client 26 | Model: (MobileNetV2) | Acc: 17.42%
Round 55 | Client 27 | Model: (MobileNetV3) | Acc: 48.61%
Round 55 | Client 28 | Model: (LeNet) | Acc: 50.83%
Round 55 | Client 29 | Model: (AlexNet) | Acc: 54.16%
Round 55 | Client 30 | Model: (ShuffleNet) | Acc: 43.53%
Round 55 | Client 31 | Model: (SqueezeNet) | Acc: 22.92%
[Server] Aggregating by Dataset Name ...
[Server] Training Feature-Based Global Generator...
Mixed total 82 batches across all datasets.
[Server] Global Inference Model Acc (MNIST) (Round 55): 81.20% (Tested on 9095 samples)
[Server] Global Inference Model Acc (EMNIST) (Round 55): 69.83% (Tested on 105779 samples)
[Server] Global Inference Model Acc (CIFAR10) (Round 55): 5.52% (Tested on 9100 samples)
[Server] Global Inference Model Acc (Mix) (Round 55): 65.94% (Tested on 123974 samples)
Selected client ids: [0, 1, 2, 3, 4, 5, 6, 7, 8, 9, 10, 11, 12, 13, 14, 15, 16, 17, 18, 19, 20, 21, 22, 23, 24, 25, 26, 27, 28, 29]
--- Round 56 ---
Round 56 | Client 0 | Model: (MLP) | Acc: 11.34%
Round 56 | Client 1 | Model: (CNN) | Acc: 98.01%
Round 56 | Client 2 | Model: (ResNet8) | Acc: 99.21%
Round 56 | Client 3 | Model: (ResNet18) | Acc: 99.43%
Round 56 | Client 4 | Model: (MobileNetV2) | Acc: 95.93%
Round 56 | Client 5 | Model: (MobileNetV3) | Acc: 93.98%
Round 56 | Client 6 | Model: (LeNet) | Acc: 97.92%
Round 56 | Client 7 | Model: (AlexNet) | Acc: 12.63%
Round 56 | Client 8 | Model: (ShuffleNet) | Acc: 88.86%
Round 56 | Client 9 | Model: (SqueezeNet) | Acc: 11.04%
Round 56 | Client 11 | Model: (MLP) | Acc: 5.86%
Round 56 | Client 12 | Model: (CNN) | Acc: 55.11%
Round 56 | Client 13 | Model: (ResNet8) | Acc: 61.09%
Round 56 | Client 14 | Model: (ResNet18) | Acc: 6.49%
Round 56 | Client 15 | Model: (MobileNetV2) | Acc: 49.29%
Round 56 | Client 16 | Model: (MobileNetV3) | Acc: 46.35%
Round 56 | Client 17 | Model: (LeNet) | Acc: 5.83%
Round 56 | Client 18 | Model: (AlexNet) | Acc: 2.86%
Round 56 | Client 19 | Model: (ShuffleNet) | Acc: 50.81%
Round 56 | Client 20 | Model: (SqueezeNet) | Acc: 5.79%
Round 56 | Client 22 | Model: (MLP) | Acc: 38.85%
Round 56 | Client 23 | Model: (CNN) | Acc: 58.68%
Round 56 | Client 24 | Model: (ResNet8) | Acc: 57.28%
Round 56 | Client 25 | Model: (ResNet18) | Acc: 11.21%
Round 56 | Client 26 | Model: (MobileNetV2) | Acc: 24.66%
Round 56 | Client 27 | Model: (MobileNetV3) | Acc: 49.25%
Round 56 | Client 28 | Model: (LeNet) | Acc: 51.71%
Round 56 | Client 29 | Model: (AlexNet) | Acc: 54.16%
Round 56 | Client 30 | Model: (ShuffleNet) | Acc: 42.32%
Round 56 | Client 31 | Model: (SqueezeNet) | Acc: 26.29%
[Server] Aggregating by Dataset Name ...
[Server] Training Feature-Based Global Generator...
Mixed total 82 batches across all datasets.
[Server] Global Inference Model Acc (MNIST) (Round 56): 84.39% (Tested on 9095 samples)
[Server] Global Inference Model Acc (EMNIST) (Round 56): 71.72% (Tested on 105779 samples)
[Server] Global Inference Model Acc (CIFAR10) (Round 56): 2.71% (Tested on 9100 samples)
[Server] Global Inference Model Acc (Mix) (Round 56): 67.58% (Tested on 123974 samples)
Selected client ids: [0, 1, 2, 3, 4, 5, 6, 7, 8, 9, 10, 11, 12, 13, 14, 15, 16, 17, 18, 19, 20, 21, 22, 23, 24, 25, 26, 27, 28, 29]
--- Round 57 ---
Round 57 | Client 0 | Model: (MLP) | Acc: 11.34%
Round 57 | Client 1 | Model: (CNN) | Acc: 97.67%
Round 57 | Client 2 | Model: (ResNet8) | Acc: 99.32%
Round 57 | Client 3 | Model: (ResNet18) | Acc: 98.76%
Round 57 | Client 4 | Model: (MobileNetV2) | Acc: 95.61%
Round 57 | Client 5 | Model: (MobileNetV3) | Acc: 93.42%
Round 57 | Client 6 | Model: (LeNet) | Acc: 98.14%
Round 57 | Client 7 | Model: (AlexNet) | Acc: 12.63%
Round 57 | Client 8 | Model: (ShuffleNet) | Acc: 90.65%
Round 57 | Client 9 | Model: (SqueezeNet) | Acc: 8.74%
Round 57 | Client 11 | Model: (MLP) | Acc: 5.86%
Round 57 | Client 12 | Model: (CNN) | Acc: 55.93%
Round 57 | Client 13 | Model: (ResNet8) | Acc: 61.52%
Round 57 | Client 14 | Model: (ResNet18) | Acc: 6.49%
Round 57 | Client 15 | Model: (MobileNetV2) | Acc: 52.66%
Round 57 | Client 16 | Model: (MobileNetV3) | Acc: 45.65%
Round 57 | Client 17 | Model: (LeNet) | Acc: 5.83%
Round 57 | Client 18 | Model: (AlexNet) | Acc: 2.72%
Round 57 | Client 19 | Model: (ShuffleNet) | Acc: 50.83%
Round 57 | Client 20 | Model: (SqueezeNet) | Acc: 5.79%
Round 57 | Client 22 | Model: (MLP) | Acc: 37.41%
Round 57 | Client 23 | Model: (CNN) | Acc: 58.79%
Round 57 | Client 24 | Model: (ResNet8) | Acc: 57.60%
Round 57 | Client 25 | Model: (ResNet18) | Acc: 11.21%
Round 57 | Client 26 | Model: (MobileNetV2) | Acc: 19.20%
Round 57 | Client 27 | Model: (MobileNetV3) | Acc: 50.11%
Round 57 | Client 28 | Model: (LeNet) | Acc: 48.95%
Round 57 | Client 29 | Model: (AlexNet) | Acc: 53.62%
Round 57 | Client 30 | Model: (ShuffleNet) | Acc: 43.64%
Round 57 | Client 31 | Model: (SqueezeNet) | Acc: 25.51%
[Server] Aggregating by Dataset Name ...
[Server] Training Feature-Based Global Generator...
Mixed total 82 batches across all datasets.
[Server] Global Inference Model Acc (MNIST) (Round 57): 80.98% (Tested on 9095 samples)
[Server] Global Inference Model Acc (EMNIST) (Round 57): 69.50% (Tested on 105779 samples)
[Server] Global Inference Model Acc (CIFAR10) (Round 57): 4.03% (Tested on 9100 samples)
[Server] Global Inference Model Acc (Mix) (Round 57): 65.54% (Tested on 123974 samples)
Selected client ids: [0, 1, 2, 3, 4, 5, 6, 7, 8, 9, 10, 11, 12, 13, 14, 15, 16, 17, 18, 19, 20, 21, 22, 23, 24, 25, 26, 27, 28, 29]
--- Round 58 ---
Round 58 | Client 0 | Model: (MLP) | Acc: 11.34%
Round 58 | Client 1 | Model: (CNN) | Acc: 98.12%
Round 58 | Client 2 | Model: (ResNet8) | Acc: 99.09%
Round 58 | Client 3 | Model: (ResNet18) | Acc: 99.55%
Round 58 | Client 4 | Model: (MobileNetV2) | Acc: 94.75%
Round 58 | Client 5 | Model: (MobileNetV3) | Acc: 93.98%
Round 58 | Client 6 | Model: (LeNet) | Acc: 97.70%
Round 58 | Client 7 | Model: (AlexNet) | Acc: 12.63%
Round 58 | Client 8 | Model: (ShuffleNet) | Acc: 90.76%
Round 58 | Client 9 | Model: (SqueezeNet) | Acc: 11.15%
Round 58 | Client 11 | Model: (MLP) | Acc: 5.86%
Round 58 | Client 12 | Model: (CNN) | Acc: 55.86%
Round 58 | Client 13 | Model: (ResNet8) | Acc: 61.48%
Round 58 | Client 14 | Model: (ResNet18) | Acc: 6.49%
Round 58 | Client 15 | Model: (MobileNetV2) | Acc: 51.28%
Round 58 | Client 16 | Model: (MobileNetV3) | Acc: 44.75%
Round 58 | Client 17 | Model: (LeNet) | Acc: 5.83%
Round 58 | Client 18 | Model: (AlexNet) | Acc: 3.27%
Round 58 | Client 19 | Model: (ShuffleNet) | Acc: 51.91%
Round 58 | Client 20 | Model: (SqueezeNet) | Acc: 5.79%
Round 58 | Client 22 | Model: (MLP) | Acc: 38.85%
Round 58 | Client 23 | Model: (CNN) | Acc: 60.22%
Round 58 | Client 24 | Model: (ResNet8) | Acc: 57.92%
Round 58 | Client 25 | Model: (ResNet18) | Acc: 11.21%
Round 58 | Client 26 | Model: (MobileNetV2) | Acc: 16.58%
Round 58 | Client 27 | Model: (MobileNetV3) | Acc: 50.54%
Round 58 | Client 28 | Model: (LeNet) | Acc: 49.83%
Round 58 | Client 29 | Model: (AlexNet) | Acc: 51.46%
Round 58 | Client 30 | Model: (ShuffleNet) | Acc: 42.76%
Round 58 | Client 31 | Model: (SqueezeNet) | Acc: 25.96%
[Server] Aggregating by Dataset Name ...
[Server] Training Feature-Based Global Generator...
Mixed total 82 batches across all datasets.
[Server] Global Inference Model Acc (MNIST) (Round 58): 83.90% (Tested on 9095 samples)
[Server] Global Inference Model Acc (EMNIST) (Round 58): 70.42% (Tested on 105779 samples)
[Server] Global Inference Model Acc (CIFAR10) (Round 58): 1.64% (Tested on 9100 samples)
[Server] Global Inference Model Acc (Mix) (Round 58): 66.36% (Tested on 123974 samples)
Selected client ids: [0, 1, 2, 3, 4, 5, 6, 7, 8, 9, 10, 11, 12, 13, 14, 15, 16, 17, 18, 19, 20, 21, 22, 23, 24, 25, 26, 27, 28, 29]
--- Round 59 ---
Round 59 | Client 0 | Model: (MLP) | Acc: 11.34%
Round 59 | Client 1 | Model: (CNN) | Acc: 98.23%
Round 59 | Client 2 | Model: (ResNet8) | Acc: 99.32%
Round 59 | Client 3 | Model: (ResNet18) | Acc: 99.32%
Round 59 | Client 4 | Model: (MobileNetV2) | Acc: 97.00%
Round 59 | Client 5 | Model: (MobileNetV3) | Acc: 93.53%
Round 59 | Client 6 | Model: (LeNet) | Acc: 98.25%
Round 59 | Client 7 | Model: (AlexNet) | Acc: 12.63%
Round 59 | Client 8 | Model: (ShuffleNet) | Acc: 90.76%
Round 59 | Client 9 | Model: (SqueezeNet) | Acc: 9.62%
Round 59 | Client 11 | Model: (MLP) | Acc: 5.86%
Round 59 | Client 12 | Model: (CNN) | Acc: 55.78%
Round 59 | Client 13 | Model: (ResNet8) | Acc: 60.43%
Round 59 | Client 14 | Model: (ResNet18) | Acc: 6.49%
Round 59 | Client 15 | Model: (MobileNetV2) | Acc: 50.14%
Round 59 | Client 16 | Model: (MobileNetV3) | Acc: 44.96%
Round 59 | Client 17 | Model: (LeNet) | Acc: 5.83%
Round 59 | Client 18 | Model: (AlexNet) | Acc: 2.72%
Round 59 | Client 19 | Model: (ShuffleNet) | Acc: 52.11%
Round 59 | Client 20 | Model: (SqueezeNet) | Acc: 5.79%
Round 59 | Client 22 | Model: (MLP) | Acc: 41.01%
Round 59 | Client 23 | Model: (CNN) | Acc: 58.79%
Round 59 | Client 24 | Model: (ResNet8) | Acc: 57.92%
Round 59 | Client 25 | Model: (ResNet18) | Acc: 11.21%
Round 59 | Client 26 | Model: (MobileNetV2) | Acc: 20.57%
Round 59 | Client 27 | Model: (MobileNetV3) | Acc: 49.03%
Round 59 | Client 28 | Model: (LeNet) | Acc: 51.05%
Round 59 | Client 29 | Model: (AlexNet) | Acc: 52.32%
Round 59 | Client 30 | Model: (ShuffleNet) | Acc: 43.20%
Round 59 | Client 31 | Model: (SqueezeNet) | Acc: 24.83%
[Server] Aggregating by Dataset Name ...
[Server] Training Feature-Based Global Generator...
Mixed total 82 batches across all datasets.
[Server] Global Inference Model Acc (MNIST) (Round 59): 83.89% (Tested on 9095 samples)
[Server] Global Inference Model Acc (EMNIST) (Round 59): 70.26% (Tested on 105779 samples)
[Server] Global Inference Model Acc (CIFAR10) (Round 59): 1.24% (Tested on 9100 samples)
[Server] Global Inference Model Acc (Mix) (Round 59): 66.19% (Tested on 123974 samples)
Selected client ids: [0, 1, 2, 3, 4, 5, 6, 7, 8, 9, 10, 11, 12, 13, 14, 15, 16, 17, 18, 19, 20, 21, 22, 23, 24, 25, 26, 27, 28, 29]
--- Round 60 ---
Round 60 | Client 0 | Model: (MLP) | Acc: 11.34%
Round 60 | Client 1 | Model: (CNN) | Acc: 97.90%
Round 60 | Client 2 | Model: (ResNet8) | Acc: 98.75%
Round 60 | Client 3 | Model: (ResNet18) | Acc: 99.43%
Round 60 | Client 4 | Model: (MobileNetV2) | Acc: 96.36%
Round 60 | Client 5 | Model: (MobileNetV3) | Acc: 93.87%
Round 60 | Client 6 | Model: (LeNet) | Acc: 98.36%
Round 60 | Client 7 | Model: (AlexNet) | Acc: 12.63%
Round 60 | Client 8 | Model: (ShuffleNet) | Acc: 91.65%
Round 60 | Client 9 | Model: (SqueezeNet) | Acc: 9.73%
Round 60 | Client 11 | Model: (MLP) | Acc: 5.86%
Round 60 | Client 12 | Model: (CNN) | Acc: 55.67%
Round 60 | Client 13 | Model: (ResNet8) | Acc: 60.32%
Round 60 | Client 14 | Model: (ResNet18) | Acc: 6.49%
Round 60 | Client 15 | Model: (MobileNetV2) | Acc: 50.51%
Round 60 | Client 16 | Model: (MobileNetV3) | Acc: 45.56%
Round 60 | Client 17 | Model: (LeNet) | Acc: 5.83%
Round 60 | Client 18 | Model: (AlexNet) | Acc: 3.27%
Round 60 | Client 19 | Model: (ShuffleNet) | Acc: 53.23%
Round 60 | Client 20 | Model: (SqueezeNet) | Acc: 5.79%
Round 60 | Client 22 | Model: (MLP) | Acc: 39.45%
Round 60 | Client 23 | Model: (CNN) | Acc: 59.67%
Round 60 | Client 24 | Model: (ResNet8) | Acc: 49.36%
Round 60 | Client 25 | Model: (ResNet18) | Acc: 11.21%
Round 60 | Client 26 | Model: (MobileNetV2) | Acc: 18.68%
Round 60 | Client 27 | Model: (MobileNetV3) | Acc: 50.00%
Round 60 | Client 28 | Model: (LeNet) | Acc: 49.28%
Round 60 | Client 29 | Model: (AlexNet) | Acc: 51.57%
Round 60 | Client 30 | Model: (ShuffleNet) | Acc: 40.68%
Round 60 | Client 31 | Model: (SqueezeNet) | Acc: 24.27%
[Server] Aggregating by Dataset Name ...
[Server] Training Feature-Based Global Generator...
Mixed total 82 batches across all datasets.
[Server] Global Inference Model Acc (MNIST) (Round 60): 81.10% (Tested on 9095 samples)
[Server] Global Inference Model Acc (EMNIST) (Round 60): 67.97% (Tested on 105779 samples)
[Server] Global Inference Model Acc (CIFAR10) (Round 60): 3.23% (Tested on 9100 samples)
[Server] Global Inference Model Acc (Mix) (Round 60): 64.19% (Tested on 123974 samples)
Selected client ids: [0, 1, 2, 3, 4, 5, 6, 7, 8, 9, 10, 11, 12, 13, 14, 15, 16, 17, 18, 19, 20, 21, 22, 23, 24, 25, 26, 27, 28, 29]
--- Round 61 ---
Round 61 | Client 0 | Model: (MLP) | Acc: 11.34%
Round 61 | Client 1 | Model: (CNN) | Acc: 97.90%
Round 61 | Client 2 | Model: (ResNet8) | Acc: 99.21%
Round 61 | Client 3 | Model: (ResNet18) | Acc: 99.32%
Round 61 | Client 4 | Model: (MobileNetV2) | Acc: 96.25%
Round 61 | Client 5 | Model: (MobileNetV3) | Acc: 94.09%
Round 61 | Client 6 | Model: (LeNet) | Acc: 98.69%
Round 61 | Client 7 | Model: (AlexNet) | Acc: 12.63%
Round 61 | Client 8 | Model: (ShuffleNet) | Acc: 91.76%
Round 61 | Client 9 | Model: (SqueezeNet) | Acc: 11.37%
Round 61 | Client 11 | Model: (MLP) | Acc: 5.86%
Round 61 | Client 12 | Model: (CNN) | Acc: 56.54%
Round 61 | Client 13 | Model: (ResNet8) | Acc: 60.46%
Round 61 | Client 14 | Model: (ResNet18) | Acc: 6.49%
Round 61 | Client 15 | Model: (MobileNetV2) | Acc: 51.39%
Round 61 | Client 16 | Model: (MobileNetV3) | Acc: 45.32%
Round 61 | Client 17 | Model: (LeNet) | Acc: 5.83%
Round 61 | Client 18 | Model: (AlexNet) | Acc: 2.72%
Round 61 | Client 19 | Model: (ShuffleNet) | Acc: 49.98%
Round 61 | Client 20 | Model: (SqueezeNet) | Acc: 5.79%
Round 61 | Client 22 | Model: (MLP) | Acc: 39.33%
Round 61 | Client 23 | Model: (CNN) | Acc: 60.33%
Round 61 | Client 24 | Model: (ResNet8) | Acc: 56.32%
Round 61 | Client 25 | Model: (ResNet18) | Acc: 11.21%
Round 61 | Client 26 | Model: (MobileNetV2) | Acc: 24.13%
Round 61 | Client 27 | Model: (MobileNetV3) | Acc: 51.18%
Round 61 | Client 28 | Model: (LeNet) | Acc: 49.61%
Round 61 | Client 29 | Model: (AlexNet) | Acc: 55.78%
Round 61 | Client 30 | Model: (ShuffleNet) | Acc: 43.64%
Round 61 | Client 31 | Model: (SqueezeNet) | Acc: 25.62%
[Server] Aggregating by Dataset Name ...
[Server] Training Feature-Based Global Generator...
Mixed total 82 batches across all datasets.
[Server] Global Inference Model Acc (MNIST) (Round 61): 87.01% (Tested on 9095 samples)
[Server] Global Inference Model Acc (EMNIST) (Round 61): 71.47% (Tested on 105779 samples)
[Server] Global Inference Model Acc (CIFAR10) (Round 61): 1.65% (Tested on 9100 samples)
[Server] Global Inference Model Acc (Mix) (Round 61): 67.49% (Tested on 123974 samples)
Selected client ids: [0, 1, 2, 3, 4, 5, 6, 7, 8, 9, 10, 11, 12, 13, 14, 15, 16, 17, 18, 19, 20, 21, 22, 23, 24, 25, 26, 27, 28, 29]
--- Round 62 ---
Round 62 | Client 0 | Model: (MLP) | Acc: 11.34%
Round 62 | Client 1 | Model: (CNN) | Acc: 97.56%
Round 62 | Client 2 | Model: (ResNet8) | Acc: 99.32%
Round 62 | Client 3 | Model: (ResNet18) | Acc: 99.21%
Round 62 | Client 4 | Model: (MobileNetV2) | Acc: 96.36%
Round 62 | Client 5 | Model: (MobileNetV3) | Acc: 93.65%
Round 62 | Client 6 | Model: (LeNet) | Acc: 97.92%
Round 62 | Client 7 | Model: (AlexNet) | Acc: 12.63%
Round 62 | Client 8 | Model: (ShuffleNet) | Acc: 90.65%
Round 62 | Client 9 | Model: (SqueezeNet) | Acc: 10.16%
Round 62 | Client 11 | Model: (MLP) | Acc: 5.86%
Round 62 | Client 12 | Model: (CNN) | Acc: 55.76%
Round 62 | Client 13 | Model: (ResNet8) | Acc: 60.58%
Round 62 | Client 14 | Model: (ResNet18) | Acc: 6.49%
Round 62 | Client 15 | Model: (MobileNetV2) | Acc: 49.27%
Round 62 | Client 16 | Model: (MobileNetV3) | Acc: 44.95%
Round 62 | Client 17 | Model: (LeNet) | Acc: 5.83%
Round 62 | Client 18 | Model: (AlexNet) | Acc: 2.86%
Round 62 | Client 19 | Model: (ShuffleNet) | Acc: 52.72%
Round 62 | Client 20 | Model: (SqueezeNet) | Acc: 5.79%
Round 62 | Client 22 | Model: (MLP) | Acc: 38.85%
Round 62 | Client 23 | Model: (CNN) | Acc: 58.02%
Round 62 | Client 24 | Model: (ResNet8) | Acc: 59.42%
Round 62 | Client 25 | Model: (ResNet18) | Acc: 11.21%
Round 62 | Client 26 | Model: (MobileNetV2) | Acc: 22.98%
Round 62 | Client 27 | Model: (MobileNetV3) | Acc: 50.54%
Round 62 | Client 28 | Model: (LeNet) | Acc: 50.39%
Round 62 | Client 29 | Model: (AlexNet) | Acc: 51.46%
Round 62 | Client 30 | Model: (ShuffleNet) | Acc: 42.65%
Round 62 | Client 31 | Model: (SqueezeNet) | Acc: 26.52%
[Server] Aggregating by Dataset Name ...
[Server] Training Feature-Based Global Generator...
Mixed total 82 batches across all datasets.
[Server] Global Inference Model Acc (MNIST) (Round 62): 82.48% (Tested on 9095 samples)
[Server] Global Inference Model Acc (EMNIST) (Round 62): 69.81% (Tested on 105779 samples)
[Server] Global Inference Model Acc (CIFAR10) (Round 62): 2.66% (Tested on 9100 samples)
[Server] Global Inference Model Acc (Mix) (Round 62): 65.81% (Tested on 123974 samples)
Selected client ids: [0, 1, 2, 3, 4, 5, 6, 7, 8, 9, 10, 11, 12, 13, 14, 15, 16, 17, 18, 19, 20, 21, 22, 23, 24, 25, 26, 27, 28, 29]
--- Round 63 ---
Round 63 | Client 0 | Model: (MLP) | Acc: 11.34%
Round 63 | Client 1 | Model: (CNN) | Acc: 97.56%
Round 63 | Client 2 | Model: (ResNet8) | Acc: 99.43%
Round 63 | Client 3 | Model: (ResNet18) | Acc: 99.32%
Round 63 | Client 4 | Model: (MobileNetV2) | Acc: 85.97%
Round 63 | Client 5 | Model: (MobileNetV3) | Acc: 93.53%
Round 63 | Client 6 | Model: (LeNet) | Acc: 97.70%
Round 63 | Client 7 | Model: (AlexNet) | Acc: 12.63%
Round 63 | Client 8 | Model: (ShuffleNet) | Acc: 93.65%
Round 63 | Client 9 | Model: (SqueezeNet) | Acc: 8.74%
Round 63 | Client 11 | Model: (MLP) | Acc: 5.86%
Round 63 | Client 12 | Model: (CNN) | Acc: 56.00%
Round 63 | Client 13 | Model: (ResNet8) | Acc: 59.90%
Round 63 | Client 14 | Model: (ResNet18) | Acc: 6.49%
Round 63 | Client 15 | Model: (MobileNetV2) | Acc: 54.54%
Round 63 | Client 16 | Model: (MobileNetV3) | Acc: 46.38%
Round 63 | Client 17 | Model: (LeNet) | Acc: 5.83%
Round 63 | Client 18 | Model: (AlexNet) | Acc: 3.27%
Round 63 | Client 19 | Model: (ShuffleNet) | Acc: 52.90%
Round 63 | Client 20 | Model: (SqueezeNet) | Acc: 5.79%
Round 63 | Client 22 | Model: (MLP) | Acc: 37.17%
Round 63 | Client 23 | Model: (CNN) | Acc: 59.67%
Round 63 | Client 24 | Model: (ResNet8) | Acc: 58.78%
Round 63 | Client 25 | Model: (ResNet18) | Acc: 11.21%
Round 63 | Client 26 | Model: (MobileNetV2) | Acc: 25.18%
Round 63 | Client 27 | Model: (MobileNetV3) | Acc: 50.21%
Round 63 | Client 28 | Model: (LeNet) | Acc: 49.39%
Round 63 | Client 29 | Model: (AlexNet) | Acc: 52.00%
Round 63 | Client 30 | Model: (ShuffleNet) | Acc: 43.42%
Round 63 | Client 31 | Model: (SqueezeNet) | Acc: 23.48%
[Server] Aggregating by Dataset Name ...
[Server] Training Feature-Based Global Generator...
Mixed total 82 batches across all datasets.
[Server] Global Inference Model Acc (MNIST) (Round 63): 73.71% (Tested on 9095 samples)
[Server] Global Inference Model Acc (EMNIST) (Round 63): 62.34% (Tested on 105779 samples)
[Server] Global Inference Model Acc (CIFAR10) (Round 63): 3.49% (Tested on 9100 samples)
[Server] Global Inference Model Acc (Mix) (Round 63): 58.85% (Tested on 123974 samples)
Selected client ids: [0, 1, 2, 3, 4, 5, 6, 7, 8, 9, 10, 11, 12, 13, 14, 15, 16, 17, 18, 19, 20, 21, 22, 23, 24, 25, 26, 27, 28, 29]
--- Round 64 ---
Round 64 | Client 0 | Model: (MLP) | Acc: 11.34%
Round 64 | Client 1 | Model: (CNN) | Acc: 97.67%
Round 64 | Client 2 | Model: (ResNet8) | Acc: 99.09%
Round 64 | Client 3 | Model: (ResNet18) | Acc: 99.21%
Round 64 | Client 4 | Model: (MobileNetV2) | Acc: 96.79%
Round 64 | Client 5 | Model: (MobileNetV3) | Acc: 93.98%
Round 64 | Client 6 | Model: (LeNet) | Acc: 97.81%
Round 64 | Client 7 | Model: (AlexNet) | Acc: 12.63%
Round 64 | Client 8 | Model: (ShuffleNet) | Acc: 93.99%
Round 64 | Client 9 | Model: (SqueezeNet) | Acc: 10.27%
Round 64 | Client 11 | Model: (MLP) | Acc: 5.86%
Round 64 | Client 12 | Model: (CNN) | Acc: 55.44%
Round 64 | Client 13 | Model: (ResNet8) | Acc: 61.48%
Round 64 | Client 14 | Model: (ResNet18) | Acc: 6.49%
Round 64 | Client 15 | Model: (MobileNetV2) | Acc: 50.06%
Round 64 | Client 16 | Model: (MobileNetV3) | Acc: 45.75%
Round 64 | Client 17 | Model: (LeNet) | Acc: 5.83%
Round 64 | Client 18 | Model: (AlexNet) | Acc: 2.86%
Round 64 | Client 19 | Model: (ShuffleNet) | Acc: 53.54%
Round 64 | Client 20 | Model: (SqueezeNet) | Acc: 5.79%
Round 64 | Client 22 | Model: (MLP) | Acc: 39.45%
Round 64 | Client 23 | Model: (CNN) | Acc: 58.46%
Round 64 | Client 24 | Model: (ResNet8) | Acc: 58.14%
Round 64 | Client 25 | Model: (ResNet18) | Acc: 11.21%
Round 64 | Client 26 | Model: (MobileNetV2) | Acc: 23.19%
Round 64 | Client 27 | Model: (MobileNetV3) | Acc: 50.64%
Round 64 | Client 28 | Model: (LeNet) | Acc: 51.05%
Round 64 | Client 29 | Model: (AlexNet) | Acc: 53.08%
Round 64 | Client 30 | Model: (ShuffleNet) | Acc: 40.57%
Round 64 | Client 31 | Model: (SqueezeNet) | Acc: 23.71%
[Server] Aggregating by Dataset Name ...
[Server] Training Feature-Based Global Generator...
Mixed total 82 batches across all datasets.
[Server] Global Inference Model Acc (MNIST) (Round 64): 82.75% (Tested on 9095 samples)
[Server] Global Inference Model Acc (EMNIST) (Round 64): 70.82% (Tested on 105779 samples)
[Server] Global Inference Model Acc (CIFAR10) (Round 64): 7.23% (Tested on 9100 samples)
[Server] Global Inference Model Acc (Mix) (Round 64): 67.03% (Tested on 123974 samples)
Selected client ids: [0, 1, 2, 3, 4, 5, 6, 7, 8, 9, 10, 11, 12, 13, 14, 15, 16, 17, 18, 19, 20, 21, 22, 23, 24, 25, 26, 27, 28, 29]
--- Round 65 ---
Round 65 | Client 0 | Model: (MLP) | Acc: 11.34%
Round 65 | Client 1 | Model: (CNN) | Acc: 97.56%
Round 65 | Client 2 | Model: (ResNet8) | Acc: 99.21%
Round 65 | Client 3 | Model: (ResNet18) | Acc: 99.21%
Round 65 | Client 4 | Model: (MobileNetV2) | Acc: 96.47%
Round 65 | Client 5 | Model: (MobileNetV3) | Acc: 94.09%
Round 65 | Client 6 | Model: (LeNet) | Acc: 97.48%
Round 65 | Client 7 | Model: (AlexNet) | Acc: 12.63%
Round 65 | Client 8 | Model: (ShuffleNet) | Acc: 91.76%
Round 65 | Client 9 | Model: (SqueezeNet) | Acc: 11.37%
Round 65 | Client 11 | Model: (MLP) | Acc: 5.86%
Round 65 | Client 12 | Model: (CNN) | Acc: 56.37%
Round 65 | Client 13 | Model: (ResNet8) | Acc: 60.48%
Round 65 | Client 14 | Model: (ResNet18) | Acc: 6.49%
Round 65 | Client 15 | Model: (MobileNetV2) | Acc: 49.16%
Round 65 | Client 16 | Model: (MobileNetV3) | Acc: 45.05%
Round 65 | Client 17 | Model: (LeNet) | Acc: 5.83%
Round 65 | Client 18 | Model: (AlexNet) | Acc: 2.86%
Round 65 | Client 19 | Model: (ShuffleNet) | Acc: 52.79%
Round 65 | Client 20 | Model: (SqueezeNet) | Acc: 5.79%
Round 65 | Client 22 | Model: (MLP) | Acc: 38.01%
Round 65 | Client 23 | Model: (CNN) | Acc: 59.23%
Round 65 | Client 24 | Model: (ResNet8) | Acc: 58.67%
Round 65 | Client 25 | Model: (ResNet18) | Acc: 11.21%
Round 65 | Client 26 | Model: (MobileNetV2) | Acc: 25.71%
Round 65 | Client 27 | Model: (MobileNetV3) | Acc: 51.29%
Round 65 | Client 28 | Model: (LeNet) | Acc: 50.06%
Round 65 | Client 29 | Model: (AlexNet) | Acc: 52.76%
Round 65 | Client 30 | Model: (ShuffleNet) | Acc: 42.11%
Round 65 | Client 31 | Model: (SqueezeNet) | Acc: 25.51%
[Server] Aggregating by Dataset Name ...
[Server] Training Feature-Based Global Generator...
Mixed total 82 batches across all datasets.
[Server] Global Inference Model Acc (MNIST) (Round 65): 82.14% (Tested on 9095 samples)
[Server] Global Inference Model Acc (EMNIST) (Round 65): 70.35% (Tested on 105779 samples)
[Server] Global Inference Model Acc (CIFAR10) (Round 65): 2.79% (Tested on 9100 samples)
[Server] Global Inference Model Acc (Mix) (Round 65): 66.25% (Tested on 123974 samples)
Selected client ids: [0, 1, 2, 3, 4, 5, 6, 7, 8, 9, 10, 11, 12, 13, 14, 15, 16, 17, 18, 19, 20, 21, 22, 23, 24, 25, 26, 27, 28, 29]
--- Round 66 ---
Round 66 | Client 0 | Model: (MLP) | Acc: 11.34%
Round 66 | Client 1 | Model: (CNN) | Acc: 98.01%
Round 66 | Client 2 | Model: (ResNet8) | Acc: 98.19%
Round 66 | Client 3 | Model: (ResNet18) | Acc: 99.21%
Round 66 | Client 4 | Model: (MobileNetV2) | Acc: 96.68%
Round 66 | Client 5 | Model: (MobileNetV3) | Acc: 93.87%
Round 66 | Client 6 | Model: (LeNet) | Acc: 98.14%
Round 66 | Client 7 | Model: (AlexNet) | Acc: 12.63%
Round 66 | Client 8 | Model: (ShuffleNet) | Acc: 93.99%
Round 66 | Client 9 | Model: (SqueezeNet) | Acc: 11.15%
Round 66 | Client 11 | Model: (MLP) | Acc: 5.86%
Round 66 | Client 12 | Model: (CNN) | Acc: 55.86%
Round 66 | Client 13 | Model: (ResNet8) | Acc: 60.74%
Round 66 | Client 14 | Model: (ResNet18) | Acc: 6.49%
Round 66 | Client 15 | Model: (MobileNetV2) | Acc: 48.61%
Round 66 | Client 16 | Model: (MobileNetV3) | Acc: 45.13%
Round 66 | Client 17 | Model: (LeNet) | Acc: 5.83%
Round 66 | Client 18 | Model: (AlexNet) | Acc: 2.72%
Round 66 | Client 19 | Model: (ShuffleNet) | Acc: 53.03%
Round 66 | Client 20 | Model: (SqueezeNet) | Acc: 5.79%
Round 66 | Client 22 | Model: (MLP) | Acc: 40.17%
Round 66 | Client 23 | Model: (CNN) | Acc: 60.77%
Round 66 | Client 24 | Model: (ResNet8) | Acc: 58.14%
Round 66 | Client 25 | Model: (ResNet18) | Acc: 11.21%
Round 66 | Client 26 | Model: (MobileNetV2) | Acc: 24.97%
Round 66 | Client 27 | Model: (MobileNetV3) | Acc: 49.79%
Round 66 | Client 28 | Model: (LeNet) | Acc: 50.17%
Round 66 | Client 29 | Model: (AlexNet) | Acc: 54.05%
Round 66 | Client 30 | Model: (ShuffleNet) | Acc: 43.20%
Round 66 | Client 31 | Model: (SqueezeNet) | Acc: 24.49%
[Server] Aggregating by Dataset Name ...
[Server] Training Feature-Based Global Generator...
Mixed total 82 batches across all datasets.
[Server] Global Inference Model Acc (MNIST) (Round 66): 77.61% (Tested on 9095 samples)
[Server] Global Inference Model Acc (EMNIST) (Round 66): 69.00% (Tested on 105779 samples)
[Server] Global Inference Model Acc (CIFAR10) (Round 66): 3.09% (Tested on 9100 samples)
[Server] Global Inference Model Acc (Mix) (Round 66): 64.80% (Tested on 123974 samples)
Selected client ids: [0, 1, 2, 3, 4, 5, 6, 7, 8, 9, 10, 11, 12, 13, 14, 15, 16, 17, 18, 19, 20, 21, 22, 23, 24, 25, 26, 27, 28, 29]
--- Round 67 ---
Round 67 | Client 0 | Model: (MLP) | Acc: 11.34%
Round 67 | Client 1 | Model: (CNN) | Acc: 97.90%
Round 67 | Client 2 | Model: (ResNet8) | Acc: 98.53%
Round 67 | Client 3 | Model: (ResNet18) | Acc: 99.32%
Round 67 | Client 4 | Model: (MobileNetV2) | Acc: 97.32%
Round 67 | Client 5 | Model: (MobileNetV3) | Acc: 93.87%
Round 67 | Client 6 | Model: (LeNet) | Acc: 97.92%
Round 67 | Client 7 | Model: (AlexNet) | Acc: 12.63%
Round 67 | Client 8 | Model: (ShuffleNet) | Acc: 93.21%
Round 67 | Client 9 | Model: (SqueezeNet) | Acc: 9.62%
Round 67 | Client 11 | Model: (MLP) | Acc: 5.86%
Round 67 | Client 12 | Model: (CNN) | Acc: 55.87%
Round 67 | Client 13 | Model: (ResNet8) | Acc: 60.64%
Round 67 | Client 14 | Model: (ResNet18) | Acc: 6.49%
Round 67 | Client 15 | Model: (MobileNetV2) | Acc: 53.53%
Round 67 | Client 16 | Model: (MobileNetV3) | Acc: 45.47%
Round 67 | Client 17 | Model: (LeNet) | Acc: 5.83%
Round 67 | Client 18 | Model: (AlexNet) | Acc: 2.86%
Round 67 | Client 19 | Model: (ShuffleNet) | Acc: 52.78%
Round 67 | Client 20 | Model: (SqueezeNet) | Acc: 5.79%
Round 67 | Client 22 | Model: (MLP) | Acc: 37.41%
Round 67 | Client 23 | Model: (CNN) | Acc: 56.37%
Round 67 | Client 24 | Model: (ResNet8) | Acc: 57.71%
Round 67 | Client 25 | Model: (ResNet18) | Acc: 11.21%
Round 67 | Client 26 | Model: (MobileNetV2) | Acc: 21.83%
Round 67 | Client 27 | Model: (MobileNetV3) | Acc: 50.54%
Round 67 | Client 28 | Model: (LeNet) | Acc: 49.39%
Round 67 | Client 29 | Model: (AlexNet) | Acc: 52.86%
Round 67 | Client 30 | Model: (ShuffleNet) | Acc: 41.01%
Round 67 | Client 31 | Model: (SqueezeNet) | Acc: 23.60%
[Server] Aggregating by Dataset Name ...
[Server] Training Feature-Based Global Generator...
Mixed total 82 batches across all datasets.
[Server] Global Inference Model Acc (MNIST) (Round 67): 79.69% (Tested on 9095 samples)
[Server] Global Inference Model Acc (EMNIST) (Round 67): 68.67% (Tested on 105779 samples)
[Server] Global Inference Model Acc (CIFAR10) (Round 67): 2.40% (Tested on 9100 samples)
[Server] Global Inference Model Acc (Mix) (Round 67): 64.61% (Tested on 123974 samples)
Selected client ids: [0, 1, 2, 3, 4, 5, 6, 7, 8, 9, 10, 11, 12, 13, 14, 15, 16, 17, 18, 19, 20, 21, 22, 23, 24, 25, 26, 27, 28, 29]
--- Round 68 ---
Round 68 | Client 0 | Model: (MLP) | Acc: 11.34%
Round 68 | Client 1 | Model: (CNN) | Acc: 97.56%
Round 68 | Client 2 | Model: (ResNet8) | Acc: 99.09%
Round 68 | Client 3 | Model: (ResNet18) | Acc: 98.53%
Round 68 | Client 4 | Model: (MobileNetV2) | Acc: 97.11%
Round 68 | Client 5 | Model: (MobileNetV3) | Acc: 93.65%
Round 68 | Client 6 | Model: (LeNet) | Acc: 98.03%
Round 68 | Client 7 | Model: (AlexNet) | Acc: 12.63%
Round 68 | Client 8 | Model: (ShuffleNet) | Acc: 94.65%
Round 68 | Client 9 | Model: (SqueezeNet) | Acc: 10.16%
Round 68 | Client 11 | Model: (MLP) | Acc: 5.86%
Round 68 | Client 12 | Model: (CNN) | Acc: 56.28%
Round 68 | Client 13 | Model: (ResNet8) | Acc: 60.82%
Round 68 | Client 14 | Model: (ResNet18) | Acc: 6.49%
Round 68 | Client 15 | Model: (MobileNetV2) | Acc: 48.18%
Round 68 | Client 16 | Model: (MobileNetV3) | Acc: 46.60%
Round 68 | Client 17 | Model: (LeNet) | Acc: 5.83%
Round 68 | Client 18 | Model: (AlexNet) | Acc: 2.86%
Round 68 | Client 19 | Model: (ShuffleNet) | Acc: 54.01%
Round 68 | Client 20 | Model: (SqueezeNet) | Acc: 5.84%
Round 68 | Client 22 | Model: (MLP) | Acc: 38.85%
Round 68 | Client 23 | Model: (CNN) | Acc: 57.47%
Round 68 | Client 24 | Model: (ResNet8) | Acc: 58.46%
Round 68 | Client 25 | Model: (ResNet18) | Acc: 11.21%
Round 68 | Client 26 | Model: (MobileNetV2) | Acc: 24.45%
Round 68 | Client 27 | Model: (MobileNetV3) | Acc: 49.25%
Round 68 | Client 28 | Model: (LeNet) | Acc: 50.06%
Round 68 | Client 29 | Model: (AlexNet) | Acc: 53.19%
Round 68 | Client 30 | Model: (ShuffleNet) | Acc: 42.54%
Round 68 | Client 31 | Model: (SqueezeNet) | Acc: 23.60%
[Server] Aggregating by Dataset Name ...
[Server] Training Feature-Based Global Generator...
Mixed total 82 batches across all datasets.
[Server] Global Inference Model Acc (MNIST) (Round 68): 76.53% (Tested on 9095 samples)
[Server] Global Inference Model Acc (EMNIST) (Round 68): 67.11% (Tested on 105779 samples)
[Server] Global Inference Model Acc (CIFAR10) (Round 68): 2.33% (Tested on 9100 samples)
[Server] Global Inference Model Acc (Mix) (Round 68): 63.05% (Tested on 123974 samples)
Selected client ids: [0, 1, 2, 3, 4, 5, 6, 7, 8, 9, 10, 11, 12, 13, 14, 15, 16, 17, 18, 19, 20, 21, 22, 23, 24, 25, 26, 27, 28, 29]
--- Round 69 ---
Round 69 | Client 0 | Model: (MLP) | Acc: 11.34%
Round 69 | Client 1 | Model: (CNN) | Acc: 97.79%
Round 69 | Client 2 | Model: (ResNet8) | Acc: 99.21%
Round 69 | Client 3 | Model: (ResNet18) | Acc: 98.53%
Round 69 | Client 4 | Model: (MobileNetV2) | Acc: 97.64%
Round 69 | Client 5 | Model: (MobileNetV3) | Acc: 94.31%
Round 69 | Client 6 | Model: (LeNet) | Acc: 98.25%
Round 69 | Client 7 | Model: (AlexNet) | Acc: 12.63%
Round 69 | Client 8 | Model: (ShuffleNet) | Acc: 93.65%
Round 69 | Client 9 | Model: (SqueezeNet) | Acc: 11.37%
Round 69 | Client 11 | Model: (MLP) | Acc: 5.86%
Round 69 | Client 12 | Model: (CNN) | Acc: 56.66%
Round 69 | Client 13 | Model: (ResNet8) | Acc: 60.72%
Round 69 | Client 14 | Model: (ResNet18) | Acc: 6.49%
Round 69 | Client 15 | Model: (MobileNetV2) | Acc: 50.48%
Round 69 | Client 16 | Model: (MobileNetV3) | Acc: 45.56%
Round 69 | Client 17 | Model: (LeNet) | Acc: 5.83%
Round 69 | Client 18 | Model: (AlexNet) | Acc: 2.86%
Round 69 | Client 19 | Model: (ShuffleNet) | Acc: 55.01%
Round 69 | Client 20 | Model: (SqueezeNet) | Acc: 5.79%
Round 69 | Client 22 | Model: (MLP) | Acc: 41.61%
Round 69 | Client 23 | Model: (CNN) | Acc: 59.12%
Round 69 | Client 24 | Model: (ResNet8) | Acc: 59.42%
Round 69 | Client 25 | Model: (ResNet18) | Acc: 11.21%
Round 69 | Client 26 | Model: (MobileNetV2) | Acc: 20.57%
Round 69 | Client 27 | Model: (MobileNetV3) | Acc: 50.43%
Round 69 | Client 28 | Model: (LeNet) | Acc: 48.51%
Round 69 | Client 29 | Model: (AlexNet) | Acc: 51.68%
Round 69 | Client 30 | Model: (ShuffleNet) | Acc: 42.32%
Round 69 | Client 31 | Model: (SqueezeNet) | Acc: 25.28%
[Server] Aggregating by Dataset Name ...
[Server] Training Feature-Based Global Generator...
Mixed total 82 batches across all datasets.
[Server] Global Inference Model Acc (MNIST) (Round 69): 84.10% (Tested on 9095 samples)
[Server] Global Inference Model Acc (EMNIST) (Round 69): 69.60% (Tested on 105779 samples)
[Server] Global Inference Model Acc (CIFAR10) (Round 69): 9.41% (Tested on 9100 samples)
[Server] Global Inference Model Acc (Mix) (Round 69): 66.25% (Tested on 123974 samples)
Selected client ids: [0, 1, 2, 3, 4, 5, 6, 7, 8, 9, 10, 11, 12, 13, 14, 15, 16, 17, 18, 19, 20, 21, 22, 23, 24, 25, 26, 27, 28, 29]
--- Round 70 ---
Round 70 | Client 0 | Model: (MLP) | Acc: 11.34%
Round 70 | Client 1 | Model: (CNN) | Acc: 97.79%
Round 70 | Client 2 | Model: (ResNet8) | Acc: 99.43%
Round 70 | Client 3 | Model: (ResNet18) | Acc: 98.08%
Round 70 | Client 4 | Model: (MobileNetV2) | Acc: 85.33%
Round 70 | Client 5 | Model: (MobileNetV3) | Acc: 93.87%
Round 70 | Client 6 | Model: (LeNet) | Acc: 97.92%
Round 70 | Client 7 | Model: (AlexNet) | Acc: 12.63%
Round 70 | Client 8 | Model: (ShuffleNet) | Acc: 93.88%
Round 70 | Client 9 | Model: (SqueezeNet) | Acc: 11.15%
Round 70 | Client 11 | Model: (MLP) | Acc: 5.86%
Round 70 | Client 12 | Model: (CNN) | Acc: 57.06%
Round 70 | Client 13 | Model: (ResNet8) | Acc: 61.22%
Round 70 | Client 14 | Model: (ResNet18) | Acc: 6.49%
Round 70 | Client 15 | Model: (MobileNetV2) | Acc: 47.70%
Round 70 | Client 16 | Model: (MobileNetV3) | Acc: 46.92%
Round 70 | Client 17 | Model: (LeNet) | Acc: 5.83%
Round 70 | Client 18 | Model: (AlexNet) | Acc: 2.86%
Round 70 | Client 19 | Model: (ShuffleNet) | Acc: 55.01%
Round 70 | Client 20 | Model: (SqueezeNet) | Acc: 5.79%
Round 70 | Client 22 | Model: (MLP) | Acc: 39.57%
Round 70 | Client 23 | Model: (CNN) | Acc: 60.44%
Round 70 | Client 24 | Model: (ResNet8) | Acc: 59.10%
Round 70 | Client 25 | Model: (ResNet18) | Acc: 11.21%
Round 70 | Client 26 | Model: (MobileNetV2) | Acc: 17.21%
Round 70 | Client 27 | Model: (MobileNetV3) | Acc: 51.29%
Round 70 | Client 28 | Model: (LeNet) | Acc: 49.61%
Round 70 | Client 29 | Model: (AlexNet) | Acc: 51.78%
Round 70 | Client 30 | Model: (ShuffleNet) | Acc: 42.98%
Round 70 | Client 31 | Model: (SqueezeNet) | Acc: 25.17%
[Server] Aggregating by Dataset Name ...
[Server] Training Feature-Based Global Generator...
Mixed total 82 batches across all datasets.
[Server] Global Inference Model Acc (MNIST) (Round 70): 88.69% (Tested on 9095 samples)
[Server] Global Inference Model Acc (EMNIST) (Round 70): 71.67% (Tested on 105779 samples)
[Server] Global Inference Model Acc (CIFAR10) (Round 70): 3.87% (Tested on 9100 samples)
[Server] Global Inference Model Acc (Mix) (Round 70): 67.95% (Tested on 123974 samples)
Selected client ids: [0, 1, 2, 3, 4, 5, 6, 7, 8, 9, 10, 11, 12, 13, 14, 15, 16, 17, 18, 19, 20, 21, 22, 23, 24, 25, 26, 27, 28, 29]
--- Round 71 ---
Round 71 | Client 0 | Model: (MLP) | Acc: 11.34%
Round 71 | Client 1 | Model: (CNN) | Acc: 97.45%
Round 71 | Client 2 | Model: (ResNet8) | Acc: 99.32%
Round 71 | Client 3 | Model: (ResNet18) | Acc: 98.98%
Round 71 | Client 4 | Model: (MobileNetV2) | Acc: 97.22%
Round 71 | Client 5 | Model: (MobileNetV3) | Acc: 94.20%
Round 71 | Client 6 | Model: (LeNet) | Acc: 97.81%
Round 71 | Client 7 | Model: (AlexNet) | Acc: 12.63%
Round 71 | Client 8 | Model: (ShuffleNet) | Acc: 94.43%
Round 71 | Client 9 | Model: (SqueezeNet) | Acc: 9.62%
Round 71 | Client 11 | Model: (MLP) | Acc: 5.86%
Round 71 | Client 12 | Model: (CNN) | Acc: 56.62%
Round 71 | Client 13 | Model: (ResNet8) | Acc: 60.79%
Round 71 | Client 14 | Model: (ResNet18) | Acc: 6.49%
Round 71 | Client 15 | Model: (MobileNetV2) | Acc: 52.03%
Round 71 | Client 16 | Model: (MobileNetV3) | Acc: 46.90%
Round 71 | Client 17 | Model: (LeNet) | Acc: 5.83%
Round 71 | Client 18 | Model: (AlexNet) | Acc: 2.86%
Round 71 | Client 19 | Model: (ShuffleNet) | Acc: 55.93%
Round 71 | Client 20 | Model: (SqueezeNet) | Acc: 5.79%
Round 71 | Client 22 | Model: (MLP) | Acc: 40.05%
Round 71 | Client 23 | Model: (CNN) | Acc: 59.45%
Round 71 | Client 24 | Model: (ResNet8) | Acc: 59.10%
Round 71 | Client 25 | Model: (ResNet18) | Acc: 11.21%
Round 71 | Client 26 | Model: (MobileNetV2) | Acc: 21.62%
Round 71 | Client 27 | Model: (MobileNetV3) | Acc: 50.86%
Round 71 | Client 28 | Model: (LeNet) | Acc: 50.17%
Round 71 | Client 29 | Model: (AlexNet) | Acc: 50.81%
Round 71 | Client 30 | Model: (ShuffleNet) | Acc: 44.74%
Round 71 | Client 31 | Model: (SqueezeNet) | Acc: 22.92%
[Server] Aggregating by Dataset Name ...
[Server] Training Feature-Based Global Generator...
Mixed total 82 batches across all datasets.
[Server] Global Inference Model Acc (MNIST) (Round 71): 83.02% (Tested on 9095 samples)
[Server] Global Inference Model Acc (EMNIST) (Round 71): 68.58% (Tested on 105779 samples)
[Server] Global Inference Model Acc (CIFAR10) (Round 71): 8.12% (Tested on 9100 samples)
[Server] Global Inference Model Acc (Mix) (Round 71): 65.20% (Tested on 123974 samples)
Selected client ids: [0, 1, 2, 3, 4, 5, 6, 7, 8, 9, 10, 11, 12, 13, 14, 15, 16, 17, 18, 19, 20, 21, 22, 23, 24, 25, 26, 27, 28, 29]
--- Round 72 ---
Round 72 | Client 0 | Model: (MLP) | Acc: 11.34%
Round 72 | Client 1 | Model: (CNN) | Acc: 98.23%
Round 72 | Client 2 | Model: (ResNet8) | Acc: 99.21%
Round 72 | Client 3 | Model: (ResNet18) | Acc: 99.32%
Round 72 | Client 4 | Model: (MobileNetV2) | Acc: 86.40%
Round 72 | Client 5 | Model: (MobileNetV3) | Acc: 94.31%
Round 72 | Client 6 | Model: (LeNet) | Acc: 97.92%
Round 72 | Client 7 | Model: (AlexNet) | Acc: 12.63%
Round 72 | Client 8 | Model: (ShuffleNet) | Acc: 94.77%
Round 72 | Client 9 | Model: (SqueezeNet) | Acc: 11.04%
Round 72 | Client 11 | Model: (MLP) | Acc: 5.86%
Round 72 | Client 12 | Model: (CNN) | Acc: 57.78%
Round 72 | Client 13 | Model: (ResNet8) | Acc: 60.53%
Round 72 | Client 14 | Model: (ResNet18) | Acc: 6.49%
Round 72 | Client 15 | Model: (MobileNetV2) | Acc: 51.07%
Round 72 | Client 16 | Model: (MobileNetV3) | Acc: 46.26%
Round 72 | Client 17 | Model: (LeNet) | Acc: 5.83%
Round 72 | Client 18 | Model: (AlexNet) | Acc: 2.72%
Round 72 | Client 19 | Model: (ShuffleNet) | Acc: 51.94%
Round 72 | Client 20 | Model: (SqueezeNet) | Acc: 5.79%
Round 72 | Client 22 | Model: (MLP) | Acc: 39.33%
Round 72 | Client 23 | Model: (CNN) | Acc: 59.78%
Round 72 | Client 24 | Model: (ResNet8) | Acc: 58.46%
Round 72 | Client 25 | Model: (ResNet18) | Acc: 11.21%
Round 72 | Client 26 | Model: (MobileNetV2) | Acc: 20.04%
Round 72 | Client 27 | Model: (MobileNetV3) | Acc: 50.64%
Round 72 | Client 28 | Model: (LeNet) | Acc: 49.06%
Round 72 | Client 29 | Model: (AlexNet) | Acc: 51.03%
Round 72 | Client 30 | Model: (ShuffleNet) | Acc: 42.21%
Round 72 | Client 31 | Model: (SqueezeNet) | Acc: 25.51%
[Server] Aggregating by Dataset Name ...
[Server] Training Feature-Based Global Generator...
Mixed total 82 batches across all datasets.
[Server] Global Inference Model Acc (MNIST) (Round 72): 87.98% (Tested on 9095 samples)
[Server] Global Inference Model Acc (EMNIST) (Round 72): 71.48% (Tested on 105779 samples)
[Server] Global Inference Model Acc (CIFAR10) (Round 72): 2.26% (Tested on 9100 samples)
[Server] Global Inference Model Acc (Mix) (Round 72): 67.61% (Tested on 123974 samples)
Selected client ids: [0, 1, 2, 3, 4, 5, 6, 7, 8, 9, 10, 11, 12, 13, 14, 15, 16, 17, 18, 19, 20, 21, 22, 23, 24, 25, 26, 27, 28, 29]
--- Round 73 ---
Round 73 | Client 0 | Model: (MLP) | Acc: 11.34%
Round 73 | Client 1 | Model: (CNN) | Acc: 97.79%
Round 73 | Client 2 | Model: (ResNet8) | Acc: 99.09%
Round 73 | Client 3 | Model: (ResNet18) | Acc: 99.10%
Round 73 | Client 4 | Model: (MobileNetV2) | Acc: 97.11%
Round 73 | Client 5 | Model: (MobileNetV3) | Acc: 94.76%
Round 73 | Client 6 | Model: (LeNet) | Acc: 98.14%
Round 73 | Client 7 | Model: (AlexNet) | Acc: 12.63%
Round 73 | Client 8 | Model: (ShuffleNet) | Acc: 94.32%
Round 73 | Client 9 | Model: (SqueezeNet) | Acc: 10.27%
Round 73 | Client 11 | Model: (MLP) | Acc: 5.86%
Round 73 | Client 12 | Model: (CNN) | Acc: 57.06%
Round 73 | Client 13 | Model: (ResNet8) | Acc: 60.82%
Round 73 | Client 14 | Model: (ResNet18) | Acc: 6.49%
Round 73 | Client 15 | Model: (MobileNetV2) | Acc: 52.42%
Round 73 | Client 16 | Model: (MobileNetV3) | Acc: 47.24%
Round 73 | Client 17 | Model: (LeNet) | Acc: 5.83%
Round 73 | Client 18 | Model: (AlexNet) | Acc: 2.72%
Round 73 | Client 19 | Model: (ShuffleNet) | Acc: 51.60%
Round 73 | Client 20 | Model: (SqueezeNet) | Acc: 5.79%
Round 73 | Client 22 | Model: (MLP) | Acc: 40.05%
Round 73 | Client 23 | Model: (CNN) | Acc: 58.35%
Round 73 | Client 24 | Model: (ResNet8) | Acc: 59.10%
Round 73 | Client 25 | Model: (ResNet18) | Acc: 11.21%
Round 73 | Client 26 | Model: (MobileNetV2) | Acc: 21.30%
Round 73 | Client 27 | Model: (MobileNetV3) | Acc: 51.72%
Round 73 | Client 28 | Model: (LeNet) | Acc: 48.40%
Round 73 | Client 29 | Model: (AlexNet) | Acc: 50.81%
Round 73 | Client 30 | Model: (ShuffleNet) | Acc: 42.65%
Round 73 | Client 31 | Model: (SqueezeNet) | Acc: 26.07%
[Server] Aggregating by Dataset Name ...
[Server] Training Feature-Based Global Generator...
Mixed total 82 batches across all datasets.
[Server] Global Inference Model Acc (MNIST) (Round 73): 84.82% (Tested on 9095 samples)
[Server] Global Inference Model Acc (EMNIST) (Round 73): 70.03% (Tested on 105779 samples)
[Server] Global Inference Model Acc (CIFAR10) (Round 73): 3.13% (Tested on 9100 samples)
[Server] Global Inference Model Acc (Mix) (Round 73): 66.20% (Tested on 123974 samples)
Selected client ids: [0, 1, 2, 3, 4, 5, 6, 7, 8, 9, 10, 11, 12, 13, 14, 15, 16, 17, 18, 19, 20, 21, 22, 23, 24, 25, 26, 27, 28, 29]
--- Round 74 ---
Round 74 | Client 0 | Model: (MLP) | Acc: 11.34%
Round 74 | Client 1 | Model: (CNN) | Acc: 97.90%
Round 74 | Client 2 | Model: (ResNet8) | Acc: 99.43%
Round 74 | Client 3 | Model: (ResNet18) | Acc: 99.32%
Round 74 | Client 4 | Model: (MobileNetV2) | Acc: 97.11%
Round 74 | Client 5 | Model: (MobileNetV3) | Acc: 94.43%
Round 74 | Client 6 | Model: (LeNet) | Acc: 98.25%
Round 74 | Client 7 | Model: (AlexNet) | Acc: 12.63%
Round 74 | Client 8 | Model: (ShuffleNet) | Acc: 93.21%
Round 74 | Client 9 | Model: (SqueezeNet) | Acc: 11.37%
Round 74 | Client 11 | Model: (MLP) | Acc: 5.86%
Round 74 | Client 12 | Model: (CNN) | Acc: 56.15%
Round 74 | Client 13 | Model: (ResNet8) | Acc: 61.13%
Round 74 | Client 14 | Model: (ResNet18) | Acc: 6.49%
Round 74 | Client 15 | Model: (MobileNetV2) | Acc: 53.26%
Round 74 | Client 16 | Model: (MobileNetV3) | Acc: 47.43%
Round 74 | Client 17 | Model: (LeNet) | Acc: 5.83%
Round 74 | Client 18 | Model: (AlexNet) | Acc: 2.72%
Round 74 | Client 19 | Model: (ShuffleNet) | Acc: 53.75%
Round 74 | Client 20 | Model: (SqueezeNet) | Acc: 5.84%
Round 74 | Client 22 | Model: (MLP) | Acc: 38.49%
Round 74 | Client 23 | Model: (CNN) | Acc: 58.68%
Round 74 | Client 24 | Model: (ResNet8) | Acc: 58.14%
Round 74 | Client 25 | Model: (ResNet18) | Acc: 11.21%
Round 74 | Client 26 | Model: (MobileNetV2) | Acc: 21.93%
Round 74 | Client 27 | Model: (MobileNetV3) | Acc: 50.86%
Round 74 | Client 28 | Model: (LeNet) | Acc: 48.73%
Round 74 | Client 29 | Model: (AlexNet) | Acc: 52.54%
Round 74 | Client 30 | Model: (ShuffleNet) | Acc: 44.08%
Round 74 | Client 31 | Model: (SqueezeNet) | Acc: 24.27%
[Server] Aggregating by Dataset Name ...
[Server] Training Feature-Based Global Generator...
Mixed total 82 batches across all datasets.
[Server] Global Inference Model Acc (MNIST) (Round 74): 85.31% (Tested on 9095 samples)
[Server] Global Inference Model Acc (EMNIST) (Round 74): 69.53% (Tested on 105779 samples)
[Server] Global Inference Model Acc (CIFAR10) (Round 74): 1.08% (Tested on 9100 samples)
[Server] Global Inference Model Acc (Mix) (Round 74): 65.67% (Tested on 123974 samples)
Selected client ids: [0, 1, 2, 3, 4, 5, 6, 7, 8, 9, 10, 11, 12, 13, 14, 15, 16, 17, 18, 19, 20, 21, 22, 23, 24, 25, 26, 27, 28, 29]
--- Round 75 ---
Round 75 | Client 0 | Model: (MLP) | Acc: 11.34%
Round 75 | Client 1 | Model: (CNN) | Acc: 97.90%
Round 75 | Client 2 | Model: (ResNet8) | Acc: 99.43%
Round 75 | Client 3 | Model: (ResNet18) | Acc: 99.21%
Round 75 | Client 4 | Model: (MobileNetV2) | Acc: 96.04%
Round 75 | Client 5 | Model: (MobileNetV3) | Acc: 94.43%
Round 75 | Client 6 | Model: (LeNet) | Acc: 98.25%
Round 75 | Client 7 | Model: (AlexNet) | Acc: 12.63%
Round 75 | Client 8 | Model: (ShuffleNet) | Acc: 83.85%
Round 75 | Client 9 | Model: (SqueezeNet) | Acc: 11.15%
Round 75 | Client 11 | Model: (MLP) | Acc: 5.86%
Round 75 | Client 12 | Model: (CNN) | Acc: 57.48%
Round 75 | Client 13 | Model: (ResNet8) | Acc: 60.25%
Round 75 | Client 14 | Model: (ResNet18) | Acc: 6.49%
Round 75 | Client 15 | Model: (MobileNetV2) | Acc: 49.26%
Round 75 | Client 16 | Model: (MobileNetV3) | Acc: 48.09%
Round 75 | Client 17 | Model: (LeNet) | Acc: 5.83%
Round 75 | Client 18 | Model: (AlexNet) | Acc: 2.72%
Round 75 | Client 19 | Model: (ShuffleNet) | Acc: 55.33%
Round 75 | Client 20 | Model: (SqueezeNet) | Acc: 5.84%
Round 75 | Client 22 | Model: (MLP) | Acc: 40.53%
Round 75 | Client 23 | Model: (CNN) | Acc: 56.26%
Round 75 | Client 24 | Model: (ResNet8) | Acc: 58.03%
Round 75 | Client 25 | Model: (ResNet18) | Acc: 11.21%
Round 75 | Client 26 | Model: (MobileNetV2) | Acc: 20.46%
Round 75 | Client 27 | Model: (MobileNetV3) | Acc: 51.29%
Round 75 | Client 28 | Model: (LeNet) | Acc: 48.62%
Round 75 | Client 29 | Model: (AlexNet) | Acc: 53.08%
Round 75 | Client 30 | Model: (ShuffleNet) | Acc: 42.43%
Round 75 | Client 31 | Model: (SqueezeNet) | Acc: 24.94%
[Server] Aggregating by Dataset Name ...
[Server] Training Feature-Based Global Generator...
Mixed total 82 batches across all datasets.
[Server] Global Inference Model Acc (MNIST) (Round 75): 78.80% (Tested on 9095 samples)
[Server] Global Inference Model Acc (EMNIST) (Round 75): 67.97% (Tested on 105779 samples)
[Server] Global Inference Model Acc (CIFAR10) (Round 75): 13.12% (Tested on 9100 samples)
[Server] Global Inference Model Acc (Mix) (Round 75): 64.74% (Tested on 123974 samples)
Selected client ids: [0, 1, 2, 3, 4, 5, 6, 7, 8, 9, 10, 11, 12, 13, 14, 15, 16, 17, 18, 19, 20, 21, 22, 23, 24, 25, 26, 27, 28, 29]
--- Round 76 ---
Round 76 | Client 0 | Model: (MLP) | Acc: 11.34%
Round 76 | Client 1 | Model: (CNN) | Acc: 98.01%
Round 76 | Client 2 | Model: (ResNet8) | Acc: 99.55%
Round 76 | Client 3 | Model: (ResNet18) | Acc: 99.21%
Round 76 | Client 4 | Model: (MobileNetV2) | Acc: 97.32%
Round 76 | Client 5 | Model: (MobileNetV3) | Acc: 94.65%
Round 76 | Client 6 | Model: (LeNet) | Acc: 98.14%
Round 76 | Client 7 | Model: (AlexNet) | Acc: 12.63%
Round 76 | Client 8 | Model: (ShuffleNet) | Acc: 92.09%
Round 76 | Client 9 | Model: (SqueezeNet) | Acc: 11.37%
Round 76 | Client 11 | Model: (MLP) | Acc: 5.86%
Round 76 | Client 12 | Model: (CNN) | Acc: 56.87%
Round 76 | Client 13 | Model: (ResNet8) | Acc: 61.13%
Round 76 | Client 14 | Model: (ResNet18) | Acc: 6.49%
Round 76 | Client 15 | Model: (MobileNetV2) | Acc: 54.64%
Round 76 | Client 16 | Model: (MobileNetV3) | Acc: 47.66%
Round 76 | Client 17 | Model: (LeNet) | Acc: 5.83%
Round 76 | Client 18 | Model: (AlexNet) | Acc: 2.72%
Round 76 | Client 19 | Model: (ShuffleNet) | Acc: 55.35%
Round 76 | Client 20 | Model: (SqueezeNet) | Acc: 5.84%
Round 76 | Client 22 | Model: (MLP) | Acc: 39.09%
Round 76 | Client 23 | Model: (CNN) | Acc: 56.59%
Round 76 | Client 24 | Model: (ResNet8) | Acc: 58.99%
Round 76 | Client 25 | Model: (ResNet18) | Acc: 11.21%
Round 76 | Client 26 | Model: (MobileNetV2) | Acc: 18.47%
Round 76 | Client 27 | Model: (MobileNetV3) | Acc: 51.93%
Round 76 | Client 28 | Model: (LeNet) | Acc: 49.72%
Round 76 | Client 29 | Model: (AlexNet) | Acc: 53.51%
Round 76 | Client 30 | Model: (ShuffleNet) | Acc: 42.76%
Round 76 | Client 31 | Model: (SqueezeNet) | Acc: 25.96%
[Server] Aggregating by Dataset Name ...
[Server] Training Feature-Based Global Generator...
Mixed total 82 batches across all datasets.
[Server] Global Inference Model Acc (MNIST) (Round 76): 81.10% (Tested on 9095 samples)
[Server] Global Inference Model Acc (EMNIST) (Round 76): 68.88% (Tested on 105779 samples)
[Server] Global Inference Model Acc (CIFAR10) (Round 76): 8.47% (Tested on 9100 samples)
[Server] Global Inference Model Acc (Mix) (Round 76): 65.35% (Tested on 123974 samples)
Selected client ids: [0, 1, 2, 3, 4, 5, 6, 7, 8, 9, 10, 11, 12, 13, 14, 15, 16, 17, 18, 19, 20, 21, 22, 23, 24, 25, 26, 27, 28, 29]
--- Round 77 ---
Round 77 | Client 0 | Model: (MLP) | Acc: 11.34%
Round 77 | Client 1 | Model: (CNN) | Acc: 97.90%
Round 77 | Client 2 | Model: (ResNet8) | Acc: 99.32%
Round 77 | Client 3 | Model: (ResNet18) | Acc: 99.43%
Round 77 | Client 4 | Model: (MobileNetV2) | Acc: 97.32%
Round 77 | Client 5 | Model: (MobileNetV3) | Acc: 94.43%
Round 77 | Client 6 | Model: (LeNet) | Acc: 98.25%
Round 77 | Client 7 | Model: (AlexNet) | Acc: 12.63%
Round 77 | Client 8 | Model: (ShuffleNet) | Acc: 92.32%
Round 77 | Client 9 | Model: (SqueezeNet) | Acc: 11.04%
Round 77 | Client 11 | Model: (MLP) | Acc: 5.86%
Round 77 | Client 12 | Model: (CNN) | Acc: 56.19%
Round 77 | Client 13 | Model: (ResNet8) | Acc: 60.96%
Round 77 | Client 14 | Model: (ResNet18) | Acc: 6.49%
Round 77 | Client 15 | Model: (MobileNetV2) | Acc: 47.45%
Round 77 | Client 16 | Model: (MobileNetV3) | Acc: 49.17%
Round 77 | Client 17 | Model: (LeNet) | Acc: 5.83%
Round 77 | Client 18 | Model: (AlexNet) | Acc: 2.86%
Round 77 | Client 19 | Model: (ShuffleNet) | Acc: 54.23%
Round 77 | Client 20 | Model: (SqueezeNet) | Acc: 5.84%
Round 77 | Client 22 | Model: (MLP) | Acc: 39.81%
Round 77 | Client 23 | Model: (CNN) | Acc: 58.24%
Round 77 | Client 24 | Model: (ResNet8) | Acc: 58.89%
Round 77 | Client 25 | Model: (ResNet18) | Acc: 11.21%
Round 77 | Client 26 | Model: (MobileNetV2) | Acc: 17.00%
Round 77 | Client 27 | Model: (MobileNetV3) | Acc: 51.50%
Round 77 | Client 28 | Model: (LeNet) | Acc: 50.06%
Round 77 | Client 29 | Model: (AlexNet) | Acc: 52.22%
Round 77 | Client 30 | Model: (ShuffleNet) | Acc: 38.05%
Round 77 | Client 31 | Model: (SqueezeNet) | Acc: 25.39%
[Server] Aggregating by Dataset Name ...
[Server] Training Feature-Based Global Generator...
Mixed total 82 batches across all datasets.
[Server] Global Inference Model Acc (MNIST) (Round 77): 81.95% (Tested on 9095 samples)
[Server] Global Inference Model Acc (EMNIST) (Round 77): 68.90% (Tested on 105779 samples)
[Server] Global Inference Model Acc (CIFAR10) (Round 77): 4.25% (Tested on 9100 samples)
[Server] Global Inference Model Acc (Mix) (Round 77): 65.12% (Tested on 123974 samples)
Selected client ids: [0, 1, 2, 3, 4, 5, 6, 7, 8, 9, 10, 11, 12, 13, 14, 15, 16, 17, 18, 19, 20, 21, 22, 23, 24, 25, 26, 27, 28, 29]
--- Round 78 ---
Round 78 | Client 0 | Model: (MLP) | Acc: 11.34%
Round 78 | Client 1 | Model: (CNN) | Acc: 98.34%
Round 78 | Client 2 | Model: (ResNet8) | Acc: 99.09%
Round 78 | Client 3 | Model: (ResNet18) | Acc: 99.10%
Round 78 | Client 4 | Model: (MobileNetV2) | Acc: 97.22%
Round 78 | Client 5 | Model: (MobileNetV3) | Acc: 94.76%
Round 78 | Client 6 | Model: (LeNet) | Acc: 98.47%
Round 78 | Client 7 | Model: (AlexNet) | Acc: 12.63%
Round 78 | Client 8 | Model: (ShuffleNet) | Acc: 92.09%
Round 78 | Client 9 | Model: (SqueezeNet) | Acc: 8.74%
Round 78 | Client 11 | Model: (MLP) | Acc: 5.86%
Round 78 | Client 12 | Model: (CNN) | Acc: 56.19%
Round 78 | Client 13 | Model: (ResNet8) | Acc: 60.41%
Round 78 | Client 14 | Model: (ResNet18) | Acc: 6.49%
Round 78 | Client 15 | Model: (MobileNetV2) | Acc: 49.60%
Round 78 | Client 16 | Model: (MobileNetV3) | Acc: 47.14%
Round 78 | Client 17 | Model: (LeNet) | Acc: 5.83%
Round 78 | Client 18 | Model: (AlexNet) | Acc: 2.86%
Round 78 | Client 19 | Model: (ShuffleNet) | Acc: 55.83%
Round 78 | Client 20 | Model: (SqueezeNet) | Acc: 5.84%
Round 78 | Client 22 | Model: (MLP) | Acc: 40.29%
Round 78 | Client 23 | Model: (CNN) | Acc: 58.90%
Round 78 | Client 24 | Model: (ResNet8) | Acc: 58.35%
Round 78 | Client 25 | Model: (ResNet18) | Acc: 11.21%
Round 78 | Client 26 | Model: (MobileNetV2) | Acc: 18.26%
Round 78 | Client 27 | Model: (MobileNetV3) | Acc: 51.07%
Round 78 | Client 28 | Model: (LeNet) | Acc: 47.74%
Round 78 | Client 29 | Model: (AlexNet) | Acc: 54.27%
Round 78 | Client 30 | Model: (ShuffleNet) | Acc: 41.67%
Round 78 | Client 31 | Model: (SqueezeNet) | Acc: 24.04%
[Server] Aggregating by Dataset Name ...
[Server] Training Feature-Based Global Generator...
Mixed total 82 batches across all datasets.
[Server] Global Inference Model Acc (MNIST) (Round 78): 82.03% (Tested on 9095 samples)
[Server] Global Inference Model Acc (EMNIST) (Round 78): 70.08% (Tested on 105779 samples)
[Server] Global Inference Model Acc (CIFAR10) (Round 78): 0.90% (Tested on 9100 samples)
[Server] Global Inference Model Acc (Mix) (Round 78): 65.88% (Tested on 123974 samples)
Selected client ids: [0, 1, 2, 3, 4, 5, 6, 7, 8, 9, 10, 11, 12, 13, 14, 15, 16, 17, 18, 19, 20, 21, 22, 23, 24, 25, 26, 27, 28, 29]
--- Round 79 ---
Round 79 | Client 0 | Model: (MLP) | Acc: 11.34%
Round 79 | Client 1 | Model: (CNN) | Acc: 98.12%
Round 79 | Client 2 | Model: (ResNet8) | Acc: 99.55%
Round 79 | Client 3 | Model: (ResNet18) | Acc: 99.43%
Round 79 | Client 4 | Model: (MobileNetV2) | Acc: 97.43%
Round 79 | Client 5 | Model: (MobileNetV3) | Acc: 94.09%
Round 79 | Client 6 | Model: (LeNet) | Acc: 98.25%
Round 79 | Client 7 | Model: (AlexNet) | Acc: 12.63%
Round 79 | Client 8 | Model: (ShuffleNet) | Acc: 90.98%
Round 79 | Client 9 | Model: (SqueezeNet) | Acc: 10.27%
Round 79 | Client 11 | Model: (MLP) | Acc: 5.86%
Round 79 | Client 12 | Model: (CNN) | Acc: 57.28%
Round 79 | Client 13 | Model: (ResNet8) | Acc: 60.74%
Round 79 | Client 14 | Model: (ResNet18) | Acc: 6.49%
Round 79 | Client 15 | Model: (MobileNetV2) | Acc: 47.43%
Round 79 | Client 16 | Model: (MobileNetV3) | Acc: 47.31%
Round 79 | Client 17 | Model: (LeNet) | Acc: 5.83%
Round 79 | Client 18 | Model: (AlexNet) | Acc: 3.27%
Round 79 | Client 19 | Model: (ShuffleNet) | Acc: 54.61%
Round 79 | Client 20 | Model: (SqueezeNet) | Acc: 5.79%
Round 79 | Client 22 | Model: (MLP) | Acc: 40.65%
Round 79 | Client 23 | Model: (CNN) | Acc: 57.03%
Round 79 | Client 24 | Model: (ResNet8) | Acc: 60.06%
Round 79 | Client 25 | Model: (ResNet18) | Acc: 11.21%
Round 79 | Client 26 | Model: (MobileNetV2) | Acc: 17.00%
Round 79 | Client 27 | Model: (MobileNetV3) | Acc: 51.39%
Round 79 | Client 28 | Model: (LeNet) | Acc: 48.51%
Round 79 | Client 29 | Model: (AlexNet) | Acc: 52.00%
Round 79 | Client 30 | Model: (ShuffleNet) | Acc: 42.65%
Round 79 | Client 31 | Model: (SqueezeNet) | Acc: 25.62%
[Server] Aggregating by Dataset Name ...
[Server] Training Feature-Based Global Generator...
Mixed total 82 batches across all datasets.
[Server] Global Inference Model Acc (MNIST) (Round 79): 78.67% (Tested on 9095 samples)
[Server] Global Inference Model Acc (EMNIST) (Round 79): 66.55% (Tested on 105779 samples)
[Server] Global Inference Model Acc (CIFAR10) (Round 79): 6.79% (Tested on 9100 samples)
[Server] Global Inference Model Acc (Mix) (Round 79): 63.05% (Tested on 123974 samples)
Selected client ids: [0, 1, 2, 3, 4, 5, 6, 7, 8, 9, 10, 11, 12, 13, 14, 15, 16, 17, 18, 19, 20, 21, 22, 23, 24, 25, 26, 27, 28, 29]
--- Round 80 ---
Round 80 | Client 0 | Model: (MLP) | Acc: 11.34%
Round 80 | Client 1 | Model: (CNN) | Acc: 97.90%
Round 80 | Client 2 | Model: (ResNet8) | Acc: 99.43%
Round 80 | Client 3 | Model: (ResNet18) | Acc: 99.21%
Round 80 | Client 4 | Model: (MobileNetV2) | Acc: 97.64%
Round 80 | Client 5 | Model: (MobileNetV3) | Acc: 94.87%
Round 80 | Client 6 | Model: (LeNet) | Acc: 97.81%
Round 80 | Client 7 | Model: (AlexNet) | Acc: 12.63%
Round 80 | Client 8 | Model: (ShuffleNet) | Acc: 94.32%
Round 80 | Client 9 | Model: (SqueezeNet) | Acc: 9.73%
Round 80 | Client 11 | Model: (MLP) | Acc: 5.86%
Round 80 | Client 12 | Model: (CNN) | Acc: 55.98%
Round 80 | Client 13 | Model: (ResNet8) | Acc: 60.91%
Round 80 | Client 14 | Model: (ResNet18) | Acc: 6.49%
Round 80 | Client 15 | Model: (MobileNetV2) | Acc: 43.73%
Round 80 | Client 16 | Model: (MobileNetV3) | Acc: 46.70%
Round 80 | Client 17 | Model: (LeNet) | Acc: 5.83%
Round 80 | Client 18 | Model: (AlexNet) | Acc: 3.27%
Round 80 | Client 19 | Model: (ShuffleNet) | Acc: 57.96%
Round 80 | Client 20 | Model: (SqueezeNet) | Acc: 5.79%
Round 80 | Client 22 | Model: (MLP) | Acc: 40.41%
Round 80 | Client 23 | Model: (CNN) | Acc: 58.79%
Round 80 | Client 24 | Model: (ResNet8) | Acc: 58.14%
Round 80 | Client 25 | Model: (ResNet18) | Acc: 11.21%
Round 80 | Client 26 | Model: (MobileNetV2) | Acc: 22.14%
Round 80 | Client 27 | Model: (MobileNetV3) | Acc: 51.39%
Round 80 | Client 28 | Model: (LeNet) | Acc: 45.65%
Round 80 | Client 29 | Model: (AlexNet) | Acc: 54.05%
Round 80 | Client 30 | Model: (ShuffleNet) | Acc: 41.89%
Round 80 | Client 31 | Model: (SqueezeNet) | Acc: 23.37%
[Server] Aggregating by Dataset Name ...
[Server] Training Feature-Based Global Generator...
Mixed total 82 batches across all datasets.
[Server] Global Inference Model Acc (MNIST) (Round 80): 81.84% (Tested on 9095 samples)
[Server] Global Inference Model Acc (EMNIST) (Round 80): 70.05% (Tested on 105779 samples)
[Server] Global Inference Model Acc (CIFAR10) (Round 80): 1.76% (Tested on 9100 samples)
[Server] Global Inference Model Acc (Mix) (Round 80): 65.90% (Tested on 123974 samples)
Selected client ids: [0, 1, 2, 3, 4, 5, 6, 7, 8, 9, 10, 11, 12, 13, 14, 15, 16, 17, 18, 19, 20, 21, 22, 23, 24, 25, 26, 27, 28, 29]
--- Round 81 ---
Round 81 | Client 0 | Model: (MLP) | Acc: 11.34%
Round 81 | Client 1 | Model: (CNN) | Acc: 98.12%
Round 81 | Client 2 | Model: (ResNet8) | Acc: 99.32%
Round 81 | Client 3 | Model: (ResNet18) | Acc: 99.32%
Round 81 | Client 4 | Model: (MobileNetV2) | Acc: 98.39%
Round 81 | Client 5 | Model: (MobileNetV3) | Acc: 94.09%
Round 81 | Client 6 | Model: (LeNet) | Acc: 97.70%
Round 81 | Client 7 | Model: (AlexNet) | Acc: 12.63%
Round 81 | Client 8 | Model: (ShuffleNet) | Acc: 94.77%
Round 81 | Client 9 | Model: (SqueezeNet) | Acc: 9.73%
Round 81 | Client 11 | Model: (MLP) | Acc: 5.86%
Round 81 | Client 12 | Model: (CNN) | Acc: 57.70%
Round 81 | Client 13 | Model: (ResNet8) | Acc: 60.69%
Round 81 | Client 14 | Model: (ResNet18) | Acc: 6.49%
Round 81 | Client 15 | Model: (MobileNetV2) | Acc: 43.55%
Round 81 | Client 16 | Model: (MobileNetV3) | Acc: 47.32%
Round 81 | Client 17 | Model: (LeNet) | Acc: 5.83%
Round 81 | Client 18 | Model: (AlexNet) | Acc: 2.86%
Round 81 | Client 19 | Model: (ShuffleNet) | Acc: 55.80%
Round 81 | Client 20 | Model: (SqueezeNet) | Acc: 5.79%
Round 81 | Client 22 | Model: (MLP) | Acc: 40.53%
Round 81 | Client 23 | Model: (CNN) | Acc: 57.91%
Round 81 | Client 24 | Model: (ResNet8) | Acc: 58.78%
Round 81 | Client 25 | Model: (ResNet18) | Acc: 11.21%
Round 81 | Client 26 | Model: (MobileNetV2) | Acc: 20.78%
Round 81 | Client 27 | Model: (MobileNetV3) | Acc: 51.50%
Round 81 | Client 28 | Model: (LeNet) | Acc: 48.51%
Round 81 | Client 29 | Model: (AlexNet) | Acc: 53.08%
Round 81 | Client 30 | Model: (ShuffleNet) | Acc: 42.43%
Round 81 | Client 31 | Model: (SqueezeNet) | Acc: 25.17%
[Server] Aggregating by Dataset Name ...
[Server] Training Feature-Based Global Generator...
Mixed total 82 batches across all datasets.
[Server] Global Inference Model Acc (MNIST) (Round 81): 85.99% (Tested on 9095 samples)
[Server] Global Inference Model Acc (EMNIST) (Round 81): 70.25% (Tested on 105779 samples)
[Server] Global Inference Model Acc (CIFAR10) (Round 81): 2.92% (Tested on 9100 samples)
[Server] Global Inference Model Acc (Mix) (Round 81): 66.46% (Tested on 123974 samples)
Selected client ids: [0, 1, 2, 3, 4, 5, 6, 7, 8, 9, 10, 11, 12, 13, 14, 15, 16, 17, 18, 19, 20, 21, 22, 23, 24, 25, 26, 27, 28, 29]
--- Round 82 ---
Round 82 | Client 0 | Model: (MLP) | Acc: 11.34%
Round 82 | Client 1 | Model: (CNN) | Acc: 97.67%
Round 82 | Client 2 | Model: (ResNet8) | Acc: 99.43%
Round 82 | Client 3 | Model: (ResNet18) | Acc: 99.21%
Round 82 | Client 4 | Model: (MobileNetV2) | Acc: 97.11%
Round 82 | Client 5 | Model: (MobileNetV3) | Acc: 94.09%
Round 82 | Client 6 | Model: (LeNet) | Acc: 97.16%
Round 82 | Client 7 | Model: (AlexNet) | Acc: 12.63%
Round 82 | Client 8 | Model: (ShuffleNet) | Acc: 95.32%
Round 82 | Client 9 | Model: (SqueezeNet) | Acc: 11.37%
Round 82 | Client 11 | Model: (MLP) | Acc: 5.86%
Round 82 | Client 12 | Model: (CNN) | Acc: 55.90%
Round 82 | Client 13 | Model: (ResNet8) | Acc: 61.40%
Round 82 | Client 14 | Model: (ResNet18) | Acc: 6.49%
Round 82 | Client 15 | Model: (MobileNetV2) | Acc: 54.34%
Round 82 | Client 16 | Model: (MobileNetV3) | Acc: 47.85%
Round 82 | Client 17 | Model: (LeNet) | Acc: 5.83%
Round 82 | Client 18 | Model: (AlexNet) | Acc: 2.86%
Round 82 | Client 19 | Model: (ShuffleNet) | Acc: 54.87%
Round 82 | Client 20 | Model: (SqueezeNet) | Acc: 5.79%
Round 82 | Client 22 | Model: (MLP) | Acc: 39.81%
Round 82 | Client 23 | Model: (CNN) | Acc: 60.11%
Round 82 | Client 24 | Model: (ResNet8) | Acc: 58.78%
Round 82 | Client 25 | Model: (ResNet18) | Acc: 11.21%
Round 82 | Client 26 | Model: (MobileNetV2) | Acc: 23.71%
Round 82 | Client 27 | Model: (MobileNetV3) | Acc: 52.36%
Round 82 | Client 28 | Model: (LeNet) | Acc: 47.52%
Round 82 | Client 29 | Model: (AlexNet) | Acc: 52.65%
Round 82 | Client 30 | Model: (ShuffleNet) | Acc: 42.65%
Round 82 | Client 31 | Model: (SqueezeNet) | Acc: 25.06%
[Server] Aggregating by Dataset Name ...
[Server] Training Feature-Based Global Generator...
Mixed total 82 batches across all datasets.
[Server] Global Inference Model Acc (MNIST) (Round 82): 84.93% (Tested on 9095 samples)
[Server] Global Inference Model Acc (EMNIST) (Round 82): 69.52% (Tested on 105779 samples)
[Server] Global Inference Model Acc (CIFAR10) (Round 82): 3.41% (Tested on 9100 samples)
[Server] Global Inference Model Acc (Mix) (Round 82): 65.80% (Tested on 123974 samples)
Selected client ids: [0, 1, 2, 3, 4, 5, 6, 7, 8, 9, 10, 11, 12, 13, 14, 15, 16, 17, 18, 19, 20, 21, 22, 23, 24, 25, 26, 27, 28, 29]
--- Round 83 ---
Round 83 | Client 0 | Model: (MLP) | Acc: 11.34%
Round 83 | Client 1 | Model: (CNN) | Acc: 97.67%
Round 83 | Client 2 | Model: (ResNet8) | Acc: 99.43%
Round 83 | Client 3 | Model: (ResNet18) | Acc: 99.10%
Round 83 | Client 4 | Model: (MobileNetV2) | Acc: 94.65%
Round 83 | Client 5 | Model: (MobileNetV3) | Acc: 94.98%
Round 83 | Client 6 | Model: (LeNet) | Acc: 98.14%
Round 83 | Client 7 | Model: (AlexNet) | Acc: 12.63%
Round 83 | Client 8 | Model: (ShuffleNet) | Acc: 94.32%
Round 83 | Client 9 | Model: (SqueezeNet) | Acc: 11.04%
Round 83 | Client 11 | Model: (MLP) | Acc: 5.86%
Round 83 | Client 12 | Model: (CNN) | Acc: 56.96%
Round 83 | Client 13 | Model: (ResNet8) | Acc: 61.26%
Round 83 | Client 14 | Model: (ResNet18) | Acc: 6.49%
Round 83 | Client 15 | Model: (MobileNetV2) | Acc: 31.39%
Round 83 | Client 16 | Model: (MobileNetV3) | Acc: 48.32%
Round 83 | Client 17 | Model: (LeNet) | Acc: 5.83%
Round 83 | Client 18 | Model: (AlexNet) | Acc: 2.86%
Round 83 | Client 19 | Model: (ShuffleNet) | Acc: 52.02%
Round 83 | Client 20 | Model: (SqueezeNet) | Acc: 5.79%
Round 83 | Client 22 | Model: (MLP) | Acc: 38.73%
Round 83 | Client 23 | Model: (CNN) | Acc: 58.24%
Round 83 | Client 24 | Model: (ResNet8) | Acc: 59.74%
Round 83 | Client 25 | Model: (ResNet18) | Acc: 11.21%
Round 83 | Client 26 | Model: (MobileNetV2) | Acc: 22.77%
Round 83 | Client 27 | Model: (MobileNetV3) | Acc: 50.86%
Round 83 | Client 28 | Model: (LeNet) | Acc: 48.29%
Round 83 | Client 29 | Model: (AlexNet) | Acc: 48.97%
Round 83 | Client 30 | Model: (ShuffleNet) | Acc: 42.11%
Round 83 | Client 31 | Model: (SqueezeNet) | Acc: 26.18%
[Server] Aggregating by Dataset Name ...
[Server] Training Feature-Based Global Generator...
Mixed total 82 batches across all datasets.
[Server] Global Inference Model Acc (MNIST) (Round 83): 83.84% (Tested on 9095 samples)
[Server] Global Inference Model Acc (EMNIST) (Round 83): 67.70% (Tested on 105779 samples)
[Server] Global Inference Model Acc (CIFAR10) (Round 83): 2.98% (Tested on 9100 samples)
[Server] Global Inference Model Acc (Mix) (Round 83): 64.14% (Tested on 123974 samples)
Selected client ids: [0, 1, 2, 3, 4, 5, 6, 7, 8, 9, 10, 11, 12, 13, 14, 15, 16, 17, 18, 19, 20, 21, 22, 23, 24, 25, 26, 27, 28, 29]
--- Round 84 ---
Round 84 | Client 0 | Model: (MLP) | Acc: 11.34%
Round 84 | Client 1 | Model: (CNN) | Acc: 97.90%
Round 84 | Client 2 | Model: (ResNet8) | Acc: 99.43%
Round 84 | Client 3 | Model: (ResNet18) | Acc: 99.32%
Round 84 | Client 4 | Model: (MobileNetV2) | Acc: 97.43%
Round 84 | Client 5 | Model: (MobileNetV3) | Acc: 94.98%
Round 84 | Client 6 | Model: (LeNet) | Acc: 98.14%
Round 84 | Client 7 | Model: (AlexNet) | Acc: 12.63%
Round 84 | Client 8 | Model: (ShuffleNet) | Acc: 93.21%
Round 84 | Client 9 | Model: (SqueezeNet) | Acc: 10.16%
Round 84 | Client 11 | Model: (MLP) | Acc: 5.86%
Round 84 | Client 12 | Model: (CNN) | Acc: 57.06%
Round 84 | Client 13 | Model: (ResNet8) | Acc: 60.83%
Round 84 | Client 14 | Model: (ResNet18) | Acc: 6.49%
Round 84 | Client 15 | Model: (MobileNetV2) | Acc: 44.69%
Round 84 | Client 16 | Model: (MobileNetV3) | Acc: 47.56%
Round 84 | Client 17 | Model: (LeNet) | Acc: 5.83%
Round 84 | Client 18 | Model: (AlexNet) | Acc: 3.27%
Round 84 | Client 19 | Model: (ShuffleNet) | Acc: 54.93%
Round 84 | Client 20 | Model: (SqueezeNet) | Acc: 5.79%
Round 84 | Client 22 | Model: (MLP) | Acc: 42.09%
Round 84 | Client 23 | Model: (CNN) | Acc: 59.12%
Round 84 | Client 24 | Model: (ResNet8) | Acc: 59.21%
Round 84 | Client 25 | Model: (ResNet18) | Acc: 11.21%
Round 84 | Client 26 | Model: (MobileNetV2) | Acc: 21.93%
Round 84 | Client 27 | Model: (MobileNetV3) | Acc: 51.82%
Round 84 | Client 28 | Model: (LeNet) | Acc: 48.51%
Round 84 | Client 29 | Model: (AlexNet) | Acc: 50.27%
Round 84 | Client 30 | Model: (ShuffleNet) | Acc: 40.13%
Round 84 | Client 31 | Model: (SqueezeNet) | Acc: 24.83%
[Server] Aggregating by Dataset Name ...
[Server] Training Feature-Based Global Generator...
Mixed total 82 batches across all datasets.
[Server] Global Inference Model Acc (MNIST) (Round 84): 79.76% (Tested on 9095 samples)
[Server] Global Inference Model Acc (EMNIST) (Round 84): 63.67% (Tested on 105779 samples)
[Server] Global Inference Model Acc (CIFAR10) (Round 84): 2.98% (Tested on 9100 samples)
[Server] Global Inference Model Acc (Mix) (Round 84): 60.40% (Tested on 123974 samples)
Selected client ids: [0, 1, 2, 3, 4, 5, 6, 7, 8, 9, 10, 11, 12, 13, 14, 15, 16, 17, 18, 19, 20, 21, 22, 23, 24, 25, 26, 27, 28, 29]
--- Round 85 ---
Round 85 | Client 0 | Model: (MLP) | Acc: 11.34%
Round 85 | Client 1 | Model: (CNN) | Acc: 98.12%
Round 85 | Client 2 | Model: (ResNet8) | Acc: 99.43%
Round 85 | Client 3 | Model: (ResNet18) | Acc: 99.10%
Round 85 | Client 4 | Model: (MobileNetV2) | Acc: 97.54%
Round 85 | Client 5 | Model: (MobileNetV3) | Acc: 93.98%
Round 85 | Client 6 | Model: (LeNet) | Acc: 98.14%
Round 85 | Client 7 | Model: (AlexNet) | Acc: 12.63%
Round 85 | Client 8 | Model: (ShuffleNet) | Acc: 95.55%
Round 85 | Client 9 | Model: (SqueezeNet) | Acc: 9.73%
Round 85 | Client 11 | Model: (MLP) | Acc: 5.86%
Round 85 | Client 12 | Model: (CNN) | Acc: 55.69%
Round 85 | Client 13 | Model: (ResNet8) | Acc: 60.76%
Round 85 | Client 14 | Model: (ResNet18) | Acc: 6.49%
Round 85 | Client 15 | Model: (MobileNetV2) | Acc: 39.59%
Round 85 | Client 16 | Model: (MobileNetV3) | Acc: 48.10%
Round 85 | Client 17 | Model: (LeNet) | Acc: 5.83%
Round 85 | Client 18 | Model: (AlexNet) | Acc: 3.27%
Round 85 | Client 19 | Model: (ShuffleNet) | Acc: 54.71%
Round 85 | Client 20 | Model: (SqueezeNet) | Acc: 5.79%
Round 85 | Client 22 | Model: (MLP) | Acc: 40.05%
Round 85 | Client 23 | Model: (CNN) | Acc: 59.45%
Round 85 | Client 24 | Model: (ResNet8) | Acc: 58.14%
Round 85 | Client 25 | Model: (ResNet18) | Acc: 11.21%
Round 85 | Client 26 | Model: (MobileNetV2) | Acc: 22.98%
Round 85 | Client 27 | Model: (MobileNetV3) | Acc: 51.82%
Round 85 | Client 28 | Model: (LeNet) | Acc: 49.17%
Round 85 | Client 29 | Model: (AlexNet) | Acc: 50.27%
Round 85 | Client 30 | Model: (ShuffleNet) | Acc: 41.67%
Round 85 | Client 31 | Model: (SqueezeNet) | Acc: 26.07%
[Server] Aggregating by Dataset Name ...
[Server] Training Feature-Based Global Generator...
Mixed total 82 batches across all datasets.
[Server] Global Inference Model Acc (MNIST) (Round 85): 81.13% (Tested on 9095 samples)
[Server] Global Inference Model Acc (EMNIST) (Round 85): 66.94% (Tested on 105779 samples)
[Server] Global Inference Model Acc (CIFAR10) (Round 85): 7.58% (Tested on 9100 samples)
[Server] Global Inference Model Acc (Mix) (Round 85): 63.62% (Tested on 123974 samples)
Selected client ids: [0, 1, 2, 3, 4, 5, 6, 7, 8, 9, 10, 11, 12, 13, 14, 15, 16, 17, 18, 19, 20, 21, 22, 23, 24, 25, 26, 27, 28, 29]
--- Round 86 ---
Round 86 | Client 0 | Model: (MLP) | Acc: 11.34%
Round 86 | Client 1 | Model: (CNN) | Acc: 98.23%
Round 86 | Client 2 | Model: (ResNet8) | Acc: 99.21%
Round 86 | Client 3 | Model: (ResNet18) | Acc: 99.21%
Round 86 | Client 4 | Model: (MobileNetV2) | Acc: 97.64%
Round 86 | Client 5 | Model: (MobileNetV3) | Acc: 95.21%
Round 86 | Client 6 | Model: (LeNet) | Acc: 98.03%
Round 86 | Client 7 | Model: (AlexNet) | Acc: 12.63%
Round 86 | Client 8 | Model: (ShuffleNet) | Acc: 94.65%
Round 86 | Client 9 | Model: (SqueezeNet) | Acc: 11.37%
Round 86 | Client 11 | Model: (MLP) | Acc: 5.86%
Round 86 | Client 12 | Model: (CNN) | Acc: 56.36%
Round 86 | Client 13 | Model: (ResNet8) | Acc: 60.76%
Round 86 | Client 14 | Model: (ResNet18) | Acc: 6.49%
Round 86 | Client 15 | Model: (MobileNetV2) | Acc: 50.49%
Round 86 | Client 16 | Model: (MobileNetV3) | Acc: 48.37%
Round 86 | Client 17 | Model: (LeNet) | Acc: 5.83%
Round 86 | Client 18 | Model: (AlexNet) | Acc: 2.86%
Round 86 | Client 19 | Model: (ShuffleNet) | Acc: 53.41%
Round 86 | Client 20 | Model: (SqueezeNet) | Acc: 5.79%
Round 86 | Client 22 | Model: (MLP) | Acc: 40.53%
Round 86 | Client 23 | Model: (CNN) | Acc: 60.22%
Round 86 | Client 24 | Model: (ResNet8) | Acc: 59.31%
Round 86 | Client 25 | Model: (ResNet18) | Acc: 11.21%
Round 86 | Client 26 | Model: (MobileNetV2) | Acc: 21.93%
Round 86 | Client 27 | Model: (MobileNetV3) | Acc: 52.15%
Round 86 | Client 28 | Model: (LeNet) | Acc: 48.62%
Round 86 | Client 29 | Model: (AlexNet) | Acc: 49.51%
Round 86 | Client 30 | Model: (ShuffleNet) | Acc: 42.11%
Round 86 | Client 31 | Model: (SqueezeNet) | Acc: 23.93%
[Server] Aggregating by Dataset Name ...
[Server] Training Feature-Based Global Generator...
Mixed total 82 batches across all datasets.
[Server] Global Inference Model Acc (MNIST) (Round 86): 83.36% (Tested on 9095 samples)
[Server] Global Inference Model Acc (EMNIST) (Round 86): 69.07% (Tested on 105779 samples)
[Server] Global Inference Model Acc (CIFAR10) (Round 86): 3.44% (Tested on 9100 samples)
[Server] Global Inference Model Acc (Mix) (Round 86): 65.30% (Tested on 123974 samples)
Selected client ids: [0, 1, 2, 3, 4, 5, 6, 7, 8, 9, 10, 11, 12, 13, 14, 15, 16, 17, 18, 19, 20, 21, 22, 23, 24, 25, 26, 27, 28, 29]
--- Round 87 ---
Round 87 | Client 0 | Model: (MLP) | Acc: 11.34%
Round 87 | Client 1 | Model: (CNN) | Acc: 98.12%
Round 87 | Client 2 | Model: (ResNet8) | Acc: 99.32%
Round 87 | Client 3 | Model: (ResNet18) | Acc: 99.21%
Round 87 | Client 4 | Model: (MobileNetV2) | Acc: 97.22%
Round 87 | Client 5 | Model: (MobileNetV3) | Acc: 95.09%
Round 87 | Client 6 | Model: (LeNet) | Acc: 98.25%
Round 87 | Client 7 | Model: (AlexNet) | Acc: 12.63%
Round 87 | Client 8 | Model: (ShuffleNet) | Acc: 95.66%
Round 87 | Client 9 | Model: (SqueezeNet) | Acc: 11.15%
Round 87 | Client 11 | Model: (MLP) | Acc: 5.86%
Round 87 | Client 12 | Model: (CNN) | Acc: 58.41%
Round 87 | Client 13 | Model: (ResNet8) | Acc: 60.21%
Round 87 | Client 14 | Model: (ResNet18) | Acc: 6.49%
Round 87 | Client 15 | Model: (MobileNetV2) | Acc: 35.59%
Round 87 | Client 16 | Model: (MobileNetV3) | Acc: 48.65%
Round 87 | Client 17 | Model: (LeNet) | Acc: 5.83%
Round 87 | Client 18 | Model: (AlexNet) | Acc: 2.86%
Round 87 | Client 19 | Model: (ShuffleNet) | Acc: 55.59%
Round 87 | Client 20 | Model: (SqueezeNet) | Acc: 5.79%
Round 87 | Client 22 | Model: (MLP) | Acc: 38.73%
Round 87 | Client 23 | Model: (CNN) | Acc: 58.02%
Round 87 | Client 24 | Model: (ResNet8) | Acc: 59.64%
Round 87 | Client 25 | Model: (ResNet18) | Acc: 11.21%
Round 87 | Client 26 | Model: (MobileNetV2) | Acc: 22.56%
Round 87 | Client 27 | Model: (MobileNetV3) | Acc: 52.25%
Round 87 | Client 28 | Model: (LeNet) | Acc: 48.84%
Round 87 | Client 29 | Model: (AlexNet) | Acc: 48.22%
Round 87 | Client 30 | Model: (ShuffleNet) | Acc: 42.98%
Round 87 | Client 31 | Model: (SqueezeNet) | Acc: 25.96%
[Server] Aggregating by Dataset Name ...
[Server] Training Feature-Based Global Generator...
Mixed total 82 batches across all datasets.
[Server] Global Inference Model Acc (MNIST) (Round 87): 75.87% (Tested on 9095 samples)
[Server] Global Inference Model Acc (EMNIST) (Round 87): 63.68% (Tested on 105779 samples)
[Server] Global Inference Model Acc (CIFAR10) (Round 87): 7.87% (Tested on 9100 samples)
[Server] Global Inference Model Acc (Mix) (Round 87): 60.48% (Tested on 123974 samples)
Selected client ids: [0, 1, 2, 3, 4, 5, 6, 7, 8, 9, 10, 11, 12, 13, 14, 15, 16, 17, 18, 19, 20, 21, 22, 23, 24, 25, 26, 27, 28, 29]
--- Round 88 ---
Round 88 | Client 0 | Model: (MLP) | Acc: 11.34%
Round 88 | Client 1 | Model: (CNN) | Acc: 97.90%
Round 88 | Client 2 | Model: (ResNet8) | Acc: 99.32%
Round 88 | Client 3 | Model: (ResNet18) | Acc: 99.32%
Round 88 | Client 4 | Model: (MobileNetV2) | Acc: 96.79%
Round 88 | Client 5 | Model: (MobileNetV3) | Acc: 94.98%
Round 88 | Client 6 | Model: (LeNet) | Acc: 98.25%
Round 88 | Client 7 | Model: (AlexNet) | Acc: 12.63%
Round 88 | Client 8 | Model: (ShuffleNet) | Acc: 94.99%
Round 88 | Client 9 | Model: (SqueezeNet) | Acc: 11.04%
Round 88 | Client 11 | Model: (MLP) | Acc: 5.86%
Round 88 | Client 12 | Model: (CNN) | Acc: 57.80%
Round 88 | Client 13 | Model: (ResNet8) | Acc: 62.03%
Round 88 | Client 14 | Model: (ResNet18) | Acc: 6.49%
Round 88 | Client 15 | Model: (MobileNetV2) | Acc: 24.75%
Round 88 | Client 16 | Model: (MobileNetV3) | Acc: 48.62%
Round 88 | Client 17 | Model: (LeNet) | Acc: 5.83%
Round 88 | Client 18 | Model: (AlexNet) | Acc: 3.27%
Round 88 | Client 19 | Model: (ShuffleNet) | Acc: 54.22%
Round 88 | Client 20 | Model: (SqueezeNet) | Acc: 5.79%
Round 88 | Client 22 | Model: (MLP) | Acc: 41.13%
Round 88 | Client 23 | Model: (CNN) | Acc: 59.78%
Round 88 | Client 24 | Model: (ResNet8) | Acc: 58.67%
Round 88 | Client 25 | Model: (ResNet18) | Acc: 11.21%
Round 88 | Client 26 | Model: (MobileNetV2) | Acc: 22.77%
Round 88 | Client 27 | Model: (MobileNetV3) | Acc: 51.61%
Round 88 | Client 28 | Model: (LeNet) | Acc: 48.18%
Round 88 | Client 29 | Model: (AlexNet) | Acc: 51.24%
Round 88 | Client 30 | Model: (ShuffleNet) | Acc: 41.67%
Round 88 | Client 31 | Model: (SqueezeNet) | Acc: 25.51%
[Server] Aggregating by Dataset Name ...
[Server] Training Feature-Based Global Generator...
Mixed total 82 batches across all datasets.
[Server] Global Inference Model Acc (MNIST) (Round 88): 82.37% (Tested on 9095 samples)
[Server] Global Inference Model Acc (EMNIST) (Round 88): 65.50% (Tested on 105779 samples)
[Server] Global Inference Model Acc (CIFAR10) (Round 88): 12.88% (Tested on 9100 samples)
[Server] Global Inference Model Acc (Mix) (Round 88): 62.87% (Tested on 123974 samples)
Selected client ids: [0, 1, 2, 3, 4, 5, 6, 7, 8, 9, 10, 11, 12, 13, 14, 15, 16, 17, 18, 19, 20, 21, 22, 23, 24, 25, 26, 27, 28, 29]
--- Round 89 ---
Round 89 | Client 0 | Model: (MLP) | Acc: 11.34%
Round 89 | Client 1 | Model: (CNN) | Acc: 97.90%
Round 89 | Client 2 | Model: (ResNet8) | Acc: 99.09%
Round 89 | Client 3 | Model: (ResNet18) | Acc: 99.21%
Round 89 | Client 4 | Model: (MobileNetV2) | Acc: 97.11%
Round 89 | Client 5 | Model: (MobileNetV3) | Acc: 94.76%
Round 89 | Client 6 | Model: (LeNet) | Acc: 98.03%
Round 89 | Client 7 | Model: (AlexNet) | Acc: 12.63%
Round 89 | Client 8 | Model: (ShuffleNet) | Acc: 95.43%
Round 89 | Client 9 | Model: (SqueezeNet) | Acc: 11.37%
Round 89 | Client 11 | Model: (MLP) | Acc: 5.86%
Round 89 | Client 12 | Model: (CNN) | Acc: 58.27%
Round 89 | Client 13 | Model: (ResNet8) | Acc: 60.90%
Round 89 | Client 14 | Model: (ResNet18) | Acc: 6.49%
Round 89 | Client 15 | Model: (MobileNetV2) | Acc: 37.43%
Round 89 | Client 16 | Model: (MobileNetV3) | Acc: 47.72%
Round 89 | Client 17 | Model: (LeNet) | Acc: 5.83%
Round 89 | Client 18 | Model: (AlexNet) | Acc: 2.86%
Round 89 | Client 19 | Model: (ShuffleNet) | Acc: 54.78%
Round 89 | Client 20 | Model: (SqueezeNet) | Acc: 5.79%
Round 89 | Client 22 | Model: (MLP) | Acc: 34.89%
Round 89 | Client 23 | Model: (CNN) | Acc: 59.45%
Round 89 | Client 24 | Model: (ResNet8) | Acc: 58.24%
Round 89 | Client 25 | Model: (ResNet18) | Acc: 11.21%
Round 89 | Client 26 | Model: (MobileNetV2) | Acc: 18.36%
Round 89 | Client 27 | Model: (MobileNetV3) | Acc: 52.25%
Round 89 | Client 28 | Model: (LeNet) | Acc: 48.51%
Round 89 | Client 29 | Model: (AlexNet) | Acc: 49.30%
Round 89 | Client 30 | Model: (ShuffleNet) | Acc: 42.98%
Round 89 | Client 31 | Model: (SqueezeNet) | Acc: 25.51%
[Server] Aggregating by Dataset Name ...
[Server] Training Feature-Based Global Generator...
Mixed total 82 batches across all datasets.
[Server] Global Inference Model Acc (MNIST) (Round 89): 80.78% (Tested on 9095 samples)
[Server] Global Inference Model Acc (EMNIST) (Round 89): 65.30% (Tested on 105779 samples)
[Server] Global Inference Model Acc (CIFAR10) (Round 89): 9.99% (Tested on 9100 samples)
[Server] Global Inference Model Acc (Mix) (Round 89): 62.37% (Tested on 123974 samples)
Selected client ids: [0, 1, 2, 3, 4, 5, 6, 7, 8, 9, 10, 11, 12, 13, 14, 15, 16, 17, 18, 19, 20, 21, 22, 23, 24, 25, 26, 27, 28, 29]
--- Round 90 ---
Round 90 | Client 0 | Model: (MLP) | Acc: 11.34%
Round 90 | Client 1 | Model: (CNN) | Acc: 97.90%
Round 90 | Client 2 | Model: (ResNet8) | Acc: 99.32%
Round 90 | Client 3 | Model: (ResNet18) | Acc: 99.10%
Round 90 | Client 4 | Model: (MobileNetV2) | Acc: 97.00%
Round 90 | Client 5 | Model: (MobileNetV3) | Acc: 94.87%
Round 90 | Client 6 | Model: (LeNet) | Acc: 98.36%
Round 90 | Client 7 | Model: (AlexNet) | Acc: 12.63%
Round 90 | Client 8 | Model: (ShuffleNet) | Acc: 95.55%
Round 90 | Client 9 | Model: (SqueezeNet) | Acc: 10.27%
Round 90 | Client 11 | Model: (MLP) | Acc: 5.86%
Round 90 | Client 12 | Model: (CNN) | Acc: 57.88%
Round 90 | Client 13 | Model: (ResNet8) | Acc: 61.76%
Round 90 | Client 14 | Model: (ResNet18) | Acc: 6.49%
Round 90 | Client 15 | Model: (MobileNetV2) | Acc: 42.50%
Round 90 | Client 16 | Model: (MobileNetV3) | Acc: 47.97%
Round 90 | Client 17 | Model: (LeNet) | Acc: 5.83%
Round 90 | Client 18 | Model: (AlexNet) | Acc: 3.27%
Round 90 | Client 19 | Model: (ShuffleNet) | Acc: 53.56%
Round 90 | Client 20 | Model: (SqueezeNet) | Acc: 5.79%
Round 90 | Client 22 | Model: (MLP) | Acc: 37.89%
Round 90 | Client 23 | Model: (CNN) | Acc: 58.35%
Round 90 | Client 24 | Model: (ResNet8) | Acc: 58.67%
Round 90 | Client 25 | Model: (ResNet18) | Acc: 11.21%
Round 90 | Client 26 | Model: (MobileNetV2) | Acc: 17.52%
Round 90 | Client 27 | Model: (MobileNetV3) | Acc: 52.58%
Round 90 | Client 28 | Model: (LeNet) | Acc: 49.28%
Round 90 | Client 29 | Model: (AlexNet) | Acc: 49.73%
Round 90 | Client 30 | Model: (ShuffleNet) | Acc: 41.78%
Round 90 | Client 31 | Model: (SqueezeNet) | Acc: 24.27%
[Server] Aggregating by Dataset Name ...
[Server] Training Feature-Based Global Generator...
Mixed total 82 batches across all datasets.
[Server] Global Inference Model Acc (MNIST) (Round 90): 81.36% (Tested on 9095 samples)
[Server] Global Inference Model Acc (EMNIST) (Round 90): 66.58% (Tested on 105779 samples)
[Server] Global Inference Model Acc (CIFAR10) (Round 90): 9.58% (Tested on 9100 samples)
[Server] Global Inference Model Acc (Mix) (Round 90): 63.48% (Tested on 123974 samples)
Selected client ids: [0, 1, 2, 3, 4, 5, 6, 7, 8, 9, 10, 11, 12, 13, 14, 15, 16, 17, 18, 19, 20, 21, 22, 23, 24, 25, 26, 27, 28, 29]
--- Round 91 ---
Round 91 | Client 0 | Model: (MLP) | Acc: 11.34%
Round 91 | Client 1 | Model: (CNN) | Acc: 98.01%
Round 91 | Client 2 | Model: (ResNet8) | Acc: 99.32%
Round 91 | Client 3 | Model: (ResNet18) | Acc: 99.10%
Round 91 | Client 4 | Model: (MobileNetV2) | Acc: 97.22%
Round 91 | Client 5 | Model: (MobileNetV3) | Acc: 94.65%
Round 91 | Client 6 | Model: (LeNet) | Acc: 98.36%
Round 91 | Client 7 | Model: (AlexNet) | Acc: 12.63%
Round 91 | Client 8 | Model: (ShuffleNet) | Acc: 92.65%
Round 91 | Client 9 | Model: (SqueezeNet) | Acc: 11.04%
Round 91 | Client 11 | Model: (MLP) | Acc: 5.86%
Round 91 | Client 12 | Model: (CNN) | Acc: 58.28%
Round 91 | Client 13 | Model: (ResNet8) | Acc: 61.29%
Round 91 | Client 14 | Model: (ResNet18) | Acc: 6.49%
Round 91 | Client 15 | Model: (MobileNetV2) | Acc: 8.31%
Round 91 | Client 16 | Model: (MobileNetV3) | Acc: 48.95%
Round 91 | Client 17 | Model: (LeNet) | Acc: 5.83%
Round 91 | Client 18 | Model: (AlexNet) | Acc: 3.27%
Round 91 | Client 19 | Model: (ShuffleNet) | Acc: 53.75%
Round 91 | Client 20 | Model: (SqueezeNet) | Acc: 5.79%
Round 91 | Client 22 | Model: (MLP) | Acc: 38.85%
Round 91 | Client 23 | Model: (CNN) | Acc: 60.77%
Round 91 | Client 24 | Model: (ResNet8) | Acc: 57.82%
Round 91 | Client 25 | Model: (ResNet18) | Acc: 11.21%
Round 91 | Client 26 | Model: (MobileNetV2) | Acc: 15.11%
Round 91 | Client 27 | Model: (MobileNetV3) | Acc: 52.58%
Round 91 | Client 28 | Model: (LeNet) | Acc: 48.84%
Round 91 | Client 29 | Model: (AlexNet) | Acc: 48.32%
Round 91 | Client 30 | Model: (ShuffleNet) | Acc: 43.97%
Round 91 | Client 31 | Model: (SqueezeNet) | Acc: 24.72%
[Server] Aggregating by Dataset Name ...
[Server] Training Feature-Based Global Generator...
Mixed total 82 batches across all datasets.
[Server] Global Inference Model Acc (MNIST) (Round 91): 80.95% (Tested on 9095 samples)
[Server] Global Inference Model Acc (EMNIST) (Round 91): 66.33% (Tested on 105779 samples)
[Server] Global Inference Model Acc (CIFAR10) (Round 91): 9.07% (Tested on 9100 samples)
[Server] Global Inference Model Acc (Mix) (Round 91): 63.20% (Tested on 123974 samples)
Selected client ids: [0, 1, 2, 3, 4, 5, 6, 7, 8, 9, 10, 11, 12, 13, 14, 15, 16, 17, 18, 19, 20, 21, 22, 23, 24, 25, 26, 27, 28, 29]
--- Round 92 ---
Round 92 | Client 0 | Model: (MLP) | Acc: 11.34%
Round 92 | Client 1 | Model: (CNN) | Acc: 97.90%
Round 92 | Client 2 | Model: (ResNet8) | Acc: 99.32%
Round 92 | Client 3 | Model: (ResNet18) | Acc: 99.10%
Round 92 | Client 4 | Model: (MobileNetV2) | Acc: 97.43%
Round 92 | Client 5 | Model: (MobileNetV3) | Acc: 94.87%
Round 92 | Client 6 | Model: (LeNet) | Acc: 98.47%
Round 92 | Client 7 | Model: (AlexNet) | Acc: 12.63%
Round 92 | Client 8 | Model: (ShuffleNet) | Acc: 93.65%
Round 92 | Client 9 | Model: (SqueezeNet) | Acc: 9.40%
Round 92 | Client 11 | Model: (MLP) | Acc: 5.86%
Round 92 | Client 12 | Model: (CNN) | Acc: 58.66%
Round 92 | Client 13 | Model: (ResNet8) | Acc: 61.99%
Round 92 | Client 14 | Model: (ResNet18) | Acc: 6.49%
Round 92 | Client 15 | Model: (MobileNetV2) | Acc: 9.91%
Round 92 | Client 16 | Model: (MobileNetV3) | Acc: 49.68%
Round 92 | Client 17 | Model: (LeNet) | Acc: 5.83%
Round 92 | Client 18 | Model: (AlexNet) | Acc: 3.27%
Round 92 | Client 19 | Model: (ShuffleNet) | Acc: 53.26%
Round 92 | Client 20 | Model: (SqueezeNet) | Acc: 5.79%
Round 92 | Client 22 | Model: (MLP) | Acc: 38.37%
Round 92 | Client 23 | Model: (CNN) | Acc: 58.02%
Round 92 | Client 24 | Model: (ResNet8) | Acc: 58.24%
Round 92 | Client 25 | Model: (ResNet18) | Acc: 11.21%
Round 92 | Client 26 | Model: (MobileNetV2) | Acc: 11.86%
Round 92 | Client 27 | Model: (MobileNetV3) | Acc: 51.93%
Round 92 | Client 28 | Model: (LeNet) | Acc: 48.07%
Round 92 | Client 29 | Model: (AlexNet) | Acc: 44.54%
Round 92 | Client 30 | Model: (ShuffleNet) | Acc: 42.43%
Round 92 | Client 31 | Model: (SqueezeNet) | Acc: 24.83%
[Server] Aggregating by Dataset Name ...
[Server] Training Feature-Based Global Generator...
Mixed total 82 batches across all datasets.
[Server] Global Inference Model Acc (MNIST) (Round 92): 82.39% (Tested on 9095 samples)
[Server] Global Inference Model Acc (EMNIST) (Round 92): 69.28% (Tested on 105779 samples)
[Server] Global Inference Model Acc (CIFAR10) (Round 92): 4.11% (Tested on 9100 samples)
[Server] Global Inference Model Acc (Mix) (Round 92): 65.45% (Tested on 123974 samples)
Selected client ids: [0, 1, 2, 3, 4, 5, 6, 7, 8, 9, 10, 11, 12, 13, 14, 15, 16, 17, 18, 19, 20, 21, 22, 23, 24, 25, 26, 27, 28, 29]
--- Round 93 ---
Round 93 | Client 0 | Model: (MLP) | Acc: 11.34%
Round 93 | Client 1 | Model: (CNN) | Acc: 98.23%
Round 93 | Client 2 | Model: (ResNet8) | Acc: 99.32%
Round 93 | Client 3 | Model: (ResNet18) | Acc: 98.98%
Round 93 | Client 4 | Model: (MobileNetV2) | Acc: 97.11%
Round 93 | Client 5 | Model: (MobileNetV3) | Acc: 94.65%
Round 93 | Client 6 | Model: (LeNet) | Acc: 98.36%
Round 93 | Client 7 | Model: (AlexNet) | Acc: 12.63%
Round 93 | Client 8 | Model: (ShuffleNet) | Acc: 92.76%
Round 93 | Client 9 | Model: (SqueezeNet) | Acc: 10.27%
Round 93 | Client 11 | Model: (MLP) | Acc: 5.86%
Round 93 | Client 12 | Model: (CNN) | Acc: 57.99%
Round 93 | Client 13 | Model: (ResNet8) | Acc: 60.84%
Round 93 | Client 14 | Model: (ResNet18) | Acc: 6.49%
Round 93 | Client 15 | Model: (MobileNetV2) | Acc: 18.16%
Round 93 | Client 16 | Model: (MobileNetV3) | Acc: 50.12%
Round 93 | Client 17 | Model: (LeNet) | Acc: 5.83%
Round 93 | Client 18 | Model: (AlexNet) | Acc: 2.72%
Round 93 | Client 19 | Model: (ShuffleNet) | Acc: 53.37%
Round 93 | Client 20 | Model: (SqueezeNet) | Acc: 5.79%
Round 93 | Client 22 | Model: (MLP) | Acc: 35.13%
Round 93 | Client 23 | Model: (CNN) | Acc: 58.68%
Round 93 | Client 24 | Model: (ResNet8) | Acc: 58.57%
Round 93 | Client 25 | Model: (ResNet18) | Acc: 11.21%
Round 93 | Client 26 | Model: (MobileNetV2) | Acc: 19.41%
Round 93 | Client 27 | Model: (MobileNetV3) | Acc: 52.25%
Round 93 | Client 28 | Model: (LeNet) | Acc: 48.07%
Round 93 | Client 29 | Model: (AlexNet) | Acc: 48.32%
Round 93 | Client 30 | Model: (ShuffleNet) | Acc: 42.00%
Round 93 | Client 31 | Model: (SqueezeNet) | Acc: 22.81%
[Server] Aggregating by Dataset Name ...
[Server] Training Feature-Based Global Generator...
Mixed total 82 batches across all datasets.
[Server] Global Inference Model Acc (MNIST) (Round 93): 84.11% (Tested on 9095 samples)
[Server] Global Inference Model Acc (EMNIST) (Round 93): 68.21% (Tested on 105779 samples)
[Server] Global Inference Model Acc (CIFAR10) (Round 93): 11.77% (Tested on 9100 samples)
[Server] Global Inference Model Acc (Mix) (Round 93): 65.24% (Tested on 123974 samples)
Selected client ids: [0, 1, 2, 3, 4, 5, 6, 7, 8, 9, 10, 11, 12, 13, 14, 15, 16, 17, 18, 19, 20, 21, 22, 23, 24, 25, 26, 27, 28, 29]
--- Round 94 ---
Round 94 | Client 0 | Model: (MLP) | Acc: 11.34%
Round 94 | Client 1 | Model: (CNN) | Acc: 98.23%
Round 94 | Client 2 | Model: (ResNet8) | Acc: 99.43%
Round 94 | Client 3 | Model: (ResNet18) | Acc: 98.87%
Round 94 | Client 4 | Model: (MobileNetV2) | Acc: 97.43%
Round 94 | Client 5 | Model: (MobileNetV3) | Acc: 95.32%
Round 94 | Client 6 | Model: (LeNet) | Acc: 98.14%
Round 94 | Client 7 | Model: (AlexNet) | Acc: 12.63%
Round 94 | Client 8 | Model: (ShuffleNet) | Acc: 95.66%
Round 94 | Client 9 | Model: (SqueezeNet) | Acc: 11.04%
Round 94 | Client 11 | Model: (MLP) | Acc: 5.86%
Round 94 | Client 12 | Model: (CNN) | Acc: 58.95%
Round 94 | Client 13 | Model: (ResNet8) | Acc: 61.07%
Round 94 | Client 14 | Model: (ResNet18) | Acc: 6.49%
Round 94 | Client 15 | Model: (MobileNetV2) | Acc: 26.40%
Round 94 | Client 16 | Model: (MobileNetV3) | Acc: 48.31%
Round 94 | Client 17 | Model: (LeNet) | Acc: 5.83%
Round 94 | Client 18 | Model: (AlexNet) | Acc: 2.86%
Round 94 | Client 19 | Model: (ShuffleNet) | Acc: 50.11%
Round 94 | Client 20 | Model: (SqueezeNet) | Acc: 5.79%
Round 94 | Client 22 | Model: (MLP) | Acc: 39.33%
Round 94 | Client 23 | Model: (CNN) | Acc: 58.24%
Round 94 | Client 24 | Model: (ResNet8) | Acc: 57.17%
Round 94 | Client 25 | Model: (ResNet18) | Acc: 11.21%
Round 94 | Client 26 | Model: (MobileNetV2) | Acc: 13.22%
Round 94 | Client 27 | Model: (MobileNetV3) | Acc: 51.39%
Round 94 | Client 28 | Model: (LeNet) | Acc: 49.94%
Round 94 | Client 29 | Model: (AlexNet) | Acc: 49.30%
Round 94 | Client 30 | Model: (ShuffleNet) | Acc: 43.64%
Round 94 | Client 31 | Model: (SqueezeNet) | Acc: 23.48%
[Server] Aggregating by Dataset Name ...
[Server] Training Feature-Based Global Generator...
Mixed total 82 batches across all datasets.
[Server] Global Inference Model Acc (MNIST) (Round 94): 82.53% (Tested on 9095 samples)
[Server] Global Inference Model Acc (EMNIST) (Round 94): 66.14% (Tested on 105779 samples)
[Server] Global Inference Model Acc (CIFAR10) (Round 94): 10.52% (Tested on 9100 samples)
[Server] Global Inference Model Acc (Mix) (Round 94): 63.26% (Tested on 123974 samples)
Selected client ids: [0, 1, 2, 3, 4, 5, 6, 7, 8, 9, 10, 11, 12, 13, 14, 15, 16, 17, 18, 19, 20, 21, 22, 23, 24, 25, 26, 27, 28, 29]
--- Round 95 ---
Round 95 | Client 0 | Model: (MLP) | Acc: 11.34%
Round 95 | Client 1 | Model: (CNN) | Acc: 96.23%
Round 95 | Client 2 | Model: (ResNet8) | Acc: 99.43%
Round 95 | Client 3 | Model: (ResNet18) | Acc: 99.21%
Round 95 | Client 4 | Model: (MobileNetV2) | Acc: 98.07%
Round 95 | Client 5 | Model: (MobileNetV3) | Acc: 95.21%
Round 95 | Client 6 | Model: (LeNet) | Acc: 98.14%
Round 95 | Client 7 | Model: (AlexNet) | Acc: 12.63%
Round 95 | Client 8 | Model: (ShuffleNet) | Acc: 95.10%
Round 95 | Client 9 | Model: (SqueezeNet) | Acc: 8.52%
Round 95 | Client 11 | Model: (MLP) | Acc: 5.86%
Round 95 | Client 12 | Model: (CNN) | Acc: 57.39%
Round 95 | Client 13 | Model: (ResNet8) | Acc: 61.57%
Round 95 | Client 14 | Model: (ResNet18) | Acc: 6.49%
Round 95 | Client 15 | Model: (MobileNetV2) | Acc: 5.03%
Round 95 | Client 16 | Model: (MobileNetV3) | Acc: 49.67%
Round 95 | Client 17 | Model: (LeNet) | Acc: 5.83%
Round 95 | Client 18 | Model: (AlexNet) | Acc: 2.86%
Round 95 | Client 19 | Model: (ShuffleNet) | Acc: 54.74%
Round 95 | Client 20 | Model: (SqueezeNet) | Acc: 5.79%
Round 95 | Client 22 | Model: (MLP) | Acc: 41.13%
Round 95 | Client 23 | Model: (CNN) | Acc: 58.02%
Round 95 | Client 24 | Model: (ResNet8) | Acc: 56.85%
Round 95 | Client 25 | Model: (ResNet18) | Acc: 11.21%
Round 95 | Client 26 | Model: (MobileNetV2) | Acc: 14.80%
Round 95 | Client 27 | Model: (MobileNetV3) | Acc: 51.93%
Round 95 | Client 28 | Model: (LeNet) | Acc: 47.74%
Round 95 | Client 29 | Model: (AlexNet) | Acc: 48.97%
Round 95 | Client 30 | Model: (ShuffleNet) | Acc: 44.63%
Round 95 | Client 31 | Model: (SqueezeNet) | Acc: 26.07%
[Server] Aggregating by Dataset Name ...
[Server] Training Feature-Based Global Generator...
Mixed total 82 batches across all datasets.
[Server] Global Inference Model Acc (MNIST) (Round 95): 85.18% (Tested on 9095 samples)
[Server] Global Inference Model Acc (EMNIST) (Round 95): 68.36% (Tested on 105779 samples)
[Server] Global Inference Model Acc (CIFAR10) (Round 95): 6.82% (Tested on 9100 samples)
[Server] Global Inference Model Acc (Mix) (Round 95): 65.08% (Tested on 123974 samples)
Selected client ids: [0, 1, 2, 3, 4, 5, 6, 7, 8, 9, 10, 11, 12, 13, 14, 15, 16, 17, 18, 19, 20, 21, 22, 23, 24, 25, 26, 27, 28, 29]
--- Round 96 ---
Round 96 | Client 0 | Model: (MLP) | Acc: 11.34%
Round 96 | Client 1 | Model: (CNN) | Acc: 97.34%
Round 96 | Client 2 | Model: (ResNet8) | Acc: 99.21%
Round 96 | Client 3 | Model: (ResNet18) | Acc: 98.42%
Round 96 | Client 4 | Model: (MobileNetV2) | Acc: 97.43%
Round 96 | Client 5 | Model: (MobileNetV3) | Acc: 94.98%
Round 96 | Client 6 | Model: (LeNet) | Acc: 98.03%
Round 96 | Client 7 | Model: (AlexNet) | Acc: 12.63%
Round 96 | Client 8 | Model: (ShuffleNet) | Acc: 90.31%
Round 96 | Client 9 | Model: (SqueezeNet) | Acc: 9.62%
Round 96 | Client 11 | Model: (MLP) | Acc: 5.86%
Round 96 | Client 12 | Model: (CNN) | Acc: 58.26%
Round 96 | Client 13 | Model: (ResNet8) | Acc: 61.99%
Round 96 | Client 14 | Model: (ResNet18) | Acc: 6.49%
Round 96 | Client 15 | Model: (MobileNetV2) | Acc: 5.03%
Round 96 | Client 16 | Model: (MobileNetV3) | Acc: 49.45%
Round 96 | Client 17 | Model: (LeNet) | Acc: 5.83%
Round 96 | Client 18 | Model: (AlexNet) | Acc: 2.86%
Round 96 | Client 19 | Model: (ShuffleNet) | Acc: 51.78%
Round 96 | Client 20 | Model: (SqueezeNet) | Acc: 5.79%
Round 96 | Client 22 | Model: (MLP) | Acc: 40.53%
Round 96 | Client 23 | Model: (CNN) | Acc: 58.35%
Round 96 | Client 24 | Model: (ResNet8) | Acc: 57.82%
Round 96 | Client 25 | Model: (ResNet18) | Acc: 11.21%
Round 96 | Client 26 | Model: (MobileNetV2) | Acc: 20.46%
Round 96 | Client 27 | Model: (MobileNetV3) | Acc: 51.29%
Round 96 | Client 28 | Model: (LeNet) | Acc: 49.39%
Round 96 | Client 29 | Model: (AlexNet) | Acc: 49.73%
Round 96 | Client 30 | Model: (ShuffleNet) | Acc: 42.32%
Round 96 | Client 31 | Model: (SqueezeNet) | Acc: 24.49%
[Server] Aggregating by Dataset Name ...
[Server] Training Feature-Based Global Generator...
Mixed total 82 batches across all datasets.
[Server] Global Inference Model Acc (MNIST) (Round 96): 86.36% (Tested on 9095 samples)
[Server] Global Inference Model Acc (EMNIST) (Round 96): 69.92% (Tested on 105779 samples)
[Server] Global Inference Model Acc (CIFAR10) (Round 96): 5.85% (Tested on 9100 samples)
[Server] Global Inference Model Acc (Mix) (Round 96): 66.42% (Tested on 123974 samples)
Selected client ids: [0, 1, 2, 3, 4, 5, 6, 7, 8, 9, 10, 11, 12, 13, 14, 15, 16, 17, 18, 19, 20, 21, 22, 23, 24, 25, 26, 27, 28, 29]
--- Round 97 ---
Round 97 | Client 0 | Model: (MLP) | Acc: 11.34%
Round 97 | Client 1 | Model: (CNN) | Acc: 97.45%
Round 97 | Client 2 | Model: (ResNet8) | Acc: 99.43%
Round 97 | Client 3 | Model: (ResNet18) | Acc: 98.53%
Round 97 | Client 4 | Model: (MobileNetV2) | Acc: 97.54%
Round 97 | Client 5 | Model: (MobileNetV3) | Acc: 94.43%
Round 97 | Client 6 | Model: (LeNet) | Acc: 98.36%
Round 97 | Client 7 | Model: (AlexNet) | Acc: 12.63%
Round 97 | Client 8 | Model: (ShuffleNet) | Acc: 91.76%
Round 97 | Client 9 | Model: (SqueezeNet) | Acc: 10.27%
Round 97 | Client 11 | Model: (MLP) | Acc: 5.86%
Round 97 | Client 12 | Model: (CNN) | Acc: 58.69%
Round 97 | Client 13 | Model: (ResNet8) | Acc: 62.50%
Round 97 | Client 14 | Model: (ResNet18) | Acc: 6.49%
Round 97 | Client 15 | Model: (MobileNetV2) | Acc: 5.03%
Round 97 | Client 16 | Model: (MobileNetV3) | Acc: 49.58%
Round 97 | Client 17 | Model: (LeNet) | Acc: 5.83%
Round 97 | Client 18 | Model: (AlexNet) | Acc: 2.86%
Round 97 | Client 19 | Model: (ShuffleNet) | Acc: 50.86%
Round 97 | Client 20 | Model: (SqueezeNet) | Acc: 5.79%
Round 97 | Client 22 | Model: (MLP) | Acc: 39.57%
Round 97 | Client 23 | Model: (CNN) | Acc: 59.45%
Round 97 | Client 24 | Model: (ResNet8) | Acc: 58.14%
Round 97 | Client 25 | Model: (ResNet18) | Acc: 11.21%
Round 97 | Client 26 | Model: (MobileNetV2) | Acc: 19.31%
Round 97 | Client 27 | Model: (MobileNetV3) | Acc: 52.04%
Round 97 | Client 28 | Model: (LeNet) | Acc: 49.39%
Round 97 | Client 29 | Model: (AlexNet) | Acc: 46.70%
Round 97 | Client 30 | Model: (ShuffleNet) | Acc: 38.93%
Round 97 | Client 31 | Model: (SqueezeNet) | Acc: 24.72%
[Server] Aggregating by Dataset Name ...
[Server] Training Feature-Based Global Generator...
Mixed total 82 batches across all datasets.
[Server] Global Inference Model Acc (MNIST) (Round 97): 82.44% (Tested on 9095 samples)
[Server] Global Inference Model Acc (EMNIST) (Round 97): 65.69% (Tested on 105779 samples)
[Server] Global Inference Model Acc (CIFAR10) (Round 97): 10.57% (Tested on 9100 samples)
[Server] Global Inference Model Acc (Mix) (Round 97): 62.88% (Tested on 123974 samples)
Selected client ids: [0, 1, 2, 3, 4, 5, 6, 7, 8, 9, 10, 11, 12, 13, 14, 15, 16, 17, 18, 19, 20, 21, 22, 23, 24, 25, 26, 27, 28, 29]
--- Round 98 ---
Round 98 | Client 0 | Model: (MLP) | Acc: 11.34%
Round 98 | Client 1 | Model: (CNN) | Acc: 96.57%
Round 98 | Client 2 | Model: (ResNet8) | Acc: 99.43%
Round 98 | Client 3 | Model: (ResNet18) | Acc: 98.87%
Round 98 | Client 4 | Model: (MobileNetV2) | Acc: 97.32%
Round 98 | Client 5 | Model: (MobileNetV3) | Acc: 94.98%
Round 98 | Client 6 | Model: (LeNet) | Acc: 98.03%
Round 98 | Client 7 | Model: (AlexNet) | Acc: 12.63%
Round 98 | Client 8 | Model: (ShuffleNet) | Acc: 91.98%
Round 98 | Client 9 | Model: (SqueezeNet) | Acc: 8.74%
Round 98 | Client 11 | Model: (MLP) | Acc: 5.86%
Round 98 | Client 12 | Model: (CNN) | Acc: 58.51%
Round 98 | Client 13 | Model: (ResNet8) | Acc: 62.53%
Round 98 | Client 14 | Model: (ResNet18) | Acc: 6.49%
Round 98 | Client 15 | Model: (MobileNetV2) | Acc: 5.03%
Round 98 | Client 16 | Model: (MobileNetV3) | Acc: 49.77%
Round 98 | Client 17 | Model: (LeNet) | Acc: 5.83%
Round 98 | Client 18 | Model: (AlexNet) | Acc: 2.86%
Round 98 | Client 19 | Model: (ShuffleNet) | Acc: 52.49%
Round 98 | Client 20 | Model: (SqueezeNet) | Acc: 5.79%
Round 98 | Client 22 | Model: (MLP) | Acc: 40.17%
Round 98 | Client 23 | Model: (CNN) | Acc: 55.82%
Round 98 | Client 24 | Model: (ResNet8) | Acc: 57.92%
Round 98 | Client 25 | Model: (ResNet18) | Acc: 11.21%
Round 98 | Client 26 | Model: (MobileNetV2) | Acc: 20.46%
Round 98 | Client 27 | Model: (MobileNetV3) | Acc: 52.04%
Round 98 | Client 28 | Model: (LeNet) | Acc: 48.73%
Round 98 | Client 29 | Model: (AlexNet) | Acc: 49.19%
Round 98 | Client 30 | Model: (ShuffleNet) | Acc: 40.68%
Round 98 | Client 31 | Model: (SqueezeNet) | Acc: 24.27%
[Server] Aggregating by Dataset Name ...
[Server] Training Feature-Based Global Generator...
Mixed total 82 batches across all datasets.
[Server] Global Inference Model Acc (MNIST) (Round 98): 86.17% (Tested on 9095 samples)
[Server] Global Inference Model Acc (EMNIST) (Round 98): 70.25% (Tested on 105779 samples)
[Server] Global Inference Model Acc (CIFAR10) (Round 98): 4.21% (Tested on 9100 samples)
[Server] Global Inference Model Acc (Mix) (Round 98): 66.57% (Tested on 123974 samples)
Selected client ids: [0, 1, 2, 3, 4, 5, 6, 7, 8, 9, 10, 11, 12, 13, 14, 15, 16, 17, 18, 19, 20, 21, 22, 23, 24, 25, 26, 27, 28, 29]
--- Round 99 ---
Round 99 | Client 0 | Model: (MLP) | Acc: 11.34%
Round 99 | Client 1 | Model: (CNN) | Acc: 97.45%
Round 99 | Client 2 | Model: (ResNet8) | Acc: 99.32%
Round 99 | Client 3 | Model: (ResNet18) | Acc: 98.87%
Round 99 | Client 4 | Model: (MobileNetV2) | Acc: 92.51%
Round 99 | Client 5 | Model: (MobileNetV3) | Acc: 94.31%
Round 99 | Client 6 | Model: (LeNet) | Acc: 98.03%
Round 99 | Client 7 | Model: (AlexNet) | Acc: 12.63%
Round 99 | Client 8 | Model: (ShuffleNet) | Acc: 93.88%
Round 99 | Client 9 | Model: (SqueezeNet) | Acc: 10.16%
Round 99 | Client 11 | Model: (MLP) | Acc: 5.86%
Round 99 | Client 12 | Model: (CNN) | Acc: 57.52%
Round 99 | Client 13 | Model: (ResNet8) | Acc: 62.44%
Round 99 | Client 14 | Model: (ResNet18) | Acc: 6.49%
Round 99 | Client 15 | Model: (MobileNetV2) | Acc: 10.21%
Round 99 | Client 16 | Model: (MobileNetV3) | Acc: 47.47%
Round 99 | Client 17 | Model: (LeNet) | Acc: 5.83%
Round 99 | Client 18 | Model: (AlexNet) | Acc: 2.86%
Round 99 | Client 19 | Model: (ShuffleNet) | Acc: 53.74%
Round 99 | Client 20 | Model: (SqueezeNet) | Acc: 5.79%
Round 99 | Client 22 | Model: (MLP) | Acc: 39.45%
Round 99 | Client 23 | Model: (CNN) | Acc: 58.79%
Round 99 | Client 24 | Model: (ResNet8) | Acc: 57.17%
Round 99 | Client 25 | Model: (ResNet18) | Acc: 11.21%
Round 99 | Client 26 | Model: (MobileNetV2) | Acc: 22.04%
Round 99 | Client 27 | Model: (MobileNetV3) | Acc: 51.82%
Round 99 | Client 28 | Model: (LeNet) | Acc: 49.50%
Round 99 | Client 29 | Model: (AlexNet) | Acc: 48.00%
Round 99 | Client 30 | Model: (ShuffleNet) | Acc: 41.56%
Round 99 | Client 31 | Model: (SqueezeNet) | Acc: 25.62%
[Server] Aggregating by Dataset Name ...
[Server] Training Feature-Based Global Generator...
Mixed total 82 batches across all datasets.
[Server] Global Inference Model Acc (MNIST) (Round 99): 87.52% (Tested on 9095 samples)
[Server] Global Inference Model Acc (EMNIST) (Round 99): 70.78% (Tested on 105779 samples)
[Server] Global Inference Model Acc (CIFAR10) (Round 99): 3.59% (Tested on 9100 samples)
[Server] Global Inference Model Acc (Mix) (Round 99): 67.08% (Tested on 123974 samples)
Selected client ids: [0, 1, 2, 3, 4, 5, 6, 7, 8, 9, 10, 11, 12, 13, 14, 15, 16, 17, 18, 19, 20, 21, 22, 23, 24, 25, 26, 27, 28, 29]
--- Round 100 ---
Round 100 | Client 0 | Model: (MLP) | Acc: 11.34%
Round 100 | Client 1 | Model: (CNN) | Acc: 97.56%
Round 100 | Client 2 | Model: (ResNet8) | Acc: 99.43%
Round 100 | Client 3 | Model: (ResNet18) | Acc: 98.87%
Round 100 | Client 4 | Model: (MobileNetV2) | Acc: 97.43%
Round 100 | Client 5 | Model: (MobileNetV3) | Acc: 94.76%
Round 100 | Client 6 | Model: (LeNet) | Acc: 98.36%
Round 100 | Client 7 | Model: (AlexNet) | Acc: 12.63%
Round 100 | Client 8 | Model: (ShuffleNet) | Acc: 93.10%
Round 100 | Client 9 | Model: (SqueezeNet) | Acc: 9.73%
Round 100 | Client 11 | Model: (MLP) | Acc: 5.86%
Round 100 | Client 12 | Model: (CNN) | Acc: 57.37%
Round 100 | Client 13 | Model: (ResNet8) | Acc: 62.26%
Round 100 | Client 14 | Model: (ResNet18) | Acc: 6.49%
Round 100 | Client 15 | Model: (MobileNetV2) | Acc: 5.03%
Round 100 | Client 16 | Model: (MobileNetV3) | Acc: 49.21%
Round 100 | Client 17 | Model: (LeNet) | Acc: 5.83%
Round 100 | Client 18 | Model: (AlexNet) | Acc: 2.86%
Round 100 | Client 19 | Model: (ShuffleNet) | Acc: 53.58%
Round 100 | Client 20 | Model: (SqueezeNet) | Acc: 5.79%
Round 100 | Client 22 | Model: (MLP) | Acc: 34.89%
Round 100 | Client 23 | Model: (CNN) | Acc: 59.67%
Round 100 | Client 24 | Model: (ResNet8) | Acc: 58.35%
Round 100 | Client 25 | Model: (ResNet18) | Acc: 11.21%
Round 100 | Client 26 | Model: (MobileNetV2) | Acc: 21.20%
Round 100 | Client 27 | Model: (MobileNetV3) | Acc: 50.75%
Round 100 | Client 28 | Model: (LeNet) | Acc: 49.28%
Round 100 | Client 29 | Model: (AlexNet) | Acc: 49.30%
Round 100 | Client 30 | Model: (ShuffleNet) | Acc: 41.89%
Round 100 | Client 31 | Model: (SqueezeNet) | Acc: 24.72%
[Server] Aggregating by Dataset Name ...
[Server] Training Feature-Based Global Generator...
Mixed total 82 batches across all datasets.
[Server] Global Inference Model Acc (MNIST) (Round 100): 86.60% (Tested on 9095 samples)
[Server] Global Inference Model Acc (EMNIST) (Round 100): 70.27% (Tested on 105779 samples)
[Server] Global Inference Model Acc (CIFAR10) (Round 100): 3.21% (Tested on 9100 samples)
[Server] Global Inference Model Acc (Mix) (Round 100): 66.54% (Tested on 123974 samples)
Saving UDON Server Checkpoints ...
[Server] All clients saved in logs/2026-05-10_00-13-48/FedTED/clients_last_round_checkpoints/
==============================    Finished. Total Time: 16:11:20    ==============================
